sample_id,split,class_id,action_name,user_id,trial_id,depth_frames,ir_frames,paired_frames,depth_unparsed,ir_unparsed,duplicate_pair_keys,duplicate_timestamps,unreadable_images,complete_pairing,reason
train__c00__user16__1-1-1,train,0,Wash_face,user16,1-1-1,47,47,47,0,0,0,0,0,True,
train__c00__user16__1-1-2,train,0,Wash_face,user16,1-1-2,55,55,55,0,0,0,0,0,True,
train__c00__user16__1-1-3,train,0,Wash_face,user16,1-1-3,22,22,22,0,0,0,0,0,True,
train__c00__user18__7-1-1,train,0,Wash_face,user18,7-1-1,20,20,20,0,0,0,0,0,True,
train__c00__user18__7-1-2,train,0,Wash_face,user18,7-1-2,13,13,13,0,0,0,0,0,True,
train__c00__user18__7-1-3,train,0,Wash_face,user18,7-1-3,3,3,3,0,0,0,0,0,True,
train__c00__user20__4-2-1,train,0,Wash_face,user20,4-2-1,42,42,42,0,0,0,0,0,True,
train__c00__user20__4-2-2,train,0,Wash_face,user20,4-2-2,23,23,23,0,0,0,0,0,True,
train__c00__user20__4-2-3,train,0,Wash_face,user20,4-2-3,34,34,34,0,0,0,0,0,True,
train__c00__user21__1-1-1,train,0,Wash_face,user21,1-1-1,14,14,14,0,0,0,0,0,True,
train__c00__user21__1-1-2,train,0,Wash_face,user21,1-1-2,10,10,10,0,0,0,0,0,True,
train__c00__user21__1-1-3,train,0,Wash_face,user21,1-1-3,5,5,5,0,0,0,0,0,True,
train__c00__user21__4-2-1,train,0,Wash_face,user21,4-2-1,7,7,7,0,0,0,0,0,True,
train__c00__user21__4-2-2,train,0,Wash_face,user21,4-2-2,6,6,6,0,0,0,0,0,True,
train__c00__user21__4-2-3,train,0,Wash_face,user21,4-2-3,9,9,9,0,0,0,0,0,True,
train__c00__user22__1-1-2,train,0,Wash_face,user22,1-1-2,25,25,25,0,0,0,0,0,True,
train__c00__user22__1-1-3,train,0,Wash_face,user22,1-1-3,8,8,8,0,0,0,0,0,True,
train__c00__user22__2-2-1,train,0,Wash_face,user22,2-2-1,17,17,17,0,0,0,0,0,True,
train__c00__user22__2-2-2,train,0,Wash_face,user22,2-2-2,13,13,13,0,0,0,0,0,True,
train__c00__user22__2-2-3,train,0,Wash_face,user22,2-2-3,4,4,4,0,0,0,0,0,True,
train__c00__user5__1-1-1,train,0,Wash_face,user5,1-1-1,40,40,40,0,0,0,0,0,True,
train__c00__user5__1-1-2,train,0,Wash_face,user5,1-1-2,38,38,38,0,0,0,0,0,True,
train__c00__user5__1-1-3,train,0,Wash_face,user5,1-1-3,30,30,30,0,0,0,0,0,True,
train__c00__user6__1-1-1,train,0,Wash_face,user6,1-1-1,47,47,47,0,0,0,0,0,True,
train__c00__user6__1-1-2,train,0,Wash_face,user6,1-1-2,45,45,45,0,0,0,0,0,True,
train__c00__user6__1-1-3,train,0,Wash_face,user6,1-1-3,34,34,34,0,0,0,0,0,True,
train__c00__user8__1-1-1,train,0,Wash_face,user8,1-1-1,26,26,26,0,0,0,0,0,True,
train__c00__user8__1-1-2,train,0,Wash_face,user8,1-1-2,24,24,24,0,0,0,0,0,True,
train__c00__user8__1-1-3,train,0,Wash_face,user8,1-1-3,18,18,18,0,0,0,0,0,True,
train__c00__user8__7-1-1,train,0,Wash_face,user8,7-1-1,25,25,25,0,0,0,0,0,True,
train__c00__user8__7-1-2,train,0,Wash_face,user8,7-1-2,28,28,28,0,0,0,0,0,True,
train__c00__user8__7-1-3,train,0,Wash_face,user8,7-1-3,18,18,18,0,0,0,0,0,True,
train__c01__user16__1-1-1,train,1,Brush_teeth,user16,1-1-1,32,32,32,0,0,0,0,0,True,
train__c01__user16__1-1-2,train,1,Brush_teeth,user16,1-1-2,58,58,58,0,0,0,0,0,True,
train__c01__user16__1-1-3,train,1,Brush_teeth,user16,1-1-3,19,19,19,0,0,0,0,0,True,
train__c01__user18__1-1-1,train,1,Brush_teeth,user18,1-1-1,41,41,41,0,0,0,0,0,True,
train__c01__user18__1-1-2,train,1,Brush_teeth,user18,1-1-2,35,35,35,0,0,0,0,0,True,
train__c01__user18__1-1-3,train,1,Brush_teeth,user18,1-1-3,31,31,31,0,0,0,0,0,True,
train__c01__user18__7-1-1,train,1,Brush_teeth,user18,7-1-1,23,23,23,0,0,0,0,0,True,
train__c01__user18__7-1-2,train,1,Brush_teeth,user18,7-1-2,13,13,13,0,0,0,0,0,True,
train__c01__user18__7-1-3,train,1,Brush_teeth,user18,7-1-3,5,5,5,0,0,0,0,0,True,
train__c01__user19__1-1-1,train,1,Brush_teeth,user19,1-1-1,18,18,18,0,0,0,0,0,True,
train__c01__user19__1-1-2,train,1,Brush_teeth,user19,1-1-2,7,7,7,0,0,0,0,0,True,
train__c01__user19__1-1-3,train,1,Brush_teeth,user19,1-1-3,14,14,14,0,0,0,0,0,True,
train__c01__user20__4-2-1,train,1,Brush_teeth,user20,4-2-1,22,22,22,0,0,0,0,0,True,
train__c01__user20__4-2-2,train,1,Brush_teeth,user20,4-2-2,12,12,12,0,0,0,0,0,True,
train__c01__user20__4-2-3,train,1,Brush_teeth,user20,4-2-3,20,20,20,0,0,0,0,0,True,
train__c01__user21__4-2-1,train,1,Brush_teeth,user21,4-2-1,15,15,15,0,0,0,0,0,True,
train__c01__user21__4-2-2,train,1,Brush_teeth,user21,4-2-2,11,11,11,0,0,0,0,0,True,
train__c01__user21__4-2-3,train,1,Brush_teeth,user21,4-2-3,10,10,10,0,0,0,0,0,True,
train__c01__user22__1-1-2,train,1,Brush_teeth,user22,1-1-2,16,16,16,0,0,0,0,0,True,
train__c01__user22__1-1-3,train,1,Brush_teeth,user22,1-1-3,8,8,8,0,0,0,0,0,True,
train__c01__user22__2-2-1,train,1,Brush_teeth,user22,2-2-1,18,18,18,0,0,0,0,0,True,
train__c01__user22__2-2-2,train,1,Brush_teeth,user22,2-2-2,10,10,10,0,0,0,0,0,True,
train__c01__user22__2-2-3,train,1,Brush_teeth,user22,2-2-3,7,7,7,0,0,0,0,0,True,
train__c01__user6__1-1-1,train,1,Brush_teeth,user6,1-1-1,72,72,72,0,0,0,0,0,True,
train__c01__user6__1-1-2,train,1,Brush_teeth,user6,1-1-2,76,76,76,0,0,0,0,0,True,
train__c01__user6__1-1-3,train,1,Brush_teeth,user6,1-1-3,28,28,28,0,0,0,0,0,True,
train__c01__user7__1-1-1,train,1,Brush_teeth,user7,1-1-1,36,36,36,0,0,0,0,0,True,
train__c01__user7__1-1-2,train,1,Brush_teeth,user7,1-1-2,18,18,18,0,0,0,0,0,True,
train__c01__user7__1-1-3,train,1,Brush_teeth,user7,1-1-3,21,21,21,0,0,0,0,0,True,
train__c01__user8__1-1-1,train,1,Brush_teeth,user8,1-1-1,26,26,26,0,0,0,0,0,True,
train__c01__user8__1-1-2,train,1,Brush_teeth,user8,1-1-2,46,46,46,0,0,0,0,0,True,
train__c01__user8__1-1-3,train,1,Brush_teeth,user8,1-1-3,40,40,40,0,0,0,0,0,True,
train__c01__user8__7-1-1,train,1,Brush_teeth,user8,7-1-1,13,13,13,0,0,0,0,0,True,
train__c01__user8__7-1-2,train,1,Brush_teeth,user8,7-1-2,16,16,16,0,0,0,0,0,True,
train__c01__user8__7-1-3,train,1,Brush_teeth,user8,7-1-3,12,12,12,0,0,0,0,0,True,
train__c01__user9__1-1-1,train,1,Brush_teeth,user9,1-1-1,25,25,25,0,0,0,0,0,True,
train__c02__user16__2-2-1,train,2,Comb_hair,user16,2-2-1,32,32,32,0,0,0,0,0,True,
train__c02__user16__2-2-2,train,2,Comb_hair,user16,2-2-2,45,45,45,0,0,0,0,0,True,
train__c02__user16__2-2-3,train,2,Comb_hair,user16,2-2-3,17,17,17,0,0,0,0,0,True,
train__c02__user18__7-1-1,train,2,Comb_hair,user18,7-1-1,24,24,24,0,0,0,0,0,True,
train__c02__user18__7-1-2,train,2,Comb_hair,user18,7-1-2,13,13,13,0,0,0,0,0,True,
train__c02__user18__7-1-3,train,2,Comb_hair,user18,7-1-3,6,6,6,0,0,0,0,0,True,
train__c02__user19__1-1-1,train,2,Comb_hair,user19,1-1-1,11,11,11,0,0,0,0,0,True,
train__c02__user19__1-1-2,train,2,Comb_hair,user19,1-1-2,10,10,10,0,0,0,0,0,True,
train__c02__user19__1-1-3,train,2,Comb_hair,user19,1-1-3,13,13,13,0,0,0,0,0,True,
train__c02__user1__1-1-1,train,2,Comb_hair,user1,1-1-1,56,56,56,0,0,0,0,0,True,
train__c02__user1__1-1-2,train,2,Comb_hair,user1,1-1-2,53,53,53,0,0,0,0,0,True,
train__c02__user1__1-1-3,train,2,Comb_hair,user1,1-1-3,16,16,16,0,0,0,0,0,True,
train__c02__user20__1-1-1,train,2,Comb_hair,user20,1-1-1,25,25,25,0,0,0,0,0,True,
train__c02__user20__1-1-2,train,2,Comb_hair,user20,1-1-2,20,20,20,0,0,0,0,0,True,
train__c02__user20__1-1-3,train,2,Comb_hair,user20,1-1-3,25,25,25,0,0,0,0,0,True,
train__c02__user20__4-2-1,train,2,Comb_hair,user20,4-2-1,13,13,13,0,0,0,0,0,True,
train__c02__user20__4-2-2,train,2,Comb_hair,user20,4-2-2,16,16,16,0,0,0,0,0,True,
train__c02__user20__4-2-3,train,2,Comb_hair,user20,4-2-3,18,18,18,0,0,0,0,0,True,
train__c02__user21__4-2-1,train,2,Comb_hair,user21,4-2-1,16,16,16,0,0,0,0,0,True,
train__c02__user21__4-2-2,train,2,Comb_hair,user21,4-2-2,11,11,11,0,0,0,0,0,True,
train__c02__user21__4-2-3,train,2,Comb_hair,user21,4-2-3,7,7,7,0,0,0,0,0,True,
train__c02__user22__1-2-1,train,2,Comb_hair,user22,1-2-1,17,17,17,0,0,0,0,0,True,
train__c02__user22__1-2-2,train,2,Comb_hair,user22,1-2-2,6,6,6,0,0,0,0,0,True,
train__c02__user22__1-2-3,train,2,Comb_hair,user22,1-2-3,7,7,7,0,0,0,0,0,True,
train__c02__user22__2-2-1,train,2,Comb_hair,user22,2-2-1,13,13,13,0,0,0,0,0,True,
train__c02__user22__2-2-2,train,2,Comb_hair,user22,2-2-2,17,17,17,0,0,0,0,0,True,
train__c02__user22__2-2-3,train,2,Comb_hair,user22,2-2-3,8,8,8,0,0,0,0,0,True,
train__c02__user3__1-2-1,train,2,Comb_hair,user3,1-2-1,12,12,12,0,0,0,0,0,True,
train__c02__user3__1-2-3,train,2,Comb_hair,user3,1-2-3,5,5,5,0,0,0,0,0,True,
train__c02__user5__1-1-1,train,2,Comb_hair,user5,1-1-1,66,66,66,0,0,0,0,0,True,
train__c02__user5__1-1-2,train,2,Comb_hair,user5,1-1-2,79,79,79,0,0,0,0,0,True,
train__c02__user5__1-1-3,train,2,Comb_hair,user5,1-1-3,24,24,24,0,0,0,0,0,True,
train__c02__user5__7-1-1,train,2,Comb_hair,user5,7-1-1,70,70,70,0,0,0,0,0,True,
train__c02__user5__7-1-2,train,2,Comb_hair,user5,7-1-2,62,62,62,0,0,0,0,0,True,
train__c02__user5__7-1-3,train,2,Comb_hair,user5,7-1-3,59,59,59,0,0,0,0,0,True,
train__c02__user6__2-2-1,train,2,Comb_hair,user6,2-2-1,24,24,24,0,0,0,0,0,True,
train__c02__user6__2-2-2,train,2,Comb_hair,user6,2-2-2,37,37,37,0,0,0,0,0,True,
train__c02__user7__1-1-1,train,2,Comb_hair,user7,1-1-1,36,36,36,0,0,0,0,0,True,
train__c02__user7__1-1-2,train,2,Comb_hair,user7,1-1-2,14,14,14,0,0,0,0,0,True,
train__c02__user7__1-1-3,train,2,Comb_hair,user7,1-1-3,33,33,33,0,0,0,0,0,True,
train__c02__user8__7-1-2,train,2,Comb_hair,user8,7-1-2,8,8,8,0,0,0,0,0,True,
train__c02__user8__7-1-3,train,2,Comb_hair,user8,7-1-3,6,6,6,0,0,0,0,0,True,
train__c02__user9__1-1-1,train,2,Comb_hair,user9,1-1-1,19,19,19,0,0,0,0,0,True,
train__c02__user9__1-1-2,train,2,Comb_hair,user9,1-1-2,13,13,13,0,0,0,0,0,True,
train__c02__user9__1-1-3,train,2,Comb_hair,user9,1-1-3,10,10,10,0,0,0,0,0,True,
train__c03__user18__6-1-1,train,3,Take_off_clothes,user18,6-1-1,35,35,35,0,0,0,0,0,True,
train__c03__user18__6-1-2,train,3,Take_off_clothes,user18,6-1-2,11,11,11,0,0,0,0,0,True,
train__c03__user18__6-1-3,train,3,Take_off_clothes,user18,6-1-3,22,22,22,0,0,0,0,0,True,
train__c03__user18__7-1-1,train,3,Take_off_clothes,user18,7-1-1,16,16,16,0,0,0,0,0,True,
train__c03__user18__7-1-2,train,3,Take_off_clothes,user18,7-1-2,10,10,10,0,0,0,0,0,True,
train__c03__user18__7-1-3,train,3,Take_off_clothes,user18,7-1-3,11,11,11,0,0,0,0,0,True,
train__c03__user19__3-1-1,train,3,Take_off_clothes,user19,3-1-1,49,49,49,0,0,0,0,0,True,
train__c03__user19__3-1-2,train,3,Take_off_clothes,user19,3-1-2,35,35,35,0,0,0,0,0,True,
train__c03__user19__3-1-3,train,3,Take_off_clothes,user19,3-1-3,20,20,20,0,0,0,0,0,True,
train__c03__user22__6-1-1,train,3,Take_off_clothes,user22,6-1-1,32,32,32,0,0,0,0,0,True,
train__c03__user22__6-1-2,train,3,Take_off_clothes,user22,6-1-2,27,27,27,0,0,0,0,0,True,
train__c03__user22__6-1-3,train,3,Take_off_clothes,user22,6-1-3,18,18,18,0,0,0,0,0,True,
train__c03__user22__7-2-1,train,3,Take_off_clothes,user22,7-2-1,50,50,50,0,0,0,0,0,True,
train__c03__user22__7-2-2,train,3,Take_off_clothes,user22,7-2-2,37,37,37,0,0,0,0,0,True,
train__c03__user22__7-2-3,train,3,Take_off_clothes,user22,7-2-3,11,11,11,0,0,0,0,0,True,
train__c03__user7__5-1-1,train,3,Take_off_clothes,user7,5-1-1,68,68,68,0,0,0,0,0,True,
train__c03__user7__5-1-2,train,3,Take_off_clothes,user7,5-1-2,76,76,76,0,0,0,0,0,True,
train__c03__user7__5-1-3,train,3,Take_off_clothes,user7,5-1-3,40,40,40,0,0,0,0,0,True,
train__c03__user7__6-1-1,train,3,Take_off_clothes,user7,6-1-1,18,18,18,0,0,0,0,0,True,
train__c03__user7__6-1-2,train,3,Take_off_clothes,user7,6-1-2,20,20,20,0,0,0,0,0,True,
train__c03__user7__6-1-3,train,3,Take_off_clothes,user7,6-1-3,18,18,18,0,0,0,0,0,True,
train__c03__user8__6-1-1,train,3,Take_off_clothes,user8,6-1-1,35,35,35,0,0,0,0,0,True,
train__c03__user8__6-1-2,train,3,Take_off_clothes,user8,6-1-2,25,25,25,0,0,0,0,0,True,
train__c03__user8__6-1-3,train,3,Take_off_clothes,user8,6-1-3,34,34,34,0,0,0,0,0,True,
train__c03__user8__7-1-1,train,3,Take_off_clothes,user8,7-1-1,37,37,37,0,0,0,0,0,True,
train__c03__user8__7-1-2,train,3,Take_off_clothes,user8,7-1-2,21,21,21,0,0,0,0,0,True,
train__c03__user8__7-1-3,train,3,Take_off_clothes,user8,7-1-3,11,11,11,0,0,0,0,0,True,
train__c03__user9__3-1-1,train,3,Take_off_clothes,user9,3-1-1,69,69,69,0,0,0,0,0,True,
train__c03__user9__3-1-2,train,3,Take_off_clothes,user9,3-1-2,59,59,59,0,0,0,0,0,True,
train__c03__user9__3-1-3,train,3,Take_off_clothes,user9,3-1-3,28,28,28,0,0,0,0,0,True,
train__c04__user16__2-2-1,train,4,Wipe_hands,user16,2-2-1,34,34,34,0,0,0,0,0,True,
train__c04__user16__2-2-2,train,4,Wipe_hands,user16,2-2-2,31,31,31,0,0,0,0,0,True,
train__c04__user16__2-2-3,train,4,Wipe_hands,user16,2-2-3,24,24,24,0,0,0,0,0,True,
train__c04__user18__1-1-1,train,4,Wipe_hands,user18,1-1-1,40,40,40,0,0,0,0,0,True,
train__c04__user18__1-1-2,train,4,Wipe_hands,user18,1-1-2,25,25,25,0,0,0,0,0,True,
train__c04__user18__1-1-3,train,4,Wipe_hands,user18,1-1-3,24,24,24,0,0,0,0,0,True,
train__c04__user18__7-1-1,train,4,Wipe_hands,user18,7-1-1,20,20,20,0,0,0,0,0,True,
train__c04__user18__7-1-2,train,4,Wipe_hands,user18,7-1-2,13,13,13,0,0,0,0,0,True,
train__c04__user18__7-1-3,train,4,Wipe_hands,user18,7-1-3,5,5,5,0,0,0,0,0,True,
train__c04__user19__1-1-1,train,4,Wipe_hands,user19,1-1-1,21,21,21,0,0,0,0,0,True,
train__c04__user19__1-1-2,train,4,Wipe_hands,user19,1-1-2,18,18,18,0,0,0,0,0,True,
train__c04__user19__1-1-3,train,4,Wipe_hands,user19,1-1-3,20,20,20,0,0,0,0,0,True,
train__c04__user19__5-2-1,train,4,Wipe_hands,user19,5-2-1,35,35,35,0,0,0,0,0,True,
train__c04__user19__5-2-2,train,4,Wipe_hands,user19,5-2-2,30,30,30,0,0,0,0,0,True,
train__c04__user19__5-2-3,train,4,Wipe_hands,user19,5-2-3,23,23,23,0,0,0,0,0,True,
train__c04__user1__1-1-1,train,4,Wipe_hands,user1,1-1-1,46,46,46,0,0,0,0,0,True,
train__c04__user20__6-2-1,train,4,Wipe_hands,user20,6-2-1,31,31,31,0,0,0,0,0,True,
train__c04__user20__6-2-2,train,4,Wipe_hands,user20,6-2-2,18,18,18,0,0,0,0,0,True,
train__c04__user20__6-2-3,train,4,Wipe_hands,user20,6-2-3,39,39,39,0,0,0,0,0,True,
train__c04__user21__1-1-1,train,4,Wipe_hands,user21,1-1-1,27,27,27,0,0,0,0,0,True,
train__c04__user21__1-1-2,train,4,Wipe_hands,user21,1-1-2,29,29,29,0,0,0,0,0,True,
train__c04__user21__1-1-3,train,4,Wipe_hands,user21,1-1-3,13,13,13,0,0,0,0,0,True,
train__c04__user21__7-2-1,train,4,Wipe_hands,user21,7-2-1,23,23,23,0,0,0,0,0,True,
train__c04__user21__7-2-2,train,4,Wipe_hands,user21,7-2-2,13,13,13,0,0,0,0,0,True,
train__c04__user21__7-2-3,train,4,Wipe_hands,user21,7-2-3,24,24,24,0,0,0,0,0,True,
train__c04__user22__1-1-2,train,4,Wipe_hands,user22,1-1-2,16,16,16,0,0,0,0,0,True,
train__c04__user22__1-1-3,train,4,Wipe_hands,user22,1-1-3,9,9,9,0,0,0,0,0,True,
train__c04__user22__6-2-1,train,4,Wipe_hands,user22,6-2-1,29,29,29,0,0,0,0,0,True,
train__c04__user22__6-2-2,train,4,Wipe_hands,user22,6-2-2,24,24,24,0,0,0,0,0,True,
train__c04__user22__6-2-3,train,4,Wipe_hands,user22,6-2-3,6,6,6,0,0,0,0,0,True,
train__c04__user2__2-2-1,train,4,Wipe_hands,user2,2-2-1,34,34,34,0,0,0,0,0,True,
train__c04__user2__2-2-2,train,4,Wipe_hands,user2,2-2-2,37,37,37,0,0,0,0,0,True,
train__c04__user2__2-2-3,train,4,Wipe_hands,user2,2-2-3,8,8,8,0,0,0,0,0,True,
train__c04__user2__7-3-3,train,4,Wipe_hands,user2,7-3-3,29,29,29,0,0,0,0,0,True,
train__c04__user6__2-2-1,train,4,Wipe_hands,user6,2-2-1,20,20,20,0,0,0,0,0,True,
train__c04__user6__2-2-2,train,4,Wipe_hands,user6,2-2-2,24,24,24,0,0,0,0,0,True,
train__c04__user6__2-2-3,train,4,Wipe_hands,user6,2-2-3,11,11,11,0,0,0,0,0,True,
train__c04__user7__1-1-1,train,4,Wipe_hands,user7,1-1-1,23,23,23,0,0,0,0,0,True,
train__c04__user7__1-1-2,train,4,Wipe_hands,user7,1-1-2,10,10,10,0,0,0,0,0,True,
train__c04__user7__1-1-3,train,4,Wipe_hands,user7,1-1-3,14,14,14,0,0,0,0,0,True,
train__c04__user7__7-2-1,train,4,Wipe_hands,user7,7-2-1,29,29,29,0,0,0,0,0,True,
train__c04__user7__7-2-2,train,4,Wipe_hands,user7,7-2-2,19,19,19,0,0,0,0,0,True,
train__c04__user7__7-2-3,train,4,Wipe_hands,user7,7-2-3,8,8,8,0,0,0,0,0,True,
train__c04__user8__1-1-1,train,4,Wipe_hands,user8,1-1-1,29,29,29,0,0,0,0,0,True,
train__c04__user8__1-1-2,train,4,Wipe_hands,user8,1-1-2,25,25,25,0,0,0,0,0,True,
train__c04__user8__1-1-3,train,4,Wipe_hands,user8,1-1-3,21,21,21,0,0,0,0,0,True,
train__c04__user8__7-1-1,train,4,Wipe_hands,user8,7-1-1,26,26,26,0,0,0,0,0,True,
train__c04__user8__7-1-2,train,4,Wipe_hands,user8,7-1-2,30,30,30,0,0,0,0,0,True,
train__c04__user8__7-1-3,train,4,Wipe_hands,user8,7-1-3,18,18,18,0,0,0,0,0,True,
train__c04__user9__1-1-1,train,4,Wipe_hands,user9,1-1-1,13,13,13,0,0,0,0,0,True,
train__c04__user9__1-1-2,train,4,Wipe_hands,user9,1-1-2,11,11,11,0,0,0,0,0,True,
train__c04__user9__1-1-3,train,4,Wipe_hands,user9,1-1-3,16,16,16,0,0,0,0,0,True,
train__c04__user9__5-2-1,train,4,Wipe_hands,user9,5-2-1,29,29,29,0,0,0,0,0,True,
train__c04__user9__5-2-2,train,4,Wipe_hands,user9,5-2-2,21,21,21,0,0,0,0,0,True,
train__c04__user9__5-2-3,train,4,Wipe_hands,user9,5-2-3,19,19,19,0,0,0,0,0,True,
train__c05__user18__6-1-1,train,5,Put_on_clothes,user18,6-1-1,43,43,43,0,0,0,0,0,True,
train__c05__user18__6-1-2,train,5,Put_on_clothes,user18,6-1-2,47,47,47,0,0,0,0,0,True,
train__c05__user18__6-1-3,train,5,Put_on_clothes,user18,6-1-3,39,39,39,0,0,0,0,0,True,
train__c05__user18__7-1-1,train,5,Put_on_clothes,user18,7-1-1,56,56,56,0,0,0,0,0,True,
train__c05__user18__7-1-2,train,5,Put_on_clothes,user18,7-1-2,39,39,39,0,0,0,0,0,True,
train__c05__user18__7-1-3,train,5,Put_on_clothes,user18,7-1-3,42,42,42,0,0,0,0,0,True,
train__c05__user19__1-1-1,train,5,Put_on_clothes,user19,1-1-1,117,117,117,0,0,0,0,0,True,
train__c05__user19__1-1-2,train,5,Put_on_clothes,user19,1-1-2,88,88,88,0,0,0,0,0,True,
train__c05__user19__1-1-3,train,5,Put_on_clothes,user19,1-1-3,59,59,59,0,0,0,0,0,True,
train__c05__user1__1-1-1,train,5,Put_on_clothes,user1,1-1-1,125,125,125,0,0,0,0,0,True,
train__c05__user1__1-1-2,train,5,Put_on_clothes,user1,1-1-2,53,53,53,0,0,0,0,0,True,
train__c05__user1__1-1-3,train,5,Put_on_clothes,user1,1-1-3,39,39,39,0,0,0,0,0,True,
train__c05__user21__6-1-1,train,5,Put_on_clothes,user21,6-1-1,85,85,85,0,0,0,0,0,True,
train__c05__user21__6-1-2,train,5,Put_on_clothes,user21,6-1-2,121,121,121,0,0,0,0,0,True,
train__c05__user21__6-1-3,train,5,Put_on_clothes,user21,6-1-3,44,44,44,0,0,0,0,0,True,
train__c05__user22__2-2-1,train,5,Put_on_clothes,user22,2-2-1,74,74,74,0,0,0,0,0,True,
train__c05__user22__2-2-2,train,5,Put_on_clothes,user22,2-2-2,114,114,114,0,0,0,0,0,True,
train__c05__user22__2-2-3,train,5,Put_on_clothes,user22,2-2-3,41,41,41,0,0,0,0,0,True,
train__c05__user22__6-1-1,train,5,Put_on_clothes,user22,6-1-1,52,52,52,0,0,0,0,0,True,
train__c05__user22__6-1-2,train,5,Put_on_clothes,user22,6-1-2,46,46,46,0,0,0,0,0,True,
train__c05__user22__6-1-3,train,5,Put_on_clothes,user22,6-1-3,56,56,56,0,0,0,0,0,True,
train__c05__user22__7-2-1,train,5,Put_on_clothes,user22,7-2-1,81,81,81,0,0,0,0,0,True,
train__c05__user22__7-2-2,train,5,Put_on_clothes,user22,7-2-2,62,62,62,0,0,0,0,0,True,
train__c05__user22__7-2-3,train,5,Put_on_clothes,user22,7-2-3,26,26,26,0,0,0,0,0,True,
train__c05__user3__1-1-1,train,5,Put_on_clothes,user3,1-1-1,0,0,0,73,73,0,0,0,False,depth_unparsed=73; ir_unparsed=73
train__c05__user3__1-1-2,train,5,Put_on_clothes,user3,1-1-2,0,0,0,44,44,0,0,0,False,depth_unparsed=44; ir_unparsed=44
train__c05__user3__1-1-3,train,5,Put_on_clothes,user3,1-1-3,0,0,0,34,34,0,0,0,False,depth_unparsed=34; ir_unparsed=34
train__c05__user7__1-1-1,train,5,Put_on_clothes,user7,1-1-1,67,67,67,0,0,0,0,0,True,
train__c05__user7__1-1-2,train,5,Put_on_clothes,user7,1-1-2,69,69,69,0,0,0,0,0,True,
train__c05__user7__1-1-3,train,5,Put_on_clothes,user7,1-1-3,72,72,72,0,0,0,0,0,True,
train__c05__user7__6-1-1,train,5,Put_on_clothes,user7,6-1-1,35,35,35,0,0,0,0,0,True,
train__c05__user7__6-1-2,train,5,Put_on_clothes,user7,6-1-2,71,71,71,0,0,0,0,0,True,
train__c05__user7__6-1-3,train,5,Put_on_clothes,user7,6-1-3,33,33,33,0,0,0,0,0,True,
train__c05__user8__6-1-1,train,5,Put_on_clothes,user8,6-1-1,145,145,145,0,0,0,0,0,True,
train__c05__user8__6-1-2,train,5,Put_on_clothes,user8,6-1-2,93,93,93,0,0,0,0,0,True,
train__c05__user8__6-1-3,train,5,Put_on_clothes,user8,6-1-3,41,41,41,0,0,0,0,0,True,
train__c05__user8__7-1-1,train,5,Put_on_clothes,user8,7-1-1,71,71,71,0,0,0,0,0,True,
train__c05__user8__7-1-2,train,5,Put_on_clothes,user8,7-1-2,65,65,65,0,0,0,0,0,True,
train__c05__user8__7-1-3,train,5,Put_on_clothes,user8,7-1-3,16,16,16,0,0,0,0,0,True,
train__c05__user9__1-1-1,train,5,Put_on_clothes,user9,1-1-1,61,61,61,0,0,0,0,0,True,
train__c05__user9__1-1-2,train,5,Put_on_clothes,user9,1-1-2,36,36,36,0,0,0,0,0,True,
train__c05__user9__1-1-3,train,5,Put_on_clothes,user9,1-1-3,43,43,43,0,0,0,0,0,True,
train__c06__user16__1-2-1,train,6,Drink_water,user16,1-2-1,25,25,25,0,0,0,0,0,True,
train__c06__user16__1-2-2,train,6,Drink_water,user16,1-2-2,29,29,29,0,0,0,0,0,True,
train__c06__user16__1-2-3,train,6,Drink_water,user16,1-2-3,20,20,20,0,0,0,0,0,True,
train__c06__user16__3-2-1,train,6,Drink_water,user16,3-2-1,31,31,31,0,0,0,0,0,True,
train__c06__user16__3-2-2,train,6,Drink_water,user16,3-2-2,25,25,25,0,0,0,0,0,True,
train__c06__user16__3-2-3,train,6,Drink_water,user16,3-2-3,13,13,13,0,0,0,0,0,True,
train__c06__user16__5-3-1,train,6,Drink_water,user16,5-3-1,138,138,138,0,0,0,0,0,True,
train__c06__user16__5-3-2,train,6,Drink_water,user16,5-3-2,78,78,78,0,0,0,0,0,True,
train__c06__user16__5-3-3,train,6,Drink_water,user16,5-3-3,32,32,32,0,0,0,0,0,True,
train__c06__user16__6-2-1,train,6,Drink_water,user16,6-2-1,16,16,16,0,0,0,0,0,True,
train__c06__user16__6-2-2,train,6,Drink_water,user16,6-2-2,13,13,13,0,0,0,0,0,True,
train__c06__user16__6-2-3,train,6,Drink_water,user16,6-2-3,19,19,19,0,0,0,0,0,True,
train__c06__user18__6-2-1,train,6,Drink_water,user18,6-2-1,9,9,9,0,0,0,0,0,True,
train__c06__user18__6-2-3,train,6,Drink_water,user18,6-2-3,5,5,5,0,0,0,0,0,True,
train__c06__user19__3-2-1,train,6,Drink_water,user19,3-2-1,13,13,13,0,0,0,0,0,True,
train__c06__user19__3-2-2,train,6,Drink_water,user19,3-2-2,11,11,11,0,0,0,0,0,True,
train__c06__user19__3-2-3,train,6,Drink_water,user19,3-2-3,17,17,17,0,0,0,0,0,True,
train__c06__user19__7-2-1,train,6,Drink_water,user19,7-2-1,16,16,16,0,0,0,0,0,True,
train__c06__user19__7-2-2,train,6,Drink_water,user19,7-2-2,20,20,20,0,0,0,0,0,True,
train__c06__user19__7-2-3,train,6,Drink_water,user19,7-2-3,20,20,20,0,0,0,0,0,True,
train__c06__user1__4-1-1,train,6,Drink_water,user1,4-1-1,61,61,61,0,0,0,0,0,True,
train__c06__user1__4-1-2,train,6,Drink_water,user1,4-1-2,47,47,47,0,0,0,0,0,True,
train__c06__user1__4-1-3,train,6,Drink_water,user1,4-1-3,22,22,22,0,0,0,0,0,True,
train__c06__user1__5-1-1,train,6,Drink_water,user1,5-1-1,34,34,34,0,0,0,0,0,True,
train__c06__user1__5-1-2,train,6,Drink_water,user1,5-1-2,29,29,29,0,0,0,0,0,True,
train__c06__user1__5-1-3,train,6,Drink_water,user1,5-1-3,15,15,15,0,0,0,0,0,True,
train__c06__user20__2-1-1,train,6,Drink_water,user20,2-1-1,21,21,21,0,0,0,0,0,True,
train__c06__user20__2-1-2,train,6,Drink_water,user20,2-1-2,30,30,30,0,0,0,0,0,True,
train__c06__user20__2-1-3,train,6,Drink_water,user20,2-1-3,10,10,10,0,0,0,0,0,True,
train__c06__user20__4-1-1,train,6,Drink_water,user20,4-1-1,30,30,30,0,0,0,0,0,True,
train__c06__user20__4-1-2,train,6,Drink_water,user20,4-1-2,10,10,10,0,0,0,0,0,True,
train__c06__user20__4-1-3,train,6,Drink_water,user20,4-1-3,15,15,15,0,0,0,0,0,True,
train__c06__user21__6-2-1,train,6,Drink_water,user21,6-2-1,26,26,26,0,0,0,0,0,True,
train__c06__user21__6-2-2,train,6,Drink_water,user21,6-2-2,28,28,28,0,0,0,0,0,True,
train__c06__user21__6-2-3,train,6,Drink_water,user21,6-2-3,10,10,10,0,0,0,0,0,True,
train__c06__user21__7-1-1,train,6,Drink_water,user21,7-1-1,16,16,16,0,0,0,0,0,True,
train__c06__user21__7-1-2,train,6,Drink_water,user21,7-1-2,11,11,11,0,0,0,0,0,True,
train__c06__user21__7-1-3,train,6,Drink_water,user21,7-1-3,19,19,19,0,0,0,0,0,True,
train__c06__user22__2-1-1,train,6,Drink_water,user22,2-1-1,32,32,32,0,0,0,0,0,True,
train__c06__user22__2-1-2,train,6,Drink_water,user22,2-1-2,20,20,20,0,0,0,0,0,True,
train__c06__user22__2-1-3,train,6,Drink_water,user22,2-1-3,12,12,12,0,0,0,0,0,True,
train__c06__user22__4-3-1,train,6,Drink_water,user22,4-3-1,16,16,16,0,0,0,0,0,True,
train__c06__user22__4-3-2,train,6,Drink_water,user22,4-3-2,14,14,14,0,0,0,0,0,True,
train__c06__user22__4-3-3,train,6,Drink_water,user22,4-3-3,24,24,24,0,0,0,0,0,True,
train__c06__user22__6-2-1,train,6,Drink_water,user22,6-2-1,23,23,23,0,0,0,0,0,True,
train__c06__user22__6-2-2,train,6,Drink_water,user22,6-2-2,15,15,15,0,0,0,0,0,True,
train__c06__user22__6-2-3,train,6,Drink_water,user22,6-2-3,14,14,14,0,0,0,0,0,True,
train__c06__user2__1-2-1,train,6,Drink_water,user2,1-2-1,30,30,30,0,0,0,0,0,True,
train__c06__user2__1-2-2,train,6,Drink_water,user2,1-2-2,24,24,24,0,0,0,0,0,True,
train__c06__user2__1-2-3,train,6,Drink_water,user2,1-2-3,18,18,18,0,0,0,0,0,True,
train__c06__user2__2-1-1,train,6,Drink_water,user2,2-1-1,15,15,15,0,0,0,0,0,True,
train__c06__user2__2-1-2,train,6,Drink_water,user2,2-1-2,19,19,19,0,0,0,0,0,True,
train__c06__user2__2-1-3,train,6,Drink_water,user2,2-1-3,19,19,19,0,0,0,0,0,True,
train__c06__user2__2-2-1,train,6,Drink_water,user2,2-2-1,40,40,40,0,0,0,0,0,True,
train__c06__user2__2-2-2,train,6,Drink_water,user2,2-2-2,24,24,24,0,0,0,0,0,True,
train__c06__user2__2-2-3,train,6,Drink_water,user2,2-2-3,16,16,16,0,0,0,0,0,True,
train__c06__user2__4-2-1,train,6,Drink_water,user2,4-2-1,14,14,14,0,0,0,0,0,True,
train__c06__user2__4-2-2,train,6,Drink_water,user2,4-2-2,9,9,9,0,0,0,0,0,True,
train__c06__user2__4-2-3,train,6,Drink_water,user2,4-2-3,10,10,10,0,0,0,0,0,True,
train__c06__user3__1-2-1,train,6,Drink_water,user3,1-2-1,20,20,20,0,0,0,0,0,True,
train__c06__user3__1-2-2,train,6,Drink_water,user3,1-2-2,20,20,20,0,0,0,0,0,True,
train__c06__user3__1-2-3,train,6,Drink_water,user3,1-2-3,8,8,8,0,0,0,0,0,True,
train__c06__user3__4-1-1,train,6,Drink_water,user3,4-1-1,22,22,22,0,0,0,0,0,True,
train__c06__user3__4-1-2,train,6,Drink_water,user3,4-1-2,34,34,34,0,0,0,0,0,True,
train__c06__user3__4-1-3,train,6,Drink_water,user3,4-1-3,13,13,13,0,0,0,0,0,True,
train__c06__user3__5-1-1,train,6,Drink_water,user3,5-1-1,18,18,18,0,0,0,0,0,True,
train__c06__user3__5-1-2,train,6,Drink_water,user3,5-1-2,11,11,11,0,0,0,0,0,True,
train__c06__user3__5-1-3,train,6,Drink_water,user3,5-1-3,18,18,18,0,0,0,0,0,True,
train__c06__user5__1-2-1,train,6,Drink_water,user5,1-2-1,26,26,26,0,0,0,0,0,True,
train__c06__user5__1-2-2,train,6,Drink_water,user5,1-2-2,28,28,28,0,0,0,0,0,True,
train__c06__user5__1-2-3,train,6,Drink_water,user5,1-2-3,20,20,20,0,0,0,0,0,True,
train__c06__user5__2-1-1,train,6,Drink_water,user5,2-1-1,75,75,75,0,0,0,0,0,True,
train__c06__user5__2-1-2,train,6,Drink_water,user5,2-1-2,61,61,61,0,0,0,0,0,True,
train__c06__user5__2-1-3,train,6,Drink_water,user5,2-1-3,47,47,47,0,0,0,0,0,True,
train__c06__user5__3-2-1,train,6,Drink_water,user5,3-2-1,33,33,33,0,0,0,0,0,True,
train__c06__user5__3-2-2,train,6,Drink_water,user5,3-2-2,17,17,17,0,0,0,0,0,True,
train__c06__user5__3-2-3,train,6,Drink_water,user5,3-2-3,24,24,24,0,0,0,0,0,True,
train__c06__user5__6-2-1,train,6,Drink_water,user5,6-2-1,38,38,38,0,0,0,0,0,True,
train__c06__user5__6-2-2,train,6,Drink_water,user5,6-2-2,71,71,71,0,0,0,0,0,True,
train__c06__user5__6-2-3,train,6,Drink_water,user5,6-2-3,26,26,26,0,0,0,0,0,True,
train__c06__user5__7-2-1,train,6,Drink_water,user5,7-2-1,53,53,53,0,0,0,0,0,True,
train__c06__user5__7-2-2,train,6,Drink_water,user5,7-2-2,24,24,24,0,0,0,0,0,True,
train__c06__user5__7-2-3,train,6,Drink_water,user5,7-2-3,20,20,20,0,0,0,0,0,True,
train__c06__user6__1-2-1,train,6,Drink_water,user6,1-2-1,57,57,57,0,0,0,0,0,True,
train__c06__user6__1-2-2,train,6,Drink_water,user6,1-2-2,55,55,55,0,0,0,0,0,True,
train__c06__user6__1-2-3,train,6,Drink_water,user6,1-2-3,36,36,36,0,0,0,0,0,True,
train__c06__user6__3-2-1,train,6,Drink_water,user6,3-2-1,44,44,44,0,0,0,0,0,True,
train__c06__user6__3-2-2,train,6,Drink_water,user6,3-2-2,31,31,31,0,0,0,0,0,True,
train__c06__user6__3-2-3,train,6,Drink_water,user6,3-2-3,19,19,19,0,0,0,0,0,True,
train__c06__user6__5-3-1,train,6,Drink_water,user6,5-3-1,70,70,70,0,0,0,0,0,True,
train__c06__user6__5-3-2,train,6,Drink_water,user6,5-3-2,72,72,72,0,0,0,0,0,True,
train__c06__user6__5-3-3,train,6,Drink_water,user6,5-3-3,45,45,45,0,0,0,0,0,True,
train__c06__user6__6-2-1,train,6,Drink_water,user6,6-2-1,35,35,35,0,0,0,0,0,True,
train__c06__user6__6-2-2,train,6,Drink_water,user6,6-2-2,18,18,18,0,0,0,0,0,True,
train__c06__user6__6-2-3,train,6,Drink_water,user6,6-2-3,20,20,20,0,0,0,0,0,True,
train__c06__user7__5-2-1,train,6,Drink_water,user7,5-2-1,33,33,33,0,0,0,0,0,True,
train__c06__user7__5-2-2,train,6,Drink_water,user7,5-2-2,16,16,16,0,0,0,0,0,True,
train__c06__user7__5-2-3,train,6,Drink_water,user7,5-2-3,11,11,11,0,0,0,0,0,True,
train__c06__user8__6-2-1,train,6,Drink_water,user8,6-2-1,24,24,24,0,0,0,0,0,True,
train__c06__user8__6-2-2,train,6,Drink_water,user8,6-2-2,16,16,16,0,0,0,0,0,True,
train__c06__user8__6-2-3,train,6,Drink_water,user8,6-2-3,26,26,26,0,0,0,0,0,True,
train__c06__user9__3-2-1,train,6,Drink_water,user9,3-2-1,36,36,36,0,0,0,0,0,True,
train__c06__user9__3-2-2,train,6,Drink_water,user9,3-2-2,24,24,24,0,0,0,0,0,True,
train__c06__user9__3-2-3,train,6,Drink_water,user9,3-2-3,19,19,19,0,0,0,0,0,True,
train__c06__user9__7-2-1,train,6,Drink_water,user9,7-2-1,15,15,15,0,0,0,0,0,True,
train__c06__user9__7-2-2,train,6,Drink_water,user9,7-2-2,9,9,9,0,0,0,0,0,True,
train__c06__user9__7-2-3,train,6,Drink_water,user9,7-2-3,14,14,14,0,0,0,0,0,True,
train__c07__user16__1-2-1,train,7,Eat_food,user16,1-2-1,22,22,22,0,0,0,0,0,True,
train__c07__user16__1-2-2,train,7,Eat_food,user16,1-2-2,26,26,26,0,0,0,0,0,True,
train__c07__user16__1-2-3,train,7,Eat_food,user16,1-2-3,23,23,23,0,0,0,0,0,True,
train__c07__user16__5-2-1,train,7,Eat_food,user16,5-2-1,28,28,28,0,0,0,0,0,True,
train__c07__user16__5-2-2,train,7,Eat_food,user16,5-2-2,32,32,32,0,0,0,0,0,True,
train__c07__user16__5-2-3,train,7,Eat_food,user16,5-2-3,16,16,16,0,0,0,0,0,True,
train__c07__user16__6-2-1,train,7,Eat_food,user16,6-2-1,23,23,23,0,0,0,0,0,True,
train__c07__user16__6-2-2,train,7,Eat_food,user16,6-2-2,29,29,29,0,0,0,0,0,True,
train__c07__user16__6-2-3,train,7,Eat_food,user16,6-2-3,35,35,35,0,0,0,0,0,True,
train__c07__user16__7-2-1,train,7,Eat_food,user16,7-2-1,41,41,41,0,0,0,0,0,True,
train__c07__user16__7-2-2,train,7,Eat_food,user16,7-2-2,21,21,21,0,0,0,0,0,True,
train__c07__user16__7-2-3,train,7,Eat_food,user16,7-2-3,27,27,27,0,0,0,0,0,True,
train__c07__user18__7-2-1,train,7,Eat_food,user18,7-2-1,19,19,19,0,0,0,0,0,True,
train__c07__user18__7-2-2,train,7,Eat_food,user18,7-2-2,12,12,12,0,0,0,0,0,True,
train__c07__user18__7-2-3,train,7,Eat_food,user18,7-2-3,26,26,26,0,0,0,0,0,True,
train__c07__user19__7-2-1,train,7,Eat_food,user19,7-2-1,23,23,23,0,0,0,0,0,True,
train__c07__user19__7-2-2,train,7,Eat_food,user19,7-2-2,26,26,26,0,0,0,0,0,True,
train__c07__user19__7-2-3,train,7,Eat_food,user19,7-2-3,20,20,20,0,0,0,0,0,True,
train__c07__user1__1-2-1,train,7,Eat_food,user1,1-2-1,55,55,55,0,0,0,0,0,True,
train__c07__user1__1-2-2,train,7,Eat_food,user1,1-2-2,55,55,55,0,0,0,0,0,True,
train__c07__user1__3-1-1,train,7,Eat_food,user1,3-1-1,37,37,37,0,0,0,0,0,True,
train__c07__user1__3-1-2,train,7,Eat_food,user1,3-1-2,29,29,29,0,0,0,0,0,True,
train__c07__user1__3-1-3,train,7,Eat_food,user1,3-1-3,15,15,15,0,0,0,0,0,True,
train__c07__user1__4-1-1,train,7,Eat_food,user1,4-1-1,92,92,92,0,0,0,0,0,True,
train__c07__user1__4-1-2,train,7,Eat_food,user1,4-1-2,84,84,84,0,0,0,0,0,True,
train__c07__user1__4-1-3,train,7,Eat_food,user1,4-1-3,45,45,45,0,0,0,0,0,True,
train__c07__user1__6-1-1,train,7,Eat_food,user1,6-1-1,27,27,27,0,0,0,0,0,True,
train__c07__user1__6-1-2,train,7,Eat_food,user1,6-1-2,33,33,33,0,0,0,0,0,True,
train__c07__user1__6-1-3,train,7,Eat_food,user1,6-1-3,19,19,19,0,0,0,0,0,True,
train__c07__user20__2-1-1,train,7,Eat_food,user20,2-1-1,34,34,34,0,0,0,0,0,True,
train__c07__user20__2-1-2,train,7,Eat_food,user20,2-1-2,39,39,39,0,0,0,0,0,True,
train__c07__user20__2-1-3,train,7,Eat_food,user20,2-1-3,14,14,14,0,0,0,0,0,True,
train__c07__user20__3-1-1,train,7,Eat_food,user20,3-1-1,46,46,46,0,0,0,0,0,True,
train__c07__user20__3-1-2,train,7,Eat_food,user20,3-1-2,54,54,54,0,0,0,0,0,True,
train__c07__user20__3-1-3,train,7,Eat_food,user20,3-1-3,29,29,29,0,0,0,0,0,True,
train__c07__user20__7-1-1,train,7,Eat_food,user20,7-1-1,25,25,25,0,0,0,0,0,True,
train__c07__user20__7-1-2,train,7,Eat_food,user20,7-1-2,26,26,26,0,0,0,0,0,True,
train__c07__user20__7-1-3,train,7,Eat_food,user20,7-1-3,26,26,26,0,0,0,0,0,True,
train__c07__user21__7-1-1,train,7,Eat_food,user21,7-1-1,16,16,16,0,0,0,0,0,True,
train__c07__user21__7-1-2,train,7,Eat_food,user21,7-1-2,12,12,12,0,0,0,0,0,True,
train__c07__user21__7-1-3,train,7,Eat_food,user21,7-1-3,17,17,17,0,0,0,0,0,True,
train__c07__user22__3-1-1,train,7,Eat_food,user22,3-1-1,22,22,22,0,0,0,0,0,True,
train__c07__user22__3-1-2,train,7,Eat_food,user22,3-1-2,22,22,22,0,0,0,0,0,True,
train__c07__user22__3-3-1,train,7,Eat_food,user22,3-3-1,35,35,35,0,0,0,0,0,True,
train__c07__user22__3-3-2,train,7,Eat_food,user22,3-3-2,21,21,21,0,0,0,0,0,True,
train__c07__user22__3-3-3,train,7,Eat_food,user22,3-3-3,9,9,9,0,0,0,0,0,True,
train__c07__user22__4-3-1,train,7,Eat_food,user22,4-3-1,28,28,28,0,0,0,0,0,True,
train__c07__user22__4-3-2,train,7,Eat_food,user22,4-3-2,20,20,20,0,0,0,0,0,True,
train__c07__user22__4-3-3,train,7,Eat_food,user22,4-3-3,16,16,16,0,0,0,0,0,True,
train__c07__user22__6-2-1,train,7,Eat_food,user22,6-2-1,1,1,1,0,0,0,0,0,True,
train__c07__user22__6-2-2,train,7,Eat_food,user22,6-2-2,13,13,13,0,0,0,0,0,True,
train__c07__user22__6-2-3,train,7,Eat_food,user22,6-2-3,8,8,8,0,0,0,0,0,True,
train__c07__user2__1-2-1,train,7,Eat_food,user2,1-2-1,26,26,26,0,0,0,0,0,True,
train__c07__user2__1-2-2,train,7,Eat_food,user2,1-2-2,7,7,7,0,0,0,0,0,True,
train__c07__user2__1-2-3,train,7,Eat_food,user2,1-2-3,4,4,4,0,0,0,0,0,True,
train__c07__user2__2-1-1,train,7,Eat_food,user2,2-1-1,9,9,9,0,0,0,0,0,True,
train__c07__user2__2-1-2,train,7,Eat_food,user2,2-1-2,5,5,5,0,0,0,0,0,True,
train__c07__user2__2-1-3,train,7,Eat_food,user2,2-1-3,4,4,4,0,0,0,0,0,True,
train__c07__user2__2-2-1,train,7,Eat_food,user2,2-2-1,17,17,17,0,0,0,0,0,True,
train__c07__user2__2-2-2,train,7,Eat_food,user2,2-2-2,18,18,18,0,0,0,0,0,True,
train__c07__user2__2-2-3,train,7,Eat_food,user2,2-2-3,11,11,11,0,0,0,0,0,True,
train__c07__user2__4-2-1,train,7,Eat_food,user2,4-2-1,9,9,9,0,0,0,0,0,True,
train__c07__user2__4-2-2,train,7,Eat_food,user2,4-2-2,12,12,12,0,0,0,0,0,True,
train__c07__user2__4-2-3,train,7,Eat_food,user2,4-2-3,4,4,4,0,0,0,0,0,True,
train__c07__user2__7-2-1,train,7,Eat_food,user2,7-2-1,15,15,15,0,0,0,0,0,True,
train__c07__user2__7-2-2,train,7,Eat_food,user2,7-2-2,8,8,8,0,0,0,0,0,True,
train__c07__user2__7-2-3,train,7,Eat_food,user2,7-2-3,14,14,14,0,0,0,0,0,True,
train__c07__user3__4-1-1,train,7,Eat_food,user3,4-1-1,53,53,53,0,0,0,0,0,True,
train__c07__user3__4-1-2,train,7,Eat_food,user3,4-1-2,13,13,13,0,0,0,0,0,True,
train__c07__user3__4-1-3,train,7,Eat_food,user3,4-1-3,4,4,4,0,0,0,0,0,True,
train__c07__user3__5-2-1,train,7,Eat_food,user3,5-2-1,19,19,19,0,0,0,0,0,True,
train__c07__user3__5-2-2,train,7,Eat_food,user3,5-2-2,10,10,10,0,0,0,0,0,True,
train__c07__user3__5-2-3,train,7,Eat_food,user3,5-2-3,19,19,19,0,0,0,0,0,True,
train__c07__user3__6-1-1,train,7,Eat_food,user3,6-1-1,7,7,7,0,0,0,0,0,True,
train__c07__user3__6-1-2,train,7,Eat_food,user3,6-1-2,11,11,11,0,0,0,0,0,True,
train__c07__user3__6-1-3,train,7,Eat_food,user3,6-1-3,5,5,5,0,0,0,0,0,True,
train__c07__user3__7-1-1,train,7,Eat_food,user3,7-1-1,14,14,14,0,0,0,0,0,True,
train__c07__user3__7-1-2,train,7,Eat_food,user3,7-1-2,16,16,16,0,0,0,0,0,True,
train__c07__user3__7-1-3,train,7,Eat_food,user3,7-1-3,6,6,6,0,0,0,0,0,True,
train__c07__user5__1-2-1,train,7,Eat_food,user5,1-2-1,25,25,25,0,0,0,0,0,True,
train__c07__user5__1-2-2,train,7,Eat_food,user5,1-2-2,54,54,54,0,0,0,0,0,True,
train__c07__user5__1-2-3,train,7,Eat_food,user5,1-2-3,22,22,22,0,0,0,0,0,True,
train__c07__user5__2-1-1,train,7,Eat_food,user5,2-1-1,38,38,38,0,0,0,0,0,True,
train__c07__user5__2-1-2,train,7,Eat_food,user5,2-1-2,36,36,36,0,0,0,0,0,True,
train__c07__user5__2-1-3,train,7,Eat_food,user5,2-1-3,39,39,39,0,0,0,0,0,True,
train__c07__user5__3-2-1,train,7,Eat_food,user5,3-2-1,42,42,42,0,0,0,0,0,True,
train__c07__user5__3-2-2,train,7,Eat_food,user5,3-2-2,55,55,55,0,0,0,0,0,True,
train__c07__user5__3-2-3,train,7,Eat_food,user5,3-2-3,51,51,51,0,0,0,0,0,True,
train__c07__user5__6-2-1,train,7,Eat_food,user5,6-2-1,42,42,42,0,0,0,0,0,True,
train__c07__user5__6-2-2,train,7,Eat_food,user5,6-2-2,52,52,52,0,0,0,0,0,True,
train__c07__user5__6-2-3,train,7,Eat_food,user5,6-2-3,34,34,34,0,0,0,0,0,True,
train__c07__user6__1-2-1,train,7,Eat_food,user6,1-2-1,32,32,32,0,0,0,0,0,True,
train__c07__user6__1-2-2,train,7,Eat_food,user6,1-2-2,20,20,20,0,0,0,0,0,True,
train__c07__user6__1-2-3,train,7,Eat_food,user6,1-2-3,9,9,9,0,0,0,0,0,True,
train__c07__user6__5-2-1,train,7,Eat_food,user6,5-2-1,17,17,17,0,0,0,0,0,True,
train__c07__user6__5-2-2,train,7,Eat_food,user6,5-2-2,15,15,15,0,0,0,0,0,True,
train__c07__user6__5-2-3,train,7,Eat_food,user6,5-2-3,27,27,27,0,0,0,0,0,True,
train__c07__user6__6-2-1,train,7,Eat_food,user6,6-2-1,21,21,21,0,0,0,0,0,True,
train__c07__user6__6-2-3,train,7,Eat_food,user6,6-2-3,26,26,26,0,0,0,0,0,True,
train__c07__user6__7-2-1,train,7,Eat_food,user6,7-2-1,40,40,40,0,0,0,0,0,True,
train__c07__user6__7-2-2,train,7,Eat_food,user6,7-2-2,34,34,34,0,0,0,0,0,True,
train__c07__user6__7-2-3,train,7,Eat_food,user6,7-2-3,30,30,30,0,0,0,0,0,True,
train__c07__user7__1-2-1,train,7,Eat_food,user7,1-2-1,21,21,21,0,0,0,0,0,True,
train__c07__user7__1-2-2,train,7,Eat_food,user7,1-2-2,12,12,12,0,0,0,0,0,True,
train__c07__user7__1-2-3,train,7,Eat_food,user7,1-2-3,17,17,17,0,0,0,0,0,True,
train__c07__user7__2-2-1,train,7,Eat_food,user7,2-2-1,25,25,25,0,0,0,0,0,True,
train__c07__user7__2-2-2,train,7,Eat_food,user7,2-2-2,24,24,24,0,0,0,0,0,True,
train__c07__user7__2-2-3,train,7,Eat_food,user7,2-2-3,25,25,25,0,0,0,0,0,True,
train__c07__user7__3-2-1,train,7,Eat_food,user7,3-2-1,13,13,13,0,0,0,0,0,True,
train__c07__user7__3-2-2,train,7,Eat_food,user7,3-2-2,12,12,12,0,0,0,0,0,True,
train__c07__user7__3-2-3,train,7,Eat_food,user7,3-2-3,10,10,10,0,0,0,0,0,True,
train__c07__user7__5-3-1,train,7,Eat_food,user7,5-3-1,32,32,32,0,0,0,0,0,True,
train__c07__user7__5-3-2,train,7,Eat_food,user7,5-3-2,23,23,23,0,0,0,0,0,True,
train__c07__user7__5-3-3,train,7,Eat_food,user7,5-3-3,16,16,16,0,0,0,0,0,True,
train__c07__user7__7-2-1,train,7,Eat_food,user7,7-2-1,26,26,26,0,0,0,0,0,True,
train__c07__user7__7-2-2,train,7,Eat_food,user7,7-2-2,17,17,17,0,0,0,0,0,True,
train__c07__user8__7-2-1,train,7,Eat_food,user8,7-2-1,48,48,48,0,0,0,0,0,True,
train__c07__user8__7-2-2,train,7,Eat_food,user8,7-2-2,50,50,50,0,0,0,0,0,True,
train__c07__user8__7-2-3,train,7,Eat_food,user8,7-2-3,18,18,18,0,0,0,0,0,True,
train__c07__user9__7-2-1,train,7,Eat_food,user9,7-2-1,3,3,3,0,0,0,0,0,True,
train__c07__user9__7-2-2,train,7,Eat_food,user9,7-2-2,4,4,4,0,0,0,0,0,True,
train__c07__user9__7-2-3,train,7,Eat_food,user9,7-2-3,6,6,6,0,0,0,0,0,True,
train__c08__user16__6-2-1,train,8,Take_and_use_tableware,user16,6-2-1,19,19,19,0,0,0,0,0,True,
train__c08__user16__6-2-2,train,8,Take_and_use_tableware,user16,6-2-2,17,17,17,0,0,0,0,0,True,
train__c08__user16__6-2-3,train,8,Take_and_use_tableware,user16,6-2-3,41,41,41,0,0,0,0,0,True,
train__c08__user19__7-2-1,train,8,Take_and_use_tableware,user19,7-2-1,25,25,25,0,0,0,0,0,True,
train__c08__user19__7-2-2,train,8,Take_and_use_tableware,user19,7-2-2,21,21,21,0,0,0,0,0,True,
train__c08__user19__7-2-3,train,8,Take_and_use_tableware,user19,7-2-3,16,16,16,0,0,0,0,0,True,
train__c08__user1__1-2-1,train,8,Take_and_use_tableware,user1,1-2-1,27,27,27,0,0,0,0,0,True,
train__c08__user1__1-2-2,train,8,Take_and_use_tableware,user1,1-2-2,25,25,25,0,0,0,0,0,True,
train__c08__user1__2-1-1,train,8,Take_and_use_tableware,user1,2-1-1,0,0,0,50,50,0,0,0,False,depth_unparsed=50; ir_unparsed=50
train__c08__user1__2-1-2,train,8,Take_and_use_tableware,user1,2-1-2,32,32,32,0,0,0,0,0,True,
train__c08__user1__2-1-3,train,8,Take_and_use_tableware,user1,2-1-3,43,43,43,0,0,0,0,0,True,
train__c08__user1__4-1-1,train,8,Take_and_use_tableware,user1,4-1-1,23,23,23,0,0,0,0,0,True,
train__c08__user1__4-1-2,train,8,Take_and_use_tableware,user1,4-1-2,22,22,22,0,0,0,0,0,True,
train__c08__user1__5-1-1,train,8,Take_and_use_tableware,user1,5-1-1,22,22,22,0,0,0,0,0,True,
train__c08__user1__5-1-2,train,8,Take_and_use_tableware,user1,5-1-2,15,15,15,0,0,0,0,0,True,
train__c08__user1__5-1-3,train,8,Take_and_use_tableware,user1,5-1-3,13,13,13,0,0,0,0,0,True,
train__c08__user20__2-1-1,train,8,Take_and_use_tableware,user20,2-1-1,20,20,20,0,0,0,0,0,True,
train__c08__user20__2-1-2,train,8,Take_and_use_tableware,user20,2-1-2,14,14,14,0,0,0,0,0,True,
train__c08__user20__2-1-3,train,8,Take_and_use_tableware,user20,2-1-3,13,13,13,0,0,0,0,0,True,
train__c08__user21__2-1-1,train,8,Take_and_use_tableware,user21,2-1-1,70,70,70,0,0,0,0,0,True,
train__c08__user21__2-1-2,train,8,Take_and_use_tableware,user21,2-1-2,75,75,75,0,0,0,0,0,True,
train__c08__user21__2-1-3,train,8,Take_and_use_tableware,user21,2-1-3,33,33,33,0,0,0,0,0,True,
train__c08__user21__3-1-1,train,8,Take_and_use_tableware,user21,3-1-1,20,20,20,0,0,0,0,0,True,
train__c08__user21__7-1-1,train,8,Take_and_use_tableware,user21,7-1-1,10,10,10,0,0,0,0,0,True,
train__c08__user21__7-1-2,train,8,Take_and_use_tableware,user21,7-1-2,9,9,9,0,0,0,0,0,True,
train__c08__user21__7-1-3,train,8,Take_and_use_tableware,user21,7-1-3,16,16,16,0,0,0,0,0,True,
train__c08__user22__2-1-1,train,8,Take_and_use_tableware,user22,2-1-1,42,42,42,0,0,0,0,0,True,
train__c08__user22__2-1-2,train,8,Take_and_use_tableware,user22,2-1-2,49,49,49,0,0,0,0,0,True,
train__c08__user22__2-1-3,train,8,Take_and_use_tableware,user22,2-1-3,23,23,23,0,0,0,0,0,True,
train__c08__user22__6-2-1,train,8,Take_and_use_tableware,user22,6-2-1,26,26,26,0,0,0,0,0,True,
train__c08__user22__6-2-2,train,8,Take_and_use_tableware,user22,6-2-2,21,21,21,0,0,0,0,0,True,
train__c08__user22__6-2-3,train,8,Take_and_use_tableware,user22,6-2-3,15,15,15,0,0,0,0,0,True,
train__c08__user2__1-2-1,train,8,Take_and_use_tableware,user2,1-2-1,32,32,32,0,0,0,0,0,True,
train__c08__user2__1-2-2,train,8,Take_and_use_tableware,user2,1-2-2,30,30,30,0,0,0,0,0,True,
train__c08__user2__1-2-3,train,8,Take_and_use_tableware,user2,1-2-3,21,21,21,0,0,0,0,0,True,
train__c08__user2__2-1-1,train,8,Take_and_use_tableware,user2,2-1-1,40,40,40,0,0,0,0,0,True,
train__c08__user2__2-1-2,train,8,Take_and_use_tableware,user2,2-1-2,80,80,80,0,0,0,0,0,True,
train__c08__user2__2-1-3,train,8,Take_and_use_tableware,user2,2-1-3,40,40,40,0,0,0,0,0,True,
train__c08__user2__2-2-1,train,8,Take_and_use_tableware,user2,2-2-1,58,58,58,0,0,0,0,0,True,
train__c08__user2__2-2-2,train,8,Take_and_use_tableware,user2,2-2-2,57,57,57,0,0,0,0,0,True,
train__c08__user2__2-2-3,train,8,Take_and_use_tableware,user2,2-2-3,27,27,27,0,0,0,0,0,True,
train__c08__user2__4-2-1,train,8,Take_and_use_tableware,user2,4-2-1,78,78,78,0,0,0,0,0,True,
train__c08__user2__4-2-2,train,8,Take_and_use_tableware,user2,4-2-2,80,80,80,0,0,0,0,0,True,
train__c08__user2__4-2-3,train,8,Take_and_use_tableware,user2,4-2-3,53,53,53,0,0,0,0,0,True,
train__c08__user3__4-1-1,train,8,Take_and_use_tableware,user3,4-1-1,11,11,11,0,0,0,0,0,True,
train__c08__user3__4-1-2,train,8,Take_and_use_tableware,user3,4-1-2,10,10,10,0,0,0,0,0,True,
train__c08__user3__4-1-3,train,8,Take_and_use_tableware,user3,4-1-3,11,11,11,0,0,0,0,0,True,
train__c08__user3__5-1-1,train,8,Take_and_use_tableware,user3,5-1-1,23,23,23,0,0,0,0,0,True,
train__c08__user3__5-1-2,train,8,Take_and_use_tableware,user3,5-1-2,10,10,10,0,0,0,0,0,True,
train__c08__user3__5-1-3,train,8,Take_and_use_tableware,user3,5-1-3,14,14,14,0,0,0,0,0,True,
train__c08__user3__5-2-1,train,8,Take_and_use_tableware,user3,5-2-1,35,35,35,0,0,0,0,0,True,
train__c08__user3__5-2-2,train,8,Take_and_use_tableware,user3,5-2-2,20,20,20,0,0,0,0,0,True,
train__c08__user3__5-2-3,train,8,Take_and_use_tableware,user3,5-2-3,41,41,41,0,0,0,0,0,True,
train__c08__user3__6-1-1,train,8,Take_and_use_tableware,user3,6-1-1,27,27,27,0,0,0,0,0,True,
train__c08__user3__6-1-2,train,8,Take_and_use_tableware,user3,6-1-2,42,42,42,0,0,0,0,0,True,
train__c08__user3__6-1-3,train,8,Take_and_use_tableware,user3,6-1-3,19,19,19,0,0,0,0,0,True,
train__c08__user6__1-2-1,train,8,Take_and_use_tableware,user6,1-2-1,30,30,30,0,0,0,0,0,True,
train__c08__user6__1-2-2,train,8,Take_and_use_tableware,user6,1-2-2,23,23,23,0,0,0,0,0,True,
train__c08__user6__1-2-3,train,8,Take_and_use_tableware,user6,1-2-3,13,13,13,0,0,0,0,0,True,
train__c08__user6__2-1-1,train,8,Take_and_use_tableware,user6,2-1-1,61,61,61,0,0,0,0,0,True,
train__c08__user6__2-1-2,train,8,Take_and_use_tableware,user6,2-1-2,40,40,40,0,0,0,0,0,True,
train__c08__user6__2-1-3,train,8,Take_and_use_tableware,user6,2-1-3,37,37,37,0,0,0,0,0,True,
train__c08__user6__2-3-1,train,8,Take_and_use_tableware,user6,2-3-1,41,41,41,0,0,0,0,0,True,
train__c08__user6__2-3-2,train,8,Take_and_use_tableware,user6,2-3-2,50,50,50,0,0,0,0,0,True,
train__c08__user6__2-3-3,train,8,Take_and_use_tableware,user6,2-3-3,52,52,52,0,0,0,0,0,True,
train__c08__user6__6-2-1,train,8,Take_and_use_tableware,user6,6-2-1,24,24,24,0,0,0,0,0,True,
train__c08__user6__6-2-2,train,8,Take_and_use_tableware,user6,6-2-2,13,13,13,0,0,0,0,0,True,
train__c08__user6__6-2-3,train,8,Take_and_use_tableware,user6,6-2-3,32,32,32,0,0,0,0,0,True,
train__c08__user6__7-2-1,train,8,Take_and_use_tableware,user6,7-2-1,24,24,24,0,0,0,0,0,True,
train__c08__user6__7-2-2,train,8,Take_and_use_tableware,user6,7-2-2,23,23,23,0,0,0,0,0,True,
train__c08__user6__7-2-3,train,8,Take_and_use_tableware,user6,7-2-3,15,15,15,0,0,0,0,0,True,
train__c08__user7__1-2-1,train,8,Take_and_use_tableware,user7,1-2-1,23,23,23,0,0,0,0,0,True,
train__c08__user7__1-2-2,train,8,Take_and_use_tableware,user7,1-2-2,7,7,7,0,0,0,0,0,True,
train__c08__user7__1-2-3,train,8,Take_and_use_tableware,user7,1-2-3,14,14,14,0,0,0,0,0,True,
train__c08__user7__2-1-1,train,8,Take_and_use_tableware,user7,2-1-1,38,38,38,0,0,0,0,0,True,
train__c08__user7__2-1-2,train,8,Take_and_use_tableware,user7,2-1-2,43,43,43,0,0,0,0,0,True,
train__c08__user7__2-1-3,train,8,Take_and_use_tableware,user7,2-1-3,37,37,37,0,0,0,0,0,True,
train__c08__user7__3-2-1,train,8,Take_and_use_tableware,user7,3-2-1,10,10,10,0,0,0,0,0,True,
train__c08__user7__3-2-2,train,8,Take_and_use_tableware,user7,3-2-2,25,25,25,0,0,0,0,0,True,
train__c08__user7__3-2-3,train,8,Take_and_use_tableware,user7,3-2-3,10,10,10,0,0,0,0,0,True,
train__c08__user7__5-3-1,train,8,Take_and_use_tableware,user7,5-3-1,18,18,18,0,0,0,0,0,True,
train__c08__user7__5-3-2,train,8,Take_and_use_tableware,user7,5-3-2,17,17,17,0,0,0,0,0,True,
train__c08__user7__5-3-3,train,8,Take_and_use_tableware,user7,5-3-3,9,9,9,0,0,0,0,0,True,
train__c09__user16__1-2-1,train,9,Pour_drinks,user16,1-2-1,37,37,37,0,0,0,0,0,True,
train__c09__user16__1-2-2,train,9,Pour_drinks,user16,1-2-2,56,56,56,0,0,0,0,0,True,
train__c09__user16__1-2-3,train,9,Pour_drinks,user16,1-2-3,31,31,31,0,0,0,0,0,True,
train__c09__user16__2-1-1,train,9,Pour_drinks,user16,2-1-1,41,41,41,0,0,0,0,0,True,
train__c09__user16__2-1-2,train,9,Pour_drinks,user16,2-1-2,20,20,20,0,0,0,0,0,True,
train__c09__user16__2-1-3,train,9,Pour_drinks,user16,2-1-3,24,24,24,0,0,0,0,0,True,
train__c09__user16__7-2-1,train,9,Pour_drinks,user16,7-2-1,32,32,32,0,0,0,0,0,True,
train__c09__user16__7-2-2,train,9,Pour_drinks,user16,7-2-2,30,30,30,0,0,0,0,0,True,
train__c09__user16__7-2-3,train,9,Pour_drinks,user16,7-2-3,25,25,25,0,0,0,0,0,True,
train__c09__user18__3-2-1,train,9,Pour_drinks,user18,3-2-1,31,31,31,0,0,0,0,0,True,
train__c09__user18__3-2-2,train,9,Pour_drinks,user18,3-2-2,14,14,14,0,0,0,0,0,True,
train__c09__user18__3-2-3,train,9,Pour_drinks,user18,3-2-3,10,10,10,0,0,0,0,0,True,
train__c09__user18__4-2-1,train,9,Pour_drinks,user18,4-2-1,6,6,6,0,0,0,0,0,True,
train__c09__user18__4-2-2,train,9,Pour_drinks,user18,4-2-2,4,4,4,0,0,0,0,0,True,
train__c09__user18__4-2-3,train,9,Pour_drinks,user18,4-2-3,8,8,8,0,0,0,0,0,True,
train__c09__user18__7-2-1,train,9,Pour_drinks,user18,7-2-1,8,8,8,0,0,0,0,0,True,
train__c09__user18__7-2-2,train,9,Pour_drinks,user18,7-2-2,6,6,6,0,0,0,0,0,True,
train__c09__user18__7-2-3,train,9,Pour_drinks,user18,7-2-3,4,4,4,0,0,0,0,0,True,
train__c09__user19__2-1-1,train,9,Pour_drinks,user19,2-1-1,45,45,45,0,0,0,0,0,True,
train__c09__user19__2-1-2,train,9,Pour_drinks,user19,2-1-2,40,40,40,0,0,0,0,0,True,
train__c09__user19__2-1-3,train,9,Pour_drinks,user19,2-1-3,33,33,33,0,0,0,0,0,True,
train__c09__user19__3-2-1,train,9,Pour_drinks,user19,3-2-1,38,38,38,0,0,0,0,0,True,
train__c09__user19__3-2-2,train,9,Pour_drinks,user19,3-2-2,33,33,33,0,0,0,0,0,True,
train__c09__user19__3-2-3,train,9,Pour_drinks,user19,3-2-3,23,23,23,0,0,0,0,0,True,
train__c09__user19__7-2-1,train,9,Pour_drinks,user19,7-2-1,29,29,29,0,0,0,0,0,True,
train__c09__user19__7-2-2,train,9,Pour_drinks,user19,7-2-2,21,21,21,0,0,0,0,0,True,
train__c09__user19__7-2-3,train,9,Pour_drinks,user19,7-2-3,32,32,32,0,0,0,0,0,True,
train__c09__user1__2-1-1,train,9,Pour_drinks,user1,2-1-1,0,0,0,67,67,0,0,0,False,depth_unparsed=67; ir_unparsed=67
train__c09__user1__2-1-2,train,9,Pour_drinks,user1,2-1-2,37,37,37,0,0,0,0,0,True,
train__c09__user1__2-1-3,train,9,Pour_drinks,user1,2-1-3,33,33,33,0,0,0,0,0,True,
train__c09__user1__4-1-1,train,9,Pour_drinks,user1,4-1-1,75,75,75,0,0,0,0,0,True,
train__c09__user1__4-1-2,train,9,Pour_drinks,user1,4-1-2,72,72,72,0,0,0,0,0,True,
train__c09__user1__4-1-3,train,9,Pour_drinks,user1,4-1-3,71,71,71,0,0,0,0,0,True,
train__c09__user20__2-1-1,train,9,Pour_drinks,user20,2-1-1,72,72,72,0,0,0,0,0,True,
train__c09__user20__2-1-2,train,9,Pour_drinks,user20,2-1-2,61,61,61,0,0,0,0,0,True,
train__c09__user20__2-1-3,train,9,Pour_drinks,user20,2-1-3,45,45,45,0,0,0,0,0,True,
train__c09__user20__3-1-1,train,9,Pour_drinks,user20,3-1-1,65,65,65,0,0,0,0,0,True,
train__c09__user20__3-1-2,train,9,Pour_drinks,user20,3-1-2,68,68,68,0,0,0,0,0,True,
train__c09__user20__3-1-3,train,9,Pour_drinks,user20,3-1-3,47,47,47,0,0,0,0,0,True,
train__c09__user20__5-1-1,train,9,Pour_drinks,user20,5-1-1,23,23,23,0,0,0,0,0,True,
train__c09__user20__5-1-2,train,9,Pour_drinks,user20,5-1-2,36,36,36,0,0,0,0,0,True,
train__c09__user20__5-1-3,train,9,Pour_drinks,user20,5-1-3,27,27,27,0,0,0,0,0,True,
train__c09__user20__6-3-1,train,9,Pour_drinks,user20,6-3-1,48,48,48,0,0,0,0,0,True,
train__c09__user20__6-3-2,train,9,Pour_drinks,user20,6-3-2,24,24,24,0,0,0,0,0,True,
train__c09__user20__6-3-3,train,9,Pour_drinks,user20,6-3-3,43,43,43,0,0,0,0,0,True,
train__c09__user20__7-1-1,train,9,Pour_drinks,user20,7-1-1,42,42,42,0,0,0,0,0,True,
train__c09__user20__7-1-2,train,9,Pour_drinks,user20,7-1-2,57,57,57,0,0,0,0,0,True,
train__c09__user20__7-1-3,train,9,Pour_drinks,user20,7-1-3,30,30,30,0,0,0,0,0,True,
train__c09__user21__6-2-1,train,9,Pour_drinks,user21,6-2-1,25,25,25,0,0,0,0,0,True,
train__c09__user21__6-2-2,train,9,Pour_drinks,user21,6-2-2,17,17,17,0,0,0,0,0,True,
train__c09__user21__6-2-3,train,9,Pour_drinks,user21,6-2-3,15,15,15,0,0,0,0,0,True,
train__c09__user22__2-1-1,train,9,Pour_drinks,user22,2-1-1,29,29,29,0,0,0,0,0,True,
train__c09__user22__2-1-2,train,9,Pour_drinks,user22,2-1-2,27,27,27,0,0,0,0,0,True,
train__c09__user22__2-1-3,train,9,Pour_drinks,user22,2-1-3,24,24,24,0,0,0,0,0,True,
train__c09__user22__4-3-1,train,9,Pour_drinks,user22,4-3-1,19,19,19,0,0,0,0,0,True,
train__c09__user22__4-3-2,train,9,Pour_drinks,user22,4-3-2,9,9,9,0,0,0,0,0,True,
train__c09__user22__4-3-3,train,9,Pour_drinks,user22,4-3-3,4,4,4,0,0,0,0,0,True,
train__c09__user2__2-1-1,train,9,Pour_drinks,user2,2-1-1,58,58,58,0,0,0,0,0,True,
train__c09__user2__2-1-2,train,9,Pour_drinks,user2,2-1-2,59,59,59,0,0,0,0,0,True,
train__c09__user2__2-1-3,train,9,Pour_drinks,user2,2-1-3,25,25,25,0,0,0,0,0,True,
train__c09__user2__6-1-1,train,9,Pour_drinks,user2,6-1-1,50,50,50,0,0,0,0,0,True,
train__c09__user3__5-1-1,train,9,Pour_drinks,user3,5-1-1,28,28,28,0,0,0,0,0,True,
train__c09__user3__5-1-2,train,9,Pour_drinks,user3,5-1-2,15,15,15,0,0,0,0,0,True,
train__c09__user3__5-1-3,train,9,Pour_drinks,user3,5-1-3,30,30,30,0,0,0,0,0,True,
train__c09__user3__7-1-1,train,9,Pour_drinks,user3,7-1-1,40,40,40,0,0,0,0,0,True,
train__c09__user3__7-1-2,train,9,Pour_drinks,user3,7-1-2,30,30,30,0,0,0,0,0,True,
train__c09__user3__7-1-3,train,9,Pour_drinks,user3,7-1-3,17,17,17,0,0,0,0,0,True,
train__c09__user5__1-2-1,train,9,Pour_drinks,user5,1-2-1,55,55,55,0,0,0,0,0,True,
train__c09__user5__1-2-2,train,9,Pour_drinks,user5,1-2-2,30,30,30,0,0,0,0,0,True,
train__c09__user5__1-2-3,train,9,Pour_drinks,user5,1-2-3,24,24,24,0,0,0,0,0,True,
train__c09__user5__3-2-1,train,9,Pour_drinks,user5,3-2-1,40,40,40,0,0,0,0,0,True,
train__c09__user5__3-2-2,train,9,Pour_drinks,user5,3-2-2,23,23,23,0,0,0,0,0,True,
train__c09__user5__3-2-3,train,9,Pour_drinks,user5,3-2-3,28,28,28,0,0,0,0,0,True,
train__c09__user5__4-2-1,train,9,Pour_drinks,user5,4-2-1,43,43,43,0,0,0,0,0,True,
train__c09__user5__4-2-2,train,9,Pour_drinks,user5,4-2-2,31,31,31,0,0,0,0,0,True,
train__c09__user5__4-2-3,train,9,Pour_drinks,user5,4-2-3,30,30,30,0,0,0,0,0,True,
train__c09__user5__7-2-1,train,9,Pour_drinks,user5,7-2-1,35,35,35,0,0,0,0,0,True,
train__c09__user5__7-2-2,train,9,Pour_drinks,user5,7-2-2,20,20,20,0,0,0,0,0,True,
train__c09__user5__7-2-3,train,9,Pour_drinks,user5,7-2-3,13,13,13,0,0,0,0,0,True,
train__c09__user6__1-2-1,train,9,Pour_drinks,user6,1-2-1,124,124,124,0,0,0,0,0,True,
train__c09__user6__1-2-2,train,9,Pour_drinks,user6,1-2-2,33,33,33,0,0,0,0,0,True,
train__c09__user6__1-2-3,train,9,Pour_drinks,user6,1-2-3,18,18,18,0,0,0,0,0,True,
train__c09__user6__2-1-1,train,9,Pour_drinks,user6,2-1-1,55,55,55,0,0,0,0,0,True,
train__c09__user6__2-1-2,train,9,Pour_drinks,user6,2-1-2,46,46,46,0,0,0,0,0,True,
train__c09__user6__2-1-3,train,9,Pour_drinks,user6,2-1-3,23,23,23,0,0,0,0,0,True,
train__c09__user6__7-2-1,train,9,Pour_drinks,user6,7-2-1,39,39,39,0,0,0,0,0,True,
train__c09__user6__7-2-2,train,9,Pour_drinks,user6,7-2-2,32,32,32,0,0,0,0,0,True,
train__c09__user6__7-2-3,train,9,Pour_drinks,user6,7-2-3,19,19,19,0,0,0,0,0,True,
train__c09__user7__1-2-1,train,9,Pour_drinks,user7,1-2-1,26,26,26,0,0,0,0,0,True,
train__c09__user7__1-2-2,train,9,Pour_drinks,user7,1-2-2,19,19,19,0,0,0,0,0,True,
train__c09__user7__1-2-3,train,9,Pour_drinks,user7,1-2-3,21,21,21,0,0,0,0,0,True,
train__c09__user7__2-1-1,train,9,Pour_drinks,user7,2-1-1,36,36,36,0,0,0,0,0,True,
train__c09__user7__2-1-2,train,9,Pour_drinks,user7,2-1-2,32,32,32,0,0,0,0,0,True,
train__c09__user7__2-1-3,train,9,Pour_drinks,user7,2-1-3,14,14,14,0,0,0,0,0,True,
train__c09__user7__5-2-1,train,9,Pour_drinks,user7,5-2-1,27,27,27,0,0,0,0,0,True,
train__c09__user7__5-2-2,train,9,Pour_drinks,user7,5-2-2,12,12,12,0,0,0,0,0,True,
train__c09__user7__5-2-3,train,9,Pour_drinks,user7,5-2-3,13,13,13,0,0,0,0,0,True,
train__c09__user8__3-2-1,train,9,Pour_drinks,user8,3-2-1,17,17,17,0,0,0,0,0,True,
train__c09__user8__3-2-2,train,9,Pour_drinks,user8,3-2-2,13,13,13,0,0,0,0,0,True,
train__c09__user8__3-2-3,train,9,Pour_drinks,user8,3-2-3,16,16,16,0,0,0,0,0,True,
train__c09__user8__4-2-1,train,9,Pour_drinks,user8,4-2-1,16,16,16,0,0,0,0,0,True,
train__c09__user8__4-2-2,train,9,Pour_drinks,user8,4-2-2,13,13,13,0,0,0,0,0,True,
train__c09__user8__4-2-3,train,9,Pour_drinks,user8,4-2-3,24,24,24,0,0,0,0,0,True,
train__c09__user8__7-2-1,train,9,Pour_drinks,user8,7-2-1,23,23,23,0,0,0,0,0,True,
train__c09__user8__7-2-2,train,9,Pour_drinks,user8,7-2-2,11,11,11,0,0,0,0,0,True,
train__c09__user8__7-2-3,train,9,Pour_drinks,user8,7-2-3,16,16,16,0,0,0,0,0,True,
train__c09__user9__2-1-1,train,9,Pour_drinks,user9,2-1-1,22,22,22,0,0,0,0,0,True,
train__c09__user9__2-1-2,train,9,Pour_drinks,user9,2-1-2,26,26,26,0,0,0,0,0,True,
train__c09__user9__2-1-3,train,9,Pour_drinks,user9,2-1-3,8,8,8,0,0,0,0,0,True,
train__c09__user9__3-2-1,train,9,Pour_drinks,user9,3-2-1,21,21,21,0,0,0,0,0,True,
train__c09__user9__3-2-2,train,9,Pour_drinks,user9,3-2-2,16,16,16,0,0,0,0,0,True,
train__c09__user9__3-2-3,train,9,Pour_drinks,user9,3-2-3,8,8,8,0,0,0,0,0,True,
train__c09__user9__7-2-1,train,9,Pour_drinks,user9,7-2-1,16,16,16,0,0,0,0,0,True,
train__c09__user9__7-2-2,train,9,Pour_drinks,user9,7-2-2,9,9,9,0,0,0,0,0,True,
train__c09__user9__7-2-3,train,9,Pour_drinks,user9,7-2-3,11,11,11,0,0,0,0,0,True,
train__c10__user16__1-2-1,train,10,Stir_drinks,user16,1-2-1,21,21,21,0,0,0,0,0,True,
train__c10__user16__1-2-2,train,10,Stir_drinks,user16,1-2-2,26,26,26,0,0,0,0,0,True,
train__c10__user16__1-2-3,train,10,Stir_drinks,user16,1-2-3,15,15,15,0,0,0,0,0,True,
train__c10__user16__2-1-1,train,10,Stir_drinks,user16,2-1-1,31,31,31,0,0,0,0,0,True,
train__c10__user16__2-1-2,train,10,Stir_drinks,user16,2-1-2,18,18,18,0,0,0,0,0,True,
train__c10__user16__2-1-3,train,10,Stir_drinks,user16,2-1-3,14,14,14,0,0,0,0,0,True,
train__c10__user16__7-2-1,train,10,Stir_drinks,user16,7-2-1,39,39,39,0,0,0,0,0,True,
train__c10__user16__7-2-2,train,10,Stir_drinks,user16,7-2-2,38,38,38,0,0,0,0,0,True,
train__c10__user16__7-2-3,train,10,Stir_drinks,user16,7-2-3,20,20,20,0,0,0,0,0,True,
train__c10__user18__3-2-1,train,10,Stir_drinks,user18,3-2-1,38,38,38,0,0,0,0,0,True,
train__c10__user18__3-2-2,train,10,Stir_drinks,user18,3-2-2,17,17,17,0,0,0,0,0,True,
train__c10__user18__3-2-3,train,10,Stir_drinks,user18,3-2-3,18,18,18,0,0,0,0,0,True,
train__c10__user18__4-2-1,train,10,Stir_drinks,user18,4-2-1,33,33,33,0,0,0,0,0,True,
train__c10__user18__4-2-2,train,10,Stir_drinks,user18,4-2-2,10,10,10,0,0,0,0,0,True,
train__c10__user18__4-2-3,train,10,Stir_drinks,user18,4-2-3,14,14,14,0,0,0,0,0,True,
train__c10__user18__7-2-1,train,10,Stir_drinks,user18,7-2-1,13,13,13,0,0,0,0,0,True,
train__c10__user18__7-2-2,train,10,Stir_drinks,user18,7-2-2,18,18,18,0,0,0,0,0,True,
train__c10__user18__7-2-3,train,10,Stir_drinks,user18,7-2-3,14,14,14,0,0,0,0,0,True,
train__c10__user19__2-1-1,train,10,Stir_drinks,user19,2-1-1,41,41,41,0,0,0,0,0,True,
train__c10__user19__2-1-2,train,10,Stir_drinks,user19,2-1-2,30,30,30,0,0,0,0,0,True,
train__c10__user19__2-1-3,train,10,Stir_drinks,user19,2-1-3,8,8,8,0,0,0,0,0,True,
train__c10__user19__3-2-1,train,10,Stir_drinks,user19,3-2-1,13,13,13,0,0,0,0,0,True,
train__c10__user19__3-2-2,train,10,Stir_drinks,user19,3-2-2,7,7,7,0,0,0,0,0,True,
train__c10__user19__3-2-3,train,10,Stir_drinks,user19,3-2-3,6,6,6,0,0,0,0,0,True,
train__c10__user19__7-2-1,train,10,Stir_drinks,user19,7-2-1,15,15,15,0,0,0,0,0,True,
train__c10__user19__7-2-2,train,10,Stir_drinks,user19,7-2-2,20,20,20,0,0,0,0,0,True,
train__c10__user19__7-2-3,train,10,Stir_drinks,user19,7-2-3,16,16,16,0,0,0,0,0,True,
train__c10__user1__2-1-1,train,10,Stir_drinks,user1,2-1-1,0,0,0,37,37,0,0,0,False,depth_unparsed=37; ir_unparsed=37
train__c10__user1__2-1-2,train,10,Stir_drinks,user1,2-1-2,24,24,24,0,0,0,0,0,True,
train__c10__user1__2-1-3,train,10,Stir_drinks,user1,2-1-3,25,25,25,0,0,0,0,0,True,
train__c10__user1__3-1-1,train,10,Stir_drinks,user1,3-1-1,36,36,36,0,0,0,0,0,True,
train__c10__user1__3-1-2,train,10,Stir_drinks,user1,3-1-2,37,37,37,0,0,0,0,0,True,
train__c10__user1__3-1-3,train,10,Stir_drinks,user1,3-1-3,17,17,17,0,0,0,0,0,True,
train__c10__user1__4-1-1,train,10,Stir_drinks,user1,4-1-1,26,26,26,0,0,0,0,0,True,
train__c10__user20__3-1-1,train,10,Stir_drinks,user20,3-1-1,29,29,29,0,0,0,0,0,True,
train__c10__user20__3-1-2,train,10,Stir_drinks,user20,3-1-2,42,42,42,0,0,0,0,0,True,
train__c10__user20__3-1-3,train,10,Stir_drinks,user20,3-1-3,21,21,21,0,0,0,0,0,True,
train__c10__user20__5-1-1,train,10,Stir_drinks,user20,5-1-1,9,9,9,0,0,0,0,0,True,
train__c10__user20__5-1-2,train,10,Stir_drinks,user20,5-1-2,21,21,21,0,0,0,0,0,True,
train__c10__user20__5-1-3,train,10,Stir_drinks,user20,5-1-3,33,33,33,0,0,0,0,0,True,
train__c10__user20__6-3-1,train,10,Stir_drinks,user20,6-3-1,29,29,29,0,0,0,0,0,True,
train__c10__user20__6-3-2,train,10,Stir_drinks,user20,6-3-2,16,16,16,0,0,0,0,0,True,
train__c10__user20__6-3-3,train,10,Stir_drinks,user20,6-3-3,25,25,25,0,0,0,0,0,True,
train__c10__user20__7-1-1,train,10,Stir_drinks,user20,7-1-1,31,31,31,0,0,0,0,0,True,
train__c10__user20__7-1-2,train,10,Stir_drinks,user20,7-1-2,28,28,28,0,0,0,0,0,True,
train__c10__user20__7-1-3,train,10,Stir_drinks,user20,7-1-3,6,6,6,0,0,0,0,0,True,
train__c10__user22__4-3-1,train,10,Stir_drinks,user22,4-3-1,10,10,10,0,0,0,0,0,True,
train__c10__user22__4-3-2,train,10,Stir_drinks,user22,4-3-2,22,22,22,0,0,0,0,0,True,
train__c10__user22__4-3-3,train,10,Stir_drinks,user22,4-3-3,13,13,13,0,0,0,0,0,True,
train__c10__user2__6-1-1,train,10,Stir_drinks,user2,6-1-1,45,45,45,0,0,0,0,0,True,
train__c10__user2__6-1-2,train,10,Stir_drinks,user2,6-1-2,14,14,14,0,0,0,0,0,True,
train__c10__user3__4-1-1,train,10,Stir_drinks,user3,4-1-1,24,24,24,0,0,0,0,0,True,
train__c10__user3__4-1-2,train,10,Stir_drinks,user3,4-1-2,13,13,13,0,0,0,0,0,True,
train__c10__user3__4-1-3,train,10,Stir_drinks,user3,4-1-3,12,12,12,0,0,0,0,0,True,
train__c10__user3__5-1-1,train,10,Stir_drinks,user3,5-1-1,38,38,38,0,0,0,0,0,True,
train__c10__user3__5-1-2,train,10,Stir_drinks,user3,5-1-2,18,18,18,0,0,0,0,0,True,
train__c10__user3__5-1-3,train,10,Stir_drinks,user3,5-1-3,17,17,17,0,0,0,0,0,True,
train__c10__user3__7-1-1,train,10,Stir_drinks,user3,7-1-1,29,29,29,0,0,0,0,0,True,
train__c10__user3__7-1-2,train,10,Stir_drinks,user3,7-1-2,16,16,16,0,0,0,0,0,True,
train__c10__user3__7-1-3,train,10,Stir_drinks,user3,7-1-3,11,11,11,0,0,0,0,0,True,
train__c10__user5__1-2-1,train,10,Stir_drinks,user5,1-2-1,32,32,32,0,0,0,0,0,True,
train__c10__user5__1-2-2,train,10,Stir_drinks,user5,1-2-2,30,30,30,0,0,0,0,0,True,
train__c10__user5__4-2-1,train,10,Stir_drinks,user5,4-2-1,7,7,7,0,0,0,0,0,True,
train__c10__user5__4-2-2,train,10,Stir_drinks,user5,4-2-2,33,33,33,0,0,0,0,0,True,
train__c10__user5__4-2-3,train,10,Stir_drinks,user5,4-2-3,36,36,36,0,0,0,0,0,True,
train__c10__user6__1-2-1,train,10,Stir_drinks,user6,1-2-1,30,30,30,0,0,0,0,0,True,
train__c10__user6__1-2-2,train,10,Stir_drinks,user6,1-2-2,23,23,23,0,0,0,0,0,True,
train__c10__user6__1-2-3,train,10,Stir_drinks,user6,1-2-3,13,13,13,0,0,0,0,0,True,
train__c10__user6__2-1-1,train,10,Stir_drinks,user6,2-1-1,61,61,61,0,0,0,0,0,True,
train__c10__user6__2-1-2,train,10,Stir_drinks,user6,2-1-2,40,40,40,0,0,0,0,0,True,
train__c10__user6__2-1-3,train,10,Stir_drinks,user6,2-1-3,37,37,37,0,0,0,0,0,True,
train__c10__user6__7-2-1,train,10,Stir_drinks,user6,7-2-1,24,24,24,0,0,0,0,0,True,
train__c10__user6__7-2-2,train,10,Stir_drinks,user6,7-2-2,23,23,23,0,0,0,0,0,True,
train__c10__user6__7-2-3,train,10,Stir_drinks,user6,7-2-3,15,15,15,0,0,0,0,0,True,
train__c10__user7__2-1-1,train,10,Stir_drinks,user7,2-1-1,24,24,24,0,0,0,0,0,True,
train__c10__user7__2-1-2,train,10,Stir_drinks,user7,2-1-2,18,18,18,0,0,0,0,0,True,
train__c10__user7__2-1-3,train,10,Stir_drinks,user7,2-1-3,19,19,19,0,0,0,0,0,True,
train__c10__user7__2-2-1,train,10,Stir_drinks,user7,2-2-1,21,21,21,0,0,0,0,0,True,
train__c10__user7__2-2-2,train,10,Stir_drinks,user7,2-2-2,21,21,21,0,0,0,0,0,True,
train__c10__user7__2-2-3,train,10,Stir_drinks,user7,2-2-3,11,11,11,0,0,0,0,0,True,
train__c10__user7__5-2-1,train,10,Stir_drinks,user7,5-2-1,20,20,20,0,0,0,0,0,True,
train__c10__user7__5-2-2,train,10,Stir_drinks,user7,5-2-2,23,23,23,0,0,0,0,0,True,
train__c10__user7__5-2-3,train,10,Stir_drinks,user7,5-2-3,17,17,17,0,0,0,0,0,True,
train__c10__user8__3-2-1,train,10,Stir_drinks,user8,3-2-1,28,28,28,0,0,0,0,0,True,
train__c10__user8__3-2-2,train,10,Stir_drinks,user8,3-2-2,42,42,42,0,0,0,0,0,True,
train__c10__user8__3-2-3,train,10,Stir_drinks,user8,3-2-3,33,33,33,0,0,0,0,0,True,
train__c10__user8__4-2-1,train,10,Stir_drinks,user8,4-2-1,47,47,47,0,0,0,0,0,True,
train__c10__user8__4-2-2,train,10,Stir_drinks,user8,4-2-2,8,8,8,0,0,0,0,0,True,
train__c10__user8__4-2-3,train,10,Stir_drinks,user8,4-2-3,28,28,28,0,0,0,0,0,True,
train__c10__user8__7-2-1,train,10,Stir_drinks,user8,7-2-1,22,22,22,0,0,0,0,0,True,
train__c10__user8__7-2-2,train,10,Stir_drinks,user8,7-2-2,17,17,17,0,0,0,0,0,True,
train__c10__user8__7-2-3,train,10,Stir_drinks,user8,7-2-3,11,11,11,0,0,0,0,0,True,
train__c10__user9__2-1-1,train,10,Stir_drinks,user9,2-1-1,24,24,24,0,0,0,0,0,True,
train__c10__user9__2-1-2,train,10,Stir_drinks,user9,2-1-2,33,33,33,0,0,0,0,0,True,
train__c10__user9__2-1-3,train,10,Stir_drinks,user9,2-1-3,34,34,34,0,0,0,0,0,True,
train__c10__user9__3-2-1,train,10,Stir_drinks,user9,3-2-1,27,27,27,0,0,0,0,0,True,
train__c10__user9__3-2-2,train,10,Stir_drinks,user9,3-2-2,20,20,20,0,0,0,0,0,True,
train__c10__user9__3-2-3,train,10,Stir_drinks,user9,3-2-3,6,6,6,0,0,0,0,0,True,
train__c10__user9__7-2-1,train,10,Stir_drinks,user9,7-2-1,20,20,20,0,0,0,0,0,True,
train__c10__user9__7-2-2,train,10,Stir_drinks,user9,7-2-2,12,12,12,0,0,0,0,0,True,
train__c10__user9__7-2-3,train,10,Stir_drinks,user9,7-2-3,18,18,18,0,0,0,0,0,True,
train__c11__user16__1-2-1,train,11,Peel_fruits,user16,1-2-1,50,50,50,0,0,0,0,0,True,
train__c11__user16__1-2-2,train,11,Peel_fruits,user16,1-2-2,52,52,52,0,0,0,0,0,True,
train__c11__user16__1-2-3,train,11,Peel_fruits,user16,1-2-3,24,24,24,0,0,0,0,0,True,
train__c11__user16__3-2-1,train,11,Peel_fruits,user16,3-2-1,17,17,17,0,0,0,0,0,True,
train__c11__user16__3-2-2,train,11,Peel_fruits,user16,3-2-2,21,21,21,0,0,0,0,0,True,
train__c11__user16__3-2-3,train,11,Peel_fruits,user16,3-2-3,14,14,14,0,0,0,0,0,True,
train__c11__user16__5-2-1,train,11,Peel_fruits,user16,5-2-1,38,38,38,0,0,0,0,0,True,
train__c11__user16__5-2-2,train,11,Peel_fruits,user16,5-2-2,27,27,27,0,0,0,0,0,True,
train__c11__user16__5-2-3,train,11,Peel_fruits,user16,5-2-3,11,11,11,0,0,0,0,0,True,
train__c11__user18__4-2-1,train,11,Peel_fruits,user18,4-2-1,25,25,25,0,0,0,0,0,True,
train__c11__user18__4-2-2,train,11,Peel_fruits,user18,4-2-2,12,12,12,0,0,0,0,0,True,
train__c11__user18__4-2-3,train,11,Peel_fruits,user18,4-2-3,16,16,16,0,0,0,0,0,True,
train__c11__user18__6-2-1,train,11,Peel_fruits,user18,6-2-1,92,92,92,0,0,0,0,0,True,
train__c11__user18__6-2-2,train,11,Peel_fruits,user18,6-2-2,21,21,21,0,0,0,0,0,True,
train__c11__user18__6-2-3,train,11,Peel_fruits,user18,6-2-3,23,23,23,0,0,0,0,0,True,
train__c11__user18__7-2-1,train,11,Peel_fruits,user18,7-2-1,25,25,25,0,0,0,0,0,True,
train__c11__user18__7-2-2,train,11,Peel_fruits,user18,7-2-2,20,20,20,0,0,0,0,0,True,
train__c11__user18__7-2-3,train,11,Peel_fruits,user18,7-2-3,19,19,19,0,0,0,0,0,True,
train__c11__user19__2-3-1,train,11,Peel_fruits,user19,2-3-1,53,53,53,0,0,0,0,0,True,
train__c11__user19__2-3-2,train,11,Peel_fruits,user19,2-3-2,44,44,44,0,0,0,0,0,True,
train__c11__user19__2-3-3,train,11,Peel_fruits,user19,2-3-3,31,31,31,0,0,0,0,0,True,
train__c11__user1__1-2-1,train,11,Peel_fruits,user1,1-2-1,38,38,38,0,0,0,0,0,True,
train__c11__user1__1-2-2,train,11,Peel_fruits,user1,1-2-2,49,49,49,0,0,0,0,0,True,
train__c11__user1__4-1-1,train,11,Peel_fruits,user1,4-1-1,108,108,108,0,0,0,0,0,True,
train__c11__user1__4-1-2,train,11,Peel_fruits,user1,4-1-2,109,109,109,0,0,0,0,0,True,
train__c11__user1__4-1-3,train,11,Peel_fruits,user1,4-1-3,36,36,36,0,0,0,0,0,True,
train__c11__user1__6-1-1,train,11,Peel_fruits,user1,6-1-1,36,36,36,0,0,0,0,0,True,
train__c11__user1__6-1-2,train,11,Peel_fruits,user1,6-1-2,29,29,29,0,0,0,0,0,True,
train__c11__user1__6-1-3,train,11,Peel_fruits,user1,6-1-3,12,12,12,0,0,0,0,0,True,
train__c11__user21__5-2-1,train,11,Peel_fruits,user21,5-2-1,51,51,51,0,0,0,0,0,True,
train__c11__user21__5-2-2,train,11,Peel_fruits,user21,5-2-2,64,64,64,0,0,0,0,0,True,
train__c11__user21__5-2-3,train,11,Peel_fruits,user21,5-2-3,33,33,33,0,0,0,0,0,True,
train__c11__user22__3-3-1,train,11,Peel_fruits,user22,3-3-1,13,13,13,0,0,0,0,0,True,
train__c11__user22__3-3-2,train,11,Peel_fruits,user22,3-3-2,6,6,6,0,0,0,0,0,True,
train__c11__user22__3-3-3,train,11,Peel_fruits,user22,3-3-3,7,7,7,0,0,0,0,0,True,
train__c11__user22__4-3-1,train,11,Peel_fruits,user22,4-3-1,29,29,29,0,0,0,0,0,True,
train__c11__user22__4-3-2,train,11,Peel_fruits,user22,4-3-2,21,21,21,0,0,0,0,0,True,
train__c11__user22__4-3-3,train,11,Peel_fruits,user22,4-3-3,22,22,22,0,0,0,0,0,True,
train__c11__user22__5-2-1,train,11,Peel_fruits,user22,5-2-1,45,45,45,0,0,0,0,0,True,
train__c11__user22__5-2-2,train,11,Peel_fruits,user22,5-2-2,32,32,32,0,0,0,0,0,True,
train__c11__user22__5-2-3,train,11,Peel_fruits,user22,5-2-3,33,33,33,0,0,0,0,0,True,
train__c11__user2__5-2-1,train,11,Peel_fruits,user2,5-2-1,103,103,103,0,0,0,0,0,True,
train__c11__user2__5-2-2,train,11,Peel_fruits,user2,5-2-2,33,33,33,0,0,0,0,0,True,
train__c11__user2__5-2-3,train,11,Peel_fruits,user2,5-2-3,18,18,18,0,0,0,0,0,True,
train__c11__user2__7-2-1,train,11,Peel_fruits,user2,7-2-1,50,50,50,0,0,0,0,0,True,
train__c11__user2__7-2-2,train,11,Peel_fruits,user2,7-2-2,17,17,17,0,0,0,0,0,True,
train__c11__user2__7-2-3,train,11,Peel_fruits,user2,7-2-3,7,7,7,0,0,0,0,0,True,
train__c11__user3__3-1-1,train,11,Peel_fruits,user3,3-1-1,22,22,22,0,0,0,0,0,True,
train__c11__user3__3-1-2,train,11,Peel_fruits,user3,3-1-2,31,31,31,0,0,0,0,0,True,
train__c11__user3__3-1-3,train,11,Peel_fruits,user3,3-1-3,11,11,11,0,0,0,0,0,True,
train__c11__user3__4-1-1,train,11,Peel_fruits,user3,4-1-1,40,40,40,0,0,0,0,0,True,
train__c11__user3__4-1-2,train,11,Peel_fruits,user3,4-1-2,37,37,37,0,0,0,0,0,True,
train__c11__user5__1-2-1,train,11,Peel_fruits,user5,1-2-1,101,101,101,0,0,0,0,0,True,
train__c11__user5__1-2-2,train,11,Peel_fruits,user5,1-2-2,51,51,51,0,0,0,0,0,True,
train__c11__user5__1-2-3,train,11,Peel_fruits,user5,1-2-3,36,36,36,0,0,0,0,0,True,
train__c11__user5__2-1-1,train,11,Peel_fruits,user5,2-1-1,82,82,82,0,0,0,0,0,True,
train__c11__user5__2-1-2,train,11,Peel_fruits,user5,2-1-2,79,79,79,0,0,0,0,0,True,
train__c11__user5__2-1-3,train,11,Peel_fruits,user5,2-1-3,30,30,30,0,0,0,0,0,True,
train__c11__user5__3-2-1,train,11,Peel_fruits,user5,3-2-1,71,71,71,0,0,0,0,0,True,
train__c11__user5__3-2-2,train,11,Peel_fruits,user5,3-2-2,28,28,28,0,0,0,0,0,True,
train__c11__user5__3-2-3,train,11,Peel_fruits,user5,3-2-3,29,29,29,0,0,0,0,0,True,
train__c11__user5__6-2-1,train,11,Peel_fruits,user5,6-2-1,55,55,55,0,0,0,0,0,True,
train__c11__user5__6-2-2,train,11,Peel_fruits,user5,6-2-2,54,54,54,0,0,0,0,0,True,
train__c11__user5__6-2-3,train,11,Peel_fruits,user5,6-2-3,23,23,23,0,0,0,0,0,True,
train__c11__user6__1-2-1,train,11,Peel_fruits,user6,1-2-1,46,46,46,0,0,0,0,0,True,
train__c11__user6__1-2-2,train,11,Peel_fruits,user6,1-2-2,24,24,24,0,0,0,0,0,True,
train__c11__user6__1-2-3,train,11,Peel_fruits,user6,1-2-3,11,11,11,0,0,0,0,0,True,
train__c11__user6__3-2-1,train,11,Peel_fruits,user6,3-2-1,34,34,34,0,0,0,0,0,True,
train__c11__user6__3-2-2,train,11,Peel_fruits,user6,3-2-2,26,26,26,0,0,0,0,0,True,
train__c11__user6__3-2-3,train,11,Peel_fruits,user6,3-2-3,23,23,23,0,0,0,0,0,True,
train__c11__user6__5-2-1,train,11,Peel_fruits,user6,5-2-1,51,51,51,0,0,0,0,0,True,
train__c11__user6__5-2-2,train,11,Peel_fruits,user6,5-2-2,41,41,41,0,0,0,0,0,True,
train__c11__user6__5-2-3,train,11,Peel_fruits,user6,5-2-3,14,14,14,0,0,0,0,0,True,
train__c11__user7__7-2-1,train,11,Peel_fruits,user7,7-2-1,57,57,57,0,0,0,0,0,True,
train__c11__user7__7-2-2,train,11,Peel_fruits,user7,7-2-2,42,42,42,0,0,0,0,0,True,
train__c11__user7__7-2-3,train,11,Peel_fruits,user7,7-2-3,18,18,18,0,0,0,0,0,True,
train__c11__user8__4-2-1,train,11,Peel_fruits,user8,4-2-1,24,24,24,0,0,0,0,0,True,
train__c11__user8__4-2-2,train,11,Peel_fruits,user8,4-2-2,12,12,12,0,0,0,0,0,True,
train__c11__user8__4-2-3,train,11,Peel_fruits,user8,4-2-3,21,21,21,0,0,0,0,0,True,
train__c11__user8__6-2-1,train,11,Peel_fruits,user8,6-2-1,107,107,107,0,0,0,0,0,True,
train__c11__user8__6-2-2,train,11,Peel_fruits,user8,6-2-2,36,36,36,0,0,0,0,0,True,
train__c11__user8__6-2-3,train,11,Peel_fruits,user8,6-2-3,59,59,59,0,0,0,0,0,True,
train__c11__user8__7-2-1,train,11,Peel_fruits,user8,7-2-1,28,28,28,0,0,0,0,0,True,
train__c11__user8__7-2-2,train,11,Peel_fruits,user8,7-2-2,17,17,17,0,0,0,0,0,True,
train__c11__user8__7-2-3,train,11,Peel_fruits,user8,7-2-3,5,5,5,0,0,0,0,0,True,
train__c11__user9__2-3-1,train,11,Peel_fruits,user9,2-3-1,45,45,45,0,0,0,0,0,True,
train__c11__user9__2-3-2,train,11,Peel_fruits,user9,2-3-2,38,38,38,0,0,0,0,0,True,
train__c11__user9__2-3-3,train,11,Peel_fruits,user9,2-3-3,26,26,26,0,0,0,0,0,True,
train__c12__user16__3-1-1,train,12,Sweep_the_floor,user16,3-1-1,102,102,102,0,0,0,0,0,True,
train__c12__user16__3-1-2,train,12,Sweep_the_floor,user16,3-1-2,114,114,114,0,0,0,0,0,True,
train__c12__user16__3-1-3,train,12,Sweep_the_floor,user16,3-1-3,66,66,66,0,0,0,0,0,True,
train__c12__user16__6-2-1,train,12,Sweep_the_floor,user16,6-2-1,67,67,67,0,0,0,0,0,True,
train__c12__user16__6-2-2,train,12,Sweep_the_floor,user16,6-2-2,45,45,45,0,0,0,0,0,True,
train__c12__user16__6-2-3,train,12,Sweep_the_floor,user16,6-2-3,45,45,45,0,0,0,0,0,True,
train__c12__user18__3-1-1,train,12,Sweep_the_floor,user18,3-1-1,46,46,46,0,0,0,0,0,True,
train__c12__user18__3-1-2,train,12,Sweep_the_floor,user18,3-1-2,15,15,15,0,0,0,0,0,True,
train__c12__user18__3-1-3,train,12,Sweep_the_floor,user18,3-1-3,29,29,29,0,0,0,0,0,True,
train__c12__user19__3-3-1,train,12,Sweep_the_floor,user19,3-3-1,33,33,33,0,0,0,0,0,True,
train__c12__user19__3-3-2,train,12,Sweep_the_floor,user19,3-3-2,30,30,30,0,0,0,0,0,True,
train__c12__user19__3-3-3,train,12,Sweep_the_floor,user19,3-3-3,16,16,16,0,0,0,0,0,True,
train__c12__user19__7-2-1,train,12,Sweep_the_floor,user19,7-2-1,51,51,51,0,0,0,0,0,True,
train__c12__user19__7-2-2,train,12,Sweep_the_floor,user19,7-2-2,32,32,32,0,0,0,0,0,True,
train__c12__user19__7-2-3,train,12,Sweep_the_floor,user19,7-2-3,24,24,24,0,0,0,0,0,True,
train__c12__user1__6-2-1,train,12,Sweep_the_floor,user1,6-2-1,106,106,106,0,0,0,0,0,True,
train__c12__user1__6-2-2,train,12,Sweep_the_floor,user1,6-2-2,94,94,94,0,0,0,0,0,True,
train__c12__user1__6-2-3,train,12,Sweep_the_floor,user1,6-2-3,67,67,67,0,0,0,0,0,True,
train__c12__user20__2-1-1,train,12,Sweep_the_floor,user20,2-1-1,100,100,100,0,0,0,0,0,True,
train__c12__user20__2-1-2,train,12,Sweep_the_floor,user20,2-1-2,60,60,60,0,0,0,0,0,True,
train__c12__user20__2-1-3,train,12,Sweep_the_floor,user20,2-1-3,32,32,32,0,0,0,0,0,True,
train__c12__user20__3-2-1,train,12,Sweep_the_floor,user20,3-2-1,47,47,47,0,0,0,0,0,True,
train__c12__user20__3-2-2,train,12,Sweep_the_floor,user20,3-2-2,37,37,37,0,0,0,0,0,True,
train__c12__user20__3-2-3,train,12,Sweep_the_floor,user20,3-2-3,25,25,25,0,0,0,0,0,True,
train__c12__user21__2-1-1,train,12,Sweep_the_floor,user21,2-1-1,108,108,108,0,0,0,0,0,True,
train__c12__user21__2-1-2,train,12,Sweep_the_floor,user21,2-1-2,106,106,106,0,0,0,0,0,True,
train__c12__user21__2-1-3,train,12,Sweep_the_floor,user21,2-1-3,68,68,68,0,0,0,0,0,True,
train__c12__user2__3-1-1,train,12,Sweep_the_floor,user2,3-1-1,0,0,0,56,56,0,0,0,False,depth_unparsed=56; ir_unparsed=56
train__c12__user2__3-1-2,train,12,Sweep_the_floor,user2,3-1-2,90,90,90,0,0,0,0,0,True,
train__c12__user2__3-1-3,train,12,Sweep_the_floor,user2,3-1-3,54,54,54,0,0,0,0,0,True,
train__c12__user3__6-2-1,train,12,Sweep_the_floor,user3,6-2-1,0,0,0,59,59,0,0,0,False,depth_unparsed=59; ir_unparsed=59
train__c12__user3__6-2-2,train,12,Sweep_the_floor,user3,6-2-2,0,0,0,67,67,0,0,0,False,depth_unparsed=67; ir_unparsed=67
train__c12__user3__6-2-3,train,12,Sweep_the_floor,user3,6-2-3,0,0,0,40,40,0,0,0,False,depth_unparsed=40; ir_unparsed=40
train__c12__user5__3-1-1,train,12,Sweep_the_floor,user5,3-1-1,161,161,161,0,0,0,0,0,True,
train__c12__user5__3-1-2,train,12,Sweep_the_floor,user5,3-1-2,179,179,179,0,0,0,0,0,True,
train__c12__user5__3-1-3,train,12,Sweep_the_floor,user5,3-1-3,99,99,99,0,0,0,0,0,True,
train__c12__user6__3-1-1,train,12,Sweep_the_floor,user6,3-1-1,236,236,236,0,0,0,0,0,True,
train__c12__user6__3-1-2,train,12,Sweep_the_floor,user6,3-1-2,101,101,101,0,0,0,0,0,True,
train__c12__user6__3-1-3,train,12,Sweep_the_floor,user6,3-1-3,50,50,50,0,0,0,0,0,True,
train__c12__user6__6-2-1,train,12,Sweep_the_floor,user6,6-2-1,54,54,54,0,0,0,0,0,True,
train__c12__user6__6-2-2,train,12,Sweep_the_floor,user6,6-2-2,15,15,15,0,0,0,0,0,True,
train__c12__user6__6-2-3,train,12,Sweep_the_floor,user6,6-2-3,39,39,39,0,0,0,0,0,True,
train__c12__user7__3-1-1,train,12,Sweep_the_floor,user7,3-1-1,70,70,70,0,0,0,0,0,True,
train__c12__user7__3-1-2,train,12,Sweep_the_floor,user7,3-1-2,42,42,42,0,0,0,0,0,True,
train__c12__user7__3-1-3,train,12,Sweep_the_floor,user7,3-1-3,32,32,32,0,0,0,0,0,True,
train__c12__user8__3-1-1,train,12,Sweep_the_floor,user8,3-1-1,74,74,74,0,0,0,0,0,True,
train__c12__user8__3-1-2,train,12,Sweep_the_floor,user8,3-1-2,37,37,37,0,0,0,0,0,True,
train__c12__user8__3-1-3,train,12,Sweep_the_floor,user8,3-1-3,47,47,47,0,0,0,0,0,True,
train__c12__user9__3-3-1,train,12,Sweep_the_floor,user9,3-3-1,43,43,43,0,0,0,0,0,True,
train__c12__user9__3-3-2,train,12,Sweep_the_floor,user9,3-3-2,49,49,49,0,0,0,0,0,True,
train__c12__user9__3-3-3,train,12,Sweep_the_floor,user9,3-3-3,41,41,41,0,0,0,0,0,True,
train__c12__user9__7-2-1,train,12,Sweep_the_floor,user9,7-2-1,28,28,28,0,0,0,0,0,True,
train__c12__user9__7-2-2,train,12,Sweep_the_floor,user9,7-2-2,13,13,13,0,0,0,0,0,True,
train__c12__user9__7-2-3,train,12,Sweep_the_floor,user9,7-2-3,18,18,18,0,0,0,0,0,True,
train__c13__user16__3-1-1,train,13,Mop_the_floor,user16,3-1-1,78,78,78,0,0,0,0,0,True,
train__c13__user16__3-1-2,train,13,Mop_the_floor,user16,3-1-2,89,89,89,0,0,0,0,0,True,
train__c13__user16__3-1-3,train,13,Mop_the_floor,user16,3-1-3,42,42,42,0,0,0,0,0,True,
train__c13__user18__3-1-1,train,13,Mop_the_floor,user18,3-1-1,38,38,38,0,0,0,0,0,True,
train__c13__user18__3-1-2,train,13,Mop_the_floor,user18,3-1-2,30,30,30,0,0,0,0,0,True,
train__c13__user18__3-1-3,train,13,Mop_the_floor,user18,3-1-3,33,33,33,0,0,0,0,0,True,
train__c13__user19__3-3-1,train,13,Mop_the_floor,user19,3-3-1,35,35,35,0,0,0,0,0,True,
train__c13__user19__3-3-2,train,13,Mop_the_floor,user19,3-3-2,45,45,45,0,0,0,0,0,True,
train__c13__user19__3-3-3,train,13,Mop_the_floor,user19,3-3-3,19,19,19,0,0,0,0,0,True,
train__c13__user19__7-2-1,train,13,Mop_the_floor,user19,7-2-1,69,69,69,0,0,0,0,0,True,
train__c13__user19__7-2-2,train,13,Mop_the_floor,user19,7-2-2,26,26,26,0,0,0,0,0,True,
train__c13__user19__7-2-3,train,13,Mop_the_floor,user19,7-2-3,24,24,24,0,0,0,0,0,True,
train__c13__user1__3-2-1,train,13,Mop_the_floor,user1,3-2-1,105,105,105,0,0,0,0,0,True,
train__c13__user1__3-2-2,train,13,Mop_the_floor,user1,3-2-2,124,124,124,0,0,0,0,0,True,
train__c13__user1__3-2-3,train,13,Mop_the_floor,user1,3-2-3,80,80,80,0,0,0,0,0,True,
train__c13__user20__2-1-1,train,13,Mop_the_floor,user20,2-1-1,75,75,75,0,0,0,0,0,True,
train__c13__user20__2-1-2,train,13,Mop_the_floor,user20,2-1-2,35,35,35,0,0,0,0,0,True,
train__c13__user20__2-1-3,train,13,Mop_the_floor,user20,2-1-3,13,13,13,0,0,0,0,0,True,
train__c13__user20__3-2-1,train,13,Mop_the_floor,user20,3-2-1,50,50,50,0,0,0,0,0,True,
train__c13__user20__3-2-2,train,13,Mop_the_floor,user20,3-2-2,33,33,33,0,0,0,0,0,True,
train__c13__user20__3-2-3,train,13,Mop_the_floor,user20,3-2-3,20,20,20,0,0,0,0,0,True,
train__c13__user20__6-3-1,train,13,Mop_the_floor,user20,6-3-1,48,48,48,0,0,0,0,0,True,
train__c13__user20__6-3-2,train,13,Mop_the_floor,user20,6-3-2,23,23,23,0,0,0,0,0,True,
train__c13__user20__6-3-3,train,13,Mop_the_floor,user20,6-3-3,45,45,45,0,0,0,0,0,True,
train__c13__user21__2-1-1,train,13,Mop_the_floor,user21,2-1-1,41,41,41,0,0,0,0,0,True,
train__c13__user21__2-1-2,train,13,Mop_the_floor,user21,2-1-2,49,49,49,0,0,0,0,0,True,
train__c13__user21__2-1-3,train,13,Mop_the_floor,user21,2-1-3,24,24,24,0,0,0,0,0,True,
train__c13__user2__3-1-1,train,13,Mop_the_floor,user2,3-1-1,0,0,0,29,29,0,0,0,False,depth_unparsed=29; ir_unparsed=29
train__c13__user2__3-1-2,train,13,Mop_the_floor,user2,3-1-2,16,16,16,0,0,0,0,0,True,
train__c13__user2__3-1-3,train,13,Mop_the_floor,user2,3-1-3,20,20,20,0,0,0,0,0,True,
train__c13__user5__5-1-1,train,13,Mop_the_floor,user5,5-1-1,65,65,65,0,0,0,0,0,True,
train__c13__user5__5-1-2,train,13,Mop_the_floor,user5,5-1-2,71,71,71,0,0,0,0,0,True,
train__c13__user5__5-1-3,train,13,Mop_the_floor,user5,5-1-3,36,36,36,0,0,0,0,0,True,
train__c13__user5__7-2-1,train,13,Mop_the_floor,user5,7-2-1,70,70,70,0,0,0,0,0,True,
train__c13__user5__7-2-2,train,13,Mop_the_floor,user5,7-2-2,51,51,51,0,0,0,0,0,True,
train__c13__user5__7-2-3,train,13,Mop_the_floor,user5,7-2-3,35,35,35,0,0,0,0,0,True,
train__c13__user6__3-1-1,train,13,Mop_the_floor,user6,3-1-1,111,111,111,0,0,0,0,0,True,
train__c13__user6__3-1-2,train,13,Mop_the_floor,user6,3-1-2,63,63,63,0,0,0,0,0,True,
train__c13__user6__3-1-3,train,13,Mop_the_floor,user6,3-1-3,31,31,31,0,0,0,0,0,True,
train__c13__user7__3-1-1,train,13,Mop_the_floor,user7,3-1-1,54,54,54,0,0,0,0,0,True,
train__c13__user7__3-1-2,train,13,Mop_the_floor,user7,3-1-2,53,53,53,0,0,0,0,0,True,
train__c13__user7__3-1-3,train,13,Mop_the_floor,user7,3-1-3,28,28,28,0,0,0,0,0,True,
train__c13__user8__3-1-1,train,13,Mop_the_floor,user8,3-1-1,57,57,57,0,0,0,0,0,True,
train__c13__user8__3-1-3,train,13,Mop_the_floor,user8,3-1-3,50,50,50,0,0,0,0,0,True,
train__c13__user9__3-3-1,train,13,Mop_the_floor,user9,3-3-1,33,33,33,0,0,0,0,0,True,
train__c13__user9__3-3-2,train,13,Mop_the_floor,user9,3-3-2,32,32,32,0,0,0,0,0,True,
train__c13__user9__3-3-3,train,13,Mop_the_floor,user9,3-3-3,24,24,24,0,0,0,0,0,True,
train__c13__user9__7-2-1,train,13,Mop_the_floor,user9,7-2-1,27,27,27,0,0,0,0,0,True,
train__c13__user9__7-2-2,train,13,Mop_the_floor,user9,7-2-2,11,11,11,0,0,0,0,0,True,
train__c13__user9__7-2-3,train,13,Mop_the_floor,user9,7-2-3,22,22,22,0,0,0,0,0,True,
train__c14__user16__3-2-1,train,14,Wipe_bowls,user16,3-2-1,32,32,32,0,0,0,0,0,True,
train__c14__user16__3-2-2,train,14,Wipe_bowls,user16,3-2-2,39,39,39,0,0,0,0,0,True,
train__c14__user16__3-2-3,train,14,Wipe_bowls,user16,3-2-3,26,26,26,0,0,0,0,0,True,
train__c14__user18__3-2-1,train,14,Wipe_bowls,user18,3-2-1,27,27,27,0,0,0,0,0,True,
train__c14__user18__3-2-2,train,14,Wipe_bowls,user18,3-2-2,25,25,25,0,0,0,0,0,True,
train__c14__user18__3-2-3,train,14,Wipe_bowls,user18,3-2-3,28,28,28,0,0,0,0,0,True,
train__c14__user1__1-2-1,train,14,Wipe_bowls,user1,1-2-1,32,32,32,0,0,0,0,0,True,
train__c14__user1__1-2-2,train,14,Wipe_bowls,user1,1-2-2,19,19,19,0,0,0,0,0,True,
train__c14__user1__4-1-1,train,14,Wipe_bowls,user1,4-1-1,30,30,30,0,0,0,0,0,True,
train__c14__user1__4-1-2,train,14,Wipe_bowls,user1,4-1-2,32,32,32,0,0,0,0,0,True,
train__c14__user1__4-1-3,train,14,Wipe_bowls,user1,4-1-3,23,23,23,0,0,0,0,0,True,
train__c14__user20__3-1-1,train,14,Wipe_bowls,user20,3-1-1,48,48,48,0,0,0,0,0,True,
train__c14__user20__3-1-2,train,14,Wipe_bowls,user20,3-1-2,38,38,38,0,0,0,0,0,True,
train__c14__user20__3-1-3,train,14,Wipe_bowls,user20,3-1-3,33,33,33,0,0,0,0,0,True,
train__c14__user22__2-1-1,train,14,Wipe_bowls,user22,2-1-1,31,31,31,0,0,0,0,0,True,
train__c14__user22__2-1-2,train,14,Wipe_bowls,user22,2-1-2,23,23,23,0,0,0,0,0,True,
train__c14__user22__2-1-3,train,14,Wipe_bowls,user22,2-1-3,13,13,13,0,0,0,0,0,True,
train__c14__user3__3-1-1,train,14,Wipe_bowls,user3,3-1-1,63,63,63,0,0,0,0,0,True,
train__c14__user3__3-1-2,train,14,Wipe_bowls,user3,3-1-2,55,55,55,0,0,0,0,0,True,
train__c14__user3__3-1-3,train,14,Wipe_bowls,user3,3-1-3,66,66,66,0,0,0,0,0,True,
train__c14__user6__3-2-1,train,14,Wipe_bowls,user6,3-2-1,66,66,66,0,0,0,0,0,True,
train__c14__user6__3-2-2,train,14,Wipe_bowls,user6,3-2-2,65,65,65,0,0,0,0,0,True,
train__c14__user6__3-2-3,train,14,Wipe_bowls,user6,3-2-3,47,47,47,0,0,0,0,0,True,
train__c14__user7__3-2-1,train,14,Wipe_bowls,user7,3-2-1,69,69,69,0,0,0,0,0,True,
train__c14__user7__3-2-2,train,14,Wipe_bowls,user7,3-2-2,50,50,50,0,0,0,0,0,True,
train__c14__user7__3-2-3,train,14,Wipe_bowls,user7,3-2-3,26,26,26,0,0,0,0,0,True,
train__c14__user8__3-2-1,train,14,Wipe_bowls,user8,3-2-1,57,57,57,0,0,0,0,0,True,
train__c14__user8__3-2-2,train,14,Wipe_bowls,user8,3-2-2,64,64,64,0,0,0,0,0,True,
train__c14__user8__3-2-3,train,14,Wipe_bowls,user8,3-2-3,53,53,53,0,0,0,0,0,True,
train__c15__user16__3-3-1,train,15,Wipe_windows_and_tables,user16,3-3-1,41,41,41,0,0,0,0,0,True,
train__c15__user16__3-3-2,train,15,Wipe_windows_and_tables,user16,3-3-2,21,21,21,0,0,0,0,0,True,
train__c15__user16__3-3-3,train,15,Wipe_windows_and_tables,user16,3-3-3,14,14,14,0,0,0,0,0,True,
train__c15__user16__6-2-1,train,15,Wipe_windows_and_tables,user16,6-2-1,53,53,53,0,0,0,0,0,True,
train__c15__user16__6-2-2,train,15,Wipe_windows_and_tables,user16,6-2-2,35,35,35,0,0,0,0,0,True,
train__c15__user16__6-2-3,train,15,Wipe_windows_and_tables,user16,6-2-3,47,47,47,0,0,0,0,0,True,
train__c15__user18__2-2-1,train,15,Wipe_windows_and_tables,user18,2-2-1,36,36,36,0,0,0,0,0,True,
train__c15__user18__2-2-2,train,15,Wipe_windows_and_tables,user18,2-2-2,36,36,36,0,0,0,0,0,True,
train__c15__user18__2-2-3,train,15,Wipe_windows_and_tables,user18,2-2-3,25,25,25,0,0,0,0,0,True,
train__c15__user18__3-3-1,train,15,Wipe_windows_and_tables,user18,3-3-1,42,42,42,0,0,0,0,0,True,
train__c15__user18__3-3-2,train,15,Wipe_windows_and_tables,user18,3-3-2,27,27,27,0,0,0,0,0,True,
train__c15__user18__3-3-3,train,15,Wipe_windows_and_tables,user18,3-3-3,45,45,45,0,0,0,0,0,True,
train__c15__user19__7-2-1,train,15,Wipe_windows_and_tables,user19,7-2-1,16,16,16,0,0,0,0,0,True,
train__c15__user19__7-2-2,train,15,Wipe_windows_and_tables,user19,7-2-2,39,39,39,0,0,0,0,0,True,
train__c15__user19__7-2-3,train,15,Wipe_windows_and_tables,user19,7-2-3,31,31,31,0,0,0,0,0,True,
train__c15__user20__3-2-1,train,15,Wipe_windows_and_tables,user20,3-2-1,36,36,36,0,0,0,0,0,True,
train__c15__user20__3-2-2,train,15,Wipe_windows_and_tables,user20,3-2-2,47,47,47,0,0,0,0,0,True,
train__c15__user20__3-2-3,train,15,Wipe_windows_and_tables,user20,3-2-3,14,14,14,0,0,0,0,0,True,
train__c15__user22__2-1-1,train,15,Wipe_windows_and_tables,user22,2-1-1,50,50,50,0,0,0,0,0,True,
train__c15__user22__2-1-2,train,15,Wipe_windows_and_tables,user22,2-1-2,53,53,53,0,0,0,0,0,True,
train__c15__user22__2-1-3,train,15,Wipe_windows_and_tables,user22,2-1-3,10,10,10,0,0,0,0,0,True,
train__c15__user5__5-1-1,train,15,Wipe_windows_and_tables,user5,5-1-1,42,42,42,0,0,0,0,0,True,
train__c15__user5__5-1-2,train,15,Wipe_windows_and_tables,user5,5-1-2,70,70,70,0,0,0,0,0,True,
train__c15__user5__5-1-3,train,15,Wipe_windows_and_tables,user5,5-1-3,34,34,34,0,0,0,0,0,True,
train__c15__user6__3-3-1,train,15,Wipe_windows_and_tables,user6,3-3-1,73,73,73,0,0,0,0,0,True,
train__c15__user6__3-3-3,train,15,Wipe_windows_and_tables,user6,3-3-3,42,42,42,0,0,0,0,0,True,
train__c15__user6__6-2-1,train,15,Wipe_windows_and_tables,user6,6-2-1,41,41,41,0,0,0,0,0,True,
train__c15__user6__6-2-2,train,15,Wipe_windows_and_tables,user6,6-2-2,17,17,17,0,0,0,0,0,True,
train__c15__user6__6-2-3,train,15,Wipe_windows_and_tables,user6,6-2-3,32,32,32,0,0,0,0,0,True,
train__c15__user7__2-2-1,train,15,Wipe_windows_and_tables,user7,2-2-1,24,24,24,0,0,0,0,0,True,
train__c15__user7__2-2-2,train,15,Wipe_windows_and_tables,user7,2-2-2,30,30,30,0,0,0,0,0,True,
train__c15__user7__2-2-3,train,15,Wipe_windows_and_tables,user7,2-2-3,16,16,16,0,0,0,0,0,True,
train__c15__user7__3-3-1,train,15,Wipe_windows_and_tables,user7,3-3-1,68,68,68,0,0,0,0,0,True,
train__c15__user7__3-3-3,train,15,Wipe_windows_and_tables,user7,3-3-3,42,42,42,0,0,0,0,0,True,
train__c15__user8__2-2-1,train,15,Wipe_windows_and_tables,user8,2-2-1,38,38,38,0,0,0,0,0,True,
train__c15__user8__2-2-2,train,15,Wipe_windows_and_tables,user8,2-2-2,37,37,37,0,0,0,0,0,True,
train__c15__user8__2-2-3,train,15,Wipe_windows_and_tables,user8,2-2-3,27,27,27,0,0,0,0,0,True,
train__c15__user8__3-3-1,train,15,Wipe_windows_and_tables,user8,3-3-1,65,65,65,0,0,0,0,0,True,
train__c15__user8__3-3-2,train,15,Wipe_windows_and_tables,user8,3-3-2,25,25,25,0,0,0,0,0,True,
train__c15__user8__3-3-3,train,15,Wipe_windows_and_tables,user8,3-3-3,40,40,40,0,0,0,0,0,True,
train__c15__user9__7-2-1,train,15,Wipe_windows_and_tables,user9,7-2-1,23,23,23,0,0,0,0,0,True,
train__c15__user9__7-2-2,train,15,Wipe_windows_and_tables,user9,7-2-2,17,17,17,0,0,0,0,0,True,
train__c15__user9__7-2-3,train,15,Wipe_windows_and_tables,user9,7-2-3,29,29,29,0,0,0,0,0,True,
train__c16__user18__2-1-1,train,16,Fold_clothes,user18,2-1-1,105,105,105,0,0,0,0,0,True,
train__c16__user18__2-1-2,train,16,Fold_clothes,user18,2-1-2,108,108,108,0,0,0,0,0,True,
train__c16__user18__2-1-3,train,16,Fold_clothes,user18,2-1-3,43,43,43,0,0,0,0,0,True,
train__c16__user22__3-2-1,train,16,Fold_clothes,user22,3-2-1,49,49,49,0,0,0,0,0,True,
train__c16__user22__3-2-2,train,16,Fold_clothes,user22,3-2-2,32,32,32,0,0,0,0,0,True,
train__c16__user22__3-2-3,train,16,Fold_clothes,user22,3-2-3,15,15,15,0,0,0,0,0,True,
train__c16__user2__1-1-1,train,16,Fold_clothes,user2,1-1-1,0,0,0,140,140,0,0,0,False,depth_unparsed=140; ir_unparsed=140
train__c16__user2__1-1-2,train,16,Fold_clothes,user2,1-1-2,0,0,0,95,95,0,0,0,False,depth_unparsed=95; ir_unparsed=95
train__c16__user2__1-1-3,train,16,Fold_clothes,user2,1-1-3,0,0,0,42,42,0,0,0,False,depth_unparsed=42; ir_unparsed=42
train__c16__user7__6-1-1,train,16,Fold_clothes,user7,6-1-1,58,58,58,0,0,0,0,0,True,
train__c16__user7__6-1-2,train,16,Fold_clothes,user7,6-1-2,64,64,64,0,0,0,0,0,True,
train__c16__user7__6-1-3,train,16,Fold_clothes,user7,6-1-3,26,26,26,0,0,0,0,0,True,
train__c16__user8__2-1-1,train,16,Fold_clothes,user8,2-1-1,123,123,123,0,0,0,0,0,True,
train__c16__user8__2-1-2,train,16,Fold_clothes,user8,2-1-2,68,68,68,0,0,0,0,0,True,
train__c16__user8__2-1-3,train,16,Fold_clothes,user8,2-1-3,33,33,33,0,0,0,0,0,True,
train__c17__user16__4-1-1,train,17,Tap_the_keyboard,user16,4-1-1,79,79,79,0,0,0,0,0,True,
train__c17__user16__4-1-2,train,17,Tap_the_keyboard,user16,4-1-2,65,65,65,0,0,0,0,0,True,
train__c17__user16__4-1-3,train,17,Tap_the_keyboard,user16,4-1-3,63,63,63,0,0,0,0,0,True,
train__c17__user18__5-1-1,train,17,Tap_the_keyboard,user18,5-1-1,82,82,82,0,0,0,0,0,True,
train__c17__user18__5-1-2,train,17,Tap_the_keyboard,user18,5-1-2,37,37,37,0,0,0,0,0,True,
train__c17__user18__5-1-3,train,17,Tap_the_keyboard,user18,5-1-3,21,21,21,0,0,0,0,0,True,
train__c17__user19__1-2-1,train,17,Tap_the_keyboard,user19,1-2-1,23,23,23,0,0,0,0,0,True,
train__c17__user19__1-2-2,train,17,Tap_the_keyboard,user19,1-2-2,13,13,13,0,0,0,0,0,True,
train__c17__user19__1-2-3,train,17,Tap_the_keyboard,user19,1-2-3,24,24,24,0,0,0,0,0,True,
train__c17__user19__4-1-1,train,17,Tap_the_keyboard,user19,4-1-1,26,26,26,0,0,0,0,0,True,
train__c17__user19__4-1-2,train,17,Tap_the_keyboard,user19,4-1-2,23,23,23,0,0,0,0,0,True,
train__c17__user19__4-1-3,train,17,Tap_the_keyboard,user19,4-1-3,13,13,13,0,0,0,0,0,True,
train__c17__user19__4-3-1,train,17,Tap_the_keyboard,user19,4-3-1,29,29,29,0,0,0,0,0,True,
train__c17__user19__4-3-2,train,17,Tap_the_keyboard,user19,4-3-2,53,53,53,0,0,0,0,0,True,
train__c17__user19__4-3-3,train,17,Tap_the_keyboard,user19,4-3-3,18,18,18,0,0,0,0,0,True,
train__c17__user19__6-1-1,train,17,Tap_the_keyboard,user19,6-1-1,17,17,17,0,0,0,0,0,True,
train__c17__user19__6-1-2,train,17,Tap_the_keyboard,user19,6-1-2,8,8,8,0,0,0,0,0,True,
train__c17__user19__6-1-3,train,17,Tap_the_keyboard,user19,6-1-3,24,24,24,0,0,0,0,0,True,
train__c17__user1__2-2-1,train,17,Tap_the_keyboard,user1,2-2-1,100,100,100,0,0,0,0,0,True,
train__c17__user1__2-2-2,train,17,Tap_the_keyboard,user1,2-2-2,114,114,114,0,0,0,0,0,True,
train__c17__user1__2-2-3,train,17,Tap_the_keyboard,user1,2-2-3,75,75,75,0,0,0,0,0,True,
train__c17__user1__3-2-1,train,17,Tap_the_keyboard,user1,3-2-1,67,67,67,0,0,0,0,0,True,
train__c17__user1__3-2-2,train,17,Tap_the_keyboard,user1,3-2-2,66,66,66,0,0,0,0,0,True,
train__c17__user1__3-2-3,train,17,Tap_the_keyboard,user1,3-2-3,29,29,29,0,0,0,0,0,True,
train__c17__user20__2-2-1,train,17,Tap_the_keyboard,user20,2-2-1,31,31,31,0,0,0,0,0,True,
train__c17__user20__2-2-2,train,17,Tap_the_keyboard,user20,2-2-2,22,22,22,0,0,0,0,0,True,
train__c17__user20__2-2-3,train,17,Tap_the_keyboard,user20,2-2-3,11,11,11,0,0,0,0,0,True,
train__c17__user20__4-1-1,train,17,Tap_the_keyboard,user20,4-1-1,50,50,50,0,0,0,0,0,True,
train__c17__user20__4-1-2,train,17,Tap_the_keyboard,user20,4-1-2,46,46,46,0,0,0,0,0,True,
train__c17__user20__4-1-3,train,17,Tap_the_keyboard,user20,4-1-3,56,56,56,0,0,0,0,0,True,
train__c17__user20__5-1-1,train,17,Tap_the_keyboard,user20,5-1-1,76,76,76,0,0,0,0,0,True,
train__c17__user20__5-1-2,train,17,Tap_the_keyboard,user20,5-1-2,29,29,29,0,0,0,0,0,True,
train__c17__user20__5-1-3,train,17,Tap_the_keyboard,user20,5-1-3,38,38,38,0,0,0,0,0,True,
train__c17__user22__1-2-1,train,17,Tap_the_keyboard,user22,1-2-1,31,31,31,0,0,0,0,0,True,
train__c17__user22__1-2-2,train,17,Tap_the_keyboard,user22,1-2-2,10,10,10,0,0,0,0,0,True,
train__c17__user22__1-2-3,train,17,Tap_the_keyboard,user22,1-2-3,11,11,11,0,0,0,0,0,True,
train__c17__user22__4-1-1,train,17,Tap_the_keyboard,user22,4-1-1,1,1,1,0,0,0,0,0,True,
train__c17__user22__4-1-2,train,17,Tap_the_keyboard,user22,4-1-2,45,45,45,0,0,0,0,0,True,
train__c17__user22__4-1-3,train,17,Tap_the_keyboard,user22,4-1-3,46,46,46,0,0,0,0,0,True,
train__c17__user3__3-2-1,train,17,Tap_the_keyboard,user3,3-2-1,50,50,50,0,0,0,0,0,True,
train__c17__user3__3-2-2,train,17,Tap_the_keyboard,user3,3-2-2,39,39,39,0,0,0,0,0,True,
train__c17__user3__3-2-3,train,17,Tap_the_keyboard,user3,3-2-3,57,57,57,0,0,0,0,0,True,
train__c17__user3__4-1-1,train,17,Tap_the_keyboard,user3,4-1-1,69,69,69,0,0,0,0,0,True,
train__c17__user3__4-1-2,train,17,Tap_the_keyboard,user3,4-1-2,72,72,72,0,0,0,0,0,True,
train__c17__user3__4-1-3,train,17,Tap_the_keyboard,user3,4-1-3,55,55,55,0,0,0,0,0,True,
train__c17__user5__4-1-1,train,17,Tap_the_keyboard,user5,4-1-1,47,47,47,0,0,0,0,0,True,
train__c17__user5__4-1-2,train,17,Tap_the_keyboard,user5,4-1-2,54,54,54,0,0,0,0,0,True,
train__c17__user5__4-1-3,train,17,Tap_the_keyboard,user5,4-1-3,22,22,22,0,0,0,0,0,True,
train__c17__user6__4-1-1,train,17,Tap_the_keyboard,user6,4-1-1,63,63,63,0,0,0,0,0,True,
train__c17__user6__4-1-2,train,17,Tap_the_keyboard,user6,4-1-2,66,66,66,0,0,0,0,0,True,
train__c17__user6__4-1-3,train,17,Tap_the_keyboard,user6,4-1-3,59,59,59,0,0,0,0,0,True,
train__c17__user7__4-1-1,train,17,Tap_the_keyboard,user7,4-1-1,12,12,12,0,0,0,0,0,True,
train__c17__user7__4-1-2,train,17,Tap_the_keyboard,user7,4-1-2,19,19,19,0,0,0,0,0,True,
train__c17__user7__4-1-3,train,17,Tap_the_keyboard,user7,4-1-3,19,19,19,0,0,0,0,0,True,
train__c17__user7__6-3-1,train,17,Tap_the_keyboard,user7,6-3-1,52,52,52,0,0,0,0,0,True,
train__c17__user8__5-1-1,train,17,Tap_the_keyboard,user8,5-1-1,36,36,36,0,0,0,0,0,True,
train__c17__user8__5-1-2,train,17,Tap_the_keyboard,user8,5-1-2,21,21,21,0,0,0,0,0,True,
train__c17__user8__5-1-3,train,17,Tap_the_keyboard,user8,5-1-3,12,12,12,0,0,0,0,0,True,
train__c17__user9__1-2-2,train,17,Tap_the_keyboard,user9,1-2-2,14,14,14,0,0,0,0,0,True,
train__c17__user9__1-2-3,train,17,Tap_the_keyboard,user9,1-2-3,15,15,15,0,0,0,0,0,True,
train__c17__user9__4-1-1,train,17,Tap_the_keyboard,user9,4-1-1,21,21,21,0,0,0,0,0,True,
train__c17__user9__4-1-2,train,17,Tap_the_keyboard,user9,4-1-2,21,21,21,0,0,0,0,0,True,
train__c17__user9__4-1-3,train,17,Tap_the_keyboard,user9,4-1-3,17,17,17,0,0,0,0,0,True,
train__c17__user9__4-3-1,train,17,Tap_the_keyboard,user9,4-3-1,54,54,54,0,0,0,0,0,True,
train__c17__user9__4-3-2,train,17,Tap_the_keyboard,user9,4-3-2,40,40,40,0,0,0,0,0,True,
train__c17__user9__4-3-3,train,17,Tap_the_keyboard,user9,4-3-3,22,22,22,0,0,0,0,0,True,
train__c17__user9__6-1-1,train,17,Tap_the_keyboard,user9,6-1-1,17,17,17,0,0,0,0,0,True,
train__c17__user9__6-1-2,train,17,Tap_the_keyboard,user9,6-1-2,33,33,33,0,0,0,0,0,True,
train__c17__user9__6-1-3,train,17,Tap_the_keyboard,user9,6-1-3,26,26,26,0,0,0,0,0,True,
train__c18__user18__4-1-1,train,18,Write,user18,4-1-1,36,36,36,0,0,0,0,0,True,
train__c18__user18__4-1-2,train,18,Write,user18,4-1-2,3,3,3,0,0,0,0,0,True,
train__c18__user18__4-1-3,train,18,Write,user18,4-1-3,31,31,31,0,0,0,0,0,True,
train__c18__user18__6-2-1,train,18,Write,user18,6-2-1,16,16,16,0,0,0,0,0,True,
train__c18__user18__6-2-2,train,18,Write,user18,6-2-2,6,6,6,0,0,0,0,0,True,
train__c18__user18__6-2-3,train,18,Write,user18,6-2-3,11,11,11,0,0,0,0,0,True,
train__c18__user20__2-2-1,train,18,Write,user20,2-2-1,14,14,14,0,0,0,0,0,True,
train__c18__user20__2-2-2,train,18,Write,user20,2-2-2,17,17,17,0,0,0,0,0,True,
train__c18__user20__2-2-3,train,18,Write,user20,2-2-3,8,8,8,0,0,0,0,0,True,
train__c18__user22__3-1-1,train,18,Write,user22,3-1-1,31,31,31,0,0,0,0,0,True,
train__c18__user22__3-1-2,train,18,Write,user22,3-1-2,26,26,26,0,0,0,0,0,True,
train__c18__user2__4-1-2,train,18,Write,user2,4-1-2,43,43,43,0,0,0,0,0,True,
train__c18__user2__4-1-3,train,18,Write,user2,4-1-3,18,18,18,0,0,0,0,0,True,
train__c18__user2__4-3-1,train,18,Write,user2,4-3-1,27,27,27,0,0,0,0,0,True,
train__c18__user2__4-3-2,train,18,Write,user2,4-3-2,33,33,33,0,0,0,0,0,True,
train__c18__user2__4-3-3,train,18,Write,user2,4-3-3,27,27,27,0,0,0,0,0,True,
train__c18__user3__3-2-1,train,18,Write,user3,3-2-1,66,66,66,0,0,0,0,0,True,
train__c18__user3__3-2-2,train,18,Write,user3,3-2-2,31,31,31,0,0,0,0,0,True,
train__c18__user3__3-2-3,train,18,Write,user3,3-2-3,24,24,24,0,0,0,0,0,True,
train__c18__user5__4-3-1,train,18,Write,user5,4-3-1,12,12,12,0,0,0,0,0,True,
train__c18__user5__4-3-3,train,18,Write,user5,4-3-3,18,18,18,0,0,0,0,0,True,
train__c18__user6__4-1-1,train,18,Write,user6,4-1-1,74,74,74,0,0,0,0,0,True,
train__c18__user6__4-1-2,train,18,Write,user6,4-1-2,61,61,61,0,0,0,0,0,True,
train__c18__user6__4-1-3,train,18,Write,user6,4-1-3,58,58,58,0,0,0,0,0,True,
train__c18__user8__6-2-1,train,18,Write,user8,6-2-1,27,27,27,0,0,0,0,0,True,
train__c18__user8__6-2-2,train,18,Write,user8,6-2-2,19,19,19,0,0,0,0,0,True,
train__c18__user8__6-2-3,train,18,Write,user8,6-2-3,16,16,16,0,0,0,0,0,True,
train__c19__user16__4-1-1,train,19,Make_a_phone_call,user16,4-1-1,41,41,41,0,0,0,0,0,True,
train__c19__user16__4-1-2,train,19,Make_a_phone_call,user16,4-1-2,27,27,27,0,0,0,0,0,True,
train__c19__user16__4-1-3,train,19,Make_a_phone_call,user16,4-1-3,32,32,32,0,0,0,0,0,True,
train__c19__user18__1-2-1,train,19,Make_a_phone_call,user18,1-2-1,34,34,34,0,0,0,0,0,True,
train__c19__user18__1-2-2,train,19,Make_a_phone_call,user18,1-2-2,45,45,45,0,0,0,0,0,True,
train__c19__user18__1-2-3,train,19,Make_a_phone_call,user18,1-2-3,37,37,37,0,0,0,0,0,True,
train__c19__user18__2-1-1,train,19,Make_a_phone_call,user18,2-1-1,19,19,19,0,0,0,0,0,True,
train__c19__user18__2-1-2,train,19,Make_a_phone_call,user18,2-1-2,21,21,21,0,0,0,0,0,True,
train__c19__user18__2-1-3,train,19,Make_a_phone_call,user18,2-1-3,21,21,21,0,0,0,0,0,True,
train__c19__user21__4-1-1,train,19,Make_a_phone_call,user21,4-1-1,70,70,70,0,0,0,0,0,True,
train__c19__user21__4-1-2,train,19,Make_a_phone_call,user21,4-1-2,56,56,56,0,0,0,0,0,True,
train__c19__user21__4-1-3,train,19,Make_a_phone_call,user21,4-1-3,30,30,30,0,0,0,0,0,True,
train__c19__user22__4-1-1,train,19,Make_a_phone_call,user22,4-1-1,38,38,38,0,0,0,0,0,True,
train__c19__user22__4-1-2,train,19,Make_a_phone_call,user22,4-1-2,30,30,30,0,0,0,0,0,True,
train__c19__user22__4-1-3,train,19,Make_a_phone_call,user22,4-1-3,32,32,32,0,0,0,0,0,True,
train__c19__user2__4-1-1,train,19,Make_a_phone_call,user2,4-1-1,31,31,31,0,0,0,0,0,True,
train__c19__user2__4-1-2,train,19,Make_a_phone_call,user2,4-1-2,19,19,19,0,0,0,0,0,True,
train__c19__user2__4-1-3,train,19,Make_a_phone_call,user2,4-1-3,15,15,15,0,0,0,0,0,True,
train__c19__user3__3-2-1,train,19,Make_a_phone_call,user3,3-2-1,34,34,34,0,0,0,0,0,True,
train__c19__user3__3-2-2,train,19,Make_a_phone_call,user3,3-2-2,27,27,27,0,0,0,0,0,True,
train__c19__user3__3-2-3,train,19,Make_a_phone_call,user3,3-2-3,31,31,31,0,0,0,0,0,True,
train__c19__user3__4-1-1,train,19,Make_a_phone_call,user3,4-1-1,52,52,52,0,0,0,0,0,True,
train__c19__user3__4-1-2,train,19,Make_a_phone_call,user3,4-1-2,45,45,45,0,0,0,0,0,True,
train__c19__user3__4-1-3,train,19,Make_a_phone_call,user3,4-1-3,55,55,55,0,0,0,0,0,True,
train__c19__user5__4-1-1,train,19,Make_a_phone_call,user5,4-1-1,61,61,61,0,0,0,0,0,True,
train__c19__user5__4-1-2,train,19,Make_a_phone_call,user5,4-1-2,89,89,89,0,0,0,0,0,True,
train__c19__user5__4-1-3,train,19,Make_a_phone_call,user5,4-1-3,78,78,78,0,0,0,0,0,True,
train__c19__user6__4-1-1,train,19,Make_a_phone_call,user6,4-1-1,23,23,23,0,0,0,0,0,True,
train__c19__user6__4-1-2,train,19,Make_a_phone_call,user6,4-1-2,36,36,36,0,0,0,0,0,True,
train__c19__user6__4-1-3,train,19,Make_a_phone_call,user6,4-1-3,14,14,14,0,0,0,0,0,True,
train__c19__user8__1-2-1,train,19,Make_a_phone_call,user8,1-2-1,9,9,9,0,0,0,0,0,True,
train__c19__user8__1-2-2,train,19,Make_a_phone_call,user8,1-2-2,24,24,24,0,0,0,0,0,True,
train__c19__user8__1-2-3,train,19,Make_a_phone_call,user8,1-2-3,15,15,15,0,0,0,0,0,True,
train__c19__user8__2-1-1,train,19,Make_a_phone_call,user8,2-1-1,28,28,28,0,0,0,0,0,True,
train__c19__user8__2-1-3,train,19,Make_a_phone_call,user8,2-1-3,19,19,19,0,0,0,0,0,True,
train__c20__user16__4-1-1,train,20,Check_the_time,user16,4-1-1,16,16,16,0,0,0,0,0,True,
train__c20__user16__4-1-2,train,20,Check_the_time,user16,4-1-2,26,26,26,0,0,0,0,0,True,
train__c20__user16__4-1-3,train,20,Check_the_time,user16,4-1-3,26,26,26,0,0,0,0,0,True,
train__c20__user16__5-3-1,train,20,Check_the_time,user16,5-3-1,42,42,42,0,0,0,0,0,True,
train__c20__user16__5-3-2,train,20,Check_the_time,user16,5-3-2,26,26,26,0,0,0,0,0,True,
train__c20__user16__5-3-3,train,20,Check_the_time,user16,5-3-3,28,28,28,0,0,0,0,0,True,
train__c20__user16__7-3-1,train,20,Check_the_time,user16,7-3-1,26,26,26,0,0,0,0,0,True,
train__c20__user16__7-3-2,train,20,Check_the_time,user16,7-3-2,34,34,34,0,0,0,0,0,True,
train__c20__user16__7-3-3,train,20,Check_the_time,user16,7-3-3,22,22,22,0,0,0,0,0,True,
train__c20__user18__2-1-1,train,20,Check_the_time,user18,2-1-1,19,19,19,0,0,0,0,0,True,
train__c20__user18__2-1-2,train,20,Check_the_time,user18,2-1-2,12,12,12,0,0,0,0,0,True,
train__c20__user18__2-1-3,train,20,Check_the_time,user18,2-1-3,13,13,13,0,0,0,0,0,True,
train__c20__user18__5-1-1,train,20,Check_the_time,user18,5-1-1,21,21,21,0,0,0,0,0,True,
train__c20__user18__5-1-2,train,20,Check_the_time,user18,5-1-2,22,22,22,0,0,0,0,0,True,
train__c20__user18__5-1-3,train,20,Check_the_time,user18,5-1-3,16,16,16,0,0,0,0,0,True,
train__c20__user18__6-2-1,train,20,Check_the_time,user18,6-2-1,14,14,14,0,0,0,0,0,True,
train__c20__user18__6-2-2,train,20,Check_the_time,user18,6-2-2,7,7,7,0,0,0,0,0,True,
train__c20__user18__6-2-3,train,20,Check_the_time,user18,6-2-3,9,9,9,0,0,0,0,0,True,
train__c20__user19__4-1-1,train,20,Check_the_time,user19,4-1-1,11,11,11,0,0,0,0,0,True,
train__c20__user19__4-1-2,train,20,Check_the_time,user19,4-1-2,9,9,9,0,0,0,0,0,True,
train__c20__user19__4-1-3,train,20,Check_the_time,user19,4-1-3,7,7,7,0,0,0,0,0,True,
train__c20__user19__5-3-1,train,20,Check_the_time,user19,5-3-1,12,12,12,0,0,0,0,0,True,
train__c20__user19__5-3-2,train,20,Check_the_time,user19,5-3-2,14,14,14,0,0,0,0,0,True,
train__c20__user19__5-3-3,train,20,Check_the_time,user19,5-3-3,5,5,5,0,0,0,0,0,True,
train__c20__user1__3-2-1,train,20,Check_the_time,user1,3-2-1,13,13,13,0,0,0,0,0,True,
train__c20__user1__3-2-2,train,20,Check_the_time,user1,3-2-2,9,9,9,0,0,0,0,0,True,
train__c20__user1__3-2-3,train,20,Check_the_time,user1,3-2-3,4,4,4,0,0,0,0,0,True,
train__c20__user1__5-1-1,train,20,Check_the_time,user1,5-1-1,17,17,17,0,0,0,0,0,True,
train__c20__user1__5-1-2,train,20,Check_the_time,user1,5-1-2,40,40,40,0,0,0,0,0,True,
train__c20__user1__5-1-3,train,20,Check_the_time,user1,5-1-3,25,25,25,0,0,0,0,0,True,
train__c20__user20__1-1-1,train,20,Check_the_time,user20,1-1-1,32,32,32,0,0,0,0,0,True,
train__c20__user20__1-1-2,train,20,Check_the_time,user20,1-1-2,18,18,18,0,0,0,0,0,True,
train__c20__user20__1-1-3,train,20,Check_the_time,user20,1-1-3,26,26,26,0,0,0,0,0,True,
train__c20__user20__2-2-1,train,20,Check_the_time,user20,2-2-1,14,14,14,0,0,0,0,0,True,
train__c20__user20__2-2-2,train,20,Check_the_time,user20,2-2-2,11,11,11,0,0,0,0,0,True,
train__c20__user20__2-2-3,train,20,Check_the_time,user20,2-2-3,4,4,4,0,0,0,0,0,True,
train__c20__user20__4-1-1,train,20,Check_the_time,user20,4-1-1,21,21,21,0,0,0,0,0,True,
train__c20__user20__4-1-2,train,20,Check_the_time,user20,4-1-2,6,6,6,0,0,0,0,0,True,
train__c20__user20__4-1-3,train,20,Check_the_time,user20,4-1-3,13,13,13,0,0,0,0,0,True,
train__c20__user20__5-1-1,train,20,Check_the_time,user20,5-1-1,5,5,5,0,0,0,0,0,True,
train__c20__user20__5-1-2,train,20,Check_the_time,user20,5-1-2,5,5,5,0,0,0,0,0,True,
train__c20__user20__5-1-3,train,20,Check_the_time,user20,5-1-3,11,11,11,0,0,0,0,0,True,
train__c20__user21__2-2-1,train,20,Check_the_time,user21,2-2-1,19,19,19,0,0,0,0,0,True,
train__c20__user21__2-2-2,train,20,Check_the_time,user21,2-2-2,8,8,8,0,0,0,0,0,True,
train__c20__user21__2-2-3,train,20,Check_the_time,user21,2-2-3,14,14,14,0,0,0,0,0,True,
train__c20__user21__6-2-1,train,20,Check_the_time,user21,6-2-1,28,28,28,0,0,0,0,0,True,
train__c20__user21__6-2-2,train,20,Check_the_time,user21,6-2-2,18,18,18,0,0,0,0,0,True,
train__c20__user21__6-2-3,train,20,Check_the_time,user21,6-2-3,18,18,18,0,0,0,0,0,True,
train__c20__user22__6-1-1,train,20,Check_the_time,user22,6-1-1,15,15,15,0,0,0,0,0,True,
train__c20__user22__6-1-2,train,20,Check_the_time,user22,6-1-2,12,12,12,0,0,0,0,0,True,
train__c20__user22__6-1-3,train,20,Check_the_time,user22,6-1-3,3,3,3,0,0,0,0,0,True,
train__c20__user5__4-1-1,train,20,Check_the_time,user5,4-1-1,16,16,16,0,0,0,0,0,True,
train__c20__user5__4-1-2,train,20,Check_the_time,user5,4-1-2,14,14,14,0,0,0,0,0,True,
train__c20__user5__4-1-3,train,20,Check_the_time,user5,4-1-3,12,12,12,0,0,0,0,0,True,
train__c20__user6__4-1-1,train,20,Check_the_time,user6,4-1-1,25,25,25,0,0,0,0,0,True,
train__c20__user6__4-1-2,train,20,Check_the_time,user6,4-1-2,9,9,9,0,0,0,0,0,True,
train__c20__user6__4-1-3,train,20,Check_the_time,user6,4-1-3,14,14,14,0,0,0,0,0,True,
train__c20__user6__5-3-1,train,20,Check_the_time,user6,5-3-1,17,17,17,0,0,0,0,0,True,
train__c20__user6__5-3-2,train,20,Check_the_time,user6,5-3-2,28,28,28,0,0,0,0,0,True,
train__c20__user6__5-3-3,train,20,Check_the_time,user6,5-3-3,16,16,16,0,0,0,0,0,True,
train__c20__user6__6-2-1,train,20,Check_the_time,user6,6-2-1,12,12,12,0,0,0,0,0,True,
train__c20__user6__6-2-2,train,20,Check_the_time,user6,6-2-2,6,6,6,0,0,0,0,0,True,
train__c20__user6__6-2-3,train,20,Check_the_time,user6,6-2-3,17,17,17,0,0,0,0,0,True,
train__c20__user6__7-3-1,train,20,Check_the_time,user6,7-3-1,12,12,12,0,0,0,0,0,True,
train__c20__user6__7-3-2,train,20,Check_the_time,user6,7-3-2,14,14,14,0,0,0,0,0,True,
train__c20__user6__7-3-3,train,20,Check_the_time,user6,7-3-3,7,7,7,0,0,0,0,0,True,
train__c20__user7__4-1-1,train,20,Check_the_time,user7,4-1-1,11,11,11,0,0,0,0,0,True,
train__c20__user7__4-1-2,train,20,Check_the_time,user7,4-1-2,7,7,7,0,0,0,0,0,True,
train__c20__user7__4-1-3,train,20,Check_the_time,user7,4-1-3,7,7,7,0,0,0,0,0,True,
train__c20__user8__2-1-1,train,20,Check_the_time,user8,2-1-1,16,16,16,0,0,0,0,0,True,
train__c20__user8__2-1-2,train,20,Check_the_time,user8,2-1-2,20,20,20,0,0,0,0,0,True,
train__c20__user8__2-1-3,train,20,Check_the_time,user8,2-1-3,23,23,23,0,0,0,0,0,True,
train__c20__user8__5-1-1,train,20,Check_the_time,user8,5-1-1,12,12,12,0,0,0,0,0,True,
train__c20__user8__5-1-2,train,20,Check_the_time,user8,5-1-2,15,15,15,0,0,0,0,0,True,
train__c20__user8__5-1-3,train,20,Check_the_time,user8,5-1-3,20,20,20,0,0,0,0,0,True,
train__c20__user8__6-2-1,train,20,Check_the_time,user8,6-2-1,24,24,24,0,0,0,0,0,True,
train__c20__user9__5-3-1,train,20,Check_the_time,user9,5-3-1,11,11,11,0,0,0,0,0,True,
train__c20__user9__5-3-2,train,20,Check_the_time,user9,5-3-2,13,13,13,0,0,0,0,0,True,
train__c20__user9__5-3-3,train,20,Check_the_time,user9,5-3-3,9,9,9,0,0,0,0,0,True,
train__c20__user9__6-1-1,train,20,Check_the_time,user9,6-1-1,6,6,6,0,0,0,0,0,True,
train__c20__user9__6-1-2,train,20,Check_the_time,user9,6-1-2,5,5,5,0,0,0,0,0,True,
train__c20__user9__6-1-3,train,20,Check_the_time,user9,6-1-3,8,8,8,0,0,0,0,0,True,
train__c21__user16__4-1-1,train,21,Read_documents,user16,4-1-1,25,25,25,0,0,0,0,0,True,
train__c21__user16__4-1-2,train,21,Read_documents,user16,4-1-2,18,18,18,0,0,0,0,0,True,
train__c21__user16__4-1-3,train,21,Read_documents,user16,4-1-3,4,4,4,0,0,0,0,0,True,
train__c21__user16__7-3-1,train,21,Read_documents,user16,7-3-1,17,17,17,0,0,0,0,0,True,
train__c21__user16__7-3-2,train,21,Read_documents,user16,7-3-2,18,18,18,0,0,0,0,0,True,
train__c21__user16__7-3-3,train,21,Read_documents,user16,7-3-3,4,4,4,0,0,0,0,0,True,
train__c21__user18__1-2-1,train,21,Read_documents,user18,1-2-1,54,54,54,0,0,0,0,0,True,
train__c21__user18__1-2-2,train,21,Read_documents,user18,1-2-2,40,40,40,0,0,0,0,0,True,
train__c21__user18__1-2-3,train,21,Read_documents,user18,1-2-3,48,48,48,0,0,0,0,0,True,
train__c21__user18__4-1-1,train,21,Read_documents,user18,4-1-1,68,68,68,0,0,0,0,0,True,
train__c21__user18__4-1-2,train,21,Read_documents,user18,4-1-2,32,32,32,0,0,0,0,0,True,
train__c21__user18__4-1-3,train,21,Read_documents,user18,4-1-3,65,65,65,0,0,0,0,0,True,
train__c21__user19__4-1-1,train,21,Read_documents,user19,4-1-1,5,5,5,0,0,0,0,0,True,
train__c21__user19__4-1-2,train,21,Read_documents,user19,4-1-2,8,8,8,0,0,0,0,0,True,
train__c21__user19__4-1-3,train,21,Read_documents,user19,4-1-3,5,5,5,0,0,0,0,0,True,
train__c21__user1__6-2-1,train,21,Read_documents,user1,6-2-1,30,30,30,0,0,0,0,0,True,
train__c21__user1__6-2-2,train,21,Read_documents,user1,6-2-2,11,11,11,0,0,0,0,0,True,
train__c21__user1__6-2-3,train,21,Read_documents,user1,6-2-3,10,10,10,0,0,0,0,0,True,
train__c21__user20__4-1-1,train,21,Read_documents,user20,4-1-1,66,66,66,0,0,0,0,0,True,
train__c21__user20__4-1-2,train,21,Read_documents,user20,4-1-2,9,9,9,0,0,0,0,0,True,
train__c21__user20__4-1-3,train,21,Read_documents,user20,4-1-3,16,16,16,0,0,0,0,0,True,
train__c21__user22__1-2-1,train,21,Read_documents,user22,1-2-1,29,29,29,0,0,0,0,0,True,
train__c21__user22__1-2-2,train,21,Read_documents,user22,1-2-2,32,32,32,0,0,0,0,0,True,
train__c21__user22__1-2-3,train,21,Read_documents,user22,1-2-3,9,9,9,0,0,0,0,0,True,
train__c21__user22__4-1-1,train,21,Read_documents,user22,4-1-1,9,9,9,0,0,0,0,0,True,
train__c21__user22__4-1-2,train,21,Read_documents,user22,4-1-2,15,15,15,0,0,0,0,0,True,
train__c21__user22__4-1-3,train,21,Read_documents,user22,4-1-3,25,25,25,0,0,0,0,0,True,
train__c21__user2__3-2-2,train,21,Read_documents,user2,3-2-2,7,7,7,0,0,0,0,0,True,
train__c21__user2__3-2-3,train,21,Read_documents,user2,3-2-3,15,15,15,0,0,0,0,0,True,
train__c21__user3__4-1-1,train,21,Read_documents,user3,4-1-1,105,105,105,0,0,0,0,0,True,
train__c21__user3__4-1-2,train,21,Read_documents,user3,4-1-2,94,94,94,0,0,0,0,0,True,
train__c21__user3__4-1-3,train,21,Read_documents,user3,4-1-3,72,72,72,0,0,0,0,0,True,
train__c21__user3__5-2-1,train,21,Read_documents,user3,5-2-1,99,99,99,0,0,0,0,0,True,
train__c21__user3__5-2-2,train,21,Read_documents,user3,5-2-2,50,50,50,0,0,0,0,0,True,
train__c21__user3__5-2-3,train,21,Read_documents,user3,5-2-3,94,94,94,0,0,0,0,0,True,
train__c21__user3__6-2-2,train,21,Read_documents,user3,6-2-2,0,0,0,31,31,0,0,0,False,depth_unparsed=31; ir_unparsed=31
train__c21__user3__6-2-3,train,21,Read_documents,user3,6-2-3,0,0,0,24,24,0,0,0,False,depth_unparsed=24; ir_unparsed=24
train__c21__user6__4-1-1,train,21,Read_documents,user6,4-1-1,47,47,47,0,0,0,0,0,True,
train__c21__user6__4-1-2,train,21,Read_documents,user6,4-1-2,37,37,37,0,0,0,0,0,True,
train__c21__user6__4-1-3,train,21,Read_documents,user6,4-1-3,26,26,26,0,0,0,0,0,True,
train__c21__user6__7-3-1,train,21,Read_documents,user6,7-3-1,52,52,52,0,0,0,0,0,True,
train__c21__user6__7-3-2,train,21,Read_documents,user6,7-3-2,42,42,42,0,0,0,0,0,True,
train__c21__user6__7-3-3,train,21,Read_documents,user6,7-3-3,48,48,48,0,0,0,0,0,True,
train__c21__user7__4-1-1,train,21,Read_documents,user7,4-1-1,63,63,63,0,0,0,0,0,True,
train__c21__user7__4-1-2,train,21,Read_documents,user7,4-1-2,46,46,46,0,0,0,0,0,True,
train__c21__user7__4-1-3,train,21,Read_documents,user7,4-1-3,33,33,33,0,0,0,0,0,True,
train__c21__user8__1-2-1,train,21,Read_documents,user8,1-2-1,49,49,49,0,0,0,0,0,True,
train__c21__user8__1-2-2,train,21,Read_documents,user8,1-2-2,24,24,24,0,0,0,0,0,True,
train__c21__user8__1-2-3,train,21,Read_documents,user8,1-2-3,40,40,40,0,0,0,0,0,True,
train__c21__user8__4-1-1,train,21,Read_documents,user8,4-1-1,73,73,73,0,0,0,0,0,True,
train__c21__user8__4-1-2,train,21,Read_documents,user8,4-1-2,45,45,45,0,0,0,0,0,True,
train__c21__user8__4-1-3,train,21,Read_documents,user8,4-1-3,32,32,32,0,0,0,0,0,True,
train__c21__user9__4-1-1,train,21,Read_documents,user9,4-1-1,47,47,47,0,0,0,0,0,True,
train__c21__user9__4-1-2,train,21,Read_documents,user9,4-1-2,37,37,37,0,0,0,0,0,True,
train__c21__user9__4-1-3,train,21,Read_documents,user9,4-1-3,45,45,45,0,0,0,0,0,True,
train__c21__user9__6-1-1,train,21,Read_documents,user9,6-1-1,47,47,47,0,0,0,0,0,True,
train__c21__user9__6-1-2,train,21,Read_documents,user9,6-1-2,27,27,27,0,0,0,0,0,True,
train__c21__user9__6-1-3,train,21,Read_documents,user9,6-1-3,24,24,24,0,0,0,0,0,True,
train__c22__user16__4-1-1,train,22,Turn_pages,user16,4-1-1,47,47,47,0,0,0,0,0,True,
train__c22__user16__4-1-2,train,22,Turn_pages,user16,4-1-2,33,33,33,0,0,0,0,0,True,
train__c22__user16__4-1-3,train,22,Turn_pages,user16,4-1-3,48,48,48,0,0,0,0,0,True,
train__c22__user16__7-3-1,train,22,Turn_pages,user16,7-3-1,64,64,64,0,0,0,0,0,True,
train__c22__user16__7-3-2,train,22,Turn_pages,user16,7-3-2,68,68,68,0,0,0,0,0,True,
train__c22__user16__7-3-3,train,22,Turn_pages,user16,7-3-3,48,48,48,0,0,0,0,0,True,
train__c22__user18__1-2-1,train,22,Turn_pages,user18,1-2-1,22,22,22,0,0,0,0,0,True,
train__c22__user18__1-2-2,train,22,Turn_pages,user18,1-2-2,21,21,21,0,0,0,0,0,True,
train__c22__user18__1-2-3,train,22,Turn_pages,user18,1-2-3,23,23,23,0,0,0,0,0,True,
train__c22__user18__4-1-1,train,22,Turn_pages,user18,4-1-1,63,63,63,0,0,0,0,0,True,
train__c22__user18__4-1-2,train,22,Turn_pages,user18,4-1-2,15,15,15,0,0,0,0,0,True,
train__c22__user18__4-1-3,train,22,Turn_pages,user18,4-1-3,31,31,31,0,0,0,0,0,True,
train__c22__user1__6-2-1,train,22,Turn_pages,user1,6-2-1,30,30,30,0,0,0,0,0,True,
train__c22__user1__6-2-2,train,22,Turn_pages,user1,6-2-2,19,19,19,0,0,0,0,0,True,
train__c22__user1__6-2-3,train,22,Turn_pages,user1,6-2-3,37,37,37,0,0,0,0,0,True,
train__c22__user20__2-2-1,train,22,Turn_pages,user20,2-2-1,27,27,27,0,0,0,0,0,True,
train__c22__user20__2-2-2,train,22,Turn_pages,user20,2-2-2,31,31,31,0,0,0,0,0,True,
train__c22__user20__2-2-3,train,22,Turn_pages,user20,2-2-3,11,11,11,0,0,0,0,0,True,
train__c22__user20__4-1-1,train,22,Turn_pages,user20,4-1-1,33,33,33,0,0,0,0,0,True,
train__c22__user20__4-1-2,train,22,Turn_pages,user20,4-1-2,29,29,29,0,0,0,0,0,True,
train__c22__user20__4-1-3,train,22,Turn_pages,user20,4-1-3,28,28,28,0,0,0,0,0,True,
train__c22__user21__2-2-1,train,22,Turn_pages,user21,2-2-1,102,102,102,0,0,0,0,0,True,
train__c22__user21__2-2-2,train,22,Turn_pages,user21,2-2-2,66,66,66,0,0,0,0,0,True,
train__c22__user21__2-2-3,train,22,Turn_pages,user21,2-2-3,66,66,66,0,0,0,0,0,True,
train__c22__user22__4-1-1,train,22,Turn_pages,user22,4-1-1,52,52,52,0,0,0,0,0,True,
train__c22__user22__4-1-2,train,22,Turn_pages,user22,4-1-2,39,39,39,0,0,0,0,0,True,
train__c22__user22__4-1-3,train,22,Turn_pages,user22,4-1-3,14,14,14,0,0,0,0,0,True,
train__c22__user2__3-2-2,train,22,Turn_pages,user2,3-2-2,22,22,22,0,0,0,0,0,True,
train__c22__user2__3-2-3,train,22,Turn_pages,user2,3-2-3,37,37,37,0,0,0,0,0,True,
train__c22__user3__4-1-1,train,22,Turn_pages,user3,4-1-1,9,9,9,0,0,0,0,0,True,
train__c22__user3__4-1-2,train,22,Turn_pages,user3,4-1-2,10,10,10,0,0,0,0,0,True,
train__c22__user3__4-1-3,train,22,Turn_pages,user3,4-1-3,63,63,63,0,0,0,0,0,True,
train__c22__user3__5-2-1,train,22,Turn_pages,user3,5-2-1,7,7,7,0,0,0,0,0,True,
train__c22__user3__5-2-2,train,22,Turn_pages,user3,5-2-2,8,8,8,0,0,0,0,0,True,
train__c22__user3__5-2-3,train,22,Turn_pages,user3,5-2-3,19,19,19,0,0,0,0,0,True,
train__c22__user5__2-1-1,train,22,Turn_pages,user5,2-1-1,52,52,52,0,0,0,0,0,True,
train__c22__user5__2-1-2,train,22,Turn_pages,user5,2-1-2,36,36,36,0,0,0,0,0,True,
train__c22__user5__2-1-3,train,22,Turn_pages,user5,2-1-3,44,44,44,0,0,0,0,0,True,
train__c22__user6__4-1-1,train,22,Turn_pages,user6,4-1-1,35,35,35,0,0,0,0,0,True,
train__c22__user6__4-1-2,train,22,Turn_pages,user6,4-1-2,30,30,30,0,0,0,0,0,True,
train__c22__user6__4-1-3,train,22,Turn_pages,user6,4-1-3,18,18,18,0,0,0,0,0,True,
train__c22__user6__7-3-1,train,22,Turn_pages,user6,7-3-1,42,42,42,0,0,0,0,0,True,
train__c22__user6__7-3-2,train,22,Turn_pages,user6,7-3-2,40,40,40,0,0,0,0,0,True,
train__c22__user6__7-3-3,train,22,Turn_pages,user6,7-3-3,39,39,39,0,0,0,0,0,True,
train__c22__user8__4-1-1,train,22,Turn_pages,user8,4-1-1,65,65,65,0,0,0,0,0,True,
train__c22__user8__4-1-2,train,22,Turn_pages,user8,4-1-2,38,38,38,0,0,0,0,0,True,
train__c22__user8__4-1-3,train,22,Turn_pages,user8,4-1-3,30,30,30,0,0,0,0,0,True,
train__c22__user8__6-2-1,train,22,Turn_pages,user8,6-2-1,27,27,27,0,0,0,0,0,True,
train__c22__user8__6-2-2,train,22,Turn_pages,user8,6-2-2,5,5,5,0,0,0,0,0,True,
train__c22__user8__6-2-3,train,22,Turn_pages,user8,6-2-3,14,14,14,0,0,0,0,0,True,
train__c23__user16__4-1-1,train,23,Listen_to_music_with_headphones,user16,4-1-1,51,51,51,0,0,0,0,0,True,
train__c23__user16__4-1-2,train,23,Listen_to_music_with_headphones,user16,4-1-2,33,33,33,0,0,0,0,0,True,
train__c23__user16__4-1-3,train,23,Listen_to_music_with_headphones,user16,4-1-3,34,34,34,0,0,0,0,0,True,
train__c23__user16__5-1-1,train,23,Listen_to_music_with_headphones,user16,5-1-1,19,19,19,0,0,0,0,0,True,
train__c23__user16__5-1-2,train,23,Listen_to_music_with_headphones,user16,5-1-2,23,23,23,0,0,0,0,0,True,
train__c23__user16__5-1-3,train,23,Listen_to_music_with_headphones,user16,5-1-3,37,37,37,0,0,0,0,0,True,
train__c23__user18__1-2-1,train,23,Listen_to_music_with_headphones,user18,1-2-1,231,231,231,0,0,0,0,0,True,
train__c23__user18__1-2-2,train,23,Listen_to_music_with_headphones,user18,1-2-2,175,175,175,0,0,0,0,0,True,
train__c23__user18__1-2-3,train,23,Listen_to_music_with_headphones,user18,1-2-3,188,188,188,0,0,0,0,0,True,
train__c23__user19__1-2-1,train,23,Listen_to_music_with_headphones,user19,1-2-1,17,17,17,0,0,0,0,0,True,
train__c23__user19__1-2-2,train,23,Listen_to_music_with_headphones,user19,1-2-2,23,23,23,0,0,0,0,0,True,
train__c23__user19__1-2-3,train,23,Listen_to_music_with_headphones,user19,1-2-3,18,18,18,0,0,0,0,0,True,
train__c23__user19__3-3-1,train,23,Listen_to_music_with_headphones,user19,3-3-1,35,35,35,0,0,0,0,0,True,
train__c23__user19__3-3-2,train,23,Listen_to_music_with_headphones,user19,3-3-2,11,11,11,0,0,0,0,0,True,
train__c23__user19__3-3-3,train,23,Listen_to_music_with_headphones,user19,3-3-3,10,10,10,0,0,0,0,0,True,
train__c23__user1__5-1-1,train,23,Listen_to_music_with_headphones,user1,5-1-1,48,48,48,0,0,0,0,0,True,
train__c23__user1__5-1-2,train,23,Listen_to_music_with_headphones,user1,5-1-2,16,16,16,0,0,0,0,0,True,
train__c23__user1__5-1-3,train,23,Listen_to_music_with_headphones,user1,5-1-3,7,7,7,0,0,0,0,0,True,
train__c23__user20__6-3-1,train,23,Listen_to_music_with_headphones,user20,6-3-1,38,38,38,0,0,0,0,0,True,
train__c23__user20__6-3-2,train,23,Listen_to_music_with_headphones,user20,6-3-2,33,33,33,0,0,0,0,0,True,
train__c23__user20__6-3-3,train,23,Listen_to_music_with_headphones,user20,6-3-3,41,41,41,0,0,0,0,0,True,
train__c23__user21__1-2-1,train,23,Listen_to_music_with_headphones,user21,1-2-1,34,34,34,0,0,0,0,0,True,
train__c23__user21__1-2-2,train,23,Listen_to_music_with_headphones,user21,1-2-2,29,29,29,0,0,0,0,0,True,
train__c23__user21__1-2-3,train,23,Listen_to_music_with_headphones,user21,1-2-3,22,22,22,0,0,0,0,0,True,
train__c23__user21__5-2-1,train,23,Listen_to_music_with_headphones,user21,5-2-1,11,11,11,0,0,0,0,0,True,
train__c23__user21__5-2-2,train,23,Listen_to_music_with_headphones,user21,5-2-2,21,21,21,0,0,0,0,0,True,
train__c23__user21__5-2-3,train,23,Listen_to_music_with_headphones,user21,5-2-3,39,39,39,0,0,0,0,0,True,
train__c23__user22__1-2-1,train,23,Listen_to_music_with_headphones,user22,1-2-1,40,40,40,0,0,0,0,0,True,
train__c23__user22__1-2-2,train,23,Listen_to_music_with_headphones,user22,1-2-2,21,21,21,0,0,0,0,0,True,
train__c23__user22__1-2-3,train,23,Listen_to_music_with_headphones,user22,1-2-3,17,17,17,0,0,0,0,0,True,
train__c23__user2__6-1-2,train,23,Listen_to_music_with_headphones,user2,6-1-2,30,30,30,0,0,0,0,0,True,
train__c23__user2__7-3-1,train,23,Listen_to_music_with_headphones,user2,7-3-1,34,34,34,0,0,0,0,0,True,
train__c23__user2__7-3-2,train,23,Listen_to_music_with_headphones,user2,7-3-2,35,35,35,0,0,0,0,0,True,
train__c23__user2__7-3-3,train,23,Listen_to_music_with_headphones,user2,7-3-3,13,13,13,0,0,0,0,0,True,
train__c23__user3__1-2-1,train,23,Listen_to_music_with_headphones,user3,1-2-1,22,22,22,0,0,0,0,0,True,
train__c23__user3__1-2-2,train,23,Listen_to_music_with_headphones,user3,1-2-2,16,16,16,0,0,0,0,0,True,
train__c23__user3__3-2-1,train,23,Listen_to_music_with_headphones,user3,3-2-1,26,26,26,0,0,0,0,0,True,
train__c23__user3__3-2-2,train,23,Listen_to_music_with_headphones,user3,3-2-2,20,20,20,0,0,0,0,0,True,
train__c23__user3__3-2-3,train,23,Listen_to_music_with_headphones,user3,3-2-3,19,19,19,0,0,0,0,0,True,
train__c23__user6__4-1-1,train,23,Listen_to_music_with_headphones,user6,4-1-1,45,45,45,0,0,0,0,0,True,
train__c23__user6__4-1-2,train,23,Listen_to_music_with_headphones,user6,4-1-2,41,41,41,0,0,0,0,0,True,
train__c23__user6__4-1-3,train,23,Listen_to_music_with_headphones,user6,4-1-3,32,32,32,0,0,0,0,0,True,
train__c23__user7__6-2-1,train,23,Listen_to_music_with_headphones,user7,6-2-1,17,17,17,0,0,0,0,0,True,
train__c23__user7__6-2-2,train,23,Listen_to_music_with_headphones,user7,6-2-2,30,30,30,0,0,0,0,0,True,
train__c23__user7__6-2-3,train,23,Listen_to_music_with_headphones,user7,6-2-3,15,15,15,0,0,0,0,0,True,
train__c23__user7__7-1-1,train,23,Listen_to_music_with_headphones,user7,7-1-1,19,19,19,0,0,0,0,0,True,
train__c23__user7__7-1-2,train,23,Listen_to_music_with_headphones,user7,7-1-2,23,23,23,0,0,0,0,0,True,
train__c23__user7__7-1-3,train,23,Listen_to_music_with_headphones,user7,7-1-3,13,13,13,0,0,0,0,0,True,
train__c23__user8__2-1-1,train,23,Listen_to_music_with_headphones,user8,2-1-1,56,56,56,0,0,0,0,0,True,
train__c23__user8__2-1-2,train,23,Listen_to_music_with_headphones,user8,2-1-2,36,36,36,0,0,0,0,0,True,
train__c23__user8__2-1-3,train,23,Listen_to_music_with_headphones,user8,2-1-3,18,18,18,0,0,0,0,0,True,
train__c23__user8__4-1-3,train,23,Listen_to_music_with_headphones,user8,4-1-3,129,129,129,0,0,0,0,0,True,
train__c23__user9__1-2-1,train,23,Listen_to_music_with_headphones,user9,1-2-1,42,42,42,0,0,0,0,0,True,
train__c23__user9__1-2-2,train,23,Listen_to_music_with_headphones,user9,1-2-2,22,22,22,0,0,0,0,0,True,
train__c23__user9__1-2-3,train,23,Listen_to_music_with_headphones,user9,1-2-3,38,38,38,0,0,0,0,0,True,
train__c23__user9__3-3-1,train,23,Listen_to_music_with_headphones,user9,3-3-1,41,41,41,0,0,0,0,0,True,
train__c23__user9__3-3-2,train,23,Listen_to_music_with_headphones,user9,3-3-2,40,40,40,0,0,0,0,0,True,
train__c23__user9__3-3-3,train,23,Listen_to_music_with_headphones,user9,3-3-3,12,12,12,0,0,0,0,0,True,
train__c24__user16__6-2-1,train,24,Use_a_mobile_phone,user16,6-2-1,25,25,25,0,0,0,0,0,True,
train__c24__user16__6-2-2,train,24,Use_a_mobile_phone,user16,6-2-2,10,10,10,0,0,0,0,0,True,
train__c24__user16__6-2-3,train,24,Use_a_mobile_phone,user16,6-2-3,25,25,25,0,0,0,0,0,True,
train__c24__user20__4-1-1,train,24,Use_a_mobile_phone,user20,4-1-1,26,26,26,0,0,0,0,0,True,
train__c24__user20__4-1-2,train,24,Use_a_mobile_phone,user20,4-1-2,22,22,22,0,0,0,0,0,True,
train__c24__user20__4-1-3,train,24,Use_a_mobile_phone,user20,4-1-3,16,16,16,0,0,0,0,0,True,
train__c24__user21__1-2-1,train,24,Use_a_mobile_phone,user21,1-2-1,31,31,31,0,0,0,0,0,True,
train__c24__user21__1-2-2,train,24,Use_a_mobile_phone,user21,1-2-2,59,59,59,0,0,0,0,0,True,
train__c24__user21__1-2-3,train,24,Use_a_mobile_phone,user21,1-2-3,25,25,25,0,0,0,0,0,True,
train__c24__user21__4-1-1,train,24,Use_a_mobile_phone,user21,4-1-1,39,39,39,0,0,0,0,0,True,
train__c24__user21__4-1-2,train,24,Use_a_mobile_phone,user21,4-1-2,18,18,18,0,0,0,0,0,True,
train__c24__user21__4-1-3,train,24,Use_a_mobile_phone,user21,4-1-3,14,14,14,0,0,0,0,0,True,
train__c24__user21__5-2-1,train,24,Use_a_mobile_phone,user21,5-2-1,18,18,18,0,0,0,0,0,True,
train__c24__user21__5-2-2,train,24,Use_a_mobile_phone,user21,5-2-2,31,31,31,0,0,0,0,0,True,
train__c24__user21__5-2-3,train,24,Use_a_mobile_phone,user21,5-2-3,27,27,27,0,0,0,0,0,True,
train__c24__user22__5-2-1,train,24,Use_a_mobile_phone,user22,5-2-1,35,35,35,0,0,0,0,0,True,
train__c24__user22__5-2-2,train,24,Use_a_mobile_phone,user22,5-2-2,30,30,30,0,0,0,0,0,True,
train__c24__user22__5-2-3,train,24,Use_a_mobile_phone,user22,5-2-3,36,36,36,0,0,0,0,0,True,
train__c24__user2__6-1-1,train,24,Use_a_mobile_phone,user2,6-1-1,41,41,41,0,0,0,0,0,True,
train__c24__user2__6-1-2,train,24,Use_a_mobile_phone,user2,6-1-2,11,11,11,0,0,0,0,0,True,
train__c24__user2__7-3-1,train,24,Use_a_mobile_phone,user2,7-3-1,21,21,21,0,0,0,0,0,True,
train__c24__user2__7-3-2,train,24,Use_a_mobile_phone,user2,7-3-2,12,12,12,0,0,0,0,0,True,
train__c24__user2__7-3-3,train,24,Use_a_mobile_phone,user2,7-3-3,16,16,16,0,0,0,0,0,True,
train__c24__user6__5-1-1,train,24,Use_a_mobile_phone,user6,5-1-1,99,99,99,0,0,0,0,0,True,
train__c24__user6__5-1-2,train,24,Use_a_mobile_phone,user6,5-1-2,87,87,87,0,0,0,0,0,True,
train__c24__user6__5-1-3,train,24,Use_a_mobile_phone,user6,5-1-3,53,53,53,0,0,0,0,0,True,
train__c24__user6__6-2-1,train,24,Use_a_mobile_phone,user6,6-2-1,12,12,12,0,0,0,0,0,True,
train__c24__user6__6-2-2,train,24,Use_a_mobile_phone,user6,6-2-2,6,6,6,0,0,0,0,0,True,
train__c24__user6__6-2-3,train,24,Use_a_mobile_phone,user6,6-2-3,17,17,17,0,0,0,0,0,True,
train__c24__user7__1-2-1,train,24,Use_a_mobile_phone,user7,1-2-1,50,50,50,0,0,0,0,0,True,
train__c24__user7__1-2-2,train,24,Use_a_mobile_phone,user7,1-2-2,35,35,35,0,0,0,0,0,True,
train__c24__user7__1-2-3,train,24,Use_a_mobile_phone,user7,1-2-3,40,40,40,0,0,0,0,0,True,
train__c25__user1__5-1-1,train,25,Watch_TV,user1,5-1-1,58,58,58,0,0,0,0,0,True,
train__c25__user1__5-1-2,train,25,Watch_TV,user1,5-1-2,37,37,37,0,0,0,0,0,True,
train__c25__user1__5-1-3,train,25,Watch_TV,user1,5-1-3,40,40,40,0,0,0,0,0,True,
train__c25__user7__5-1-1,train,25,Watch_TV,user7,5-1-1,64,64,64,0,0,0,0,0,True,
train__c25__user7__5-1-2,train,25,Watch_TV,user7,5-1-2,65,65,65,0,0,0,0,0,True,
train__c25__user7__5-1-3,train,25,Watch_TV,user7,5-1-3,43,43,43,0,0,0,0,0,True,
train__c26__user16__5-3-1,train,26,Play_games,user16,5-3-1,129,129,129,0,0,0,0,0,True,
train__c26__user16__5-3-2,train,26,Play_games,user16,5-3-2,61,61,61,0,0,0,0,0,True,
train__c26__user16__5-3-3,train,26,Play_games,user16,5-3-3,40,40,40,0,0,0,0,0,True,
train__c26__user19__3-1-1,train,26,Play_games,user19,3-1-1,32,32,32,0,0,0,0,0,True,
train__c26__user19__3-1-2,train,26,Play_games,user19,3-1-2,48,48,48,0,0,0,0,0,True,
train__c26__user19__3-1-3,train,26,Play_games,user19,3-1-3,28,28,28,0,0,0,0,0,True,
train__c26__user19__5-1-1,train,26,Play_games,user19,5-1-1,59,59,59,0,0,0,0,0,True,
train__c26__user19__5-1-2,train,26,Play_games,user19,5-1-2,43,43,43,0,0,0,0,0,True,
train__c26__user19__5-1-3,train,26,Play_games,user19,5-1-3,39,39,39,0,0,0,0,0,True,
train__c26__user19__5-3-1,train,26,Play_games,user19,5-3-1,32,32,32,0,0,0,0,0,True,
train__c26__user19__5-3-2,train,26,Play_games,user19,5-3-2,24,24,24,0,0,0,0,0,True,
train__c26__user19__6-2-1,train,26,Play_games,user19,6-2-1,19,19,19,0,0,0,0,0,True,
train__c26__user19__6-2-2,train,26,Play_games,user19,6-2-2,6,6,6,0,0,0,0,0,True,
train__c26__user19__6-2-3,train,26,Play_games,user19,6-2-3,16,16,16,0,0,0,0,0,True,
train__c26__user6__5-3-1,train,26,Play_games,user6,5-3-1,26,26,26,0,0,0,0,0,True,
train__c26__user6__5-3-2,train,26,Play_games,user6,5-3-2,23,23,23,0,0,0,0,0,True,
train__c26__user9__3-1-1,train,26,Play_games,user9,3-1-1,67,67,67,0,0,0,0,0,True,
train__c26__user9__3-1-2,train,26,Play_games,user9,3-1-2,43,43,43,0,0,0,0,0,True,
train__c26__user9__3-1-3,train,26,Play_games,user9,3-1-3,47,47,47,0,0,0,0,0,True,
train__c26__user9__5-1-1,train,26,Play_games,user9,5-1-1,62,62,62,0,0,0,0,0,True,
train__c26__user9__5-1-2,train,26,Play_games,user9,5-1-2,57,57,57,0,0,0,0,0,True,
train__c26__user9__5-1-3,train,26,Play_games,user9,5-1-3,37,37,37,0,0,0,0,0,True,
train__c26__user9__5-3-1,train,26,Play_games,user9,5-3-1,23,23,23,0,0,0,0,0,True,
train__c26__user9__5-3-2,train,26,Play_games,user9,5-3-2,18,18,18,0,0,0,0,0,True,
train__c26__user9__5-3-3,train,26,Play_games,user9,5-3-3,27,27,27,0,0,0,0,0,True,
train__c26__user9__6-2-1,train,26,Play_games,user9,6-2-1,15,15,15,0,0,0,0,0,True,
train__c26__user9__6-2-2,train,26,Play_games,user9,6-2-2,7,7,7,0,0,0,0,0,True,
train__c26__user9__6-2-3,train,26,Play_games,user9,6-2-3,9,9,9,0,0,0,0,0,True,
train__c27__user18__1-2-1,train,27,Take_a_selfie,user18,1-2-1,35,35,35,0,0,0,0,0,True,
train__c27__user18__1-2-2,train,27,Take_a_selfie,user18,1-2-2,49,49,49,0,0,0,0,0,True,
train__c27__user18__1-2-3,train,27,Take_a_selfie,user18,1-2-3,23,23,23,0,0,0,0,0,True,
train__c27__user19__6-2-1,train,27,Take_a_selfie,user19,6-2-1,33,33,33,0,0,0,0,0,True,
train__c27__user19__6-2-2,train,27,Take_a_selfie,user19,6-2-2,17,17,17,0,0,0,0,0,True,
train__c27__user19__6-2-3,train,27,Take_a_selfie,user19,6-2-3,18,18,18,0,0,0,0,0,True,
train__c27__user1__5-1-1,train,27,Take_a_selfie,user1,5-1-1,76,76,76,0,0,0,0,0,True,
train__c27__user1__5-1-2,train,27,Take_a_selfie,user1,5-1-2,153,153,153,0,0,0,0,0,True,
train__c27__user1__5-1-3,train,27,Take_a_selfie,user1,5-1-3,105,105,105,0,0,0,0,0,True,
train__c27__user20__7-2-1,train,27,Take_a_selfie,user20,7-2-1,45,45,45,0,0,0,0,0,True,
train__c27__user20__7-2-2,train,27,Take_a_selfie,user20,7-2-2,43,43,43,0,0,0,0,0,True,
train__c27__user20__7-2-3,train,27,Take_a_selfie,user20,7-2-3,13,13,13,0,0,0,0,0,True,
train__c27__user21__5-1-1,train,27,Take_a_selfie,user21,5-1-1,10,10,10,0,0,0,0,0,True,
train__c27__user21__5-1-2,train,27,Take_a_selfie,user21,5-1-2,10,10,10,0,0,0,0,0,True,
train__c27__user21__5-1-3,train,27,Take_a_selfie,user21,5-1-3,14,14,14,0,0,0,0,0,True,
train__c27__user22__4-2-1,train,27,Take_a_selfie,user22,4-2-1,36,36,36,0,0,0,0,0,True,
train__c27__user22__4-2-2,train,27,Take_a_selfie,user22,4-2-2,24,24,24,0,0,0,0,0,True,
train__c27__user22__4-2-3,train,27,Take_a_selfie,user22,4-2-3,14,14,14,0,0,0,0,0,True,
train__c27__user7__1-2-1,train,27,Take_a_selfie,user7,1-2-1,32,32,32,0,0,0,0,0,True,
train__c27__user7__1-2-2,train,27,Take_a_selfie,user7,1-2-2,23,23,23,0,0,0,0,0,True,
train__c27__user7__1-2-3,train,27,Take_a_selfie,user7,1-2-3,23,23,23,0,0,0,0,0,True,
train__c27__user8__1-2-1,train,27,Take_a_selfie,user8,1-2-1,35,35,35,0,0,0,0,0,True,
train__c27__user8__1-2-2,train,27,Take_a_selfie,user8,1-2-2,19,19,19,0,0,0,0,0,True,
train__c27__user8__1-2-3,train,27,Take_a_selfie,user8,1-2-3,19,19,19,0,0,0,0,0,True,
train__c27__user9__6-2-1,train,27,Take_a_selfie,user9,6-2-1,13,13,13,0,0,0,0,0,True,
train__c27__user9__6-2-2,train,27,Take_a_selfie,user9,6-2-2,11,11,11,0,0,0,0,0,True,
train__c27__user9__6-2-3,train,27,Take_a_selfie,user9,6-2-3,13,13,13,0,0,0,0,0,True,
train__c28__user16__4-1-1,train,28,Jog_in_place,user16,4-1-1,38,38,38,0,0,0,0,0,True,
train__c28__user16__4-1-2,train,28,Jog_in_place,user16,4-1-2,39,39,39,0,0,0,0,0,True,
train__c28__user16__4-1-3,train,28,Jog_in_place,user16,4-1-3,42,42,42,0,0,0,0,0,True,
train__c28__user18__5-1-1,train,28,Jog_in_place,user18,5-1-1,26,26,26,0,0,0,0,0,True,
train__c28__user18__5-1-2,train,28,Jog_in_place,user18,5-1-2,34,34,34,0,0,0,0,0,True,
train__c28__user18__5-1-3,train,28,Jog_in_place,user18,5-1-3,16,16,16,0,0,0,0,0,True,
train__c28__user22__7-2-1,train,28,Jog_in_place,user22,7-2-1,34,34,34,0,0,0,0,0,True,
train__c28__user22__7-2-2,train,28,Jog_in_place,user22,7-2-2,22,22,22,0,0,0,0,0,True,
train__c28__user22__7-2-3,train,28,Jog_in_place,user22,7-2-3,12,12,12,0,0,0,0,0,True,
train__c28__user2__5-1-1,train,28,Jog_in_place,user2,5-1-1,97,97,97,0,0,0,0,0,True,
train__c28__user2__5-1-2,train,28,Jog_in_place,user2,5-1-2,85,85,85,0,0,0,0,0,True,
train__c28__user2__5-1-3,train,28,Jog_in_place,user2,5-1-3,76,76,76,0,0,0,0,0,True,
train__c28__user2__6-1-1,train,28,Jog_in_place,user2,6-1-1,42,42,42,0,0,0,0,0,True,
train__c28__user2__6-1-2,train,28,Jog_in_place,user2,6-1-2,43,43,43,0,0,0,0,0,True,
train__c28__user3__2-1-1,train,28,Jog_in_place,user3,2-1-1,54,54,54,0,0,0,0,0,True,
train__c28__user3__2-1-2,train,28,Jog_in_place,user3,2-1-2,53,53,53,0,0,0,0,0,True,
train__c28__user3__2-1-3,train,28,Jog_in_place,user3,2-1-3,37,37,37,0,0,0,0,0,True,
train__c28__user6__4-1-1,train,28,Jog_in_place,user6,4-1-1,20,20,20,0,0,0,0,0,True,
train__c28__user6__4-1-2,train,28,Jog_in_place,user6,4-1-2,14,14,14,0,0,0,0,0,True,
train__c28__user6__4-1-3,train,28,Jog_in_place,user6,4-1-3,7,7,7,0,0,0,0,0,True,
train__c28__user7__3-1-1,train,28,Jog_in_place,user7,3-1-1,52,52,52,0,0,0,0,0,True,
train__c28__user7__3-1-2,train,28,Jog_in_place,user7,3-1-2,32,32,32,0,0,0,0,0,True,
train__c28__user7__3-1-3,train,28,Jog_in_place,user7,3-1-3,29,29,29,0,0,0,0,0,True,
train__c28__user8__5-1-1,train,28,Jog_in_place,user8,5-1-1,34,34,34,0,0,0,0,0,True,
train__c28__user8__5-1-2,train,28,Jog_in_place,user8,5-1-2,24,24,24,0,0,0,0,0,True,
train__c28__user8__5-1-3,train,28,Jog_in_place,user8,5-1-3,32,32,32,0,0,0,0,0,True,
train__c29__user16__3-1-1,train,29,Do_squats,user16,3-1-1,70,70,70,0,0,0,0,0,True,
train__c29__user16__3-1-2,train,29,Do_squats,user16,3-1-2,59,59,59,0,0,0,0,0,True,
train__c29__user16__3-1-3,train,29,Do_squats,user16,3-1-3,32,32,32,0,0,0,0,0,True,
train__c29__user18__6-1-1,train,29,Do_squats,user18,6-1-1,39,39,39,0,0,0,0,0,True,
train__c29__user18__6-1-2,train,29,Do_squats,user18,6-1-2,31,31,31,0,0,0,0,0,True,
train__c29__user18__6-1-3,train,29,Do_squats,user18,6-1-3,28,28,28,0,0,0,0,0,True,
train__c29__user19__2-2-1,train,29,Do_squats,user19,2-2-1,38,38,38,0,0,0,0,0,True,
train__c29__user19__2-2-2,train,29,Do_squats,user19,2-2-2,33,33,33,0,0,0,0,0,True,
train__c29__user19__2-2-3,train,29,Do_squats,user19,2-2-3,18,18,18,0,0,0,0,0,True,
train__c29__user19__3-3-1,train,29,Do_squats,user19,3-3-1,39,39,39,0,0,0,0,0,True,
train__c29__user19__3-3-2,train,29,Do_squats,user19,3-3-2,21,21,21,0,0,0,0,0,True,
train__c29__user19__3-3-3,train,29,Do_squats,user19,3-3-3,14,14,14,0,0,0,0,0,True,
train__c29__user19__4-2-1,train,29,Do_squats,user19,4-2-1,22,22,22,0,0,0,0,0,True,
train__c29__user19__4-2-2,train,29,Do_squats,user19,4-2-2,21,21,21,0,0,0,0,0,True,
train__c29__user19__4-2-3,train,29,Do_squats,user19,4-2-3,16,16,16,0,0,0,0,0,True,
train__c29__user19__5-3-1,train,29,Do_squats,user19,5-3-1,27,27,27,0,0,0,0,0,True,
train__c29__user19__5-3-2,train,29,Do_squats,user19,5-3-2,28,28,28,0,0,0,0,0,True,
train__c29__user19__5-3-3,train,29,Do_squats,user19,5-3-3,15,15,15,0,0,0,0,0,True,
train__c29__user1__1-1-1,train,29,Do_squats,user1,1-1-1,50,50,50,0,0,0,0,0,True,
train__c29__user1__1-1-2,train,29,Do_squats,user1,1-1-2,54,54,54,0,0,0,0,0,True,
train__c29__user1__1-1-3,train,29,Do_squats,user1,1-1-3,26,26,26,0,0,0,0,0,True,
train__c29__user1__3-2-1,train,29,Do_squats,user1,3-2-1,34,34,34,0,0,0,0,0,True,
train__c29__user1__3-2-2,train,29,Do_squats,user1,3-2-2,64,64,64,0,0,0,0,0,True,
train__c29__user1__3-2-3,train,29,Do_squats,user1,3-2-3,51,51,51,0,0,0,0,0,True,
train__c29__user20__1-2-1,train,29,Do_squats,user20,1-2-1,19,19,19,0,0,0,0,0,True,
train__c29__user20__1-2-2,train,29,Do_squats,user20,1-2-2,18,18,18,0,0,0,0,0,True,
train__c29__user20__1-2-3,train,29,Do_squats,user20,1-2-3,17,17,17,0,0,0,0,0,True,
train__c29__user20__6-1-1,train,29,Do_squats,user20,6-1-1,37,37,37,0,0,0,0,0,True,
train__c29__user20__6-1-2,train,29,Do_squats,user20,6-1-2,19,19,19,0,0,0,0,0,True,
train__c29__user20__6-1-3,train,29,Do_squats,user20,6-1-3,38,38,38,0,0,0,0,0,True,
train__c29__user21__3-2-1,train,29,Do_squats,user21,3-2-1,17,17,17,0,0,0,0,0,True,
train__c29__user21__3-2-2,train,29,Do_squats,user21,3-2-2,26,26,26,0,0,0,0,0,True,
train__c29__user21__3-2-3,train,29,Do_squats,user21,3-2-3,18,18,18,0,0,0,0,0,True,
train__c29__user22__6-2-1,train,29,Do_squats,user22,6-2-1,11,11,11,0,0,0,0,0,True,
train__c29__user22__6-2-2,train,29,Do_squats,user22,6-2-2,36,36,36,0,0,0,0,0,True,
train__c29__user22__6-2-3,train,29,Do_squats,user22,6-2-3,41,41,41,0,0,0,0,0,True,
train__c29__user2__2-2-1,train,29,Do_squats,user2,2-2-1,61,61,61,0,0,0,0,0,True,
train__c29__user2__2-2-2,train,29,Do_squats,user2,2-2-2,69,69,69,0,0,0,0,0,True,
train__c29__user2__2-2-3,train,29,Do_squats,user2,2-2-3,42,42,42,0,0,0,0,0,True,
train__c29__user2__5-1-1,train,29,Do_squats,user2,5-1-1,77,77,77,0,0,0,0,0,True,
train__c29__user2__5-1-2,train,29,Do_squats,user2,5-1-2,62,62,62,0,0,0,0,0,True,
train__c29__user2__5-1-3,train,29,Do_squats,user2,5-1-3,39,39,39,0,0,0,0,0,True,
train__c29__user3__2-1-1,train,29,Do_squats,user3,2-1-1,55,55,55,0,0,0,0,0,True,
train__c29__user3__2-1-2,train,29,Do_squats,user3,2-1-2,36,36,36,0,0,0,0,0,True,
train__c29__user3__2-1-3,train,29,Do_squats,user3,2-1-3,27,27,27,0,0,0,0,0,True,
train__c29__user6__3-1-1,train,29,Do_squats,user6,3-1-1,17,17,17,0,0,0,0,0,True,
train__c29__user6__3-1-2,train,29,Do_squats,user6,3-1-2,47,47,47,0,0,0,0,0,True,
train__c29__user6__3-1-3,train,29,Do_squats,user6,3-1-3,16,16,16,0,0,0,0,0,True,
train__c29__user7__4-1-1,train,29,Do_squats,user7,4-1-1,34,34,34,0,0,0,0,0,True,
train__c29__user7__4-1-2,train,29,Do_squats,user7,4-1-2,5,5,5,0,0,0,0,0,True,
train__c29__user7__4-1-3,train,29,Do_squats,user7,4-1-3,14,14,14,0,0,0,0,0,True,
train__c29__user9__2-2-1,train,29,Do_squats,user9,2-2-1,22,22,22,0,0,0,0,0,True,
train__c29__user9__2-2-2,train,29,Do_squats,user9,2-2-2,19,19,19,0,0,0,0,0,True,
train__c29__user9__2-2-3,train,29,Do_squats,user9,2-2-3,16,16,16,0,0,0,0,0,True,
train__c29__user9__3-3-1,train,29,Do_squats,user9,3-3-1,8,8,8,0,0,0,0,0,True,
train__c29__user9__3-3-2,train,29,Do_squats,user9,3-3-2,9,9,9,0,0,0,0,0,True,
train__c29__user9__3-3-3,train,29,Do_squats,user9,3-3-3,15,15,15,0,0,0,0,0,True,
train__c29__user9__4-2-2,train,29,Do_squats,user9,4-2-2,15,15,15,0,0,0,0,0,True,
train__c29__user9__4-2-3,train,29,Do_squats,user9,4-2-3,14,14,14,0,0,0,0,0,True,
train__c29__user9__5-3-1,train,29,Do_squats,user9,5-3-1,18,18,18,0,0,0,0,0,True,
train__c29__user9__5-3-2,train,29,Do_squats,user9,5-3-2,18,18,18,0,0,0,0,0,True,
train__c29__user9__5-3-3,train,29,Do_squats,user9,5-3-3,14,14,14,0,0,0,0,0,True,
train__c30__user16__6-1-1,train,30,Do_jumping_jacks,user16,6-1-1,31,31,31,0,0,0,0,0,True,
train__c30__user16__6-1-2,train,30,Do_jumping_jacks,user16,6-1-2,45,45,45,0,0,0,0,0,True,
train__c30__user16__6-1-3,train,30,Do_jumping_jacks,user16,6-1-3,36,36,36,0,0,0,0,0,True,
train__c30__user18__6-2-1,train,30,Do_jumping_jacks,user18,6-2-1,19,19,19,0,0,0,0,0,True,
train__c30__user18__6-2-2,train,30,Do_jumping_jacks,user18,6-2-2,15,15,15,0,0,0,0,0,True,
train__c30__user18__6-2-3,train,30,Do_jumping_jacks,user18,6-2-3,17,17,17,0,0,0,0,0,True,
train__c30__user19__2-2-1,train,30,Do_jumping_jacks,user19,2-2-1,41,41,41,0,0,0,0,0,True,
train__c30__user19__2-2-2,train,30,Do_jumping_jacks,user19,2-2-2,32,32,32,0,0,0,0,0,True,
train__c30__user19__2-2-3,train,30,Do_jumping_jacks,user19,2-2-3,19,19,19,0,0,0,0,0,True,
train__c30__user1__1-1-1,train,30,Do_jumping_jacks,user1,1-1-1,52,52,52,0,0,0,0,0,True,
train__c30__user1__1-1-2,train,30,Do_jumping_jacks,user1,1-1-2,57,57,57,0,0,0,0,0,True,
train__c30__user1__1-1-3,train,30,Do_jumping_jacks,user1,1-1-3,34,34,34,0,0,0,0,0,True,
train__c30__user20__6-1-1,train,30,Do_jumping_jacks,user20,6-1-1,31,31,31,0,0,0,0,0,True,
train__c30__user20__6-1-2,train,30,Do_jumping_jacks,user20,6-1-2,26,26,26,0,0,0,0,0,True,
train__c30__user20__6-1-3,train,30,Do_jumping_jacks,user20,6-1-3,36,36,36,0,0,0,0,0,True,
train__c30__user21__3-2-1,train,30,Do_jumping_jacks,user21,3-2-1,23,23,23,0,0,0,0,0,True,
train__c30__user21__3-2-2,train,30,Do_jumping_jacks,user21,3-2-2,36,36,36,0,0,0,0,0,True,
train__c30__user21__3-2-3,train,30,Do_jumping_jacks,user21,3-2-3,18,18,18,0,0,0,0,0,True,
train__c30__user22__6-2-1,train,30,Do_jumping_jacks,user22,6-2-1,35,35,35,0,0,0,0,0,True,
train__c30__user22__6-2-2,train,30,Do_jumping_jacks,user22,6-2-2,54,54,54,0,0,0,0,0,True,
train__c30__user22__6-2-3,train,30,Do_jumping_jacks,user22,6-2-3,24,24,24,0,0,0,0,0,True,
train__c30__user2__5-1-1,train,30,Do_jumping_jacks,user2,5-1-1,61,61,61,0,0,0,0,0,True,
train__c30__user2__5-1-2,train,30,Do_jumping_jacks,user2,5-1-2,36,36,36,0,0,0,0,0,True,
train__c30__user2__5-1-3,train,30,Do_jumping_jacks,user2,5-1-3,46,46,46,0,0,0,0,0,True,
train__c30__user2__6-1-1,train,30,Do_jumping_jacks,user2,6-1-1,55,55,55,0,0,0,0,0,True,
train__c30__user2__6-1-2,train,30,Do_jumping_jacks,user2,6-1-2,45,45,45,0,0,0,0,0,True,
train__c30__user6__6-1-1,train,30,Do_jumping_jacks,user6,6-1-1,42,42,42,0,0,0,0,0,True,
train__c30__user6__6-1-2,train,30,Do_jumping_jacks,user6,6-1-2,37,37,37,0,0,0,0,0,True,
train__c30__user6__6-1-3,train,30,Do_jumping_jacks,user6,6-1-3,41,41,41,0,0,0,0,0,True,
train__c30__user7__2-2-1,train,30,Do_jumping_jacks,user7,2-2-1,47,47,47,0,0,0,0,0,True,
train__c30__user7__2-2-2,train,30,Do_jumping_jacks,user7,2-2-2,37,37,37,0,0,0,0,0,True,
train__c30__user7__2-2-3,train,30,Do_jumping_jacks,user7,2-2-3,30,30,30,0,0,0,0,0,True,
train__c30__user8__6-2-1,train,30,Do_jumping_jacks,user8,6-2-1,8,8,8,0,0,0,0,0,True,
train__c30__user8__6-2-2,train,30,Do_jumping_jacks,user8,6-2-2,10,10,10,0,0,0,0,0,True,
train__c30__user8__6-2-3,train,30,Do_jumping_jacks,user8,6-2-3,21,21,21,0,0,0,0,0,True,
train__c30__user9__2-2-1,train,30,Do_jumping_jacks,user9,2-2-1,15,15,15,0,0,0,0,0,True,
train__c30__user9__2-2-2,train,30,Do_jumping_jacks,user9,2-2-2,16,16,16,0,0,0,0,0,True,
train__c30__user9__2-2-3,train,30,Do_jumping_jacks,user9,2-2-3,4,4,4,0,0,0,0,0,True,
train__c31__user18__5-1-1,train,31,Do_stretching_exercises,user18,5-1-1,14,14,14,0,0,0,0,0,True,
train__c31__user18__5-1-2,train,31,Do_stretching_exercises,user18,5-1-2,21,21,21,0,0,0,0,0,True,
train__c31__user18__5-1-3,train,31,Do_stretching_exercises,user18,5-1-3,10,10,10,0,0,0,0,0,True,
train__c31__user18__6-1-1,train,31,Do_stretching_exercises,user18,6-1-1,37,37,37,0,0,0,0,0,True,
train__c31__user18__6-1-2,train,31,Do_stretching_exercises,user18,6-1-2,46,46,46,0,0,0,0,0,True,
train__c31__user18__6-1-3,train,31,Do_stretching_exercises,user18,6-1-3,35,35,35,0,0,0,0,0,True,
train__c31__user18__6-2-1,train,31,Do_stretching_exercises,user18,6-2-1,22,22,22,0,0,0,0,0,True,
train__c31__user18__6-2-2,train,31,Do_stretching_exercises,user18,6-2-2,22,22,22,0,0,0,0,0,True,
train__c31__user18__6-2-3,train,31,Do_stretching_exercises,user18,6-2-3,32,32,32,0,0,0,0,0,True,
train__c31__user19__1-1-1,train,31,Do_stretching_exercises,user19,1-1-1,26,26,26,0,0,0,0,0,True,
train__c31__user19__1-1-2,train,31,Do_stretching_exercises,user19,1-1-2,37,37,37,0,0,0,0,0,True,
train__c31__user19__1-1-3,train,31,Do_stretching_exercises,user19,1-1-3,63,63,63,0,0,0,0,0,True,
train__c31__user19__4-2-1,train,31,Do_stretching_exercises,user19,4-2-1,31,31,31,0,0,0,0,0,True,
train__c31__user19__4-2-2,train,31,Do_stretching_exercises,user19,4-2-2,46,46,46,0,0,0,0,0,True,
train__c31__user19__4-2-3,train,31,Do_stretching_exercises,user19,4-2-3,19,19,19,0,0,0,0,0,True,
train__c31__user1__7-1-1,train,31,Do_stretching_exercises,user1,7-1-1,50,50,50,0,0,0,0,0,True,
train__c31__user1__7-1-2,train,31,Do_stretching_exercises,user1,7-1-2,70,70,70,0,0,0,0,0,True,
train__c31__user1__7-1-3,train,31,Do_stretching_exercises,user1,7-1-3,39,39,39,0,0,0,0,0,True,
train__c31__user20__1-2-1,train,31,Do_stretching_exercises,user20,1-2-1,33,33,33,0,0,0,0,0,True,
train__c31__user20__1-2-2,train,31,Do_stretching_exercises,user20,1-2-2,33,33,33,0,0,0,0,0,True,
train__c31__user20__1-2-3,train,31,Do_stretching_exercises,user20,1-2-3,23,23,23,0,0,0,0,0,True,
train__c31__user22__3-2-1,train,31,Do_stretching_exercises,user22,3-2-1,15,15,15,0,0,0,0,0,True,
train__c31__user22__3-2-2,train,31,Do_stretching_exercises,user22,3-2-2,7,7,7,0,0,0,0,0,True,
train__c31__user22__3-2-3,train,31,Do_stretching_exercises,user22,3-2-3,13,13,13,0,0,0,0,0,True,
train__c31__user22__6-2-1,train,31,Do_stretching_exercises,user22,6-2-1,50,50,50,0,0,0,0,0,True,
train__c31__user22__6-2-2,train,31,Do_stretching_exercises,user22,6-2-2,43,43,43,0,0,0,0,0,True,
train__c31__user22__6-2-3,train,31,Do_stretching_exercises,user22,6-2-3,21,21,21,0,0,0,0,0,True,
train__c31__user22__7-3-1,train,31,Do_stretching_exercises,user22,7-3-1,18,18,18,0,0,0,0,0,True,
train__c31__user22__7-3-2,train,31,Do_stretching_exercises,user22,7-3-2,19,19,19,0,0,0,0,0,True,
train__c31__user22__7-3-3,train,31,Do_stretching_exercises,user22,7-3-3,27,27,27,0,0,0,0,0,True,
train__c31__user2__1-2-1,train,31,Do_stretching_exercises,user2,1-2-1,21,21,21,0,0,0,0,0,True,
train__c31__user2__1-2-2,train,31,Do_stretching_exercises,user2,1-2-2,40,40,40,0,0,0,0,0,True,
train__c31__user2__1-2-3,train,31,Do_stretching_exercises,user2,1-2-3,29,29,29,0,0,0,0,0,True,
train__c31__user2__2-2-1,train,31,Do_stretching_exercises,user2,2-2-1,76,76,76,0,0,0,0,0,True,
train__c31__user2__2-2-2,train,31,Do_stretching_exercises,user2,2-2-2,36,36,36,0,0,0,0,0,True,
train__c31__user2__2-2-3,train,31,Do_stretching_exercises,user2,2-2-3,15,15,15,0,0,0,0,0,True,
train__c31__user2__6-1-1,train,31,Do_stretching_exercises,user2,6-1-1,29,29,29,0,0,0,0,0,True,
train__c31__user2__6-1-2,train,31,Do_stretching_exercises,user2,6-1-2,19,19,19,0,0,0,0,0,True,
train__c31__user2__7-3-1,train,31,Do_stretching_exercises,user2,7-3-1,48,48,48,0,0,0,0,0,True,
train__c31__user2__7-3-2,train,31,Do_stretching_exercises,user2,7-3-2,45,45,45,0,0,0,0,0,True,
train__c31__user2__7-3-3,train,31,Do_stretching_exercises,user2,7-3-3,35,35,35,0,0,0,0,0,True,
train__c31__user3__2-1-1,train,31,Do_stretching_exercises,user3,2-1-1,46,46,46,0,0,0,0,0,True,
train__c31__user3__2-1-2,train,31,Do_stretching_exercises,user3,2-1-2,52,52,52,0,0,0,0,0,True,
train__c31__user3__2-1-3,train,31,Do_stretching_exercises,user3,2-1-3,33,33,33,0,0,0,0,0,True,
train__c31__user3__7-1-1,train,31,Do_stretching_exercises,user3,7-1-1,39,39,39,0,0,0,0,0,True,
train__c31__user3__7-1-2,train,31,Do_stretching_exercises,user3,7-1-2,40,40,40,0,0,0,0,0,True,
train__c31__user3__7-1-3,train,31,Do_stretching_exercises,user3,7-1-3,47,47,47,0,0,0,0,0,True,
train__c31__user7__2-2-1,train,31,Do_stretching_exercises,user7,2-2-1,43,43,43,0,0,0,0,0,True,
train__c31__user7__2-2-2,train,31,Do_stretching_exercises,user7,2-2-2,42,42,42,0,0,0,0,0,True,
train__c31__user7__2-2-3,train,31,Do_stretching_exercises,user7,2-2-3,29,29,29,0,0,0,0,0,True,
train__c31__user7__4-1-1,train,31,Do_stretching_exercises,user7,4-1-1,16,16,16,0,0,0,0,0,True,
train__c31__user7__4-1-2,train,31,Do_stretching_exercises,user7,4-1-2,14,14,14,0,0,0,0,0,True,
train__c31__user7__4-1-3,train,31,Do_stretching_exercises,user7,4-1-3,8,8,8,0,0,0,0,0,True,
train__c31__user8__5-1-1,train,31,Do_stretching_exercises,user8,5-1-1,27,27,27,0,0,0,0,0,True,
train__c31__user8__5-1-2,train,31,Do_stretching_exercises,user8,5-1-2,23,23,23,0,0,0,0,0,True,
train__c31__user8__5-1-3,train,31,Do_stretching_exercises,user8,5-1-3,8,8,8,0,0,0,0,0,True,
train__c31__user8__6-1-1,train,31,Do_stretching_exercises,user8,6-1-1,14,14,14,0,0,0,0,0,True,
train__c31__user8__6-1-2,train,31,Do_stretching_exercises,user8,6-1-2,25,25,25,0,0,0,0,0,True,
train__c31__user8__6-1-3,train,31,Do_stretching_exercises,user8,6-1-3,22,22,22,0,0,0,0,0,True,
train__c31__user8__6-2-1,train,31,Do_stretching_exercises,user8,6-2-1,49,49,49,0,0,0,0,0,True,
train__c31__user8__6-2-2,train,31,Do_stretching_exercises,user8,6-2-2,27,27,27,0,0,0,0,0,True,
train__c31__user8__6-2-3,train,31,Do_stretching_exercises,user8,6-2-3,44,44,44,0,0,0,0,0,True,
train__c31__user9__1-1-1,train,31,Do_stretching_exercises,user9,1-1-1,37,37,37,0,0,0,0,0,True,
train__c31__user9__1-1-2,train,31,Do_stretching_exercises,user9,1-1-2,10,10,10,0,0,0,0,0,True,
train__c31__user9__1-1-3,train,31,Do_stretching_exercises,user9,1-1-3,14,14,14,0,0,0,0,0,True,
train__c31__user9__4-2-2,train,31,Do_stretching_exercises,user9,4-2-2,38,38,38,0,0,0,0,0,True,
train__c31__user9__4-2-3,train,31,Do_stretching_exercises,user9,4-2-3,11,11,11,0,0,0,0,0,True,
train__c32__user16__3-1-1,train,32,Stand_up,user16,3-1-1,12,12,12,0,0,0,0,0,True,
train__c32__user16__3-1-2,train,32,Stand_up,user16,3-1-2,38,38,38,0,0,0,0,0,True,
train__c32__user16__3-1-3,train,32,Stand_up,user16,3-1-3,10,10,10,0,0,0,0,0,True,
train__c32__user16__4-1-1,train,32,Stand_up,user16,4-1-1,8,8,8,0,0,0,0,0,True,
train__c32__user16__4-1-2,train,32,Stand_up,user16,4-1-2,11,11,11,0,0,0,0,0,True,
train__c32__user16__4-1-3,train,32,Stand_up,user16,4-1-3,14,14,14,0,0,0,0,0,True,
train__c32__user18__5-1-1,train,32,Stand_up,user18,5-1-1,7,7,7,0,0,0,0,0,True,
train__c32__user18__5-1-2,train,32,Stand_up,user18,5-1-2,6,6,6,0,0,0,0,0,True,
train__c32__user18__6-2-1,train,32,Stand_up,user18,6-2-1,6,6,6,0,0,0,0,0,True,
train__c32__user18__6-2-2,train,32,Stand_up,user18,6-2-2,6,6,6,0,0,0,0,0,True,
train__c32__user18__6-2-3,train,32,Stand_up,user18,6-2-3,11,11,11,0,0,0,0,0,True,
train__c32__user19__5-1-1,train,32,Stand_up,user19,5-1-1,16,16,16,0,0,0,0,0,True,
train__c32__user19__5-1-2,train,32,Stand_up,user19,5-1-2,9,9,9,0,0,0,0,0,True,
train__c32__user19__5-1-3,train,32,Stand_up,user19,5-1-3,8,8,8,0,0,0,0,0,True,
train__c32__user1__2-2-1,train,32,Stand_up,user1,2-2-1,12,12,12,0,0,0,0,0,True,
train__c32__user1__2-2-2,train,32,Stand_up,user1,2-2-2,21,21,21,0,0,0,0,0,True,
train__c32__user1__2-2-3,train,32,Stand_up,user1,2-2-3,11,11,11,0,0,0,0,0,True,
train__c32__user1__3-2-1,train,32,Stand_up,user1,3-2-1,14,14,14,0,0,0,0,0,True,
train__c32__user1__3-2-2,train,32,Stand_up,user1,3-2-2,14,14,14,0,0,0,0,0,True,
train__c32__user1__3-2-3,train,32,Stand_up,user1,3-2-3,14,14,14,0,0,0,0,0,True,
train__c32__user1__6-2-1,train,32,Stand_up,user1,6-2-1,15,15,15,0,0,0,0,0,True,
train__c32__user1__6-2-2,train,32,Stand_up,user1,6-2-2,13,13,13,0,0,0,0,0,True,
train__c32__user1__6-2-3,train,32,Stand_up,user1,6-2-3,10,10,10,0,0,0,0,0,True,
train__c32__user20__6-3-1,train,32,Stand_up,user20,6-3-1,15,15,15,0,0,0,0,0,True,
train__c32__user20__6-3-2,train,32,Stand_up,user20,6-3-2,8,8,8,0,0,0,0,0,True,
train__c32__user20__6-3-3,train,32,Stand_up,user20,6-3-3,11,11,11,0,0,0,0,0,True,
train__c32__user21__2-2-1,train,32,Stand_up,user21,2-2-1,16,16,16,0,0,0,0,0,True,
train__c32__user21__2-2-2,train,32,Stand_up,user21,2-2-2,9,9,9,0,0,0,0,0,True,
train__c32__user21__2-2-3,train,32,Stand_up,user21,2-2-3,5,5,5,0,0,0,0,0,True,
train__c32__user21__4-1-1,train,32,Stand_up,user21,4-1-1,10,10,10,0,0,0,0,0,True,
train__c32__user21__4-1-2,train,32,Stand_up,user21,4-1-2,6,6,6,0,0,0,0,0,True,
train__c32__user21__4-1-3,train,32,Stand_up,user21,4-1-3,3,3,3,0,0,0,0,0,True,
train__c32__user22__7-2-1,train,32,Stand_up,user22,7-2-1,4,4,4,0,0,0,0,0,True,
train__c32__user22__7-2-2,train,32,Stand_up,user22,7-2-2,7,7,7,0,0,0,0,0,True,
train__c32__user22__7-3-1,train,32,Stand_up,user22,7-3-1,13,13,13,0,0,0,0,0,True,
train__c32__user22__7-3-2,train,32,Stand_up,user22,7-3-2,10,10,10,0,0,0,0,0,True,
train__c32__user2__4-1-1,train,32,Stand_up,user2,4-1-1,13,13,13,0,0,0,0,0,True,
train__c32__user2__4-1-2,train,32,Stand_up,user2,4-1-2,13,13,13,0,0,0,0,0,True,
train__c32__user2__4-1-3,train,32,Stand_up,user2,4-1-3,12,12,12,0,0,0,0,0,True,
train__c32__user2__4-3-3,train,32,Stand_up,user2,4-3-3,13,13,13,0,0,0,0,0,True,
train__c32__user2__7-3-1,train,32,Stand_up,user2,7-3-1,14,14,14,0,0,0,0,0,True,
train__c32__user2__7-3-2,train,32,Stand_up,user2,7-3-2,6,6,6,0,0,0,0,0,True,
train__c32__user2__7-3-3,train,32,Stand_up,user2,7-3-3,9,9,9,0,0,0,0,0,True,
train__c32__user3__2-1-1,train,32,Stand_up,user3,2-1-1,9,9,9,0,0,0,0,0,True,
train__c32__user3__2-1-2,train,32,Stand_up,user3,2-1-2,10,10,10,0,0,0,0,0,True,
train__c32__user3__2-1-3,train,32,Stand_up,user3,2-1-3,7,7,7,0,0,0,0,0,True,
train__c32__user3__7-1-1,train,32,Stand_up,user3,7-1-1,10,10,10,0,0,0,0,0,True,
train__c32__user3__7-1-2,train,32,Stand_up,user3,7-1-2,6,6,6,0,0,0,0,0,True,
train__c32__user3__7-1-3,train,32,Stand_up,user3,7-1-3,6,6,6,0,0,0,0,0,True,
train__c32__user6__4-1-1,train,32,Stand_up,user6,4-1-1,12,12,12,0,0,0,0,0,True,
train__c32__user6__4-1-2,train,32,Stand_up,user6,4-1-2,14,14,14,0,0,0,0,0,True,
train__c32__user6__4-1-3,train,32,Stand_up,user6,4-1-3,7,7,7,0,0,0,0,0,True,
train__c32__user7__4-1-1,train,32,Stand_up,user7,4-1-1,5,5,5,0,0,0,0,0,True,
train__c32__user7__4-1-2,train,32,Stand_up,user7,4-1-2,7,7,7,0,0,0,0,0,True,
train__c32__user7__4-1-3,train,32,Stand_up,user7,4-1-3,3,3,3,0,0,0,0,0,True,
train__c32__user8__5-1-1,train,32,Stand_up,user8,5-1-1,5,5,5,0,0,0,0,0,True,
train__c32__user8__5-1-2,train,32,Stand_up,user8,5-1-2,5,5,5,0,0,0,0,0,True,
train__c32__user9__5-1-1,train,32,Stand_up,user9,5-1-1,6,6,6,0,0,0,0,0,True,
train__c32__user9__5-1-2,train,32,Stand_up,user9,5-1-2,8,8,8,0,0,0,0,0,True,
train__c32__user9__5-1-3,train,32,Stand_up,user9,5-1-3,7,7,7,0,0,0,0,0,True,
train__c33__user16__5-3-1,train,33,Lie_down,user16,5-3-1,122,122,122,0,0,0,0,0,True,
train__c33__user16__5-3-2,train,33,Lie_down,user16,5-3-2,60,60,60,0,0,0,0,0,True,
train__c33__user16__5-3-3,train,33,Lie_down,user16,5-3-3,38,38,38,0,0,0,0,0,True,
train__c33__user16__6-1-1,train,33,Lie_down,user16,6-1-1,56,56,56,0,0,0,0,0,True,
train__c33__user16__6-1-2,train,33,Lie_down,user16,6-1-2,26,26,26,0,0,0,0,0,True,
train__c33__user16__6-1-3,train,33,Lie_down,user16,6-1-3,29,29,29,0,0,0,0,0,True,
train__c33__user19__3-3-1,train,33,Lie_down,user19,3-3-1,17,17,17,0,0,0,0,0,True,
train__c33__user19__3-3-2,train,33,Lie_down,user19,3-3-2,16,16,16,0,0,0,0,0,True,
train__c33__user19__3-3-3,train,33,Lie_down,user19,3-3-3,7,7,7,0,0,0,0,0,True,
train__c33__user3__2-1-1,train,33,Lie_down,user3,2-1-1,44,44,44,0,0,0,0,0,True,
train__c33__user3__2-1-2,train,33,Lie_down,user3,2-1-2,6,6,6,0,0,0,0,0,True,
train__c33__user3__2-1-3,train,33,Lie_down,user3,2-1-3,30,30,30,0,0,0,0,0,True,
train__c33__user6__5-3-1,train,33,Lie_down,user6,5-3-1,52,52,52,0,0,0,0,0,True,
train__c33__user6__5-3-2,train,33,Lie_down,user6,5-3-2,48,48,48,0,0,0,0,0,True,
train__c33__user6__5-3-3,train,33,Lie_down,user6,5-3-3,29,29,29,0,0,0,0,0,True,
train__c33__user6__6-1-1,train,33,Lie_down,user6,6-1-1,59,59,59,0,0,0,0,0,True,
train__c33__user6__6-1-2,train,33,Lie_down,user6,6-1-2,22,22,22,0,0,0,0,0,True,
train__c33__user6__6-1-3,train,33,Lie_down,user6,6-1-3,32,32,32,0,0,0,0,0,True,
train__c33__user7__2-2-1,train,33,Lie_down,user7,2-2-1,48,48,48,0,0,0,0,0,True,
train__c33__user7__2-2-2,train,33,Lie_down,user7,2-2-2,37,37,37,0,0,0,0,0,True,
train__c33__user7__2-2-3,train,33,Lie_down,user7,2-2-3,28,28,28,0,0,0,0,0,True,
train__c33__user9__3-3-1,train,33,Lie_down,user9,3-3-1,40,40,40,0,0,0,0,0,True,
train__c33__user9__3-3-2,train,33,Lie_down,user9,3-3-2,35,35,35,0,0,0,0,0,True,
train__c33__user9__3-3-3,train,33,Lie_down,user9,3-3-3,27,27,27,0,0,0,0,0,True,
train__c33__user9__6-2-1,train,33,Lie_down,user9,6-2-1,33,33,33,0,0,0,0,0,True,
train__c33__user9__6-2-2,train,33,Lie_down,user9,6-2-2,15,15,15,0,0,0,0,0,True,
train__c33__user9__6-2-3,train,33,Lie_down,user9,6-2-3,27,27,27,0,0,0,0,0,True,
train__c34__user16__4-1-1,train,34,Sit_down,user16,4-1-1,16,16,16,0,0,0,0,0,True,
train__c34__user16__4-1-2,train,34,Sit_down,user16,4-1-2,14,14,14,0,0,0,0,0,True,
train__c34__user16__4-1-3,train,34,Sit_down,user16,4-1-3,9,9,9,0,0,0,0,0,True,
train__c34__user16__7-1-1,train,34,Sit_down,user16,7-1-1,8,8,8,0,0,0,0,0,True,
train__c34__user16__7-1-2,train,34,Sit_down,user16,7-1-2,26,26,26,0,0,0,0,0,True,
train__c34__user16__7-1-3,train,34,Sit_down,user16,7-1-3,13,13,13,0,0,0,0,0,True,
train__c34__user16__7-3-1,train,34,Sit_down,user16,7-3-1,16,16,16,0,0,0,0,0,True,
train__c34__user16__7-3-2,train,34,Sit_down,user16,7-3-2,11,11,11,0,0,0,0,0,True,
train__c34__user16__7-3-3,train,34,Sit_down,user16,7-3-3,10,10,10,0,0,0,0,0,True,
train__c34__user18__4-1-2,train,34,Sit_down,user18,4-1-2,6,6,6,0,0,0,0,0,True,
train__c34__user18__4-1-3,train,34,Sit_down,user18,4-1-3,7,7,7,0,0,0,0,0,True,
train__c34__user18__5-1-3,train,34,Sit_down,user18,5-1-3,39,39,39,0,0,0,0,0,True,
train__c34__user19__1-2-1,train,34,Sit_down,user19,1-2-1,12,12,12,0,0,0,0,0,True,
train__c34__user19__1-2-2,train,34,Sit_down,user19,1-2-2,13,13,13,0,0,0,0,0,True,
train__c34__user19__1-2-3,train,34,Sit_down,user19,1-2-3,9,9,9,0,0,0,0,0,True,
train__c34__user19__5-3-1,train,34,Sit_down,user19,5-3-1,11,11,11,0,0,0,0,0,True,
train__c34__user19__5-3-2,train,34,Sit_down,user19,5-3-2,9,9,9,0,0,0,0,0,True,
train__c34__user19__5-3-3,train,34,Sit_down,user19,5-3-3,9,9,9,0,0,0,0,0,True,
train__c34__user19__6-1-1,train,34,Sit_down,user19,6-1-1,10,10,10,0,0,0,0,0,True,
train__c34__user19__6-1-2,train,34,Sit_down,user19,6-1-2,7,7,7,0,0,0,0,0,True,
train__c34__user19__6-1-3,train,34,Sit_down,user19,6-1-3,9,9,9,0,0,0,0,0,True,
train__c34__user1__2-2-1,train,34,Sit_down,user1,2-2-1,14,14,14,0,0,0,0,0,True,
train__c34__user1__2-2-2,train,34,Sit_down,user1,2-2-2,17,17,17,0,0,0,0,0,True,
train__c34__user1__2-2-3,train,34,Sit_down,user1,2-2-3,9,9,9,0,0,0,0,0,True,
train__c34__user1__3-2-1,train,34,Sit_down,user1,3-2-1,13,13,13,0,0,0,0,0,True,
train__c34__user1__3-2-2,train,34,Sit_down,user1,3-2-2,14,14,14,0,0,0,0,0,True,
train__c34__user1__3-2-3,train,34,Sit_down,user1,3-2-3,9,9,9,0,0,0,0,0,True,
train__c34__user1__6-2-1,train,34,Sit_down,user1,6-2-1,9,9,9,0,0,0,0,0,True,
train__c34__user1__6-2-2,train,34,Sit_down,user1,6-2-2,15,15,15,0,0,0,0,0,True,
train__c34__user1__6-2-3,train,34,Sit_down,user1,6-2-3,8,8,8,0,0,0,0,0,True,
train__c34__user1__7-1-1,train,34,Sit_down,user1,7-1-1,17,17,17,0,0,0,0,0,True,
train__c34__user1__7-1-2,train,34,Sit_down,user1,7-1-2,20,20,20,0,0,0,0,0,True,
train__c34__user1__7-1-3,train,34,Sit_down,user1,7-1-3,11,11,11,0,0,0,0,0,True,
train__c34__user22__1-2-2,train,34,Sit_down,user22,1-2-2,6,6,6,0,0,0,0,0,True,
train__c34__user22__1-2-3,train,34,Sit_down,user22,1-2-3,8,8,8,0,0,0,0,0,True,
train__c34__user22__4-3-1,train,34,Sit_down,user22,4-3-1,4,4,4,0,0,0,0,0,True,
train__c34__user22__4-3-2,train,34,Sit_down,user22,4-3-2,9,9,9,0,0,0,0,0,True,
train__c34__user22__4-3-3,train,34,Sit_down,user22,4-3-3,9,9,9,0,0,0,0,0,True,
train__c34__user22__5-2-1,train,34,Sit_down,user22,5-2-1,6,6,6,0,0,0,0,0,True,
train__c34__user22__5-2-2,train,34,Sit_down,user22,5-2-2,7,7,7,0,0,0,0,0,True,
train__c34__user22__5-2-3,train,34,Sit_down,user22,5-2-3,6,6,6,0,0,0,0,0,True,
train__c34__user22__6-2-1,train,34,Sit_down,user22,6-2-1,12,12,12,0,0,0,0,0,True,
train__c34__user22__6-2-2,train,34,Sit_down,user22,6-2-2,9,9,9,0,0,0,0,0,True,
train__c34__user22__6-2-3,train,34,Sit_down,user22,6-2-3,12,12,12,0,0,0,0,0,True,
train__c34__user22__7-1-1,train,34,Sit_down,user22,7-1-1,13,13,13,0,0,0,0,0,True,
train__c34__user22__7-1-2,train,34,Sit_down,user22,7-1-2,11,11,11,0,0,0,0,0,True,
train__c34__user22__7-1-3,train,34,Sit_down,user22,7-1-3,10,10,10,0,0,0,0,0,True,
train__c34__user2__4-3-1,train,34,Sit_down,user2,4-3-1,12,12,12,0,0,0,0,0,True,
train__c34__user2__4-3-2,train,34,Sit_down,user2,4-3-2,18,18,18,0,0,0,0,0,True,
train__c34__user2__4-3-3,train,34,Sit_down,user2,4-3-3,10,10,10,0,0,0,0,0,True,
train__c34__user2__6-1-1,train,34,Sit_down,user2,6-1-1,16,16,16,0,0,0,0,0,True,
train__c34__user2__6-1-2,train,34,Sit_down,user2,6-1-2,8,8,8,0,0,0,0,0,True,
train__c34__user2__7-1-1,train,34,Sit_down,user2,7-1-1,24,24,24,0,0,0,0,0,True,
train__c34__user2__7-1-2,train,34,Sit_down,user2,7-1-2,16,16,16,0,0,0,0,0,True,
train__c34__user2__7-1-3,train,34,Sit_down,user2,7-1-3,14,14,14,0,0,0,0,0,True,
train__c34__user2__7-3-1,train,34,Sit_down,user2,7-3-1,14,14,14,0,0,0,0,0,True,
train__c34__user2__7-3-2,train,34,Sit_down,user2,7-3-2,8,8,8,0,0,0,0,0,True,
train__c34__user2__7-3-3,train,34,Sit_down,user2,7-3-3,7,7,7,0,0,0,0,0,True,
train__c34__user3__3-2-1,train,34,Sit_down,user3,3-2-1,9,9,9,0,0,0,0,0,True,
train__c34__user3__3-2-2,train,34,Sit_down,user3,3-2-2,4,4,4,0,0,0,0,0,True,
train__c34__user3__3-2-3,train,34,Sit_down,user3,3-2-3,6,6,6,0,0,0,0,0,True,
train__c34__user3__5-2-1,train,34,Sit_down,user3,5-2-1,5,5,5,0,0,0,0,0,True,
train__c34__user3__5-2-2,train,34,Sit_down,user3,5-2-2,5,5,5,0,0,0,0,0,True,
train__c34__user3__5-2-3,train,34,Sit_down,user3,5-2-3,7,7,7,0,0,0,0,0,True,
train__c34__user3__6-2-2,train,34,Sit_down,user3,6-2-2,0,0,0,6,6,0,0,0,False,depth_unparsed=6; ir_unparsed=6
train__c34__user5__3-1-1,train,34,Sit_down,user5,3-1-1,23,23,23,0,0,0,0,0,True,
train__c34__user5__3-1-2,train,34,Sit_down,user5,3-1-2,13,13,13,0,0,0,0,0,True,
train__c34__user5__3-1-3,train,34,Sit_down,user5,3-1-3,10,10,10,0,0,0,0,0,True,
train__c34__user5__7-1-1,train,34,Sit_down,user5,7-1-1,14,14,14,0,0,0,0,0,True,
train__c34__user5__7-1-2,train,34,Sit_down,user5,7-1-2,8,8,8,0,0,0,0,0,True,
train__c34__user5__7-1-3,train,34,Sit_down,user5,7-1-3,9,9,9,0,0,0,0,0,True,
train__c34__user6__4-1-1,train,34,Sit_down,user6,4-1-1,11,11,11,0,0,0,0,0,True,
train__c34__user6__4-1-2,train,34,Sit_down,user6,4-1-2,10,10,10,0,0,0,0,0,True,
train__c34__user6__4-1-3,train,34,Sit_down,user6,4-1-3,11,11,11,0,0,0,0,0,True,
train__c34__user6__5-1-2,train,34,Sit_down,user6,5-1-2,87,87,87,0,0,0,0,0,True,
train__c34__user6__5-3-1,train,34,Sit_down,user6,5-3-1,20,20,20,0,0,0,0,0,True,
train__c34__user6__5-3-2,train,34,Sit_down,user6,5-3-2,9,9,9,0,0,0,0,0,True,
train__c34__user6__5-3-3,train,34,Sit_down,user6,5-3-3,9,9,9,0,0,0,0,0,True,
train__c34__user6__7-1-1,train,34,Sit_down,user6,7-1-1,22,22,22,0,0,0,0,0,True,
train__c34__user6__7-1-2,train,34,Sit_down,user6,7-1-2,19,19,19,0,0,0,0,0,True,
train__c34__user6__7-1-3,train,34,Sit_down,user6,7-1-3,10,10,10,0,0,0,0,0,True,
train__c34__user6__7-3-1,train,34,Sit_down,user6,7-3-1,32,32,32,0,0,0,0,0,True,
train__c34__user6__7-3-2,train,34,Sit_down,user6,7-3-2,11,11,11,0,0,0,0,0,True,
train__c34__user6__7-3-3,train,34,Sit_down,user6,7-3-3,12,12,12,0,0,0,0,0,True,
train__c34__user7__1-2-1,train,34,Sit_down,user7,1-2-1,10,10,10,0,0,0,0,0,True,
train__c34__user7__1-2-2,train,34,Sit_down,user7,1-2-2,6,6,6,0,0,0,0,0,True,
train__c34__user7__1-2-3,train,34,Sit_down,user7,1-2-3,11,11,11,0,0,0,0,0,True,
train__c34__user7__2-2-1,train,34,Sit_down,user7,2-2-1,20,20,20,0,0,0,0,0,True,
train__c34__user7__2-2-2,train,34,Sit_down,user7,2-2-2,14,14,14,0,0,0,0,0,True,
train__c34__user7__2-2-3,train,34,Sit_down,user7,2-2-3,16,16,16,0,0,0,0,0,True,
train__c34__user7__4-1-1,train,34,Sit_down,user7,4-1-1,11,11,11,0,0,0,0,0,True,
train__c34__user7__4-1-2,train,34,Sit_down,user7,4-1-2,13,13,13,0,0,0,0,0,True,
train__c34__user7__4-1-3,train,34,Sit_down,user7,4-1-3,15,15,15,0,0,0,0,0,True,
train__c34__user7__5-3-1,train,34,Sit_down,user7,5-3-1,32,32,32,0,0,0,0,0,True,
train__c34__user7__5-3-2,train,34,Sit_down,user7,5-3-2,17,17,17,0,0,0,0,0,True,
train__c34__user7__5-3-3,train,34,Sit_down,user7,5-3-3,7,7,7,0,0,0,0,0,True,
train__c34__user7__6-3-1,train,34,Sit_down,user7,6-3-1,12,12,12,0,0,0,0,0,True,
train__c34__user7__6-3-3,train,34,Sit_down,user7,6-3-3,8,8,8,0,0,0,0,0,True,
train__c34__user7__7-1-1,train,34,Sit_down,user7,7-1-1,14,14,14,0,0,0,0,0,True,
train__c34__user7__7-1-2,train,34,Sit_down,user7,7-1-2,17,17,17,0,0,0,0,0,True,
train__c34__user7__7-1-3,train,34,Sit_down,user7,7-1-3,7,7,7,0,0,0,0,0,True,
train__c34__user8__4-1-1,train,34,Sit_down,user8,4-1-1,7,7,7,0,0,0,0,0,True,
train__c34__user8__4-1-2,train,34,Sit_down,user8,4-1-2,6,6,6,0,0,0,0,0,True,
train__c34__user8__4-1-3,train,34,Sit_down,user8,4-1-3,10,10,10,0,0,0,0,0,True,
train__c34__user8__5-1-1,train,34,Sit_down,user8,5-1-1,11,11,11,0,0,0,0,0,True,
train__c34__user8__5-1-2,train,34,Sit_down,user8,5-1-2,6,6,6,0,0,0,0,0,True,
train__c34__user8__5-1-3,train,34,Sit_down,user8,5-1-3,6,6,6,0,0,0,0,0,True,
train__c34__user9__1-2-1,train,34,Sit_down,user9,1-2-1,7,7,7,0,0,0,0,0,True,
train__c34__user9__1-2-2,train,34,Sit_down,user9,1-2-2,5,5,5,0,0,0,0,0,True,
train__c34__user9__1-2-3,train,34,Sit_down,user9,1-2-3,7,7,7,0,0,0,0,0,True,
train__c34__user9__5-3-1,train,34,Sit_down,user9,5-3-1,11,11,11,0,0,0,0,0,True,
train__c34__user9__5-3-2,train,34,Sit_down,user9,5-3-2,8,8,8,0,0,0,0,0,True,
train__c34__user9__5-3-3,train,34,Sit_down,user9,5-3-3,8,8,8,0,0,0,0,0,True,
train__c34__user9__6-1-1,train,34,Sit_down,user9,6-1-1,10,10,10,0,0,0,0,0,True,
train__c34__user9__6-1-2,train,34,Sit_down,user9,6-1-2,3,3,3,0,0,0,0,0,True,
train__c34__user9__6-1-3,train,34,Sit_down,user9,6-1-3,9,9,9,0,0,0,0,0,True,
train__c35__user16__6-1-1,train,35,Do_lunges,user16,6-1-1,79,79,79,0,0,0,0,0,True,
train__c35__user16__6-1-2,train,35,Do_lunges,user16,6-1-2,26,26,26,0,0,0,0,0,True,
train__c35__user16__6-1-3,train,35,Do_lunges,user16,6-1-3,42,42,42,0,0,0,0,0,True,
train__c35__user18__5-1-1,train,35,Do_lunges,user18,5-1-1,21,21,21,0,0,0,0,0,True,
train__c35__user18__5-1-2,train,35,Do_lunges,user18,5-1-2,38,38,38,0,0,0,0,0,True,
train__c35__user18__5-1-3,train,35,Do_lunges,user18,5-1-3,9,9,9,0,0,0,0,0,True,
train__c35__user1__3-2-1,train,35,Do_lunges,user1,3-2-1,56,56,56,0,0,0,0,0,True,
train__c35__user1__3-2-2,train,35,Do_lunges,user1,3-2-2,44,44,44,0,0,0,0,0,True,
train__c35__user1__3-2-3,train,35,Do_lunges,user1,3-2-3,35,35,35,0,0,0,0,0,True,
train__c35__user20__1-2-1,train,35,Do_lunges,user20,1-2-1,28,28,28,0,0,0,0,0,True,
train__c35__user20__1-2-2,train,35,Do_lunges,user20,1-2-2,16,16,16,0,0,0,0,0,True,
train__c35__user20__1-2-3,train,35,Do_lunges,user20,1-2-3,28,28,28,0,0,0,0,0,True,
train__c35__user5__6-1-1,train,35,Do_lunges,user5,6-1-1,68,68,68,0,0,0,0,0,True,
train__c35__user5__6-1-2,train,35,Do_lunges,user5,6-1-2,42,42,42,0,0,0,0,0,True,
train__c35__user5__6-1-3,train,35,Do_lunges,user5,6-1-3,37,37,37,0,0,0,0,0,True,
train__c35__user6__6-1-1,train,35,Do_lunges,user6,6-1-1,50,50,50,0,0,0,0,0,True,
train__c35__user6__6-1-2,train,35,Do_lunges,user6,6-1-2,37,37,37,0,0,0,0,0,True,
train__c35__user6__6-1-3,train,35,Do_lunges,user6,6-1-3,41,41,41,0,0,0,0,0,True,
train__c35__user8__5-1-1,train,35,Do_lunges,user8,5-1-1,59,59,59,0,0,0,0,0,True,
train__c35__user8__5-1-2,train,35,Do_lunges,user8,5-1-2,37,37,37,0,0,0,0,0,True,
train__c35__user8__5-1-3,train,35,Do_lunges,user8,5-1-3,33,33,33,0,0,0,0,0,True,
train__c36__user16__1-1-1,train,36,Walk,user16,1-1-1,43,43,43,0,0,0,0,0,True,
train__c36__user16__1-1-2,train,36,Walk,user16,1-1-2,12,12,12,0,0,0,0,0,True,
train__c36__user16__1-1-3,train,36,Walk,user16,1-1-3,11,11,11,0,0,0,0,0,True,
train__c36__user16__2-3-1,train,36,Walk,user16,2-3-1,28,28,28,0,0,0,0,0,True,
train__c36__user16__2-3-2,train,36,Walk,user16,2-3-2,23,23,23,0,0,0,0,0,True,
train__c36__user16__2-3-3,train,36,Walk,user16,2-3-3,15,15,15,0,0,0,0,0,True,
train__c36__user16__3-1-1,train,36,Walk,user16,3-1-1,5,5,5,0,0,0,0,0,True,
train__c36__user16__3-1-2,train,36,Walk,user16,3-1-2,10,10,10,0,0,0,0,0,True,
train__c36__user16__3-1-3,train,36,Walk,user16,3-1-3,8,8,8,0,0,0,0,0,True,
train__c36__user16__3-3-1,train,36,Walk,user16,3-3-1,18,18,18,0,0,0,0,0,True,
train__c36__user16__3-3-2,train,36,Walk,user16,3-3-2,18,18,18,0,0,0,0,0,True,
train__c36__user16__3-3-3,train,36,Walk,user16,3-3-3,11,11,11,0,0,0,0,0,True,
train__c36__user16__5-2-1,train,36,Walk,user16,5-2-1,21,21,21,0,0,0,0,0,True,
train__c36__user16__5-2-2,train,36,Walk,user16,5-2-2,21,21,21,0,0,0,0,0,True,
train__c36__user16__5-2-3,train,36,Walk,user16,5-2-3,17,17,17,0,0,0,0,0,True,
train__c36__user16__5-3-1,train,36,Walk,user16,5-3-1,48,48,48,0,0,0,0,0,True,
train__c36__user16__5-3-2,train,36,Walk,user16,5-3-2,50,50,50,0,0,0,0,0,True,
train__c36__user16__5-3-3,train,36,Walk,user16,5-3-3,32,32,32,0,0,0,0,0,True,
train__c36__user16__7-3-1,train,36,Walk,user16,7-3-1,38,38,38,0,0,0,0,0,True,
train__c36__user16__7-3-2,train,36,Walk,user16,7-3-2,32,32,32,0,0,0,0,0,True,
train__c36__user16__7-3-3,train,36,Walk,user16,7-3-3,18,18,18,0,0,0,0,0,True,
train__c36__user18__1-2-1,train,36,Walk,user18,1-2-1,26,26,26,0,0,0,0,0,True,
train__c36__user18__1-2-2,train,36,Walk,user18,1-2-2,16,16,16,0,0,0,0,0,True,
train__c36__user18__1-2-3,train,36,Walk,user18,1-2-3,28,28,28,0,0,0,0,0,True,
train__c36__user18__2-2-1,train,36,Walk,user18,2-2-1,25,25,25,0,0,0,0,0,True,
train__c36__user18__2-2-2,train,36,Walk,user18,2-2-2,21,21,21,0,0,0,0,0,True,
train__c36__user18__2-2-3,train,36,Walk,user18,2-2-3,15,15,15,0,0,0,0,0,True,
train__c36__user18__3-3-1,train,36,Walk,user18,3-3-1,25,25,25,0,0,0,0,0,True,
train__c36__user18__3-3-2,train,36,Walk,user18,3-3-2,18,18,18,0,0,0,0,0,True,
train__c36__user18__3-3-3,train,36,Walk,user18,3-3-3,25,25,25,0,0,0,0,0,True,
train__c36__user18__4-2-1,train,36,Walk,user18,4-2-1,24,24,24,0,0,0,0,0,True,
train__c36__user18__4-2-2,train,36,Walk,user18,4-2-2,20,20,20,0,0,0,0,0,True,
train__c36__user18__4-2-3,train,36,Walk,user18,4-2-3,24,24,24,0,0,0,0,0,True,
train__c36__user18__6-2-1,train,36,Walk,user18,6-2-1,22,22,22,0,0,0,0,0,True,
train__c36__user18__6-2-2,train,36,Walk,user18,6-2-2,15,15,15,0,0,0,0,0,True,
train__c36__user18__6-2-3,train,36,Walk,user18,6-2-3,16,16,16,0,0,0,0,0,True,
train__c36__user19__1-2-1,train,36,Walk,user19,1-2-1,14,14,14,0,0,0,0,0,True,
train__c36__user19__1-2-2,train,36,Walk,user19,1-2-2,6,6,6,0,0,0,0,0,True,
train__c36__user19__1-2-3,train,36,Walk,user19,1-2-3,10,10,10,0,0,0,0,0,True,
train__c36__user19__2-2-1,train,36,Walk,user19,2-2-1,23,23,23,0,0,0,0,0,True,
train__c36__user19__2-2-2,train,36,Walk,user19,2-2-2,13,13,13,0,0,0,0,0,True,
train__c36__user19__2-2-3,train,36,Walk,user19,2-2-3,12,12,12,0,0,0,0,0,True,
train__c36__user19__2-3-1,train,36,Walk,user19,2-3-1,16,16,16,0,0,0,0,0,True,
train__c36__user19__2-3-2,train,36,Walk,user19,2-3-2,15,15,15,0,0,0,0,0,True,
train__c36__user19__2-3-3,train,36,Walk,user19,2-3-3,10,10,10,0,0,0,0,0,True,
train__c36__user19__3-2-1,train,36,Walk,user19,3-2-1,18,18,18,0,0,0,0,0,True,
train__c36__user19__3-2-2,train,36,Walk,user19,3-2-2,14,14,14,0,0,0,0,0,True,
train__c36__user19__3-2-3,train,36,Walk,user19,3-2-3,8,8,8,0,0,0,0,0,True,
train__c36__user19__3-3-1,train,36,Walk,user19,3-3-1,7,7,7,0,0,0,0,0,True,
train__c36__user19__3-3-2,train,36,Walk,user19,3-3-2,5,5,5,0,0,0,0,0,True,
train__c36__user19__4-2-1,train,36,Walk,user19,4-2-1,17,17,17,0,0,0,0,0,True,
train__c36__user19__4-2-2,train,36,Walk,user19,4-2-2,10,10,10,0,0,0,0,0,True,
train__c36__user19__4-2-3,train,36,Walk,user19,4-2-3,7,7,7,0,0,0,0,0,True,
train__c36__user19__4-3-1,train,36,Walk,user19,4-3-1,12,12,12,0,0,0,0,0,True,
train__c36__user19__4-3-2,train,36,Walk,user19,4-3-2,9,9,9,0,0,0,0,0,True,
train__c36__user19__4-3-3,train,36,Walk,user19,4-3-3,7,7,7,0,0,0,0,0,True,
train__c36__user19__5-3-1,train,36,Walk,user19,5-3-1,13,13,13,0,0,0,0,0,True,
train__c36__user19__5-3-2,train,36,Walk,user19,5-3-2,17,17,17,0,0,0,0,0,True,
train__c36__user19__5-3-3,train,36,Walk,user19,5-3-3,9,9,9,0,0,0,0,0,True,
train__c36__user19__7-2-1,train,36,Walk,user19,7-2-1,17,17,17,0,0,0,0,0,True,
train__c36__user19__7-2-2,train,36,Walk,user19,7-2-2,14,14,14,0,0,0,0,0,True,
train__c36__user19__7-2-3,train,36,Walk,user19,7-2-3,16,16,16,0,0,0,0,0,True,
train__c36__user1__1-2-1,train,36,Walk,user1,1-2-1,14,14,14,0,0,0,0,0,True,
train__c36__user1__1-2-2,train,36,Walk,user1,1-2-2,16,16,16,0,0,0,0,0,True,
train__c36__user1__2-1-1,train,36,Walk,user1,2-1-1,0,0,0,17,17,0,0,0,False,depth_unparsed=17; ir_unparsed=17
train__c36__user1__2-1-2,train,36,Walk,user1,2-1-2,19,19,19,0,0,0,0,0,True,
train__c36__user1__2-1-3,train,36,Walk,user1,2-1-3,10,10,10,0,0,0,0,0,True,
train__c36__user1__2-2-1,train,36,Walk,user1,2-2-1,47,47,47,0,0,0,0,0,True,
train__c36__user1__2-2-2,train,36,Walk,user1,2-2-2,52,52,52,0,0,0,0,0,True,
train__c36__user1__2-2-3,train,36,Walk,user1,2-2-3,20,20,20,0,0,0,0,0,True,
train__c36__user1__3-2-1,train,36,Walk,user1,3-2-1,31,31,31,0,0,0,0,0,True,
train__c36__user1__3-2-2,train,36,Walk,user1,3-2-2,36,36,36,0,0,0,0,0,True,
train__c36__user1__3-2-3,train,36,Walk,user1,3-2-3,14,14,14,0,0,0,0,0,True,
train__c36__user1__6-1-1,train,36,Walk,user1,6-1-1,17,17,17,0,0,0,0,0,True,
train__c36__user1__6-1-2,train,36,Walk,user1,6-1-2,12,12,12,0,0,0,0,0,True,
train__c36__user1__6-1-3,train,36,Walk,user1,6-1-3,9,9,9,0,0,0,0,0,True,
train__c36__user1__6-2-1,train,36,Walk,user1,6-2-1,30,30,30,0,0,0,0,0,True,
train__c36__user1__6-2-2,train,36,Walk,user1,6-2-2,24,24,24,0,0,0,0,0,True,
train__c36__user1__6-2-3,train,36,Walk,user1,6-2-3,16,16,16,0,0,0,0,0,True,
train__c36__user20__2-2-1,train,36,Walk,user20,2-2-1,23,23,23,0,0,0,0,0,True,
train__c36__user20__2-2-2,train,36,Walk,user20,2-2-2,19,19,19,0,0,0,0,0,True,
train__c36__user20__2-2-3,train,36,Walk,user20,2-2-3,13,13,13,0,0,0,0,0,True,
train__c36__user20__4-2-1,train,36,Walk,user20,4-2-1,16,16,16,0,0,0,0,0,True,
train__c36__user20__4-2-2,train,36,Walk,user20,4-2-2,19,19,19,0,0,0,0,0,True,
train__c36__user20__4-2-3,train,36,Walk,user20,4-2-3,29,29,29,0,0,0,0,0,True,
train__c36__user20__7-2-1,train,36,Walk,user20,7-2-1,33,33,33,0,0,0,0,0,True,
train__c36__user20__7-2-2,train,36,Walk,user20,7-2-2,30,30,30,0,0,0,0,0,True,
train__c36__user20__7-2-3,train,36,Walk,user20,7-2-3,22,22,22,0,0,0,0,0,True,
train__c36__user21__1-1-1,train,36,Walk,user21,1-1-1,12,12,12,0,0,0,0,0,True,
train__c36__user21__1-1-2,train,36,Walk,user21,1-1-2,11,11,11,0,0,0,0,0,True,
train__c36__user21__1-1-3,train,36,Walk,user21,1-1-3,7,7,7,0,0,0,0,0,True,
train__c36__user21__1-2-1,train,36,Walk,user21,1-2-1,26,26,26,0,0,0,0,0,True,
train__c36__user21__1-2-2,train,36,Walk,user21,1-2-2,13,13,13,0,0,0,0,0,True,
train__c36__user21__1-2-3,train,36,Walk,user21,1-2-3,18,18,18,0,0,0,0,0,True,
train__c36__user21__2-2-1,train,36,Walk,user21,2-2-1,19,19,19,0,0,0,0,0,True,
train__c36__user21__2-2-2,train,36,Walk,user21,2-2-2,37,37,37,0,0,0,0,0,True,
train__c36__user21__2-2-3,train,36,Walk,user21,2-2-3,10,10,10,0,0,0,0,0,True,
train__c36__user21__3-2-1,train,36,Walk,user21,3-2-1,22,22,22,0,0,0,0,0,True,
train__c36__user21__3-2-2,train,36,Walk,user21,3-2-2,22,22,22,0,0,0,0,0,True,
train__c36__user21__3-2-3,train,36,Walk,user21,3-2-3,11,11,11,0,0,0,0,0,True,
train__c36__user21__4-1-1,train,36,Walk,user21,4-1-1,21,21,21,0,0,0,0,0,True,
train__c36__user21__4-1-2,train,36,Walk,user21,4-1-2,15,15,15,0,0,0,0,0,True,
train__c36__user21__4-1-3,train,36,Walk,user21,4-1-3,16,16,16,0,0,0,0,0,True,
train__c36__user21__5-1-1,train,36,Walk,user21,5-1-1,6,6,6,0,0,0,0,0,True,
train__c36__user21__5-1-2,train,36,Walk,user21,5-1-2,10,10,10,0,0,0,0,0,True,
train__c36__user21__5-1-3,train,36,Walk,user21,5-1-3,5,5,5,0,0,0,0,0,True,
train__c36__user21__5-2-1,train,36,Walk,user21,5-2-1,18,18,18,0,0,0,0,0,True,
train__c36__user21__5-2-2,train,36,Walk,user21,5-2-2,23,23,23,0,0,0,0,0,True,
train__c36__user21__5-2-3,train,36,Walk,user21,5-2-3,16,16,16,0,0,0,0,0,True,
train__c36__user21__6-2-1,train,36,Walk,user21,6-2-1,30,30,30,0,0,0,0,0,True,
train__c36__user21__6-2-2,train,36,Walk,user21,6-2-2,28,28,28,0,0,0,0,0,True,
train__c36__user21__6-2-3,train,36,Walk,user21,6-2-3,13,13,13,0,0,0,0,0,True,
train__c36__user22__1-2-1,train,36,Walk,user22,1-2-1,13,13,13,0,0,0,0,0,True,
train__c36__user22__1-2-2,train,36,Walk,user22,1-2-2,8,8,8,0,0,0,0,0,True,
train__c36__user22__1-2-3,train,36,Walk,user22,1-2-3,6,6,6,0,0,0,0,0,True,
train__c36__user22__2-1-1,train,36,Walk,user22,2-1-1,17,17,17,0,0,0,0,0,True,
train__c36__user22__2-1-2,train,36,Walk,user22,2-1-2,11,11,11,0,0,0,0,0,True,
train__c36__user22__2-1-3,train,36,Walk,user22,2-1-3,9,9,9,0,0,0,0,0,True,
train__c36__user22__2-2-1,train,36,Walk,user22,2-2-1,11,11,11,0,0,0,0,0,True,
train__c36__user22__2-2-2,train,36,Walk,user22,2-2-2,9,9,9,0,0,0,0,0,True,
train__c36__user22__2-2-3,train,36,Walk,user22,2-2-3,6,6,6,0,0,0,0,0,True,
train__c36__user22__3-1-1,train,36,Walk,user22,3-1-1,13,13,13,0,0,0,0,0,True,
train__c36__user22__3-1-2,train,36,Walk,user22,3-1-2,15,15,15,0,0,0,0,0,True,
train__c36__user22__3-2-1,train,36,Walk,user22,3-2-1,12,12,12,0,0,0,0,0,True,
train__c36__user22__3-2-2,train,36,Walk,user22,3-2-2,17,17,17,0,0,0,0,0,True,
train__c36__user22__3-2-3,train,36,Walk,user22,3-2-3,10,10,10,0,0,0,0,0,True,
train__c36__user22__4-2-1,train,36,Walk,user22,4-2-1,11,11,11,0,0,0,0,0,True,
train__c36__user22__4-2-2,train,36,Walk,user22,4-2-2,10,10,10,0,0,0,0,0,True,
train__c36__user22__4-2-3,train,36,Walk,user22,4-2-3,4,4,4,0,0,0,0,0,True,
train__c36__user22__5-2-1,train,36,Walk,user22,5-2-1,14,14,14,0,0,0,0,0,True,
train__c36__user22__5-2-2,train,36,Walk,user22,5-2-2,15,15,15,0,0,0,0,0,True,
train__c36__user22__5-2-3,train,36,Walk,user22,5-2-3,14,14,14,0,0,0,0,0,True,
train__c36__user22__6-2-1,train,36,Walk,user22,6-2-1,13,13,13,0,0,0,0,0,True,
train__c36__user22__6-2-2,train,36,Walk,user22,6-2-2,11,11,11,0,0,0,0,0,True,
train__c36__user2__1-2-1,train,36,Walk,user2,1-2-1,43,43,43,0,0,0,0,0,True,
train__c36__user2__1-2-2,train,36,Walk,user2,1-2-2,46,46,46,0,0,0,0,0,True,
train__c36__user2__1-2-3,train,36,Walk,user2,1-2-3,27,27,27,0,0,0,0,0,True,
train__c36__user2__2-1-1,train,36,Walk,user2,2-1-1,28,28,28,0,0,0,0,0,True,
train__c36__user2__2-1-2,train,36,Walk,user2,2-1-2,30,30,30,0,0,0,0,0,True,
train__c36__user2__2-1-3,train,36,Walk,user2,2-1-3,14,14,14,0,0,0,0,0,True,
train__c36__user2__3-2-2,train,36,Walk,user2,3-2-2,65,65,65,0,0,0,0,0,True,
train__c36__user2__3-2-3,train,36,Walk,user2,3-2-3,49,49,49,0,0,0,0,0,True,
train__c36__user2__4-1-1,train,36,Walk,user2,4-1-1,29,29,29,0,0,0,0,0,True,
train__c36__user2__4-1-2,train,36,Walk,user2,4-1-2,33,33,33,0,0,0,0,0,True,
train__c36__user2__4-1-3,train,36,Walk,user2,4-1-3,31,31,31,0,0,0,0,0,True,
train__c36__user2__4-3-1,train,36,Walk,user2,4-3-1,36,36,36,0,0,0,0,0,True,
train__c36__user2__4-3-2,train,36,Walk,user2,4-3-2,45,45,45,0,0,0,0,0,True,
train__c36__user2__4-3-3,train,36,Walk,user2,4-3-3,35,35,35,0,0,0,0,0,True,
train__c36__user2__5-2-1,train,36,Walk,user2,5-2-1,38,38,38,0,0,0,0,0,True,
train__c36__user2__5-2-2,train,36,Walk,user2,5-2-2,32,32,32,0,0,0,0,0,True,
train__c36__user2__5-2-3,train,36,Walk,user2,5-2-3,23,23,23,0,0,0,0,0,True,
train__c36__user2__6-1-1,train,36,Walk,user2,6-1-1,20,20,20,0,0,0,0,0,True,
train__c36__user2__6-1-2,train,36,Walk,user2,6-1-2,11,11,11,0,0,0,0,0,True,
train__c36__user2__7-2-1,train,36,Walk,user2,7-2-1,35,35,35,0,0,0,0,0,True,
train__c36__user2__7-2-2,train,36,Walk,user2,7-2-2,24,24,24,0,0,0,0,0,True,
train__c36__user2__7-2-3,train,36,Walk,user2,7-2-3,16,16,16,0,0,0,0,0,True,
train__c36__user2__7-3-1,train,36,Walk,user2,7-3-1,58,58,58,0,0,0,0,0,True,
train__c36__user2__7-3-2,train,36,Walk,user2,7-3-2,33,33,33,0,0,0,0,0,True,
train__c36__user2__7-3-3,train,36,Walk,user2,7-3-3,34,34,34,0,0,0,0,0,True,
train__c36__user3__1-2-1,train,36,Walk,user3,1-2-1,52,52,52,0,0,0,0,0,True,
train__c36__user3__1-2-2,train,36,Walk,user3,1-2-2,58,58,58,0,0,0,0,0,True,
train__c36__user3__1-2-3,train,36,Walk,user3,1-2-3,32,32,32,0,0,0,0,0,True,
train__c36__user3__2-2-1,train,36,Walk,user3,2-2-1,17,17,17,0,0,0,0,0,True,
train__c36__user3__2-2-2,train,36,Walk,user3,2-2-2,12,12,12,0,0,0,0,0,True,
train__c36__user3__2-2-3,train,36,Walk,user3,2-2-3,16,16,16,0,0,0,0,0,True,
train__c36__user3__3-2-1,train,36,Walk,user3,3-2-1,36,36,36,0,0,0,0,0,True,
train__c36__user3__3-2-2,train,36,Walk,user3,3-2-2,25,25,25,0,0,0,0,0,True,
train__c36__user3__3-2-3,train,36,Walk,user3,3-2-3,40,40,40,0,0,0,0,0,True,
train__c36__user3__5-2-1,train,36,Walk,user3,5-2-1,43,43,43,0,0,0,0,0,True,
train__c36__user3__5-2-2,train,36,Walk,user3,5-2-2,23,23,23,0,0,0,0,0,True,
train__c36__user3__5-2-3,train,36,Walk,user3,5-2-3,34,34,34,0,0,0,0,0,True,
train__c36__user3__6-1-1,train,36,Walk,user3,6-1-1,19,19,19,0,0,0,0,0,True,
train__c36__user3__6-1-2,train,36,Walk,user3,6-1-2,20,20,20,0,0,0,0,0,True,
train__c36__user3__6-1-3,train,36,Walk,user3,6-1-3,13,13,13,0,0,0,0,0,True,
train__c36__user3__6-2-1,train,36,Walk,user3,6-2-1,0,0,0,25,25,0,0,0,False,depth_unparsed=25; ir_unparsed=25
train__c36__user3__6-2-2,train,36,Walk,user3,6-2-2,0,0,0,20,20,0,0,0,False,depth_unparsed=20; ir_unparsed=20
train__c36__user3__6-2-3,train,36,Walk,user3,6-2-3,0,0,0,17,17,0,0,0,False,depth_unparsed=17; ir_unparsed=17
train__c36__user3__7-1-1,train,36,Walk,user3,7-1-1,24,24,24,0,0,0,0,0,True,
train__c36__user3__7-1-2,train,36,Walk,user3,7-1-2,28,28,28,0,0,0,0,0,True,
train__c36__user3__7-1-3,train,36,Walk,user3,7-1-3,19,19,19,0,0,0,0,0,True,
train__c36__user6__1-1-1,train,36,Walk,user6,1-1-1,26,26,26,0,0,0,0,0,True,
train__c36__user6__1-1-2,train,36,Walk,user6,1-1-2,24,24,24,0,0,0,0,0,True,
train__c36__user6__1-1-3,train,36,Walk,user6,1-1-3,15,15,15,0,0,0,0,0,True,
train__c36__user6__2-3-1,train,36,Walk,user6,2-3-1,10,10,10,0,0,0,0,0,True,
train__c36__user6__2-3-2,train,36,Walk,user6,2-3-2,9,9,9,0,0,0,0,0,True,
train__c36__user6__2-3-3,train,36,Walk,user6,2-3-3,7,7,7,0,0,0,0,0,True,
train__c36__user6__3-1-1,train,36,Walk,user6,3-1-1,28,28,28,0,0,0,0,0,True,
train__c36__user6__3-1-2,train,36,Walk,user6,3-1-2,23,23,23,0,0,0,0,0,True,
train__c36__user6__3-1-3,train,36,Walk,user6,3-1-3,13,13,13,0,0,0,0,0,True,
train__c36__user6__3-3-1,train,36,Walk,user6,3-3-1,43,43,43,0,0,0,0,0,True,
train__c36__user6__3-3-2,train,36,Walk,user6,3-3-2,40,40,40,0,0,0,0,0,True,
train__c36__user6__3-3-3,train,36,Walk,user6,3-3-3,26,26,26,0,0,0,0,0,True,
train__c36__user6__5-2-1,train,36,Walk,user6,5-2-1,11,11,11,0,0,0,0,0,True,
train__c36__user6__5-2-2,train,36,Walk,user6,5-2-2,11,11,11,0,0,0,0,0,True,
train__c36__user6__5-2-3,train,36,Walk,user6,5-2-3,6,6,6,0,0,0,0,0,True,
train__c36__user6__5-3-1,train,36,Walk,user6,5-3-1,23,23,23,0,0,0,0,0,True,
train__c36__user6__5-3-2,train,36,Walk,user6,5-3-2,28,28,28,0,0,0,0,0,True,
train__c36__user6__5-3-3,train,36,Walk,user6,5-3-3,15,15,15,0,0,0,0,0,True,
train__c36__user6__7-3-1,train,36,Walk,user6,7-3-1,20,20,20,0,0,0,0,0,True,
train__c36__user6__7-3-2,train,36,Walk,user6,7-3-2,19,19,19,0,0,0,0,0,True,
train__c36__user6__7-3-3,train,36,Walk,user6,7-3-3,12,12,12,0,0,0,0,0,True,
train__c36__user7__1-2-1,train,36,Walk,user7,1-2-1,16,16,16,0,0,0,0,0,True,
train__c36__user7__1-2-2,train,36,Walk,user7,1-2-2,8,8,8,0,0,0,0,0,True,
train__c36__user7__1-2-3,train,36,Walk,user7,1-2-3,17,17,17,0,0,0,0,0,True,
train__c36__user7__3-2-1,train,36,Walk,user7,3-2-1,17,17,17,0,0,0,0,0,True,
train__c36__user7__3-2-2,train,36,Walk,user7,3-2-2,19,19,19,0,0,0,0,0,True,
train__c36__user7__3-2-3,train,36,Walk,user7,3-2-3,7,7,7,0,0,0,0,0,True,
train__c36__user7__3-3-1,train,36,Walk,user7,3-3-1,9,9,9,0,0,0,0,0,True,
train__c36__user7__3-3-3,train,36,Walk,user7,3-3-3,10,10,10,0,0,0,0,0,True,
train__c36__user7__4-1-1,train,36,Walk,user7,4-1-1,15,15,15,0,0,0,0,0,True,
train__c36__user7__4-1-2,train,36,Walk,user7,4-1-2,12,12,12,0,0,0,0,0,True,
train__c36__user7__4-1-3,train,36,Walk,user7,4-1-3,7,7,7,0,0,0,0,0,True,
train__c36__user7__5-2-1,train,36,Walk,user7,5-2-1,12,12,12,0,0,0,0,0,True,
train__c36__user7__5-2-2,train,36,Walk,user7,5-2-2,11,11,11,0,0,0,0,0,True,
train__c36__user7__5-2-3,train,36,Walk,user7,5-2-3,6,6,6,0,0,0,0,0,True,
train__c36__user7__5-3-1,train,36,Walk,user7,5-3-1,17,17,17,0,0,0,0,0,True,
train__c36__user7__5-3-2,train,36,Walk,user7,5-3-2,16,16,16,0,0,0,0,0,True,
train__c36__user7__5-3-3,train,36,Walk,user7,5-3-3,11,11,11,0,0,0,0,0,True,
train__c36__user7__6-1-1,train,36,Walk,user7,6-1-1,12,12,12,0,0,0,0,0,True,
train__c36__user7__6-1-2,train,36,Walk,user7,6-1-2,10,10,10,0,0,0,0,0,True,
train__c36__user7__6-1-3,train,36,Walk,user7,6-1-3,7,7,7,0,0,0,0,0,True,
train__c36__user7__6-3-1,train,36,Walk,user7,6-3-1,18,18,18,0,0,0,0,0,True,
train__c36__user7__6-3-3,train,36,Walk,user7,6-3-3,9,9,9,0,0,0,0,0,True,
train__c36__user8__1-2-1,train,36,Walk,user8,1-2-1,18,18,18,0,0,0,0,0,True,
train__c36__user8__1-2-2,train,36,Walk,user8,1-2-2,12,12,12,0,0,0,0,0,True,
train__c36__user8__1-2-3,train,36,Walk,user8,1-2-3,9,9,9,0,0,0,0,0,True,
train__c36__user8__2-2-1,train,36,Walk,user8,2-2-1,9,9,9,0,0,0,0,0,True,
train__c36__user8__2-2-2,train,36,Walk,user8,2-2-2,9,9,9,0,0,0,0,0,True,
train__c36__user8__2-2-3,train,36,Walk,user8,2-2-3,7,7,7,0,0,0,0,0,True,
train__c36__user8__3-3-1,train,36,Walk,user8,3-3-1,13,13,13,0,0,0,0,0,True,
train__c36__user8__3-3-2,train,36,Walk,user8,3-3-2,5,5,5,0,0,0,0,0,True,
train__c36__user8__3-3-3,train,36,Walk,user8,3-3-3,10,10,10,0,0,0,0,0,True,
train__c36__user8__4-2-1,train,36,Walk,user8,4-2-1,15,15,15,0,0,0,0,0,True,
train__c36__user8__4-2-2,train,36,Walk,user8,4-2-2,9,9,9,0,0,0,0,0,True,
train__c36__user8__4-2-3,train,36,Walk,user8,4-2-3,14,14,14,0,0,0,0,0,True,
train__c36__user8__6-2-1,train,36,Walk,user8,6-2-1,15,15,15,0,0,0,0,0,True,
train__c36__user8__6-2-2,train,36,Walk,user8,6-2-2,20,20,20,0,0,0,0,0,True,
train__c36__user9__1-2-1,train,36,Walk,user9,1-2-1,13,13,13,0,0,0,0,0,True,
train__c36__user9__1-2-2,train,36,Walk,user9,1-2-2,7,7,7,0,0,0,0,0,True,
train__c36__user9__1-2-3,train,36,Walk,user9,1-2-3,9,9,9,0,0,0,0,0,True,
train__c36__user9__2-2-1,train,36,Walk,user9,2-2-1,8,8,8,0,0,0,0,0,True,
train__c36__user9__2-2-2,train,36,Walk,user9,2-2-2,9,9,9,0,0,0,0,0,True,
train__c36__user9__2-2-3,train,36,Walk,user9,2-2-3,6,6,6,0,0,0,0,0,True,
train__c36__user9__2-3-1,train,36,Walk,user9,2-3-1,9,9,9,0,0,0,0,0,True,
train__c36__user9__2-3-2,train,36,Walk,user9,2-3-2,6,6,6,0,0,0,0,0,True,
train__c36__user9__2-3-3,train,36,Walk,user9,2-3-3,5,5,5,0,0,0,0,0,True,
train__c36__user9__3-2-1,train,36,Walk,user9,3-2-1,8,8,8,0,0,0,0,0,True,
train__c36__user9__3-2-2,train,36,Walk,user9,3-2-2,7,7,7,0,0,0,0,0,True,
train__c36__user9__3-2-3,train,36,Walk,user9,3-2-3,6,6,6,0,0,0,0,0,True,
train__c36__user9__3-3-1,train,36,Walk,user9,3-3-1,23,23,23,0,0,0,0,0,True,
train__c36__user9__3-3-2,train,36,Walk,user9,3-3-2,23,23,23,0,0,0,0,0,True,
train__c36__user9__3-3-3,train,36,Walk,user9,3-3-3,16,16,16,0,0,0,0,0,True,
train__c36__user9__4-2-1,train,36,Walk,user9,4-2-1,14,14,14,0,0,0,0,0,True,
train__c36__user9__4-2-2,train,36,Walk,user9,4-2-2,15,15,15,0,0,0,0,0,True,
train__c36__user9__4-2-3,train,36,Walk,user9,4-2-3,8,8,8,0,0,0,0,0,True,
train__c36__user9__4-3-1,train,36,Walk,user9,4-3-1,8,8,8,0,0,0,0,0,True,
train__c36__user9__4-3-2,train,36,Walk,user9,4-3-2,10,10,10,0,0,0,0,0,True,
train__c36__user9__4-3-3,train,36,Walk,user9,4-3-3,5,5,5,0,0,0,0,0,True,
train__c36__user9__5-3-1,train,36,Walk,user9,5-3-1,5,5,5,0,0,0,0,0,True,
train__c36__user9__5-3-2,train,36,Walk,user9,5-3-2,5,5,5,0,0,0,0,0,True,
train__c36__user9__5-3-3,train,36,Walk,user9,5-3-3,8,8,8,0,0,0,0,0,True,
train__c36__user9__7-2-1,train,36,Walk,user9,7-2-1,7,7,7,0,0,0,0,0,True,
train__c36__user9__7-2-2,train,36,Walk,user9,7-2-2,5,5,5,0,0,0,0,0,True,
train__c36__user9__7-2-3,train,36,Walk,user9,7-2-3,5,5,5,0,0,0,0,0,True,
train__c37__user16__6-2-1,train,37,Take_medicine,user16,6-2-1,27,27,27,0,0,0,0,0,True,
train__c37__user16__6-2-2,train,37,Take_medicine,user16,6-2-2,25,25,25,0,0,0,0,0,True,
train__c37__user16__6-2-3,train,37,Take_medicine,user16,6-2-3,30,30,30,0,0,0,0,0,True,
train__c37__user18__7-1-1,train,37,Take_medicine,user18,7-1-1,6,6,6,0,0,0,0,0,True,
train__c37__user18__7-1-2,train,37,Take_medicine,user18,7-1-2,4,4,4,0,0,0,0,0,True,
train__c37__user18__7-1-3,train,37,Take_medicine,user18,7-1-3,5,5,5,0,0,0,0,0,True,
train__c37__user18__7-2-1,train,37,Take_medicine,user18,7-2-1,9,9,9,0,0,0,0,0,True,
train__c37__user18__7-2-2,train,37,Take_medicine,user18,7-2-2,4,4,4,0,0,0,0,0,True,
train__c37__user18__7-2-3,train,37,Take_medicine,user18,7-2-3,4,4,4,0,0,0,0,0,True,
train__c37__user19__6-2-1,train,37,Take_medicine,user19,6-2-1,19,19,19,0,0,0,0,0,True,
train__c37__user19__6-2-2,train,37,Take_medicine,user19,6-2-2,17,17,17,0,0,0,0,0,True,
train__c37__user19__6-2-3,train,37,Take_medicine,user19,6-2-3,17,17,17,0,0,0,0,0,True,
train__c37__user19__7-1-1,train,37,Take_medicine,user19,7-1-1,34,34,34,0,0,0,0,0,True,
train__c37__user19__7-1-2,train,37,Take_medicine,user19,7-1-2,18,18,18,0,0,0,0,0,True,
train__c37__user19__7-1-3,train,37,Take_medicine,user19,7-1-3,21,21,21,0,0,0,0,0,True,
train__c37__user20__7-1-1,train,37,Take_medicine,user20,7-1-1,59,59,59,0,0,0,0,0,True,
train__c37__user20__7-1-2,train,37,Take_medicine,user20,7-1-2,57,57,57,0,0,0,0,0,True,
train__c37__user20__7-1-3,train,37,Take_medicine,user20,7-1-3,37,37,37,0,0,0,0,0,True,
train__c37__user21__7-1-1,train,37,Take_medicine,user21,7-1-1,12,12,12,0,0,0,0,0,True,
train__c37__user21__7-1-2,train,37,Take_medicine,user21,7-1-2,13,13,13,0,0,0,0,0,True,
train__c37__user21__7-1-3,train,37,Take_medicine,user21,7-1-3,12,12,12,0,0,0,0,0,True,
train__c37__user22__7-1-1,train,37,Take_medicine,user22,7-1-1,17,17,17,0,0,0,0,0,True,
train__c37__user22__7-1-2,train,37,Take_medicine,user22,7-1-2,15,15,15,0,0,0,0,0,True,
train__c37__user22__7-1-3,train,37,Take_medicine,user22,7-1-3,6,6,6,0,0,0,0,0,True,
train__c37__user2__7-1-1,train,37,Take_medicine,user2,7-1-1,44,44,44,0,0,0,0,0,True,
train__c37__user2__7-1-2,train,37,Take_medicine,user2,7-1-2,29,29,29,0,0,0,0,0,True,
train__c37__user2__7-1-3,train,37,Take_medicine,user2,7-1-3,29,29,29,0,0,0,0,0,True,
train__c37__user3__2-2-1,train,37,Take_medicine,user3,2-2-1,54,54,54,0,0,0,0,0,True,
train__c37__user3__2-2-2,train,37,Take_medicine,user3,2-2-2,13,13,13,0,0,0,0,0,True,
train__c37__user3__2-2-3,train,37,Take_medicine,user3,2-2-3,14,14,14,0,0,0,0,0,True,
train__c37__user3__7-1-1,train,37,Take_medicine,user3,7-1-1,10,10,10,0,0,0,0,0,True,
train__c37__user3__7-1-2,train,37,Take_medicine,user3,7-1-2,12,12,12,0,0,0,0,0,True,
train__c37__user3__7-1-3,train,37,Take_medicine,user3,7-1-3,9,9,9,0,0,0,0,0,True,
train__c37__user6__6-2-1,train,37,Take_medicine,user6,6-2-1,32,32,32,0,0,0,0,0,True,
train__c37__user6__6-2-2,train,37,Take_medicine,user6,6-2-2,10,10,10,0,0,0,0,0,True,
train__c37__user6__6-2-3,train,37,Take_medicine,user6,6-2-3,30,30,30,0,0,0,0,0,True,
train__c37__user7__4-1-1,train,37,Take_medicine,user7,4-1-1,32,32,32,0,0,0,0,0,True,
train__c37__user7__4-1-2,train,37,Take_medicine,user7,4-1-2,17,17,17,0,0,0,0,0,True,
train__c37__user7__4-1-3,train,37,Take_medicine,user7,4-1-3,12,12,12,0,0,0,0,0,True,
train__c37__user8__7-1-1,train,37,Take_medicine,user8,7-1-1,48,48,48,0,0,0,0,0,True,
train__c37__user8__7-1-2,train,37,Take_medicine,user8,7-1-2,28,28,28,0,0,0,0,0,True,
train__c37__user8__7-1-3,train,37,Take_medicine,user8,7-1-3,30,30,30,0,0,0,0,0,True,
train__c37__user8__7-2-1,train,37,Take_medicine,user8,7-2-1,31,31,31,0,0,0,0,0,True,
train__c37__user8__7-2-2,train,37,Take_medicine,user8,7-2-2,4,4,4,0,0,0,0,0,True,
train__c37__user8__7-2-3,train,37,Take_medicine,user8,7-2-3,20,20,20,0,0,0,0,0,True,
train__c37__user9__6-2-1,train,37,Take_medicine,user9,6-2-1,44,44,44,0,0,0,0,0,True,
train__c37__user9__6-2-2,train,37,Take_medicine,user9,6-2-2,29,29,29,0,0,0,0,0,True,
train__c37__user9__6-2-3,train,37,Take_medicine,user9,6-2-3,35,35,35,0,0,0,0,0,True,
train__c37__user9__7-1-1,train,37,Take_medicine,user9,7-1-1,19,19,19,0,0,0,0,0,True,
train__c37__user9__7-1-2,train,37,Take_medicine,user9,7-1-2,19,19,19,0,0,0,0,0,True,
train__c37__user9__7-1-3,train,37,Take_medicine,user9,7-1-3,35,35,35,0,0,0,0,0,True,
train__c38__user16__7-1-1,train,38,Massage_oneself,user16,7-1-1,61,61,61,0,0,0,0,0,True,
train__c38__user16__7-1-2,train,38,Massage_oneself,user16,7-1-2,40,40,40,0,0,0,0,0,True,
train__c38__user16__7-1-3,train,38,Massage_oneself,user16,7-1-3,25,25,25,0,0,0,0,0,True,
train__c38__user18__7-1-1,train,38,Massage_oneself,user18,7-1-1,35,35,35,0,0,0,0,0,True,
train__c38__user18__7-1-2,train,38,Massage_oneself,user18,7-1-2,25,25,25,0,0,0,0,0,True,
train__c38__user18__7-1-3,train,38,Massage_oneself,user18,7-1-3,24,24,24,0,0,0,0,0,True,
train__c38__user19__5-3-1,train,38,Massage_oneself,user19,5-3-1,24,24,24,0,0,0,0,0,True,
train__c38__user19__5-3-2,train,38,Massage_oneself,user19,5-3-2,29,29,29,0,0,0,0,0,True,
train__c38__user19__5-3-3,train,38,Massage_oneself,user19,5-3-3,17,17,17,0,0,0,0,0,True,
train__c38__user19__7-1-1,train,38,Massage_oneself,user19,7-1-1,55,55,55,0,0,0,0,0,True,
train__c38__user19__7-1-2,train,38,Massage_oneself,user19,7-1-2,70,70,70,0,0,0,0,0,True,
train__c38__user1__7-1-1,train,38,Massage_oneself,user1,7-1-1,67,67,67,0,0,0,0,0,True,
train__c38__user1__7-1-2,train,38,Massage_oneself,user1,7-1-2,57,57,57,0,0,0,0,0,True,
train__c38__user1__7-1-3,train,38,Massage_oneself,user1,7-1-3,50,50,50,0,0,0,0,0,True,
train__c38__user20__6-2-1,train,38,Massage_oneself,user20,6-2-1,40,40,40,0,0,0,0,0,True,
train__c38__user20__6-2-2,train,38,Massage_oneself,user20,6-2-2,24,24,24,0,0,0,0,0,True,
train__c38__user20__6-2-3,train,38,Massage_oneself,user20,6-2-3,33,33,33,0,0,0,0,0,True,
train__c38__user20__7-1-1,train,38,Massage_oneself,user20,7-1-1,17,17,17,0,0,0,0,0,True,
train__c38__user20__7-1-2,train,38,Massage_oneself,user20,7-1-2,28,28,28,0,0,0,0,0,True,
train__c38__user20__7-1-3,train,38,Massage_oneself,user20,7-1-3,18,18,18,0,0,0,0,0,True,
train__c38__user21__3-2-1,train,38,Massage_oneself,user21,3-2-1,24,24,24,0,0,0,0,0,True,
train__c38__user21__3-2-2,train,38,Massage_oneself,user21,3-2-2,17,17,17,0,0,0,0,0,True,
train__c38__user21__3-2-3,train,38,Massage_oneself,user21,3-2-3,10,10,10,0,0,0,0,0,True,
train__c38__user21__7-1-1,train,38,Massage_oneself,user21,7-1-1,22,22,22,0,0,0,0,0,True,
train__c38__user21__7-1-2,train,38,Massage_oneself,user21,7-1-2,17,17,17,0,0,0,0,0,True,
train__c38__user21__7-1-3,train,38,Massage_oneself,user21,7-1-3,22,22,22,0,0,0,0,0,True,
train__c38__user21__7-2-1,train,38,Massage_oneself,user21,7-2-1,16,16,16,0,0,0,0,0,True,
train__c38__user21__7-2-2,train,38,Massage_oneself,user21,7-2-2,17,17,17,0,0,0,0,0,True,
train__c38__user21__7-2-3,train,38,Massage_oneself,user21,7-2-3,18,18,18,0,0,0,0,0,True,
train__c38__user22__5-1-1,train,38,Massage_oneself,user22,5-1-1,37,37,37,0,0,0,0,0,True,
train__c38__user22__5-1-2,train,38,Massage_oneself,user22,5-1-2,23,23,23,0,0,0,0,0,True,
train__c38__user22__5-1-3,train,38,Massage_oneself,user22,5-1-3,12,12,12,0,0,0,0,0,True,
train__c38__user22__6-2-1,train,38,Massage_oneself,user22,6-2-1,35,35,35,0,0,0,0,0,True,
train__c38__user22__6-2-2,train,38,Massage_oneself,user22,6-2-2,25,25,25,0,0,0,0,0,True,
train__c38__user22__6-2-3,train,38,Massage_oneself,user22,6-2-3,28,28,28,0,0,0,0,0,True,
train__c38__user2__2-2-1,train,38,Massage_oneself,user2,2-2-1,51,51,51,0,0,0,0,0,True,
train__c38__user2__2-2-2,train,38,Massage_oneself,user2,2-2-2,37,37,37,0,0,0,0,0,True,
train__c38__user2__2-2-3,train,38,Massage_oneself,user2,2-2-3,69,69,69,0,0,0,0,0,True,
train__c38__user2__7-3-1,train,38,Massage_oneself,user2,7-3-1,72,72,72,0,0,0,0,0,True,
train__c38__user2__7-3-2,train,38,Massage_oneself,user2,7-3-2,29,29,29,0,0,0,0,0,True,
train__c38__user2__7-3-3,train,38,Massage_oneself,user2,7-3-3,31,31,31,0,0,0,0,0,True,
train__c38__user3__2-2-1,train,38,Massage_oneself,user3,2-2-1,33,33,33,0,0,0,0,0,True,
train__c38__user3__2-2-2,train,38,Massage_oneself,user3,2-2-2,22,22,22,0,0,0,0,0,True,
train__c38__user3__2-2-3,train,38,Massage_oneself,user3,2-2-3,23,23,23,0,0,0,0,0,True,
train__c38__user3__7-1-1,train,38,Massage_oneself,user3,7-1-1,42,42,42,0,0,0,0,0,True,
train__c38__user3__7-1-2,train,38,Massage_oneself,user3,7-1-2,29,29,29,0,0,0,0,0,True,
train__c38__user3__7-1-3,train,38,Massage_oneself,user3,7-1-3,25,25,25,0,0,0,0,0,True,
train__c38__user6__7-1-1,train,38,Massage_oneself,user6,7-1-1,88,88,88,0,0,0,0,0,True,
train__c38__user6__7-1-2,train,38,Massage_oneself,user6,7-1-2,64,64,64,0,0,0,0,0,True,
train__c38__user6__7-1-3,train,38,Massage_oneself,user6,7-1-3,64,64,64,0,0,0,0,0,True,
train__c39__user16__6-2-1,train,39,Take_body_temperature,user16,6-2-1,39,39,39,0,0,0,0,0,True,
train__c39__user16__6-2-2,train,39,Take_body_temperature,user16,6-2-2,33,33,33,0,0,0,0,0,True,
train__c39__user16__6-2-3,train,39,Take_body_temperature,user16,6-2-3,45,45,45,0,0,0,0,0,True,
train__c39__user18__7-1-1,train,39,Take_body_temperature,user18,7-1-1,43,43,43,0,0,0,0,0,True,
train__c39__user18__7-1-2,train,39,Take_body_temperature,user18,7-1-2,23,23,23,0,0,0,0,0,True,
train__c39__user18__7-1-3,train,39,Take_body_temperature,user18,7-1-3,16,16,16,0,0,0,0,0,True,
train__c39__user19__6-2-1,train,39,Take_body_temperature,user19,6-2-1,22,22,22,0,0,0,0,0,True,
train__c39__user19__6-2-2,train,39,Take_body_temperature,user19,6-2-2,12,12,12,0,0,0,0,0,True,
train__c39__user19__6-2-3,train,39,Take_body_temperature,user19,6-2-3,26,26,26,0,0,0,0,0,True,
train__c39__user19__7-1-1,train,39,Take_body_temperature,user19,7-1-1,43,43,43,0,0,0,0,0,True,
train__c39__user19__7-1-2,train,39,Take_body_temperature,user19,7-1-2,27,27,27,0,0,0,0,0,True,
train__c39__user19__7-1-3,train,39,Take_body_temperature,user19,7-1-3,21,21,21,0,0,0,0,0,True,
train__c39__user21__3-2-1,train,39,Take_body_temperature,user21,3-2-1,29,29,29,0,0,0,0,0,True,
train__c39__user21__3-2-2,train,39,Take_body_temperature,user21,3-2-2,22,22,22,0,0,0,0,0,True,
train__c39__user21__3-2-3,train,39,Take_body_temperature,user21,3-2-3,11,11,11,0,0,0,0,0,True,
train__c39__user21__6-1-1,train,39,Take_body_temperature,user21,6-1-1,24,24,24,0,0,0,0,0,True,
train__c39__user21__6-1-2,train,39,Take_body_temperature,user21,6-1-2,6,6,6,0,0,0,0,0,True,
train__c39__user21__6-1-3,train,39,Take_body_temperature,user21,6-1-3,3,3,3,0,0,0,0,0,True,
train__c39__user22__5-1-1,train,39,Take_body_temperature,user22,5-1-1,25,25,25,0,0,0,0,0,True,
train__c39__user22__5-1-2,train,39,Take_body_temperature,user22,5-1-2,13,13,13,0,0,0,0,0,True,
train__c39__user22__5-1-3,train,39,Take_body_temperature,user22,5-1-3,8,8,8,0,0,0,0,0,True,
train__c39__user2__2-2-1,train,39,Take_body_temperature,user2,2-2-1,48,48,48,0,0,0,0,0,True,
train__c39__user2__2-2-2,train,39,Take_body_temperature,user2,2-2-2,46,46,46,0,0,0,0,0,True,
train__c39__user2__2-2-3,train,39,Take_body_temperature,user2,2-2-3,18,18,18,0,0,0,0,0,True,
train__c39__user3__2-2-2,train,39,Take_body_temperature,user3,2-2-2,14,14,14,0,0,0,0,0,True,
train__c39__user3__2-2-3,train,39,Take_body_temperature,user3,2-2-3,31,31,31,0,0,0,0,0,True,
train__c39__user6__6-2-1,train,39,Take_body_temperature,user6,6-2-1,30,30,30,0,0,0,0,0,True,
train__c39__user6__6-2-2,train,39,Take_body_temperature,user6,6-2-2,13,13,13,0,0,0,0,0,True,
train__c39__user6__6-2-3,train,39,Take_body_temperature,user6,6-2-3,24,24,24,0,0,0,0,0,True,
train__c39__user7__4-1-1,train,39,Take_body_temperature,user7,4-1-1,13,13,13,0,0,0,0,0,True,
train__c39__user7__4-1-3,train,39,Take_body_temperature,user7,4-1-3,12,12,12,0,0,0,0,0,True,
train__c39__user7__7-1-1,train,39,Take_body_temperature,user7,7-1-1,41,41,41,0,0,0,0,0,True,
train__c39__user7__7-1-2,train,39,Take_body_temperature,user7,7-1-2,23,23,23,0,0,0,0,0,True,
train__c39__user7__7-1-3,train,39,Take_body_temperature,user7,7-1-3,10,10,10,0,0,0,0,0,True,
train__c39__user9__6-2-1,train,39,Take_body_temperature,user9,6-2-1,10,10,10,0,0,0,0,0,True,
train__c39__user9__6-2-2,train,39,Take_body_temperature,user9,6-2-2,6,6,6,0,0,0,0,0,True,
train__c39__user9__6-2-3,train,39,Take_body_temperature,user9,6-2-3,10,10,10,0,0,0,0,0,True,
train__c39__user9__7-1-1,train,39,Take_body_temperature,user9,7-1-1,16,16,16,0,0,0,0,0,True,
train__c39__user9__7-1-2,train,39,Take_body_temperature,user9,7-1-2,20,20,20,0,0,0,0,0,True,
train__c39__user9__7-1-3,train,39,Take_body_temperature,user9,7-1-3,12,12,12,0,0,0,0,0,True,
train__c00__user23__1-1-1,validation,0,Wash_face,user23,1-1-1,43,43,43,0,0,0,0,0,True,
train__c00__user23__1-1-2,validation,0,Wash_face,user23,1-1-2,19,19,19,0,0,0,0,0,True,
train__c00__user23__1-1-3,validation,0,Wash_face,user23,1-1-3,18,18,18,0,0,0,0,0,True,
train__c00__user24__6-2-1,validation,0,Wash_face,user24,6-2-1,35,35,35,0,0,0,0,0,True,
train__c00__user24__6-2-2,validation,0,Wash_face,user24,6-2-2,26,26,26,0,0,0,0,0,True,
train__c00__user24__6-2-3,validation,0,Wash_face,user24,6-2-3,17,17,17,0,0,0,0,0,True,
train__c00__user24__7-1-1,validation,0,Wash_face,user24,7-1-1,31,31,31,0,0,0,0,0,True,
train__c00__user24__7-1-2,validation,0,Wash_face,user24,7-1-2,15,15,15,0,0,0,0,0,True,
train__c00__user24__7-1-3,validation,0,Wash_face,user24,7-1-3,21,21,21,0,0,0,0,0,True,
train__c00__user4__1-1-1,validation,0,Wash_face,user4,1-1-1,42,42,42,0,0,0,0,0,True,
train__c00__user4__1-1-2,validation,0,Wash_face,user4,1-1-2,63,63,63,0,0,0,0,0,True,
train__c00__user4__1-1-3,validation,0,Wash_face,user4,1-1-3,31,31,31,0,0,0,0,0,True,
train__c01__user17__1-1-1,validation,1,Brush_teeth,user17,1-1-1,20,20,20,0,0,0,0,0,True,
train__c01__user17__1-1-2,validation,1,Brush_teeth,user17,1-1-2,25,25,25,0,0,0,0,0,True,
train__c01__user17__1-1-3,validation,1,Brush_teeth,user17,1-1-3,24,24,24,0,0,0,0,0,True,
train__c01__user23__1-1-1,validation,1,Brush_teeth,user23,1-1-1,39,39,39,0,0,0,0,0,True,
train__c01__user23__1-1-2,validation,1,Brush_teeth,user23,1-1-2,16,16,16,0,0,0,0,0,True,
train__c01__user23__1-1-3,validation,1,Brush_teeth,user23,1-1-3,23,23,23,0,0,0,0,0,True,
train__c01__user24__6-2-1,validation,1,Brush_teeth,user24,6-2-1,26,26,26,0,0,0,0,0,True,
train__c01__user24__6-2-2,validation,1,Brush_teeth,user24,6-2-2,8,8,8,0,0,0,0,0,True,
train__c01__user24__6-2-3,validation,1,Brush_teeth,user24,6-2-3,4,4,4,0,0,0,0,0,True,
train__c01__user24__7-1-1,validation,1,Brush_teeth,user24,7-1-1,12,12,12,0,0,0,0,0,True,
train__c01__user24__7-1-2,validation,1,Brush_teeth,user24,7-1-2,3,3,3,0,0,0,0,0,True,
train__c01__user24__7-1-3,validation,1,Brush_teeth,user24,7-1-3,7,7,7,0,0,0,0,0,True,
train__c02__user17__1-1-1,validation,2,Comb_hair,user17,1-1-1,70,70,70,0,0,0,0,0,True,
train__c02__user17__1-1-2,validation,2,Comb_hair,user17,1-1-2,11,11,11,0,0,0,0,0,True,
train__c02__user17__1-1-3,validation,2,Comb_hair,user17,1-1-3,21,21,21,0,0,0,0,0,True,
train__c02__user23__2-2-1,validation,2,Comb_hair,user23,2-2-1,36,36,36,0,0,0,0,0,True,
train__c02__user23__2-2-2,validation,2,Comb_hair,user23,2-2-2,28,28,28,0,0,0,0,0,True,
train__c02__user23__2-2-3,validation,2,Comb_hair,user23,2-2-3,20,20,20,0,0,0,0,0,True,
train__c02__user24__7-1-1,validation,2,Comb_hair,user24,7-1-1,13,13,13,0,0,0,0,0,True,
train__c02__user24__7-1-2,validation,2,Comb_hair,user24,7-1-2,4,4,4,0,0,0,0,0,True,
train__c02__user24__7-1-3,validation,2,Comb_hair,user24,7-1-3,6,6,6,0,0,0,0,0,True,
train__c03__user17__6-1-1,validation,3,Take_off_clothes,user17,6-1-1,39,39,39,0,0,0,0,0,True,
train__c03__user17__6-1-2,validation,3,Take_off_clothes,user17,6-1-2,32,32,32,0,0,0,0,0,True,
train__c03__user17__6-1-3,validation,3,Take_off_clothes,user17,6-1-3,22,22,22,0,0,0,0,0,True,
train__c03__user23__4-3-1,validation,3,Take_off_clothes,user23,4-3-1,15,15,15,0,0,0,0,0,True,
train__c03__user23__4-3-2,validation,3,Take_off_clothes,user23,4-3-2,24,24,24,0,0,0,0,0,True,
train__c03__user23__4-3-3,validation,3,Take_off_clothes,user23,4-3-3,17,17,17,0,0,0,0,0,True,
train__c03__user23__5-2-1,validation,3,Take_off_clothes,user23,5-2-1,12,12,12,0,0,0,0,0,True,
train__c03__user23__5-2-2,validation,3,Take_off_clothes,user23,5-2-2,24,24,24,0,0,0,0,0,True,
train__c03__user23__5-2-3,validation,3,Take_off_clothes,user23,5-2-3,13,13,13,0,0,0,0,0,True,
train__c03__user4__5-2-2,validation,3,Take_off_clothes,user4,5-2-2,66,66,66,0,0,0,0,0,True,
train__c03__user4__5-2-3,validation,3,Take_off_clothes,user4,5-2-3,24,24,24,0,0,0,0,0,True,
train__c04__user17__1-1-1,validation,4,Wipe_hands,user17,1-1-1,45,45,45,0,0,0,0,0,True,
train__c04__user17__1-1-2,validation,4,Wipe_hands,user17,1-1-2,28,28,28,0,0,0,0,0,True,
train__c04__user17__1-1-3,validation,4,Wipe_hands,user17,1-1-3,24,24,24,0,0,0,0,0,True,
train__c04__user17__7-2-1,validation,4,Wipe_hands,user17,7-2-1,46,46,46,0,0,0,0,0,True,
train__c04__user17__7-2-2,validation,4,Wipe_hands,user17,7-2-2,31,31,31,0,0,0,0,0,True,
train__c04__user17__7-2-3,validation,4,Wipe_hands,user17,7-2-3,19,19,19,0,0,0,0,0,True,
train__c04__user23__1-1-1,validation,4,Wipe_hands,user23,1-1-1,27,27,27,0,0,0,0,0,True,
train__c04__user23__1-1-2,validation,4,Wipe_hands,user23,1-1-2,15,15,15,0,0,0,0,0,True,
train__c04__user23__1-1-3,validation,4,Wipe_hands,user23,1-1-3,21,21,21,0,0,0,0,0,True,
train__c04__user24__6-2-1,validation,4,Wipe_hands,user24,6-2-1,28,28,28,0,0,0,0,0,True,
train__c04__user24__6-2-2,validation,4,Wipe_hands,user24,6-2-2,20,20,20,0,0,0,0,0,True,
train__c04__user24__6-2-3,validation,4,Wipe_hands,user24,6-2-3,24,24,24,0,0,0,0,0,True,
train__c04__user4__1-1-1,validation,4,Wipe_hands,user4,1-1-1,23,23,23,0,0,0,0,0,True,
train__c04__user4__1-1-2,validation,4,Wipe_hands,user4,1-1-2,22,22,22,0,0,0,0,0,True,
train__c04__user4__1-1-3,validation,4,Wipe_hands,user4,1-1-3,19,19,19,0,0,0,0,0,True,
train__c05__user17__1-1-1,validation,5,Put_on_clothes,user17,1-1-1,90,90,90,0,0,0,0,0,True,
train__c05__user17__1-1-2,validation,5,Put_on_clothes,user17,1-1-2,60,60,60,0,0,0,0,0,True,
train__c05__user17__1-1-3,validation,5,Put_on_clothes,user17,1-1-3,55,55,55,0,0,0,0,0,True,
train__c05__user17__6-1-1,validation,5,Put_on_clothes,user17,6-1-1,56,56,56,0,0,0,0,0,True,
train__c05__user17__6-1-2,validation,5,Put_on_clothes,user17,6-1-2,54,54,54,0,0,0,0,0,True,
train__c05__user17__6-1-3,validation,5,Put_on_clothes,user17,6-1-3,66,66,66,0,0,0,0,0,True,
train__c05__user23__4-3-1,validation,5,Put_on_clothes,user23,4-3-1,33,33,33,0,0,0,0,0,True,
train__c05__user23__4-3-2,validation,5,Put_on_clothes,user23,4-3-2,30,30,30,0,0,0,0,0,True,
train__c05__user23__4-3-3,validation,5,Put_on_clothes,user23,4-3-3,18,18,18,0,0,0,0,0,True,
train__c05__user23__5-2-1,validation,5,Put_on_clothes,user23,5-2-1,37,37,37,0,0,0,0,0,True,
train__c05__user23__5-2-2,validation,5,Put_on_clothes,user23,5-2-2,38,38,38,0,0,0,0,0,True,
train__c05__user23__5-2-3,validation,5,Put_on_clothes,user23,5-2-3,25,25,25,0,0,0,0,0,True,
train__c05__user4__5-2-1,validation,5,Put_on_clothes,user4,5-2-1,93,93,93,0,0,0,0,0,True,
train__c05__user4__5-2-2,validation,5,Put_on_clothes,user4,5-2-2,106,106,106,0,0,0,0,0,True,
train__c05__user4__5-2-3,validation,5,Put_on_clothes,user4,5-2-3,83,83,83,0,0,0,0,0,True,
train__c06__user23__5-3-3,validation,6,Drink_water,user23,5-3-3,10,10,10,0,0,0,0,0,True,
train__c06__user24__2-1-1,validation,6,Drink_water,user24,2-1-1,25,25,25,0,0,0,0,0,True,
train__c06__user24__2-1-2,validation,6,Drink_water,user24,2-1-2,27,27,27,0,0,0,0,0,True,
train__c06__user24__2-1-3,validation,6,Drink_water,user24,2-1-3,14,14,14,0,0,0,0,0,True,
train__c06__user24__4-2-1,validation,6,Drink_water,user24,4-2-1,42,42,42,0,0,0,0,0,True,
train__c06__user24__4-2-2,validation,6,Drink_water,user24,4-2-2,30,30,30,0,0,0,0,0,True,
train__c06__user24__4-2-3,validation,6,Drink_water,user24,4-2-3,17,17,17,0,0,0,0,0,True,
train__c06__user4__2-1-1,validation,6,Drink_water,user4,2-1-1,37,37,37,0,0,0,0,0,True,
train__c06__user4__2-1-2,validation,6,Drink_water,user4,2-1-2,34,34,34,0,0,0,0,0,True,
train__c06__user4__2-1-3,validation,6,Drink_water,user4,2-1-3,18,18,18,0,0,0,0,0,True,
train__c06__user4__4-2-1,validation,6,Drink_water,user4,4-2-1,87,87,87,0,0,0,0,0,True,
train__c06__user4__4-2-2,validation,6,Drink_water,user4,4-2-2,41,41,41,0,0,0,0,0,True,
train__c06__user4__4-2-3,validation,6,Drink_water,user4,4-2-3,33,33,33,0,0,0,0,0,True,
train__c07__user17__1-2-1,validation,7,Eat_food,user17,1-2-1,22,22,22,0,0,0,0,0,True,
train__c07__user17__1-2-2,validation,7,Eat_food,user17,1-2-2,8,8,8,0,0,0,0,0,True,
train__c07__user17__1-2-3,validation,7,Eat_food,user17,1-2-3,23,23,23,0,0,0,0,0,True,
train__c07__user17__2-2-1,validation,7,Eat_food,user17,2-2-1,45,45,45,0,0,0,0,0,True,
train__c07__user17__2-2-2,validation,7,Eat_food,user17,2-2-2,45,45,45,0,0,0,0,0,True,
train__c07__user17__2-2-3,validation,7,Eat_food,user17,2-2-3,20,20,20,0,0,0,0,0,True,
train__c07__user17__3-2-1,validation,7,Eat_food,user17,3-2-1,37,37,37,0,0,0,0,0,True,
train__c07__user17__3-2-2,validation,7,Eat_food,user17,3-2-2,34,34,34,0,0,0,0,0,True,
train__c07__user17__3-2-3,validation,7,Eat_food,user17,3-2-3,26,26,26,0,0,0,0,0,True,
train__c07__user17__5-2-1,validation,7,Eat_food,user17,5-2-1,30,30,30,0,0,0,0,0,True,
train__c07__user17__5-2-2,validation,7,Eat_food,user17,5-2-2,26,26,26,0,0,0,0,0,True,
train__c07__user17__5-2-3,validation,7,Eat_food,user17,5-2-3,22,22,22,0,0,0,0,0,True,
train__c07__user17__7-2-1,validation,7,Eat_food,user17,7-2-1,42,42,42,0,0,0,0,0,True,
train__c07__user17__7-2-2,validation,7,Eat_food,user17,7-2-2,28,28,28,0,0,0,0,0,True,
train__c07__user17__7-2-3,validation,7,Eat_food,user17,7-2-3,30,30,30,0,0,0,0,0,True,
train__c07__user23__2-3-1,validation,7,Eat_food,user23,2-3-1,31,31,31,0,0,0,0,0,True,
train__c07__user23__2-3-2,validation,7,Eat_food,user23,2-3-2,12,12,12,0,0,0,0,0,True,
train__c07__user23__2-3-3,validation,7,Eat_food,user23,2-3-3,24,24,24,0,0,0,0,0,True,
train__c07__user24__2-1-1,validation,7,Eat_food,user24,2-1-1,16,16,16,0,0,0,0,0,True,
train__c07__user24__2-1-2,validation,7,Eat_food,user24,2-1-2,25,25,25,0,0,0,0,0,True,
train__c07__user24__2-1-3,validation,7,Eat_food,user24,2-1-3,17,17,17,0,0,0,0,0,True,
train__c07__user4__1-2-2,validation,7,Eat_food,user4,1-2-2,34,34,34,0,0,0,0,0,True,
train__c07__user4__1-2-3,validation,7,Eat_food,user4,1-2-3,27,27,27,0,0,0,0,0,True,
train__c07__user4__2-1-1,validation,7,Eat_food,user4,2-1-1,72,72,72,0,0,0,0,0,True,
train__c07__user4__2-1-2,validation,7,Eat_food,user4,2-1-2,22,22,22,0,0,0,0,0,True,
train__c07__user4__2-1-3,validation,7,Eat_food,user4,2-1-3,24,24,24,0,0,0,0,0,True,
train__c07__user4__5-1-1,validation,7,Eat_food,user4,5-1-1,13,13,13,0,0,0,0,0,True,
train__c07__user4__5-1-2,validation,7,Eat_food,user4,5-1-2,24,24,24,0,0,0,0,0,True,
train__c07__user4__5-1-3,validation,7,Eat_food,user4,5-1-3,33,33,33,0,0,0,0,0,True,
train__c07__user4__7-2-1,validation,7,Eat_food,user4,7-2-1,30,30,30,0,0,0,0,0,True,
train__c07__user4__7-2-2,validation,7,Eat_food,user4,7-2-2,17,17,17,0,0,0,0,0,True,
train__c07__user4__7-2-3,validation,7,Eat_food,user4,7-2-3,21,21,21,0,0,0,0,0,True,
train__c08__user17__1-2-1,validation,8,Take_and_use_tableware,user17,1-2-1,22,22,22,0,0,0,0,0,True,
train__c08__user17__1-2-2,validation,8,Take_and_use_tableware,user17,1-2-2,8,8,8,0,0,0,0,0,True,
train__c08__user17__1-2-3,validation,8,Take_and_use_tableware,user17,1-2-3,23,23,23,0,0,0,0,0,True,
train__c08__user17__2-1-1,validation,8,Take_and_use_tableware,user17,2-1-1,36,36,36,0,0,0,0,0,True,
train__c08__user17__2-1-2,validation,8,Take_and_use_tableware,user17,2-1-2,27,27,27,0,0,0,0,0,True,
train__c08__user17__2-1-3,validation,8,Take_and_use_tableware,user17,2-1-3,25,25,25,0,0,0,0,0,True,
train__c08__user17__3-2-1,validation,8,Take_and_use_tableware,user17,3-2-1,46,46,46,0,0,0,0,0,True,
train__c08__user17__3-2-2,validation,8,Take_and_use_tableware,user17,3-2-2,29,29,29,0,0,0,0,0,True,
train__c08__user17__3-2-3,validation,8,Take_and_use_tableware,user17,3-2-3,37,37,37,0,0,0,0,0,True,
train__c08__user4__1-2-1,validation,8,Take_and_use_tableware,user4,1-2-1,62,62,62,0,0,0,0,0,True,
train__c08__user4__1-2-2,validation,8,Take_and_use_tableware,user4,1-2-2,46,46,46,0,0,0,0,0,True,
train__c08__user4__2-1-1,validation,8,Take_and_use_tableware,user4,2-1-1,19,19,19,0,0,0,0,0,True,
train__c08__user4__2-1-2,validation,8,Take_and_use_tableware,user4,2-1-2,10,10,10,0,0,0,0,0,True,
train__c08__user4__2-1-3,validation,8,Take_and_use_tableware,user4,2-1-3,9,9,9,0,0,0,0,0,True,
train__c09__user17__1-2-1,validation,9,Pour_drinks,user17,1-2-1,27,27,27,0,0,0,0,0,True,
train__c09__user17__1-2-2,validation,9,Pour_drinks,user17,1-2-2,14,14,14,0,0,0,0,0,True,
train__c09__user17__1-2-3,validation,9,Pour_drinks,user17,1-2-3,25,25,25,0,0,0,0,0,True,
train__c09__user17__2-1-1,validation,9,Pour_drinks,user17,2-1-1,29,29,29,0,0,0,0,0,True,
train__c09__user17__2-1-2,validation,9,Pour_drinks,user17,2-1-2,20,20,20,0,0,0,0,0,True,
train__c09__user17__2-1-3,validation,9,Pour_drinks,user17,2-1-3,13,13,13,0,0,0,0,0,True,
train__c09__user17__5-2-1,validation,9,Pour_drinks,user17,5-2-1,18,18,18,0,0,0,0,0,True,
train__c09__user17__5-2-2,validation,9,Pour_drinks,user17,5-2-2,23,23,23,0,0,0,0,0,True,
train__c09__user17__5-2-3,validation,9,Pour_drinks,user17,5-2-3,14,14,14,0,0,0,0,0,True,
train__c09__user23__5-3-3,validation,9,Pour_drinks,user23,5-3-3,30,30,30,0,0,0,0,0,True,
train__c09__user4__1-2-1,validation,9,Pour_drinks,user4,1-2-1,69,69,69,0,0,0,0,0,True,
train__c09__user4__1-2-2,validation,9,Pour_drinks,user4,1-2-2,59,59,59,0,0,0,0,0,True,
train__c09__user4__1-2-3,validation,9,Pour_drinks,user4,1-2-3,51,51,51,0,0,0,0,0,True,
train__c09__user4__6-1-1,validation,9,Pour_drinks,user4,6-1-1,69,69,69,0,0,0,0,0,True,
train__c09__user4__6-1-2,validation,9,Pour_drinks,user4,6-1-2,68,68,68,0,0,0,0,0,True,
train__c09__user4__6-1-3,validation,9,Pour_drinks,user4,6-1-3,43,43,43,0,0,0,0,0,True,
train__c10__user17__2-1-1,validation,10,Stir_drinks,user17,2-1-1,33,33,33,0,0,0,0,0,True,
train__c10__user17__2-1-2,validation,10,Stir_drinks,user17,2-1-2,28,28,28,0,0,0,0,0,True,
train__c10__user17__2-1-3,validation,10,Stir_drinks,user17,2-1-3,22,22,22,0,0,0,0,0,True,
train__c10__user17__2-2-1,validation,10,Stir_drinks,user17,2-2-1,27,27,27,0,0,0,0,0,True,
train__c10__user17__2-2-2,validation,10,Stir_drinks,user17,2-2-2,28,28,28,0,0,0,0,0,True,
train__c10__user17__2-2-3,validation,10,Stir_drinks,user17,2-2-3,20,20,20,0,0,0,0,0,True,
train__c10__user17__5-2-1,validation,10,Stir_drinks,user17,5-2-1,22,22,22,0,0,0,0,0,True,
train__c10__user17__5-2-2,validation,10,Stir_drinks,user17,5-2-2,12,12,12,0,0,0,0,0,True,
train__c10__user17__5-2-3,validation,10,Stir_drinks,user17,5-2-3,15,15,15,0,0,0,0,0,True,
train__c10__user23__5-3-3,validation,10,Stir_drinks,user23,5-3-3,7,7,7,0,0,0,0,0,True,
train__c10__user4__1-2-1,validation,10,Stir_drinks,user4,1-2-1,33,33,33,0,0,0,0,0,True,
train__c10__user4__1-2-2,validation,10,Stir_drinks,user4,1-2-2,38,38,38,0,0,0,0,0,True,
train__c10__user4__1-2-3,validation,10,Stir_drinks,user4,1-2-3,26,26,26,0,0,0,0,0,True,
train__c10__user4__5-1-1,validation,10,Stir_drinks,user4,5-1-1,49,49,49,0,0,0,0,0,True,
train__c10__user4__5-1-2,validation,10,Stir_drinks,user4,5-1-2,62,62,62,0,0,0,0,0,True,
train__c10__user4__5-1-3,validation,10,Stir_drinks,user4,5-1-3,27,27,27,0,0,0,0,0,True,
train__c11__user17__7-2-1,validation,11,Peel_fruits,user17,7-2-1,41,41,41,0,0,0,0,0,True,
train__c11__user17__7-2-2,validation,11,Peel_fruits,user17,7-2-2,35,35,35,0,0,0,0,0,True,
train__c11__user17__7-2-3,validation,11,Peel_fruits,user17,7-2-3,26,26,26,0,0,0,0,0,True,
train__c11__user24__4-2-1,validation,11,Peel_fruits,user24,4-2-1,81,81,81,0,0,0,0,0,True,
train__c11__user24__4-2-2,validation,11,Peel_fruits,user24,4-2-2,52,52,52,0,0,0,0,0,True,
train__c11__user24__4-2-3,validation,11,Peel_fruits,user24,4-2-3,26,26,26,0,0,0,0,0,True,
train__c11__user4__1-2-1,validation,11,Peel_fruits,user4,1-2-1,79,79,79,0,0,0,0,0,True,
train__c11__user4__1-2-2,validation,11,Peel_fruits,user4,1-2-2,58,58,58,0,0,0,0,0,True,
train__c11__user4__1-2-3,validation,11,Peel_fruits,user4,1-2-3,22,22,22,0,0,0,0,0,True,
train__c11__user4__2-1-1,validation,11,Peel_fruits,user4,2-1-1,41,41,41,0,0,0,0,0,True,
train__c11__user4__2-1-2,validation,11,Peel_fruits,user4,2-1-2,18,18,18,0,0,0,0,0,True,
train__c11__user4__2-1-3,validation,11,Peel_fruits,user4,2-1-3,29,29,29,0,0,0,0,0,True,
train__c11__user4__6-1-1,validation,11,Peel_fruits,user4,6-1-1,44,44,44,0,0,0,0,0,True,
train__c11__user4__6-1-2,validation,11,Peel_fruits,user4,6-1-2,51,51,51,0,0,0,0,0,True,
train__c11__user4__6-1-3,validation,11,Peel_fruits,user4,6-1-3,22,22,22,0,0,0,0,0,True,
train__c11__user4__7-1-1,validation,11,Peel_fruits,user4,7-1-1,46,46,46,0,0,0,0,0,True,
train__c11__user4__7-1-2,validation,11,Peel_fruits,user4,7-1-2,43,43,43,0,0,0,0,0,True,
train__c11__user4__7-1-3,validation,11,Peel_fruits,user4,7-1-3,31,31,31,0,0,0,0,0,True,
train__c12__user17__3-1-1,validation,12,Sweep_the_floor,user17,3-1-1,94,94,94,0,0,0,0,0,True,
train__c12__user17__3-1-2,validation,12,Sweep_the_floor,user17,3-1-2,89,89,89,0,0,0,0,0,True,
train__c12__user17__3-1-3,validation,12,Sweep_the_floor,user17,3-1-3,39,39,39,0,0,0,0,0,True,
train__c12__user23__3-2-1,validation,12,Sweep_the_floor,user23,3-2-1,89,89,89,0,0,0,0,0,True,
train__c12__user23__3-2-2,validation,12,Sweep_the_floor,user23,3-2-2,68,68,68,0,0,0,0,0,True,
train__c12__user23__3-2-3,validation,12,Sweep_the_floor,user23,3-2-3,76,76,76,0,0,0,0,0,True,
train__c12__user4__2-2-1,validation,12,Sweep_the_floor,user4,2-2-1,93,93,93,0,0,0,0,0,True,
train__c12__user4__2-2-2,validation,12,Sweep_the_floor,user4,2-2-2,70,70,70,0,0,0,0,0,True,
train__c12__user4__2-2-3,validation,12,Sweep_the_floor,user4,2-2-3,57,57,57,0,0,0,0,0,True,
train__c13__user17__3-1-1,validation,13,Mop_the_floor,user17,3-1-1,63,63,63,0,0,0,0,0,True,
train__c13__user17__3-1-2,validation,13,Mop_the_floor,user17,3-1-2,42,42,42,0,0,0,0,0,True,
train__c13__user17__3-1-3,validation,13,Mop_the_floor,user17,3-1-3,27,27,27,0,0,0,0,0,True,
train__c13__user4__2-2-1,validation,13,Mop_the_floor,user4,2-2-1,44,44,44,0,0,0,0,0,True,
train__c13__user4__2-2-2,validation,13,Mop_the_floor,user4,2-2-2,104,104,104,0,0,0,0,0,True,
train__c13__user4__2-2-3,validation,13,Mop_the_floor,user4,2-2-3,20,20,20,0,0,0,0,0,True,
train__c14__user17__3-2-1,validation,14,Wipe_bowls,user17,3-2-1,46,46,46,0,0,0,0,0,True,
train__c14__user17__3-2-2,validation,14,Wipe_bowls,user17,3-2-2,29,29,29,0,0,0,0,0,True,
train__c14__user17__3-2-3,validation,14,Wipe_bowls,user17,3-2-3,37,37,37,0,0,0,0,0,True,
train__c14__user4__4-2-1,validation,14,Wipe_bowls,user4,4-2-1,50,50,50,0,0,0,0,0,True,
train__c14__user4__4-2-2,validation,14,Wipe_bowls,user4,4-2-2,68,68,68,0,0,0,0,0,True,
train__c14__user4__4-2-3,validation,14,Wipe_bowls,user4,4-2-3,31,31,31,0,0,0,0,0,True,
train__c15__user17__2-2-1,validation,15,Wipe_windows_and_tables,user17,2-2-1,40,40,40,0,0,0,0,0,True,
train__c15__user17__2-2-2,validation,15,Wipe_windows_and_tables,user17,2-2-2,41,41,41,0,0,0,0,0,True,
train__c15__user17__2-2-3,validation,15,Wipe_windows_and_tables,user17,2-2-3,22,22,22,0,0,0,0,0,True,
train__c15__user17__3-3-1,validation,15,Wipe_windows_and_tables,user17,3-3-1,29,29,29,0,0,0,0,0,True,
train__c15__user17__3-3-2,validation,15,Wipe_windows_and_tables,user17,3-3-2,19,19,19,0,0,0,0,0,True,
train__c15__user17__3-3-3,validation,15,Wipe_windows_and_tables,user17,3-3-3,28,28,28,0,0,0,0,0,True,
train__c15__user23__3-1-1,validation,15,Wipe_windows_and_tables,user23,3-1-1,84,84,84,0,0,0,0,0,True,
train__c15__user23__3-1-2,validation,15,Wipe_windows_and_tables,user23,3-1-2,47,47,47,0,0,0,0,0,True,
train__c15__user23__3-1-3,validation,15,Wipe_windows_and_tables,user23,3-1-3,113,113,113,0,0,0,0,0,True,
train__c16__user17__6-1-1,validation,16,Fold_clothes,user17,6-1-1,88,88,88,0,0,0,0,0,True,
train__c16__user17__6-1-2,validation,16,Fold_clothes,user17,6-1-2,54,54,54,0,0,0,0,0,True,
train__c16__user17__6-1-3,validation,16,Fold_clothes,user17,6-1-3,25,25,25,0,0,0,0,0,True,
train__c16__user23__4-3-1,validation,16,Fold_clothes,user23,4-3-1,42,42,42,0,0,0,0,0,True,
train__c16__user23__4-3-2,validation,16,Fold_clothes,user23,4-3-2,17,17,17,0,0,0,0,0,True,
train__c16__user23__4-3-3,validation,16,Fold_clothes,user23,4-3-3,21,21,21,0,0,0,0,0,True,
train__c16__user24__4-1-1,validation,16,Fold_clothes,user24,4-1-1,94,94,94,0,0,0,0,0,True,
train__c16__user24__4-1-2,validation,16,Fold_clothes,user24,4-1-2,55,55,55,0,0,0,0,0,True,
train__c16__user24__4-1-3,validation,16,Fold_clothes,user24,4-1-3,28,28,28,0,0,0,0,0,True,
train__c17__user17__4-1-1,validation,17,Tap_the_keyboard,user17,4-1-1,60,60,60,0,0,0,0,0,True,
train__c17__user17__4-1-2,validation,17,Tap_the_keyboard,user17,4-1-2,68,68,68,0,0,0,0,0,True,
train__c17__user17__4-1-3,validation,17,Tap_the_keyboard,user17,4-1-3,49,49,49,0,0,0,0,0,True,
train__c17__user23__5-3-2,validation,17,Tap_the_keyboard,user23,5-3-2,23,23,23,0,0,0,0,0,True,
train__c17__user23__5-3-3,validation,17,Tap_the_keyboard,user23,5-3-3,30,30,30,0,0,0,0,0,True,
train__c17__user24__1-2-1,validation,17,Tap_the_keyboard,user24,1-2-1,55,55,55,0,0,0,0,0,True,
train__c17__user24__1-2-2,validation,17,Tap_the_keyboard,user24,1-2-2,25,25,25,0,0,0,0,0,True,
train__c17__user24__1-2-3,validation,17,Tap_the_keyboard,user24,1-2-3,31,31,31,0,0,0,0,0,True,
train__c17__user24__7-2-1,validation,17,Tap_the_keyboard,user24,7-2-1,31,31,31,0,0,0,0,0,True,
train__c17__user24__7-2-2,validation,17,Tap_the_keyboard,user24,7-2-2,19,19,19,0,0,0,0,0,True,
train__c17__user24__7-2-3,validation,17,Tap_the_keyboard,user24,7-2-3,19,19,19,0,0,0,0,0,True,
train__c17__user4__4-1-1,validation,17,Tap_the_keyboard,user4,4-1-1,50,50,50,0,0,0,0,0,True,
train__c17__user4__4-1-2,validation,17,Tap_the_keyboard,user4,4-1-2,29,29,29,0,0,0,0,0,True,
train__c17__user4__4-1-3,validation,17,Tap_the_keyboard,user4,4-1-3,43,43,43,0,0,0,0,0,True,
train__c17__user4__5-2-1,validation,17,Tap_the_keyboard,user4,5-2-1,51,51,51,0,0,0,0,0,True,
train__c17__user4__5-2-2,validation,17,Tap_the_keyboard,user4,5-2-2,50,50,50,0,0,0,0,0,True,
train__c17__user4__5-2-3,validation,17,Tap_the_keyboard,user4,5-2-3,60,60,60,0,0,0,0,0,True,
train__c18__user23__4-1-1,validation,18,Write,user23,4-1-1,64,64,64,0,0,0,0,0,True,
train__c18__user23__4-1-2,validation,18,Write,user23,4-1-2,51,51,51,0,0,0,0,0,True,
train__c18__user23__4-1-3,validation,18,Write,user23,4-1-3,71,71,71,0,0,0,0,0,True,
train__c18__user23__7-1-1,validation,18,Write,user23,7-1-1,31,31,31,0,0,0,0,0,True,
train__c18__user23__7-1-3,validation,18,Write,user23,7-1-3,22,22,22,0,0,0,0,0,True,
train__c18__user24__1-2-1,validation,18,Write,user24,1-2-1,34,34,34,0,0,0,0,0,True,
train__c18__user24__1-2-2,validation,18,Write,user24,1-2-2,31,31,31,0,0,0,0,0,True,
train__c18__user24__1-2-3,validation,18,Write,user24,1-2-3,17,17,17,0,0,0,0,0,True,
train__c18__user4__4-1-1,validation,18,Write,user4,4-1-1,31,31,31,0,0,0,0,0,True,
train__c18__user4__4-1-2,validation,18,Write,user4,4-1-2,44,44,44,0,0,0,0,0,True,
train__c18__user4__4-1-3,validation,18,Write,user4,4-1-3,20,20,20,0,0,0,0,0,True,
train__c19__user23__4-2-1,validation,19,Make_a_phone_call,user23,4-2-1,22,22,22,0,0,0,0,0,True,
train__c19__user23__4-2-2,validation,19,Make_a_phone_call,user23,4-2-2,37,37,37,0,0,0,0,0,True,
train__c19__user23__4-2-3,validation,19,Make_a_phone_call,user23,4-2-3,18,18,18,0,0,0,0,0,True,
train__c19__user24__3-2-1,validation,19,Make_a_phone_call,user24,3-2-1,29,29,29,0,0,0,0,0,True,
train__c19__user24__3-2-2,validation,19,Make_a_phone_call,user24,3-2-2,12,12,12,0,0,0,0,0,True,
train__c19__user24__3-2-3,validation,19,Make_a_phone_call,user24,3-2-3,23,23,23,0,0,0,0,0,True,
train__c19__user4__6-1-2,validation,19,Make_a_phone_call,user4,6-1-2,34,34,34,0,0,0,0,0,True,
train__c19__user4__6-1-3,validation,19,Make_a_phone_call,user4,6-1-3,38,38,38,0,0,0,0,0,True,
train__c20__user17__1-2-1,validation,20,Check_the_time,user17,1-2-1,17,17,17,0,0,0,0,0,True,
train__c20__user17__1-2-2,validation,20,Check_the_time,user17,1-2-2,20,20,20,0,0,0,0,0,True,
train__c20__user17__1-2-3,validation,20,Check_the_time,user17,1-2-3,11,11,11,0,0,0,0,0,True,
train__c20__user17__4-1-1,validation,20,Check_the_time,user17,4-1-1,14,14,14,0,0,0,0,0,True,
train__c20__user17__4-1-2,validation,20,Check_the_time,user17,4-1-2,8,8,8,0,0,0,0,0,True,
train__c20__user17__4-1-3,validation,20,Check_the_time,user17,4-1-3,7,7,7,0,0,0,0,0,True,
train__c20__user24__7-2-1,validation,20,Check_the_time,user24,7-2-1,22,22,22,0,0,0,0,0,True,
train__c20__user24__7-2-2,validation,20,Check_the_time,user24,7-2-2,11,11,11,0,0,0,0,0,True,
train__c20__user24__7-2-3,validation,20,Check_the_time,user24,7-2-3,19,19,19,0,0,0,0,0,True,
train__c20__user4__5-2-1,validation,20,Check_the_time,user4,5-2-1,23,23,23,0,0,0,0,0,True,
train__c20__user4__5-2-2,validation,20,Check_the_time,user4,5-2-2,16,16,16,0,0,0,0,0,True,
train__c20__user4__5-2-3,validation,20,Check_the_time,user4,5-2-3,11,11,11,0,0,0,0,0,True,
train__c21__user17__4-1-1,validation,21,Read_documents,user17,4-1-1,72,72,72,0,0,0,0,0,True,
train__c21__user17__4-1-2,validation,21,Read_documents,user17,4-1-2,57,57,57,0,0,0,0,0,True,
train__c21__user17__4-1-3,validation,21,Read_documents,user17,4-1-3,28,28,28,0,0,0,0,0,True,
train__c21__user23__4-1-1,validation,21,Read_documents,user23,4-1-1,46,46,46,0,0,0,0,0,True,
train__c21__user23__4-1-2,validation,21,Read_documents,user23,4-1-2,33,33,33,0,0,0,0,0,True,
train__c21__user23__4-1-3,validation,21,Read_documents,user23,4-1-3,44,44,44,0,0,0,0,0,True,
train__c21__user24__1-2-1,validation,21,Read_documents,user24,1-2-1,135,135,135,0,0,0,0,0,True,
train__c21__user24__1-2-2,validation,21,Read_documents,user24,1-2-2,36,36,36,0,0,0,0,0,True,
train__c21__user24__1-2-3,validation,21,Read_documents,user24,1-2-3,48,48,48,0,0,0,0,0,True,
train__c21__user24__7-2-1,validation,21,Read_documents,user24,7-2-1,83,83,83,0,0,0,0,0,True,
train__c21__user24__7-2-2,validation,21,Read_documents,user24,7-2-2,45,45,45,0,0,0,0,0,True,
train__c21__user24__7-2-3,validation,21,Read_documents,user24,7-2-3,51,51,51,0,0,0,0,0,True,
train__c21__user4__4-1-1,validation,21,Read_documents,user4,4-1-1,9,9,9,0,0,0,0,0,True,
train__c21__user4__4-1-2,validation,21,Read_documents,user4,4-1-2,12,12,12,0,0,0,0,0,True,
train__c21__user4__4-1-3,validation,21,Read_documents,user4,4-1-3,6,6,6,0,0,0,0,0,True,
train__c22__user24__1-2-1,validation,22,Turn_pages,user24,1-2-1,46,46,46,0,0,0,0,0,True,
train__c22__user24__1-2-2,validation,22,Turn_pages,user24,1-2-2,31,31,31,0,0,0,0,0,True,
train__c22__user24__1-2-3,validation,22,Turn_pages,user24,1-2-3,41,41,41,0,0,0,0,0,True,
train__c22__user24__7-2-1,validation,22,Turn_pages,user24,7-2-1,14,14,14,0,0,0,0,0,True,
train__c22__user24__7-2-2,validation,22,Turn_pages,user24,7-2-2,28,28,28,0,0,0,0,0,True,
train__c22__user24__7-2-3,validation,22,Turn_pages,user24,7-2-3,43,43,43,0,0,0,0,0,True,
train__c22__user4__4-1-1,validation,22,Turn_pages,user4,4-1-1,36,36,36,0,0,0,0,0,True,
train__c22__user4__4-1-2,validation,22,Turn_pages,user4,4-1-2,34,34,34,0,0,0,0,0,True,
train__c22__user4__4-1-3,validation,22,Turn_pages,user4,4-1-3,41,41,41,0,0,0,0,0,True,
train__c23__user17__6-2-1,validation,23,Listen_to_music_with_headphones,user17,6-2-1,46,46,46,0,0,0,0,0,True,
train__c23__user17__6-2-2,validation,23,Listen_to_music_with_headphones,user17,6-2-2,17,17,17,0,0,0,0,0,True,
train__c23__user17__6-2-3,validation,23,Listen_to_music_with_headphones,user17,6-2-3,14,14,14,0,0,0,0,0,True,
train__c23__user17__7-1-1,validation,23,Listen_to_music_with_headphones,user17,7-1-1,63,63,63,0,0,0,0,0,True,
train__c23__user17__7-1-2,validation,23,Listen_to_music_with_headphones,user17,7-1-2,70,70,70,0,0,0,0,0,True,
train__c23__user17__7-1-3,validation,23,Listen_to_music_with_headphones,user17,7-1-3,69,69,69,0,0,0,0,0,True,
train__c23__user23__4-2-1,validation,23,Listen_to_music_with_headphones,user23,4-2-1,37,37,37,0,0,0,0,0,True,
train__c23__user23__4-2-2,validation,23,Listen_to_music_with_headphones,user23,4-2-2,44,44,44,0,0,0,0,0,True,
train__c23__user23__4-2-3,validation,23,Listen_to_music_with_headphones,user23,4-2-3,9,9,9,0,0,0,0,0,True,
train__c23__user23__5-1-1,validation,23,Listen_to_music_with_headphones,user23,5-1-1,49,49,49,0,0,0,0,0,True,
train__c23__user23__5-1-2,validation,23,Listen_to_music_with_headphones,user23,5-1-2,45,45,45,0,0,0,0,0,True,
train__c23__user24__5-1-1,validation,23,Listen_to_music_with_headphones,user24,5-1-1,33,33,33,0,0,0,0,0,True,
train__c23__user24__5-1-2,validation,23,Listen_to_music_with_headphones,user24,5-1-2,22,22,22,0,0,0,0,0,True,
train__c23__user24__5-1-3,validation,23,Listen_to_music_with_headphones,user24,5-1-3,27,27,27,0,0,0,0,0,True,
train__c23__user24__7-2-1,validation,23,Listen_to_music_with_headphones,user24,7-2-1,32,32,32,0,0,0,0,0,True,
train__c23__user24__7-2-2,validation,23,Listen_to_music_with_headphones,user24,7-2-2,15,15,15,0,0,0,0,0,True,
train__c23__user24__7-2-3,validation,23,Listen_to_music_with_headphones,user24,7-2-3,19,19,19,0,0,0,0,0,True,
train__c24__user17__1-2-3,validation,24,Use_a_mobile_phone,user17,1-2-3,30,30,30,0,0,0,0,0,True,
train__c24__user23__7-3-1,validation,24,Use_a_mobile_phone,user23,7-3-1,42,42,42,0,0,0,0,0,True,
train__c24__user23__7-3-2,validation,24,Use_a_mobile_phone,user23,7-3-2,22,22,22,0,0,0,0,0,True,
train__c24__user23__7-3-3,validation,24,Use_a_mobile_phone,user23,7-3-3,10,10,10,0,0,0,0,0,True,
train__c24__user24__4-1-1,validation,24,Use_a_mobile_phone,user24,4-1-1,44,44,44,0,0,0,0,0,True,
train__c24__user24__4-1-2,validation,24,Use_a_mobile_phone,user24,4-1-2,29,29,29,0,0,0,0,0,True,
train__c24__user24__4-1-3,validation,24,Use_a_mobile_phone,user24,4-1-3,12,12,12,0,0,0,0,0,True,
train__c24__user24__5-1-1,validation,24,Use_a_mobile_phone,user24,5-1-1,46,46,46,0,0,0,0,0,True,
train__c24__user24__5-1-2,validation,24,Use_a_mobile_phone,user24,5-1-2,30,30,30,0,0,0,0,0,True,
train__c24__user24__5-1-3,validation,24,Use_a_mobile_phone,user24,5-1-3,10,10,10,0,0,0,0,0,True,
train__c24__user4__3-2-1,validation,24,Use_a_mobile_phone,user4,3-2-1,54,54,54,0,0,0,0,0,True,
train__c24__user4__3-2-2,validation,24,Use_a_mobile_phone,user4,3-2-2,52,52,52,0,0,0,0,0,True,
train__c24__user4__3-2-3,validation,24,Use_a_mobile_phone,user4,3-2-3,55,55,55,0,0,0,0,0,True,
train__c24__user4__6-1-1,validation,24,Use_a_mobile_phone,user4,6-1-1,45,45,45,0,0,0,0,0,True,
train__c24__user4__6-1-2,validation,24,Use_a_mobile_phone,user4,6-1-2,54,54,54,0,0,0,0,0,True,
train__c24__user4__6-1-3,validation,24,Use_a_mobile_phone,user4,6-1-3,13,13,13,0,0,0,0,0,True,
train__c25__user24__2-2-1,validation,25,Watch_TV,user24,2-2-1,39,39,39,0,0,0,0,0,True,
train__c25__user24__2-2-2,validation,25,Watch_TV,user24,2-2-2,25,25,25,0,0,0,0,0,True,
train__c25__user24__2-2-3,validation,25,Watch_TV,user24,2-2-3,17,17,17,0,0,0,0,0,True,
train__c25__user24__5-3-1,validation,25,Watch_TV,user24,5-3-1,14,14,14,0,0,0,0,0,True,
train__c25__user24__5-3-2,validation,25,Watch_TV,user24,5-3-2,29,29,29,0,0,0,0,0,True,
train__c25__user24__5-3-3,validation,25,Watch_TV,user24,5-3-3,28,28,28,0,0,0,0,0,True,
train__c26__user23__5-1-1,validation,26,Play_games,user23,5-1-1,43,43,43,0,0,0,0,0,True,
train__c26__user23__5-1-2,validation,26,Play_games,user23,5-1-2,52,52,52,0,0,0,0,0,True,
train__c26__user23__5-1-3,validation,26,Play_games,user23,5-1-3,21,21,21,0,0,0,0,0,True,
train__c26__user24__4-1-1,validation,26,Play_games,user24,4-1-1,41,41,41,0,0,0,0,0,True,
train__c26__user24__4-1-2,validation,26,Play_games,user24,4-1-2,11,11,11,0,0,0,0,0,True,
train__c26__user24__4-1-3,validation,26,Play_games,user24,4-1-3,22,22,22,0,0,0,0,0,True,
train__c26__user24__4-3-1,validation,26,Play_games,user24,4-3-1,46,46,46,0,0,0,0,0,True,
train__c26__user24__4-3-2,validation,26,Play_games,user24,4-3-2,28,28,28,0,0,0,0,0,True,
train__c26__user24__4-3-3,validation,26,Play_games,user24,4-3-3,14,14,14,0,0,0,0,0,True,
train__c26__user24__5-3-1,validation,26,Play_games,user24,5-3-1,23,23,23,0,0,0,0,0,True,
train__c26__user24__5-3-2,validation,26,Play_games,user24,5-3-2,19,19,19,0,0,0,0,0,True,
train__c26__user24__5-3-3,validation,26,Play_games,user24,5-3-3,27,27,27,0,0,0,0,0,True,
train__c27__user17__1-2-1,validation,27,Take_a_selfie,user17,1-2-1,46,46,46,0,0,0,0,0,True,
train__c27__user17__1-2-2,validation,27,Take_a_selfie,user17,1-2-2,21,21,21,0,0,0,0,0,True,
train__c27__user17__1-2-3,validation,27,Take_a_selfie,user17,1-2-3,30,30,30,0,0,0,0,0,True,
train__c27__user23__3-2-2,validation,27,Take_a_selfie,user23,3-2-2,22,22,22,0,0,0,0,0,True,
train__c27__user23__3-2-3,validation,27,Take_a_selfie,user23,3-2-3,29,29,29,0,0,0,0,0,True,
train__c27__user23__4-2-1,validation,27,Take_a_selfie,user23,4-2-1,41,41,41,0,0,0,0,0,True,
train__c27__user23__4-2-2,validation,27,Take_a_selfie,user23,4-2-2,42,42,42,0,0,0,0,0,True,
train__c27__user23__4-2-3,validation,27,Take_a_selfie,user23,4-2-3,9,9,9,0,0,0,0,0,True,
train__c27__user24__1-1-1,validation,27,Take_a_selfie,user24,1-1-1,29,29,29,0,0,0,0,0,True,
train__c27__user24__1-1-2,validation,27,Take_a_selfie,user24,1-1-2,23,23,23,0,0,0,0,0,True,
train__c27__user24__1-1-3,validation,27,Take_a_selfie,user24,1-1-3,16,16,16,0,0,0,0,0,True,
train__c27__user4__3-2-1,validation,27,Take_a_selfie,user4,3-2-1,28,28,28,0,0,0,0,0,True,
train__c27__user4__3-2-2,validation,27,Take_a_selfie,user4,3-2-2,26,26,26,0,0,0,0,0,True,
train__c27__user4__3-2-3,validation,27,Take_a_selfie,user4,3-2-3,16,16,16,0,0,0,0,0,True,
train__c28__user17__3-1-1,validation,28,Jog_in_place,user17,3-1-1,33,33,33,0,0,0,0,0,True,
train__c28__user17__3-1-2,validation,28,Jog_in_place,user17,3-1-2,44,44,44,0,0,0,0,0,True,
train__c28__user17__3-1-3,validation,28,Jog_in_place,user17,3-1-3,30,30,30,0,0,0,0,0,True,
train__c28__user23__3-2-2,validation,28,Jog_in_place,user23,3-2-2,21,21,21,0,0,0,0,0,True,
train__c28__user23__3-2-3,validation,28,Jog_in_place,user23,3-2-3,19,19,19,0,0,0,0,0,True,
train__c28__user24__3-2-1,validation,28,Jog_in_place,user24,3-2-1,26,26,26,0,0,0,0,0,True,
train__c28__user24__3-2-2,validation,28,Jog_in_place,user24,3-2-2,41,41,41,0,0,0,0,0,True,
train__c28__user24__3-2-3,validation,28,Jog_in_place,user24,3-2-3,51,51,51,0,0,0,0,0,True,
train__c28__user4__3-2-1,validation,28,Jog_in_place,user4,3-2-1,46,46,46,0,0,0,0,0,True,
train__c28__user4__3-2-2,validation,28,Jog_in_place,user4,3-2-2,39,39,39,0,0,0,0,0,True,
train__c28__user4__3-2-3,validation,28,Jog_in_place,user4,3-2-3,31,31,31,0,0,0,0,0,True,
train__c29__user17__4-1-1,validation,29,Do_squats,user17,4-1-1,46,46,46,0,0,0,0,0,True,
train__c29__user17__4-1-2,validation,29,Do_squats,user17,4-1-2,22,22,22,0,0,0,0,0,True,
train__c29__user17__4-1-3,validation,29,Do_squats,user17,4-1-3,22,22,22,0,0,0,0,0,True,
train__c29__user23__1-2-1,validation,29,Do_squats,user23,1-2-1,31,31,31,0,0,0,0,0,True,
train__c29__user23__1-2-2,validation,29,Do_squats,user23,1-2-2,30,30,30,0,0,0,0,0,True,
train__c29__user23__1-2-3,validation,29,Do_squats,user23,1-2-3,22,22,22,0,0,0,0,0,True,
train__c29__user23__6-1-1,validation,29,Do_squats,user23,6-1-1,34,34,34,0,0,0,0,0,True,
train__c29__user23__6-1-2,validation,29,Do_squats,user23,6-1-2,17,17,17,0,0,0,0,0,True,
train__c29__user23__6-1-3,validation,29,Do_squats,user23,6-1-3,28,28,28,0,0,0,0,0,True,
train__c29__user23__6-3-1,validation,29,Do_squats,user23,6-3-1,61,61,61,0,0,0,0,0,True,
train__c29__user23__6-3-2,validation,29,Do_squats,user23,6-3-2,31,31,31,0,0,0,0,0,True,
train__c29__user23__6-3-3,validation,29,Do_squats,user23,6-3-3,31,31,31,0,0,0,0,0,True,
train__c29__user24__6-3-1,validation,29,Do_squats,user24,6-3-1,72,72,72,0,0,0,0,0,True,
train__c29__user24__6-3-2,validation,29,Do_squats,user24,6-3-2,63,63,63,0,0,0,0,0,True,
train__c29__user24__6-3-3,validation,29,Do_squats,user24,6-3-3,40,40,40,0,0,0,0,0,True,
train__c30__user17__2-2-1,validation,30,Do_jumping_jacks,user17,2-2-1,37,37,37,0,0,0,0,0,True,
train__c30__user17__2-2-2,validation,30,Do_jumping_jacks,user17,2-2-2,43,43,43,0,0,0,0,0,True,
train__c30__user17__2-2-3,validation,30,Do_jumping_jacks,user17,2-2-3,17,17,17,0,0,0,0,0,True,
train__c30__user4__3-2-1,validation,30,Do_jumping_jacks,user4,3-2-1,32,32,32,0,0,0,0,0,True,
train__c30__user4__3-2-2,validation,30,Do_jumping_jacks,user4,3-2-2,11,11,11,0,0,0,0,0,True,
train__c30__user4__3-2-3,validation,30,Do_jumping_jacks,user4,3-2-3,29,29,29,0,0,0,0,0,True,
train__c31__user17__3-1-1,validation,31,Do_stretching_exercises,user17,3-1-1,20,20,20,0,0,0,0,0,True,
train__c31__user17__3-1-2,validation,31,Do_stretching_exercises,user17,3-1-2,26,26,26,0,0,0,0,0,True,
train__c31__user17__3-1-3,validation,31,Do_stretching_exercises,user17,3-1-3,28,28,28,0,0,0,0,0,True,
train__c31__user17__4-1-1,validation,31,Do_stretching_exercises,user17,4-1-1,24,24,24,0,0,0,0,0,True,
train__c31__user17__4-1-2,validation,31,Do_stretching_exercises,user17,4-1-2,30,30,30,0,0,0,0,0,True,
train__c31__user17__4-1-3,validation,31,Do_stretching_exercises,user17,4-1-3,21,21,21,0,0,0,0,0,True,
train__c31__user23__6-1-1,validation,31,Do_stretching_exercises,user23,6-1-1,46,46,46,0,0,0,0,0,True,
train__c31__user23__6-1-2,validation,31,Do_stretching_exercises,user23,6-1-2,41,41,41,0,0,0,0,0,True,
train__c31__user23__6-1-3,validation,31,Do_stretching_exercises,user23,6-1-3,32,32,32,0,0,0,0,0,True,
train__c31__user23__7-3-1,validation,31,Do_stretching_exercises,user23,7-3-1,26,26,26,0,0,0,0,0,True,
train__c31__user23__7-3-2,validation,31,Do_stretching_exercises,user23,7-3-2,28,28,28,0,0,0,0,0,True,
train__c31__user23__7-3-3,validation,31,Do_stretching_exercises,user23,7-3-3,25,25,25,0,0,0,0,0,True,
train__c31__user24__3-2-1,validation,31,Do_stretching_exercises,user24,3-2-1,54,54,54,0,0,0,0,0,True,
train__c31__user24__3-2-2,validation,31,Do_stretching_exercises,user24,3-2-2,16,16,16,0,0,0,0,0,True,
train__c31__user24__3-2-3,validation,31,Do_stretching_exercises,user24,3-2-3,34,34,34,0,0,0,0,0,True,
train__c31__user4__3-2-1,validation,31,Do_stretching_exercises,user4,3-2-1,51,51,51,0,0,0,0,0,True,
train__c31__user4__3-2-2,validation,31,Do_stretching_exercises,user4,3-2-2,11,11,11,0,0,0,0,0,True,
train__c31__user4__3-2-3,validation,31,Do_stretching_exercises,user4,3-2-3,32,32,32,0,0,0,0,0,True,
train__c32__user17__4-1-1,validation,32,Stand_up,user17,4-1-1,11,11,11,0,0,0,0,0,True,
train__c32__user17__4-1-2,validation,32,Stand_up,user17,4-1-2,11,11,11,0,0,0,0,0,True,
train__c32__user17__4-1-3,validation,32,Stand_up,user17,4-1-3,8,8,8,0,0,0,0,0,True,
train__c32__user23__7-1-1,validation,32,Stand_up,user23,7-1-1,20,20,20,0,0,0,0,0,True,
train__c32__user23__7-1-2,validation,32,Stand_up,user23,7-1-2,18,18,18,0,0,0,0,0,True,
train__c32__user23__7-1-3,validation,32,Stand_up,user23,7-1-3,9,9,9,0,0,0,0,0,True,
train__c32__user23__7-3-1,validation,32,Stand_up,user23,7-3-1,13,13,13,0,0,0,0,0,True,
train__c32__user23__7-3-2,validation,32,Stand_up,user23,7-3-2,9,9,9,0,0,0,0,0,True,
train__c32__user23__7-3-3,validation,32,Stand_up,user23,7-3-3,4,4,4,0,0,0,0,0,True,
train__c32__user24__5-1-1,validation,32,Stand_up,user24,5-1-1,8,8,8,0,0,0,0,0,True,
train__c32__user24__5-1-2,validation,32,Stand_up,user24,5-1-2,9,9,9,0,0,0,0,0,True,
train__c32__user24__5-1-3,validation,32,Stand_up,user24,5-1-3,7,7,7,0,0,0,0,0,True,
train__c32__user24__6-3-1,validation,32,Stand_up,user24,6-3-1,14,14,14,0,0,0,0,0,True,
train__c32__user24__6-3-2,validation,32,Stand_up,user24,6-3-2,12,12,12,0,0,0,0,0,True,
train__c32__user24__6-3-3,validation,32,Stand_up,user24,6-3-3,10,10,10,0,0,0,0,0,True,
train__c32__user4__2-1-1,validation,32,Stand_up,user4,2-1-1,10,10,10,0,0,0,0,0,True,
train__c32__user4__2-1-2,validation,32,Stand_up,user4,2-1-2,8,8,8,0,0,0,0,0,True,
train__c32__user4__2-1-3,validation,32,Stand_up,user4,2-1-3,7,7,7,0,0,0,0,0,True,
train__c32__user4__3-2-1,validation,32,Stand_up,user4,3-2-1,14,14,14,0,0,0,0,0,True,
train__c32__user4__3-2-2,validation,32,Stand_up,user4,3-2-2,12,12,12,0,0,0,0,0,True,
train__c32__user4__3-2-3,validation,32,Stand_up,user4,3-2-3,23,23,23,0,0,0,0,0,True,
train__c32__user4__7-2-1,validation,32,Stand_up,user4,7-2-1,14,14,14,0,0,0,0,0,True,
train__c32__user4__7-2-2,validation,32,Stand_up,user4,7-2-2,19,19,19,0,0,0,0,0,True,
train__c32__user4__7-2-3,validation,32,Stand_up,user4,7-2-3,15,15,15,0,0,0,0,0,True,
train__c33__user17__2-2-1,validation,33,Lie_down,user17,2-2-1,29,29,29,0,0,0,0,0,True,
train__c33__user17__2-2-2,validation,33,Lie_down,user17,2-2-2,32,32,32,0,0,0,0,0,True,
train__c33__user17__2-2-3,validation,33,Lie_down,user17,2-2-3,19,19,19,0,0,0,0,0,True,
train__c33__user24__2-2-1,validation,33,Lie_down,user24,2-2-1,21,21,21,0,0,0,0,0,True,
train__c33__user24__2-2-2,validation,33,Lie_down,user24,2-2-2,16,16,16,0,0,0,0,0,True,
train__c33__user24__2-2-3,validation,33,Lie_down,user24,2-2-3,8,8,8,0,0,0,0,0,True,
train__c34__user17__1-2-1,validation,34,Sit_down,user17,1-2-1,13,13,13,0,0,0,0,0,True,
train__c34__user17__1-2-2,validation,34,Sit_down,user17,1-2-2,9,9,9,0,0,0,0,0,True,
train__c34__user17__1-2-3,validation,34,Sit_down,user17,1-2-3,9,9,9,0,0,0,0,0,True,
train__c34__user17__2-2-1,validation,34,Sit_down,user17,2-2-1,11,11,11,0,0,0,0,0,True,
train__c34__user17__2-2-2,validation,34,Sit_down,user17,2-2-2,9,9,9,0,0,0,0,0,True,
train__c34__user17__2-2-3,validation,34,Sit_down,user17,2-2-3,9,9,9,0,0,0,0,0,True,
train__c34__user17__4-1-1,validation,34,Sit_down,user17,4-1-1,12,12,12,0,0,0,0,0,True,
train__c34__user17__4-1-2,validation,34,Sit_down,user17,4-1-2,7,7,7,0,0,0,0,0,True,
train__c34__user17__4-1-3,validation,34,Sit_down,user17,4-1-3,8,8,8,0,0,0,0,0,True,
train__c34__user17__7-1-1,validation,34,Sit_down,user17,7-1-1,8,8,8,0,0,0,0,0,True,
train__c34__user17__7-1-2,validation,34,Sit_down,user17,7-1-2,7,7,7,0,0,0,0,0,True,
train__c34__user17__7-1-3,validation,34,Sit_down,user17,7-1-3,7,7,7,0,0,0,0,0,True,
train__c34__user23__3-2-2,validation,34,Sit_down,user23,3-2-2,13,13,13,0,0,0,0,0,True,
train__c34__user23__7-3-1,validation,34,Sit_down,user23,7-3-1,17,17,17,0,0,0,0,0,True,
train__c34__user23__7-3-2,validation,34,Sit_down,user23,7-3-2,28,28,28,0,0,0,0,0,True,
train__c34__user23__7-3-3,validation,34,Sit_down,user23,7-3-3,20,20,20,0,0,0,0,0,True,
train__c34__user24__4-1-1,validation,34,Sit_down,user24,4-1-1,15,15,15,0,0,0,0,0,True,
train__c34__user24__4-1-2,validation,34,Sit_down,user24,4-1-2,11,11,11,0,0,0,0,0,True,
train__c34__user24__4-1-3,validation,34,Sit_down,user24,4-1-3,9,9,9,0,0,0,0,0,True,
train__c34__user24__5-1-1,validation,34,Sit_down,user24,5-1-1,11,11,11,0,0,0,0,0,True,
train__c34__user24__5-1-2,validation,34,Sit_down,user24,5-1-2,10,10,10,0,0,0,0,0,True,
train__c34__user24__5-1-3,validation,34,Sit_down,user24,5-1-3,9,9,9,0,0,0,0,0,True,
train__c34__user24__5-3-1,validation,34,Sit_down,user24,5-3-1,10,10,10,0,0,0,0,0,True,
train__c34__user24__5-3-2,validation,34,Sit_down,user24,5-3-2,11,11,11,0,0,0,0,0,True,
train__c34__user24__5-3-3,validation,34,Sit_down,user24,5-3-3,8,8,8,0,0,0,0,0,True,
train__c34__user24__7-2-1,validation,34,Sit_down,user24,7-2-1,11,11,11,0,0,0,0,0,True,
train__c34__user24__7-2-2,validation,34,Sit_down,user24,7-2-2,9,9,9,0,0,0,0,0,True,
train__c34__user24__7-2-3,validation,34,Sit_down,user24,7-2-3,7,7,7,0,0,0,0,0,True,
train__c34__user4__7-2-1,validation,34,Sit_down,user4,7-2-1,14,14,14,0,0,0,0,0,True,
train__c34__user4__7-2-2,validation,34,Sit_down,user4,7-2-2,16,16,16,0,0,0,0,0,True,
train__c34__user4__7-2-3,validation,34,Sit_down,user4,7-2-3,17,17,17,0,0,0,0,0,True,
train__c35__user23__1-2-1,validation,35,Do_lunges,user23,1-2-1,38,38,38,0,0,0,0,0,True,
train__c35__user23__1-2-2,validation,35,Do_lunges,user23,1-2-2,6,6,6,0,0,0,0,0,True,
train__c35__user23__1-2-3,validation,35,Do_lunges,user23,1-2-3,23,23,23,0,0,0,0,0,True,
train__c35__user23__5-3-2,validation,35,Do_lunges,user23,5-3-2,26,26,26,0,0,0,0,0,True,
train__c35__user23__5-3-3,validation,35,Do_lunges,user23,5-3-3,25,25,25,0,0,0,0,0,True,
train__c36__user17__1-2-1,validation,36,Walk,user17,1-2-1,37,37,37,0,0,0,0,0,True,
train__c36__user17__1-2-2,validation,36,Walk,user17,1-2-2,24,24,24,0,0,0,0,0,True,
train__c36__user17__1-2-3,validation,36,Walk,user17,1-2-3,27,27,27,0,0,0,0,0,True,
train__c36__user17__3-2-1,validation,36,Walk,user17,3-2-1,20,20,20,0,0,0,0,0,True,
train__c36__user17__3-2-2,validation,36,Walk,user17,3-2-2,14,14,14,0,0,0,0,0,True,
train__c36__user17__3-2-3,validation,36,Walk,user17,3-2-3,12,12,12,0,0,0,0,0,True,
train__c36__user17__3-3-1,validation,36,Walk,user17,3-3-1,21,21,21,0,0,0,0,0,True,
train__c36__user17__3-3-2,validation,36,Walk,user17,3-3-2,19,19,19,0,0,0,0,0,True,
train__c36__user17__3-3-3,validation,36,Walk,user17,3-3-3,9,9,9,0,0,0,0,0,True,
train__c36__user17__4-1-1,validation,36,Walk,user17,4-1-1,21,21,21,0,0,0,0,0,True,
train__c36__user17__4-1-2,validation,36,Walk,user17,4-1-2,24,24,24,0,0,0,0,0,True,
train__c36__user17__4-1-3,validation,36,Walk,user17,4-1-3,14,14,14,0,0,0,0,0,True,
train__c36__user17__5-2-1,validation,36,Walk,user17,5-2-1,20,20,20,0,0,0,0,0,True,
train__c36__user17__5-2-2,validation,36,Walk,user17,5-2-2,15,15,15,0,0,0,0,0,True,
train__c36__user17__5-2-3,validation,36,Walk,user17,5-2-3,13,13,13,0,0,0,0,0,True,
train__c36__user17__6-1-1,validation,36,Walk,user17,6-1-1,27,27,27,0,0,0,0,0,True,
train__c36__user17__6-1-2,validation,36,Walk,user17,6-1-2,14,14,14,0,0,0,0,0,True,
train__c36__user17__6-1-3,validation,36,Walk,user17,6-1-3,11,11,11,0,0,0,0,0,True,
train__c36__user23__2-2-1,validation,36,Walk,user23,2-2-1,11,11,11,0,0,0,0,0,True,
train__c36__user23__2-2-2,validation,36,Walk,user23,2-2-2,11,11,11,0,0,0,0,0,True,
train__c36__user23__2-2-3,validation,36,Walk,user23,2-2-3,11,11,11,0,0,0,0,0,True,
train__c36__user23__2-3-1,validation,36,Walk,user23,2-3-1,28,28,28,0,0,0,0,0,True,
train__c36__user23__2-3-2,validation,36,Walk,user23,2-3-2,21,21,21,0,0,0,0,0,True,
train__c36__user23__2-3-3,validation,36,Walk,user23,2-3-3,12,12,12,0,0,0,0,0,True,
train__c36__user23__3-2-1,validation,36,Walk,user23,3-2-1,21,21,21,0,0,0,0,0,True,
train__c36__user23__3-2-2,validation,36,Walk,user23,3-2-2,11,11,11,0,0,0,0,0,True,
train__c36__user23__3-2-3,validation,36,Walk,user23,3-2-3,21,21,21,0,0,0,0,0,True,
train__c36__user23__4-2-1,validation,36,Walk,user23,4-2-1,7,7,7,0,0,0,0,0,True,
train__c36__user23__4-2-2,validation,36,Walk,user23,4-2-2,6,6,6,0,0,0,0,0,True,
train__c36__user23__4-2-3,validation,36,Walk,user23,4-2-3,12,12,12,0,0,0,0,0,True,
train__c36__user23__5-3-1,validation,36,Walk,user23,5-3-1,13,13,13,0,0,0,0,0,True,
train__c36__user23__5-3-3,validation,36,Walk,user23,5-3-3,16,16,16,0,0,0,0,0,True,
train__c36__user23__7-3-1,validation,36,Walk,user23,7-3-1,21,21,21,0,0,0,0,0,True,
train__c36__user23__7-3-2,validation,36,Walk,user23,7-3-2,11,11,11,0,0,0,0,0,True,
train__c36__user23__7-3-3,validation,36,Walk,user23,7-3-3,9,9,9,0,0,0,0,0,True,
train__c36__user24__1-2-1,validation,36,Walk,user24,1-2-1,15,15,15,0,0,0,0,0,True,
train__c36__user24__1-2-2,validation,36,Walk,user24,1-2-2,13,13,13,0,0,0,0,0,True,
train__c36__user24__1-2-3,validation,36,Walk,user24,1-2-3,15,15,15,0,0,0,0,0,True,
train__c36__user24__3-2-1,validation,36,Walk,user24,3-2-1,34,34,34,0,0,0,0,0,True,
train__c36__user24__3-2-2,validation,36,Walk,user24,3-2-2,15,15,15,0,0,0,0,0,True,
train__c36__user24__3-2-3,validation,36,Walk,user24,3-2-3,15,15,15,0,0,0,0,0,True,
train__c36__user24__4-2-1,validation,36,Walk,user24,4-2-1,24,24,24,0,0,0,0,0,True,
train__c36__user24__4-2-2,validation,36,Walk,user24,4-2-2,19,19,19,0,0,0,0,0,True,
train__c36__user24__4-2-3,validation,36,Walk,user24,4-2-3,17,17,17,0,0,0,0,0,True,
train__c36__user24__5-1-1,validation,36,Walk,user24,5-1-1,29,29,29,0,0,0,0,0,True,
train__c36__user24__5-1-2,validation,36,Walk,user24,5-1-2,27,27,27,0,0,0,0,0,True,
train__c36__user24__5-1-3,validation,36,Walk,user24,5-1-3,20,20,20,0,0,0,0,0,True,
train__c36__user24__5-3-1,validation,36,Walk,user24,5-3-1,26,26,26,0,0,0,0,0,True,
train__c36__user24__5-3-2,validation,36,Walk,user24,5-3-2,24,24,24,0,0,0,0,0,True,
train__c36__user24__5-3-3,validation,36,Walk,user24,5-3-3,19,19,19,0,0,0,0,0,True,
train__c36__user24__6-2-1,validation,36,Walk,user24,6-2-1,18,18,18,0,0,0,0,0,True,
train__c36__user24__6-2-2,validation,36,Walk,user24,6-2-2,6,6,6,0,0,0,0,0,True,
train__c36__user24__6-2-3,validation,36,Walk,user24,6-2-3,6,6,6,0,0,0,0,0,True,
train__c36__user24__7-2-1,validation,36,Walk,user24,7-2-1,27,27,27,0,0,0,0,0,True,
train__c36__user24__7-2-2,validation,36,Walk,user24,7-2-2,18,18,18,0,0,0,0,0,True,
train__c36__user24__7-2-3,validation,36,Walk,user24,7-2-3,22,22,22,0,0,0,0,0,True,
train__c36__user4__1-2-1,validation,36,Walk,user4,1-2-1,28,28,28,0,0,0,0,0,True,
train__c36__user4__1-2-2,validation,36,Walk,user4,1-2-2,22,22,22,0,0,0,0,0,True,
train__c36__user4__1-2-3,validation,36,Walk,user4,1-2-3,16,16,16,0,0,0,0,0,True,
train__c36__user4__2-2-1,validation,36,Walk,user4,2-2-1,28,28,28,0,0,0,0,0,True,
train__c36__user4__2-2-2,validation,36,Walk,user4,2-2-2,28,28,28,0,0,0,0,0,True,
train__c36__user4__2-2-3,validation,36,Walk,user4,2-2-3,26,26,26,0,0,0,0,0,True,
train__c36__user4__4-2-1,validation,36,Walk,user4,4-2-1,26,26,26,0,0,0,0,0,True,
train__c36__user4__4-2-2,validation,36,Walk,user4,4-2-2,26,26,26,0,0,0,0,0,True,
train__c36__user4__4-2-3,validation,36,Walk,user4,4-2-3,14,14,14,0,0,0,0,0,True,
train__c36__user4__5-2-1,validation,36,Walk,user4,5-2-1,39,39,39,0,0,0,0,0,True,
train__c36__user4__5-2-2,validation,36,Walk,user4,5-2-2,25,25,25,0,0,0,0,0,True,
train__c36__user4__5-2-3,validation,36,Walk,user4,5-2-3,14,14,14,0,0,0,0,0,True,
train__c36__user4__7-1-1,validation,36,Walk,user4,7-1-1,21,21,21,0,0,0,0,0,True,
train__c36__user4__7-1-2,validation,36,Walk,user4,7-1-2,28,28,28,0,0,0,0,0,True,
train__c36__user4__7-1-3,validation,36,Walk,user4,7-1-3,16,16,16,0,0,0,0,0,True,
train__c37__user17__4-1-1,validation,37,Take_medicine,user17,4-1-1,27,27,27,0,0,0,0,0,True,
train__c37__user17__4-1-2,validation,37,Take_medicine,user17,4-1-2,23,23,23,0,0,0,0,0,True,
train__c37__user17__4-1-3,validation,37,Take_medicine,user17,4-1-3,13,13,13,0,0,0,0,0,True,
train__c37__user23__7-1-1,validation,37,Take_medicine,user23,7-1-1,42,42,42,0,0,0,0,0,True,
train__c37__user23__7-1-3,validation,37,Take_medicine,user23,7-1-3,20,20,20,0,0,0,0,0,True,
train__c37__user23__7-2-1,validation,37,Take_medicine,user23,7-2-1,30,30,30,0,0,0,0,0,True,
train__c37__user23__7-2-2,validation,37,Take_medicine,user23,7-2-2,24,24,24,0,0,0,0,0,True,
train__c37__user23__7-2-3,validation,37,Take_medicine,user23,7-2-3,10,10,10,0,0,0,0,0,True,
train__c37__user24__5-2-1,validation,37,Take_medicine,user24,5-2-1,50,50,50,0,0,0,0,0,True,
train__c37__user24__5-2-2,validation,37,Take_medicine,user24,5-2-2,34,34,34,0,0,0,0,0,True,
train__c37__user24__5-2-3,validation,37,Take_medicine,user24,5-2-3,19,19,19,0,0,0,0,0,True,
train__c37__user24__7-1-1,validation,37,Take_medicine,user24,7-1-1,26,26,26,0,0,0,0,0,True,
train__c37__user24__7-1-2,validation,37,Take_medicine,user24,7-1-2,14,14,14,0,0,0,0,0,True,
train__c37__user24__7-1-3,validation,37,Take_medicine,user24,7-1-3,19,19,19,0,0,0,0,0,True,
train__c37__user4__7-1-1,validation,37,Take_medicine,user4,7-1-1,73,73,73,0,0,0,0,0,True,
train__c37__user4__7-1-2,validation,37,Take_medicine,user4,7-1-2,128,128,128,0,0,0,0,0,True,
train__c37__user4__7-1-3,validation,37,Take_medicine,user4,7-1-3,77,77,77,0,0,0,0,0,True,
train__c38__user23__2-2-1,validation,38,Massage_oneself,user23,2-2-1,20,20,20,0,0,0,0,0,True,
train__c38__user23__2-2-2,validation,38,Massage_oneself,user23,2-2-2,26,26,26,0,0,0,0,0,True,
train__c38__user23__2-2-3,validation,38,Massage_oneself,user23,2-2-3,20,20,20,0,0,0,0,0,True,
train__c38__user23__7-1-1,validation,38,Massage_oneself,user23,7-1-1,28,28,28,0,0,0,0,0,True,
train__c38__user23__7-1-2,validation,38,Massage_oneself,user23,7-1-2,42,42,42,0,0,0,0,0,True,
train__c38__user23__7-1-3,validation,38,Massage_oneself,user23,7-1-3,39,39,39,0,0,0,0,0,True,
train__c38__user24__4-3-1,validation,38,Massage_oneself,user24,4-3-1,38,38,38,0,0,0,0,0,True,
train__c38__user24__4-3-2,validation,38,Massage_oneself,user24,4-3-2,32,32,32,0,0,0,0,0,True,
train__c38__user24__4-3-3,validation,38,Massage_oneself,user24,4-3-3,44,44,44,0,0,0,0,0,True,
train__c38__user24__7-1-1,validation,38,Massage_oneself,user24,7-1-1,31,31,31,0,0,0,0,0,True,
train__c38__user24__7-1-2,validation,38,Massage_oneself,user24,7-1-2,20,20,20,0,0,0,0,0,True,
train__c38__user24__7-1-3,validation,38,Massage_oneself,user24,7-1-3,20,20,20,0,0,0,0,0,True,
train__c39__user17__4-1-1,validation,39,Take_body_temperature,user17,4-1-1,96,96,96,0,0,0,0,0,True,
train__c39__user17__4-1-2,validation,39,Take_body_temperature,user17,4-1-2,31,31,31,0,0,0,0,0,True,
train__c39__user17__4-1-3,validation,39,Take_body_temperature,user17,4-1-3,26,26,26,0,0,0,0,0,True,
train__c39__user17__7-1-1,validation,39,Take_body_temperature,user17,7-1-1,39,39,39,0,0,0,0,0,True,
train__c39__user17__7-1-2,validation,39,Take_body_temperature,user17,7-1-2,28,28,28,0,0,0,0,0,True,
train__c39__user17__7-1-3,validation,39,Take_body_temperature,user17,7-1-3,23,23,23,0,0,0,0,0,True,
train__c39__user23__7-2-1,validation,39,Take_body_temperature,user23,7-2-1,30,30,30,0,0,0,0,0,True,
train__c39__user23__7-2-2,validation,39,Take_body_temperature,user23,7-2-2,29,29,29,0,0,0,0,0,True,
train__c39__user23__7-2-3,validation,39,Take_body_temperature,user23,7-2-3,28,28,28,0,0,0,0,0,True,
train__c39__user24__5-2-1,validation,39,Take_body_temperature,user24,5-2-1,14,14,14,0,0,0,0,0,True,
train__c39__user24__5-2-2,validation,39,Take_body_temperature,user24,5-2-2,11,11,11,0,0,0,0,0,True,
train__c39__user24__5-2-3,validation,39,Take_body_temperature,user24,5-2-3,7,7,7,0,0,0,0,0,True,
train__c39__user24__7-1-1,validation,39,Take_body_temperature,user24,7-1-1,38,38,38,0,0,0,0,0,True,
train__c39__user24__7-1-2,validation,39,Take_body_temperature,user24,7-1-2,10,10,10,0,0,0,0,0,True,
train__c39__user24__7-1-3,validation,39,Take_body_temperature,user24,7-1-3,13,13,13,0,0,0,0,0,True,
