sample_id,class_id,action_name,original_frame_count,sampled_indices,used_padding,temporal_valid_count,full_trial_start_covered,full_trial_end_covered,center24_coverage_ratio,full48_coverage_ratio,attention_peak_position,attention_peak_sampled_frame,attention_entropy,attention_distribution,dilation_1_activation_norm,dilation_2_activation_norm,dilation_4_activation_norm,dilation_8_activation_norm,dilation_16_activation_norm
train__c00__user23__1-1-1,0,Wash_face,43,0 1 2 3 4 5 6 7 8 9 10 11 12 13 14 15 16 17 18 19 20 21 22 23 24 25 26 27 28 29 30 31 32 33 34 35 36 37 38 39 40 41 42 -1 -1 -1 -1 -1,True,43,True,True,0.5581395348837209,1.0,8,8,1.3796429e-06,"[4.23184360985292e-31, 2.8232623833641414e-34, 5.104578105875159e-31, 5.718563274400047e-29, 8.830459117034796e-23, 5.882354016680522e-23, 1.4402244138974718e-16, 1.115261388353662e-15, 0.9999998807907104, 1.0255752952610664e-14, 6.470153731362449e-13, 8.188916010707563e-18, 1.5808327850270473e-20, 8.905033563954933e-19, 5.132212222223283e-21, 6.059951016957623e-20, 2.651384537186253e-23, 1.5544665674754123e-28, 2.4877725156904387e-31, 2.5239333147355367e-39, 9.809754555207188e-25, 3.712169971215076e-19, 1.9068482520063503e-20, 4.477731831987497e-19, 7.90612485843285e-31, 1.5817769866223642e-16, 1.1499767313623655e-19, 1.8454007382447697e-17, 5.8068112088447045e-18, 2.38670041055105e-21, 2.835969870420089e-17, 2.747075296121058e-21, 7.674231028431677e-08, 5.448415698640352e-13, 8.636209863834444e-15, 1.3855723512978813e-10, 8.497241793772416e-19, 7.467325320002008e-21, 1.1517090275010686e-22, 2.210662188378613e-24, 2.2139924417272014e-27, 4.653324819108652e-23, 1.4030687633325606e-21, 0.0, 0.0, 0.0, 0.0, 0.0]",1.7432438,2.01213,2.1201332,2.3764923,2.6499343
train__c00__user23__1-1-2,0,Wash_face,19,0 1 2 3 4 5 6 7 8 9 10 11 12 13 14 15 16 17 18 -1 -1 -1 -1 -1 -1 -1 -1 -1 -1 -1 -1 -1 -1 -1 -1 -1 -1 -1 -1 -1 -1 -1 -1 -1 -1 -1 -1 -1,True,19,True,True,1.0,1.0,17,17,0.5766977,"[2.802213588634323e-20, 8.315644350886942e-08, 0.014864310622215271, 0.0041276696138083935, 1.3007855841351557e-06, 5.144706847204361e-06, 1.138325891880676e-10, 0.1648792028427124, 0.004533358849585056, 5.308017080096761e-06, 7.658442213731576e-10, 6.144475719338516e-07, 3.623041807971489e-13, 7.913450710689274e-13, 1.5761483203389614e-15, 6.625851343283751e-12, 1.642384348638469e-14, 0.8115638494491577, 1.911490471684374e-05, 0.0, 0.0, 0.0, 0.0, 0.0, 0.0, 0.0, 0.0, 0.0, 0.0, 0.0, 0.0, 0.0, 0.0, 0.0, 0.0, 0.0, 0.0, 0.0, 0.0, 0.0, 0.0, 0.0, 0.0, 0.0, 0.0, 0.0, 0.0, 0.0]",1.4858984,1.8124336,1.8805579,2.1009932,2.315104
train__c00__user23__1-1-3,0,Wash_face,18,0 1 2 3 4 5 6 7 8 9 10 11 12 13 14 15 16 17 -1 -1 -1 -1 -1 -1 -1 -1 -1 -1 -1 -1 -1 -1 -1 -1 -1 -1 -1 -1 -1 -1 -1 -1 -1 -1 -1 -1 -1 -1,True,18,True,True,1.0,1.0,17,17,0.0019684879,"[8.751974809647755e-16, 1.8317541494033973e-13, 1.755236928024928e-11, 2.745652316615832e-10, 3.106551957898773e-07, 8.20935225180619e-13, 1.7181855938019908e-10, 1.0421321444686882e-10, 1.146282504679852e-13, 1.5981613601945277e-11, 4.826029983626134e-13, 1.7957886222432114e-15, 3.456266306142708e-12, 1.985952557959081e-08, 1.5466612879322383e-08, 1.8842192162082938e-07, 0.00020662971655838192, 0.9997928738594055, 0.0, 0.0, 0.0, 0.0, 0.0, 0.0, 0.0, 0.0, 0.0, 0.0, 0.0, 0.0, 0.0, 0.0, 0.0, 0.0, 0.0, 0.0, 0.0, 0.0, 0.0, 0.0, 0.0, 0.0, 0.0, 0.0, 0.0, 0.0, 0.0, 0.0]",1.5659314,1.8112597,1.8660058,2.143056,2.3757422
train__c00__user24__6-2-1,0,Wash_face,35,0 1 2 3 4 5 6 7 8 9 10 11 12 13 14 15 16 17 18 19 20 21 22 23 24 25 26 27 28 29 30 31 32 33 34 -1 -1 -1 -1 -1 -1 -1 -1 -1 -1 -1 -1 -1,True,35,True,True,0.6857142857142857,1.0,14,14,0.9705274,"[4.389653536965274e-18, 4.303464651709093e-20, 1.8908104800869115e-21, 4.346345565416871e-19, 3.0773845174271604e-16, 2.396669401041998e-16, 7.530112059069005e-14, 3.408389239248355e-12, 2.7345981035153955e-09, 4.229057140037185e-06, 2.6728466764325276e-05, 1.1032155953216716e-06, 0.0005368556012399495, 0.3684200942516327, 0.5195556282997131, 0.00026164253358729184, 2.539746333241055e-07, 4.752018223364018e-10, 4.605814063474156e-10, 2.5184776139552945e-11, 3.003368442833221e-09, 1.4615231975767529e-06, 5.963926923868712e-06, 4.944269221596187e-06, 0.0021907060872763395, 2.4336546630365774e-05, 4.320254163303616e-07, 6.023353125783615e-05, 4.187333786376257e-07, 1.5893327542926272e-07, 3.978816831562426e-09, 3.66436325727193e-11, 9.35727953454979e-11, 9.05574424336919e-08, 0.10890477150678635, 0.0, 0.0, 0.0, 0.0, 0.0, 0.0, 0.0, 0.0, 0.0, 0.0, 0.0, 0.0, 0.0]",3.4024827,3.47237,3.364211,3.550971,3.7237766
train__c00__user24__6-2-2,0,Wash_face,26,0 1 2 3 4 5 6 7 8 9 10 11 12 13 14 15 16 17 18 19 20 21 22 23 24 25 -1 -1 -1 -1 -1 -1 -1 -1 -1 -1 -1 -1 -1 -1 -1 -1 -1 -1 -1 -1 -1 -1,True,26,True,True,0.9230769230769232,1.0,24,24,0.9209065,"[1.3133899650734089e-16, 6.32826742871513e-15, 5.225929533554614e-28, 7.336536271371296e-19, 1.5531448204146527e-18, 1.867818616788086e-12, 1.3356670436337481e-08, 2.549165101228823e-09, 1.252855781785911e-05, 1.2945728933289047e-08, 6.045690383871261e-07, 0.02487853355705738, 0.15239949524402618, 0.019375421106815338, 0.005380359943956137, 0.0014035508502274752, 0.0003439549182076007, 0.00036613811971619725, 1.559204247314483e-05, 8.169646025635302e-05, 0.00010490031854715198, 0.06762686371803284, 0.00010167288564844057, 5.986044016026426e-08, 0.7270573377609253, 0.0008512965869158506, 0.0, 0.0, 0.0, 0.0, 0.0, 0.0, 0.0, 0.0, 0.0, 0.0, 0.0, 0.0, 0.0, 0.0, 0.0, 0.0, 0.0, 0.0, 0.0, 0.0, 0.0, 0.0]",2.3571143,2.5511494,2.5198762,2.687677,2.852374
train__c00__user24__6-2-3,0,Wash_face,17,0 1 2 3 4 5 6 7 8 9 10 11 12 13 14 15 16 -1 -1 -1 -1 -1 -1 -1 -1 -1 -1 -1 -1 -1 -1 -1 -1 -1 -1 -1 -1 -1 -1 -1 -1 -1 -1 -1 -1 -1 -1 -1,True,17,True,True,1.0,1.0,7,7,0.00855491,"[4.913301878103193e-19, 1.0066277188024034e-15, 1.6482293146264638e-22, 6.554164329319878e-12, 9.616786655897158e-08, 1.1832381460408214e-05, 0.00043034617556259036, 0.9990798234939575, 9.306889114668593e-05, 0.00017387558182235807, 1.286711835746246e-06, 4.740678960502009e-10, 2.966641099444445e-10, 8.250474278380035e-14, 8.971974571158996e-15, 4.6868478875694564e-08, 0.00020973398932255805, 0.0, 0.0, 0.0, 0.0, 0.0, 0.0, 0.0, 0.0, 0.0, 0.0, 0.0, 0.0, 0.0, 0.0, 0.0, 0.0, 0.0, 0.0, 0.0, 0.0, 0.0, 0.0, 0.0, 0.0, 0.0, 0.0, 0.0, 0.0, 0.0, 0.0, 0.0]",2.0240257,2.2134469,2.2363322,2.4819462,2.6908286
train__c00__user24__7-1-1,0,Wash_face,31,0 1 2 3 4 5 6 7 8 9 10 11 12 13 14 15 16 17 18 19 20 21 22 23 24 25 26 27 28 29 30 -1 -1 -1 -1 -1 -1 -1 -1 -1 -1 -1 -1 -1 -1 -1 -1 -1,True,31,True,True,0.7741935483870968,1.0,1,1,0.00027109732,"[2.616460506033036e-07, 0.9999768733978271, 2.163947226078009e-23, 1.4872577661861747e-23, 3.0260991287839727e-27, 4.5810762042430806e-23, 8.120152475884713e-22, 2.2827991415397264e-05, 3.658901306935469e-11, 9.08317170651578e-17, 1.0292581892217722e-16, 9.385620329969414e-20, 1.785892228100671e-14, 1.8794852826853337e-12, 9.45064447706312e-13, 4.187390711951622e-10, 1.0379504330679246e-12, 4.515442856320266e-15, 8.003814218381436e-14, 4.515442856320266e-15, 1.785892228100671e-14, 3.78642951100108e-17, 1.1530587513172274e-14, 4.861871840799648e-17, 3.7490728764853275e-18, 7.00418988710094e-18, 2.026729647300479e-17, 7.144468800205847e-16, 9.173679162163373e-16, 4.5989492769571427e-10, 5.050957985197613e-10, 0.0, 0.0, 0.0, 0.0, 0.0, 0.0, 0.0, 0.0, 0.0, 0.0, 0.0, 0.0, 0.0, 0.0, 0.0, 0.0, 0.0]",3.8394785,3.867652,3.802496,4.0530477,4.2213945
train__c00__user24__7-1-2,0,Wash_face,15,0 1 2 3 4 5 6 7 8 9 10 11 12 13 14 -1 -1 -1 -1 -1 -1 -1 -1 -1 -1 -1 -1 -1 -1 -1 -1 -1 -1 -1 -1 -1 -1 -1 -1 -1 -1 -1 -1 -1 -1 -1 -1 -1,True,15,True,True,1.0,1.0,7,7,0.45847404,"[3.7944079657941743e-16, 6.274783413164408e-22, 9.12975559504829e-22, 1.041704411939388e-14, 3.564516606464457e-16, 0.047878772020339966, 7.067578744468506e-10, 0.8756112456321716, 2.6600852868086805e-14, 2.6078561553139726e-16, 1.2197104868436352e-17, 3.392116230786164e-21, 2.0716767399329462e-14, 3.9089667917477366e-13, 0.07651005685329437, 0.0, 0.0, 0.0, 0.0, 0.0, 0.0, 0.0, 0.0, 0.0, 0.0, 0.0, 0.0, 0.0, 0.0, 0.0, 0.0, 0.0, 0.0, 0.0, 0.0, 0.0, 0.0, 0.0, 0.0, 0.0, 0.0, 0.0, 0.0, 0.0, 0.0, 0.0, 0.0, 0.0]",3.1479676,3.208631,3.1747293,3.3352568,3.4687324
train__c00__user24__7-1-3,0,Wash_face,21,0 1 2 3 4 5 6 7 8 9 10 11 12 13 14 15 16 17 18 19 20 -1 -1 -1 -1 -1 -1 -1 -1 -1 -1 -1 -1 -1 -1 -1 -1 -1 -1 -1 -1 -1 -1 -1 -1 -1 -1 -1,True,21,True,True,1.0,1.0,5,5,6.620452e-05,"[5.01473505210015e-06, 8.17910276647468e-26, 8.317832936354565e-18, 1.5946710532141007e-27, 1.259199450438786e-13, 0.9999949932098389, 2.9998787357615257e-20, 1.0265020596098973e-21, 1.7487693372297378e-24, 1.0712510211847878e-23, 2.9998787357615257e-20, 5.604511187799608e-20, 6.288087268341035e-21, 1.819518497277351e-20, 1.0133194114346104e-16, 4.100347867357283e-20, 6.350743130126372e-20, 4.995247042473642e-19, 8.426042316452916e-23, 2.254224411302186e-11, 7.391318113114664e-11, 0.0, 0.0, 0.0, 0.0, 0.0, 0.0, 0.0, 0.0, 0.0, 0.0, 0.0, 0.0, 0.0, 0.0, 0.0, 0.0, 0.0, 0.0, 0.0, 0.0, 0.0, 0.0, 0.0, 0.0, 0.0, 0.0, 0.0]",3.4829836,3.5377731,3.5012095,3.709331,3.8642147
train__c00__user4__1-1-1,0,Wash_face,42,0 1 2 3 4 5 6 7 8 9 10 11 12 13 14 15 16 17 18 19 20 21 22 23 24 25 26 27 28 29 30 31 32 33 34 35 36 37 38 39 40 41 -1 -1 -1 -1 -1 -1,True,42,True,True,0.5714285714285714,1.0,35,35,0.17131093,"[1.2998460902265474e-19, 3.761229536357713e-19, 4.892343362503377e-24, 7.333229972301785e-21, 1.2978909826743293e-16, 4.926238734729339e-17, 6.315901848828048e-14, 5.074969104353934e-14, 2.3395880077714537e-07, 2.551854804940315e-14, 1.578776605976051e-12, 6.800462250546274e-16, 8.109778040082949e-14, 2.1546857631449257e-09, 8.28465985050486e-15, 0.040533728897571564, 1.9291426836622906e-17, 2.3269904193929403e-17, 8.658842641674131e-20, 2.3501770860561897e-16, 3.4194876252355755e-16, 5.933240145939225e-14, 8.906848240723686e-14, 3.7929936325304964e-15, 1.7686739572919663e-10, 1.32189337601063e-11, 1.5988182440196397e-06, 6.4423947947200855e-12, 7.938587395957264e-13, 5.733406283070508e-08, 3.2443191471005772e-15, 3.7442826616995717e-10, 2.0241399667497717e-09, 2.1579320361869714e-12, 0.00017091043991968036, 0.9592933654785156, 4.613861723234969e-11, 2.1155618557433704e-14, 4.390708837447157e-16, 3.221996470687306e-22, 3.4932260784587986e-17, 9.864871142184484e-10, 0.0, 0.0, 0.0, 0.0, 0.0, 0.0]",2.9558485,3.0302458,2.9732122,3.2401073,3.421632
train__c00__user4__1-1-2,0,Wash_face,63,0 1 3 4 5 7 8 9 11 12 13 15 16 17 18 20 21 22 24 25 26 28 29 30 32 33 34 36 37 38 40 41 42 44 45 46 47 49 50 51 53 54 55 57 58 59 61 62,False,48,True,True,0.3809523809523809,1.0,47,62,1.1647298,"[3.3185837899657385e-34, 0.0, 1.401298464324817e-45, 0.0, 4.070872636115904e-26, 4.2228348482352353e-16, 4.400294232855201e-15, 3.642485185001432e-12, 6.94134749679165e-10, 9.706893898701538e-14, 1.9578971777178822e-10, 1.718000075534576e-09, 2.718270886159502e-10, 3.5304174948042055e-12, 4.63090015553197e-13, 1.1708747849319828e-13, 2.638607377297014e-13, 6.0054431046119294e-12, 1.3825314591070503e-12, 3.4362163114920463e-10, 4.53314599399568e-12, 2.926818943455034e-12, 3.7955565773684086e-11, 1.0539880600235474e-11, 0.060853105038404465, 0.036337047815322876, 3.50503590595963e-08, 4.894126881538341e-09, 7.853747092667618e-07, 9.195791905725059e-10, 1.5511572061532863e-13, 1.1219644137361318e-11, 3.8391512191537913e-13, 5.5457727299312864e-09, 1.8682384805845942e-10, 4.25849676702339e-12, 2.7885895814705464e-09, 1.0999352334983489e-13, 9.287421498527237e-09, 2.6196371738507196e-09, 0.04966685548424721, 7.537011725844422e-08, 1.2426430373579933e-07, 0.3816104531288147, 0.00026267184875905514, 3.904269033228047e-05, 3.746813263205695e-06, 0.4712260067462921]",2.7102823,2.8111618,2.7828867,3.0327644,3.2273026
train__c00__user4__1-1-3,0,Wash_face,31,0 1 2 3 4 5 6 7 8 9 10 11 12 13 14 15 16 17 18 19 20 21 22 23 24 25 26 27 28 29 30 -1 -1 -1 -1 -1 -1 -1 -1 -1 -1 -1 -1 -1 -1 -1 -1 -1,True,31,True,True,0.7741935483870968,1.0,30,30,3.0773237e-05,"[0.0, 1.4293244336113134e-42, 3.627299466524458e-30, 3.420826268164482e-17, 2.570540935664667e-08, 1.8806478152555428e-08, 1.435892377221748e-10, 8.020829009650066e-13, 3.987329216803559e-11, 9.165545655775986e-09, 3.858838937276232e-08, 7.872740752645768e-07, 3.6832752599488915e-19, 3.3435789401937976e-13, 1.77203188917157e-14, 1.2404217653028127e-09, 2.183571740441018e-15, 3.513512680797248e-08, 4.857561575200009e-10, 1.1768794827560214e-08, 9.456491589787674e-09, 2.249497246462062e-12, 2.3909754176543174e-09, 1.3509279686661074e-13, 4.4228598561346644e-10, 6.573994820735507e-11, 7.609950863907144e-12, 1.0930217513305251e-06, 3.9090399753943794e-13, 4.905963191248475e-09, 0.9999980926513672, 0.0, 0.0, 0.0, 0.0, 0.0, 0.0, 0.0, 0.0, 0.0, 0.0, 0.0, 0.0, 0.0, 0.0, 0.0, 0.0, 0.0]",2.320103,2.4753773,2.4721384,2.6401055,2.78903
train__c01__user17__1-1-1,1,Brush_teeth,20,0 1 2 3 4 5 6 7 8 9 10 11 12 13 14 15 16 17 18 19 -1 -1 -1 -1 -1 -1 -1 -1 -1 -1 -1 -1 -1 -1 -1 -1 -1 -1 -1 -1 -1 -1 -1 -1 -1 -1 -1 -1,True,20,True,True,1.0,1.0,14,14,0.039726276,"[3.352811573907881e-16, 3.352811573907881e-16, 9.023969397458625e-17, 5.826312818966255e-17, 9.023969397458625e-17, 3.3862196121387748e-15, 6.734301565827425e-15, 1.3660985320393393e-12, 2.252315521589221e-12, 1.483328737617029e-10, 6.647818406868566e-10, 3.2770997287351333e-12, 1.6266673696918588e-07, 4.5238968821026404e-11, 0.9934592247009277, 1.483328737617029e-10, 2.7168111510489368e-12, 4.5238968821026404e-11, 5.273072747513652e-05, 0.006487926933914423, 0.0, 0.0, 0.0, 0.0, 0.0, 0.0, 0.0, 0.0, 0.0, 0.0, 0.0, 0.0, 0.0, 0.0, 0.0, 0.0, 0.0, 0.0, 0.0, 0.0, 0.0, 0.0, 0.0, 0.0, 0.0, 0.0, 0.0, 0.0]",2.5195663,2.6368945,2.5540082,2.6346939,2.7628644
train__c01__user17__1-1-2,1,Brush_teeth,25,0 1 2 3 4 5 6 7 8 9 10 11 12 13 14 15 16 17 18 19 20 21 22 23 24 -1 -1 -1 -1 -1 -1 -1 -1 -1 -1 -1 -1 -1 -1 -1 -1 -1 -1 -1 -1 -1 -1 -1,True,25,True,True,0.96,1.0,24,24,0.010208822,"[6.790309492576465e-21, 1.5394611972994539e-32, 3.815942796638341e-35, 1.401298464324817e-45, 2.5131014949084613e-33, 2.269042561112894e-37, 2.7708702288845254e-20, 1.1746622554861808e-12, 4.217405148665421e-06, 1.90093373930722e-06, 7.593252666993067e-05, 0.0012064895126968622, 2.0351208718238922e-07, 4.882001007899817e-07, 2.336094859223259e-12, 8.25984774085072e-17, 6.636974303814353e-17, 8.893550229101166e-19, 1.0381972720212816e-15, 2.1092258587154951e-16, 3.166323241586658e-16, 1.6451413924503569e-19, 3.5418373095508215e-11, 3.103188532804779e-07, 0.9987103939056396, 0.0, 0.0, 0.0, 0.0, 0.0, 0.0, 0.0, 0.0, 0.0, 0.0, 0.0, 0.0, 0.0, 0.0, 0.0, 0.0, 0.0, 0.0, 0.0, 0.0, 0.0, 0.0, 0.0]",1.6248864,1.9657596,2.0471463,2.2547977,2.453259
train__c01__user17__1-1-3,1,Brush_teeth,24,0 1 2 3 4 5 6 7 8 9 10 11 12 13 14 15 16 17 18 19 20 21 22 23 -1 -1 -1 -1 -1 -1 -1 -1 -1 -1 -1 -1 -1 -1 -1 -1 -1 -1 -1 -1 -1 -1 -1 -1,True,24,True,True,1.0,1.0,23,23,1.8945617e-08,"[4.783748656694682e-21, 8.492170948415783e-23, 8.999137562524726e-14, 5.466475355871397e-17, 1.8129751755146298e-18, 4.54553139403127e-23, 6.891643358530438e-22, 1.6344467226118705e-19, 6.881276741737424e-19, 3.887999105678366e-23, 1.0111962869563705e-17, 1.4523872556015949e-12, 1.0731772241701076e-11, 2.0955142481840201e-16, 8.934439854613174e-10, 9.718774430258535e-22, 5.545932766279805e-25, 4.0235123071131836e-29, 1.4324695607058982e-26, 5.554287107563027e-28, 2.4647001796448153e-28, 2.9014900851526396e-21, 6.054451102792402e-13, 1.0, 0.0, 0.0, 0.0, 0.0, 0.0, 0.0, 0.0, 0.0, 0.0, 0.0, 0.0, 0.0, 0.0, 0.0, 0.0, 0.0, 0.0, 0.0, 0.0, 0.0, 0.0, 0.0, 0.0, 0.0]",1.8648525,2.1100497,2.1235368,2.3171322,2.517153
train__c01__user23__1-1-1,1,Brush_teeth,39,0 1 2 3 4 5 6 7 8 9 10 11 12 13 14 15 16 17 18 19 20 21 22 23 24 25 26 27 28 29 30 31 32 33 34 35 36 37 38 -1 -1 -1 -1 -1 -1 -1 -1 -1,True,39,True,True,0.6153846153846154,1.0,1,1,5.766616e-11,"[1.2230327427892318e-12, 1.0, 3.637111735812616e-25, 3.127828188172351e-15, 1.1025973564076155e-13, 4.803905691129407e-19, 1.0271202582105676e-17, 4.330852407920268e-20, 1.1807972015163385e-25, 2.180969897779592e-23, 5.569301823963892e-23, 6.267422914968474e-30, 3.91615359329394e-27, 5.829611736716578e-31, 6.625732399728763e-37, 4.430908642325209e-24, 1.103283526221408e-35, 2.6649761901141857e-28, 2.2535910250905607e-26, 6.805255162157826e-28, 4.07458806004593e-23, 1.3984511166591353e-30, 5.315917898914476e-34, 4.046552598242408e-30, 2.5284588608257325e-27, 4.832918070015946e-31, 1.3533866016248818e-27, 6.065457514863074e-27, 4.046552598242408e-30, 8.20870438675711e-28, 5.09385783249453e-32, 2.159452493855286e-24, 2.753713536434031e-31, 1.8812365753549491e-19, 2.687482260006533e-24, 6.437237060851652e-21, 7.741449151101205e-15, 7.418067896058922e-13, 9.940217086132439e-15, 0.0, 0.0, 0.0, 0.0, 0.0, 0.0, 0.0, 0.0, 0.0]",2.931944,3.0566878,2.9388654,2.9963343,3.1390526
train__c01__user23__1-1-2,1,Brush_teeth,16,0 1 2 3 4 5 6 7 8 9 10 11 12 13 14 15 -1 -1 -1 -1 -1 -1 -1 -1 -1 -1 -1 -1 -1 -1 -1 -1 -1 -1 -1 -1 -1 -1 -1 -1 -1 -1 -1 -1 -1 -1 -1 -1,True,16,True,True,1.0,1.0,14,14,0.00010202062,"[9.677917556928711e-24, 6.186885703038338e-25, 3.637082646566736e-25, 9.39429029752437e-27, 3.1419598186463308e-24, 8.469209522894816e-28, 5.633223676708971e-25, 5.69792459985588e-27, 1.031760884625481e-26, 3.4167227343403643e-25, 4.343875516848728e-26, 4.6170763449693846e-23, 5.506017079740557e-21, 5.9265999226287835e-12, 0.9999920129776001, 8.013499609660357e-06, 0.0, 0.0, 0.0, 0.0, 0.0, 0.0, 0.0, 0.0, 0.0, 0.0, 0.0, 0.0, 0.0, 0.0, 0.0, 0.0, 0.0, 0.0, 0.0, 0.0, 0.0, 0.0, 0.0, 0.0, 0.0, 0.0, 0.0, 0.0, 0.0, 0.0, 0.0, 0.0]",1.4280027,1.7664641,1.8306913,2.0332778,2.2506359
train__c01__user23__1-1-3,1,Brush_teeth,23,0 1 2 3 4 5 6 7 8 9 10 11 12 13 14 15 16 17 18 19 20 21 22 -1 -1 -1 -1 -1 -1 -1 -1 -1 -1 -1 -1 -1 -1 -1 -1 -1 -1 -1 -1 -1 -1 -1 -1 -1,True,23,True,True,1.0,1.0,22,22,0.45115498,"[6.960366718515717e-16, 3.255407020138373e-17, 1.4162145050353609e-19, 1.1216566737914935e-11, 2.803788590188816e-10, 2.298028256575435e-08, 1.0401669214843423e-06, 1.905132229751416e-08, 8.441256795777008e-06, 3.449748930961505e-08, 3.953975757919892e-10, 2.8599421497688127e-08, 1.7897061610483433e-08, 1.846517605486042e-08, 6.114826192060718e-07, 1.7720489520201e-09, 4.661705133912619e-06, 1.6110419664983056e-06, 4.244530828145798e-06, 1.57703434524592e-05, 1.0838788512046449e-05, 0.16666752099990845, 0.8332852125167847, 0.0, 0.0, 0.0, 0.0, 0.0, 0.0, 0.0, 0.0, 0.0, 0.0, 0.0, 0.0, 0.0, 0.0, 0.0, 0.0, 0.0, 0.0, 0.0, 0.0, 0.0, 0.0, 0.0, 0.0, 0.0]",1.5835321,1.87389,1.921088,2.1328626,2.3499992
train__c01__user24__6-2-1,1,Brush_teeth,26,0 1 2 3 4 5 6 7 8 9 10 11 12 13 14 15 16 17 18 19 20 21 22 23 24 25 -1 -1 -1 -1 -1 -1 -1 -1 -1 -1 -1 -1 -1 -1 -1 -1 -1 -1 -1 -1 -1 -1,True,26,True,True,0.9230769230769232,1.0,0,0,0.19631125,"[0.9602222442626953, 0.0175870843231678, 0.00025882961926981807, 3.189406561432406e-05, 3.3616101973166224e-06, 6.280314210016513e-06, 6.554095932642667e-08, 2.786872755677905e-06, 1.6245980949403105e-10, 2.491401876469901e-11, 9.34891608572741e-10, 1.4195577872910814e-11, 5.004113790008091e-10, 1.1276944933413802e-09, 4.460118496751875e-09, 5.37992983495883e-09, 4.460118496751875e-09, 3.005204071704348e-11, 4.6545510501427856e-11, 3.005204071704348e-11, 2.8231280160828653e-11, 6.772332000748449e-11, 3.782993883427732e-13, 5.917598008831071e-12, 3.473543674914481e-09, 0.021887479349970818, 0.0, 0.0, 0.0, 0.0, 0.0, 0.0, 0.0, 0.0, 0.0, 0.0, 0.0, 0.0, 0.0, 0.0, 0.0, 0.0, 0.0, 0.0, 0.0, 0.0, 0.0, 0.0]",3.509605,3.5184317,3.373547,3.4281662,3.579584
train__c01__user24__6-2-2,1,Brush_teeth,8,0 1 2 3 4 5 6 7 -1 -1 -1 -1 -1 -1 -1 -1 -1 -1 -1 -1 -1 -1 -1 -1 -1 -1 -1 -1 -1 -1 -1 -1 -1 -1 -1 -1 -1 -1 -1 -1 -1 -1 -1 -1 -1 -1 -1 -1,True,8,True,True,1.0,1.0,7,7,0.5697185,"[5.138560475563547e-13, 2.7045992889387114e-21, 9.754308480407598e-24, 1.9984436414449663e-20, 7.856549899543097e-08, 1.8532543020002585e-15, 0.2568320035934448, 0.7431679368019104, 0.0, 0.0, 0.0, 0.0, 0.0, 0.0, 0.0, 0.0, 0.0, 0.0, 0.0, 0.0, 0.0, 0.0, 0.0, 0.0, 0.0, 0.0, 0.0, 0.0, 0.0, 0.0, 0.0, 0.0, 0.0, 0.0, 0.0, 0.0, 0.0, 0.0, 0.0, 0.0, 0.0, 0.0, 0.0, 0.0, 0.0, 0.0, 0.0, 0.0]",2.372661,2.8143604,2.8902712,2.921143,2.9873261
train__c01__user24__6-2-3,1,Brush_teeth,4,0 1 2 3 -1 -1 -1 -1 -1 -1 -1 -1 -1 -1 -1 -1 -1 -1 -1 -1 -1 -1 -1 -1 -1 -1 -1 -1 -1 -1 -1 -1 -1 -1 -1 -1 -1 -1 -1 -1 -1 -1 -1 -1 -1 -1 -1 -1,True,4,True,True,1.0,1.0,3,3,4.6609475e-07,"[4.5811822271487423e-23, 6.665581192860808e-23, 2.6729447100137804e-08, 1.0, 0.0, 0.0, 0.0, 0.0, 0.0, 0.0, 0.0, 0.0, 0.0, 0.0, 0.0, 0.0, 0.0, 0.0, 0.0, 0.0, 0.0, 0.0, 0.0, 0.0, 0.0, 0.0, 0.0, 0.0, 0.0, 0.0, 0.0, 0.0, 0.0, 0.0, 0.0, 0.0, 0.0, 0.0, 0.0, 0.0, 0.0, 0.0, 0.0, 0.0, 0.0, 0.0, 0.0, 0.0]",1.301414,1.62094,1.816279,2.0589385,2.3203423
train__c01__user24__7-1-1,1,Brush_teeth,12,0 1 2 3 4 5 6 7 8 9 10 11 -1 -1 -1 -1 -1 -1 -1 -1 -1 -1 -1 -1 -1 -1 -1 -1 -1 -1 -1 -1 -1 -1 -1 -1 -1 -1 -1 -1 -1 -1 -1 -1 -1 -1 -1 -1,True,12,True,True,1.0,1.0,10,10,0.025645742,"[1.4416200178057892e-10, 6.676024750379428e-13, 7.467776441671958e-08, 4.1840431215311525e-16, 2.6483804448982722e-18, 6.762876073410538e-18, 5.388615694869043e-22, 0.00011915522918570787, 1.1869216263884619e-17, 6.397150170700527e-11, 0.9961739182472229, 0.00370681076310575, 0.0, 0.0, 0.0, 0.0, 0.0, 0.0, 0.0, 0.0, 0.0, 0.0, 0.0, 0.0, 0.0, 0.0, 0.0, 0.0, 0.0, 0.0, 0.0, 0.0, 0.0, 0.0, 0.0, 0.0, 0.0, 0.0, 0.0, 0.0, 0.0, 0.0, 0.0, 0.0, 0.0, 0.0, 0.0, 0.0]",2.2655237,2.5255287,2.5364475,2.6356492,2.722151
train__c01__user24__7-1-2,1,Brush_teeth,3,0 1 2 -1 -1 -1 -1 -1 -1 -1 -1 -1 -1 -1 -1 -1 -1 -1 -1 -1 -1 -1 -1 -1 -1 -1 -1 -1 -1 -1 -1 -1 -1 -1 -1 -1 -1 -1 -1 -1 -1 -1 -1 -1 -1 -1 -1 -1,True,3,True,True,1.0,1.0,1,1,0.37856194,"[2.0396864409999262e-28, 0.8740772008895874, 0.1259227693080902, 0.0, 0.0, 0.0, 0.0, 0.0, 0.0, 0.0, 0.0, 0.0, 0.0, 0.0, 0.0, 0.0, 0.0, 0.0, 0.0, 0.0, 0.0, 0.0, 0.0, 0.0, 0.0, 0.0, 0.0, 0.0, 0.0, 0.0, 0.0, 0.0, 0.0, 0.0, 0.0, 0.0, 0.0, 0.0, 0.0, 0.0, 0.0, 0.0, 0.0, 0.0, 0.0, 0.0, 0.0, 0.0]",1.5766524,1.9647475,2.1354992,2.2911801,2.476208
train__c01__user24__7-1-3,1,Brush_teeth,7,0 1 2 3 4 5 6 -1 -1 -1 -1 -1 -1 -1 -1 -1 -1 -1 -1 -1 -1 -1 -1 -1 -1 -1 -1 -1 -1 -1 -1 -1 -1 -1 -1 -1 -1 -1 -1 -1 -1 -1 -1 -1 -1 -1 -1 -1,True,7,True,True,1.0,1.0,5,5,0.0002455327,"[1.9750130775264552e-07, 9.930990074735746e-08, 5.905182454135627e-10, 3.8126724000164813e-10, 1.538141845003338e-07, 0.9999793767929077, 2.014568235608749e-05, 0.0, 0.0, 0.0, 0.0, 0.0, 0.0, 0.0, 0.0, 0.0, 0.0, 0.0, 0.0, 0.0, 0.0, 0.0, 0.0, 0.0, 0.0, 0.0, 0.0, 0.0, 0.0, 0.0, 0.0, 0.0, 0.0, 0.0, 0.0, 0.0, 0.0, 0.0, 0.0, 0.0, 0.0, 0.0, 0.0, 0.0, 0.0, 0.0, 0.0, 0.0]",2.1096282,2.359814,2.4104886,2.536149,2.667029
train__c02__user17__1-1-1,2,Comb_hair,70,0 1 3 4 6 7 9 10 12 13 15 16 18 19 21 22 23 25 26 28 29 31 32 34 35 37 38 40 41 43 44 46 47 48 50 51 53 54 56 57 59 60 62 63 65 66 68 69,False,48,True,True,0.3428571428571428,1.0,46,68,7.4057375e-08,"[2.9093334453897033e-16, 1.2109965276756496e-39, 2.7479302217774205e-32, 6.070968685338844e-34, 6.526906669001827e-33, 5.826131693956164e-35, 3.6044998778469685e-33, 2.0134572365303079e-35, 3.008938900386488e-26, 3.0877364584452114e-36, 4.934189195043141e-36, 4.404419801920868e-38, 5.4273102276409474e-39, 2.4286930108312553e-35, 2.958753719330757e-34, 9.62013704430539e-38, 3.092388253668935e-39, 1.0565654775317774e-37, 4.949386175995254e-42, 4.492630497684058e-36, 6.6982066594726256e-43, 4.814016216359066e-18, 1.0622852757221649e-27, 8.859835657555445e-40, 1.044567856034464e-35, 1.7144415742269313e-26, 2.974771596622184e-24, 0.0, 1.1210387714598537e-44, 5.9409677703336365e-22, 1.1210387714598537e-44, 0.0, 0.0, 3.5528579398685516e-25, 2.729023154078724e-39, 3.527315024498835e-21, 7.567011707354012e-44, 1.7608939816328823e-17, 3.386114333299296e-33, 0.0, 0.0, 0.0, 0.0, 1.5303669245988087e-28, 3.8207752517394056e-09, 4.131346068474452e-35, 1.0, 2.2086557807584517e-17]",4.4540944,4.411232,4.2821293,4.3192987,4.434951
train__c02__user17__1-1-2,2,Comb_hair,11,0 1 2 3 4 5 6 7 8 9 10 -1 -1 -1 -1 -1 -1 -1 -1 -1 -1 -1 -1 -1 -1 -1 -1 -1 -1 -1 -1 -1 -1 -1 -1 -1 -1 -1 -1 -1 -1 -1 -1 -1 -1 -1 -1 -1,True,11,True,True,1.0,1.0,10,10,0.032642566,"[1.9042947485559125e-07, 2.9046058434911667e-18, 8.650864248819424e-34, 9.647734792061869e-23, 1.4693480961832175e-30, 5.164060190419513e-23, 3.204523826993817e-27, 1.559411066932873e-24, 2.189213826902679e-15, 0.005220124498009682, 0.9947797060012817, 0.0, 0.0, 0.0, 0.0, 0.0, 0.0, 0.0, 0.0, 0.0, 0.0, 0.0, 0.0, 0.0, 0.0, 0.0, 0.0, 0.0, 0.0, 0.0, 0.0, 0.0, 0.0, 0.0, 0.0, 0.0, 0.0, 0.0, 0.0, 0.0, 0.0, 0.0, 0.0, 0.0, 0.0, 0.0, 0.0, 0.0]",2.0120583,2.2618024,2.2932274,2.440344,2.5815666
train__c02__user17__1-1-3,2,Comb_hair,21,0 1 2 3 4 5 6 7 8 9 10 11 12 13 14 15 16 17 18 19 20 -1 -1 -1 -1 -1 -1 -1 -1 -1 -1 -1 -1 -1 -1 -1 -1 -1 -1 -1 -1 -1 -1 -1 -1 -1 -1 -1,True,21,True,True,1.0,1.0,19,19,0.14709717,"[2.1357281177955545e-13, 2.1402764324729773e-38, 1.3032079529269103e-25, 2.148626364007259e-25, 6.64405596512152e-12, 2.490962431200378e-29, 1.2431429922466798e-14, 2.7696545144145768e-12, 3.9780712768333615e-07, 0.03358927369117737, 5.76556648423795e-20, 1.939963503760912e-29, 5.309902270221877e-22, 3.133708847968819e-09, 2.9104188570272527e-07, 0.0, 9.018861888048355e-19, 1.38308734321929e-19, 6.222750471351901e-06, 0.9664037823677063, 1.547116350775115e-14, 0.0, 0.0, 0.0, 0.0, 0.0, 0.0, 0.0, 0.0, 0.0, 0.0, 0.0, 0.0, 0.0, 0.0, 0.0, 0.0, 0.0, 0.0, 0.0, 0.0, 0.0, 0.0, 0.0, 0.0, 0.0, 0.0, 0.0]",2.4766917,2.58532,2.53614,2.628017,2.7302892
train__c02__user23__2-2-1,2,Comb_hair,36,0 1 2 3 4 5 6 7 8 9 10 11 12 13 14 15 16 17 18 19 20 21 22 23 24 25 26 27 28 29 30 31 32 33 34 35 -1 -1 -1 -1 -1 -1 -1 -1 -1 -1 -1 -1,True,36,True,True,0.6666666666666666,1.0,34,34,0.38356152,"[1.0375356396252755e-07, 1.5403184296234105e-16, 5.136174152653439e-08, 5.963479137452909e-15, 1.7954013276089142e-10, 3.5406807287518063e-14, 5.740232583560415e-22, 5.748879560099555e-25, 2.543381601759606e-19, 0.00021256826585158706, 3.0239494935857536e-11, 1.971862673144642e-10, 9.041444486547826e-14, 6.022900955098345e-14, 2.9063676124644515e-15, 9.764465253888936e-22, 5.855196673486899e-20, 1.6431625792672805e-41, 1.2916355988639226e-18, 0.0, 2.695216549941648e-10, 3.3351528205827208e-09, 7.36831290426565e-11, 5.421642301772778e-12, 3.0330671580567744e-17, 7.97904697500372e-14, 3.2286827997802546e-17, 4.356411932582294e-12, 0.0001483965606894344, 2.2344132100116099e-10, 1.390298542958135e-09, 5.331217175760623e-20, 2.172197199690136e-16, 4.605468681093116e-19, 0.8728995323181152, 0.12673938274383545, 0.0, 0.0, 0.0, 0.0, 0.0, 0.0, 0.0, 0.0, 0.0, 0.0, 0.0, 0.0]",2.3333583,2.484026,2.464282,2.5953205,2.762865
train__c02__user23__2-2-2,2,Comb_hair,28,0 1 2 3 4 5 6 7 8 9 10 11 12 13 14 15 16 17 18 19 20 21 22 23 24 25 26 27 -1 -1 -1 -1 -1 -1 -1 -1 -1 -1 -1 -1 -1 -1 -1 -1 -1 -1 -1 -1,True,28,True,True,0.8571428571428571,1.0,1,1,0.037756257,"[0.00011354088201187551, 0.9947910308837891, 0.0029282579198479652, 5.80783705572685e-08, 0.001681557041592896, 4.842437562047053e-09, 3.708394284629562e-17, 2.1340336008560015e-16, 5.8940882684114974e-27, 2.1585441452742236e-18, 1.3414884144288914e-25, 3.657538212343429e-31, 5.099385825076165e-29, 2.802596928649634e-45, 5.337732391464799e-37, 7.252018023219392e-25, 4.1196538751133584e-19, 4.517749221156521e-16, 1.2670342341503452e-15, 2.8313940003292647e-19, 0.00048555279499851167, 5.566959933195358e-17, 1.496073128934034e-14, 1.4194346381873196e-13, 4.857038114937243e-15, 5.003679328513533e-12, 1.9181062987927433e-11, 1.1985147985171807e-08, 0.0, 0.0, 0.0, 0.0, 0.0, 0.0, 0.0, 0.0, 0.0, 0.0, 0.0, 0.0, 0.0, 0.0, 0.0, 0.0, 0.0, 0.0, 0.0, 0.0]",2.217623,2.3446093,2.3030682,2.488063,2.6791582
train__c02__user23__2-2-3,2,Comb_hair,20,0 1 2 3 4 5 6 7 8 9 10 11 12 13 14 15 16 17 18 19 -1 -1 -1 -1 -1 -1 -1 -1 -1 -1 -1 -1 -1 -1 -1 -1 -1 -1 -1 -1 -1 -1 -1 -1 -1 -1 -1 -1,True,20,True,True,1.0,1.0,1,1,0.00094637583,"[3.0948973628265826e-33, 0.999915361404419, 0.0, 4.500248437788734e-11, 1.4383658326899695e-11, 1.22145451086908e-07, 5.990558202029206e-05, 5.15026188363521e-10, 2.679976510910144e-16, 4.696430961140252e-13, 7.40195505902664e-27, 8.185779988059615e-20, 0.0, 1.0304376298680597e-21, 0.0, 1.6392153476610383e-12, 1.2530520052678185e-06, 1.9601031453930773e-05, 1.0949047180019988e-07, 3.682924898384954e-06, 0.0, 0.0, 0.0, 0.0, 0.0, 0.0, 0.0, 0.0, 0.0, 0.0, 0.0, 0.0, 0.0, 0.0, 0.0, 0.0, 0.0, 0.0, 0.0, 0.0, 0.0, 0.0, 0.0, 0.0, 0.0, 0.0, 0.0, 0.0]",2.3697128,2.4843411,2.4993243,2.6308503,2.7676141
train__c02__user24__7-1-1,2,Comb_hair,13,0 1 2 3 4 5 6 7 8 9 10 11 12 -1 -1 -1 -1 -1 -1 -1 -1 -1 -1 -1 -1 -1 -1 -1 -1 -1 -1 -1 -1 -1 -1 -1 -1 -1 -1 -1 -1 -1 -1 -1 -1 -1 -1 -1,True,13,True,True,1.0,1.0,11,11,0.036222763,"[4.971678277398972e-11, 5.896967484963237e-19, 2.1267784920502594e-21, 1.433012061583014e-23, 9.465977454507347e-28, 4.1590604603053725e-29, 2.1544466167438346e-26, 5.556391089730773e-25, 3.1782877111391494e-12, 6.815968247436948e-17, 4.357302089618019e-18, 0.9940890073776245, 0.005911068990826607, 0.0, 0.0, 0.0, 0.0, 0.0, 0.0, 0.0, 0.0, 0.0, 0.0, 0.0, 0.0, 0.0, 0.0, 0.0, 0.0, 0.0, 0.0, 0.0, 0.0, 0.0, 0.0, 0.0, 0.0, 0.0, 0.0, 0.0, 0.0, 0.0, 0.0, 0.0, 0.0, 0.0, 0.0, 0.0]",2.0125308,2.3201299,2.3420584,2.467455,2.5998213
train__c02__user24__7-1-2,2,Comb_hair,4,0 1 2 3 -1 -1 -1 -1 -1 -1 -1 -1 -1 -1 -1 -1 -1 -1 -1 -1 -1 -1 -1 -1 -1 -1 -1 -1 -1 -1 -1 -1 -1 -1 -1 -1 -1 -1 -1 -1 -1 -1 -1 -1 -1 -1 -1 -1,True,4,True,True,1.0,1.0,3,3,8.5752525e-14,"[3.2229864679470793e-44, 4.453622116576232e-29, 3.103487214125341e-15, 1.0, 0.0, 0.0, 0.0, 0.0, 0.0, 0.0, 0.0, 0.0, 0.0, 0.0, 0.0, 0.0, 0.0, 0.0, 0.0, 0.0, 0.0, 0.0, 0.0, 0.0, 0.0, 0.0, 0.0, 0.0, 0.0, 0.0, 0.0, 0.0, 0.0, 0.0, 0.0, 0.0, 0.0, 0.0, 0.0, 0.0, 0.0, 0.0, 0.0, 0.0, 0.0, 0.0, 0.0, 0.0]",1.3693793,1.808793,2.0058496,2.201714,2.4209282
train__c02__user24__7-1-3,2,Comb_hair,6,0 1 2 3 4 5 -1 -1 -1 -1 -1 -1 -1 -1 -1 -1 -1 -1 -1 -1 -1 -1 -1 -1 -1 -1 -1 -1 -1 -1 -1 -1 -1 -1 -1 -1 -1 -1 -1 -1 -1 -1 -1 -1 -1 -1 -1 -1,True,6,True,True,1.0,1.0,4,4,0.50290585,"[1.0857927442530234e-32, 6.858154044664388e-10, 3.1541032651742845e-19, 8.65917149766641e-18, 0.7981867790222168, 0.2018132209777832, 0.0, 0.0, 0.0, 0.0, 0.0, 0.0, 0.0, 0.0, 0.0, 0.0, 0.0, 0.0, 0.0, 0.0, 0.0, 0.0, 0.0, 0.0, 0.0, 0.0, 0.0, 0.0, 0.0, 0.0, 0.0, 0.0, 0.0, 0.0, 0.0, 0.0, 0.0, 0.0, 0.0, 0.0, 0.0, 0.0, 0.0, 0.0, 0.0, 0.0, 0.0, 0.0]",1.4597363,1.8814615,2.007866,2.1894832,2.3925395
train__c03__user17__6-1-1,3,Take_off_clothes,39,0 1 2 3 4 5 6 7 8 9 10 11 12 13 14 15 16 17 18 19 20 21 22 23 24 25 26 27 28 29 30 31 32 33 34 35 36 37 38 -1 -1 -1 -1 -1 -1 -1 -1 -1,True,39,True,True,0.6153846153846154,1.0,5,5,0.6688652,"[2.8134898381841552e-37, 1.582490902695273e-32, 1.1350427662689857e-34, 6.428455915638613e-23, 3.673821708445092e-16, 0.6525628566741943, 0.0002258594031445682, 8.207301789725696e-22, 1.133659764531193e-16, 3.0686764976056003e-18, 8.276612872069822e-18, 1.1845233764538286e-36, 1.0469128852939995e-39, 7.824570365096914e-41, 1.401298464324817e-45, 0.0, 2.2420775429197073e-44, 8.169570047013684e-43, 6.384224547564484e-30, 4.418208612839875e-23, 7.532368825891034e-13, 0.00025593224563635886, 0.3438764810562134, 0.0026255289558321238, 4.60519657963232e-07, 2.815100401676318e-07, 2.2715277737006545e-05, 7.973811989359092e-06, 0.00042196092545054853, 1.2755597793290274e-11, 3.795017812584844e-21, 4.381208667337103e-27, 2.2955892401274287e-26, 1.0070944428773602e-24, 5.5617040679274365e-25, 9.858356078362629e-24, 3.1114223918807813e-30, 7.295367162556451e-26, 2.1996966273655884e-24, 0.0, 0.0, 0.0, 0.0, 0.0, 0.0, 0.0, 0.0, 0.0]",1.7945015,2.1994681,2.367102,2.679015,2.8633149
train__c03__user17__6-1-2,3,Take_off_clothes,32,0 1 2 3 4 5 6 7 8 9 10 11 12 13 14 15 16 17 18 19 20 21 22 23 24 25 26 27 28 29 30 31 -1 -1 -1 -1 -1 -1 -1 -1 -1 -1 -1 -1 -1 -1 -1 -1,True,32,True,True,0.75,1.0,26,26,0.7023119,"[3.810028914585928e-08, 4.493390777054974e-15, 1.5028334479638694e-12, 6.409477136049609e-17, 2.4116400543228167e-10, 5.934881475155862e-09, 3.5036381973441166e-07, 0.352050244808197, 2.728635877247143e-07, 0.010466177947819233, 6.245909389690496e-07, 5.253305962167696e-15, 2.993243546699589e-15, 9.942148092329944e-20, 1.1757051664959331e-21, 5.920722554502571e-25, 1.32109179942682e-25, 1.0827870864044684e-23, 2.5935639030250705e-20, 6.990998149178053e-24, 7.801448357495393e-35, 0.0, 3.8078497711186425e-38, 1.6937640069065035e-22, 7.047845418384213e-09, 1.6386733747708604e-08, 0.6374806761741638, 1.570221570545982e-06, 6.831006427177044e-09, 2.2337624913833232e-13, 2.1404523986578994e-11, 1.2298924900733255e-07, 0.0, 0.0, 0.0, 0.0, 0.0, 0.0, 0.0, 0.0, 0.0, 0.0, 0.0, 0.0, 0.0, 0.0, 0.0, 0.0]",2.083898,2.3949032,2.443847,2.609462,2.838777
train__c03__user17__6-1-3,3,Take_off_clothes,22,0 1 2 3 4 5 6 7 8 9 10 11 12 13 14 15 16 17 18 19 20 21 -1 -1 -1 -1 -1 -1 -1 -1 -1 -1 -1 -1 -1 -1 -1 -1 -1 -1 -1 -1 -1 -1 -1 -1 -1 -1,True,22,True,True,1.0,1.0,21,21,6.778871e-05,"[1.0809430014627067e-15, 5.987532020758298e-22, 1.8470681113379702e-24, 1.1016183512297469e-32, 4.137445160784514e-12, 5.133655122335767e-06, 1.399679677716037e-11, 3.892625035918336e-15, 9.842097213038975e-16, 2.1529503363818338e-18, 2.0025556661298925e-19, 2.2060083527720683e-25, 5.013299354613817e-21, 1.098306925696311e-26, 8.171677463344381e-19, 2.2246382398211874e-21, 4.281652700287288e-18, 1.3742647671546973e-16, 2.9765331785593504e-20, 7.2505197401540045e-09, 1.1135781966681302e-12, 0.9999948740005493, 0.0, 0.0, 0.0, 0.0, 0.0, 0.0, 0.0, 0.0, 0.0, 0.0, 0.0, 0.0, 0.0, 0.0, 0.0, 0.0, 0.0, 0.0, 0.0, 0.0, 0.0, 0.0, 0.0, 0.0, 0.0, 0.0]",1.6607484,2.0832722,2.1628087,2.3429713,2.499699
train__c03__user23__4-3-1,3,Take_off_clothes,15,0 1 2 3 4 5 6 7 8 9 10 11 12 13 14 -1 -1 -1 -1 -1 -1 -1 -1 -1 -1 -1 -1 -1 -1 -1 -1 -1 -1 -1 -1 -1 -1 -1 -1 -1 -1 -1 -1 -1 -1 -1 -1 -1,True,15,True,True,1.0,1.0,10,10,1.5521595,"[0.00017709689564071596, 5.295101459523721e-07, 1.967368916666601e-06, 0.1355806589126587, 0.0076489378698170185, 7.237546242322423e-07, 0.00047393585555255413, 0.04834277555346489, 0.0021240334026515484, 0.0035019388888031244, 0.40476909279823303, 0.050662796944379807, 0.03536832705140114, 0.29613539576530457, 0.015211730264127254, 0.0, 0.0, 0.0, 0.0, 0.0, 0.0, 0.0, 0.0, 0.0, 0.0, 0.0, 0.0, 0.0, 0.0, 0.0, 0.0, 0.0, 0.0, 0.0, 0.0, 0.0, 0.0, 0.0, 0.0, 0.0, 0.0, 0.0, 0.0, 0.0, 0.0, 0.0, 0.0, 0.0]",1.3416493,1.4955008,1.8677095,2.2678134,2.3465104
train__c03__user23__4-3-2,3,Take_off_clothes,24,0 1 2 3 4 5 6 7 8 9 10 11 12 13 14 15 16 17 18 19 20 21 22 23 -1 -1 -1 -1 -1 -1 -1 -1 -1 -1 -1 -1 -1 -1 -1 -1 -1 -1 -1 -1 -1 -1 -1 -1,True,24,True,True,1.0,1.0,7,7,1.6922345,"[0.011676980182528496, 4.1937056494134595e-07, 0.00015647162217646837, 0.007307266816496849, 0.001735628116875887, 0.03174132481217384, 0.14225473999977112, 0.3307521641254425, 0.24198344349861145, 0.19443915784358978, 0.012824653647840023, 0.0019062146311625838, 0.014993539080023766, 0.003561277873814106, 0.004295720718801022, 0.00035261426819488406, 1.6491987480549142e-05, 8.129868689366049e-08, 6.993666090693296e-09, 2.430786960605502e-10, 1.8503498040445265e-06, 9.815404240255676e-15, 1.044220604372907e-18, 1.4571881239731412e-23, 0.0, 0.0, 0.0, 0.0, 0.0, 0.0, 0.0, 0.0, 0.0, 0.0, 0.0, 0.0, 0.0, 0.0, 0.0, 0.0, 0.0, 0.0, 0.0, 0.0, 0.0, 0.0, 0.0, 0.0]",1.8932798,2.0141444,2.343564,2.724169,2.7848299
train__c03__user23__4-3-3,3,Take_off_clothes,17,0 1 2 3 4 5 6 7 8 9 10 11 12 13 14 15 16 -1 -1 -1 -1 -1 -1 -1 -1 -1 -1 -1 -1 -1 -1 -1 -1 -1 -1 -1 -1 -1 -1 -1 -1 -1 -1 -1 -1 -1 -1 -1,True,17,True,True,1.0,1.0,2,2,0.07608867,"[0.00043272034963592887, 0.001396838459186256, 0.9890168905258179, 0.001353862346149981, 0.00021421209385152906, 7.288200140465051e-05, 0.006067589391022921, 0.0011400663061067462, 0.0003020874864887446, 9.766193898030906e-07, 1.7410122836736264e-06, 1.5299910671728867e-08, 1.9173205707020795e-14, 8.271053530961581e-08, 1.7228064461138892e-11, 2.14924827985683e-21, 6.000557255941841e-12, 0.0, 0.0, 0.0, 0.0, 0.0, 0.0, 0.0, 0.0, 0.0, 0.0, 0.0, 0.0, 0.0, 0.0, 0.0, 0.0, 0.0, 0.0, 0.0, 0.0, 0.0, 0.0, 0.0, 0.0, 0.0, 0.0, 0.0, 0.0, 0.0, 0.0, 0.0]",1.3970602,1.5685287,1.9583203,2.3905256,2.4917488
train__c03__user23__5-2-1,3,Take_off_clothes,12,0 1 2 3 4 5 6 7 8 9 10 11 -1 -1 -1 -1 -1 -1 -1 -1 -1 -1 -1 -1 -1 -1 -1 -1 -1 -1 -1 -1 -1 -1 -1 -1 -1 -1 -1 -1 -1 -1 -1 -1 -1 -1 -1 -1,True,12,True,True,1.0,1.0,11,11,1.4604404e-08,"[2.4213924249311426e-29, 1.8431985267307316e-25, 5.621437601746903e-26, 1.6807794051017783e-28, 1.6105687767551412e-26, 2.9998935991631575e-20, 6.760364908167192e-20, 2.7273256526616594e-17, 2.1947691437207454e-20, 2.5798360669959663e-10, 4.122566454878296e-10, 1.0, 0.0, 0.0, 0.0, 0.0, 0.0, 0.0, 0.0, 0.0, 0.0, 0.0, 0.0, 0.0, 0.0, 0.0, 0.0, 0.0, 0.0, 0.0, 0.0, 0.0, 0.0, 0.0, 0.0, 0.0, 0.0, 0.0, 0.0, 0.0, 0.0, 0.0, 0.0, 0.0, 0.0, 0.0, 0.0, 0.0]",1.6732104,2.0436838,2.1007807,2.2496145,2.4155426
train__c03__user23__5-2-2,3,Take_off_clothes,24,0 1 2 3 4 5 6 7 8 9 10 11 12 13 14 15 16 17 18 19 20 21 22 23 -1 -1 -1 -1 -1 -1 -1 -1 -1 -1 -1 -1 -1 -1 -1 -1 -1 -1 -1 -1 -1 -1 -1 -1,True,24,True,True,1.0,1.0,9,9,1.3353058,"[9.883295918493445e-36, 2.1067896921222663e-28, 4.161023283029758e-35, 2.662403720540945e-17, 1.3045765001606924e-07, 6.48533432467957e-06, 0.0026994231157004833, 0.32698458433151245, 0.20144936442375183, 0.38228368759155273, 0.00017804623348638415, 0.020579347386956215, 3.774916876864154e-07, 7.193718192866072e-05, 0.0003124808717984706, 0.06540103256702423, 2.624259032302234e-09, 9.654108623635693e-10, 5.4546804220808806e-14, 1.0482565926395182e-07, 3.3363709017741883e-10, 3.2708629641581277e-12, 3.293524423497729e-05, 7.912655775044186e-08, 0.0, 0.0, 0.0, 0.0, 0.0, 0.0, 0.0, 0.0, 0.0, 0.0, 0.0, 0.0, 0.0, 0.0, 0.0, 0.0, 0.0, 0.0, 0.0, 0.0, 0.0, 0.0, 0.0, 0.0]",1.9948821,2.2868853,2.3057745,2.4336536,2.6304083
train__c03__user23__5-2-3,3,Take_off_clothes,13,0 1 2 3 4 5 6 7 8 9 10 11 12 -1 -1 -1 -1 -1 -1 -1 -1 -1 -1 -1 -1 -1 -1 -1 -1 -1 -1 -1 -1 -1 -1 -1 -1 -1 -1 -1 -1 -1 -1 -1 -1 -1 -1 -1,True,13,True,True,1.0,1.0,12,12,0.31109995,"[2.1644518433596832e-20, 1.074377754967657e-15, 6.581361296871188e-15, 3.1397922320907865e-14, 5.280318283312768e-12, 0.003090152982622385, 2.878619795865234e-07, 1.1178433179104275e-11, 1.4050406671461957e-10, 2.651117103624756e-09, 2.97895199176737e-13, 0.08483604341745377, 0.9120734930038452, 0.0, 0.0, 0.0, 0.0, 0.0, 0.0, 0.0, 0.0, 0.0, 0.0, 0.0, 0.0, 0.0, 0.0, 0.0, 0.0, 0.0, 0.0, 0.0, 0.0, 0.0, 0.0, 0.0, 0.0, 0.0, 0.0, 0.0, 0.0, 0.0, 0.0, 0.0, 0.0, 0.0, 0.0, 0.0]",1.4247147,1.8126544,1.8912369,2.050892,2.2370143
train__c03__user4__5-2-2,3,Take_off_clothes,66,0 1 3 4 6 7 8 10 11 12 14 15 17 18 19 21 22 24 25 26 28 29 30 32 33 35 36 37 39 40 41 43 44 46 47 48 50 51 53 54 55 57 58 59 61 62 64 65,False,48,True,True,0.3636363636363636,1.0,41,57,0.08374129,"[4.5675811096533e-38, 3.783505853677006e-44, 0.0, 0.0, 0.0, 4.932570594423356e-43, 1.3751438011147988e-33, 7.835332900512807e-34, 1.8711299466690215e-24, 1.9556408744347778e-29, 1.422188336210794e-17, 3.0756980202352567e-18, 2.990056959952199e-24, 1.866669684327089e-40, 2.0146846540187728e-26, 0.0, 1.677749938977513e-09, 0.0, 5.0862587836420905e-24, 1.5442319071281825e-15, 2.802596928649634e-45, 1.771043675823099e-39, 1.4537630788291382e-40, 1.2219680370490977e-26, 1.424330859366868e-20, 2.2624108808599885e-08, 3.019850737506677e-23, 5.2920311098280574e-20, 0.0, 0.0, 0.0, 7.758030256827448e-35, 3.274063789341292e-18, 1.1366072974620572e-27, 0.0, 0.00046540197217836976, 2.232689621450845e-05, 9.649022032764965e-13, 0.0025085790548473597, 3.0932724257581867e-06, 7.1899272313658e-08, 0.9856972694396973, 1.7011205576771346e-21, 1.505291764369873e-16, 0.011303219944238663, 2.403265808581523e-09, 2.389582043349492e-08, 5.247713761822317e-24]",4.1427436,4.226308,4.154628,4.18813,4.2919827
train__c03__user4__5-2-3,3,Take_off_clothes,24,0 1 2 3 4 5 6 7 8 9 10 11 12 13 14 15 16 17 18 19 20 21 22 23 -1 -1 -1 -1 -1 -1 -1 -1 -1 -1 -1 -1 -1 -1 -1 -1 -1 -1 -1 -1 -1 -1 -1 -1,True,24,True,True,1.0,1.0,23,23,8.306268e-09,"[0.0, 0.0, 0.0, 0.0, 0.0, 0.0, 1.1210387714598537e-42, 0.0, 4.342623940942608e-41, 0.0, 2.8190160092041317e-31, 0.0, 1.912859410799217e-12, 0.0, 2.6522098178090074e-34, 1.012719566550016e-20, 2.95338472298751e-20, 1.028053491052951e-24, 2.481004290899591e-10, 1.4191841187753948e-23, 2.131547840794265e-13, 1.0305953207262637e-14, 1.2091450063422826e-10, 1.0, 0.0, 0.0, 0.0, 0.0, 0.0, 0.0, 0.0, 0.0, 0.0, 0.0, 0.0, 0.0, 0.0, 0.0, 0.0, 0.0, 0.0, 0.0, 0.0, 0.0, 0.0, 0.0, 0.0, 0.0]",2.843777,3.0439987,3.0407438,3.1315525,3.225821
train__c04__user17__1-1-1,4,Wipe_hands,45,0 1 2 3 4 5 6 7 8 9 10 11 12 13 14 15 16 17 18 19 20 21 22 23 24 25 26 27 28 29 30 31 32 33 34 35 36 37 38 39 40 41 42 43 44 -1 -1 -1,True,45,True,True,0.5333333333333333,1.0,13,13,0.3783449,"[4.835662335046338e-34, 1.8453466196275517e-24, 3.8866269278514665e-06, 3.4975860216945875e-06, 1.265985372089773e-10, 2.2480923367108565e-23, 5.990963222541516e-25, 4.3267937299225027e-20, 5.5623517944414225e-12, 0.001211638911627233, 4.291787369936628e-09, 0.001083986833691597, 0.049257028847932816, 0.9096570611000061, 0.038436409085989, 8.674826676724479e-05, 1.94319127331255e-05, 0.0002399879158474505, 7.722560438350179e-12, 3.0415161491811893e-13, 4.895524856840755e-17, 9.382641131459825e-16, 6.625371772234317e-18, 2.4373381329048618e-18, 3.863343636112404e-07, 3.271890847145187e-08, 5.360519320096735e-11, 9.559132207106852e-22, 3.1343186074180506e-21, 2.915370654448968e-22, 1.0060096292861764e-19, 8.164059646890651e-19, 1.1158947704748611e-18, 1.4993419137807832e-15, 1.2917419174220298e-19, 1.0864574298611747e-27, 1.2348296322319503e-33, 5.1988265392870833e-33, 8.107887115660689e-26, 2.640182058592348e-32, 1.4894887283940906e-33, 0.0, 3.671401976531021e-43, 5.279054148513135e-22, 4.8545275290305184e-21, 0.0, 0.0, 0.0]",2.187146,2.5650134,2.6653857,2.8472533,3.1349337
train__c04__user17__1-1-2,4,Wipe_hands,28,0 1 2 3 4 5 6 7 8 9 10 11 12 13 14 15 16 17 18 19 20 21 22 23 24 25 26 27 -1 -1 -1 -1 -1 -1 -1 -1 -1 -1 -1 -1 -1 -1 -1 -1 -1 -1 -1 -1,True,28,True,True,0.8571428571428571,1.0,10,10,0.1405334,"[1.2795086945516232e-07, 7.51052939449437e-05, 4.893156835868841e-23, 8.757027325501099e-10, 1.8306241227484654e-15, 0.022516781464219093, 0.004592465702444315, 2.7144208161189454e-06, 4.3467611249070615e-05, 0.0002540779241826385, 0.972515344619751, 2.1797963434266876e-10, 1.237183889407411e-23, 3.329835129048993e-24, 3.6351546772728227e-12, 1.207427466860876e-16, 1.776974620895097e-18, 4.6958203616424555e-24, 2.08375754291003e-24, 2.3976445286642833e-13, 7.707215467504976e-15, 4.49966361312261e-22, 1.8842284594457696e-31, 2.0582271844002913e-41, 0.0, 0.0, 7.474737660828626e-37, 1.5117428209247196e-28, 0.0, 0.0, 0.0, 0.0, 0.0, 0.0, 0.0, 0.0, 0.0, 0.0, 0.0, 0.0, 0.0, 0.0, 0.0, 0.0, 0.0, 0.0, 0.0, 0.0]",2.227478,2.6385908,2.7388241,2.9142098,3.2087507
train__c04__user17__1-1-3,4,Wipe_hands,24,0 1 2 3 4 5 6 7 8 9 10 11 12 13 14 15 16 17 18 19 20 21 22 23 -1 -1 -1 -1 -1 -1 -1 -1 -1 -1 -1 -1 -1 -1 -1 -1 -1 -1 -1 -1 -1 -1 -1 -1,True,24,True,True,1.0,1.0,2,2,0.7457139,"[0.001734043238684535, 8.701004844624549e-05, 0.6571785807609558, 0.31531772017478943, 0.02568143419921398, 1.2123808801334235e-06, 2.0574091942451956e-22, 1.6531749045223478e-22, 4.772207679724181e-38, 3.38904033596957e-41, 0.0, 3.2058226576531874e-34, 1.1562001076851411e-36, 7.006492321624085e-45, 6.7969499965403524e-37, 1.1562001076851411e-36, 1.061622670221797e-32, 1.600843365644671e-41, 1.969725377288929e-39, 7.713559500753102e-40, 2.5543787659505363e-38, 6.6141287516131366e-43, 4.819759117604825e-37, 3.0828566215145976e-44, 0.0, 0.0, 0.0, 0.0, 0.0, 0.0, 0.0, 0.0, 0.0, 0.0, 0.0, 0.0, 0.0, 0.0, 0.0, 0.0, 0.0, 0.0, 0.0, 0.0, 0.0, 0.0, 0.0, 0.0]",2.0779364,2.5239937,2.6189425,2.8460493,3.086028
train__c04__user17__7-2-1,4,Wipe_hands,46,0 1 2 3 4 5 6 7 8 9 10 11 12 13 14 15 16 17 18 19 20 21 22 23 24 25 26 27 28 29 30 31 32 33 34 35 36 37 38 39 40 41 42 43 44 45 -1 -1,True,46,True,True,0.5217391304347826,1.0,1,1,8.346594e-09,"[7.655828748731608e-11, 1.0, 1.8393043978073148e-13, 2.1266081990689276e-22, 7.133975465811965e-26, 4.193848039371291e-26, 1.2153582117761867e-28, 1.1142629741552542e-21, 6.125819252897347e-13, 1.4550096153961856e-13, 2.702838170290378e-12, 5.263405672508447e-22, 2.956031144689397e-14, 4.7594113425697617e-29, 8.507502775653116e-24, 1.7362270130126043e-33, 8.817287616601974e-33, 2.078586178927857e-18, 2.5868423432273897e-18, 5.406016346382048e-13, 1.0395510208796347e-28, 3.932606410655959e-12, 8.507502775653116e-24, 8.1767021718362e-28, 4.687077116458291e-40, 2.802596928649634e-45, 0.0, 0.0, 7.553186877858166e-36, 6.799161721734327e-34, 1.7139298353814082e-28, 8.730297361221279e-34, 1.471363387541058e-43, 2.7703093537580362e-30, 3.7010577252362045e-26, 3.8392144205171507e-16, 7.734518390347274e-21, 2.5721133170860867e-17, 1.6076662308471146e-25, 4.599112719980054e-23, 1.435055853509617e-27, 2.0068053663170302e-31, 9.765677552055142e-29, 1.644808570789215e-29, 8.93988785304062e-19, 2.889279648865539e-10, 0.0, 0.0]",3.1562643,3.5271327,3.598967,3.698668,3.908936
train__c04__user17__7-2-2,4,Wipe_hands,31,0 1 2 3 4 5 6 7 8 9 10 11 12 13 14 15 16 17 18 19 20 21 22 23 24 25 26 27 28 29 30 -1 -1 -1 -1 -1 -1 -1 -1 -1 -1 -1 -1 -1 -1 -1 -1 -1,True,31,True,True,0.7741935483870968,1.0,0,0,0.0025145179,"[0.9997281432151794, 0.0002700053446460515, 4.881933119508285e-27, 4.047264740932001e-27, 1.7287298615716284e-34, 1.0047278620212352e-32, 7.006492321624085e-45, 3.1389085600875902e-43, 6.234773267090699e-37, 6.656167705542881e-43, 5.485628235428673e-31, 4.7716915046708925e-23, 6.052053924587809e-40, 0.0, 1.3068794222141195e-37, 0.0, 1.0381829214175983e-35, 5.394134486498057e-39, 9.918248398172662e-28, 4.606909010680472e-36, 6.636880906103177e-37, 1.0350620844301156e-29, 2.148202760591001e-31, 4.431688390309253e-21, 5.813110204557374e-22, 6.708935046639527e-17, 1.8192819197793142e-06, 6.302461802353419e-17, 9.247469326748026e-13, 5.276986674032321e-16, 2.885477291825878e-17, 0.0, 0.0, 0.0, 0.0, 0.0, 0.0, 0.0, 0.0, 0.0, 0.0, 0.0, 0.0, 0.0, 0.0, 0.0, 0.0, 0.0]",3.1973934,3.5996754,3.6442716,3.7340152,3.8860943
train__c04__user17__7-2-3,4,Wipe_hands,19,0 1 2 3 4 5 6 7 8 9 10 11 12 13 14 15 16 17 18 -1 -1 -1 -1 -1 -1 -1 -1 -1 -1 -1 -1 -1 -1 -1 -1 -1 -1 -1 -1 -1 -1 -1 -1 -1 -1 -1 -1 -1,True,19,True,True,1.0,1.0,17,17,0.05422491,"[1.5761032479133519e-09, 1.100639818376453e-20, 9.207408123452715e-39, 0.0, 1.2585033482131896e-38, 5.0771652243917064e-36, 0.0, 0.0, 1.401298464324817e-45, 1.9940477147342147e-42, 2.438961570385538e-28, 2.640297345812329e-20, 6.489835407736823e-27, 9.34949432257589e-28, 3.184806593925119e-20, 1.3196552295369202e-08, 5.9983842220390216e-05, 0.9904634952545166, 0.009476548060774803, 0.0, 0.0, 0.0, 0.0, 0.0, 0.0, 0.0, 0.0, 0.0, 0.0, 0.0, 0.0, 0.0, 0.0, 0.0, 0.0, 0.0, 0.0, 0.0, 0.0, 0.0, 0.0, 0.0, 0.0, 0.0, 0.0, 0.0, 0.0, 0.0]",2.258077,2.7093494,2.7925231,2.9007897,2.95841
train__c04__user23__1-1-1,4,Wipe_hands,27,0 1 2 3 4 5 6 7 8 9 10 11 12 13 14 15 16 17 18 19 20 21 22 23 24 25 26 -1 -1 -1 -1 -1 -1 -1 -1 -1 -1 -1 -1 -1 -1 -1 -1 -1 -1 -1 -1 -1,True,27,True,True,0.8888888888888888,1.0,16,16,0.0058813943,"[1.401298464324817e-45, 0.0, 0.0, 4.259947331547444e-43, 0.0, 1.2321534811869977e-23, 9.66551053750067e-28, 3.900558085643317e-36, 2.9825236514689407e-41, 0.0, 3.945358348643758e-38, 2.7116027720896236e-38, 4.092634835596903e-28, 7.83204456986215e-24, 2.8307002534620936e-15, 0.0006563484785147011, 0.9993065595626831, 3.7028647057013586e-05, 4.979774814728444e-09, 1.1041518177198895e-12, 5.071931379507284e-17, 6.255446247799279e-12, 2.8760197001709287e-10, 2.363631410329936e-16, 3.996585664404262e-17, 6.035743435710555e-16, 1.4721377566138168e-15, 0.0, 0.0, 0.0, 0.0, 0.0, 0.0, 0.0, 0.0, 0.0, 0.0, 0.0, 0.0, 0.0, 0.0, 0.0, 0.0, 0.0, 0.0, 0.0, 0.0, 0.0]",1.8382146,2.149706,2.2273085,2.3857625,2.522711
train__c04__user23__1-1-2,4,Wipe_hands,15,0 1 2 3 4 5 6 7 8 9 10 11 12 13 14 -1 -1 -1 -1 -1 -1 -1 -1 -1 -1 -1 -1 -1 -1 -1 -1 -1 -1 -1 -1 -1 -1 -1 -1 -1 -1 -1 -1 -1 -1 -1 -1 -1,True,15,True,True,1.0,1.0,13,13,0.64883107,"[0.0, 2.420042447888959e-42, 0.0, 0.0, 2.3385003297305122e-36, 8.772429877758014e-24, 8.218718861356059e-29, 2.414113623672165e-06, 4.4522921455311323e-14, 1.8744849964759391e-13, 5.152364767910715e-17, 9.940342299286087e-11, 4.069724971519223e-14, 0.6477966904640198, 0.3522009253501892, 0.0, 0.0, 0.0, 0.0, 0.0, 0.0, 0.0, 0.0, 0.0, 0.0, 0.0, 0.0, 0.0, 0.0, 0.0, 0.0, 0.0, 0.0, 0.0, 0.0, 0.0, 0.0, 0.0, 0.0, 0.0, 0.0, 0.0, 0.0, 0.0, 0.0, 0.0, 0.0, 0.0]",1.1930139,1.6863617,1.8728755,2.137336,2.3103719
train__c04__user23__1-1-3,4,Wipe_hands,21,0 1 2 3 4 5 6 7 8 9 10 11 12 13 14 15 16 17 18 19 20 -1 -1 -1 -1 -1 -1 -1 -1 -1 -1 -1 -1 -1 -1 -1 -1 -1 -1 -1 -1 -1 -1 -1 -1 -1 -1 -1,True,21,True,True,1.0,1.0,15,15,0.35553485,"[0.0, 0.0, 0.0, 0.0, 2.3820606924023465e-28, 1.0765812754352757e-23, 1.616139967615011e-23, 3.1775814055346028e-21, 5.428023803058323e-19, 2.495601757402892e-17, 4.579049743824726e-07, 5.177846063020297e-08, 9.63865386438556e-06, 0.0003371300990693271, 1.4134151570033282e-05, 0.8868834972381592, 0.11275457590818405, 9.959597591091551e-09, 4.456563590382601e-12, 1.6435521317870248e-15, 5.610369271380478e-07, 0.0, 0.0, 0.0, 0.0, 0.0, 0.0, 0.0, 0.0, 0.0, 0.0, 0.0, 0.0, 0.0, 0.0, 0.0, 0.0, 0.0, 0.0, 0.0, 0.0, 0.0, 0.0, 0.0, 0.0, 0.0, 0.0, 0.0]",1.4638206,1.792899,1.9521785,2.2034502,2.4037058
train__c04__user24__6-2-1,4,Wipe_hands,28,0 1 2 3 4 5 6 7 8 9 10 11 12 13 14 15 16 17 18 19 20 21 22 23 24 25 26 27 -1 -1 -1 -1 -1 -1 -1 -1 -1 -1 -1 -1 -1 -1 -1 -1 -1 -1 -1 -1,True,28,True,True,0.8571428571428571,1.0,12,12,0.5032062,"[4.159234671947711e-34, 3.5629410269767713e-37, 3.482484298915584e-33, 1.2361232461988188e-24, 1.7685515280896832e-32, 1.8584363072651685e-27, 2.318392179623263e-11, 1.253310927262774e-10, 1.7301423627102963e-09, 9.664496633532416e-12, 0.03410923480987549, 0.05536475405097008, 0.8796887397766113, 6.108150096828524e-11, 5.121995492671227e-13, 2.0663604161086369e-10, 7.212306307735616e-10, 0.02872285433113575, 1.3321357528184308e-07, 3.822382341200914e-11, 3.8281406717537506e-14, 5.997239964906334e-16, 4.2043896576055007e-14, 7.909254691185197e-07, 1.253310927262774e-10, 1.8235567222912863e-10, 5.33724193313434e-12, 0.002113442635163665, 0.0, 0.0, 0.0, 0.0, 0.0, 0.0, 0.0, 0.0, 0.0, 0.0, 0.0, 0.0, 0.0, 0.0, 0.0, 0.0, 0.0, 0.0, 0.0, 0.0]",2.3604748,2.621221,2.6259227,2.714937,2.9001749
train__c04__user24__6-2-2,4,Wipe_hands,20,0 1 2 3 4 5 6 7 8 9 10 11 12 13 14 15 16 17 18 19 -1 -1 -1 -1 -1 -1 -1 -1 -1 -1 -1 -1 -1 -1 -1 -1 -1 -1 -1 -1 -1 -1 -1 -1 -1 -1 -1 -1,True,20,True,True,1.0,1.0,14,14,0.91467047,"[0.0, 0.0, 1.8058533309753918e-41, 2.706886561978092e-38, 5.614469382549587e-18, 1.5637827368543815e-24, 2.4697735176437696e-11, 3.952632492143504e-14, 3.4840224894816e-22, 4.0829754652804695e-06, 4.0671085191706344e-19, 0.0774896964430809, 3.380865601582475e-14, 6.396469132141647e-08, 0.5277391076087952, 0.39294910430908203, 0.0016279995907098055, 3.1579459099789764e-13, 0.00018993268895428628, 8.522470729133147e-09, 0.0, 0.0, 0.0, 0.0, 0.0, 0.0, 0.0, 0.0, 0.0, 0.0, 0.0, 0.0, 0.0, 0.0, 0.0, 0.0, 0.0, 0.0, 0.0, 0.0, 0.0, 0.0, 0.0, 0.0, 0.0, 0.0, 0.0, 0.0]",1.663568,2.0031588,2.0974882,2.2770243,2.4585078
train__c04__user24__6-2-3,4,Wipe_hands,24,0 1 2 3 4 5 6 7 8 9 10 11 12 13 14 15 16 17 18 19 20 21 22 23 -1 -1 -1 -1 -1 -1 -1 -1 -1 -1 -1 -1 -1 -1 -1 -1 -1 -1 -1 -1 -1 -1 -1 -1,True,24,True,True,1.0,1.0,13,13,0.039217476,"[0.0, 0.0, 3.362275535300966e-41, 1.4790246360973924e-08, 1.90367045433959e-05, 1.1710677305670379e-15, 7.022229748642611e-14, 1.13333062552734e-12, 9.172511844882938e-17, 1.021728478190452e-13, 1.2100615283957807e-18, 9.2166635434765e-11, 0.004427487961947918, 0.9941567182540894, 0.001395894680172205, 8.882233282214713e-10, 1.42066642314537e-16, 3.165167306311452e-14, 2.2383889946718235e-19, 4.7557367821582375e-08, 3.3713157265857774e-10, 6.853333616163582e-07, 2.4370438393012117e-12, 8.13367706520296e-11, 0.0, 0.0, 0.0, 0.0, 0.0, 0.0, 0.0, 0.0, 0.0, 0.0, 0.0, 0.0, 0.0, 0.0, 0.0, 0.0, 0.0, 0.0, 0.0, 0.0, 0.0, 0.0, 0.0, 0.0]",1.5085837,1.8523405,1.9876059,2.1982064,2.467036
train__c04__user4__1-1-1,4,Wipe_hands,23,0 1 2 3 4 5 6 7 8 9 10 11 12 13 14 15 16 17 18 19 20 21 22 -1 -1 -1 -1 -1 -1 -1 -1 -1 -1 -1 -1 -1 -1 -1 -1 -1 -1 -1 -1 -1 -1 -1 -1 -1,True,23,True,True,1.0,1.0,1,1,0.17379542,"[5.77680395963398e-07, 0.9607641696929932, 2.0922198018524796e-07, 4.8602623246624466e-26, 5.4530630222844534e-27, 1.2736135473119265e-35, 5.9800101846953615e-24, 1.3061542350091557e-23, 0.03710763528943062, 1.3516791744512164e-29, 0.0021264366805553436, 1.2130853089353946e-21, 9.354308827578413e-23, 2.0935216598088288e-29, 1.4388550392144125e-29, 5.444861146089721e-24, 3.053340187023773e-13, 9.6743269750732e-07, 2.374367369384345e-10, 2.4161423103878666e-24, 1.5408677913715689e-41, 2.213208552477073e-36, 2.3794235541284185e-35, 0.0, 0.0, 0.0, 0.0, 0.0, 0.0, 0.0, 0.0, 0.0, 0.0, 0.0, 0.0, 0.0, 0.0, 0.0, 0.0, 0.0, 0.0, 0.0, 0.0, 0.0, 0.0, 0.0, 0.0, 0.0]",2.4083412,2.543365,2.5262365,2.6754282,2.876534
train__c04__user4__1-1-2,4,Wipe_hands,22,0 1 2 3 4 5 6 7 8 9 10 11 12 13 14 15 16 17 18 19 20 21 -1 -1 -1 -1 -1 -1 -1 -1 -1 -1 -1 -1 -1 -1 -1 -1 -1 -1 -1 -1 -1 -1 -1 -1 -1 -1,True,22,True,True,1.0,1.0,17,17,0.5440387,"[6.709867511279221e-27, 1.0780384857819023e-16, 5.143033707379974e-16, 8.589740748783276e-21, 1.8365675298073785e-19, 5.601214743811613e-20, 5.1942800477218064e-15, 2.545194365666248e-05, 5.994740814863064e-10, 1.5483931845028387e-11, 1.3264059074453039e-14, 6.203683069975889e-16, 0.23369967937469482, 9.419794676591583e-18, 7.431582171225963e-23, 2.034109177007971e-15, 1.1975925044445797e-18, 0.7662717700004578, 2.2945625914871925e-06, 4.2089689372692973e-11, 7.449353347510623e-07, 1.1105860968276676e-13, 0.0, 0.0, 0.0, 0.0, 0.0, 0.0, 0.0, 0.0, 0.0, 0.0, 0.0, 0.0, 0.0, 0.0, 0.0, 0.0, 0.0, 0.0, 0.0, 0.0, 0.0, 0.0, 0.0, 0.0, 0.0, 0.0]",2.6830926,2.778719,2.7111602,2.8251338,2.9581785
train__c04__user4__1-1-3,4,Wipe_hands,19,0 1 2 3 4 5 6 7 8 9 10 11 12 13 14 15 16 17 18 -1 -1 -1 -1 -1 -1 -1 -1 -1 -1 -1 -1 -1 -1 -1 -1 -1 -1 -1 -1 -1 -1 -1 -1 -1 -1 -1 -1 -1,True,19,True,True,1.0,1.0,3,3,0.0023371598,"[0.0, 7.006492321624085e-45, 6.441535588440519e-28, 0.9997593760490417, 2.898158804414373e-14, 2.5908891692779406e-19, 2.4559973001982367e-37, 0.00020987664174754173, 3.5520030118625183e-25, 2.8387462497966744e-35, 6.873376433985667e-12, 3.187799563440944e-17, 3.0711737053934485e-05, 4.484793434373209e-33, 1.401298464324817e-45, 8.321050411007196e-40, 1.6498632593866985e-33, 8.631662917410095e-30, 4.052832622568888e-18, 0.0, 0.0, 0.0, 0.0, 0.0, 0.0, 0.0, 0.0, 0.0, 0.0, 0.0, 0.0, 0.0, 0.0, 0.0, 0.0, 0.0, 0.0, 0.0, 0.0, 0.0, 0.0, 0.0, 0.0, 0.0, 0.0, 0.0, 0.0, 0.0]",3.4235773,3.4680724,3.400788,3.4445639,3.5272422
train__c05__user17__1-1-1,5,Put_on_clothes,90,0 2 4 6 8 9 11 13 15 17 19 21 23 25 27 28 30 32 34 36 38 40 42 44 45 47 49 51 53 55 57 59 61 62 64 66 68 70 72 74 76 78 80 81 83 85 87 89,False,48,True,True,0.2666666666666666,1.0,0,0,0.005839835,"[0.9993352293968201, 2.8120299400038245e-17, 7.221889762254483e-18, 0.00011001181701431051, 4.7433658445926854e-21, 1.1512729258811305e-07, 0.000552716723177582, 1.3887003547097265e-07, 1.1378743358306332e-20, 1.2709074244388052e-12, 3.805668573996206e-18, 6.43880317533192e-28, 1.2909212544418014e-12, 2.4674779143611094e-16, 4.435902600102848e-12, 6.0540403801212506e-09, 3.9041171289604294e-17, 1.3589970609329076e-21, 9.262022051175722e-26, 1.2534784079808106e-26, 0.0, 0.0, 3.7220453066056773e-36, 9.226027176148199e-39, 0.0, 0.0, 9.107544722468844e-34, 0.0, 0.0, 0.0, 1.6630907617128645e-29, 7.87957094866848e-36, 2.5138919505313656e-22, 2.196614271707573e-23, 6.212583417561673e-19, 1.977329008126305e-21, 5.285291629636111e-29, 1.500646655550053e-11, 3.269893933759203e-27, 4.860263326146018e-28, 1.705052000033902e-06, 4.227716233349403e-20, 1.0391700911959343e-26, 0.0, 0.0, 0.0, 3.36056595117449e-40, 1.36267060664246e-16]",4.414782,4.450309,4.359662,4.42496,4.5266767
train__c05__user17__1-1-2,5,Put_on_clothes,60,0 1 3 4 5 6 8 9 10 11 13 14 15 16 18 19 20 21 23 24 25 26 28 29 30 31 33 34 35 36 38 39 40 41 43 44 45 46 48 49 50 51 53 54 55 56 58 59,False,48,True,True,0.4,1.0,46,58,0.061284263,"[0.005763568449765444, 5.510455424075208e-16, 3.211302779249081e-09, 1.923338019814316e-15, 1.0338266158947673e-13, 2.9539777727126193e-19, 2.3900323994213712e-12, 2.7708313824150084e-16, 1.861359157084852e-12, 5.310506944128726e-15, 1.987380830997454e-18, 6.947090107017241e-21, 3.83077681430964e-18, 1.1178331074364681e-13, 4.814982942340957e-17, 3.2717083809665187e-15, 8.097556201687017e-15, 2.4489336024304184e-19, 2.8544866665682067e-13, 1.544081165604674e-34, 3.414334223844921e-17, 2.377163296777094e-22, 8.190561769254298e-17, 2.125130804465152e-27, 5.693940656503042e-19, 7.565989593878012e-25, 8.619803682679075e-15, 8.34722395609745e-34, 3.755561216586708e-20, 8.731941497134237e-20, 5.156477009011986e-29, 1.0208673440512773e-19, 9.181442959739794e-37, 0.0, 0.0, 0.0, 1.025487880425719e-28, 3.609532073882345e-24, 5.535396542814447e-25, 2.610803197193405e-22, 4.3212806666304004e-09, 1.4786608049099925e-10, 2.5695272298786875e-11, 1.156794250573451e-19, 0.003846870269626379, 2.3409785399053362e-07, 0.9903329014778137, 5.639378650812432e-05]",2.6931279,2.8694441,2.826711,2.9343204,3.1326911
train__c05__user17__1-1-3,5,Put_on_clothes,55,0 1 2 3 5 6 7 8 9 10 11 13 14 15 16 17 18 20 21 22 23 24 25 26 28 29 30 31 32 33 34 36 37 38 39 40 41 43 44 45 46 47 48 49 51 52 53 54,False,48,True,True,0.4363636363636363,1.0,1,1,0.012373162,"[9.510592183584188e-13, 0.9984885454177856, 1.633926327571089e-11, 3.5828362319887605e-24, 6.58610278232664e-44, 0.0, 0.0, 1.0326990329236811e-36, 5.141505316492958e-38, 1.411532113378618e-36, 4.614323140537034e-30, 9.058827998765992e-25, 3.360700331174055e-21, 1.0234139100399013e-18, 7.063453407523423e-17, 1.0712486114612414e-26, 7.412386793248515e-08, 0.0007202677079476416, 1.5229867714183776e-11, 1.8609718838804884e-16, 1.5741883298842157e-25, 1.6591821759649905e-26, 7.683537837291088e-29, 5.668869835825579e-25, 1.4213116229803676e-29, 1.0326990329236811e-36, 0.0, 0.0, 0.0, 4.1312127330161985e-12, 9.329426120530115e-11, 2.163308594760327e-15, 3.2986516519857307e-15, 1.0664219252186771e-17, 1.4290062069736399e-19, 1.778426943255587e-19, 3.404420756672234e-26, 5.126049920786149e-32, 4.220404090182662e-39, 0.0, 0.0, 0.0, 0.0007910593412816525, 0.0, 5.694527180570065e-34, 4.3779481160895043e-29, 2.9747495994207313e-27, 5.540858024076519e-21]",3.6684792,3.7666197,3.715024,3.8096082,3.9539793
train__c05__user17__6-1-1,5,Put_on_clothes,56,0 1 2 4 5 6 7 8 9 11 12 13 14 15 16 18 19 20 21 22 23 25 26 27 28 29 30 32 33 34 35 36 37 39 40 41 42 43 44 46 47 48 49 50 51 53 54 55,False,48,True,True,0.4285714285714285,1.0,10,12,0.0001447502,"[6.239972663024673e-07, 2.110955392709002e-06, 2.036840592774644e-23, 3.943783667637035e-06, 1.8099589275854042e-16, 2.7244147909888383e-11, 9.087355027541724e-14, 1.1439292184534837e-15, 3.0183921881685018e-18, 2.7441434388898343e-15, 0.9999895095825195, 1.270790626748071e-17, 2.1192439671912167e-19, 6.843132275910813e-30, 5.091460248461192e-22, 5.305423357815747e-21, 1.68352397390998e-17, 2.992184625072447e-11, 6.062602585770192e-17, 5.0975445652773343e-14, 4.808878122097848e-12, 4.435494976614289e-17, 1.786714873275308e-11, 5.558307147879304e-10, 2.6862172696710124e-14, 1.8674131723976634e-16, 2.5778842121127344e-15, 1.3641735310820913e-13, 2.5809649173424987e-07, 1.2942919305758416e-12, 1.8939675674144174e-13, 5.3421808941583535e-14, 4.498567588318708e-14, 3.604955473106898e-19, 4.682019577738081e-21, 5.39876832492274e-35, 6.577046094839206e-34, 0.0, 0.0, 2.1865159814707403e-19, 3.766603999186269e-13, 5.185619082896572e-17, 6.917424966168539e-10, 7.405727420195518e-11, 2.8715120559130725e-12, 1.5131805313969848e-12, 2.0976831383023864e-09, 3.5629122976388317e-06]",2.6058552,2.7254875,2.7028787,2.8045647,2.9387286
train__c05__user17__6-1-2,5,Put_on_clothes,54,0 1 2 3 5 6 7 8 9 10 11 12 14 15 16 17 18 19 20 21 23 24 25 26 27 28 29 30 32 33 34 35 36 37 38 39 41 42 43 44 45 46 47 48 50 51 52 53,False,48,True,True,0.4444444444444444,1.0,27,30,8.273348e-18,"[4.493915959945395e-21, 1.9068484135650637e-20, 4.835804401038289e-27, 6.148035420495571e-28, 2.1737915975289525e-32, 2.3910394529557397e-35, 4.323101174213329e-32, 2.246173836527242e-35, 1.267204649370282e-36, 0.0, 0.0, 3.513607027139291e-34, 2.980179559397818e-38, 0.0, 3.2213402768962287e-27, 1.0252820466629127e-29, 7.839917098892273e-35, 1.9822413469354674e-35, 1.7672580662815604e-19, 6.998167936122733e-37, 9.913419721915066e-20, 0.0, 2.2206682551246314e-33, 6.114931307720835e-38, 1.714974977720473e-37, 1.1183040646392036e-36, 7.2812904542176e-33, 1.0, 7.523739969508069e-36, 5.550971732951618e-32, 4.48051170983217e-41, 0.0, 4.3860641933366774e-43, 0.0, 7.1986098550006065e-31, 5.177165468845215e-28, 7.006530730268334e-29, 4.2432834254814047e-26, 1.0505493781231872e-36, 6.22801739383809e-33, 0.0, 2.6746079387988347e-30, 1.2179245472832715e-40, 7.138325476697025e-35, 1.7667526268402917e-34, 8.238372224122146e-30, 6.096549811768538e-32, 1.494023785599563e-32]",2.5211787,2.7227433,2.7046232,2.8295412,2.992354
train__c05__user17__6-1-3,5,Put_on_clothes,66,0 1 3 4 6 7 8 10 11 12 14 15 17 18 19 21 22 24 25 26 28 29 30 32 33 35 36 37 39 40 41 43 44 46 47 48 50 51 53 54 55 57 58 59 61 62 64 65,False,48,True,True,0.3636363636363636,1.0,30,41,0.0031371969,"[0.00032503041438758373, 8.16151052990266e-12, 3.451676385284893e-20, 1.1530498819918045e-25, 3.760347309179846e-35, 9.698064411508998e-34, 5.310929027062457e-38, 1.3791961994582028e-29, 2.493645404483599e-26, 2.2896643597829175e-22, 1.8381267170787703e-15, 9.083102581563164e-28, 1.1382420434623071e-20, 2.4446837489915557e-28, 4.326788074736445e-24, 0.0, 2.1756454416567576e-24, 1.0061322973852187e-42, 1.076687702753279e-13, 1.2105525186868055e-13, 5.771775146819408e-17, 8.23791379621179e-15, 2.7305009069350966e-20, 1.6826939827296883e-05, 2.8735977374586976e-18, 9.762218829739342e-16, 4.581041534286095e-34, 4.842887492706568e-41, 9.292951111788625e-32, 8.729919880597871e-32, 0.9996582269668579, 1.3105160988362686e-31, 1.2538834695667141e-26, 1.2867201407193638e-36, 8.904759783524205e-30, 2.32294554417407e-30, 5.219102171220404e-24, 6.505062580249127e-27, 5.52407169510214e-23, 2.0297670027682525e-31, 6.524676168471142e-33, 0.0, 1.183245840669873e-35, 0.0, 7.073927204224707e-28, 1.19323843804795e-31, 7.215601615384545e-26, 3.587033366434989e-24]",2.602017,2.7746348,2.7607472,2.8806436,3.041532
train__c05__user23__4-3-1,5,Put_on_clothes,33,0 1 2 3 4 5 6 7 8 9 10 11 12 13 14 15 16 17 18 19 20 21 22 23 24 25 26 27 28 29 30 31 32 -1 -1 -1 -1 -1 -1 -1 -1 -1 -1 -1 -1 -1 -1 -1,True,33,True,True,0.7272727272727273,1.0,23,23,0.90619063,"[9.437298103875946e-06, 7.670178803209637e-08, 1.0588355507934466e-06, 1.3915101303206903e-14, 2.283378293301691e-13, 1.709405661183376e-16, 8.343527208282599e-20, 2.139571972103738e-17, 2.8515905563377345e-29, 5.230738180340535e-34, 3.9530861503538826e-26, 2.5777358815683792e-25, 1.395801063706209e-13, 5.453741803696204e-16, 1.5976482289903338e-11, 1.92063365537197e-14, 0.00021479191491380334, 3.2885360668922646e-16, 6.00147354145583e-16, 7.868597435845004e-07, 6.286596089921659e-06, 1.5318246369133703e-05, 0.08140318840742111, 0.5829867720603943, 0.3321758210659027, 9.531333489576355e-05, 7.194627687567845e-05, 8.194372957959217e-10, 2.146637001487761e-08, 3.3128033010143554e-06, 0.003011804772540927, 4.1228504414903e-06, 1.8615420958726682e-14, 0.0, 0.0, 0.0, 0.0, 0.0, 0.0, 0.0, 0.0, 0.0, 0.0, 0.0, 0.0, 0.0, 0.0, 0.0]",1.4900693,1.682523,2.0216484,2.4571726,2.5896585
train__c05__user23__4-3-2,5,Put_on_clothes,30,0 1 2 3 4 5 6 7 8 9 10 11 12 13 14 15 16 17 18 19 20 21 22 23 24 25 26 27 28 29 -1 -1 -1 -1 -1 -1 -1 -1 -1 -1 -1 -1 -1 -1 -1 -1 -1 -1,True,30,True,True,0.8,1.0,17,17,0.7126135,"[8.828931640891824e-06, 1.4330770682136063e-05, 3.060396554233069e-12, 1.3568269437101455e-18, 5.778065958775451e-20, 1.5122945744315113e-24, 1.2060814542543712e-35, 1.401298464324817e-45, 0.0, 0.0, 0.0, 5.1341019744937974e-20, 6.00472579763044e-37, 3.879161454278801e-07, 3.628844336134307e-09, 1.2346521582884407e-09, 0.0037327816244214773, 0.5369492769241333, 0.45927709341049194, 6.26064957032213e-06, 4.129346109493781e-07, 8.557293767808005e-06, 7.024254387033579e-07, 7.595029387630348e-07, 5.470494670589687e-07, 5.982952355765292e-09, 5.486988901431955e-13, 5.3566833422949884e-17, 7.368042807820441e-14, 1.2024409574306103e-16, 0.0, 0.0, 0.0, 0.0, 0.0, 0.0, 0.0, 0.0, 0.0, 0.0, 0.0, 0.0, 0.0, 0.0, 0.0, 0.0, 0.0, 0.0]",1.9429547,2.1901371,2.420376,2.788682,2.879677
train__c05__user23__4-3-3,5,Put_on_clothes,18,0 1 2 3 4 5 6 7 8 9 10 11 12 13 14 15 16 17 -1 -1 -1 -1 -1 -1 -1 -1 -1 -1 -1 -1 -1 -1 -1 -1 -1 -1 -1 -1 -1 -1 -1 -1 -1 -1 -1 -1 -1 -1,True,18,True,True,1.0,1.0,4,4,0.0007226156,"[8.72687866415589e-10, 1.170115396571378e-20, 1.0756969907595155e-21, 2.1035986368530043e-29, 0.999931812286377, 1.0789998175301091e-43, 4.439931633359127e-23, 0.0, 7.505091997185279e-26, 0.0, 2.360847689488344e-15, 1.0221302303384859e-23, 1.9049876693461032e-13, 7.464494578002245e-10, 2.8925709280613367e-15, 6.9087700539495785e-18, 3.431894768368693e-08, 6.814871449023485e-05, 0.0, 0.0, 0.0, 0.0, 0.0, 0.0, 0.0, 0.0, 0.0, 0.0, 0.0, 0.0, 0.0, 0.0, 0.0, 0.0, 0.0, 0.0, 0.0, 0.0, 0.0, 0.0, 0.0, 0.0, 0.0, 0.0, 0.0, 0.0, 0.0, 0.0]",1.4925195,1.7916739,2.0346491,2.3969934,2.5349731
train__c05__user23__5-2-1,5,Put_on_clothes,37,0 1 2 3 4 5 6 7 8 9 10 11 12 13 14 15 16 17 18 19 20 21 22 23 24 25 26 27 28 29 30 31 32 33 34 35 36 -1 -1 -1 -1 -1 -1 -1 -1 -1 -1 -1,True,37,True,True,0.6486486486486487,1.0,19,19,0.040109012,"[1.9645223403585987e-07, 7.660899692396583e-10, 1.393054986920106e-07, 3.3801474952355193e-09, 1.2611689044206287e-06, 1.9288511760029436e-12, 4.641024626133401e-18, 1.339721289043227e-33, 3.4210977798637367e-33, 5.886324121969217e-35, 9.609160505278518e-36, 1.4022793732498444e-41, 9.392170475711307e-32, 1.8751435888122777e-18, 6.148358633261219e-18, 4.142731826462676e-20, 2.847254865457542e-20, 2.5089142367451978e-17, 6.552714482133126e-10, 0.9946677684783936, 1.8168863391565537e-07, 0.0016043541254475713, 1.0758268408073146e-11, 5.479972296490302e-17, 5.7671606172018854e-15, 2.124815855797374e-18, 2.866981283454473e-13, 3.1412510218266823e-29, 3.9423651608733797e-25, 7.663282306852546e-21, 1.5832974308797182e-13, 5.3933354138280265e-06, 8.154985020603078e-10, 3.127097821502474e-20, 0.001905217650346458, 0.0013938870979472995, 0.0004218032700009644, 0.0, 0.0, 0.0, 0.0, 0.0, 0.0, 0.0, 0.0, 0.0, 0.0, 0.0]",2.7159061,2.8264868,2.7587574,2.9468112,3.0815659
train__c05__user23__5-2-2,5,Put_on_clothes,38,0 1 2 3 4 5 6 7 8 9 10 11 12 13 14 15 16 17 18 19 20 21 22 23 24 25 26 27 28 29 30 31 32 33 34 35 36 37 -1 -1 -1 -1 -1 -1 -1 -1 -1 -1,True,38,True,True,0.631578947368421,1.0,32,32,0.7300979,"[8.316645932175551e-16, 9.849636180310271e-21, 4.242657242485982e-24, 8.573069711257769e-35, 3.110882590801094e-43, 0.0, 0.0, 0.0, 3.324140038373445e-36, 1.401298464324817e-45, 5.393933567947624e-25, 9.947780675313548e-20, 1.4495738176348945e-22, 8.407790785948902e-45, 4.226169088116833e-37, 3.185281582638789e-34, 5.839202278143301e-17, 1.768602680893578e-24, 1.401298464324817e-45, 3.424500836009367e-33, 3.6563534323226365e-39, 8.74476843136387e-33, 2.2263423519397878e-26, 2.413757254127525e-21, 1.3119288988505673e-10, 1.992058644775807e-12, 2.402881279367497e-12, 4.2299038675756644e-18, 2.0411519135116168e-19, 0.4265572428703308, 0.0016764593310654163, 2.466513819854299e-07, 0.5650965571403503, 8.053653310734829e-35, 6.992783630789534e-13, 0.006669490598142147, 5.610408249090426e-10, 3.8559733184229117e-10, 0.0, 0.0, 0.0, 0.0, 0.0, 0.0, 0.0, 0.0, 0.0, 0.0]",3.5495567,3.5742323,3.4580848,3.522484,3.6299644
train__c05__user23__5-2-3,5,Put_on_clothes,25,0 1 2 3 4 5 6 7 8 9 10 11 12 13 14 15 16 17 18 19 20 21 22 23 24 -1 -1 -1 -1 -1 -1 -1 -1 -1 -1 -1 -1 -1 -1 -1 -1 -1 -1 -1 -1 -1 -1 -1,True,25,True,True,0.96,1.0,1,1,0.6344387,"[1.4311620878041368e-17, 0.6737912893295288, 0.32582420110702515, 0.0003844930324703455, 1.1270413047270722e-08, 2.0353061954987012e-13, 1.7582365684915002e-12, 5.220860195079343e-22, 3.781978408827197e-23, 3.8693542660173076e-27, 2.370266788535055e-26, 1.10858857974162e-27, 3.5882414911341168e-22, 1.66168540418058e-24, 1.119634750937653e-26, 7.395916111588387e-31, 5.535978591788692e-35, 7.795238477979388e-32, 1.4708535753082026e-30, 3.2996852596818988e-21, 3.2300317245641755e-20, 1.0802978799942541e-17, 2.0555866037108572e-12, 4.6784937035582175e-11, 1.6656590773322932e-08, 0.0, 0.0, 0.0, 0.0, 0.0, 0.0, 0.0, 0.0, 0.0, 0.0, 0.0, 0.0, 0.0, 0.0, 0.0, 0.0, 0.0, 0.0, 0.0, 0.0, 0.0, 0.0, 0.0]",2.1436722,2.4127991,2.3833222,2.5053096,2.659372
train__c05__user4__5-2-1,5,Put_on_clothes,93,0 2 4 6 8 10 12 14 16 18 20 22 23 25 27 29 31 33 35 37 39 41 43 45 47 49 51 53 55 57 59 61 63 65 67 69 70 72 74 76 78 80 82 84 86 88 90 92,False,48,True,True,0.2580645161290322,1.0,17,33,0.60023665,"[3.100361161657957e-25, 5.289793697768122e-31, 2.2051136142894518e-31, 3.473276626230679e-23, 3.2074241675647623e-20, 6.563464726401758e-25, 4.256871416398002e-34, 5.433119061956033e-22, 1.963001809712761e-12, 3.439009534027055e-24, 1.322281960336022e-29, 2.3835553470775012e-20, 8.968403141440193e-14, 2.753336003635809e-09, 2.9494556201825617e-06, 1.0944592787609508e-07, 0.2877656817436218, 0.712226927280426, 1.9594884817257903e-24, 1.2206917910566415e-15, 2.0590774343735237e-19, 1.8352358465693506e-18, 1.3811443308475724e-12, 4.325090685597388e-06, 3.675088705579199e-11, 4.840980394327232e-10, 6.086621775598776e-20, 8.440351388608118e-28, 0.0, 8.596441951779173e-23, 1.3354573975488519e-28, 2.88812935942796e-29, 7.643646478290394e-38, 5.605193857299268e-45, 2.317186618523787e-26, 6.880592313574803e-36, 2.5391528173565685e-42, 4.256871416398002e-34, 0.0, 4.1544862683538935e-27, 4.479960609754994e-32, 7.38620641070116e-32, 0.0, 3.061837144549725e-42, 0.0, 0.0, 4.297950996133383e-22, 0.0]",3.652177,3.784536,3.7432177,3.8016343,3.9006424
train__c05__user4__5-2-2,5,Put_on_clothes,106,0 2 4 7 9 11 13 16 18 20 22 25 27 29 31 34 36 38 40 42 45 47 49 51 54 56 58 60 63 65 67 69 71 74 76 78 80 83 85 87 89 92 94 96 98 101 103 105,False,48,True,True,0.2264150943396226,1.0,23,51,1.09641e-06,"[5.419146621520198e-36, 2.1189762388349953e-33, 1.1954446940076495e-34, 2.6331419523956122e-30, 1.9264479142179822e-30, 3.7819976274510003e-25, 2.5155640832149445e-22, 2.577558711420935e-29, 2.895396696328772e-22, 5.386615206722275e-24, 6.159058727336572e-16, 2.9489425588878865e-17, 1.0395379134185484e-15, 4.195100368384281e-24, 1.636399696303137e-11, 4.166235508551605e-31, 0.0, 2.1253647951245576e-39, 0.0, 2.300098316267156e-20, 2.7470757000178413e-21, 1.5007483061105806e-15, 3.2232244651098085e-10, 1.0, 1.3586989910093426e-40, 1.7362054152806356e-20, 1.0454909139114108e-16, 9.823615698678623e-09, 1.6792327528492024e-08, 4.244497808780778e-11, 3.768330925080221e-10, 3.385524749432989e-08, 4.633742608367575e-12, 9.135397574286664e-18, 8.368107680000931e-30, 2.2515453023144794e-19, 1.5007483061105806e-15, 7.392458312160954e-10, 1.5946790458233699e-27, 5.924951295770303e-27, 1.9965952753423572e-39, 1.6883867406583739e-37, 5.969531458023721e-42, 0.0, 1.683311319311133e-31, 0.0, 2.219977523375397e-22, 1.0191272119514677e-17]",2.9498823,3.1568463,3.1827977,3.3112779,3.4498703
train__c05__user4__5-2-3,5,Put_on_clothes,83,0 2 3 5 7 9 10 12 14 16 17 19 21 23 24 26 28 30 31 33 35 37 38 40 42 44 45 47 49 51 52 54 56 58 59 61 63 65 66 68 70 72 73 75 77 79 80 82,False,48,True,True,0.2891566265060241,1.0,13,23,0.7522639,"[1.5631072275690946e-36, 1.821963957785821e-30, 4.207045960337762e-37, 6.093635603286409e-28, 2.0441870270686596e-31, 1.5896198445265834e-28, 3.2024635447924685e-33, 1.6263450704414e-32, 4.896373549638306e-28, 3.0039109262381903e-30, 3.4377939785278303e-29, 6.072111147226167e-10, 0.015527576208114624, 0.5647411942481995, 5.764028898624929e-08, 5.019913805881515e-05, 0.41967999935150146, 9.194292260872317e-07, 6.894521845796087e-12, 3.0283373922537554e-15, 5.2200140021146095e-31, 1.2035258732864422e-34, 2.931661768101485e-23, 6.549238631137753e-16, 2.7932034591886036e-20, 1.0497207730272228e-21, 4.5543374193117474e-29, 1.8584537850794138e-28, 7.847974056558954e-34, 2.0010361340827425e-30, 2.6589346442067316e-36, 1.5022906895800596e-14, 1.5314633619043568e-16, 2.67652402446947e-18, 1.8899761908909694e-20, 1.6233938577187545e-18, 1.783503964344431e-29, 0.0, 0.0, 0.0, 4.5611975549723835e-32, 5.9739901846642346e-30, 1.9950207490492077e-24, 4.444797264313658e-22, 1.161241462935426e-25, 5.7554312986862795e-18, 6.771355022105064e-15, 2.5402053001495447e-28]",3.131172,3.3207479,3.3523977,3.4534636,3.601281
train__c06__user23__5-3-3,6,Drink_water,10,0 1 2 3 4 5 6 7 8 9 -1 -1 -1 -1 -1 -1 -1 -1 -1 -1 -1 -1 -1 -1 -1 -1 -1 -1 -1 -1 -1 -1 -1 -1 -1 -1 -1 -1 -1 -1 -1 -1 -1 -1 -1 -1 -1 -1,True,10,True,True,1.0,1.0,0,0,1.7616954e-05,"[0.9999988079071045, 1.2051488056386006e-06, 0.0, 0.0, 0.0, 0.0, 0.0, 0.0, 0.0, 1.8643855678302394e-40, 0.0, 0.0, 0.0, 0.0, 0.0, 0.0, 0.0, 0.0, 0.0, 0.0, 0.0, 0.0, 0.0, 0.0, 0.0, 0.0, 0.0, 0.0, 0.0, 0.0, 0.0, 0.0, 0.0, 0.0, 0.0, 0.0, 0.0, 0.0, 0.0, 0.0, 0.0, 0.0, 0.0, 0.0, 0.0, 0.0, 0.0, 0.0]",2.6490648,2.8712854,2.881974,2.9845383,3.06612
train__c06__user24__2-1-1,6,Drink_water,25,0 1 2 3 4 5 6 7 8 9 10 11 12 13 14 15 16 17 18 19 20 21 22 23 24 -1 -1 -1 -1 -1 -1 -1 -1 -1 -1 -1 -1 -1 -1 -1 -1 -1 -1 -1 -1 -1 -1 -1,True,25,True,True,0.96,1.0,13,13,0.22717363,"[0.0, 1.4600127620424604e-18, 1.0868604329245315e-13, 3.7414668997472616e-43, 1.5458069845923397e-28, 7.136987805134261e-25, 0.0, 0.0, 0.0, 0.0, 0.0, 0.01005850825458765, 3.0392961785418973e-26, 0.9488908648490906, 5.6390837038165854e-33, 2.1115538402227685e-06, 9.051790062262295e-16, 1.0340555180784333e-13, 0.0, 0.0, 0.0, 0.0, 0.041044991463422775, 3.4273898563697003e-06, 8.498293993360978e-20, 0.0, 0.0, 0.0, 0.0, 0.0, 0.0, 0.0, 0.0, 0.0, 0.0, 0.0, 0.0, 0.0, 0.0, 0.0, 0.0, 0.0, 0.0, 0.0, 0.0, 0.0, 0.0, 0.0]",4.7023625,4.6664267,4.6177926,4.6029267,4.62749
train__c06__user24__2-1-2,6,Drink_water,27,0 1 2 3 4 5 6 7 8 9 10 11 12 13 14 15 16 17 18 19 20 21 22 23 24 25 26 -1 -1 -1 -1 -1 -1 -1 -1 -1 -1 -1 -1 -1 -1 -1 -1 -1 -1 -1 -1 -1,True,27,True,True,0.8888888888888888,1.0,14,14,0.15258925,"[0.0005034452769905329, 2.750394009765067e-11, 2.5690765258294842e-23, 4.0758575051120312e-19, 4.166060334437681e-42, 5.352750794690442e-12, 1.0509738482436128e-43, 0.0, 0.0, 0.0, 0.0, 0.0, 1.2925844784240975e-19, 0.003898510942235589, 0.968956470489502, 4.617115934024696e-08, 6.237829128013725e-14, 0.0, 0.0, 0.0, 0.0, 0.0, 0.0, 0.0, 0.0, 4.420340667208416e-25, 0.026641488075256348, 0.0, 0.0, 0.0, 0.0, 0.0, 0.0, 0.0, 0.0, 0.0, 0.0, 0.0, 0.0, 0.0, 0.0, 0.0, 0.0, 0.0, 0.0, 0.0, 0.0, 0.0]",4.5298343,4.5016375,4.441708,4.449931,4.5058937
train__c06__user24__2-1-3,6,Drink_water,14,0 1 2 3 4 5 6 7 8 9 10 11 12 13 -1 -1 -1 -1 -1 -1 -1 -1 -1 -1 -1 -1 -1 -1 -1 -1 -1 -1 -1 -1 -1 -1 -1 -1 -1 -1 -1 -1 -1 -1 -1 -1 -1 -1,True,14,True,True,1.0,1.0,0,0,0.5551885,"[0.8540595769882202, 0.0563313364982605, 0.0161391980946064, 1.2592069879732254e-16, 1.454160531377073e-33, 0.0, 0.0, 1.0568554495091198e-12, 0.07346990704536438, 8.740629332714875e-16, 5.2570633419020853e-20, 0.0, 0.0, 0.0, 0.0, 0.0, 0.0, 0.0, 0.0, 0.0, 0.0, 0.0, 0.0, 0.0, 0.0, 0.0, 0.0, 0.0, 0.0, 0.0, 0.0, 0.0, 0.0, 0.0, 0.0, 0.0, 0.0, 0.0, 0.0, 0.0, 0.0, 0.0, 0.0, 0.0, 0.0, 0.0, 0.0, 0.0]",3.1576288,3.2134829,3.2305732,3.2938955,3.3450518
train__c06__user24__4-2-1,6,Drink_water,42,0 1 2 3 4 5 6 7 8 9 10 11 12 13 14 15 16 17 18 19 20 21 22 23 24 25 26 27 28 29 30 31 32 33 34 35 36 37 38 39 40 41 -1 -1 -1 -1 -1 -1,True,42,True,True,0.5714285714285714,1.0,2,2,0.7568469,"[0.22578470408916473, 0.0062566474080085754, 0.7175423502922058, 0.050379376858472824, 3.605875463108532e-05, 5.079030728979972e-13, 8.663075590220615e-08, 1.0784727059726559e-18, 9.67037336014697e-30, 4.007012193307432e-18, 7.255761153977304e-18, 8.967809227521592e-25, 4.2360933281088645e-25, 2.2228977491970535e-27, 1.0882571763386212e-36, 1.6039262222661856e-41, 0.0, 0.0, 0.0, 0.0, 7.456991506672931e-31, 1.8290288988226377e-12, 6.560990168349693e-25, 8.967809227521592e-25, 8.812755386555793e-11, 2.3898405538202468e-26, 3.4636847025672244e-39, 4.47827171824645e-32, 9.54618429385927e-25, 8.619110668997551e-29, 1.552315559046024e-38, 1.0604852823368411e-26, 3.4876811594405696e-32, 9.67037336014697e-30, 4.488980805894213e-16, 1.3616900945057118e-26, 1.4429805135240495e-17, 2.1596587365668718e-11, 4.6846720519256805e-18, 4.246223372916802e-09, 7.721316706010839e-07, 3.2371552549648186e-08, 0.0, 0.0, 0.0, 0.0, 0.0, 0.0]",4.569114,4.534461,4.418704,4.4500074,4.5319576
train__c06__user24__4-2-2,6,Drink_water,30,0 1 2 3 4 5 6 7 8 9 10 11 12 13 14 15 16 17 18 19 20 21 22 23 24 25 26 27 28 29 -1 -1 -1 -1 -1 -1 -1 -1 -1 -1 -1 -1 -1 -1 -1 -1 -1 -1,True,30,True,True,0.8,1.0,0,0,0.24194412,"[0.9368751645088196, 5.254674343893985e-15, 9.929779813807474e-17, 4.2938651745316747e-07, 3.1642074377336016e-11, 0.0001487487170379609, 0.0008377955527976155, 7.954817360378286e-11, 0.00013075850438326597, 1.617124639690344e-33, 1.8219635649074917e-06, 5.359913359502533e-13, 7.410278750482561e-15, 0.0, 7.26478188942944e-17, 9.059394571859942e-42, 3.8410079177822223e-34, 0.0, 1.6060001439933863e-40, 6.068215695936318e-32, 3.956974004218222e-31, 1.5626595938294571e-27, 6.804115604275296e-11, 4.1034070585865834e-10, 5.20904990253257e-08, 5.530055580127424e-13, 9.560786828899381e-09, 0.062005188316106796, 2.792403461238102e-11, 2.128819481805877e-10, 0.0, 0.0, 0.0, 0.0, 0.0, 0.0, 0.0, 0.0, 0.0, 0.0, 0.0, 0.0, 0.0, 0.0, 0.0, 0.0, 0.0, 0.0]",2.3620985,2.4859955,2.4957583,2.6557822,2.831776
train__c06__user24__4-2-3,6,Drink_water,17,0 1 2 3 4 5 6 7 8 9 10 11 12 13 14 15 16 -1 -1 -1 -1 -1 -1 -1 -1 -1 -1 -1 -1 -1 -1 -1 -1 -1 -1 -1 -1 -1 -1 -1 -1 -1 -1 -1 -1 -1 -1 -1,True,17,True,True,1.0,1.0,1,1,0.60303617,"[1.0496715958652203e-06, 0.7961475849151611, 0.03511719033122063, 0.0005437433137558401, 8.802031992161119e-09, 3.497027800554092e-17, 3.959153078248591e-36, 0.0, 0.0, 0.0, 4.0664250475767315e-27, 3.610280140114101e-39, 2.376177715284226e-15, 2.37050896083433e-31, 4.888779936429444e-10, 1.3313241043676804e-23, 0.16819046437740326, 0.0, 0.0, 0.0, 0.0, 0.0, 0.0, 0.0, 0.0, 0.0, 0.0, 0.0, 0.0, 0.0, 0.0, 0.0, 0.0, 0.0, 0.0, 0.0, 0.0, 0.0, 0.0, 0.0, 0.0, 0.0, 0.0, 0.0, 0.0, 0.0, 0.0, 0.0]",2.1655402,2.3181744,2.3634202,2.522725,2.653367
train__c06__user4__2-1-1,6,Drink_water,37,0 1 2 3 4 5 6 7 8 9 10 11 12 13 14 15 16 17 18 19 20 21 22 23 24 25 26 27 28 29 30 31 32 33 34 35 36 -1 -1 -1 -1 -1 -1 -1 -1 -1 -1 -1,True,37,True,True,0.6486486486486487,1.0,5,5,2.8475168e-22,"[0.0, 0.0, 0.0, 0.0, 0.0, 1.0, 1.241550439391788e-42, 3.363116314379561e-44, 0.0, 0.0, 2.0318827732709848e-43, 0.0, 7.287901079229795e-40, 4.035739577255473e-43, 4.7523117638680046e-39, 3.442555924322135e-40, 1.0499228743953692e-40, 0.0, 1.0348799533353992e-32, 0.0, 6.041880497736811e-40, 4.691280863874148e-34, 0.0, 9.091634554446645e-24, 7.658306091549485e-35, 9.707174420728842e-30, 2.990020382209213e-29, 4.599170076467127e-36, 1.9615095643925924e-40, 1.1210387714598537e-44, 1.0816211424894137e-37, 3.922053264399926e-30, 0.0, 0.0, 1.6052681146439332e-35, 1.05243304011358e-24, 1.6139585059019e-25, 0.0, 0.0, 0.0, 0.0, 0.0, 0.0, 0.0, 0.0, 0.0, 0.0, 0.0]",4.4728565,4.480935,4.3123035,4.354814,4.497196
train__c06__user4__2-1-2,6,Drink_water,34,0 1 2 3 4 5 6 7 8 9 10 11 12 13 14 15 16 17 18 19 20 21 22 23 24 25 26 27 28 29 30 31 32 33 -1 -1 -1 -1 -1 -1 -1 -1 -1 -1 -1 -1 -1 -1,True,34,True,True,0.7058823529411765,1.0,7,7,0.011740904,"[9.551004601139249e-37, 0.0, 0.0, 5.5138585253189376e-08, 1.411107977764491e-25, 0.0, 0.0013562054373323917, 0.9984990358352661, 0.00014406410627998412, 2.4978282908705296e-07, 0.0, 0.0, 5.850699195854535e-36, 0.0, 4.777222102347878e-07, 0.0, 7.637493591578073e-17, 0.0, 1.3623775396080417e-38, 0.0, 0.0, 0.0, 0.0, 1.7967251724860955e-29, 0.0, 0.0, 0.0, 0.0, 0.0, 0.0, 0.0, 0.0, 0.0, 9.271088730865492e-40, 0.0, 0.0, 0.0, 0.0, 0.0, 0.0, 0.0, 0.0, 0.0, 0.0, 0.0, 0.0, 0.0, 0.0]",5.379253,5.2986546,5.158806,5.1481323,5.1979504
train__c06__user4__2-1-3,6,Drink_water,18,0 1 2 3 4 5 6 7 8 9 10 11 12 13 14 15 16 17 -1 -1 -1 -1 -1 -1 -1 -1 -1 -1 -1 -1 -1 -1 -1 -1 -1 -1 -1 -1 -1 -1 -1 -1 -1 -1 -1 -1 -1 -1,True,18,True,True,1.0,1.0,14,14,0.5974364,"[0.0, 1.126643965317153e-42, 2.6035495537257702e-08, 7.92143404751443e-25, 0.2845706343650818, 1.8834492948371917e-05, 7.878781306894484e-35, 2.802596928649634e-45, 0.0, 0.0, 0.0, 0.0, 2.439973601119367e-24, 1.8713746661142855e-35, 0.7154104709625244, 9.134090786500777e-39, 3.147168290529788e-33, 1.8291161121040772e-31, 0.0, 0.0, 0.0, 0.0, 0.0, 0.0, 0.0, 0.0, 0.0, 0.0, 0.0, 0.0, 0.0, 0.0, 0.0, 0.0, 0.0, 0.0, 0.0, 0.0, 0.0, 0.0, 0.0, 0.0, 0.0, 0.0, 0.0, 0.0, 0.0, 0.0]",3.4227326,3.4326398,3.398517,3.4184706,3.4489264
train__c06__user4__4-2-1,6,Drink_water,87,0 2 4 5 7 9 11 13 15 16 18 20 22 24 26 27 29 31 33 35 37 38 40 42 44 46 48 49 51 53 55 57 59 60 62 64 66 68 70 71 73 75 77 79 81 82 84 86,False,48,True,True,0.2758620689655172,1.0,13,24,1.0406398,"[4.247603787796428e-13, 6.478837700641911e-24, 3.007471771621084e-10, 1.3612856619715785e-08, 1.3052326955959893e-28, 4.3353697352844645e-33, 1.401298464324817e-45, 2.4217178179121304e-35, 3.9296131750366755e-24, 2.14549617971256e-22, 1.1004296304903335e-20, 4.247603787796428e-13, 7.529057238775394e-12, 0.5092831254005432, 0.3725994825363159, 0.007378933019936085, 6.040668409923455e-09, 1.9670309438490083e-15, 3.452246465651958e-15, 1.4892696265517524e-21, 9.06011082988707e-28, 1.0535308255774356e-37, 0.0, 7.940506239749674e-35, 2.5196921243915373e-31, 1.4456238964191443e-24, 3.4130453996882026e-13, 1.1912699559440965e-12, 6.270058931513927e-21, 1.1097228119651335e-16, 1.3948337181991267e-15, 3.265554582299046e-08, 5.35499854082334e-18, 7.03481113675523e-22, 1.2057021306073499e-36, 7.556459929917646e-40, 7.684626222808537e-32, 9.644437975014157e-28, 9.081777864461404e-12, 0.09274734556674957, 2.0466102770844152e-11, 1.332549999233379e-07, 3.70035770913546e-08, 1.0421639672131278e-05, 0.01797989383339882, 6.35724063613452e-07, 3.939010539966148e-08, 1.1302454631934022e-11]",3.7946725,3.7863965,3.629966,3.6978996,3.839148
train__c06__user4__4-2-2,6,Drink_water,41,0 1 2 3 4 5 6 7 8 9 10 11 12 13 14 15 16 17 18 19 20 21 22 23 24 25 26 27 28 29 30 31 32 33 34 35 36 37 38 39 40 -1 -1 -1 -1 -1 -1 -1,True,41,True,True,0.5853658536585366,1.0,35,35,0.4744141,"[0.0, 0.0, 0.0, 0.0, 0.0, 4.203895392974451e-45, 1.4237192397540141e-42, 5.451678807935556e-39, 4.203895392974451e-45, 0.0, 2.199364351431256e-36, 1.401298464324817e-44, 1.420016224484128e-36, 2.2814641617665016e-26, 2.552037376401313e-21, 4.35809788257302e-08, 1.7164288879101264e-09, 5.931819480053946e-10, 9.765205959411105e-07, 0.0002484652795828879, 0.12138338387012482, 0.0006495245615951717, 0.020048869773745537, 5.169192202373555e-16, 6.79071920547362e-20, 2.411895839406478e-33, 9.887561964275909e-42, 1.1025853951673379e-30, 3.8984664604718373e-35, 2.4981659061494114e-20, 3.9980710765943886e-23, 8.846196827999007e-28, 9.880438479928928e-20, 5.96578689227023e-11, 3.139020066100784e-08, 0.8575093746185303, 3.9289447251178444e-09, 4.254601445458084e-12, 0.00015917280688881874, 1.074113686883038e-09, 1.6447290818177862e-07, 0.0, 0.0, 0.0, 0.0, 0.0, 0.0, 0.0]",4.323714,4.297218,4.1875725,4.2000895,4.2583776
train__c06__user4__4-2-3,6,Drink_water,33,0 1 2 3 4 5 6 7 8 9 10 11 12 13 14 15 16 17 18 19 20 21 22 23 24 25 26 27 28 29 30 31 32 -1 -1 -1 -1 -1 -1 -1 -1 -1 -1 -1 -1 -1 -1 -1,True,33,True,True,0.7272727272727273,1.0,11,11,3.5582052e-05,"[2.7759722578274626e-42, 2.7786205436780743e-23, 1.1209755367481863e-20, 1.4437009678439824e-26, 7.248464993702277e-24, 3.879823430142746e-24, 3.3185891279841625e-24, 4.548235020534806e-19, 8.830438291106898e-23, 3.786507596850905e-17, 6.942200592163772e-09, 0.9999974966049194, 1.1454762898210902e-06, 1.2728892215818632e-06, 1.3105531354624794e-20, 2.4148584525125347e-34, 7.057250781842472e-33, 3.832411170081942e-41, 1.401298464324817e-45, 6.639660454474686e-36, 3.2730786841512985e-38, 1.8409938653846022e-33, 1.5770576134073444e-36, 3.40549621476344e-34, 8.474314608509563e-24, 4.5250397396126574e-14, 2.4410756009336614e-14, 1.9929678371509832e-25, 1.1468736927496029e-24, 6.096534530341977e-32, 2.4840244792243108e-28, 1.4437009678439824e-26, 1.9929678371509832e-25, 0.0, 0.0, 0.0, 0.0, 0.0, 0.0, 0.0, 0.0, 0.0, 0.0, 0.0, 0.0, 0.0, 0.0, 0.0]",1.783875,2.1517425,2.225205,2.3851666,2.6926742
train__c07__user17__1-2-1,7,Eat_food,22,0 1 2 3 4 5 6 7 8 9 10 11 12 13 14 15 16 17 18 19 20 21 -1 -1 -1 -1 -1 -1 -1 -1 -1 -1 -1 -1 -1 -1 -1 -1 -1 -1 -1 -1 -1 -1 -1 -1 -1 -1,True,22,True,True,1.0,1.0,2,2,0.5223345,"[0.0, 1.7746068579072016e-06, 0.78510981798172, 0.21463707089424133, 0.00025131419533863664, 6.034191896153729e-11, 1.853120764692784e-30, 1.401298464324817e-45, 5.161446354159686e-37, 0.0, 7.614280463608977e-23, 0.0, 0.0, 1.151674182694677e-37, 1.3648647042523718e-42, 0.0, 0.0, 0.0, 0.0, 0.0, 1.401298464324817e-45, 3.783505853677006e-44, 0.0, 0.0, 0.0, 0.0, 0.0, 0.0, 0.0, 0.0, 0.0, 0.0, 0.0, 0.0, 0.0, 0.0, 0.0, 0.0, 0.0, 0.0, 0.0, 0.0, 0.0, 0.0, 0.0, 0.0, 0.0, 0.0]",2.480877,2.7658527,2.7750783,2.9282992,3.10965
train__c07__user17__1-2-2,7,Eat_food,8,0 1 2 3 4 5 6 7 -1 -1 -1 -1 -1 -1 -1 -1 -1 -1 -1 -1 -1 -1 -1 -1 -1 -1 -1 -1 -1 -1 -1 -1 -1 -1 -1 -1 -1 -1 -1 -1 -1 -1 -1 -1 -1 -1 -1 -1,True,8,True,True,1.0,1.0,7,7,1.499216e-08,"[0.0, 0.0, 0.0, 0.0, 5.0355459385587054e-11, 8.042726838196322e-34, 6.523820927917257e-10, 1.0, 0.0, 0.0, 0.0, 0.0, 0.0, 0.0, 0.0, 0.0, 0.0, 0.0, 0.0, 0.0, 0.0, 0.0, 0.0, 0.0, 0.0, 0.0, 0.0, 0.0, 0.0, 0.0, 0.0, 0.0, 0.0, 0.0, 0.0, 0.0, 0.0, 0.0, 0.0, 0.0, 0.0, 0.0, 0.0, 0.0, 0.0, 0.0, 0.0, 0.0]",1.4793116,1.9416115,2.1234844,2.2756727,2.4379702
train__c07__user17__1-2-3,7,Eat_food,23,0 1 2 3 4 5 6 7 8 9 10 11 12 13 14 15 16 17 18 19 20 21 22 -1 -1 -1 -1 -1 -1 -1 -1 -1 -1 -1 -1 -1 -1 -1 -1 -1 -1 -1 -1 -1 -1 -1 -1 -1,True,23,True,True,1.0,1.0,4,4,0.32457498,"[0.0017351406859233975, 0.0018761344254016876, 0.08103153854608536, 9.157323006547813e-07, 0.9129796028137207, 1.6838076230277535e-21, 1.3680917293132366e-12, 0.0, 9.187790387905844e-24, 1.6367166063313863e-42, 0.0, 0.0, 4.042864116805779e-15, 0.0, 9.631476061144895e-09, 1.3464962020628476e-27, 0.00018288248975295573, 0.002193423453718424, 3.190499108729041e-18, 3.6425316807253694e-07, 0.0, 1.426879525618766e-18, 0.0, 0.0, 0.0, 0.0, 0.0, 0.0, 0.0, 0.0, 0.0, 0.0, 0.0, 0.0, 0.0, 0.0, 0.0, 0.0, 0.0, 0.0, 0.0, 0.0, 0.0, 0.0, 0.0, 0.0, 0.0, 0.0]",1.7130989,2.0670917,2.1896808,2.5119913,2.7336802
train__c07__user17__2-2-1,7,Eat_food,45,0 1 2 3 4 5 6 7 8 9 10 11 12 13 14 15 16 17 18 19 20 21 22 23 24 25 26 27 28 29 30 31 32 33 34 35 36 37 38 39 40 41 42 43 44 -1 -1 -1,True,45,True,True,0.5333333333333333,1.0,43,43,0.07867041,"[3.2491651591470827e-09, 9.665524340155337e-33, 2.631319997497949e-35, 6.532292921296567e-41, 2.0120544000007886e-40, 2.579655051338396e-37, 3.080958422614823e-38, 1.192820498292259e-36, 1.1447149982092086e-37, 2.0260040029055605e-33, 1.0463412589882371e-24, 2.4711274932035815e-24, 0.010621578432619572, 1.5006056869380866e-16, 6.810620956088087e-10, 7.516195138592773e-30, 1.3924508432142454e-33, 1.2148798767937637e-31, 2.2217830645795925e-30, 1.3903563804407288e-30, 9.275722148228012e-34, 1.6279399224018782e-33, 1.7825675711869388e-27, 7.778166624289715e-36, 1.2920428615892376e-11, 2.3541814200656927e-43, 1.401298464324817e-45, 1.885554429606473e-13, 0.0, 0.0, 0.0, 0.0, 0.0, 0.0, 6.16123159978034e-14, 1.0860753658400552e-36, 5.818479832155684e-18, 4.988622532996349e-43, 5.605193857299268e-45, 3.14739762618447e-39, 3.983437673439414e-31, 5.903053549339818e-26, 4.8179319252287707e-26, 0.9864745736122131, 0.00290377764031291, 0.0, 0.0, 0.0]",3.1461968,3.3724592,3.390778,3.460115,3.6143804
train__c07__user17__2-2-2,7,Eat_food,45,0 1 2 3 4 5 6 7 8 9 10 11 12 13 14 15 16 17 18 19 20 21 22 23 24 25 26 27 28 29 30 31 32 33 34 35 36 37 38 39 40 41 42 43 44 -1 -1 -1,True,45,True,True,0.5333333333333333,1.0,35,35,0.36388564,"[0.0, 1.0439673559219887e-42, 1.1826959038901456e-42, 1.5442982417587174e-34, 1.0405399368236782e-36, 1.5313657266148287e-38, 1.4196686686978177e-22, 8.785911027516238e-32, 2.768705265054905e-09, 1.1943266811440416e-41, 3.4696682394780606e-28, 2.938484904309841e-29, 2.5172056599659604e-32, 6.6879607322372965e-28, 3.82793262018996e-37, 1.554997474138707e-27, 2.1318379837429143e-33, 1.9663123747492193e-38, 2.630897060958563e-37, 2.8609674556616987e-38, 5.240057516450151e-40, 2.045895757914233e-43, 0.0, 0.0, 0.0, 0.0, 2.0520334451879756e-40, 1.3784914237765258e-36, 1.0170429285876249e-32, 8.97514951248013e-07, 0.002738900948315859, 8.615868282406529e-19, 1.7989210618907236e-06, 8.746324892682441e-23, 1.1281332132299172e-31, 0.8878534436225891, 0.10940501093864441, 2.12220623019288e-11, 9.127608781092212e-25, 5.365844696303032e-25, 2.321758288302022e-37, 7.151519313825812e-37, 4.922565323388077e-40, 8.291062623870645e-41, 3.6014211312226394e-40, 0.0, 0.0, 0.0]",2.858657,3.2187614,3.278428,3.3713028,3.516086
train__c07__user17__2-2-3,7,Eat_food,20,0 1 2 3 4 5 6 7 8 9 10 11 12 13 14 15 16 17 18 19 -1 -1 -1 -1 -1 -1 -1 -1 -1 -1 -1 -1 -1 -1 -1 -1 -1 -1 -1 -1 -1 -1 -1 -1 -1 -1 -1 -1,True,20,True,True,1.0,1.0,19,19,0.1428902,"[0.0, 0.0, 0.0, 0.0, 0.0, 0.0, 1.0138560303128228e-37, 4.67393010807853e-31, 0.011347446590662003, 4.663997970055789e-06, 8.926901237530163e-14, 1.5477931600327998e-29, 2.3537400931094684e-34, 1.3333602173488512e-14, 2.996020532691516e-27, 0.0009170143166556954, 0.0006921986350789666, 0.00027106888592243195, 0.01207929477095604, 0.9746882915496826, 0.0, 0.0, 0.0, 0.0, 0.0, 0.0, 0.0, 0.0, 0.0, 0.0, 0.0, 0.0, 0.0, 0.0, 0.0, 0.0, 0.0, 0.0, 0.0, 0.0, 0.0, 0.0, 0.0, 0.0, 0.0, 0.0, 0.0, 0.0]",1.9189525,2.3752832,2.5000398,2.660946,2.758521
train__c07__user17__3-2-1,7,Eat_food,37,0 1 2 3 4 5 6 7 8 9 10 11 12 13 14 15 16 17 18 19 20 21 22 23 24 25 26 27 28 29 30 31 32 33 34 35 36 -1 -1 -1 -1 -1 -1 -1 -1 -1 -1 -1,True,37,True,True,0.6486486486486487,1.0,9,9,2.0035672e-05,"[6.657617262096809e-31, 1.0910663240036226e-18, 5.0374510505047255e-15, 2.918936843343545e-07, 4.047705757132284e-15, 6.375544785441889e-07, 1.5813228433462196e-31, 2.2066481975002716e-10, 8.362894021729517e-08, 0.9999988079071045, 1.243033231901336e-08, 4.678511809734498e-13, 2.3063131672452705e-15, 2.6963532047310362e-15, 4.476334680703076e-08, 4.4898309516875484e-14, 1.8587620781118834e-21, 4.401675531833936e-16, 5.0678731815471174e-27, 9.07252952661355e-25, 7.619239913781336e-30, 6.37951113495215e-29, 5.5911620392046596e-36, 9.940531046227387e-41, 3.061879183503655e-40, 1.570442475720837e-38, 8.407790785948902e-45, 3.4935971286346705e-33, 1.1719712398544452e-36, 6.974953653639347e-20, 2.7945358124409082e-24, 2.6173322206060943e-18, 4.5935610025851085e-18, 1.3464826977502263e-22, 6.052711999380611e-28, 2.3028441133166044e-12, 1.9444311760707933e-07, 0.0, 0.0, 0.0, 0.0, 0.0, 0.0, 0.0, 0.0, 0.0, 0.0, 0.0]",4.0802507,4.424217,4.4368916,4.474272,4.6187434
train__c07__user17__3-2-2,7,Eat_food,34,0 1 2 3 4 5 6 7 8 9 10 11 12 13 14 15 16 17 18 19 20 21 22 23 24 25 26 27 28 29 30 31 32 33 -1 -1 -1 -1 -1 -1 -1 -1 -1 -1 -1 -1 -1 -1,True,34,True,True,0.7058823529411765,1.0,21,21,1.4057939,"[8.565039024688303e-05, 0.10981186479330063, 1.911118670250289e-05, 0.048728715628385544, 0.30797499418258667, 2.1442158413265133e-06, 2.4970998125114984e-19, 1.0586020775249505e-11, 3.1967015297861e-13, 2.6661637377771943e-25, 1.1037750894899181e-32, 1.785662555117023e-15, 2.4650313867479075e-14, 1.5054756374865974e-07, 1.4185277030700355e-13, 8.863566824945934e-11, 2.993996019995393e-07, 0.15009501576423645, 2.5724912062771255e-16, 4.412910575152251e-12, 3.894379176777596e-12, 0.38328105211257935, 2.2702153229508116e-16, 1.4045324995550727e-14, 5.182565630322098e-21, 2.139100221710773e-22, 6.395794313149295e-25, 8.18767565337904e-19, 1.9447432376367371e-19, 1.7162299405280176e-19, 9.24996190754257e-13, 4.092307221981173e-07, 2.7573749949993953e-09, 6.338289608720515e-07, 0.0, 0.0, 0.0, 0.0, 0.0, 0.0, 0.0, 0.0, 0.0, 0.0, 0.0, 0.0, 0.0, 0.0]",3.822226,4.137669,4.1330476,4.179919,4.298877
train__c07__user17__3-2-3,7,Eat_food,26,0 1 2 3 4 5 6 7 8 9 10 11 12 13 14 15 16 17 18 19 20 21 22 23 24 25 -1 -1 -1 -1 -1 -1 -1 -1 -1 -1 -1 -1 -1 -1 -1 -1 -1 -1 -1 -1 -1 -1,True,26,True,True,0.9230769230769232,1.0,25,25,0.00029864153,"[3.4135665588774413e-18, 3.072794657644226e-16, 5.30297662367667e-24, 1.428537962055998e-05, 3.7288830025530274e-28, 3.516627534148626e-15, 2.6665038847387643e-24, 2.1477198686170595e-08, 1.3156379452539113e-07, 7.541551047488004e-20, 8.39794120111037e-06, 5.815419787339469e-21, 7.816162789939562e-29, 5.371965097517721e-29, 0.0, 6.48555209536994e-10, 2.3694850035655045e-17, 5.167646706057995e-14, 1.45454780596916e-41, 2.2308671552051088e-42, 3.4191682529525537e-43, 4.1963050457240305e-35, 6.870566370584578e-42, 3.1627724637581754e-32, 1.067678454091947e-06, 0.9999760389328003, 0.0, 0.0, 0.0, 0.0, 0.0, 0.0, 0.0, 0.0, 0.0, 0.0, 0.0, 0.0, 0.0, 0.0, 0.0, 0.0, 0.0, 0.0, 0.0, 0.0, 0.0, 0.0]",3.8329563,4.0554986,4.0054417,4.039188,4.1255403
train__c07__user17__5-2-1,7,Eat_food,30,0 1 2 3 4 5 6 7 8 9 10 11 12 13 14 15 16 17 18 19 20 21 22 23 24 25 26 27 28 29 -1 -1 -1 -1 -1 -1 -1 -1 -1 -1 -1 -1 -1 -1 -1 -1 -1 -1,True,30,True,True,0.8,1.0,27,27,0.29394817,"[1.9712503127443025e-17, 6.7919797390458836e-12, 5.876213822171919e-14, 3.043953977766023e-11, 1.4279688190879218e-18, 0.0, 0.0, 0.0, 2.8446358825793787e-43, 0.0, 2.2833037437401434e-40, 0.0, 2.802596928649634e-45, 3.560957730382588e-33, 1.5645755193104018e-34, 4.210997577165607e-35, 7.48667526639427e-40, 1.401298464324817e-45, 0.0, 0.0, 1.2611686178923354e-43, 0.0, 5.3536826207882317e-36, 3.79396899096926e-14, 5.721199831163456e-23, 2.5740669595819554e-09, 8.734212422864714e-15, 0.9136765599250793, 1.4236762810315717e-12, 0.08632348477840424, 0.0, 0.0, 0.0, 0.0, 0.0, 0.0, 0.0, 0.0, 0.0, 0.0, 0.0, 0.0, 0.0, 0.0, 0.0, 0.0, 0.0, 0.0]",5.7685485,5.6949267,5.5599976,5.5565734,5.610226
train__c07__user17__5-2-2,7,Eat_food,26,0 1 2 3 4 5 6 7 8 9 10 11 12 13 14 15 16 17 18 19 20 21 22 23 24 25 -1 -1 -1 -1 -1 -1 -1 -1 -1 -1 -1 -1 -1 -1 -1 -1 -1 -1 -1 -1 -1 -1,True,26,True,True,0.9230769230769232,1.0,2,2,0.5875391,"[5.76640597865369e-23, 3.638999383686225e-19, 0.7256486415863037, 3.2855993593582724e-23, 3.343407107530771e-37, 0.0, 0.0, 0.0, 0.0, 0.0, 0.0, 0.0, 0.0, 7.685382065676116e-35, 1.401298464324817e-45, 7.170444241950089e-42, 5.350802134085741e-40, 2.0954036326588287e-40, 0.0, 0.0, 0.0, 6.246306962386987e-37, 1.2594989815904677e-22, 0.2743513584136963, 1.288597355330723e-26, 7.745467378583726e-09, 0.0, 0.0, 0.0, 0.0, 0.0, 0.0, 0.0, 0.0, 0.0, 0.0, 0.0, 0.0, 0.0, 0.0, 0.0, 0.0, 0.0, 0.0, 0.0, 0.0, 0.0, 0.0]",6.2827635,6.1807537,6.079013,6.0578113,6.089491
train__c07__user17__5-2-3,7,Eat_food,22,0 1 2 3 4 5 6 7 8 9 10 11 12 13 14 15 16 17 18 19 20 21 -1 -1 -1 -1 -1 -1 -1 -1 -1 -1 -1 -1 -1 -1 -1 -1 -1 -1 -1 -1 -1 -1 -1 -1 -1 -1,True,22,True,True,1.0,1.0,15,15,0.71170205,"[2.6246537170922793e-28, 8.177357860704297e-30, 5.310921179791057e-42, 0.0, 0.0, 0.0, 0.0, 1.0293774642792001e-31, 2.778885277075101e-38, 1.6350658156015782e-19, 7.042924918264226e-23, 1.0100579057772518e-14, 0.10041443258523941, 0.11378446221351624, 0.001037734909914434, 0.7790958881378174, 0.004744850564748049, 0.0008893570629879832, 2.955349009425845e-05, 3.6559579257300356e-06, 3.9661360307086113e-10, 5.8862674734427856e-08, 0.0, 0.0, 0.0, 0.0, 0.0, 0.0, 0.0, 0.0, 0.0, 0.0, 0.0, 0.0, 0.0, 0.0, 0.0, 0.0, 0.0, 0.0, 0.0, 0.0, 0.0, 0.0, 0.0, 0.0, 0.0, 0.0]",3.3440695,3.384176,3.3710916,3.4337473,3.4830856
train__c07__user17__7-2-1,7,Eat_food,42,0 1 2 3 4 5 6 7 8 9 10 11 12 13 14 15 16 17 18 19 20 21 22 23 24 25 26 27 28 29 30 31 32 33 34 35 36 37 38 39 40 41 -1 -1 -1 -1 -1 -1,True,42,True,True,0.5714285714285714,1.0,1,1,2.4011097e-05,"[1.6797313264760305e-06, 0.9999983310699463, 2.661724451957781e-10, 1.7811160557282085e-19, 1.447604745084816e-21, 1.6081436001631478e-23, 1.1230144973653226e-34, 0.0, 0.0, 0.0, 1.869986882534657e-33, 3.2397817783374656e-28, 4.653317561588324e-23, 1.6566959100732436e-20, 3.602252870993361e-11, 2.4795192076843345e-14, 4.548238639449986e-19, 2.219973736843052e-22, 1.1129173834908133e-16, 6.297580341588374e-24, 8.983017356438605e-26, 6.113019895583672e-27, 2.410478298870255e-20, 1.462029131107832e-20, 9.42536987392019e-18, 1.0761032177875922e-32, 7.795265073539075e-34, 8.77240864636622e-41, 1.5549480383411046e-39, 2.0304577232487956e-31, 6.113019895583672e-27, 5.643359586061936e-13, 3.4487295291226826e-28, 9.39703783536805e-12, 1.8587612703183164e-21, 2.7044817549747208e-21, 1.3109619638435355e-31, 3.104447461147002e-26, 4.5305632905691916e-32, 3.819675941563265e-24, 2.1189727490861413e-33, 1.9953510470716475e-17, 0.0, 0.0, 0.0, 0.0, 0.0, 0.0]",4.664754,4.8545985,4.832746,4.8660364,4.949984
train__c07__user17__7-2-2,7,Eat_food,28,0 1 2 3 4 5 6 7 8 9 10 11 12 13 14 15 16 17 18 19 20 21 22 23 24 25 26 27 -1 -1 -1 -1 -1 -1 -1 -1 -1 -1 -1 -1 -1 -1 -1 -1 -1 -1 -1 -1,True,28,True,True,0.8571428571428571,1.0,1,1,0.0053382306,"[0.00016339545254595578, 0.999413013458252, 2.815609079220849e-09, 5.937480626479325e-22, 2.3321612919907315e-28, 0.0, 0.0, 0.0, 7.908467283823661e-12, 3.362765621517383e-10, 1.2744420985200122e-07, 3.860085418216615e-15, 0.00041724491165950894, 1.0842183852255105e-17, 1.823375214785863e-15, 2.1777109871300675e-16, 7.042516430352655e-30, 1.9468249055028865e-21, 6.466436437433287e-26, 0.0, 0.0, 0.0, 0.0, 1.3689447182351088e-25, 1.0024263019658974e-06, 3.0637382401957485e-32, 5.252338269201573e-06, 1.9798460017695502e-13, 0.0, 0.0, 0.0, 0.0, 0.0, 0.0, 0.0, 0.0, 0.0, 0.0, 0.0, 0.0, 0.0, 0.0, 0.0, 0.0, 0.0, 0.0, 0.0, 0.0]",7.3821735,7.3623347,7.276982,7.2715178,7.3259487
train__c07__user17__7-2-3,7,Eat_food,30,0 1 2 3 4 5 6 7 8 9 10 11 12 13 14 15 16 17 18 19 20 21 22 23 24 25 26 27 28 29 -1 -1 -1 -1 -1 -1 -1 -1 -1 -1 -1 -1 -1 -1 -1 -1 -1 -1,True,30,True,True,0.8,1.0,0,0,5.608613e-18,"[1.0, 8.913124896533605e-26, 4.77085202847784e-26, 0.0, 0.0, 8.398352303291656e-32, 5.09385783249453e-32, 2.351833221925189e-28, 1.1979606192603938e-33, 0.0, 1.0364389796948543e-35, 3.678886342679221e-27, 3.850837702305048e-35, 2.025566602924896e-21, 1.6919402317769228e-36, 3.571069835312196e-30, 7.145220869592242e-42, 1.5643021771085662e-25, 7.968134536427428e-31, 3.3216127248304106e-31, 0.0, 2.5110616448678e-34, 3.182860136422061e-29, 1.5276255208836993e-40, 5.352747879643133e-27, 3.2145749664840824e-28, 9.545271833069758e-38, 5.315917898914476e-34, 2.0025658766405787e-19, 7.0001709291206545e-22, 0.0, 0.0, 0.0, 0.0, 0.0, 0.0, 0.0, 0.0, 0.0, 0.0, 0.0, 0.0, 0.0, 0.0, 0.0, 0.0, 0.0, 0.0]",4.2671013,4.5017753,4.468073,4.505389,4.606838
train__c07__user23__2-3-1,7,Eat_food,31,0 1 2 3 4 5 6 7 8 9 10 11 12 13 14 15 16 17 18 19 20 21 22 23 24 25 26 27 28 29 30 -1 -1 -1 -1 -1 -1 -1 -1 -1 -1 -1 -1 -1 -1 -1 -1 -1,True,31,True,True,0.7741935483870968,1.0,6,6,0.9056306,"[3.2919753728544165e-11, 0.336191862821579, 2.702217789807282e-12, 1.6019674475842294e-08, 5.36591882038806e-09, 1.4564139746653382e-05, 0.5718816518783569, 1.00550815300437e-14, 5.208661627009725e-12, 1.179102584679796e-20, 1.2063436484191124e-24, 1.126452013264223e-12, 3.200312490003156e-17, 5.106391993817995e-14, 8.786032945665666e-16, 5.312978945681834e-10, 9.554366208905997e-17, 2.412088608819314e-14, 4.6564266464210773e-17, 1.2063436484191124e-24, 1.3300782350511575e-11, 1.8516226418796577e-06, 3.5338837278686697e-07, 2.2625394613395855e-11, 9.029702081253896e-29, 1.3901521935694318e-16, 6.311281445028764e-21, 1.00550815300437e-14, 5.835165683976129e-10, 0.0919097438454628, 2.6715335499361004e-10, 0.0, 0.0, 0.0, 0.0, 0.0, 0.0, 0.0, 0.0, 0.0, 0.0, 0.0, 0.0, 0.0, 0.0, 0.0, 0.0, 0.0]",1.9942405,2.3299744,2.3449419,2.4478567,2.667255
train__c07__user23__2-3-2,7,Eat_food,12,0 1 2 3 4 5 6 7 8 9 10 11 -1 -1 -1 -1 -1 -1 -1 -1 -1 -1 -1 -1 -1 -1 -1 -1 -1 -1 -1 -1 -1 -1 -1 -1 -1 -1 -1 -1 -1 -1 -1 -1 -1 -1 -1 -1,True,12,True,True,1.0,1.0,11,11,0.69204974,"[5.111490729819816e-16, 1.8618604743817174e-17, 4.912738425934377e-20, 1.9819401332364478e-17, 2.5349716231414916e-30, 1.0886377751512154e-27, 8.286866269071851e-24, 1.9048753777777973e-21, 4.7831403041173815e-29, 6.498531400797068e-17, 0.4765796661376953, 0.5234203934669495, 0.0, 0.0, 0.0, 0.0, 0.0, 0.0, 0.0, 0.0, 0.0, 0.0, 0.0, 0.0, 0.0, 0.0, 0.0, 0.0, 0.0, 0.0, 0.0, 0.0, 0.0, 0.0, 0.0, 0.0, 0.0, 0.0, 0.0, 0.0, 0.0, 0.0, 0.0, 0.0, 0.0, 0.0, 0.0, 0.0]",1.9402347,2.3242915,2.345276,2.4292643,2.5350516
train__c07__user23__2-3-3,7,Eat_food,24,0 1 2 3 4 5 6 7 8 9 10 11 12 13 14 15 16 17 18 19 20 21 22 23 -1 -1 -1 -1 -1 -1 -1 -1 -1 -1 -1 -1 -1 -1 -1 -1 -1 -1 -1 -1 -1 -1 -1 -1,True,24,True,True,1.0,1.0,5,5,0.0004034965,"[1.788563173122781e-17, 1.521601752606535e-27, 5.093557774671353e-06, 3.1922688936703025e-09, 1.2878531379101332e-06, 0.999966025352478, 1.879464899684491e-12, 4.691004917845021e-08, 2.75355159828905e-05, 5.597659531393114e-28, 9.698033825556209e-23, 1.1389467033125665e-31, 2.333451905794714e-28, 1.2817155770150373e-38, 5.104405073106718e-31, 1.401298464324817e-44, 3.2631370530521455e-32, 4.2738661223015956e-30, 2.004940624268736e-37, 1.953775232116181e-27, 5.449994110869806e-37, 1.2208022855204557e-24, 7.827859033961882e-32, 5.363830759063906e-26, 0.0, 0.0, 0.0, 0.0, 0.0, 0.0, 0.0, 0.0, 0.0, 0.0, 0.0, 0.0, 0.0, 0.0, 0.0, 0.0, 0.0, 0.0, 0.0, 0.0, 0.0, 0.0, 0.0, 0.0]",5.367597,5.3492293,5.237842,5.2625365,5.388612
train__c07__user24__2-1-1,7,Eat_food,16,0 1 2 3 4 5 6 7 8 9 10 11 12 13 14 15 -1 -1 -1 -1 -1 -1 -1 -1 -1 -1 -1 -1 -1 -1 -1 -1 -1 -1 -1 -1 -1 -1 -1 -1 -1 -1 -1 -1 -1 -1 -1 -1,True,16,True,True,1.0,1.0,14,14,2.3082538,"[0.0011409856379032135, 0.0020024923142045736, 0.001442341017536819, 0.05761410668492317, 0.03440295532345772, 0.036053985357284546, 0.11821647733449936, 0.01870456151664257, 0.07397797703742981, 0.015029538422822952, 0.1667119562625885, 0.09063971787691116, 0.03778425604104996, 0.12388980388641357, 0.2042597532272339, 0.018129082396626472, 0.0, 0.0, 0.0, 0.0, 0.0, 0.0, 0.0, 0.0, 0.0, 0.0, 0.0, 0.0, 0.0, 0.0, 0.0, 0.0, 0.0, 0.0, 0.0, 0.0, 0.0, 0.0, 0.0, 0.0, 0.0, 0.0, 0.0, 0.0, 0.0, 0.0, 0.0, 0.0]",1.21709,1.418921,1.8651786,2.3026397,2.3950288
train__c07__user24__2-1-2,7,Eat_food,25,0 1 2 3 4 5 6 7 8 9 10 11 12 13 14 15 16 17 18 19 20 21 22 23 24 -1 -1 -1 -1 -1 -1 -1 -1 -1 -1 -1 -1 -1 -1 -1 -1 -1 -1 -1 -1 -1 -1 -1,True,25,True,True,0.96,1.0,5,5,1.5080671,"[0.0005021738470532, 1.540313860459719e-05, 0.00015315436758100986, 0.002471785992383957, 0.014448145404458046, 0.41569051146507263, 0.3905051052570343, 1.5164335309236776e-05, 0.011792232282459736, 8.653393557267464e-09, 0.023820964619517326, 0.002800900721922517, 0.0014992140932008624, 0.0045463102869689465, 0.0017255848506465554, 0.016371892765164375, 0.0007777820574119687, 1.9432068801283897e-12, 0.04313419759273529, 0.00785532034933567, 0.016891593113541603, 0.016118070110678673, 0.026992689818143845, 0.0018658022163435817, 5.938438789598877e-06, 0.0, 0.0, 0.0, 0.0, 0.0, 0.0, 0.0, 0.0, 0.0, 0.0, 0.0, 0.0, 0.0, 0.0, 0.0, 0.0, 0.0, 0.0, 0.0, 0.0, 0.0, 0.0, 0.0]",1.383191,1.6043212,2.0630338,2.5212493,2.6473958
train__c07__user24__2-1-3,7,Eat_food,17,0 1 2 3 4 5 6 7 8 9 10 11 12 13 14 15 16 -1 -1 -1 -1 -1 -1 -1 -1 -1 -1 -1 -1 -1 -1 -1 -1 -1 -1 -1 -1 -1 -1 -1 -1 -1 -1 -1 -1 -1 -1 -1,True,17,True,True,1.0,1.0,15,15,1.735335,"[5.324934164434305e-44, 0.0, 0.0, 2.4540819376639433e-10, 5.7662084145704284e-05, 0.0036236054729670286, 0.023628875613212585, 0.12974806129932404, 0.19175519049167633, 0.00011289687972748652, 0.017836013808846474, 0.02151433750987053, 0.02290189266204834, 0.1540796309709549, 0.046991631388664246, 0.387356162071228, 0.0003940488095395267, 0.0, 0.0, 0.0, 0.0, 0.0, 0.0, 0.0, 0.0, 0.0, 0.0, 0.0, 0.0, 0.0, 0.0, 0.0, 0.0, 0.0, 0.0, 0.0, 0.0, 0.0, 0.0, 0.0, 0.0, 0.0, 0.0, 0.0, 0.0, 0.0, 0.0, 0.0]",1.7284267,1.9670514,2.2484818,2.54251,2.6364245
train__c07__user4__1-2-2,7,Eat_food,34,0 1 2 3 4 5 6 7 8 9 10 11 12 13 14 15 16 17 18 19 20 21 22 23 24 25 26 27 28 29 30 31 32 33 -1 -1 -1 -1 -1 -1 -1 -1 -1 -1 -1 -1 -1 -1,True,34,True,True,0.7058823529411765,1.0,23,23,0.87573504,"[1.8682633565192397e-12, 6.585854778196065e-11, 2.865074442883614e-13, 5.028362166752121e-13, 3.2838433984853574e-15, 5.078466293328976e-12, 2.1842211199440964e-12, 1.3668505346661752e-12, 3.684370180314164e-16, 7.316223364986496e-13, 8.751146702592916e-17, 0.00020224880427122116, 1.0508336600878465e-07, 5.1213540075423225e-08, 1.9661730576991943e-10, 0.0006841989234089851, 0.4769293963909149, 0.023014361038804054, 0.001859845477156341, 0.006291775964200497, 4.080662023564496e-12, 5.013246777707536e-07, 2.6833976107809576e-07, 0.4844399094581604, 0.006291775964200497, 0.00022212686599232256, 4.239365443936549e-05, 6.7177543527918715e-09, 2.0661014787037857e-05, 1.0540019920214638e-13, 1.4819129035004153e-07, 4.0404024527138094e-13, 1.6792274948329577e-07, 3.306594820173814e-08, 0.0, 0.0, 0.0, 0.0, 0.0, 0.0, 0.0, 0.0, 0.0, 0.0, 0.0, 0.0, 0.0, 0.0]",2.1580508,2.5862718,2.67207,2.7785568,2.9996521
train__c07__user4__1-2-3,7,Eat_food,27,0 1 2 3 4 5 6 7 8 9 10 11 12 13 14 15 16 17 18 19 20 21 22 23 24 25 26 -1 -1 -1 -1 -1 -1 -1 -1 -1 -1 -1 -1 -1 -1 -1 -1 -1 -1 -1 -1 -1,True,27,True,True,0.8888888888888888,1.0,14,14,1.57538e-05,"[5.409306822215394e-22, 0.0, 1.5285388760123585e-36, 0.0, 5.701367236917476e-23, 1.0677028967620572e-06, 1.7335918928988346e-17, 1.3015376786270608e-27, 2.1394224808568867e-21, 7.460723218834975e-40, 0.0, 0.0, 3.4136447274453275e-18, 5.287156495704191e-18, 0.999998927116394, 4.694078081251624e-30, 3.468480662926103e-29, 9.307226295539021e-24, 0.0, 1.9183624056302297e-32, 8.345539807892283e-35, 3.516708002278615e-15, 0.0, 4.293351484340019e-39, 1.6712076055005467e-27, 5.679211114808168e-36, 1.3489307972534518e-36, 0.0, 0.0, 0.0, 0.0, 0.0, 0.0, 0.0, 0.0, 0.0, 0.0, 0.0, 0.0, 0.0, 0.0, 0.0, 0.0, 0.0, 0.0, 0.0, 0.0, 0.0]",6.440188,6.3999677,6.262263,6.244387,6.3119626
train__c07__user4__2-1-1,7,Eat_food,72,0 2 3 5 6 8 9 11 12 14 15 17 18 20 21 23 24 26 27 29 30 32 33 35 36 38 39 41 42 44 45 47 48 50 51 53 54 56 57 59 60 62 63 65 66 68 69 71,False,48,True,True,0.3333333333333333,1.0,29,44,1.195873,"[2.840521600485507e-13, 0.0, 8.53399319816698e-23, 0.0, 0.0, 0.0, 0.0, 0.0, 0.0, 3.6433760072445244e-44, 2.50229614540759e-38, 1.2298207865182492e-34, 6.880081187157344e-40, 9.443331533409705e-12, 1.967865540658531e-12, 3.499042265419068e-42, 3.1188699920477454e-41, 3.6580035333265426e-13, 2.8032754709972234e-36, 0.0, 2.1403274397370787e-38, 8.810150777816273e-19, 4.624465418601176e-06, 1.3641525615926258e-33, 2.676435315152048e-06, 6.30777762427726e-33, 1.7494722254126358e-15, 1.0515942640345812e-23, 7.481672630876631e-41, 0.5953982472419739, 0.0012623569928109646, 5.445698891826112e-10, 6.006132480251836e-08, 0.0, 1.211100596492118e-19, 3.855770955851767e-07, 0.08444543182849884, 0.011976907961070538, 0.20257407426834106, 4.991290120615918e-18, 2.0719488170692463e-20, 5.578170203079935e-06, 1.4103823104960611e-06, 0.08057839423418045, 0.023449650034308434, 0.00029983604326844215, 6.30103201603241e-14, 2.8878386615360796e-07]",4.058953,4.155092,4.1583967,4.2356877,4.27298
train__c07__user4__2-1-2,7,Eat_food,22,0 1 2 3 4 5 6 7 8 9 10 11 12 13 14 15 16 17 18 19 20 21 -1 -1 -1 -1 -1 -1 -1 -1 -1 -1 -1 -1 -1 -1 -1 -1 -1 -1 -1 -1 -1 -1 -1 -1 -1 -1,True,22,True,True,1.0,1.0,17,17,0.000108609696,"[0.0, 0.0, 0.0, 0.0, 0.0, 0.0, 8.405913046006707e-39, 0.0, 6.786683570680907e-07, 0.0, 0.0, 0.0, 0.0, 0.0, 0.0, 1.5704314054629688e-38, 5.862399324665923e-13, 0.999991774559021, 7.183252819231711e-06, 3.8368432342394954e-07, 2.6189427519152236e-40, 2.9295388391014214e-35, 0.0, 0.0, 0.0, 0.0, 0.0, 0.0, 0.0, 0.0, 0.0, 0.0, 0.0, 0.0, 0.0, 0.0, 0.0, 0.0, 0.0, 0.0, 0.0, 0.0, 0.0, 0.0, 0.0, 0.0, 0.0, 0.0]",4.33542,4.281651,4.194513,4.175938,4.1692
train__c07__user4__2-1-3,7,Eat_food,24,0 1 2 3 4 5 6 7 8 9 10 11 12 13 14 15 16 17 18 19 20 21 22 23 -1 -1 -1 -1 -1 -1 -1 -1 -1 -1 -1 -1 -1 -1 -1 -1 -1 -1 -1 -1 -1 -1 -1 -1,True,24,True,True,1.0,1.0,5,5,0.08104128,"[1.5820247334374926e-09, 4.577740408961972e-09, 6.185979941619735e-07, 0.00010902478970820084, 0.00042451624176464975, 0.9855452179908752, 0.013206313364207745, 0.0006999089382588863, 1.1090850193795632e-07, 1.430093925591791e-05, 4.999037983566268e-08, 2.6911148864883216e-09, 7.831590931317578e-10, 7.710173055563985e-10, 1.1394898358219052e-09, 1.2443590158284223e-08, 3.915548774102717e-09, 1.1323253532730115e-12, 1.6865935731358306e-12, 5.139278346463128e-32, 4.700515568731166e-41, 0.0, 0.0, 0.0, 0.0, 0.0, 0.0, 0.0, 0.0, 0.0, 0.0, 0.0, 0.0, 0.0, 0.0, 0.0, 0.0, 0.0, 0.0, 0.0, 0.0, 0.0, 0.0, 0.0, 0.0, 0.0, 0.0, 0.0]",1.6151017,1.9111251,2.1428025,2.5356328,2.852808
train__c07__user4__5-1-1,7,Eat_food,13,0 1 2 3 4 5 6 7 8 9 10 11 12 -1 -1 -1 -1 -1 -1 -1 -1 -1 -1 -1 -1 -1 -1 -1 -1 -1 -1 -1 -1 -1 -1 -1 -1 -1 -1 -1 -1 -1 -1 -1 -1 -1 -1 -1,True,13,True,True,1.0,1.0,9,9,0.002841495,"[1.0696715298344268e-31, 6.487885399342312e-32, 4.25994355150209e-24, 2.1063077892793896e-32, 5.0375813079726195e-26, 3.89972071562078e-14, 0.00015841596177779138, 7.655923006666399e-09, 0.00012337446969468147, 0.9997137188911438, 2.4054193090705667e-06, 1.759842461979133e-06, 2.698805587897368e-07, 0.0, 0.0, 0.0, 0.0, 0.0, 0.0, 0.0, 0.0, 0.0, 0.0, 0.0, 0.0, 0.0, 0.0, 0.0, 0.0, 0.0, 0.0, 0.0, 0.0, 0.0, 0.0, 0.0, 0.0, 0.0, 0.0, 0.0, 0.0, 0.0, 0.0, 0.0, 0.0, 0.0, 0.0, 0.0]",2.5428278,2.9079576,2.9120948,2.9316754,2.9677308
train__c07__user4__5-1-2,7,Eat_food,24,0 1 2 3 4 5 6 7 8 9 10 11 12 13 14 15 16 17 18 19 20 21 22 23 -1 -1 -1 -1 -1 -1 -1 -1 -1 -1 -1 -1 -1 -1 -1 -1 -1 -1 -1 -1 -1 -1 -1 -1,True,24,True,True,1.0,1.0,19,19,0.03351232,"[0.00027666750247590244, 1.774008891175516e-11, 1.7204981639146328e-33, 1.6211313648111657e-39, 1.7086592694898224e-40, 0.0, 0.0, 0.0, 0.0, 6.500851850278235e-25, 3.865547472889232e-27, 9.782271881420002e-09, 2.0102154316137266e-11, 0.004904048517346382, 1.1683256584404944e-09, 1.5196758714158647e-14, 3.2143139972166956e-33, 5.231449248775228e-28, 1.5797608887706436e-29, 0.9948193430900574, 9.0989288326071e-10, 1.7565066155050824e-12, 6.591242829312449e-11, 1.5348182794139298e-13, 0.0, 0.0, 0.0, 0.0, 0.0, 0.0, 0.0, 0.0, 0.0, 0.0, 0.0, 0.0, 0.0, 0.0, 0.0, 0.0, 0.0, 0.0, 0.0, 0.0, 0.0, 0.0, 0.0, 0.0]",5.5587254,5.545273,5.39317,5.3835473,5.406224
train__c07__user4__5-1-3,7,Eat_food,33,0 1 2 3 4 5 6 7 8 9 10 11 12 13 14 15 16 17 18 19 20 21 22 23 24 25 26 27 28 29 30 31 32 -1 -1 -1 -1 -1 -1 -1 -1 -1 -1 -1 -1 -1 -1 -1,True,33,True,True,0.7272727272727273,1.0,29,29,0.58973265,"[1.5163237067633702e-16, 8.165312823998201e-29, 1.0557108652487174e-21, 2.8610932779172355e-15, 1.1798716036508805e-35, 0.0, 0.0, 1.9859922422414168e-14, 7.18420233332462e-23, 1.004650570281913e-26, 6.215552415296004e-25, 4.4141264693535755e-28, 4.8552722109866636e-31, 0.256001353263855, 8.50316064315848e-06, 2.2215234096734093e-09, 1.2734303156637687e-21, 8.165312823998201e-29, 4.986824728250718e-22, 9.133687940443072e-24, 1.630201833747113e-15, 1.5117657126140216e-10, 5.689963304938549e-15, 8.444653938795288e-13, 1.1727888581698578e-23, 2.7856175426921584e-24, 9.560598245033001e-32, 1.369066631836516e-20, 3.128137905150652e-06, 0.7407643795013428, 0.0032225812319666147, 5.1885747646613465e-18, 1.7473634983389275e-08, 0.0, 0.0, 0.0, 0.0, 0.0, 0.0, 0.0, 0.0, 0.0, 0.0, 0.0, 0.0, 0.0, 0.0, 0.0]",6.461294,6.3590403,6.201548,6.2099404,6.292877
train__c07__user4__7-2-1,7,Eat_food,30,0 1 2 3 4 5 6 7 8 9 10 11 12 13 14 15 16 17 18 19 20 21 22 23 24 25 26 27 28 29 -1 -1 -1 -1 -1 -1 -1 -1 -1 -1 -1 -1 -1 -1 -1 -1 -1 -1,True,30,True,True,0.8,1.0,21,21,0.77008283,"[3.86210601531229e-15, 0.0001795487478375435, 2.5611254841351183e-06, 0.00011592538794502616, 2.7345237619408325e-12, 5.597492938452924e-28, 1.42507326204457e-21, 7.881856895899492e-25, 1.6037086239228836e-28, 7.780636617553946e-20, 2.242652056600122e-32, 8.473795538033927e-24, 2.5184095396113895e-14, 6.599398523925933e-24, 1.8243298209174186e-15, 0.03877173364162445, 4.0988323846136154e-09, 0.0010998694924637675, 3.9005887549851265e-14, 2.4204849483095533e-18, 3.288550033175852e-06, 0.7787510752677917, 0.09300855547189713, 1.5078760462472474e-09, 9.421853519597789e-07, 4.222581992507912e-06, 4.0988323846136154e-09, 0.08737345039844513, 6.205038516782224e-05, 0.0006266867276281118, 0.0, 0.0, 0.0, 0.0, 0.0, 0.0, 0.0, 0.0, 0.0, 0.0, 0.0, 0.0, 0.0, 0.0, 0.0, 0.0, 0.0, 0.0]",5.549885,5.488507,5.3224006,5.3514347,5.4501996
train__c07__user4__7-2-2,7,Eat_food,17,0 1 2 3 4 5 6 7 8 9 10 11 12 13 14 15 16 -1 -1 -1 -1 -1 -1 -1 -1 -1 -1 -1 -1 -1 -1 -1 -1 -1 -1 -1 -1 -1 -1 -1 -1 -1 -1 -1 -1 -1 -1 -1,True,17,True,True,1.0,1.0,1,1,0.062134683,"[6.229867424885349e-13, 0.989553689956665, 0.00131292047444731, 2.10436668091063e-09, 0.009113473817706108, 1.9935645468649454e-05, 1.8178955230041538e-08, 1.0597360662611965e-12, 9.223884786416966e-27, 1.451572120654197e-37, 0.0, 0.0, 2.396220373995437e-43, 6.590306677719615e-42, 0.0, 9.436985257440926e-31, 3.648117454776097e-26, 0.0, 0.0, 0.0, 0.0, 0.0, 0.0, 0.0, 0.0, 0.0, 0.0, 0.0, 0.0, 0.0, 0.0, 0.0, 0.0, 0.0, 0.0, 0.0, 0.0, 0.0, 0.0, 0.0, 0.0, 0.0, 0.0, 0.0, 0.0, 0.0, 0.0, 0.0]",2.9214976,2.9904568,2.9456522,3.0285711,3.1104078
train__c07__user4__7-2-3,7,Eat_food,21,0 1 2 3 4 5 6 7 8 9 10 11 12 13 14 15 16 17 18 19 20 -1 -1 -1 -1 -1 -1 -1 -1 -1 -1 -1 -1 -1 -1 -1 -1 -1 -1 -1 -1 -1 -1 -1 -1 -1 -1 -1,True,21,True,True,1.0,1.0,5,5,0.052518453,"[8.045810729047665e-22, 3.119699386635397e-23, 5.259073805063963e-05, 9.027149908610258e-23, 1.5748034820628476e-10, 0.9908218383789062, 8.077200241984883e-09, 0.00912515353411436, 5.335516100116178e-13, 2.7448489776302277e-17, 2.527918752677634e-19, 5.788262829550698e-30, 8.447266417465378e-36, 9.027149908610258e-23, 1.2338650411386195e-22, 2.3726634257713656e-38, 7.633652438816955e-21, 4.2641235676666754e-23, 1.313442426249184e-22, 4.139155943033769e-26, 4.015352601527411e-07, 0.0, 0.0, 0.0, 0.0, 0.0, 0.0, 0.0, 0.0, 0.0, 0.0, 0.0, 0.0, 0.0, 0.0, 0.0, 0.0, 0.0, 0.0, 0.0, 0.0, 0.0, 0.0, 0.0, 0.0, 0.0, 0.0, 0.0]",3.686398,3.6596892,3.556862,3.5779223,3.6654353
train__c08__user17__1-2-1,8,Take_and_use_tableware,22,0 1 2 3 4 5 6 7 8 9 10 11 12 13 14 15 16 17 18 19 20 21 -1 -1 -1 -1 -1 -1 -1 -1 -1 -1 -1 -1 -1 -1 -1 -1 -1 -1 -1 -1 -1 -1 -1 -1 -1 -1,True,22,True,True,1.0,1.0,2,2,0.5223345,"[0.0, 1.7746068579072016e-06, 0.78510981798172, 0.21463707089424133, 0.00025131419533863664, 6.034191896153729e-11, 1.853120764692784e-30, 1.401298464324817e-45, 5.161446354159686e-37, 0.0, 7.614280463608977e-23, 0.0, 0.0, 1.151674182694677e-37, 1.3648647042523718e-42, 0.0, 0.0, 0.0, 0.0, 0.0, 1.401298464324817e-45, 3.783505853677006e-44, 0.0, 0.0, 0.0, 0.0, 0.0, 0.0, 0.0, 0.0, 0.0, 0.0, 0.0, 0.0, 0.0, 0.0, 0.0, 0.0, 0.0, 0.0, 0.0, 0.0, 0.0, 0.0, 0.0, 0.0, 0.0, 0.0]",2.480877,2.7658527,2.7750783,2.9282992,3.10965
train__c08__user17__1-2-2,8,Take_and_use_tableware,8,0 1 2 3 4 5 6 7 -1 -1 -1 -1 -1 -1 -1 -1 -1 -1 -1 -1 -1 -1 -1 -1 -1 -1 -1 -1 -1 -1 -1 -1 -1 -1 -1 -1 -1 -1 -1 -1 -1 -1 -1 -1 -1 -1 -1 -1,True,8,True,True,1.0,1.0,7,7,1.499216e-08,"[0.0, 0.0, 0.0, 0.0, 5.0355459385587054e-11, 8.042726838196322e-34, 6.523820927917257e-10, 1.0, 0.0, 0.0, 0.0, 0.0, 0.0, 0.0, 0.0, 0.0, 0.0, 0.0, 0.0, 0.0, 0.0, 0.0, 0.0, 0.0, 0.0, 0.0, 0.0, 0.0, 0.0, 0.0, 0.0, 0.0, 0.0, 0.0, 0.0, 0.0, 0.0, 0.0, 0.0, 0.0, 0.0, 0.0, 0.0, 0.0, 0.0, 0.0, 0.0, 0.0]",1.4793116,1.9416115,2.1234844,2.2756727,2.4379702
train__c08__user17__1-2-3,8,Take_and_use_tableware,23,0 1 2 3 4 5 6 7 8 9 10 11 12 13 14 15 16 17 18 19 20 21 22 -1 -1 -1 -1 -1 -1 -1 -1 -1 -1 -1 -1 -1 -1 -1 -1 -1 -1 -1 -1 -1 -1 -1 -1 -1,True,23,True,True,1.0,1.0,4,4,0.32457498,"[0.0017351406859233975, 0.0018761344254016876, 0.08103153854608536, 9.157323006547813e-07, 0.9129796028137207, 1.6838076230277535e-21, 1.3680917293132366e-12, 0.0, 9.187790387905844e-24, 1.6367166063313863e-42, 0.0, 0.0, 4.042864116805779e-15, 0.0, 9.631476061144895e-09, 1.3464962020628476e-27, 0.00018288248975295573, 0.002193423453718424, 3.190499108729041e-18, 3.6425316807253694e-07, 0.0, 1.426879525618766e-18, 0.0, 0.0, 0.0, 0.0, 0.0, 0.0, 0.0, 0.0, 0.0, 0.0, 0.0, 0.0, 0.0, 0.0, 0.0, 0.0, 0.0, 0.0, 0.0, 0.0, 0.0, 0.0, 0.0, 0.0, 0.0, 0.0]",1.7130989,2.0670917,2.1896808,2.5119913,2.7336802
train__c08__user17__2-1-1,8,Take_and_use_tableware,36,0 1 2 3 4 5 6 7 8 9 10 11 12 13 14 15 16 17 18 19 20 21 22 23 24 25 26 27 28 29 30 31 32 33 34 35 -1 -1 -1 -1 -1 -1 -1 -1 -1 -1 -1 -1,True,36,True,True,0.6666666666666666,1.0,28,28,1.0981044,"[0.04016711190342903, 0.05776192247867584, 1.2328782759141177e-05, 9.350409300168394e-07, 9.384203636386701e-09, 4.099654837830258e-09, 8.224549098611775e-16, 1.464853571775393e-08, 1.8797862572084156e-12, 1.7685559835933936e-15, 6.208215755034883e-16, 1.1770428187674042e-08, 0.00046038071741349995, 0.24318678677082062, 0.05177745223045349, 1.2529556059348579e-08, 4.0592082473089874e-10, 3.4637418641496894e-26, 5.719347488999277e-29, 1.20609758824437e-41, 2.884539445984006e-35, 3.5790759862763246e-29, 1.358464014996705e-29, 1.6664139090216779e-21, 1.1130717023058912e-16, 1.087936815288848e-12, 1.1834444954547437e-24, 1.933915882545989e-05, 0.6066137552261353, 1.7484735989788114e-13, 7.227684162445417e-18, 6.584967730570537e-40, 1.0824154020463171e-33, 2.137820937173941e-40, 6.988598605676589e-34, 3.4772551049493117e-13, 0.0, 0.0, 0.0, 0.0, 0.0, 0.0, 0.0, 0.0, 0.0, 0.0, 0.0, 0.0]",1.6023712,1.9571421,2.0702875,2.3115964,2.6851764
train__c08__user17__2-1-2,8,Take_and_use_tableware,27,0 1 2 3 4 5 6 7 8 9 10 11 12 13 14 15 16 17 18 19 20 21 22 23 24 25 26 -1 -1 -1 -1 -1 -1 -1 -1 -1 -1 -1 -1 -1 -1 -1 -1 -1 -1 -1 -1 -1,True,27,True,True,0.8888888888888888,1.0,6,6,0.1767328,"[9.772112008477052e-10, 4.154471458059364e-19, 6.272313483359274e-20, 1.3741298763132232e-25, 1.1700599466482625e-16, 6.204794843070807e-14, 0.9572587609291077, 0.042721349745988846, 1.9897201127605513e-05, 6.480119218998937e-11, 4.723178514964843e-10, 3.286457591555539e-19, 1.74964190295035e-29, 3.344280326063454e-33, 0.0, 1.3398960319034008e-37, 2.0455387703404668e-29, 7.406147138832814e-19, 4.156953102053829e-15, 1.327039728105106e-10, 3.2677449566419994e-18, 1.643636461862123e-29, 3.3493183898142297e-36, 2.3878799571368606e-26, 5.053570087490975e-15, 9.10144615923203e-12, 3.961808936470135e-10, 0.0, 0.0, 0.0, 0.0, 0.0, 0.0, 0.0, 0.0, 0.0, 0.0, 0.0, 0.0, 0.0, 0.0, 0.0, 0.0, 0.0, 0.0, 0.0, 0.0, 0.0]",1.1367725,1.6365968,1.8242953,2.1067653,2.4104397
train__c08__user17__2-1-3,8,Take_and_use_tableware,25,0 1 2 3 4 5 6 7 8 9 10 11 12 13 14 15 16 17 18 19 20 21 22 23 24 -1 -1 -1 -1 -1 -1 -1 -1 -1 -1 -1 -1 -1 -1 -1 -1 -1 -1 -1 -1 -1 -1 -1,True,25,True,True,0.96,1.0,6,6,0.28620207,"[8.936060411055324e-26, 8.757881276268077e-17, 8.192746787521873e-19, 3.565291839535689e-09, 1.0928822950784234e-11, 0.03857146576046944, 0.9345009922981262, 0.026927221566438675, 3.4303822005199436e-09, 2.819457234790499e-21, 2.2593897690415173e-26, 3.688352673541873e-27, 3.8065223716132746e-12, 1.2803978710618225e-10, 4.2991050719365376e-08, 3.0549378493560653e-07, 1.6891340756663986e-12, 2.146211089136211e-17, 8.501216913603616e-20, 1.865820497457708e-39, 1.6815581571897805e-44, 0.0, 2.5001967200483386e-41, 9.233609914115895e-29, 3.3957993397052616e-18, 0.0, 0.0, 0.0, 0.0, 0.0, 0.0, 0.0, 0.0, 0.0, 0.0, 0.0, 0.0, 0.0, 0.0, 0.0, 0.0, 0.0, 0.0, 0.0, 0.0, 0.0, 0.0, 0.0]",1.2317312,1.7126703,1.8822718,2.191184,2.5975897
train__c08__user17__3-2-1,8,Take_and_use_tableware,46,0 1 2 3 4 5 6 7 8 9 10 11 12 13 14 15 16 17 18 19 20 21 22 23 24 25 26 27 28 29 30 31 32 33 34 35 36 37 38 39 40 41 42 43 44 45 -1 -1,True,46,True,True,0.5217391304347826,1.0,44,44,0.33668137,"[1.8458554129630045e-10, 7.189550961723312e-21, 2.8961094081984915e-15, 2.424882872081001e-14, 1.8254402220918564e-06, 1.1617214135117848e-11, 5.8503019831725785e-15, 1.5859898360936606e-19, 1.065419111001022e-15, 7.280818234824214e-15, 2.99705105438043e-21, 9.45613288633716e-17, 7.406614909469212e-18, 1.0066000578827196e-16, 5.892666662765844e-19, 1.99646644552083e-21, 1.188560972631089e-15, 5.304409498048577e-17, 1.3097218466907767e-32, 2.7453262813851583e-33, 2.63857864282836e-37, 1.2531237479815517e-27, 1.2531237479815517e-27, 9.648518288712934e-26, 2.9337860354662584e-20, 3.1636270666995837e-25, 9.841756078334063e-24, 1.6412682541430693e-25, 7.280818234824214e-15, 6.3447572182365865e-21, 1.6546140846340762e-10, 1.483186629069877e-10, 7.395475155663397e-15, 8.609906605616221e-17, 1.7418689206019816e-19, 4.6881769842021297e-20, 3.301541199791363e-27, 7.514272982267371e-26, 5.8118556594485375e-33, 4.6881769842021297e-20, 4.8224557078766286e-14, 1.274362716685573e-06, 0.09043331444263458, 0.0004839101748075336, 0.9044682383537292, 0.0046114325523376465, 0.0, 0.0]",2.0819607,2.5125046,2.637215,2.8029854,3.0919006
train__c08__user17__3-2-2,8,Take_and_use_tableware,29,0 1 2 3 4 5 6 7 8 9 10 11 12 13 14 15 16 17 18 19 20 21 22 23 24 25 26 27 28 -1 -1 -1 -1 -1 -1 -1 -1 -1 -1 -1 -1 -1 -1 -1 -1 -1 -1 -1,True,29,True,True,0.8275862068965517,1.0,7,7,0.43606788,"[3.6393609548213135e-07, 1.3469316663855092e-19, 4.2319331070543795e-17, 1.5066725604227955e-14, 1.7994638982013478e-15, 4.403142889360112e-13, 2.774506583591574e-06, 0.8436330556869507, 0.15605643391609192, 4.274101252670006e-16, 1.259624071714427e-10, 2.6442928657268924e-14, 8.756694913451823e-13, 1.1226906071470921e-09, 6.0966780429501306e-18, 2.8428827217666375e-13, 2.4595755204797004e-15, 5.3272178867459e-19, 1.1056287514459134e-20, 1.419655511760096e-20, 1.1733977911499924e-14, 1.2245505025874177e-16, 8.571848959804118e-12, 3.0517897098292224e-09, 0.00018852353969123214, 9.293432867707452e-07, 2.142692828721593e-10, 2.5050614360644374e-10, 0.00011797502520494163, 0.0, 0.0, 0.0, 0.0, 0.0, 0.0, 0.0, 0.0, 0.0, 0.0, 0.0, 0.0, 0.0, 0.0, 0.0, 0.0, 0.0, 0.0, 0.0]",2.5919676,3.0081954,3.0585766,3.1381686,3.3203037
train__c08__user17__3-2-3,8,Take_and_use_tableware,37,0 1 2 3 4 5 6 7 8 9 10 11 12 13 14 15 16 17 18 19 20 21 22 23 24 25 26 27 28 29 30 31 32 33 34 35 36 -1 -1 -1 -1 -1 -1 -1 -1 -1 -1 -1,True,37,True,True,0.6486486486486487,1.0,1,1,7.4062187e-09,"[9.84214803501581e-16, 1.0, 3.391130987129287e-10, 2.5528590472025797e-15, 1.1572529408346755e-16, 1.5202721781956552e-20, 3.43114735181517e-23, 1.2516779523723002e-27, 5.225630043925098e-31, 3.152501155191541e-41, 6.331837175974902e-40, 2.0968182434585646e-38, 6.981298833177425e-27, 6.844224789764422e-29, 6.127801057024949e-37, 9.067124705632663e-29, 2.4126725303481552e-27, 1.7330978837849138e-32, 4.2830063902153974e-29, 3.3456658481939897e-35, 0.0, 0.0, 0.0, 0.0, 1.6492752673764196e-37, 9.806945263623303e-40, 1.628094793782599e-32, 9.27660468734609e-33, 4.725252970781585e-38, 1.9063030056413127e-35, 7.713762689030429e-39, 1.518930463912564e-39, 8.889096744477464e-31, 8.530606584955496e-32, 8.312908176829443e-22, 6.091015930264894e-25, 4.2932486992580676e-13, 0.0, 0.0, 0.0, 0.0, 0.0, 0.0, 0.0, 0.0, 0.0, 0.0, 0.0]",3.3111525,3.7094607,3.7588294,3.8549364,4.059164
train__c08__user4__1-2-1,8,Take_and_use_tableware,62,0 1 3 4 5 6 8 9 10 12 13 14 16 17 18 19 21 22 23 25 26 27 29 30 31 32 34 35 36 38 39 40 42 43 44 45 47 48 49 51 52 53 55 56 57 58 60 61,False,48,True,True,0.3870967741935484,1.0,6,8,0.59615725,"[2.5458165353597906e-08, 1.9437548792744508e-10, 4.963551236691899e-10, 6.17723983076246e-10, 1.2373869290316364e-13, 1.432379300619121e-14, 0.7166603803634644, 1.0583931463453017e-13, 2.8443416025258905e-11, 1.0026650620886812e-09, 1.3435718683452169e-11, 4.37373017803111e-07, 3.910017275232658e-12, 2.26976726402841e-18, 2.684105283417535e-20, 1.5339683798910388e-26, 2.5581342634843316e-28, 2.8461115139857304e-33, 1.1864358155055429e-33, 1.3351571768086857e-40, 7.146622168056567e-41, 1.1782678007428792e-40, 2.1880884913821986e-28, 4.541232218356577e-30, 2.635368333670596e-25, 1.9922770272651609e-28, 7.307145989858952e-23, 1.0926696387529482e-35, 3.1836498278845705e-28, 3.8023270770907087e-29, 6.240731986065941e-20, 7.778416543347778e-23, 0.2833331823348999, 4.155931154770087e-09, 2.2025628543254072e-10, 3.41139588799777e-10, 1.6255434106175654e-17, 4.604375810067811e-16, 5.990762474539224e-06, 7.304873719804483e-12, 1.2553727972940549e-21, 1.0583931463453017e-13, 2.3995302309266896e-25, 1.1205870921721246e-23, 1.133457781853542e-25, 2.2218544400484704e-17, 1.5469227874360228e-22, 8.183513866555359e-10]",2.2913492,2.467755,2.430079,2.5929995,2.823973
train__c08__user4__1-2-2,8,Take_and_use_tableware,46,0 1 2 3 4 5 6 7 8 9 10 11 12 13 14 15 16 17 18 19 20 21 22 23 24 25 26 27 28 29 30 31 32 33 34 35 36 37 38 39 40 41 42 43 44 45 -1 -1,True,46,True,True,0.5217391304347826,1.0,36,36,0.9199716,"[4.662363262120366e-15, 3.468914542281709e-07, 3.981931971652752e-12, 6.019002103130333e-05, 7.611098192057057e-16, 5.8602211625014e-14, 4.228632452689863e-28, 6.046244505498316e-14, 2.695148015853018e-23, 3.296172002009712e-09, 1.781893743668661e-08, 6.343981112877373e-06, 1.2780647373755727e-10, 1.8595730510995168e-10, 4.74858596888339e-10, 2.736739003819655e-12, 1.2144205996725277e-12, 9.472165102446316e-16, 1.0387489479679601e-12, 4.4676038584746947e-13, 2.0454181425856588e-13, 1.030050231201904e-16, 3.903748865504743e-14, 1.1201277018234787e-17, 3.189954213667079e-06, 1.957027429000391e-08, 5.1052118088534826e-09, 2.8517476574618783e-11, 6.7531327658798546e-06, 0.41070544719696045, 0.0006572940619662404, 0.0036092547234147787, 0.03167020156979561, 2.7640086400215758e-11, 8.858183377924433e-07, 4.055571594108187e-07, 0.5356608629226685, 0.013202105648815632, 0.000380412646336481, 0.00015370060282293707, 7.985894256989923e-08, 0.00020362022041808814, 2.596545721489374e-11, 1.1024187642760808e-06, 0.0033905808813869953, 0.0002871505275834352, 0.0, 0.0]",2.6281526,3.0398648,3.1294463,3.2288775,3.421286
train__c08__user4__2-1-1,8,Take_and_use_tableware,19,0 1 2 3 4 5 6 7 8 9 10 11 12 13 14 15 16 17 18 -1 -1 -1 -1 -1 -1 -1 -1 -1 -1 -1 -1 -1 -1 -1 -1 -1 -1 -1 -1 -1 -1 -1 -1 -1 -1 -1 -1 -1,True,19,True,True,1.0,1.0,9,9,0.009383317,"[9.754471674838783e-10, 2.531628342694603e-05, 6.544932781502033e-14, 0.0001112652025767602, 1.1542005040610093e-07, 0.0006529155652970076, 5.544670342312419e-26, 1.945757076104006e-15, 3.923635700109488e-44, 0.9989456534385681, 2.2693371647619642e-05, 4.761110668043134e-13, 1.8616733155063514e-10, 0.0, 1.2390468792582513e-29, 0.0, 0.0, 5.406534016089482e-38, 0.0002420780947431922, 0.0, 0.0, 0.0, 0.0, 0.0, 0.0, 0.0, 0.0, 0.0, 0.0, 0.0, 0.0, 0.0, 0.0, 0.0, 0.0, 0.0, 0.0, 0.0, 0.0, 0.0, 0.0, 0.0, 0.0, 0.0, 0.0, 0.0, 0.0, 0.0]",1.8258376,2.2050097,2.2899015,2.5387905,2.7165205
train__c08__user4__2-1-2,8,Take_and_use_tableware,10,0 1 2 3 4 5 6 7 8 9 -1 -1 -1 -1 -1 -1 -1 -1 -1 -1 -1 -1 -1 -1 -1 -1 -1 -1 -1 -1 -1 -1 -1 -1 -1 -1 -1 -1 -1 -1 -1 -1 -1 -1 -1 -1 -1 -1,True,10,True,True,1.0,1.0,2,2,2.8030829e-07,"[3.3086215341773792e-18, 0.0, 1.0, 5.167770372868294e-14, 1.1513510631000479e-11, 4.906094994852858e-35, 0.0, 0.0, 3.670018067290777e-17, 1.5575929879219075e-08, 0.0, 0.0, 0.0, 0.0, 0.0, 0.0, 0.0, 0.0, 0.0, 0.0, 0.0, 0.0, 0.0, 0.0, 0.0, 0.0, 0.0, 0.0, 0.0, 0.0, 0.0, 0.0, 0.0, 0.0, 0.0, 0.0, 0.0, 0.0, 0.0, 0.0, 0.0, 0.0, 0.0, 0.0, 0.0, 0.0, 0.0, 0.0]",1.3859259,1.7065265,1.8586718,2.0669222,2.2447667
train__c08__user4__2-1-3,8,Take_and_use_tableware,9,0 1 2 3 4 5 6 7 8 -1 -1 -1 -1 -1 -1 -1 -1 -1 -1 -1 -1 -1 -1 -1 -1 -1 -1 -1 -1 -1 -1 -1 -1 -1 -1 -1 -1 -1 -1 -1 -1 -1 -1 -1 -1 -1 -1 -1,True,9,True,True,1.0,1.0,0,0,0.12039566,"[0.9740425944328308, 0.02595735713839531, 1.8334991643296833e-15, 1.6744532725483193e-21, 0.0, 0.0, 0.0, 3.4264925301324937e-26, 3.354162366770845e-25, 0.0, 0.0, 0.0, 0.0, 0.0, 0.0, 0.0, 0.0, 0.0, 0.0, 0.0, 0.0, 0.0, 0.0, 0.0, 0.0, 0.0, 0.0, 0.0, 0.0, 0.0, 0.0, 0.0, 0.0, 0.0, 0.0, 0.0, 0.0, 0.0, 0.0, 0.0, 0.0, 0.0, 0.0, 0.0, 0.0, 0.0, 0.0, 0.0]",1.2658064,1.6222641,1.7966449,2.0281289,2.2354138
train__c09__user17__1-2-1,9,Pour_drinks,27,0 1 2 3 4 5 6 7 8 9 10 11 12 13 14 15 16 17 18 19 20 21 22 23 24 25 26 -1 -1 -1 -1 -1 -1 -1 -1 -1 -1 -1 -1 -1 -1 -1 -1 -1 -1 -1 -1 -1,True,27,True,True,0.8888888888888888,1.0,8,8,0.015764136,"[0.0, 7.693128569143246e-43, 7.991223540446627e-36, 5.323302649447873e-36, 1.889529868438317e-27, 1.005946653364665e-37, 6.044636347013466e-09, 3.1701575158420337e-41, 0.9977830052375793, 0.002217013156041503, 5.92595278403607e-11, 2.253327188095619e-25, 0.0, 0.0, 0.0, 0.0, 3.4051552683093055e-43, 8.352159236915207e-41, 7.243308505787686e-27, 1.3025692390725116e-33, 3.3694989486248676e-38, 1.2605944054093891e-30, 1.691741996248888e-35, 0.0, 4.203895392974451e-45, 0.0, 3.2983718411726686e-37, 0.0, 0.0, 0.0, 0.0, 0.0, 0.0, 0.0, 0.0, 0.0, 0.0, 0.0, 0.0, 0.0, 0.0, 0.0, 0.0, 0.0, 0.0, 0.0, 0.0, 0.0]",2.5227616,2.8979514,2.9738305,3.1053138,3.3047383
train__c09__user17__1-2-2,9,Pour_drinks,14,0 1 2 3 4 5 6 7 8 9 10 11 12 13 -1 -1 -1 -1 -1 -1 -1 -1 -1 -1 -1 -1 -1 -1 -1 -1 -1 -1 -1 -1 -1 -1 -1 -1 -1 -1 -1 -1 -1 -1 -1 -1 -1 -1,True,14,True,True,1.0,1.0,6,6,3.507998e-20,"[0.0, 0.0, 0.0, 0.0, 3.1271471802137695e-23, 1.4986308124466645e-31, 1.0, 2.0656844730227123e-27, 6.3627560018443426e-27, 4.505082866660425e-24, 2.0894102507673928e-29, 1.2107028227838823e-21, 2.9087001570749457e-24, 2.0190382109543404e-23, 0.0, 0.0, 0.0, 0.0, 0.0, 0.0, 0.0, 0.0, 0.0, 0.0, 0.0, 0.0, 0.0, 0.0, 0.0, 0.0, 0.0, 0.0, 0.0, 0.0, 0.0, 0.0, 0.0, 0.0, 0.0, 0.0, 0.0, 0.0, 0.0, 0.0, 0.0, 0.0, 0.0, 0.0]",2.2720594,2.7051995,2.7783308,2.8254032,2.8704605
train__c09__user17__1-2-3,9,Pour_drinks,25,0 1 2 3 4 5 6 7 8 9 10 11 12 13 14 15 16 17 18 19 20 21 22 23 24 -1 -1 -1 -1 -1 -1 -1 -1 -1 -1 -1 -1 -1 -1 -1 -1 -1 -1 -1 -1 -1 -1 -1,True,25,True,True,0.96,1.0,8,8,0.23858994,"[1.4235821765851142e-07, 7.027194716966237e-14, 1.3478541487474825e-33, 1.696697956196239e-35, 0.0, 4.116915339943407e-37, 3.233333863154985e-33, 0.02428141050040722, 0.9548802971839905, 0.0016783915925770998, 0.012020168825984001, 0.0005984489107504487, 0.005858161952346563, 0.00036869372706860304, 0.00014896572974976152, 5.068303653388284e-05, 1.919670694405795e-06, 0.0001072959930752404, 4.940498456562636e-06, 5.248088541520701e-07, 8.673541941012171e-17, 1.1123756220729302e-24, 0.0, 1.3732724950383207e-43, 3.6693665288544565e-36, 0.0, 0.0, 0.0, 0.0, 0.0, 0.0, 0.0, 0.0, 0.0, 0.0, 0.0, 0.0, 0.0, 0.0, 0.0, 0.0, 0.0, 0.0, 0.0, 0.0, 0.0, 0.0, 0.0]",1.2902033,1.7303337,1.9680774,2.2647018,2.5356019
train__c09__user17__2-1-1,9,Pour_drinks,29,0 1 2 3 4 5 6 7 8 9 10 11 12 13 14 15 16 17 18 19 20 21 22 23 24 25 26 27 28 -1 -1 -1 -1 -1 -1 -1 -1 -1 -1 -1 -1 -1 -1 -1 -1 -1 -1 -1,True,29,True,True,0.8275862068965517,1.0,15,15,0.27136433,"[0.0, 1.2872820950347212e-37, 4.100756772460871e-21, 0.00011573480878723785, 0.01924212835729122, 0.004529168363660574, 4.786999124917202e-05, 0.0021248525008559227, 0.00012271876039449126, 5.26698249814217e-06, 1.8028003978542984e-05, 0.0001908144331537187, 0.02130364626646042, 6.3284251154982485e-06, 8.717774107935838e-06, 0.9488633871078491, 8.157662705343682e-06, 0.0026315406430512667, 0.0007816895376890898, 7.615231112367837e-09, 4.1528128050076496e-15, 1.7264831350262965e-20, 3.941304882512956e-25, 8.895248337752605e-28, 5.20890665158821e-41, 5.044674471569341e-44, 0.0, 2.802596928649634e-45, 2.3977298835163216e-31, 0.0, 0.0, 0.0, 0.0, 0.0, 0.0, 0.0, 0.0, 0.0, 0.0, 0.0, 0.0, 0.0, 0.0, 0.0, 0.0, 0.0, 0.0, 0.0]",1.9216491,2.346289,2.4631658,2.673506,2.9735787
train__c09__user17__2-1-2,9,Pour_drinks,20,0 1 2 3 4 5 6 7 8 9 10 11 12 13 14 15 16 17 18 19 -1 -1 -1 -1 -1 -1 -1 -1 -1 -1 -1 -1 -1 -1 -1 -1 -1 -1 -1 -1 -1 -1 -1 -1 -1 -1 -1 -1,True,20,True,True,1.0,1.0,15,15,0.81321055,"[1.0404312367163701e-14, 1.0476395573277841e-07, 0.0016109502175822854, 9.960646821127739e-06, 1.100227677852672e-06, 2.7759684328998446e-08, 1.5353447679888887e-11, 6.651254220513877e-16, 5.043353427868025e-25, 2.2636791231764588e-27, 1.3709256712276352e-24, 2.6913978175577276e-19, 1.1344748751529465e-10, 0.00017246675270143896, 0.007836994715034962, 0.7583318948745728, 0.0947311669588089, 0.0130733298137784, 0.0030690112616866827, 0.12116299569606781, 0.0, 0.0, 0.0, 0.0, 0.0, 0.0, 0.0, 0.0, 0.0, 0.0, 0.0, 0.0, 0.0, 0.0, 0.0, 0.0, 0.0, 0.0, 0.0, 0.0, 0.0, 0.0, 0.0, 0.0, 0.0, 0.0, 0.0, 0.0]",0.91460264,1.4770364,1.707647,1.9967713,2.1708434
train__c09__user17__2-1-3,9,Pour_drinks,13,0 1 2 3 4 5 6 7 8 9 10 11 12 -1 -1 -1 -1 -1 -1 -1 -1 -1 -1 -1 -1 -1 -1 -1 -1 -1 -1 -1 -1 -1 -1 -1 -1 -1 -1 -1 -1 -1 -1 -1 -1 -1 -1 -1,True,13,True,True,1.0,1.0,12,12,0.2576786,"[0.0, 0.0, 1.975830834697992e-43, 2.3798618991860825e-31, 8.91415991382768e-16, 3.4335951859532088e-09, 0.00010791257227538154, 0.06815661489963531, 7.803071639500558e-05, 6.443753954954445e-05, 2.4590441682903474e-08, 0.0007728394703008235, 0.9308201670646667, 0.0, 0.0, 0.0, 0.0, 0.0, 0.0, 0.0, 0.0, 0.0, 0.0, 0.0, 0.0, 0.0, 0.0, 0.0, 0.0, 0.0, 0.0, 0.0, 0.0, 0.0, 0.0, 0.0, 0.0, 0.0, 0.0, 0.0, 0.0, 0.0, 0.0, 0.0, 0.0, 0.0, 0.0, 0.0]",1.1896687,1.746893,1.931584,2.1513877,2.3465445
train__c09__user17__5-2-1,9,Pour_drinks,18,0 1 2 3 4 5 6 7 8 9 10 11 12 13 14 15 16 17 -1 -1 -1 -1 -1 -1 -1 -1 -1 -1 -1 -1 -1 -1 -1 -1 -1 -1 -1 -1 -1 -1 -1 -1 -1 -1 -1 -1 -1 -1,True,18,True,True,1.0,1.0,1,1,0.09725565,"[0.0022902144119143486, 0.9835273623466492, 0.0008166010957211256, 2.7559354829248805e-19, 1.2061678657165374e-33, 3.185428202060877e-17, 1.401298464324817e-45, 2.8562879596574057e-28, 4.6028811085242946e-24, 7.943572934615302e-32, 1.0782869770013071e-38, 6.65107210955143e-31, 2.8281077527111316e-29, 2.9310881505568196e-38, 9.393645353779604e-34, 2.656761376677645e-29, 0.0009850090136751533, 0.012380782514810562, 0.0, 0.0, 0.0, 0.0, 0.0, 0.0, 0.0, 0.0, 0.0, 0.0, 0.0, 0.0, 0.0, 0.0, 0.0, 0.0, 0.0, 0.0, 0.0, 0.0, 0.0, 0.0, 0.0, 0.0, 0.0, 0.0, 0.0, 0.0, 0.0, 0.0]",3.8197815,3.858686,3.7689931,3.7975538,3.83207
train__c09__user17__5-2-2,9,Pour_drinks,23,0 1 2 3 4 5 6 7 8 9 10 11 12 13 14 15 16 17 18 19 20 21 22 -1 -1 -1 -1 -1 -1 -1 -1 -1 -1 -1 -1 -1 -1 -1 -1 -1 -1 -1 -1 -1 -1 -1 -1 -1,True,23,True,True,1.0,1.0,20,20,0.11730179,"[3.6116750877376696e-20, 3.4369935013761497e-25, 3.5514372063856664e-28, 2.2929801732021176e-28, 1.1031579993321716e-23, 1.5146626746009192e-32, 7.204329532606035e-26, 2.5062197650527196e-08, 5.705903859509667e-18, 3.3162388088278085e-16, 2.1670660361244e-40, 4.9291490869965456e-17, 5.500573884379039e-28, 7.388398703608856e-14, 6.747497079763164e-20, 2.3143880753195845e-05, 1.4361781763838621e-09, 1.648574634823593e-14, 3.672933918813515e-12, 6.605062523642185e-19, 0.9749757051467896, 1.4258529517974239e-05, 0.024986859411001205, 0.0, 0.0, 0.0, 0.0, 0.0, 0.0, 0.0, 0.0, 0.0, 0.0, 0.0, 0.0, 0.0, 0.0, 0.0, 0.0, 0.0, 0.0, 0.0, 0.0, 0.0, 0.0, 0.0, 0.0, 0.0]",1.7196192,2.1193106,2.1913867,2.326418,2.4969006
train__c09__user17__5-2-3,9,Pour_drinks,14,0 1 2 3 4 5 6 7 8 9 10 11 12 13 -1 -1 -1 -1 -1 -1 -1 -1 -1 -1 -1 -1 -1 -1 -1 -1 -1 -1 -1 -1 -1 -1 -1 -1 -1 -1 -1 -1 -1 -1 -1 -1 -1 -1,True,14,True,True,1.0,1.0,13,13,0.08751611,"[0.0, 0.0, 5.273346771418297e-23, 4.31561508187749e-18, 5.182170248474449e-09, 2.232181453565296e-12, 1.670828339694067e-16, 1.8990051671703474e-22, 1.2737744988281213e-15, 1.8142087089339717e-14, 2.439068680359924e-07, 2.8964657872165844e-07, 0.01734234020113945, 0.9826571345329285, 0.0, 0.0, 0.0, 0.0, 0.0, 0.0, 0.0, 0.0, 0.0, 0.0, 0.0, 0.0, 0.0, 0.0, 0.0, 0.0, 0.0, 0.0, 0.0, 0.0, 0.0, 0.0, 0.0, 0.0, 0.0, 0.0, 0.0, 0.0, 0.0, 0.0, 0.0, 0.0, 0.0, 0.0]",1.3107593,1.8273743,1.9857905,2.144294,2.3056004
train__c09__user23__5-3-3,9,Pour_drinks,30,0 1 2 3 4 5 6 7 8 9 10 11 12 13 14 15 16 17 18 19 20 21 22 23 24 25 26 27 28 29 -1 -1 -1 -1 -1 -1 -1 -1 -1 -1 -1 -1 -1 -1 -1 -1 -1 -1,True,30,True,True,0.8,1.0,4,4,0.04548146,"[1.3361671739003219e-22, 8.660601680254842e-10, 4.196807346090736e-09, 0.0075765918008983135, 0.9923377633094788, 6.157886673463508e-05, 7.149764287561755e-12, 4.7356514543128725e-11, 4.5119932678971963e-08, 2.4114631742122583e-05, 1.1231239049891428e-08, 6.080697056987105e-11, 1.6390626242325165e-14, 6.260698858134989e-38, 0.0, 0.0, 0.0, 0.0, 0.0, 0.0, 0.0, 0.0, 0.0, 0.0, 0.0, 0.0, 0.0, 0.0, 0.0, 6.405335280428739e-42, 0.0, 0.0, 0.0, 0.0, 0.0, 0.0, 0.0, 0.0, 0.0, 0.0, 0.0, 0.0, 0.0, 0.0, 0.0, 0.0, 0.0, 0.0]",3.9885366,4.232767,4.161904,4.2710924,4.404551
train__c09__user4__1-2-1,9,Pour_drinks,69,0 1 3 4 6 7 9 10 12 13 14 16 17 19 20 22 23 25 26 27 29 30 32 33 35 36 38 39 41 42 43 45 46 48 49 51 52 54 55 56 58 59 61 62 64 65 67 68,False,48,True,True,0.3478260869565217,1.0,15,22,0.7519826,"[3.980208930443041e-05, 0.001959419809281826, 3.887427283189027e-06, 0.00028505135560408235, 4.566796159982678e-13, 1.3254304763800828e-18, 7.028913097053282e-42, 0.0, 0.0, 4.203895392974451e-45, 1.2188432706894346e-17, 0.009911960922181606, 5.123181836097501e-05, 3.971849764639046e-06, 4.439159602043219e-05, 0.7085874080657959, 1.4370061672715206e-13, 7.456712864950532e-06, 1.3422561673248623e-12, 1.55470225582377e-09, 8.014976486322989e-13, 9.1919603872892e-11, 1.7172842314838732e-10, 5.68686431279275e-09, 2.603636195530612e-09, 5.993910923152157e-10, 5.595738002739381e-06, 3.6300224337537657e-07, 1.4205736988515127e-05, 7.11794512220365e-10, 9.731983396932264e-08, 3.0770830795770563e-15, 3.63332038337983e-14, 2.2417959448197762e-17, 1.1191415361707507e-13, 1.3856910285880986e-08, 4.979584744546628e-09, 9.543749257545642e-08, 5.390062142396346e-05, 0.014821604825556278, 0.004164327401667833, 0.0001688873308012262, 0.0002191977109760046, 8.588444444512788e-08, 4.5970629969360743e-08, 1.7553641384893126e-07, 0.258646160364151, 0.0010105948895215988]",1.54149,1.9525731,2.131965,2.4242554,2.6850133
train__c09__user4__1-2-2,9,Pour_drinks,59,0 1 2 4 5 6 7 9 10 11 12 14 15 16 17 19 20 21 22 23 25 26 27 28 30 31 32 33 35 36 37 38 39 41 42 43 44 46 47 48 49 51 52 53 54 56 57 58,False,48,True,True,0.4067796610169492,1.0,1,1,0.001362687,"[2.0397958451212617e-06, 0.9998782873153687, 3.3597723358980147e-06, 4.592950062942691e-05, 5.369702557800338e-05, 7.611311025890188e-10, 1.97819133518351e-07, 1.8945286228699842e-07, 1.6249223335762508e-05, 2.97618615044299e-20, 3.1691191340824176e-31, 0.0, 3.515278052235728e-30, 0.0, 0.0, 0.0, 0.0, 0.0, 0.0, 0.0, 0.0, 0.0, 0.0, 0.0, 0.0, 0.0, 0.0, 0.0, 4.0637655465419695e-44, 0.0, 0.0, 0.0, 0.0, 0.0, 0.0, 0.0, 1.401298464324817e-45, 7.006492321624085e-45, 0.0, 1.0769511191752663e-39, 0.0, 0.0, 0.0, 0.0, 1.0453686543863135e-42, 4.624944103069515e-37, 1.0141217144286822e-23, 5.2850068055916655e-33]",5.9756866,6.332864,6.3533306,6.415776,6.5810804
train__c09__user4__1-2-3,9,Pour_drinks,51,0 1 2 3 4 5 6 7 9 10 11 12 13 14 15 16 17 18 19 20 21 22 23 24 26 27 28 29 30 31 32 33 34 35 36 37 38 39 40 41 43 44 45 46 47 48 49 50,False,48,True,True,0.4705882352941176,1.0,16,17,0.6067021,"[5.666489499844829e-10, 6.874231045506107e-11, 1.5357003795252004e-16, 1.3548294191423338e-05, 1.2796506076995229e-08, 1.8588025341159664e-06, 7.394909516733605e-06, 4.8220870667137206e-05, 6.346166370185813e-10, 1.8880743937188527e-06, 5.847235584610644e-09, 1.0068236406368669e-05, 6.844833251307136e-07, 7.75884245740599e-08, 0.0006084702908992767, 0.00037340621929615736, 0.7561144828796387, 0.23423334956169128, 0.004093674011528492, 0.0044610328041017056, 2.581077023933176e-05, 6.000288067298243e-06, 1.4003773567262089e-19, 4.945475180590233e-32, 0.0, 0.0, 0.0, 0.0, 8.048998186862754e-27, 3.422520615474706e-25, 7.602267608884135e-17, 1.96360435147023e-18, 1.3515972679628959e-21, 8.4580792831002625e-22, 3.3211850841930796e-17, 1.7981203041828845e-19, 1.4448301720917793e-19, 1.0782309210796066e-17, 7.867239125832043e-23, 1.3250592866027772e-23, 1.4147709843332963e-29, 1.4353354435038811e-37, 2.802596928649634e-45, 0.0, 0.0, 0.0, 5.212492028457377e-33, 2.9860669803796817e-23]",3.1706367,3.5254586,3.6082966,3.8037927,4.093423
train__c09__user4__6-1-1,9,Pour_drinks,69,0 1 3 4 6 7 9 10 12 13 14 16 17 19 20 22 23 25 26 27 29 30 32 33 35 36 38 39 41 42 43 45 46 48 49 51 52 54 55 56 58 59 61 62 64 65 67 68,False,48,True,True,0.3478260869565217,1.0,38,55,0.61831725,"[2.802596928649634e-45, 0.0, 0.3090237081050873, 5.21751510831425e-38, 2.596032402550915e-17, 8.35005728921872e-41, 5.554015634785197e-38, 0.0, 7.216687091272808e-43, 7.707141553786494e-44, 2.942726775082116e-44, 8.576369167780183e-32, 1.5134023414708024e-43, 0.0, 0.0, 0.0, 0.0, 0.0, 1.5912521783055998e-38, 2.2118748697162854e-30, 3.238400751054652e-42, 1.0903631397574174e-32, 4.853044103975994e-39, 1.9194163802122786e-38, 1.0141955873963456e-33, 1.6071076181957115e-37, 4.531646136781101e-27, 2.186758396014356e-28, 1.451044559808348e-41, 2.7296703037533882e-34, 1.401298464324817e-44, 1.3112752574630805e-26, 2.0841290991057272e-36, 1.9478048654114957e-43, 4.240539347816545e-40, 5.269503281340701e-37, 5.60935739529647e-37, 1.4501317535833906e-19, 0.6909762620925903, 1.6231211862097315e-36, 2.282087429409545e-30, 0.0, 0.0, 0.0, 4.711165437060035e-42, 5.049382475677066e-35, 2.7027396019022424e-35, 6.31807820195725e-25]",4.9157166,5.2398787,5.2374163,5.2673125,5.3323154
train__c09__user4__6-1-2,9,Pour_drinks,68,0 1 3 4 6 7 9 10 11 13 14 16 17 19 20 21 23 24 26 27 29 30 31 33 34 36 37 38 40 41 43 44 46 47 48 50 51 53 54 56 57 58 60 61 63 64 66 67,False,48,True,True,0.3529411764705882,1.0,46,66,0.060488977,"[1.5322899199476936e-11, 0.0, 0.0, 3.6681439576014655e-38, 0.0, 0.0, 0.0, 0.0, 1.401298464324817e-44, 1.401298464324817e-45, 7.429883960421076e-33, 0.0, 3.469776499686585e-31, 1.4993893568275543e-43, 1.6142958309021893e-42, 0.0, 0.0, 0.0, 0.0, 0.0, 0.0, 0.0, 0.0, 4.203895392974451e-45, 0.0, 5.605193857299268e-45, 4.344025239406933e-43, 0.0, 1.1448608453533755e-42, 0.0, 2.069424960428711e-39, 4.324711215764872e-34, 5.852860415112947e-35, 1.877739942195255e-43, 6.718441409297476e-40, 0.0, 4.0286680646851044e-38, 0.0, 0.0, 0.0, 7.006492321624085e-45, 0.0, 0.0, 3.363116314379561e-44, 3.378250337794269e-40, 2.131904363587481e-36, 0.9890130758285522, 0.01098694372922182]",4.2857165,4.6384845,4.6653557,4.6973333,4.804314
train__c09__user4__6-1-3,9,Pour_drinks,43,0 1 2 3 4 5 6 7 8 9 10 11 12 13 14 15 16 17 18 19 20 21 22 23 24 25 26 27 28 29 30 31 32 33 34 35 36 37 38 39 40 41 42 -1 -1 -1 -1 -1,True,43,True,True,0.5581395348837209,1.0,39,39,0.7179862,"[5.081834270160045e-34, 0.3329640030860901, 2.6730789012287178e-20, 8.678216762583772e-21, 8.77789131957704e-23, 3.7425441384337935e-16, 1.925897413457278e-05, 6.560529769403883e-24, 0.0, 0.0, 0.0, 0.0, 0.0, 0.0, 0.0, 8.052742112484766e-38, 6.966989717914769e-40, 5.605193857299268e-45, 0.0, 0.0, 0.0, 0.0, 0.0, 0.0, 0.0, 0.0, 9.372190203264278e-29, 4.229425362978348e-21, 2.2227419414645526e-26, 1.0920865774199928e-11, 1.1417664785970817e-27, 9.146772776277972e-22, 5.789647398643311e-24, 4.8959151353556005e-22, 2.757931637764033e-20, 1.4166799839614102e-21, 2.2127269982973152e-17, 9.056532137430482e-23, 3.653665812934673e-20, 0.6493703126907349, 0.01764644682407379, 1.1193485276552617e-29, 1.3308475755829417e-21, 0.0, 0.0, 0.0, 0.0, 0.0]",4.6686354,4.999067,4.9996,5.070137,5.189967
train__c10__user17__2-1-1,10,Stir_drinks,33,0 1 2 3 4 5 6 7 8 9 10 11 12 13 14 15 16 17 18 19 20 21 22 23 24 25 26 27 28 29 30 31 32 -1 -1 -1 -1 -1 -1 -1 -1 -1 -1 -1 -1 -1 -1 -1,True,33,True,True,0.7272727272727273,1.0,0,0,0.45703006,"[0.8522216081619263, 0.002205193741247058, 0.004103782586753368, 0.14021249115467072, 0.0007650773040950298, 0.0004901268985122442, 1.4165365061491464e-11, 2.673639792691927e-21, 1.2156591383299972e-28, 1.864273704630109e-29, 2.191356022029941e-19, 9.23985179977132e-22, 3.738861234039318e-25, 3.5123351412434798e-25, 5.075255046645592e-32, 7.37105193339372e-18, 1.1273400570651786e-23, 3.228879023962211e-13, 1.0160118189481149e-13, 1.7850206859293394e-06, 5.2221144075659254e-11, 1.3945751671518014e-11, 1.0059879971689896e-14, 1.837563959328078e-21, 8.342527628942857e-26, 5.333199305521614e-27, 2.2453606790290185e-26, 1.9952525660498443e-19, 1.1613761203086559e-20, 4.8969424215808155e-23, 4.4453136104852936e-17, 2.667991161331429e-09, 3.192214201308552e-11, 0.0, 0.0, 0.0, 0.0, 0.0, 0.0, 0.0, 0.0, 0.0, 0.0, 0.0, 0.0, 0.0, 0.0, 0.0]",1.240127,1.7442636,1.9367381,2.2243617,2.5693412
train__c10__user17__2-1-2,10,Stir_drinks,28,0 1 2 3 4 5 6 7 8 9 10 11 12 13 14 15 16 17 18 19 20 21 22 23 24 25 26 27 -1 -1 -1 -1 -1 -1 -1 -1 -1 -1 -1 -1 -1 -1 -1 -1 -1 -1 -1 -1,True,28,True,True,0.8571428571428571,1.0,2,2,0.9123231,"[0.21439938247203827, 0.04859232157468796, 0.6760574579238892, 0.06094842776656151, 2.390013378317235e-06, 1.5657719803878478e-13, 1.0039824713299246e-20, 3.421024294248921e-24, 1.8366632795439836e-30, 2.0002875385051786e-34, 1.9610130338999374e-36, 1.0188925212013604e-39, 1.253633555789968e-37, 1.253633555789968e-37, 9.144208758612976e-32, 1.4780237095472385e-33, 7.990120159919163e-33, 9.733959564145097e-32, 1.7951885752984972e-26, 9.116721268004998e-26, 1.720198964610122e-24, 2.7837653025499794e-18, 9.827894416455911e-20, 5.0756711333921345e-11, 1.2475970613985129e-17, 3.3008306442425424e-15, 2.6940596512681084e-15, 1.5121331270462335e-11, 0.0, 0.0, 0.0, 0.0, 0.0, 0.0, 0.0, 0.0, 0.0, 0.0, 0.0, 0.0, 0.0, 0.0, 0.0, 0.0, 0.0, 0.0, 0.0, 0.0]",1.4916412,1.9988917,2.1461585,2.4234128,2.6868668
train__c10__user17__2-1-3,10,Stir_drinks,22,0 1 2 3 4 5 6 7 8 9 10 11 12 13 14 15 16 17 18 19 20 21 -1 -1 -1 -1 -1 -1 -1 -1 -1 -1 -1 -1 -1 -1 -1 -1 -1 -1 -1 -1 -1 -1 -1 -1 -1 -1,True,22,True,True,1.0,1.0,0,0,7.306228e-14,"[1.0, 2.2685268760037312e-21, 1.3335982136525898e-21, 1.3747158324565753e-40, 1.632008509359608e-29, 3.8002495154280315e-32, 2.0955404255950666e-29, 3.9813887131764305e-21, 5.944590600752429e-31, 2.7093691584902356e-22, 9.733536842271183e-38, 1.165285134353305e-22, 7.314154705460446e-29, 1.1328384933021344e-28, 8.479502702737467e-33, 2.4780739819995443e-31, 1.0996386424188096e-31, 6.142531036542478e-34, 6.8237353794808e-36, 3.0793742029056124e-28, 7.685888365647328e-24, 2.6442041390256675e-15, 0.0, 0.0, 0.0, 0.0, 0.0, 0.0, 0.0, 0.0, 0.0, 0.0, 0.0, 0.0, 0.0, 0.0, 0.0, 0.0, 0.0, 0.0, 0.0, 0.0, 0.0, 0.0, 0.0, 0.0, 0.0, 0.0]",2.5740767,2.9954493,3.0673406,3.16808,3.293617
train__c10__user17__2-2-1,10,Stir_drinks,27,0 1 2 3 4 5 6 7 8 9 10 11 12 13 14 15 16 17 18 19 20 21 22 23 24 25 26 -1 -1 -1 -1 -1 -1 -1 -1 -1 -1 -1 -1 -1 -1 -1 -1 -1 -1 -1 -1 -1,True,27,True,True,0.8888888888888888,1.0,10,10,2.1376038,"[0.04234883561730385, 0.17829525470733643, 0.012915665283799171, 0.024509625509381294, 0.013430166058242321, 0.023387247696518898, 0.1031893789768219, 0.05353394150733948, 0.023755544796586037, 0.006913257297128439, 0.36583811044692993, 0.0008256708970293403, 3.5715016565518454e-05, 0.019388709217309952, 0.00020876227063126862, 0.01765361987054348, 1.767493671422926e-07, 1.1984631100858678e-06, 7.766985277157801e-08, 4.76288875960601e-13, 0.00031095053418539464, 9.781571179701132e-07, 1.20568583952263e-05, 0.01821400597691536, 0.04724353924393654, 0.04798751696944237, 5.883139114759572e-11, 0.0, 0.0, 0.0, 0.0, 0.0, 0.0, 0.0, 0.0, 0.0, 0.0, 0.0, 0.0, 0.0, 0.0, 0.0, 0.0, 0.0, 0.0, 0.0, 0.0, 0.0]",0.802739,1.0880237,1.5270416,1.9405884,2.1847167
train__c10__user17__2-2-2,10,Stir_drinks,28,0 1 2 3 4 5 6 7 8 9 10 11 12 13 14 15 16 17 18 19 20 21 22 23 24 25 26 27 -1 -1 -1 -1 -1 -1 -1 -1 -1 -1 -1 -1 -1 -1 -1 -1 -1 -1 -1 -1,True,28,True,True,0.8571428571428571,1.0,2,2,0.6053442,"[6.100830951538683e-09, 2.2376791712422594e-29, 0.7310463786125183, 1.2654311395943717e-14, 0.26476743817329407, 0.0037181524094194174, 1.442581155137118e-26, 1.4613483634182445e-31, 0.0, 0.0, 7.976756408178964e-12, 0.0, 1.2795674592780415e-05, 9.222112353089146e-28, 1.9412050340365554e-26, 1.3790318317266957e-40, 2.3285269545869625e-11, 2.598047332824649e-10, 6.294648844705387e-35, 4.551553747508345e-22, 7.45492184319267e-40, 1.4180798712802664e-23, 1.0981134389471186e-22, 4.196845230435513e-16, 4.839321034764649e-30, 4.219565198582131e-06, 0.0004510630387812853, 1.1734960780884762e-09, 0.0, 0.0, 0.0, 0.0, 0.0, 0.0, 0.0, 0.0, 0.0, 0.0, 0.0, 0.0, 0.0, 0.0, 0.0, 0.0, 0.0, 0.0, 0.0, 0.0]",1.7766063,2.0819156,2.1924746,2.443316,2.6581643
train__c10__user17__2-2-3,10,Stir_drinks,20,0 1 2 3 4 5 6 7 8 9 10 11 12 13 14 15 16 17 18 19 -1 -1 -1 -1 -1 -1 -1 -1 -1 -1 -1 -1 -1 -1 -1 -1 -1 -1 -1 -1 -1 -1 -1 -1 -1 -1 -1 -1,True,20,True,True,1.0,1.0,13,13,0.99185985,"[1.0930032733437999e-38, 8.088434865929277e-41, 2.3937326432132977e-07, 0.0008407810237258673, 1.2991204977329735e-19, 1.0960789567637796e-11, 5.18312429609315e-26, 1.7040752645966325e-20, 6.190282796992089e-14, 8.107771868012817e-25, 0.00036161544267088175, 7.352240019055378e-13, 0.02202550321817398, 0.6851933002471924, 0.015137891285121441, 0.0002564237511251122, 0.18441727757453918, 0.0793168842792511, 0.00932618509978056, 0.003123880596831441, 0.0, 0.0, 0.0, 0.0, 0.0, 0.0, 0.0, 0.0, 0.0, 0.0, 0.0, 0.0, 0.0, 0.0, 0.0, 0.0, 0.0, 0.0, 0.0, 0.0, 0.0, 0.0, 0.0, 0.0, 0.0, 0.0, 0.0, 0.0]",1.0361831,1.3597023,1.6670332,2.0258844,2.1845229
train__c10__user17__5-2-1,10,Stir_drinks,22,0 1 2 3 4 5 6 7 8 9 10 11 12 13 14 15 16 17 18 19 20 21 -1 -1 -1 -1 -1 -1 -1 -1 -1 -1 -1 -1 -1 -1 -1 -1 -1 -1 -1 -1 -1 -1 -1 -1 -1 -1,True,22,True,True,1.0,1.0,3,3,0.60681874,"[0.1906115859746933, 0.0017971019260585308, 4.250580786901992e-06, 0.7839148044586182, 0.023672176524996758, 1.555765246111037e-27, 7.0102034901542e-17, 1.6610967609477363e-33, 1.251975586789612e-30, 3.792037799506894e-38, 2.2480500644123423e-34, 2.5805135428295798e-39, 1.168029914162522e-37, 2.9241049197897034e-39, 6.903666330456125e-28, 2.2480500644123423e-34, 4.69800426999919e-29, 4.35668866405749e-24, 4.546612461341737e-26, 1.1015433785528878e-24, 3.595548134943151e-15, 2.1137137569074036e-15, 0.0, 0.0, 0.0, 0.0, 0.0, 0.0, 0.0, 0.0, 0.0, 0.0, 0.0, 0.0, 0.0, 0.0, 0.0, 0.0, 0.0, 0.0, 0.0, 0.0, 0.0, 0.0, 0.0, 0.0, 0.0, 0.0]",2.6005054,3.0385284,3.110607,3.2653656,3.3591564
train__c10__user17__5-2-2,10,Stir_drinks,12,0 1 2 3 4 5 6 7 8 9 10 11 -1 -1 -1 -1 -1 -1 -1 -1 -1 -1 -1 -1 -1 -1 -1 -1 -1 -1 -1 -1 -1 -1 -1 -1 -1 -1 -1 -1 -1 -1 -1 -1 -1 -1 -1 -1,True,12,True,True,1.0,1.0,11,11,1.9353741e-16,"[1.5066409121314163e-28, 1.0626158358852234e-38, 2.284116496849452e-43, 1.0594214835814854e-32, 4.70115418990159e-33, 1.1277483416857786e-32, 1.921254254894722e-35, 4.372754496402444e-34, 1.57706155946382e-36, 3.2632478433947105e-32, 7.004352014501e-18, 1.0, 0.0, 0.0, 0.0, 0.0, 0.0, 0.0, 0.0, 0.0, 0.0, 0.0, 0.0, 0.0, 0.0, 0.0, 0.0, 0.0, 0.0, 0.0, 0.0, 0.0, 0.0, 0.0, 0.0, 0.0, 0.0, 0.0, 0.0, 0.0, 0.0, 0.0, 0.0, 0.0, 0.0, 0.0, 0.0, 0.0]",3.0790365,3.4935234,3.5401359,3.5520372,3.5475042
train__c10__user17__5-2-3,10,Stir_drinks,15,0 1 2 3 4 5 6 7 8 9 10 11 12 13 14 -1 -1 -1 -1 -1 -1 -1 -1 -1 -1 -1 -1 -1 -1 -1 -1 -1 -1 -1 -1 -1 -1 -1 -1 -1 -1 -1 -1 -1 -1 -1 -1 -1,True,15,True,True,1.0,1.0,14,14,0.03911706,"[0.005215950310230255, 2.8324781756183803e-11, 1.6187635074448358e-17, 5.219195454022446e-25, 4.474890236139117e-09, 8.716943998127223e-30, 1.834299312679818e-17, 3.303602330017846e-27, 1.5358400076125994e-16, 1.0215511433726149e-13, 8.838148765327855e-16, 5.996355495474504e-11, 2.0377224743907602e-19, 0.0007998918881639838, 0.9939841628074646, 0.0, 0.0, 0.0, 0.0, 0.0, 0.0, 0.0, 0.0, 0.0, 0.0, 0.0, 0.0, 0.0, 0.0, 0.0, 0.0, 0.0, 0.0, 0.0, 0.0, 0.0, 0.0, 0.0, 0.0, 0.0, 0.0, 0.0, 0.0, 0.0, 0.0, 0.0, 0.0, 0.0]",2.4276614,2.8723729,2.9479558,3.0201151,3.0369685
train__c10__user23__5-3-3,10,Stir_drinks,7,0 1 2 3 4 5 6 -1 -1 -1 -1 -1 -1 -1 -1 -1 -1 -1 -1 -1 -1 -1 -1 -1 -1 -1 -1 -1 -1 -1 -1 -1 -1 -1 -1 -1 -1 -1 -1 -1 -1 -1 -1 -1 -1 -1 -1 -1,True,7,True,True,1.0,1.0,0,0,0.08252278,"[0.9842603802680969, 0.0003200239152647555, 0.015419616363942623, 2.681194742769082e-25, 4.75040179406113e-43, 3.298910913817334e-23, 5.659026913810827e-19, 0.0, 0.0, 0.0, 0.0, 0.0, 0.0, 0.0, 0.0, 0.0, 0.0, 0.0, 0.0, 0.0, 0.0, 0.0, 0.0, 0.0, 0.0, 0.0, 0.0, 0.0, 0.0, 0.0, 0.0, 0.0, 0.0, 0.0, 0.0, 0.0, 0.0, 0.0, 0.0, 0.0, 0.0, 0.0, 0.0, 0.0, 0.0, 0.0, 0.0, 0.0]",1.2091792,1.6754502,1.8248034,1.9759964,2.160684
train__c10__user4__1-2-1,10,Stir_drinks,33,0 1 2 3 4 5 6 7 8 9 10 11 12 13 14 15 16 17 18 19 20 21 22 23 24 25 26 27 28 29 30 31 32 -1 -1 -1 -1 -1 -1 -1 -1 -1 -1 -1 -1 -1 -1 -1,True,33,True,True,0.7272727272727273,1.0,0,0,0.49261916,"[0.8923283815383911, 0.008680001832544804, 0.03683079406619072, 4.51670301160334e-09, 2.1399722017887606e-15, 2.3278357014838864e-27, 6.850065149274267e-19, 3.386980844728225e-27, 2.5527818938573295e-24, 2.7379508265949374e-39, 7.557376546277221e-28, 4.208826153704674e-24, 2.4263546033465033e-11, 0.00016791610687505454, 5.6856901131663307e-11, 8.156643356614993e-14, 9.803359513060883e-12, 2.0078934348521926e-10, 2.73458162780571e-08, 5.6856901131663307e-11, 4.043913630332096e-17, 1.0871056709174362e-25, 3.0142428831036416e-23, 1.8365052402059873e-32, 1.9350361313286157e-09, 1.19429369171975e-10, 0.03029618225991726, 0.001325931865721941, 2.324999304192943e-09, 2.1716985543207556e-08, 3.6402151468671855e-15, 0.0014619508292526007, 0.02890882082283497, 0.0, 0.0, 0.0, 0.0, 0.0, 0.0, 0.0, 0.0, 0.0, 0.0, 0.0, 0.0, 0.0, 0.0, 0.0]",1.1992224,1.6791133,1.8903072,2.1687107,2.490824
train__c10__user4__1-2-2,10,Stir_drinks,38,0 1 2 3 4 5 6 7 8 9 10 11 12 13 14 15 16 17 18 19 20 21 22 23 24 25 26 27 28 29 30 31 32 33 34 35 36 37 -1 -1 -1 -1 -1 -1 -1 -1 -1 -1,True,38,True,True,0.631578947368421,1.0,14,14,0.0050012646,"[3.343819954721214e-35, 1.1073210967688682e-33, 3.290955133259044e-24, 5.793220594524726e-30, 4.2806432139883235e-29, 3.377138331904814e-34, 3.5137658963028306e-30, 9.976594203542355e-13, 3.53278822981168e-20, 4.0092041127775917e-23, 1.194755228084432e-08, 3.798105248065327e-19, 7.859020712311891e-15, 6.663810125928649e-08, 0.9994482398033142, 0.0004618643142748624, 6.846492817125238e-10, 1.2034069487437682e-12, 8.35329982268318e-12, 3.437454552113195e-07, 4.718241325463168e-05, 4.2294039303669706e-05, 1.6062995293288192e-27, 7.036372324041099e-23, 1.0021749524445255e-21, 4.8989364809117995e-28, 1.4494025979416847e-09, 1.9615531421379728e-10, 3.346774611274122e-16, 6.387431118363846e-17, 3.047273025547862e-16, 2.2241139229404792e-32, 1.1787371540271223e-33, 4.629918152098482e-40, 5.351457941767045e-38, 3.3210773604498165e-42, 1.910950715799753e-41, 4.085892049293658e-40, 0.0, 0.0, 0.0, 0.0, 0.0, 0.0, 0.0, 0.0, 0.0, 0.0]",3.3155918,3.544264,3.5093498,3.5493603,3.6570969
train__c10__user4__1-2-3,10,Stir_drinks,26,0 1 2 3 4 5 6 7 8 9 10 11 12 13 14 15 16 17 18 19 20 21 22 23 24 25 -1 -1 -1 -1 -1 -1 -1 -1 -1 -1 -1 -1 -1 -1 -1 -1 -1 -1 -1 -1 -1 -1,True,26,True,True,0.9230769230769232,1.0,3,3,0.32355702,"[4.828609957111186e-19, 1.395103180555472e-15, 1.2829130525927532e-14, 0.9223707914352417, 7.349390944000334e-05, 2.9155047820417224e-10, 1.7940463879672726e-18, 3.9635651520185435e-20, 1.6955291019650487e-30, 1.4251875938502378e-16, 2.0924488210857903e-34, 1.3771868367928874e-10, 1.2956962705448077e-13, 0.008494741283357143, 0.007265937980264425, 2.043926627948167e-08, 7.692902846863359e-13, 0.06179498881101608, 2.3175134437195982e-30, 2.106945788744259e-27, 2.86003859656683e-34, 9.952507802988395e-28, 0.0, 9.220543895257296e-42, 1.8892419401202794e-38, 1.2520568759555317e-07, 0.0, 0.0, 0.0, 0.0, 0.0, 0.0, 0.0, 0.0, 0.0, 0.0, 0.0, 0.0, 0.0, 0.0, 0.0, 0.0, 0.0, 0.0, 0.0, 0.0, 0.0, 0.0]",3.1512308,3.347435,3.2948084,3.3355587,3.470033
train__c10__user4__5-1-1,10,Stir_drinks,49,0 1 2 3 4 5 6 7 8 9 10 11 12 13 14 15 16 17 18 19 20 21 22 23 25 26 27 28 29 30 31 32 33 34 35 36 37 38 39 40 41 42 43 44 45 46 47 48,False,48,True,True,0.4897959183673469,1.0,13,13,0.010065623,"[5.068015154935698e-19, 1.1420948891968657e-18, 9.163187600320444e-16, 8.523092345967556e-17, 5.6690631057782284e-14, 2.458824810425142e-10, 1.9369289158688296e-12, 0.000569975352846086, 5.948226316832006e-06, 1.6354665888229647e-07, 1.5258075429210385e-14, 5.415921805251855e-06, 0.0005524390144273639, 0.9988332390785217, 2.7504322133609094e-05, 2.8789877383125773e-13, 2.7820226478070254e-07, 1.419222126091183e-15, 2.064956211122841e-15, 3.67125794123563e-20, 2.6778758586130415e-14, 1.7582924556336366e-06, 3.193455916372656e-12, 2.1764475845496785e-16, 2.4492693802543104e-23, 4.607539478125805e-16, 2.410546805567404e-12, 1.6617384353991095e-18, 3.1858374435601513e-28, 1.8700401353284587e-25, 1.2775430669950683e-13, 5.975148710367232e-15, 7.927710571236793e-18, 4.1852042257919544e-32, 1.289133621495941e-31, 8.030844459953812e-23, 7.795486487539106e-26, 1.0976863180985957e-22, 4.775314762530095e-25, 4.589633696661289e-29, 7.1578138631941455e-22, 3.9469747523640854e-19, 5.0180149303402227e-20, 3.176260461104254e-22, 1.5610586641301006e-18, 2.6252968283957347e-16, 3.2849227409315063e-06, 1.8349426866848262e-08]",4.9218707,5.1894393,5.1472864,5.115935,5.1728315
train__c10__user4__5-1-2,10,Stir_drinks,62,0 1 3 4 5 6 8 9 10 12 13 14 16 17 18 19 21 22 23 25 26 27 29 30 31 32 34 35 36 38 39 40 42 43 44 45 47 48 49 51 52 53 55 56 57 58 60 61,False,48,True,True,0.3870967741935484,1.0,6,8,3.472664e-06,"[6.645543233215913e-17, 2.6001344566647296e-36, 0.0, 1.2611686178923354e-44, 1.5111832801991073e-34, 2.1024332852448424e-07, 0.9999997615814209, 3.0655370404260943e-32, 4.4202275439062313e-14, 5.104577165479679e-31, 2.14264699556091e-24, 8.985823487782084e-37, 1.333614527014083e-34, 9.727602518907714e-29, 1.2452943103689512e-22, 6.619716879198048e-30, 7.006492321624085e-45, 2.7759722578274626e-42, 9.04807981635838e-30, 1.91547861471012e-29, 4.107821946956102e-34, 5.95887876656012e-28, 9.265298692661371e-15, 5.58102101535411e-22, 2.3265159023070085e-22, 7.936969203833099e-18, 1.5414486643731066e-32, 8.520210226367272e-14, 2.4039833507366622e-25, 7.507749283375276e-11, 6.579978168168938e-18, 2.9873054288920063e-22, 2.516346042987723e-33, 8.008977207262482e-36, 1.5111832801991073e-34, 3.405503791191873e-34, 1.5414283107572988e-44, 1.401298464324817e-45, 2.592318256105679e-30, 9.165789204814017e-35, 1.2087986821637734e-25, 1.217173523904935e-18, 3.108161550555513e-18, 9.892597065581177e-21, 9.201549258052602e-22, 1.9538412915132734e-27, 5.749520472824129e-19, 1.2452943103689512e-22]",6.326006,6.5362277,6.474222,6.4337325,6.436673
train__c10__user4__5-1-3,10,Stir_drinks,27,0 1 2 3 4 5 6 7 8 9 10 11 12 13 14 15 16 17 18 19 20 21 22 23 24 25 26 -1 -1 -1 -1 -1 -1 -1 -1 -1 -1 -1 -1 -1 -1 -1 -1 -1 -1 -1 -1 -1,True,27,True,True,0.8888888888888888,1.0,26,26,6.1674684e-05,"[3.8623351377245225e-15, 2.081681849119832e-08, 6.846151927699176e-14, 4.2228321035509e-06, 2.699566152841726e-07, 5.675659459558266e-14, 1.2292965175263897e-17, 4.522328757725411e-18, 9.357580221759296e-14, 3.850724628051694e-09, 1.0815893319859882e-11, 1.6423064893699574e-13, 8.423426019199542e-12, 1.0467354982779398e-08, 1.1032510460751155e-09, 5.964118532375551e-09, 8.966690237532937e-12, 5.923081700978628e-16, 1.4068554185914906e-16, 3.047121411613387e-20, 2.853900994107157e-14, 1.0292773798119834e-16, 2.2739697551304857e-18, 1.9614555612319437e-14, 3.374870429436751e-16, 1.6052207341132885e-09, 0.9999954700469971, 0.0, 0.0, 0.0, 0.0, 0.0, 0.0, 0.0, 0.0, 0.0, 0.0, 0.0, 0.0, 0.0, 0.0, 0.0, 0.0, 0.0, 0.0, 0.0, 0.0, 0.0]",4.4145317,4.7844887,4.8036284,4.82333,4.914943
train__c11__user17__7-2-1,11,Peel_fruits,41,0 1 2 3 4 5 6 7 8 9 10 11 12 13 14 15 16 17 18 19 20 21 22 23 24 25 26 27 28 29 30 31 32 33 34 35 36 37 38 39 40 -1 -1 -1 -1 -1 -1 -1,True,41,True,True,0.5853658536585366,1.0,2,2,0.001341367,"[5.0622471549935734e-27, 2.7998498089128445e-30, 0.9998645782470703, 0.0001353885163553059, 1.6199250499706193e-19, 4.0958112986853124e-20, 8.624145772095908e-30, 9.062456758930009e-25, 2.4464816309257147e-31, 4.0860403178815716e-36, 4.616171958052007e-30, 6.309558651033021e-30, 1.431732182095947e-22, 2.2687419307770662e-26, 3.231318727938533e-25, 3.0101222760037545e-29, 4.4674175286937536e-27, 4.906498355948944e-27, 1.7642403984168417e-23, 1.7845037008563115e-25, 2.4671424514072928e-27, 3.096338059788182e-23, 4.0274991626539975e-28, 1.2023891680495532e-27, 2.344285562658446e-29, 2.1248790058672635e-20, 6.584616241724303e-32, 6.455330083296289e-34, 8.045889875098095e-37, 1.3843718999145447e-38, 3.405784931370442e-26, 1.4360489592854403e-28, 7.58102469199726e-43, 1.0229201892994614e-37, 1.1476846018888365e-38, 7.242679872896903e-35, 3.204258722736972e-29, 7.786615088155954e-34, 1.0300072706424837e-30, 1.2585891166475164e-35, 1.65236821613817e-17, 0.0, 0.0, 0.0, 0.0, 0.0, 0.0, 0.0]",3.4455156,3.8225193,3.8584406,3.929279,4.0833526
train__c11__user17__7-2-2,11,Peel_fruits,35,0 1 2 3 4 5 6 7 8 9 10 11 12 13 14 15 16 17 18 19 20 21 22 23 24 25 26 27 28 29 30 31 32 33 34 -1 -1 -1 -1 -1 -1 -1 -1 -1 -1 -1 -1 -1,True,35,True,True,0.6857142857142857,1.0,0,0,0.8154521,"[0.6620367765426636, 0.07255781441926956, 0.26540547609329224, 6.698489690443871e-14, 1.2184297469049583e-22, 4.811734438639339e-19, 6.91112274288537e-14, 5.659461750621494e-31, 2.1878149708114967e-26, 4.1818077994344625e-30, 4.252737780449439e-22, 1.7728048403837728e-22, 2.845755919597767e-31, 2.0819993889504303e-31, 2.3198664232713066e-39, 1.1144140186614703e-31, 2.3429818223492694e-38, 5.0791708684086797e-23, 3.6650403057107403e-37, 4.059253091774017e-33, 5.352960133720801e-43, 2.587192694485246e-28, 2.978766770286086e-39, 1.1594994785600272e-27, 1.4933157890254826e-33, 1.6376195482661396e-30, 9.35900742965988e-37, 5.332601621215582e-37, 3.8513121084069885e-32, 1.151521383316465e-34, 2.2316318861764243e-24, 1.111064116166097e-25, 5.772807693136821e-29, 1.1034194289803974e-32, 2.156469989888247e-18, 0.0, 0.0, 0.0, 0.0, 0.0, 0.0, 0.0, 0.0, 0.0, 0.0, 0.0, 0.0, 0.0]",3.3583612,3.7525,3.7870588,3.8724205,4.0695395
train__c11__user17__7-2-3,11,Peel_fruits,26,0 1 2 3 4 5 6 7 8 9 10 11 12 13 14 15 16 17 18 19 20 21 22 23 24 25 -1 -1 -1 -1 -1 -1 -1 -1 -1 -1 -1 -1 -1 -1 -1 -1 -1 -1 -1 -1 -1 -1,True,26,True,True,0.9230769230769232,1.0,0,0,0.01708167,"[0.9975656270980835, 0.0024343819823116064, 1.419997777646431e-29, 2.832517220283833e-35, 2.3317606446364956e-42, 7.853786325110794e-33, 6.165713243029195e-44, 1.889705769911971e-38, 2.802596928649634e-45, 7.77630104358245e-34, 6.320201354046535e-36, 7.676435368768052e-29, 9.788919161965207e-36, 1.5666212749384696e-38, 0.0, 0.0, 2.4921739615060192e-29, 1.9934952596125666e-20, 2.02551806088777e-31, 1.320803790295795e-30, 4.6700315649928163e-35, 6.641418009546997e-31, 8.33517982101903e-27, 4.702387144884818e-28, 1.8840253340219475e-32, 2.118872935327456e-17, 0.0, 0.0, 0.0, 0.0, 0.0, 0.0, 0.0, 0.0, 0.0, 0.0, 0.0, 0.0, 0.0, 0.0, 0.0, 0.0, 0.0, 0.0, 0.0, 0.0, 0.0, 0.0]",3.163561,3.5550656,3.5813832,3.652874,3.76224
train__c11__user24__4-2-1,11,Peel_fruits,81,0 2 3 5 7 9 10 12 14 15 17 19 20 22 24 26 27 29 31 32 34 36 37 39 41 43 44 46 48 49 51 53 54 56 58 60 61 63 65 66 68 70 71 73 75 77 78 80,False,48,True,True,0.2962962962962963,1.0,5,9,0.12491816,"[1.9245648452426542e-25, 6.229364714991872e-20, 1.4965978793039915e-22, 4.1434102231324246e-17, 4.622307431386735e-17, 0.9732493162155151, 4.049845311535072e-13, 0.026447763666510582, 1.4306242301920236e-10, 3.39089411931226e-12, 6.229364714991872e-20, 4.532960875866903e-30, 9.639710100995386e-39, 3.288612127850876e-34, 9.832771866944072e-37, 6.851924653714667e-23, 4.7234536286549444e-29, 2.2312014262449344e-29, 1.1141991793905245e-36, 4.363266300464761e-37, 2.4299742078381555e-33, 1.8463742768861854e-15, 3.662054910686124e-20, 1.4319242520205432e-17, 1.7470685262337016e-19, 8.612327464708662e-22, 3.509080897413786e-18, 1.98267024016515e-22, 1.4340812508373368e-20, 3.010525731075195e-24, 5.195513408459291e-32, 4.6768522929951264e-30, 7.775944307505002e-26, 6.046801854249067e-23, 8.677174950788569e-11, 2.1893257606125927e-12, 2.4386956898325707e-09, 1.759172560227007e-12, 6.1235624881929e-17, 5.121077131846283e-24, 1.5092370395245723e-18, 1.7868756604574876e-12, 8.488937769954644e-14, 3.306415426494792e-24, 2.2278453476683876e-26, 6.794544487958105e-27, 2.69777852401204e-13, 0.0003029865911230445]",2.3858573,2.7861245,2.8924224,3.0647545,3.315452
train__c11__user24__4-2-2,11,Peel_fruits,52,0 1 2 3 4 5 7 8 9 10 11 12 13 14 15 16 17 18 20 21 22 23 24 25 26 27 28 29 30 31 33 34 35 36 37 38 39 40 41 42 43 44 46 47 48 49 50 51,False,48,True,True,0.4615384615384615,1.0,3,3,0.13170394,"[0.00011541067942744121, 2.3482423117116014e-08, 6.511025276267901e-06, 0.9762418270111084, 4.481698567815329e-09, 3.214501928527902e-11, 1.8058884736996822e-14, 0.00610734149813652, 0.00013492874859366566, 5.007228139064512e-12, 2.206655761434875e-19, 4.987768809371955e-25, 9.614175229204138e-25, 5.346237457365485e-18, 6.341236199906144e-26, 9.585274846469807e-19, 4.54825593440048e-28, 6.83802696288587e-31, 2.5080077265987954e-25, 2.111297383667124e-14, 2.1750407031007057e-11, 1.5647530078421273e-19, 3.345589890113599e-18, 7.487528009130533e-25, 2.83767025342185e-22, 1.9223582144525797e-14, 5.756405458953925e-20, 7.285473439810897e-12, 8.292887922040442e-21, 2.6016288749648774e-15, 3.205835475691499e-16, 4.3255846821077526e-11, 1.9744438759516925e-05, 2.0810484784306027e-06, 0.0009739008382894099, 1.5798532615463046e-07, 5.367095218389295e-05, 4.7507255074297206e-11, 1.06449671299913e-09, 1.182916996000336e-22, 2.613403685056075e-24, 2.403241555245199e-23, 1.8716463350175792e-23, 9.462177948723477e-14, 1.2113154923554248e-07, 9.556462609097705e-13, 1.3513201224668592e-07, 0.016344094648957253]",2.301712,2.669153,2.7556505,2.9158485,3.1615539
train__c11__user24__4-2-3,11,Peel_fruits,26,0 1 2 3 4 5 6 7 8 9 10 11 12 13 14 15 16 17 18 19 20 21 22 23 24 25 -1 -1 -1 -1 -1 -1 -1 -1 -1 -1 -1 -1 -1 -1 -1 -1 -1 -1 -1 -1 -1 -1,True,26,True,True,0.9230769230769232,1.0,2,2,0.14388467,"[1.2070454358248384e-10, 0.03234081342816353, 0.9675503969192505, 0.00010871968697756529, 4.9582053776556346e-18, 1.0739024773505443e-21, 8.318528008410367e-32, 4.0480287934521255e-29, 0.0, 1.0089348943138683e-43, 1.310214064143704e-42, 8.510711830943902e-36, 5.717234829426273e-32, 8.681162615711869e-34, 1.508559769662614e-34, 4.365162455935063e-34, 4.3091039446680597e-29, 7.608350012051594e-41, 1.8505347174451332e-26, 9.199412872837692e-25, 9.3190905091382e-30, 9.454546165295512e-38, 3.1000264513382767e-37, 4.882854424208369e-29, 3.62750090108749e-18, 1.5162549763924477e-13, 0.0, 0.0, 0.0, 0.0, 0.0, 0.0, 0.0, 0.0, 0.0, 0.0, 0.0, 0.0, 0.0, 0.0, 0.0, 0.0, 0.0, 0.0, 0.0, 0.0, 0.0, 0.0]",2.132706,2.5708396,2.6638467,2.8569744,3.0778227
train__c11__user4__1-2-1,11,Peel_fruits,79,0 2 3 5 7 8 10 12 13 15 17 18 20 22 23 25 27 28 30 32 33 35 37 38 40 41 43 45 46 48 50 51 53 55 56 58 60 61 63 65 66 68 70 71 73 75 76 78,False,48,True,True,0.3037974683544304,1.0,9,15,0.0050297864,"[6.246913901746165e-35, 5.604646017205478e-16, 6.5250012631168264e-18, 3.830080123093079e-15, 2.1948108617994577e-16, 7.5646146645404755e-22, 1.4437320817506795e-22, 4.333521822635911e-12, 2.8059141641278984e-06, 0.9994220733642578, 8.51587117267627e-07, 8.878433988002143e-09, 0.0005484630237333477, 4.867159987043124e-06, 2.09774498216575e-05, 9.414198309798394e-09, 2.846274012988548e-15, 4.898807925088012e-28, 3.1992367099437056e-30, 9.698547925577053e-19, 1.810282306002886e-11, 1.2756115438841264e-14, 9.451044391539654e-09, 1.1099399799631531e-17, 1.288722716421919e-24, 5.605193857299268e-45, 0.0, 2.2420775429197073e-44, 1.5368446791641536e-22, 1.8195620312760018e-16, 7.716117176009663e-20, 1.7886580617239994e-13, 6.350896337417502e-16, 3.903339194500795e-32, 3.6503260434435863e-23, 1.9822791468848635e-31, 8.373160831354198e-09, 8.416186745595891e-27, 4.4269709426059123e-13, 4.865101351283484e-35, 4.209137818685306e-37, 6.544063828396896e-43, 1.0433409755084355e-39, 3.5786539379883116e-25, 5.319194174077623e-26, 5.442084445210937e-30, 1.331220008613112e-16, 1.1355831707418641e-21]",2.0230868,2.3658097,2.4411669,2.6111696,2.9281807
train__c11__user4__1-2-2,11,Peel_fruits,58,0 1 2 4 5 6 7 8 10 11 12 13 15 16 17 18 19 21 22 23 24 25 27 28 29 30 32 33 34 35 36 38 39 40 41 42 44 45 46 47 49 50 51 52 53 55 56 57,False,48,True,True,0.4137931034482758,1.0,45,55,0.43405885,"[0.0, 0.0, 2.4027924438117255e-32, 1.5013674150171302e-29, 1.5117693784509468e-22, 5.852949068666228e-21, 6.196883661885234e-31, 5.452291525563611e-25, 2.653237855442543e-22, 3.396583854341819e-16, 1.3723439875979002e-16, 1.2143630719052556e-11, 3.236168115167831e-13, 5.106557118589723e-19, 6.300032544259704e-12, 7.567403192791644e-14, 4.2885594808389825e-24, 2.5462350583188098e-23, 6.05694914155476e-27, 9.431972595005711e-17, 1.2009471806552283e-20, 7.345627213777923e-17, 1.5245363653392e-18, 8.626777632402111e-26, 1.3289471601134084e-35, 6.422529212586004e-40, 0.0, 2.777250788958964e-30, 3.8185383152851265e-42, 7.700546326483079e-28, 6.35909243110602e-41, 6.07521084241287e-33, 8.554533937035693e-30, 8.81280890648311e-27, 1.2165706877134305e-25, 1.218403347759506e-28, 9.016413127021805e-31, 0.0, 4.2462489261874535e-25, 9.016413127021805e-31, 0.04391816630959511, 2.495464772322986e-14, 2.823478777169708e-11, 4.9064706290902205e-12, 0.07137329131364822, 0.884708046913147, 4.0970626316665884e-16, 5.361221155908424e-07]",3.5982466,3.9563785,4.0038137,4.053603,4.2040014
train__c11__user4__1-2-3,11,Peel_fruits,22,0 1 2 3 4 5 6 7 8 9 10 11 12 13 14 15 16 17 18 19 20 21 -1 -1 -1 -1 -1 -1 -1 -1 -1 -1 -1 -1 -1 -1 -1 -1 -1 -1 -1 -1 -1 -1 -1 -1 -1 -1,True,22,True,True,1.0,1.0,21,21,0.4427398,"[1.8979382889629324e-20, 6.594608192855844e-11, 9.944361636371468e-07, 5.2089177415837185e-08, 1.3802258003181578e-08, 2.3086846477393458e-16, 4.96445110413239e-16, 1.0497200094098666e-23, 2.1390656900218336e-30, 4.11076285457665e-24, 4.1981026402578003e-14, 3.3641763799837243e-19, 5.8145833705797336e-30, 3.7485302805841966e-27, 0.0, 0.0, 3.0302196472991645e-39, 2.5980818369091935e-23, 1.8572968940588908e-08, 2.2920862256803343e-12, 0.161849245429039, 0.8381496071815491, 0.0, 0.0, 0.0, 0.0, 0.0, 0.0, 0.0, 0.0, 0.0, 0.0, 0.0, 0.0, 0.0, 0.0, 0.0, 0.0, 0.0, 0.0, 0.0, 0.0, 0.0, 0.0, 0.0, 0.0, 0.0, 0.0]",1.3753222,1.7421381,1.8601313,2.112554,2.277246
train__c11__user4__2-1-1,11,Peel_fruits,41,0 1 2 3 4 5 6 7 8 9 10 11 12 13 14 15 16 17 18 19 20 21 22 23 24 25 26 27 28 29 30 31 32 33 34 35 36 37 38 39 40 -1 -1 -1 -1 -1 -1 -1,True,41,True,True,0.5853658536585366,1.0,35,35,0.0005525542,"[8.620316830773472e-27, 6.043309073983588e-25, 8.342530661126961e-24, 4.194887770370324e-24, 9.360059465805293e-25, 1.1402887355078383e-23, 2.6897875675487432e-31, 7.435616090350901e-23, 1.2921163763146573e-23, 6.937053710304225e-30, 1.6591101677554858e-23, 2.5366798361354896e-18, 9.518819941878878e-17, 3.174039520104088e-08, 2.47194442692944e-08, 5.0644717703107744e-05, 2.1632151365330587e-12, 4.134787096857131e-16, 1.8194352945399555e-20, 4.800794476730668e-23, 4.0196560149007907e-22, 3.952614236730344e-30, 1.2862946622280765e-14, 1.8194352945399555e-20, 2.5116532799075446e-19, 5.906841824278618e-21, 1.4289441849713106e-16, 5.04478968109401e-18, 3.3424598444275545e-28, 2.39738160805006e-30, 3.1089718341056447e-29, 2.5696801621941594e-23, 2.8460756807202567e-19, 1.301068547366615e-16, 1.0063012629586831e-23, 0.9999493360519409, 5.677163229129781e-25, 1.0063012629586831e-23, 2.6393050275136908e-14, 2.099818181407697e-15, 1.6008194254771638e-14, 0.0, 0.0, 0.0, 0.0, 0.0, 0.0, 0.0]",4.3717384,4.755332,4.805534,4.8410354,4.961268
train__c11__user4__2-1-2,11,Peel_fruits,18,0 1 2 3 4 5 6 7 8 9 10 11 12 13 14 15 16 17 -1 -1 -1 -1 -1 -1 -1 -1 -1 -1 -1 -1 -1 -1 -1 -1 -1 -1 -1 -1 -1 -1 -1 -1 -1 -1 -1 -1 -1 -1,True,18,True,True,1.0,1.0,17,17,0.08089158,"[0.01566331833600998, 1.7722389311289333e-12, 4.0762726463819563e-19, 2.2518318975312444e-30, 2.1109050067025237e-05, 1.5277844499512047e-25, 2.2042978400178907e-29, 4.843585114152477e-15, 7.707141553786494e-44, 0.0, 0.0, 2.397062625903021e-30, 1.1629713106549831e-21, 0.0, 0.0, 0.0, 0.0, 0.9843155741691589, 0.0, 0.0, 0.0, 0.0, 0.0, 0.0, 0.0, 0.0, 0.0, 0.0, 0.0, 0.0, 0.0, 0.0, 0.0, 0.0, 0.0, 0.0, 0.0, 0.0, 0.0, 0.0, 0.0, 0.0, 0.0, 0.0, 0.0, 0.0, 0.0, 0.0]",2.5426862,2.679888,2.6917439,2.8219483,2.8814461
train__c11__user4__2-1-3,11,Peel_fruits,29,0 1 2 3 4 5 6 7 8 9 10 11 12 13 14 15 16 17 18 19 20 21 22 23 24 25 26 27 28 -1 -1 -1 -1 -1 -1 -1 -1 -1 -1 -1 -1 -1 -1 -1 -1 -1 -1 -1,True,29,True,True,0.8275862068965517,1.0,4,4,0.088684365,"[2.83691242657369e-05, 5.559451336789589e-12, 7.229094990179874e-06, 9.90179687505588e-05, 0.983060896396637, 2.5854491962806247e-38, 1.298110273786901e-12, 0.0, 5.717297734445254e-43, 0.0, 0.0, 0.0, 7.413981702456427e-20, 0.0, 0.0, 0.0, 0.0, 0.0, 0.0, 0.0, 2.7796198937820387e-37, 1.5766436507850313e-28, 2.5629748912500904e-42, 1.328079218265381e-39, 2.0074972035172067e-32, 4.794037094216545e-23, 0.0004104180552531034, 1.1702637632808593e-36, 0.01639409177005291, 0.0, 0.0, 0.0, 0.0, 0.0, 0.0, 0.0, 0.0, 0.0, 0.0, 0.0, 0.0, 0.0, 0.0, 0.0, 0.0, 0.0, 0.0, 0.0]",3.7127552,3.7560785,3.6630528,3.696,3.7319384
train__c11__user4__6-1-1,11,Peel_fruits,44,0 1 2 3 4 5 6 7 8 9 10 11 12 13 14 15 16 17 18 19 20 21 22 23 24 25 26 27 28 29 30 31 32 33 34 35 36 37 38 39 40 41 42 43 -1 -1 -1 -1,True,44,True,True,0.5454545454545454,1.0,22,22,1.1275163,"[0.0200586449354887, 0.0006152572459541261, 1.7208796165846252e-08, 2.297018594457931e-23, 7.045627851548353e-25, 1.6141853848239407e-05, 0.007613401859998703, 0.0010798100847750902, 0.006718804128468037, 0.16025802493095398, 0.004690481349825859, 0.0024333896581083536, 0.008104424923658371, 7.045627851548353e-25, 6.30616013478852e-22, 0.0, 0.0030284023378044367, 3.4689717764990746e-09, 0.0037104759830981493, 0.0002816852938849479, 7.642154919765932e-17, 0.04520285502076149, 0.6961291432380676, 0.03155667707324028, 1.2571286788443103e-05, 2.9229118808871135e-05, 6.186034668060872e-20, 0.00019359927682671696, 0.0019860744941979647, 0.00022990482102613896, 2.451010914228391e-07, 3.183565073684052e-15, 0.00021597561135422438, 4.1730982276548534e-14, 0.00011927304876735434, 2.1539336980680446e-09, 2.784901605520527e-15, 0.004204520024359226, 1.7214151997459887e-19, 3.855981276501552e-07, 1.0421962542750407e-05, 2.9788193050357455e-22, 0.0014991678763180971, 1.0481644494575448e-06, 0.0, 0.0, 0.0, 0.0]",1.9939169,2.1730218,2.5077121,2.9191797,3.0207975
train__c11__user4__6-1-2,11,Peel_fruits,51,0 1 2 3 4 5 6 7 9 10 11 12 13 14 15 16 17 18 19 20 21 22 23 24 26 27 28 29 30 31 32 33 34 35 36 37 38 39 40 41 43 44 45 46 47 48 49 50,False,48,True,True,0.4705882352941176,1.0,25,27,1.6344955,"[0.02472539432346821, 4.985727407097115e-14, 7.634359290575876e-12, 3.499528684883863e-30, 4.1921926450314275e-37, 2.3347005743750014e-33, 1.5224159414653553e-32, 1.1350517561031018e-43, 0.0, 2.822042915795464e-06, 1.5032946675680448e-12, 2.6550575071837557e-09, 5.664982783101077e-35, 0.004164435900747776, 2.536532825957432e-14, 0.010971827432513237, 0.01925615780055523, 4.946928215915185e-14, 0.0001424991642124951, 1.1967281610125724e-09, 5.647953265960842e-29, 1.7205689267709222e-17, 1.4331516467791516e-05, 4.984301279396198e-29, 1.3254487384983804e-05, 0.4813433289527893, 0.02114875055849552, 0.23458799719810486, 0.10089503973722458, 0.050733212381601334, 0.0011564220767468214, 0.000358242861693725, 0.0026060373056679964, 7.266203316594051e-16, 2.6638911404428174e-26, 6.9364273984078445e-43, 0.0050232685171067715, 0.02114875055849552, 0.013234549202024937, 2.8059746910003014e-05, 0.00014028990699443966, 0.006865993607789278, 0.0014391905860975385, 6.312044524313723e-17, 8.510389498736701e-17, 0.0, 1.86133917168263e-07, 2.932708798031314e-10]",2.184755,2.3798184,2.6428266,3.009681,3.105596
train__c11__user4__6-1-3,11,Peel_fruits,22,0 1 2 3 4 5 6 7 8 9 10 11 12 13 14 15 16 17 18 19 20 21 -1 -1 -1 -1 -1 -1 -1 -1 -1 -1 -1 -1 -1 -1 -1 -1 -1 -1 -1 -1 -1 -1 -1 -1 -1 -1,True,22,True,True,1.0,1.0,11,11,0.7038777,"[6.981128819419806e-41, 1.938556295546952e-41, 0.0, 0.0, 0.0, 0.0, 0.0, 2.5924021590009116e-43, 0.0, 1.2527547888306798e-22, 7.320356126827576e-11, 0.7475888729095459, 0.060414448380470276, 0.1919967085123062, 4.9906212811014277e-26, 1.0108583293924149e-20, 0.0, 0.0, 1.401298464324817e-45, 1.046416489325997e-37, 9.15748546436268e-42, 6.133072421248587e-32, 0.0, 0.0, 0.0, 0.0, 0.0, 0.0, 0.0, 0.0, 0.0, 0.0, 0.0, 0.0, 0.0, 0.0, 0.0, 0.0, 0.0, 0.0, 0.0, 0.0, 0.0, 0.0, 0.0, 0.0, 0.0, 0.0]",2.3279295,2.7347882,2.8041508,2.9110174,3.0763285
train__c11__user4__7-1-1,11,Peel_fruits,46,0 1 2 3 4 5 6 7 8 9 10 11 12 13 14 15 16 17 18 19 20 21 22 23 24 25 26 27 28 29 30 31 32 33 34 35 36 37 38 39 40 41 42 43 44 45 -1 -1,True,46,True,True,0.5217391304347826,1.0,10,10,0.00012347473,"[7.81627714203001e-29, 1.1226565898708814e-23, 2.5883957266250077e-27, 1.8509477292698472e-23, 2.2739590017825225e-18, 7.444809742643277e-15, 1.0832135156294692e-14, 1.6447725474453407e-16, 4.164901559348804e-20, 2.4337211357305932e-08, 0.999990701675415, 6.048898740118602e-06, 3.187545871696784e-06, 2.7150122150487732e-08, 3.984919863433533e-15, 5.303054326475834e-24, 3.0007989224938234e-31, 3.7401805786066618e-34, 1.1006139278432145e-25, 2.953357258006234e-20, 6.778575977980407e-15, 1.5275756394951372e-14, 1.0305024389367645e-08, 4.42684564525719e-17, 6.050780520455585e-17, 1.1416985571868895e-15, 1.206969554327142e-22, 9.357536176046038e-14, 6.041679336725794e-14, 6.101880068928867e-13, 3.73785464385934e-12, 1.9614460744629345e-14, 1.8146055236638973e-25, 2.512538300871303e-30, 3.235890072622091e-36, 7.34271323727017e-29, 7.639773726495597e-25, 1.4872782765697104e-23, 1.206969554327142e-22, 5.409261888698232e-22, 3.2426195062384977e-09, 2.3659556369734665e-14, 2.1119298790507065e-16, 1.704663951455508e-25, 1.86377159246896e-16, 1.596569863869126e-19, 0.0, 0.0]",3.780006,4.147956,4.2136226,4.2701983,4.409175
train__c11__user4__7-1-2,11,Peel_fruits,43,0 1 2 3 4 5 6 7 8 9 10 11 12 13 14 15 16 17 18 19 20 21 22 23 24 25 26 27 28 29 30 31 32 33 34 35 36 37 38 39 40 41 42 -1 -1 -1 -1 -1,True,43,True,True,0.5581395348837209,1.0,0,0,0.0028420426,"[0.9997186064720154, 9.078003131435253e-06, 1.8926065792269664e-16, 2.207402654438808e-32, 9.265575623034709e-26, 2.518644529829569e-25, 8.290536659960601e-12, 6.495670020207064e-24, 1.8010694615605775e-21, 1.1744447661934268e-20, 1.2802034689229913e-05, 2.4374819997274446e-22, 2.768634431049577e-06, 1.605275487451849e-20, 1.2539592741693252e-26, 1.3834381822376407e-35, 1.7021663295135592e-33, 8.644312888194505e-33, 5.5644106620192014e-27, 2.2007672348734898e-26, 4.986354317357202e-16, 3.497879882737717e-36, 1.2741024906141763e-37, 0.0, 1.3834381822376407e-35, 1.151385152767821e-22, 4.0526671864463774e-18, 2.450678115301086e-12, 2.4750970370468472e-11, 2.990034435323974e-14, 2.2603962589458886e-17, 3.673369830536899e-09, 2.2093531702477992e-13, 1.3784219277113152e-07, 7.14040215825662e-05, 0.00018520792946219444, 4.7708746675478864e-11, 1.5512093833828372e-14, 1.8371404816285422e-19, 9.818713942087734e-17, 3.084948204008786e-14, 2.902406370242388e-17, 2.3553873974729877e-16, 0.0, 0.0, 0.0, 0.0, 0.0]",4.0024714,4.2581463,4.229805,4.2407146,4.3472443
train__c11__user4__7-1-3,11,Peel_fruits,31,0 1 2 3 4 5 6 7 8 9 10 11 12 13 14 15 16 17 18 19 20 21 22 23 24 25 26 27 28 29 30 -1 -1 -1 -1 -1 -1 -1 -1 -1 -1 -1 -1 -1 -1 -1 -1 -1,True,31,True,True,0.7741935483870968,1.0,30,30,0.0012040263,"[1.3928318775040125e-30, 9.80908925027372e-45, 0.0, 0.0, 1.6520546588025e-38, 3.0258377870012207e-40, 5.3634362410400935e-39, 4.0704511319031e-29, 3.658592516869397e-24, 2.9869850987934254e-35, 1.343896369940805e-21, 7.215047794969737e-28, 1.1859844406095209e-21, 3.933357345551126e-23, 1.8468327561693698e-11, 1.2217911562769357e-18, 9.749817889704628e-26, 1.597823571586679e-13, 4.810505327412784e-09, 7.888476154012484e-19, 1.090610899684101e-20, 5.1906014336967964e-36, 3.658592516869397e-24, 4.406466651768488e-21, 3.2559628674154326e-20, 7.111676915371559e-20, 1.520543667919983e-18, 1.256785474301747e-12, 2.0516462064402302e-13, 0.0001200666229124181, 0.9998799562454224, 0.0, 0.0, 0.0, 0.0, 0.0, 0.0, 0.0, 0.0, 0.0, 0.0, 0.0, 0.0, 0.0, 0.0, 0.0, 0.0, 0.0]",3.9070263,4.050969,4.0383472,4.0666113,4.132396
train__c12__user17__3-1-1,12,Sweep_the_floor,94,0 2 4 6 8 10 12 14 16 18 20 22 24 26 28 30 32 34 36 38 40 42 44 46 47 49 51 53 55 57 59 61 63 65 67 69 71 73 75 77 79 81 83 85 87 89 91 93,False,48,True,True,0.2553191489361702,1.0,32,63,0.07278012,"[3.404277693075386e-10, 9.596475022510646e-15, 2.411083369224798e-05, 2.0853729854053427e-09, 1.0989144039186272e-09, 2.781014968372271e-17, 1.1478619924275854e-18, 6.727647410519066e-13, 1.2568900998113919e-12, 0.004307909402996302, 6.4022600679231454e-18, 7.832414560405686e-15, 7.433499418770012e-25, 1.7429364359565725e-20, 5.500928544378298e-27, 3.3204162264155457e-07, 1.673123961154488e-06, 0.007054155692458153, 4.1622483237802044e-11, 2.9514758692616994e-11, 1.8145779553441245e-38, 8.651484408972281e-16, 4.2712496827005606e-21, 0.0, 0.0, 1.4461400151832112e-42, 0.0, 0.0, 1.2471400788361332e-38, 4.740592704810856e-42, 0.0, 0.0, 0.9883132576942444, 3.4610292311680296e-17, 6.7479326420544615e-19, 6.03422689593458e-09, 3.1971082956694265e-25, 1.0857874495340258e-11, 2.6322586389206303e-32, 3.1155191053828515e-15, 5.564110313244374e-29, 1.591251553063216e-15, 4.77780368843576e-16, 0.00028917621239088476, 1.0215394373772838e-14, 9.331935871159658e-06, 6.267114720417803e-17, 9.692095894299826e-14]",2.6907554,2.9652557,2.9540682,3.0911305,3.3064408
train__c12__user17__3-1-2,12,Sweep_the_floor,89,0 2 4 6 7 9 11 13 15 17 19 21 22 24 26 28 30 32 34 36 37 39 41 43 45 47 49 51 52 54 56 58 60 62 64 66 67 69 71 73 75 77 79 81 82 84 86 88,False,48,True,True,0.2696629213483146,1.0,26,49,0.011032318,"[0.00017244725313503295, 1.7343476429232396e-05, 6.907088789809279e-11, 2.1767129861656754e-27, 2.810085403819835e-17, 3.392647621169864e-11, 4.4905041417102906e-17, 7.477360160015076e-16, 6.296568702971795e-16, 7.770583788172012e-20, 6.580958076695607e-21, 3.660668108518647e-25, 1.186657458868532e-22, 2.624800255330407e-16, 1.2173549018334893e-21, 5.0170656113403473e-20, 1.749538448142518e-12, 1.0665881885218003e-17, 3.6441744965000074e-16, 3.980792116310651e-26, 3.968825503726498e-20, 1.0762648775333947e-35, 5.168538464991842e-17, 1.130261573223379e-08, 1.5446537382501901e-09, 2.3338197934208438e-05, 0.9986442923545837, 3.73196286318489e-07, 4.81395323603806e-09, 1.1902351778753844e-28, 8.205024037136493e-35, 3.688231835284432e-14, 0.001142205554060638, 5.297430050177354e-09, 1.0400159373589442e-29, 0.0, 0.0, 0.0, 1.250727605630879e-23, 7.018128883438042e-35, 0.0, 0.0, 1.1378543530317515e-42, 0.0, 2.2525807226975487e-33, 1.586325913554266e-40, 7.385927083856046e-33, 1.4335381282688025e-25]",2.5793068,2.8572516,2.889832,3.0876467,3.287424
train__c12__user17__3-1-3,12,Sweep_the_floor,39,0 1 2 3 4 5 6 7 8 9 10 11 12 13 14 15 16 17 18 19 20 21 22 23 24 25 26 27 28 29 30 31 32 33 34 35 36 37 38 -1 -1 -1 -1 -1 -1 -1 -1 -1,True,39,True,True,0.6153846153846154,1.0,15,15,1.6958843e-08,"[3.9634994840813493e-25, 1.1565620745464393e-20, 4.510157924408074e-23, 3.6240137457221205e-23, 9.428317820374799e-29, 2.9419071404090465e-33, 1.2282168042440444e-36, 6.54455021078839e-28, 4.947527358627898e-31, 5.325449267159717e-22, 4.974311602001936e-21, 3.235839651782868e-10, 3.783174026200654e-36, 4.5990555808117506e-10, 0.0, 1.0, 2.0958271739184714e-15, 1.3676884148422706e-22, 3.548617611092846e-33, 2.3405667503630854e-34, 4.285564767627537e-25, 6.054601485195952e-39, 1.2709777071426091e-42, 0.0, 0.0, 0.0, 2.0182720977684e-19, 1.8565459107282552e-29, 2.0390167891397317e-29, 2.6299989967987464e-38, 3.4632670068626013e-26, 7.523739969508069e-36, 8.769700936908512e-30, 1.9762827809301325e-29, 3.771801388398725e-30, 1.1226670028348303e-23, 3.3106797258445263e-40, 3.9032647216531296e-36, 2.766968575069894e-25, 0.0, 0.0, 0.0, 0.0, 0.0, 0.0, 0.0, 0.0, 0.0]",2.2619443,2.535529,2.5701299,2.7327018,2.9623604
train__c12__user23__3-2-1,12,Sweep_the_floor,89,0 2 4 6 7 9 11 13 15 17 19 21 22 24 26 28 30 32 34 36 37 39 41 43 45 47 49 51 52 54 56 58 60 62 64 66 67 69 71 73 75 77 79 81 82 84 86 88,False,48,True,True,0.2696629213483146,1.0,33,62,0.33078077,"[0.0, 6.846043647458894e-41, 1.2135020493298624e-39, 7.123073627623281e-37, 5.5391112153570116e-34, 5.484462896247016e-35, 3.8012454530167657e-31, 7.191812158932924e-25, 3.714252179204316e-16, 0.007532267365604639, 4.832620561501244e-06, 5.3140707690172456e-24, 1.3046363357363055e-38, 2.1019476964872256e-44, 7.073886471153432e-18, 3.722069022758052e-15, 7.32690969016403e-05, 3.388982845370955e-15, 4.717854995561765e-10, 2.2931003003010507e-15, 5.433901158896637e-12, 1.5515894470662702e-15, 4.933149375108137e-12, 1.6167931116096643e-14, 1.0438801854710002e-14, 1.609048206526915e-20, 5.3140707690172456e-24, 1.3440254006388486e-35, 6.79477082324517e-26, 2.6086256466126026e-28, 4.648931728326857e-17, 3.9101207178915038e-25, 0.07848802953958511, 0.91239333152771, 0.0015065483748912811, 1.777821921677969e-06, 1.7874687285868163e-09, 1.7928803241860248e-28, 4.464228621676716e-40, 7.287592793567644e-41, 1.388778282935614e-38, 1.7283625068071544e-38, 2.4337158384992465e-35, 1.0261760222034123e-37, 2.781050833056754e-31, 8.764146662367042e-35, 2.9854138587087923e-27, 4.3502950722801955e-30]",2.2562833,2.5800388,2.6760418,2.8739593,3.0585332
train__c12__user23__3-2-2,12,Sweep_the_floor,68,0 1 3 4 6 7 9 10 11 13 14 16 17 19 20 21 23 24 26 27 29 30 31 33 34 36 37 38 40 41 43 44 46 47 48 50 51 53 54 56 57 58 60 61 63 64 66 67,False,48,True,True,0.3529411764705882,1.0,0,0,0.00037000052,"[0.9999692440032959, 2.078496436297428e-05, 2.6752908834646108e-15, 2.3131984661010377e-21, 5.605193857299268e-45, 3.4590271254739332e-34, 1.1507462989035398e-41, 6.282371340184236e-40, 3.964610474354261e-36, 1.5326252862263995e-31, 1.3215835530002161e-16, 2.430764330053556e-16, 1.7371888712489091e-16, 7.135885865057281e-24, 1.3713432810364458e-17, 9.110489592258875e-23, 6.889459909623254e-37, 1.517504432194032e-32, 3.5795889011484587e-40, 1.2832514477644263e-30, 6.937191384202594e-30, 3.517697484876478e-26, 2.0648369507565756e-23, 4.503235231989185e-20, 1.1846600153320684e-16, 5.272746606041605e-23, 1.3619078077896012e-24, 1.4170059488605122e-20, 2.120783305643425e-14, 2.681755080530822e-25, 1.748724174942914e-24, 5.5741900738591725e-30, 7.948681428609648e-21, 1.8783488971423084e-16, 6.440884853036003e-17, 2.921502693627523e-14, 1.1885718009807533e-07, 2.2292630599403468e-20, 4.8153653250587333e-29, 4.203895392974451e-45, 4.3910447476908574e-32, 7.302837262863904e-13, 2.2981900826835044e-09, 9.818121725402307e-06, 3.4725223868528665e-21, 4.158546966597655e-17, 5.749345213931844e-19, 1.1765087317684274e-23]",2.164964,2.5085313,2.592576,2.7624714,3.0097432
train__c12__user23__3-2-3,12,Sweep_the_floor,76,0 2 3 5 6 8 10 11 13 14 16 18 19 21 22 24 26 27 29 30 32 34 35 37 38 40 41 43 45 46 48 49 51 53 54 56 57 59 61 62 64 65 67 69 70 72 73 75,False,48,True,True,0.3157894736842105,1.0,46,73,0.003119545,"[0.0002823944087140262, 4.8311987484339625e-05, 2.4267417502582544e-12, 2.3829375972450606e-13, 3.8878251729101976e-08, 1.5903088252452567e-17, 1.2411404369527812e-16, 3.4900839271552464e-13, 5.726922105284333e-17, 4.665811448199096e-29, 1.401298464324817e-45, 0.0, 0.0, 0.0, 0.0, 0.0, 0.0, 0.0, 0.0, 0.0, 0.0, 8.407790785948902e-45, 5.469632167374566e-24, 1.3408080014281385e-35, 4.124947220987996e-17, 5.124391617991602e-29, 9.960816026166608e-12, 1.2329532950161592e-08, 1.702569001012916e-18, 1.9090893023395324e-23, 1.8020559778386235e-17, 6.817322076224384e-27, 6.526614678901611e-18, 8.928928245655511e-25, 4.163562560732234e-20, 5.5507227086431875e-17, 1.116572024601389e-18, 2.1974097346409704e-13, 1.222031265242507e-12, 1.606154991891037e-16, 1.644755342900377e-27, 6.701533528616255e-24, 2.1973482278937907e-23, 2.8469778973677163e-15, 1.3109055115599936e-16, 2.409849934621039e-13, 0.9996691942214966, 1.7864092149988409e-10]",2.7838395,2.9680126,2.9499958,3.1271157,3.3085659
train__c12__user4__2-2-1,12,Sweep_the_floor,93,0 2 4 6 8 10 12 14 16 18 20 22 23 25 27 29 31 33 35 37 39 41 43 45 47 49 51 53 55 57 59 61 63 65 67 69 70 72 74 76 78 80 82 84 86 88 90 92,False,48,True,True,0.2580645161290322,1.0,0,0,0.6958468,"[0.5519531965255737, 6.332033786193847e-10, 1.6043582018454572e-09, 6.372097232087981e-07, 5.393349829241334e-12, 1.5475481469958015e-15, 0.0002106345782522112, 2.00566828425508e-05, 0.0008298280881717801, 0.4469853341579437, 2.9615310204178513e-11, 1.2326929699213451e-08, 1.6622607290628366e-07, 2.5263030290589405e-16, 2.210784458979023e-20, 1.1618607187460245e-25, 7.44992173099878e-33, 3.7776917247630116e-29, 7.259802975948656e-23, 3.449998146477605e-35, 1.3055353976164673e-29, 3.2118337924470395e-17, 7.663302211736033e-27, 2.9784905011126517e-12, 1.9539491398923736e-23, 9.617676667218052e-23, 3.709005369501028e-08, 3.538144974011365e-23, 5.831601694594735e-12, 3.969689281174166e-24, 8.943049751262977e-13, 1.3106287700142579e-16, 4.213009117154575e-18, 3.497968692005242e-21, 6.535066112467036e-21, 1.387644696808252e-26, 2.134438397652124e-33, 3.6868319386734456e-22, 1.6063154182508604e-27, 1.0668201472523425e-21, 6.334002658583047e-21, 1.7176530945039397e-36, 8.077061297268409e-28, 2.634106370753498e-37, 3.821080979791411e-31, 1.61988090379975e-23, 1.0499540820108066e-10, 1.719170826099585e-17]",2.2116687,2.619155,2.7260485,2.906995,3.1990013
train__c12__user4__2-2-2,12,Sweep_the_floor,70,0 1 3 4 6 7 9 10 12 13 15 16 18 19 21 22 23 25 26 28 29 31 32 34 35 37 38 40 41 43 44 46 47 48 50 51 53 54 56 57 59 60 62 63 65 66 68 69,False,48,True,True,0.3428571428571428,1.0,32,47,0.6928685,"[2.737036422180787e-17, 1.1997009248714618e-34, 0.0, 0.0, 0.0, 0.0, 0.0, 3.530330660865285e-26, 0.0, 0.0, 3.677544651182335e-14, 6.939018045055978e-13, 1.401298464324817e-45, 7.006492321624085e-44, 6.019655329758677e-10, 9.800324724453945e-16, 0.0, 2.5397668954906437e-34, 2.1907234945653295e-30, 1.2025698569854644e-18, 1.5660874747497116e-15, 1.2370137466438669e-12, 6.00342732882779e-15, 1.1924990685350022e-22, 1.2471556332490872e-43, 8.407790785948902e-45, 5.287099105897535e-42, 1.101564972031276e-30, 0.44619783759117126, 1.3565503165224868e-09, 1.496622431785562e-18, 3.478669157175318e-07, 0.5531373023986816, 0.00017465536075178534, 1.056482457073571e-09, 2.767611917420254e-08, 1.662080140185651e-09, 0.000489833066239953, 4.499044539696406e-11, 2.5742801224026834e-09, 2.128399656498546e-14, 3.8924365033249364e-13, 2.9648217423925565e-31, 9.759202598353729e-18, 2.0175866184671082e-32, 1.85813307811482e-34, 8.82471577577129e-25, 4.899854359871527e-15]",4.978767,4.9869075,4.88979,4.9264474,4.994582
train__c12__user4__2-2-3,12,Sweep_the_floor,57,0 1 2 4 5 6 7 8 10 11 12 13 14 15 17 18 19 20 21 23 24 25 26 27 29 30 31 32 33 35 36 37 38 39 41 42 43 44 45 46 48 49 50 51 52 54 55 56,False,48,True,True,0.4210526315789473,1.0,0,0,0.0019024498,"[0.9998014569282532, 0.00019640046230051666, 9.12529218854985e-11, 2.803210222675429e-15, 5.434271163216788e-16, 2.10644020626205e-06, 8.356252322039293e-12, 4.335166774172006e-12, 1.3138574401509485e-41, 2.2660458984851162e-27, 1.597221123638109e-15, 2.9166183357354214e-11, 7.80527656396579e-11, 2.0713079417877117e-14, 3.354988783286477e-41, 7.0472700754425216e-15, 0.0, 1.6769165313011344e-29, 4.210735523142391e-37, 4.5446289371556974e-23, 0.0, 0.0, 2.1930234557530976e-24, 1.6769165313011344e-29, 1.6653782494428513e-36, 2.3612740823643264e-26, 4.749890688445616e-28, 7.906818569767215e-16, 1.463069274922707e-27, 6.535277319308364e-10, 0.0, 3.7638876751764587e-42, 1.6653782494428513e-36, 1.0256906307746845e-25, 4.818932060040793e-36, 6.249285553434446e-35, 0.0, 1.555441295400547e-43, 0.0, 0.0, 0.0, 0.0, 0.0, 9.583589341852213e-36, 0.0, 1.2457909745695493e-18, 7.087625477906795e-16, 1.3620687910886886e-09]",4.3031063,4.368811,4.257632,4.3164086,4.421096
train__c13__user17__3-1-1,13,Mop_the_floor,63,0 1 3 4 5 7 8 9 11 12 13 15 16 17 18 20 21 22 24 25 26 28 29 30 32 33 34 36 37 38 40 41 42 44 45 46 47 49 50 51 53 54 55 57 58 59 61 62,False,48,True,True,0.3809523809523809,1.0,1,1,1.5948572e-05,"[1.884326294998573e-08, 0.999998927116394, 1.1204613625803717e-10, 1.0848540735262575e-17, 6.00015854102904e-21, 6.69366062736239e-21, 5.272903116045201e-23, 1.206979525528984e-22, 4.9534336976367785e-23, 5.824313891123248e-24, 9.78025682648504e-19, 2.8997548195363854e-25, 1.2902368041363527e-20, 2.0359476909767856e-26, 1.7694121720470549e-37, 1.5368138258280743e-26, 0.0, 3.365783776090848e-21, 2.1731133291019084e-21, 5.446783533913629e-15, 7.000098833920276e-10, 2.1574901930967392e-17, 2.9032203159651404e-17, 5.5325583253173355e-15, 3.9563029935463234e-11, 9.533632668358414e-20, 1.4251626242079134e-21, 2.298065021763341e-39, 1.1600480026674881e-26, 6.470227900159006e-26, 2.359596545311043e-19, 1.4602848617056092e-28, 2.0122029314052076e-13, 1.327604585756518e-25, 8.49987815169986e-30, 0.0, 7.882351413079452e-25, 4.3334343224383934e-16, 4.679967412891134e-24, 4.844470263582357e-15, 2.2259761156046996e-17, 1.5675927378113727e-24, 3.429095154822141e-27, 2.3567803100250877e-27, 3.697740530564574e-32, 1.5107120208480248e-23, 5.633219826585765e-43, 1.0552637377259089e-06]",1.8888822,2.2088408,2.3044703,2.532209,2.7837858
train__c13__user17__3-1-2,13,Mop_the_floor,42,0 1 2 3 4 5 6 7 8 9 10 11 12 13 14 15 16 17 18 19 20 21 22 23 24 25 26 27 28 29 30 31 32 33 34 35 36 37 38 39 40 41 -1 -1 -1 -1 -1 -1,True,42,True,True,0.5714285714285714,1.0,33,33,0.35088864,"[1.2612917998922057e-06, 0.00032597602694295347, 2.530348164071078e-13, 7.615746921985078e-11, 4.195728915126415e-14, 5.855052692361527e-19, 3.413183411281477e-23, 1.351973854973476e-25, 4.8759789144922175e-28, 1.3274251148751069e-30, 4.905304000447572e-14, 9.558110752141448e-20, 2.3423158698977578e-20, 8.414880773238225e-36, 5.131513687666647e-26, 5.913393844362468e-18, 2.4971380910718456e-23, 3.3552122624595783e-20, 5.999347581368851e-26, 1.0159252288874994e-16, 5.065613277699611e-21, 8.715868550853668e-23, 1.1097676725721728e-26, 1.3865163628768579e-13, 2.6919339029729655e-17, 9.903070813572626e-18, 2.3672134957839135e-41, 0.0, 0.0, 2.342971032351094e-42, 2.188554002191452e-30, 0.00047060137148946524, 0.09621338546276093, 0.8986948132514954, 1.5673807703468794e-29, 0.004293892066925764, 7.0945072101279425e-28, 5.774757425078571e-33, 0.0, 4.141949050477743e-35, 8.882578731631437e-40, 4.937875972190627e-22, 0.0, 0.0, 0.0, 0.0, 0.0, 0.0]",2.1161113,2.4263942,2.4905534,2.6678765,2.8908646
train__c13__user17__3-1-3,13,Mop_the_floor,27,0 1 2 3 4 5 6 7 8 9 10 11 12 13 14 15 16 17 18 19 20 21 22 23 24 25 26 -1 -1 -1 -1 -1 -1 -1 -1 -1 -1 -1 -1 -1 -1 -1 -1 -1 -1 -1 -1 -1,True,27,True,True,0.8888888888888888,1.0,8,8,0.26693413,"[0.054873399436473846, 4.466562302241073e-07, 6.820953801778273e-10, 0.009723639115691185, 6.547907000955606e-22, 2.615552367034776e-20, 6.293301806557488e-26, 4.5437353879407283e-10, 0.935392439365387, 9.036295600672872e-10, 3.291470221378212e-11, 1.613320479813829e-12, 1.199992425426899e-06, 2.9478503781333506e-30, 7.442121676167797e-28, 1.3651255403073205e-32, 1.1412862238913245e-28, 7.910181439739518e-25, 3.074444865358572e-10, 8.866811185725965e-06, 2.285444294727896e-21, 2.876949531158977e-23, 2.802596928649634e-45, 4.874837635791784e-36, 0.0, 4.834479701920619e-43, 8.471197635693689e-37, 0.0, 0.0, 0.0, 0.0, 0.0, 0.0, 0.0, 0.0, 0.0, 0.0, 0.0, 0.0, 0.0, 0.0, 0.0, 0.0, 0.0, 0.0, 0.0, 0.0, 0.0]",1.8279595,2.118196,2.1721518,2.3782177,2.6637173
train__c13__user4__2-2-1,13,Mop_the_floor,44,0 1 2 3 4 5 6 7 8 9 10 11 12 13 14 15 16 17 18 19 20 21 22 23 24 25 26 27 28 29 30 31 32 33 34 35 36 37 38 39 40 41 42 43 -1 -1 -1 -1,True,44,True,True,0.5454545454545454,1.0,0,0,0.00017709883,"[0.9999864101409912, 2.663282657522359e-06, 7.364637344409175e-09, 9.780012078408618e-06, 1.4358755850985006e-10, 7.010620669764973e-25, 1.503456146227129e-29, 1.9977612588002424e-35, 8.88621132761023e-20, 1.4341619203341063e-18, 0.0, 1.4517452090405105e-42, 0.0, 1.7630181076904344e-35, 3.7694990607551004e-34, 5.435276485446061e-16, 0.0, 5.780713875359378e-35, 0.0, 9.287563148615482e-25, 3.622927419274018e-38, 2.1381184902306823e-25, 2.0992952366702372e-30, 2.802596928649634e-45, 2.5223372357846707e-43, 1.6076643260496185e-38, 6.295704695072287e-39, 1.9246729339778114e-23, 2.0176674061530784e-34, 1.2160524323623356e-11, 2.8892765872083223e-23, 2.509466159178464e-12, 1.031434243333048e-15, 4.062284319120164e-17, 8.865012457656619e-36, 5.61130015548741e-38, 1.3066407530596757e-40, 2.7727541795563982e-24, 2.679367044234815e-18, 1.6110076814235263e-11, 1.2004355767203378e-06, 5.255483016008016e-32, 4.311280499269543e-11, 3.687633531868073e-11, 0.0, 0.0, 0.0, 0.0]",2.875778,3.1065652,3.0514216,3.1655347,3.3466828
train__c13__user4__2-2-2,13,Mop_the_floor,104,0 2 4 7 9 11 13 15 18 20 22 24 26 28 31 33 35 37 39 42 44 46 48 50 53 55 57 59 61 64 66 68 70 72 75 77 79 81 83 85 88 90 92 94 96 99 101 103,False,48,True,True,0.2307692307692307,1.0,38,83,0.006868878,"[1.885412199402338e-25, 0.0, 3.211026464169188e-17, 1.443870272197074e-33, 1.302838740347258e-15, 7.59485443691395e-20, 3.913047838665621e-27, 1.5300666245500091e-24, 4.967399434723017e-25, 4.3771208241458745e-22, 4.75273875412932e-20, 1.8825762868493422e-22, 1.6499366601926997e-29, 9.76667734608492e-23, 1.4683605440370375e-25, 2.8826817832469667e-20, 9.266364594380457e-22, 1.50994736713983e-08, 4.432685937428508e-16, 5.369369296512501e-14, 1.8115373288148595e-18, 1.999210939055866e-38, 9.708047560286204e-11, 2.0441272757126215e-20, 1.0131255643447412e-12, 2.6064151436441598e-43, 9.33056427531321e-15, 0.0, 9.722671073190275e-14, 0.0, 4.152896616032988e-21, 2.2049008452373897e-10, 6.865477323203962e-16, 1.861199029744647e-20, 2.0270090587559198e-24, 7.980855390346108e-15, 1.8257225747220218e-05, 2.587106744111889e-12, 0.9992069602012634, 7.106801263034868e-07, 0.0006857666885480285, 6.942550680832937e-05, 8.720552058250064e-10, 1.8947466742247343e-05, 9.344621329703376e-18, 1.1127007518499377e-12, 6.96310413841883e-13, 2.003991825146953e-22]",2.4214823,2.734801,2.798424,2.9502103,3.1499095
train__c13__user4__2-2-3,13,Mop_the_floor,20,0 1 2 3 4 5 6 7 8 9 10 11 12 13 14 15 16 17 18 19 -1 -1 -1 -1 -1 -1 -1 -1 -1 -1 -1 -1 -1 -1 -1 -1 -1 -1 -1 -1 -1 -1 -1 -1 -1 -1 -1 -1,True,20,True,True,1.0,1.0,1,1,4.8392003e-08,"[2.4097328576999644e-09, 1.0, 2.3440343416281095e-11, 5.749522023787777e-19, 4.472387968694228e-27, 4.421602844656769e-25, 2.2454752117716952e-24, 2.44475910105232e-17, 1.0835604807055664e-25, 2.3042797907661783e-34, 6.858629421671602e-28, 1.3871369093056198e-19, 2.414113636240955e-23, 2.425039849895388e-32, 2.1862398622989697e-33, 7.595037676640509e-43, 5.2128302872883195e-43, 1.655236166835903e-39, 9.360533768424557e-25, 4.658885768355414e-15, 0.0, 0.0, 0.0, 0.0, 0.0, 0.0, 0.0, 0.0, 0.0, 0.0, 0.0, 0.0, 0.0, 0.0, 0.0, 0.0, 0.0, 0.0, 0.0, 0.0, 0.0, 0.0, 0.0, 0.0, 0.0, 0.0, 0.0, 0.0]",1.4415758,1.895332,2.0343852,2.3004324,2.521035
train__c14__user17__3-2-1,14,Wipe_bowls,46,0 1 2 3 4 5 6 7 8 9 10 11 12 13 14 15 16 17 18 19 20 21 22 23 24 25 26 27 28 29 30 31 32 33 34 35 36 37 38 39 40 41 42 43 44 45 -1 -1,True,46,True,True,0.5217391304347826,1.0,44,44,0.33668137,"[1.8458554129630045e-10, 7.189550961723312e-21, 2.8961094081984915e-15, 2.424882872081001e-14, 1.8254402220918564e-06, 1.1617214135117848e-11, 5.8503019831725785e-15, 1.5859898360936606e-19, 1.065419111001022e-15, 7.280818234824214e-15, 2.99705105438043e-21, 9.45613288633716e-17, 7.406614909469212e-18, 1.0066000578827196e-16, 5.892666662765844e-19, 1.99646644552083e-21, 1.188560972631089e-15, 5.304409498048577e-17, 1.3097218466907767e-32, 2.7453262813851583e-33, 2.63857864282836e-37, 1.2531237479815517e-27, 1.2531237479815517e-27, 9.648518288712934e-26, 2.9337860354662584e-20, 3.1636270666995837e-25, 9.841756078334063e-24, 1.6412682541430693e-25, 7.280818234824214e-15, 6.3447572182365865e-21, 1.6546140846340762e-10, 1.483186629069877e-10, 7.395475155663397e-15, 8.609906605616221e-17, 1.7418689206019816e-19, 4.6881769842021297e-20, 3.301541199791363e-27, 7.514272982267371e-26, 5.8118556594485375e-33, 4.6881769842021297e-20, 4.8224557078766286e-14, 1.274362716685573e-06, 0.09043331444263458, 0.0004839101748075336, 0.9044682383537292, 0.0046114325523376465, 0.0, 0.0]",2.0819607,2.5125046,2.637215,2.8029854,3.0919006
train__c14__user17__3-2-2,14,Wipe_bowls,29,0 1 2 3 4 5 6 7 8 9 10 11 12 13 14 15 16 17 18 19 20 21 22 23 24 25 26 27 28 -1 -1 -1 -1 -1 -1 -1 -1 -1 -1 -1 -1 -1 -1 -1 -1 -1 -1 -1,True,29,True,True,0.8275862068965517,1.0,7,7,0.43606788,"[3.6393609548213135e-07, 1.3469316663855092e-19, 4.2319331070543795e-17, 1.5066725604227955e-14, 1.7994638982013478e-15, 4.403142889360112e-13, 2.774506583591574e-06, 0.8436330556869507, 0.15605643391609192, 4.274101252670006e-16, 1.259624071714427e-10, 2.6442928657268924e-14, 8.756694913451823e-13, 1.1226906071470921e-09, 6.0966780429501306e-18, 2.8428827217666375e-13, 2.4595755204797004e-15, 5.3272178867459e-19, 1.1056287514459134e-20, 1.419655511760096e-20, 1.1733977911499924e-14, 1.2245505025874177e-16, 8.571848959804118e-12, 3.0517897098292224e-09, 0.00018852353969123214, 9.293432867707452e-07, 2.142692828721593e-10, 2.5050614360644374e-10, 0.00011797502520494163, 0.0, 0.0, 0.0, 0.0, 0.0, 0.0, 0.0, 0.0, 0.0, 0.0, 0.0, 0.0, 0.0, 0.0, 0.0, 0.0, 0.0, 0.0, 0.0]",2.5919676,3.0081954,3.0585766,3.1381686,3.3203037
train__c14__user17__3-2-3,14,Wipe_bowls,37,0 1 2 3 4 5 6 7 8 9 10 11 12 13 14 15 16 17 18 19 20 21 22 23 24 25 26 27 28 29 30 31 32 33 34 35 36 -1 -1 -1 -1 -1 -1 -1 -1 -1 -1 -1,True,37,True,True,0.6486486486486487,1.0,1,1,7.4062187e-09,"[9.84214803501581e-16, 1.0, 3.391130987129287e-10, 2.5528590472025797e-15, 1.1572529408346755e-16, 1.5202721781956552e-20, 3.43114735181517e-23, 1.2516779523723002e-27, 5.225630043925098e-31, 3.152501155191541e-41, 6.331837175974902e-40, 2.0968182434585646e-38, 6.981298833177425e-27, 6.844224789764422e-29, 6.127801057024949e-37, 9.067124705632663e-29, 2.4126725303481552e-27, 1.7330978837849138e-32, 4.2830063902153974e-29, 3.3456658481939897e-35, 0.0, 0.0, 0.0, 0.0, 1.6492752673764196e-37, 9.806945263623303e-40, 1.628094793782599e-32, 9.27660468734609e-33, 4.725252970781585e-38, 1.9063030056413127e-35, 7.713762689030429e-39, 1.518930463912564e-39, 8.889096744477464e-31, 8.530606584955496e-32, 8.312908176829443e-22, 6.091015930264894e-25, 4.2932486992580676e-13, 0.0, 0.0, 0.0, 0.0, 0.0, 0.0, 0.0, 0.0, 0.0, 0.0, 0.0]",3.3111525,3.7094607,3.7588294,3.8549364,4.059164
train__c14__user4__4-2-1,14,Wipe_bowls,50,0 1 2 3 4 5 6 7 8 9 10 11 13 14 15 16 17 18 19 20 21 22 23 24 25 26 27 28 29 30 31 32 33 34 35 36 38 39 40 41 42 43 44 45 46 47 48 49,False,48,True,True,0.48,1.0,38,40,4.0380182e-06,"[2.993555625607769e-08, 1.0689929844098778e-11, 9.053371117020981e-13, 5.344628212222702e-11, 8.115389870527734e-13, 1.6442965050028164e-18, 1.6324750795951304e-14, 9.874768415323818e-20, 1.4489039605079866e-15, 1.4994043056168568e-21, 1.6772282030061653e-16, 1.2168102268261366e-20, 6.786821763071818e-20, 2.885830291152285e-18, 1.8688499414377065e-24, 3.8996721912208144e-16, 9.19594153429848e-13, 3.86581211486714e-09, 2.250172687068286e-10, 3.499820877550519e-08, 6.383248530444918e-12, 9.23469009594946e-11, 1.0874629105192546e-14, 4.437527344820953e-14, 6.6077861945824e-29, 3.0858541867964977e-27, 9.806824491612116e-27, 5.346290846057912e-22, 2.1144992220391085e-21, 1.1911244431929038e-19, 6.375630280571708e-20, 9.184965054174803e-21, 6.039929896052359e-16, 4.931181074116211e-27, 8.688256142091663e-14, 1.1206434326179755e-22, 6.575967770316993e-09, 2.017041811352982e-10, 0.9999997615814209, 5.212967835177551e-08, 8.360405145957372e-10, 5.158455585428656e-13, 4.710989009909208e-19, 1.1691327430913417e-13, 5.78762637316356e-14, 6.595795585325349e-15, 9.739105877315524e-08, 1.752436251667433e-10]",2.1868,2.6262915,2.7816567,2.9547687,3.2199082
train__c14__user4__4-2-2,14,Wipe_bowls,68,0 1 3 4 6 7 9 10 11 13 14 16 17 19 20 21 23 24 26 27 29 30 31 33 34 36 37 38 40 41 43 44 46 47 48 50 51 53 54 56 57 58 60 61 63 64 66 67,False,48,True,True,0.3529411764705882,1.0,44,63,0.00012405674,"[3.2572941499878513e-18, 1.9643997683472608e-17, 7.49871640419574e-19, 1.7736279062978442e-21, 8.320379073470539e-29, 6.897836660885087e-29, 2.1490865442637234e-30, 2.2583115564214515e-25, 1.4013805050051133e-29, 1.2329963001781358e-23, 5.606227373054675e-31, 6.29001267202687e-32, 1.133842274630899e-22, 1.2208317691967884e-24, 8.929018142271941e-14, 1.8382111705051464e-30, 1.9732905646868601e-26, 6.406336714997915e-27, 8.584495689365836e-29, 3.333584429496925e-33, 1.0401486963407258e-11, 7.648898757863954e-17, 1.0587521831473268e-10, 3.45802384285605e-23, 2.0798331247661587e-27, 1.6815581571897805e-44, 0.0, 0.0, 3.263215517300063e-32, 1.1939062916047441e-42, 1.9433018768742958e-37, 2.8556613437382372e-36, 1.4770441987573731e-30, 2.6705585943544893e-27, 1.1270358951653847e-10, 2.5513098694369853e-19, 1.0574885813982575e-18, 9.844729902397376e-06, 9.251273358490408e-12, 9.187619140718361e-19, 5.643312965368519e-13, 1.8503712017475804e-12, 1.551630528164212e-14, 3.8739109697871754e-08, 0.9999901056289673, 1.7361882900570163e-20, 3.7121337820632767e-19, 1.2153310254125874e-15]",3.25802,3.4623842,3.4843206,3.5837274,3.745037
train__c14__user4__4-2-3,14,Wipe_bowls,31,0 1 2 3 4 5 6 7 8 9 10 11 12 13 14 15 16 17 18 19 20 21 22 23 24 25 26 27 28 29 30 -1 -1 -1 -1 -1 -1 -1 -1 -1 -1 -1 -1 -1 -1 -1 -1 -1,True,31,True,True,0.7741935483870968,1.0,12,12,0.009570625,"[7.027207591867035e-14, 1.0298695967441154e-30, 7.854743195928257e-14, 1.6812157655319222e-31, 3.231811485093772e-10, 5.412400299876654e-36, 1.1786232346655322e-29, 3.376811964714516e-30, 3.7198846613191165e-36, 2.78686215851904e-21, 2.131000807824051e-26, 9.113135032374153e-26, 0.9987550973892212, 2.392315234800435e-10, 0.0012448433553799987, 2.1828119312061744e-09, 4.322825084002169e-11, 3.745657190330222e-29, 5.567422235663974e-30, 7.482842995354035e-38, 3.3717328721725225e-27, 8.193591179080396e-32, 3.0688436368713494e-43, 7.039983354921448e-41, 0.0, 0.0, 0.0, 0.0, 0.0, 3.7682317004158656e-41, 6.473928840257439e-40, 0.0, 0.0, 0.0, 0.0, 0.0, 0.0, 0.0, 0.0, 0.0, 0.0, 0.0, 0.0, 0.0, 0.0, 0.0, 0.0, 0.0]",2.3851194,2.799151,2.8813703,3.0407622,3.317247
train__c15__user17__2-2-1,15,Wipe_windows_and_tables,40,0 1 2 3 4 5 6 7 8 9 10 11 12 13 14 15 16 17 18 19 20 21 22 23 24 25 26 27 28 29 30 31 32 33 34 35 36 37 38 39 -1 -1 -1 -1 -1 -1 -1 -1,True,40,True,True,0.6,1.0,15,15,1.2370492,"[0.0008134743547998369, 0.1574619859457016, 5.754564540438878e-07, 0.0041311634704470634, 3.1789211789146066e-05, 0.056585151702165604, 0.004983134567737579, 0.0066533577628433704, 0.19292648136615753, 0.00017319868493359536, 3.0507178507832577e-06, 0.0018766657449305058, 1.0943226698145736e-05, 0.0002024897694354877, 1.4810046877755667e-06, 0.5670424103736877, 0.004163564648479223, 0.00013916906027588993, 0.002795285079628229, 4.1736254209612245e-13, 1.8031783833719336e-22, 2.821522927231413e-32, 2.8410712102779615e-25, 3.29373321498145e-29, 2.8780318441464868e-30, 4.8473968690338946e-31, 7.594026318150054e-33, 1.3570189116508038e-16, 9.116035834186298e-13, 4.578986363412696e-07, 4.803813054808648e-13, 1.4240556822642247e-07, 3.947922323277453e-06, 2.1658948939906608e-11, 4.9429414138121935e-18, 3.278892572489344e-20, 3.103505115360908e-35, 0.0, 0.0, 2.420653133759712e-38, 0.0, 0.0, 0.0, 0.0, 0.0, 0.0, 0.0, 0.0]",1.4235961,1.8500137,2.0613265,2.4217181,2.8393936
train__c15__user17__2-2-2,15,Wipe_windows_and_tables,41,0 1 2 3 4 5 6 7 8 9 10 11 12 13 14 15 16 17 18 19 20 21 22 23 24 25 26 27 28 29 30 31 32 33 34 35 36 37 38 39 40 -1 -1 -1 -1 -1 -1 -1,True,41,True,True,0.5853658536585366,1.0,6,6,0.0009638448,"[7.262997980816976e-10, 9.401824030419448e-08, 1.631621270384298e-12, 2.5503133826987323e-08, 4.1570096982468385e-06, 2.970677902888047e-13, 0.9999104738235474, 2.793003052144541e-14, 1.7889981708633105e-15, 1.874294157041247e-17, 6.469655359705138e-26, 2.7741996308500513e-20, 4.339578711018305e-19, 1.1942376815644688e-14, 3.4871877521019945e-12, 1.652084523229781e-25, 7.387383619324867e-14, 4.1000014854757763e-20, 8.092687494354323e-05, 1.2332509236046008e-08, 1.5533612440776778e-06, 8.781906899457681e-07, 1.267816401195887e-06, 3.1901857457800054e-13, 2.394010011931569e-13, 1.2010763079432448e-15, 6.283724408862046e-12, 2.5763178482934856e-12, 2.3537005677809475e-09, 5.387674306689405e-09, 8.853538262101057e-18, 1.7965361457598222e-13, 2.333322146264711e-28, 3.220050276733202e-16, 3.638958153902568e-21, 5.203108344176144e-07, 8.992233173354958e-12, 7.1064989830282865e-12, 1.3516164854010526e-09, 6.673944708511514e-14, 9.382078225428359e-09, 0.0, 0.0, 0.0, 0.0, 0.0, 0.0, 0.0]",1.2081798,1.6442444,1.9787917,2.3103619,2.707405
train__c15__user17__2-2-3,15,Wipe_windows_and_tables,22,0 1 2 3 4 5 6 7 8 9 10 11 12 13 14 15 16 17 18 19 20 21 -1 -1 -1 -1 -1 -1 -1 -1 -1 -1 -1 -1 -1 -1 -1 -1 -1 -1 -1 -1 -1 -1 -1 -1 -1 -1,True,22,True,True,1.0,1.0,0,0,0.08018053,"[0.9844540953636169, 0.015543611720204353, 2.3823320134397363e-06, 1.2820707848893013e-23, 9.663021326061467e-21, 6.310573590672179e-23, 8.466278934519454e-17, 2.9764204105774047e-20, 9.487564163251813e-26, 7.462547249452513e-25, 2.737065166707073e-19, 1.9490481233588892e-17, 5.3540492352122104e-12, 3.310455479622193e-14, 9.050281920099709e-15, 1.1263257985788186e-14, 3.848277761991231e-13, 5.859097096383437e-10, 7.9080483557275095e-16, 1.2200625364065956e-28, 1.803696732638796e-39, 4.832709772416981e-31, 0.0, 0.0, 0.0, 0.0, 0.0, 0.0, 0.0, 0.0, 0.0, 0.0, 0.0, 0.0, 0.0, 0.0, 0.0, 0.0, 0.0, 0.0, 0.0, 0.0, 0.0, 0.0, 0.0, 0.0, 0.0, 0.0]",1.0732987,1.5531743,1.7484958,2.002357,2.3308399
train__c15__user17__3-3-1,15,Wipe_windows_and_tables,29,0 1 2 3 4 5 6 7 8 9 10 11 12 13 14 15 16 17 18 19 20 21 22 23 24 25 26 27 28 -1 -1 -1 -1 -1 -1 -1 -1 -1 -1 -1 -1 -1 -1 -1 -1 -1 -1 -1,True,29,True,True,0.8275862068965517,1.0,5,5,1.1598282,"[2.1459802287083083e-25, 8.154956110659198e-18, 2.1088760945864315e-11, 7.56700568871338e-09, 7.070180345181143e-06, 0.6135270595550537, 0.0014646652853116393, 0.17305326461791992, 0.006340506952255964, 1.0203949329934403e-07, 6.007629116400182e-11, 3.0776478917341973e-17, 5.38520408821519e-11, 1.370821519230958e-05, 0.0013846874935552478, 0.1358310580253601, 1.4269369540131915e-11, 1.6077249254120574e-10, 6.8465185777688564e-12, 0.00019278007675893605, 2.8566109904204495e-06, 0.0018760815728455782, 0.00019315695681143552, 0.00024038772971834987, 3.9899139665067196e-05, 4.091906248504529e-06, 0.0018024489982053638, 0.05298483371734619, 0.011041338555514812, 0.0, 0.0, 0.0, 0.0, 0.0, 0.0, 0.0, 0.0, 0.0, 0.0, 0.0, 0.0, 0.0, 0.0, 0.0, 0.0, 0.0, 0.0, 0.0]",0.8660876,1.3510969,1.638939,1.9141396,2.2807963
train__c15__user17__3-3-2,15,Wipe_windows_and_tables,19,0 1 2 3 4 5 6 7 8 9 10 11 12 13 14 15 16 17 18 -1 -1 -1 -1 -1 -1 -1 -1 -1 -1 -1 -1 -1 -1 -1 -1 -1 -1 -1 -1 -1 -1 -1 -1 -1 -1 -1 -1 -1,True,19,True,True,1.0,1.0,18,18,0.3049512,"[7.597839157824637e-08, 5.764548452295848e-13, 1.3459451608799355e-10, 2.895137394593782e-21, 1.612349052666732e-17, 1.1464172710098919e-12, 0.0003778179525397718, 0.0016800853190943599, 6.4249811657646205e-06, 0.0013394809793680906, 1.4387885549638213e-08, 1.0466465028002858e-07, 0.002140484284609556, 7.096869012457319e-07, 0.00017777277389541268, 9.62478225119412e-07, 0.001971906516700983, 0.0679018571972847, 0.9244022965431213, 0.0, 0.0, 0.0, 0.0, 0.0, 0.0, 0.0, 0.0, 0.0, 0.0, 0.0, 0.0, 0.0, 0.0, 0.0, 0.0, 0.0, 0.0, 0.0, 0.0, 0.0, 0.0, 0.0, 0.0, 0.0, 0.0, 0.0, 0.0, 0.0]",0.8496862,1.3756757,1.6404248,1.8868284,2.0942988
train__c15__user17__3-3-3,15,Wipe_windows_and_tables,28,0 1 2 3 4 5 6 7 8 9 10 11 12 13 14 15 16 17 18 19 20 21 22 23 24 25 26 27 -1 -1 -1 -1 -1 -1 -1 -1 -1 -1 -1 -1 -1 -1 -1 -1 -1 -1 -1 -1,True,28,True,True,0.8571428571428571,1.0,2,2,0.40950906,"[0.000738177914172411, 0.004966322332620621, 0.9172954559326172, 0.0016635095234960318, 2.5453368834860157e-06, 1.0873656575843826e-12, 7.213023411791874e-15, 4.979871818672627e-24, 2.907372277182559e-31, 3.701877370691606e-35, 3.9287821326064055e-29, 1.6872066136973625e-26, 1.367157543007493e-22, 2.3319000672006875e-17, 3.6608431400964037e-05, 0.00018303065735381097, 0.003959496971219778, 0.03138812258839607, 0.022432079538702965, 0.017334168776869774, 3.348051436091737e-08, 3.5784651686299185e-07, 6.997367130168186e-09, 7.655142297835482e-09, 7.44643444128279e-11, 4.118173535516689e-08, 6.471505997751592e-09, 3.983682717034753e-08, 0.0, 0.0, 0.0, 0.0, 0.0, 0.0, 0.0, 0.0, 0.0, 0.0, 0.0, 0.0, 0.0, 0.0, 0.0, 0.0, 0.0, 0.0, 0.0, 0.0]",0.93881106,1.4521571,1.7071036,2.0734031,2.3206306
train__c15__user23__3-1-1,15,Wipe_windows_and_tables,84,0 2 4 5 7 9 11 12 14 16 18 19 21 23 25 26 28 30 32 34 35 37 39 41 42 44 46 48 49 51 53 55 57 58 60 62 64 65 67 69 71 72 74 76 78 79 81 83,False,48,True,True,0.2857142857142857,1.0,37,65,0.68353534,"[0.39918845891952515, 0.0015566849615424871, 2.033358441622113e-06, 2.8332417301157875e-08, 3.556909880021199e-15, 2.513894301059416e-11, 3.4134631033982293e-16, 7.545826214306467e-14, 1.4970867347891758e-29, 6.464010175985025e-17, 2.661650506814049e-34, 3.989600555221905e-31, 2.184815671684833e-35, 2.554308185349485e-35, 2.92325149404852e-34, 9.695061132497299e-36, 2.0524445614945556e-35, 7.701740722606739e-34, 3.4464888751419926e-30, 4.4694752283575234e-29, 5.33802667601061e-30, 6.048776827975414e-30, 1.2805259935823838e-29, 4.565856285938506e-30, 1.5779177888601927e-30, 8.26769751679098e-30, 8.915412925891826e-35, 5.0221659014058173e-33, 5.532400605972987e-39, 1.25727466371157e-34, 1.1811003338908819e-34, 1.67715815124972e-27, 4.696631310653023e-24, 3.0451505164790733e-22, 1.627499827183103e-19, 3.036940958812906e-27, 7.591397694299533e-26, 0.5992528200149536, 5.391215971018086e-29, 4.858817559105857e-19, 4.375128313909678e-28, 1.7056053225476568e-19, 2.238603523963689e-16, 5.497855504188465e-09, 6.641216003277464e-19, 8.654131208705805e-38, 1.1561683053398075e-33, 1.0689483046480115e-22]",2.1621463,2.406413,2.3948994,2.5596197,2.777205
train__c15__user23__3-1-2,15,Wipe_windows_and_tables,47,0 1 2 3 4 5 6 7 8 9 10 11 12 13 14 15 16 17 18 19 20 21 22 23 24 25 26 27 28 29 30 31 32 33 34 35 36 37 38 39 40 41 42 43 44 45 46 -1,True,47,True,True,0.5106382978723404,1.0,29,29,0.12195738,"[9.559562386129983e-06, 3.2137053574659086e-34, 0.026355097070336342, 5.063358413104346e-11, 1.3295190415176655e-13, 1.4208049342080697e-13, 2.5490903329224493e-16, 8.522995863620908e-16, 4.027230832464496e-27, 2.9217107221750193e-31, 8.40877169487393e-41, 5.605193857299268e-45, 0.0, 2.8768657472588494e-42, 6.96059419172359e-38, 9.067265654061603e-20, 3.708951072076078e-29, 6.685782297483319e-20, 2.3674865545859363e-27, 1.3955358358852965e-22, 2.081180453245932e-40, 0.0, 1.555441295400547e-41, 0.0, 4.2218140766974655e-38, 0.0, 2.5223372357846707e-44, 1.1607894049973557e-39, 2.457389854560144e-39, 0.973635196685791, 2.0310737625095499e-07, 2.6040923836817073e-30, 3.030774820213305e-21, 2.2394566069616424e-20, 4.180161600884182e-39, 1.6366899155406678e-14, 0.0, 1.0626322229738496e-29, 0.0, 0.0, 5.375380909149998e-42, 1.4612740385979192e-41, 5.6878601895045915e-30, 8.577134902765628e-39, 2.2406762444553825e-42, 3.920992201003284e-36, 8.820057638900659e-22, 0.0]",2.7434115,2.944283,2.9054494,3.0447598,3.1776435
train__c15__user23__3-1-3,15,Wipe_windows_and_tables,113,0 2 5 7 10 12 14 17 19 21 24 26 29 31 33 36 38 41 43 45 48 50 52 55 57 60 62 64 67 69 71 74 76 79 81 83 86 88 91 93 95 98 100 102 105 107 110 112,False,48,True,True,0.2123893805309734,1.0,28,67,0.1813279,"[3.3028380779736903e-21, 5.739471238123568e-22, 6.61810063682197e-36, 1.3173294623715294e-16, 7.316644128603045e-18, 3.378093093339522e-14, 5.463440463926439e-12, 2.138236737158955e-16, 3.5916693126483555e-22, 5.626779965012286e-24, 1.3380743580409713e-16, 1.5313450419895372e-15, 1.7673318364330726e-10, 1.6607504704779785e-08, 4.995479585545581e-10, 5.3674409751861e-13, 2.62138726524197e-12, 2.9982279120777068e-15, 9.554106394915607e-10, 3.4405656101910154e-09, 3.0027071261429228e-05, 0.00022802223975304514, 0.0025591023731976748, 0.0009827753528952599, 1.401853751303861e-05, 0.00018038043344859034, 0.02307789772748947, 3.3558098948560655e-06, 0.9660835862159729, 1.2329103810770903e-05, 3.013559535247623e-07, 9.221932850778103e-05, 1.874539989898949e-08, 8.54625814561416e-11, 6.891930602603846e-13, 1.2304704687953372e-15, 1.932889829095452e-12, 3.9947521689457017e-16, 3.2467409797328998e-18, 3.374061337745543e-22, 5.845613920507322e-17, 1.9006518291130185e-20, 1.663272986752337e-24, 2.8816465150115683e-19, 1.3193139151899536e-19, 1.7399318097410799e-10, 4.596501821652055e-05, 0.006689867470413446]",1.3897022,1.7209644,1.9099627,2.281842,2.5276277
train__c16__user17__6-1-1,16,Fold_clothes,88,0 2 4 6 7 9 11 13 15 17 19 20 22 24 26 28 30 31 33 35 37 39 41 43 44 46 48 50 52 54 56 57 59 61 63 65 67 68 70 72 74 76 78 80 81 83 85 87,False,48,True,True,0.2727272727272727,1.0,41,76,0.7087215,"[7.486760864594544e-07, 7.137520284007659e-13, 1.6060655196577421e-22, 3.06323844301405e-42, 0.0, 0.0, 1.2244017899889414e-21, 7.230374980978052e-18, 9.912425047442497e-11, 3.7804420571774244e-05, 3.592186601508729e-07, 0.000387823733035475, 0.16396790742874146, 0.033836692571640015, 0.0041048564016819, 0.011158156208693981, 0.0002973547962028533, 1.4804422789893579e-05, 5.806228831062299e-09, 3.37454736154541e-07, 4.4012389821546094e-07, 2.0909034503802104e-08, 0.00038181114359758794, 1.521027570561273e-07, 1.288168238744447e-08, 0.001738105551339686, 0.0010542143136262894, 1.3057058767529384e-09, 8.382270877405062e-09, 7.139651370113853e-11, 2.1379329964380255e-16, 2.1079579924617257e-19, 4.4666019358809045e-26, 1.515116516533977e-20, 8.874835267742154e-19, 9.052577935252139e-17, 1.5650794462501727e-12, 8.264747393404992e-12, 5.1828312475077354e-11, 9.832348693908366e-13, 0.0007712796796113253, 0.7822471261024475, 9.467095345559203e-18, 1.7078410325111198e-16, 3.728597778180379e-19, 9.22836709166849e-19, 1.8608220318407183e-17, 3.5739111018220134e-15]",1.592502,1.9097018,2.1935112,2.5515692,2.7455537
train__c16__user17__6-1-2,16,Fold_clothes,54,0 1 2 3 5 6 7 8 9 10 11 12 14 15 16 17 18 19 20 21 23 24 25 26 27 28 29 30 32 33 34 35 36 37 38 39 41 42 43 44 45 46 47 48 50 51 52 53,False,48,True,True,0.4444444444444444,1.0,34,38,0.35620266,"[0.012503382749855518, 2.9281752631504787e-06, 2.3122314079544322e-18, 1.5863277456437157e-30, 3.5032461608120427e-44, 1.660472819197085e-38, 8.887870034632727e-39, 1.8490298111940286e-24, 4.263121043168978e-28, 1.0229620969748332e-12, 1.4249498952294146e-16, 8.465370765486924e-12, 1.1487744598849367e-20, 3.0641236872423023e-16, 3.540588190402319e-16, 4.7095785726662155e-15, 2.8213108932417796e-13, 1.5786892626490356e-10, 1.867988430603873e-08, 2.0191741334496527e-10, 1.4016021131375737e-22, 2.1282203073262282e-24, 2.7368053844305604e-27, 1.9600232184859654e-26, 1.1838259237617067e-28, 7.5907640974775e-36, 3.580229960264319e-33, 2.3346031920148754e-32, 1.4326819908206724e-19, 5.520183951902939e-24, 4.044736380101009e-27, 1.987894297960577e-23, 1.8579301670602023e-18, 5.136039926689762e-10, 0.9186214804649353, 1.4174711751580027e-12, 4.5804368710378185e-05, 4.3340815381043285e-09, 1.2346649036487634e-08, 3.5726216651710274e-08, 1.7390784164657763e-16, 2.9290859228474285e-17, 6.592478434897311e-14, 1.1289121175650507e-06, 0.008593440055847168, 0.0033130664378404617, 0.056918710470199585, 9.446622373232572e-10]",1.507769,1.8787366,2.0876234,2.414569,2.682035
train__c16__user17__6-1-3,16,Fold_clothes,25,0 1 2 3 4 5 6 7 8 9 10 11 12 13 14 15 16 17 18 19 20 21 22 23 24 -1 -1 -1 -1 -1 -1 -1 -1 -1 -1 -1 -1 -1 -1 -1 -1 -1 -1 -1 -1 -1 -1 -1,True,25,True,True,0.96,1.0,16,16,0.0033732906,"[9.459003194933757e-05, 1.5034055543452357e-14, 8.11763266482682e-22, 3.6965112573472015e-32, 5.595983009376525e-28, 3.980110914223991e-34, 1.0894019648938489e-26, 4.2597427864017115e-24, 1.39671578247289e-23, 2.355264577695636e-16, 7.142251691466409e-16, 2.4397062148295845e-09, 4.999572977837374e-11, 3.4756195859721173e-13, 3.589160826322768e-07, 1.4966314665798564e-05, 0.9996665716171265, 0.00019257575331721455, 8.832678759063128e-06, 3.988388073139504e-07, 2.1271422156132758e-05, 4.662898049900832e-07, 5.427795435331007e-10, 6.7196311743838425e-19, 3.417651393230904e-21, 0.0, 0.0, 0.0, 0.0, 0.0, 0.0, 0.0, 0.0, 0.0, 0.0, 0.0, 0.0, 0.0, 0.0, 0.0, 0.0, 0.0, 0.0, 0.0, 0.0, 0.0, 0.0, 0.0]",1.0536748,1.443479,1.6760982,2.0405772,2.2545762
train__c16__user23__4-3-1,16,Fold_clothes,42,0 1 2 3 4 5 6 7 8 9 10 11 12 13 14 15 16 17 18 19 20 21 22 23 24 25 26 27 28 29 30 31 32 33 34 35 36 37 38 39 40 41 -1 -1 -1 -1 -1 -1,True,42,True,True,0.5714285714285714,1.0,36,36,0.56517863,"[2.597379681245417e-16, 5.776462944467223e-26, 6.806336879970391e-26, 9.846774811413079e-25, 5.237460557614147e-28, 2.596606054393886e-42, 1.5763314048164445e-12, 1.1795606908739597e-18, 1.2311658009541523e-19, 7.060409779915922e-16, 2.5333950432263053e-13, 1.6759529633324812e-42, 8.080447464682625e-41, 0.0, 3.534289069640292e-33, 1.8809972605742293e-32, 2.7874484826902005e-27, 6.835016682388703e-24, 8.840492796660483e-21, 4.1831545310299235e-16, 1.7744569312646693e-17, 1.0470759284498635e-18, 1.5077805190609149e-22, 2.8000299131014105e-23, 4.605397698071466e-26, 6.490775117104938e-30, 5.185788459059345e-29, 2.775752249952626e-29, 3.422440989827085e-26, 3.5523175113266747e-12, 1.534270627212564e-10, 2.413746424956287e-10, 1.9476720680700055e-08, 2.197741016951582e-10, 3.3320739500908303e-09, 2.5257796210098604e-07, 0.8002781867980957, 0.0049096825532615185, 0.0001482595835113898, 3.521473990986124e-05, 0.18423449993133545, 0.010393799282610416, 0.0, 0.0, 0.0, 0.0, 0.0, 0.0]",2.1278937,2.2731748,2.4411557,2.7322843,2.8448224
train__c16__user23__4-3-2,16,Fold_clothes,17,0 1 2 3 4 5 6 7 8 9 10 11 12 13 14 15 16 -1 -1 -1 -1 -1 -1 -1 -1 -1 -1 -1 -1 -1 -1 -1 -1 -1 -1 -1 -1 -1 -1 -1 -1 -1 -1 -1 -1 -1 -1 -1,True,17,True,True,1.0,1.0,16,16,0.14926101,"[5.143589691691134e-22, 8.20962320580386e-30, 2.7416129092466673e-24, 8.221989359354736e-33, 5.1005154600257456e-26, 4.833458650480531e-33, 1.269618625361149e-26, 5.240342230293436e-28, 1.1823404313224442e-19, 1.5881456238663386e-18, 4.168516147340144e-17, 1.401742913010321e-17, 1.0576173792357457e-20, 2.037976676305675e-09, 5.047053855378181e-05, 0.034098707139492035, 0.9658508896827698, 0.0, 0.0, 0.0, 0.0, 0.0, 0.0, 0.0, 0.0, 0.0, 0.0, 0.0, 0.0, 0.0, 0.0, 0.0, 0.0, 0.0, 0.0, 0.0, 0.0, 0.0, 0.0, 0.0, 0.0, 0.0, 0.0, 0.0, 0.0, 0.0, 0.0, 0.0]",1.0864971,1.3798743,1.7123873,2.1204462,2.2728674
train__c16__user23__4-3-3,16,Fold_clothes,21,0 1 2 3 4 5 6 7 8 9 10 11 12 13 14 15 16 17 18 19 20 -1 -1 -1 -1 -1 -1 -1 -1 -1 -1 -1 -1 -1 -1 -1 -1 -1 -1 -1 -1 -1 -1 -1 -1 -1 -1 -1,True,21,True,True,1.0,1.0,18,18,0.26062882,"[5.149485104993801e-07, 1.2619356937193515e-07, 0.00012405026063788682, 6.7831169872079045e-06, 5.768872142652981e-05, 4.4739505256075063e-07, 1.5794977770156038e-08, 1.396001717002271e-11, 2.2796191627880142e-23, 1.1400780774606194e-20, 0.0, 1.029961893550535e-07, 8.454442479433055e-09, 0.00037034560227766633, 8.846852324495558e-06, 6.150183651243424e-08, 0.00014731331611983478, 0.06948121637105942, 0.9296483993530273, 0.0001300035510212183, 2.404823862889316e-05, 0.0, 0.0, 0.0, 0.0, 0.0, 0.0, 0.0, 0.0, 0.0, 0.0, 0.0, 0.0, 0.0, 0.0, 0.0, 0.0, 0.0, 0.0, 0.0, 0.0, 0.0, 0.0, 0.0, 0.0, 0.0, 0.0, 0.0]",1.7812371,1.9290855,2.2411149,2.6421242,2.725331
train__c16__user24__4-1-1,16,Fold_clothes,94,0 2 4 6 8 10 12 14 16 18 20 22 24 26 28 30 32 34 36 38 40 42 44 46 47 49 51 53 55 57 59 61 63 65 67 69 71 73 75 77 79 81 83 85 87 89 91 93,False,48,True,True,0.2553191489361702,1.0,46,91,2.3329473e-07,"[7.305243215904866e-11, 4.809646084180663e-11, 1.5493120675280636e-11, 1.1019392409243565e-17, 4.841583251043315e-19, 5.502774186155164e-25, 1.1082494502657632e-18, 4.6533254501973764e-23, 5.93203167112936e-19, 1.1102641856484418e-32, 3.3476642657322043e-31, 3.776308960164682e-22, 1.0927112437375182e-21, 1.5965847272707577e-19, 7.456093544989684e-18, 2.6063528907769646e-20, 4.038053962165059e-31, 1.044567856034464e-35, 1.2882974908224495e-17, 1.2486607329481948e-17, 1.7838019400557882e-22, 3.819682252450507e-24, 6.192556549630422e-32, 0.0, 0.0, 0.0, 0.0, 0.0, 0.0, 1.0327065010149273e-33, 2.0835906866045705e-41, 0.0, 0.0, 0.0, 1.4072993511511081e-27, 2.9882353931558683e-33, 3.0738242505848717e-27, 2.1731157524826092e-21, 4.6673555023466976e-29, 1.1196404565051133e-28, 9.715994603367625e-37, 1.4051825476825365e-24, 8.426084599397436e-23, 1.2630024317676698e-19, 1.0078682599585997e-26, 1.0296021482694163e-27, 1.0, 1.265078175549661e-08]",4.01192,3.9905293,3.889659,3.938962,4.0445952
train__c16__user24__4-1-2,16,Fold_clothes,55,0 1 2 3 5 6 7 8 9 10 11 13 14 15 16 17 18 20 21 22 23 24 25 26 28 29 30 31 32 33 34 36 37 38 39 40 41 43 44 45 46 47 48 49 51 52 53 54,False,48,True,True,0.4363636363636363,1.0,45,52,1.4835165e-06,"[1.72372276792324e-16, 6.589891465752466e-21, 6.524875796620008e-22, 8.487100256520207e-27, 1.756146496202657e-22, 2.6362880744886024e-22, 3.6392836947100474e-21, 1.1896880981981765e-14, 1.9258484937414653e-19, 4.094200586747155e-17, 6.07822196223689e-26, 5.044674471569341e-44, 2.249557253732734e-38, 0.0, 2.802596928649634e-45, 5.3431678600520994e-39, 5.069455594131847e-38, 0.0, 2.499033642322949e-40, 0.0, 0.0, 4.647771597190812e-31, 2.6442368135080518e-28, 6.809319538401128e-24, 2.3496980125783318e-21, 1.2976264592970993e-21, 1.9703419850472283e-23, 1.8908796710769085e-24, 3.6196877644446915e-31, 2.787005097505816e-29, 4.190092519049849e-32, 3.6866286580928554e-26, 6.609759983885905e-27, 2.871148935850083e-26, 1.5699555942377793e-27, 1.4196254716226238e-34, 5.4796836111617626e-27, 8.931882529745564e-25, 4.095474137817416e-28, 1.2976264592970993e-21, 3.644765757353136e-24, 5.401175588326383e-19, 2.580638317381006e-21, 1.2293018942003713e-17, 2.390979858546416e-09, 0.9999998807907104, 8.042525934115474e-08, 1.3279857768999648e-10]",3.556955,3.6344318,3.550348,3.5892746,3.6620347
train__c16__user24__4-1-3,16,Fold_clothes,28,0 1 2 3 4 5 6 7 8 9 10 11 12 13 14 15 16 17 18 19 20 21 22 23 24 25 26 27 -1 -1 -1 -1 -1 -1 -1 -1 -1 -1 -1 -1 -1 -1 -1 -1 -1 -1 -1 -1,True,28,True,True,0.8571428571428571,1.0,27,27,1.1511752e-07,"[8.147356663757207e-39, 7.630726721150664e-33, 9.730630549256173e-40, 2.3042797907661783e-34, 0.0, 8.594839541777841e-21, 8.867668587839691e-21, 1.8305160964885477e-32, 1.0367355116334e-20, 3.099782857589101e-23, 4.383211454354711e-18, 7.279025812269337e-22, 3.0134712876211116e-29, 7.84928541460562e-27, 9.964236200200488e-25, 2.2678498313986598e-23, 1.4333251762535142e-22, 4.279118803732968e-22, 1.612994916446922e-29, 1.9427168120057017e-26, 5.0254391242003995e-31, 3.8519397132939267e-20, 1.3871369093056198e-19, 3.357674208115391e-11, 1.9200597058469104e-13, 4.745044912546348e-10, 5.473007824718934e-09, 1.0, 0.0, 0.0, 0.0, 0.0, 0.0, 0.0, 0.0, 0.0, 0.0, 0.0, 0.0, 0.0, 0.0, 0.0, 0.0, 0.0, 0.0, 0.0, 0.0, 0.0]",2.0107024,2.379619,2.4468489,2.591537,2.7723129
train__c17__user17__4-1-1,17,Tap_the_keyboard,60,0 1 3 4 5 6 8 9 10 11 13 14 15 16 18 19 20 21 23 24 25 26 28 29 30 31 33 34 35 36 38 39 40 41 43 44 45 46 48 49 50 51 53 54 55 56 58 59,False,48,True,True,0.4,1.0,26,33,1.4641602,"[3.034988083072676e-07, 1.9903937698018126e-07, 2.9709219688811572e-06, 2.6368434191681445e-07, 5.942218308518932e-07, 6.425070182558557e-07, 4.165816790191457e-05, 1.5412940683745546e-06, 2.4008733134905924e-07, 1.8408134394576336e-07, 2.3636512480607053e-07, 1.8591556454339297e-06, 2.7205456376577786e-07, 2.541164349167957e-06, 2.0418831354618305e-06, 1.310832431045128e-05, 2.6631173568603117e-06, 4.673916919273324e-06, 1.121214336308185e-05, 0.00012244016397744417, 3.0005250664544292e-05, 0.00013874287833459675, 0.18068264424800873, 0.002239196328446269, 0.017070762813091278, 0.012295607477426529, 0.3649889826774597, 0.0014012535102665424, 0.3649889826774597, 0.015787875279784203, 0.004384133964776993, 0.002459276467561722, 0.00017266829672735184, 0.0006121622864156961, 0.01268591359257698, 0.012885686941444874, 0.0017992450157180429, 0.0005933280335739255, 0.0008499031537212431, 0.0009936373680830002, 0.0013581414241343737, 0.0009481354500167072, 1.069870177161647e-05, 3.4733600386971375e-06, 4.459882347873645e-06, 0.00040146580431610346, 2.1398750504886266e-06, 1.8591556454339297e-06]",2.096801,2.2612014,2.5888023,3.004784,3.1135702
train__c17__user17__4-1-2,17,Tap_the_keyboard,68,0 1 3 4 6 7 9 10 11 13 14 16 17 19 20 21 23 24 26 27 29 30 31 33 34 36 37 38 40 41 43 44 46 47 48 50 51 53 54 56 57 58 60 61 63 64 66 67,False,48,True,True,0.3529411764705882,1.0,32,46,2.5008497,"[0.006509655620902777, 0.07930383831262589, 0.007262045051902533, 0.0031725524459034204, 0.030100341886281967, 0.005069724749773741, 7.578624354209751e-05, 2.8319249395281076e-05, 4.669054760597646e-05, 0.00011376861948519945, 8.860309753799811e-05, 0.0001330090017290786, 0.00010040045162895694, 6.269704954320332e-06, 5.608323476735677e-07, 2.183746119044372e-06, 3.348883126363944e-07, 7.472368679373176e-08, 6.051308076848727e-08, 1.6321152429554786e-07, 1.2810619409719948e-07, 4.056545003550127e-05, 1.2293978279842577e-08, 8.067403541645035e-05, 0.0002334380551474169, 0.0001629660400794819, 0.1267271786928177, 0.043795738369226456, 0.0018944178009405732, 0.09565868228673935, 0.08846981823444366, 0.09127815067768097, 0.1843869388103485, 0.10182813555002213, 0.027838263660669327, 0.07108750194311142, 0.016622986644506454, 0.004202949348837137, 0.0007418646127916873, 0.00042270173435099423, 0.0002092525246553123, 4.669054760597646e-05, 0.00018466472101863474, 0.0002563815505709499, 0.005069724749773741, 0.0005343450466170907, 0.0008147789048962295, 0.00539669394493103]",2.2691498,2.4382284,2.7554579,3.183742,3.293122
train__c17__user17__4-1-3,17,Tap_the_keyboard,49,0 1 2 3 4 5 6 7 8 9 10 11 12 13 14 15 16 17 18 19 20 21 22 23 25 26 27 28 29 30 31 32 33 34 35 36 37 38 39 40 41 42 43 44 45 46 47 48,False,48,True,True,0.4897959183673469,1.0,0,0,0.054719545,"[0.9908806085586548, 0.008572797290980816, 0.000175164284883067, 0.00016977504128590226, 3.240213118260726e-05, 1.173527562059462e-05, 1.536100313614952e-07, 3.447130580980229e-09, 1.1938036337255653e-08, 4.125674468724583e-09, 3.7350812220893204e-08, 1.0723708498971973e-07, 2.382742614326361e-10, 2.3011168082121003e-08, 5.897345389804798e-10, 2.705683677106663e-09, 7.85745149500805e-11, 9.153209745704771e-09, 1.590589215894056e-09, 8.15816676436043e-08, 6.277691144696007e-10, 5.245207046478129e-10, 5.174755290937583e-09, 1.2982012131956822e-09, 1.3418287314603816e-10, 3.0659415006795143e-09, 5.327807084398728e-10, 7.113555300364283e-10, 4.125674468724583e-09, 1.4146994686825565e-09, 3.777980983610263e-10, 3.1880746931278736e-09, 1.496918144994197e-10, 3.107682444714044e-10, 5.727932350652054e-09, 1.1191193527437804e-09, 4.460918301418815e-09, 3.69823105472733e-09, 4.4355186190614404e-08, 3.7643758332706057e-08, 5.2153419360934095e-09, 3.5844485157809913e-09, 1.4172535367507066e-10, 1.1728270576938371e-09, 6.963394749703866e-09, 2.9716120675260527e-09, 2.4687379251986385e-08, 0.00015701625670772046]",2.3334436,2.4942904,2.7933707,3.2381866,3.3635783
train__c17__user23__5-3-2,17,Tap_the_keyboard,23,0 1 2 3 4 5 6 7 8 9 10 11 12 13 14 15 16 17 18 19 20 21 22 -1 -1 -1 -1 -1 -1 -1 -1 -1 -1 -1 -1 -1 -1 -1 -1 -1 -1 -1 -1 -1 -1 -1 -1 -1,True,23,True,True,1.0,1.0,4,4,2.729856,"[0.00878667738288641, 0.007060293573886156, 0.010434437543153763, 0.027924004942178726, 0.11756444722414017, 0.026232175529003143, 0.07472850382328033, 0.031151479110121727, 0.014714917168021202, 0.041269004344940186, 0.06099163368344307, 0.03368277847766876, 0.007876326330006123, 0.08601198345422745, 0.10704364627599716, 0.05911511555314064, 0.10872934013605118, 0.010272666811943054, 0.0009705538977868855, 0.043249547481536865, 0.009956609457731247, 0.11218078434467316, 5.3070274589117616e-05, 0.0, 0.0, 0.0, 0.0, 0.0, 0.0, 0.0, 0.0, 0.0, 0.0, 0.0, 0.0, 0.0, 0.0, 0.0, 0.0, 0.0, 0.0, 0.0, 0.0, 0.0, 0.0, 0.0, 0.0, 0.0]",1.235517,1.4683512,1.9514562,2.401062,2.544211
train__c17__user23__5-3-3,17,Tap_the_keyboard,30,0 1 2 3 4 5 6 7 8 9 10 11 12 13 14 15 16 17 18 19 20 21 22 23 24 25 26 27 28 29 -1 -1 -1 -1 -1 -1 -1 -1 -1 -1 -1 -1 -1 -1 -1 -1 -1 -1,True,30,True,True,0.8,1.0,19,19,4.1591822e-05,"[0.0, 0.0, 0.0, 0.0, 0.0, 0.0, 0.0, 0.0, 0.0, 0.0, 0.0, 0.0, 0.0, 0.0, 1.5927710255323836e-35, 3.61855167281437e-20, 3.065528518092051e-32, 1.1280676430872527e-17, 4.1586627718834124e-17, 0.9999970197677612, 1.5483825803279654e-15, 1.7294528594740062e-33, 2.9041179483437766e-28, 1.0946944679502692e-35, 3.017926701431861e-06, 1.3867012427226655e-08, 0.0, 0.0, 0.0, 0.0, 0.0, 0.0, 0.0, 0.0, 0.0, 0.0, 0.0, 0.0, 0.0, 0.0, 0.0, 0.0, 0.0, 0.0, 0.0, 0.0, 0.0, 0.0]",4.3273115,4.5384912,4.455863,4.453283,4.4920907
train__c17__user24__1-2-1,17,Tap_the_keyboard,55,0 1 2 3 5 6 7 8 9 10 11 13 14 15 16 17 18 20 21 22 23 24 25 26 28 29 30 31 32 33 34 36 37 38 39 40 41 43 44 45 46 47 48 49 51 52 53 54,False,48,True,True,0.4363636363636363,1.0,47,54,1.5503058,"[0.000636106007732451, 5.060827606939711e-05, 0.0003980649053119123, 0.10207774490118027, 0.020100301131606102, 0.015654129907488823, 0.0279065053910017, 0.0033854434732347727, 0.0016499334014952183, 0.0054099224507808685, 0.11749077588319778, 0.013814722187817097, 0.003492908552289009, 0.00015108840307220817, 0.000165938152349554, 0.00039189349627122283, 0.0027631183620542288, 0.0017840033397078514, 0.000597566191572696, 0.00010547669808147475, 7.290812845894834e-06, 4.982366590411402e-05, 0.0008427034481428564, 0.00010064656817121431, 0.00042373788892291486, 8.087179594440386e-05, 0.00031489526736550033, 0.0007793732802383602, 0.00041070085717365146, 0.0014789907727390528, 0.0002693441929295659, 3.5886638215743005e-05, 0.00010384143388364464, 9.021900041261688e-05, 0.0010325018083676696, 0.0005613615503534675, 0.00016336551925633103, 0.000698625692166388, 4.982366590411402e-05, 0.0019289673073217273, 3.166984606650658e-05, 1.6430101823061705e-05, 8.844760372994642e-07, 2.5052911951206625e-05, 0.0154114356264472, 0.0016499334014952183, 0.06799844652414322, 0.58741694688797]",2.8021123,2.909608,3.167751,3.5588386,3.6136053
train__c17__user24__1-2-2,17,Tap_the_keyboard,25,0 1 2 3 4 5 6 7 8 9 10 11 12 13 14 15 16 17 18 19 20 21 22 23 24 -1 -1 -1 -1 -1 -1 -1 -1 -1 -1 -1 -1 -1 -1 -1 -1 -1 -1 -1 -1 -1 -1 -1,True,25,True,True,0.96,1.0,23,23,0.8872021,"[3.020827685218386e-11, 6.282721738692931e-12, 1.8621892650116934e-07, 4.511671704676701e-06, 3.352789690325153e-06, 8.169581633410417e-06, 0.00012194167356938124, 1.3260541891213506e-05, 0.00014480930985882878, 1.940445827131043e-06, 0.0017098617972806096, 1.0167209438805003e-05, 2.1311627733666683e-06, 1.195474055748491e-06, 0.007427300326526165, 0.0006389286718331277, 1.784400774340611e-05, 0.0009442753507755697, 0.0010868542594835162, 0.004435043781995773, 0.01647818647325039, 0.47409725189208984, 0.002819085493683815, 0.48914670944213867, 0.0008870645542629063, 0.0, 0.0, 0.0, 0.0, 0.0, 0.0, 0.0, 0.0, 0.0, 0.0, 0.0, 0.0, 0.0, 0.0, 0.0, 0.0, 0.0, 0.0, 0.0, 0.0, 0.0, 0.0, 0.0]",2.0475128,2.1838596,2.4998326,2.9115322,2.9856029
train__c17__user24__1-2-3,17,Tap_the_keyboard,31,0 1 2 3 4 5 6 7 8 9 10 11 12 13 14 15 16 17 18 19 20 21 22 23 24 25 26 27 28 29 30 -1 -1 -1 -1 -1 -1 -1 -1 -1 -1 -1 -1 -1 -1 -1 -1 -1,True,31,True,True,0.7741935483870968,1.0,5,5,2.2928894,"[0.16160660982131958, 2.6837367840926163e-05, 4.925780558551196e-06, 7.826557703083381e-05, 0.0010229238541796803, 0.18312427401542664, 0.046301066875457764, 6.590621342184022e-05, 0.0018235588213428855, 0.0005475317011587322, 4.1243059968110174e-05, 1.2849667427872191e-06, 7.645254663657397e-05, 6.239875074243173e-05, 0.0025716302916407585, 0.0020343270152807236, 0.0010553949978202581, 0.011891097761690617, 0.006364846136420965, 0.0034068564418703318, 0.001293096924200654, 0.05498387664556503, 0.0018235588213428855, 0.028083017095923424, 0.06133894994854927, 0.003515001852065325, 0.02153199538588524, 0.12985454499721527, 0.004513351712375879, 0.10934849828481674, 0.16160660982131958, 0.0, 0.0, 0.0, 0.0, 0.0, 0.0, 0.0, 0.0, 0.0, 0.0, 0.0, 0.0, 0.0, 0.0, 0.0, 0.0, 0.0]",1.9707725,2.1171405,2.4404476,2.878758,2.9788284
train__c17__user24__7-2-1,17,Tap_the_keyboard,31,0 1 2 3 4 5 6 7 8 9 10 11 12 13 14 15 16 17 18 19 20 21 22 23 24 25 26 27 28 29 30 -1 -1 -1 -1 -1 -1 -1 -1 -1 -1 -1 -1 -1 -1 -1 -1 -1,True,31,True,True,0.7741935483870968,1.0,5,5,0.030237272,"[3.0095518822876996e-24, 8.56051962429256e-21, 8.165964571205109e-10, 1.574971065565478e-05, 0.0023928957525640726, 0.9960069060325623, 2.169614344893489e-05, 5.897622759221122e-05, 5.073391093901591e-06, 1.2928148862556554e-06, 1.0011124686570838e-05, 1.63771073857788e-05, 0.0011303238570690155, 2.6887985882240173e-07, 8.044165042520035e-06, 2.697710978216694e-11, 1.0851943475775894e-11, 7.73022548750113e-11, 8.249896825290132e-20, 1.650083311934221e-20, 2.0067272496482325e-11, 1.5501098107366646e-20, 1.777187321749807e-07, 1.1941829469730436e-11, 1.7533170648675878e-06, 5.389254624788009e-07, 1.01474199709628e-06, 0.00032894295873120427, 4.200968999751309e-14, 4.644440831924612e-09, 3.286525797605364e-23, 0.0, 0.0, 0.0, 0.0, 0.0, 0.0, 0.0, 0.0, 0.0, 0.0, 0.0, 0.0, 0.0, 0.0, 0.0, 0.0, 0.0]",0.7626122,1.0975282,1.4303902,1.7795495,2.1651413
train__c17__user24__7-2-2,17,Tap_the_keyboard,19,0 1 2 3 4 5 6 7 8 9 10 11 12 13 14 15 16 17 18 -1 -1 -1 -1 -1 -1 -1 -1 -1 -1 -1 -1 -1 -1 -1 -1 -1 -1 -1 -1 -1 -1 -1 -1 -1 -1 -1 -1 -1,True,19,True,True,1.0,1.0,18,18,0.0124611,"[3.6090916637476766e-06, 3.9817523837272755e-15, 1.9883749035784737e-22, 1.9330095424921818e-28, 2.860216721032763e-20, 6.773188424919396e-15, 1.4604014664243437e-09, 1.4468570270764758e-06, 0.00046536923036910594, 7.513014868435267e-14, 4.947916642378258e-12, 6.124625696230634e-22, 2.855914518477723e-17, 6.131944588596075e-14, 9.825307678568151e-09, 1.360431271758486e-13, 1.4015046068127646e-10, 0.0010652407072484493, 0.9984643459320068, 0.0, 0.0, 0.0, 0.0, 0.0, 0.0, 0.0, 0.0, 0.0, 0.0, 0.0, 0.0, 0.0, 0.0, 0.0, 0.0, 0.0, 0.0, 0.0, 0.0, 0.0, 0.0, 0.0, 0.0, 0.0, 0.0, 0.0, 0.0, 0.0]",0.9053811,1.4386317,1.6371115,1.8617976,2.049245
train__c17__user24__7-2-3,17,Tap_the_keyboard,19,0 1 2 3 4 5 6 7 8 9 10 11 12 13 14 15 16 17 18 -1 -1 -1 -1 -1 -1 -1 -1 -1 -1 -1 -1 -1 -1 -1 -1 -1 -1 -1 -1 -1 -1 -1 -1 -1 -1 -1 -1 -1,True,19,True,True,1.0,1.0,8,8,0.20141879,"[2.3841136099804435e-18, 2.374109816899198e-20, 3.474090314166309e-21, 7.32606696258584e-34, 5.5050894929119875e-25, 1.7516044455688913e-16, 0.041616156697273254, 0.001651899772696197, 0.9546082019805908, 1.296204027312342e-05, 5.132775870997364e-10, 0.0002133227390004322, 0.001814256887882948, 8.321270433953032e-05, 1.2853490494180164e-09, 2.394159271842369e-16, 3.789288591552518e-28, 1.6273013485566149e-25, 7.423406334083893e-11, 0.0, 0.0, 0.0, 0.0, 0.0, 0.0, 0.0, 0.0, 0.0, 0.0, 0.0, 0.0, 0.0, 0.0, 0.0, 0.0, 0.0, 0.0, 0.0, 0.0, 0.0, 0.0, 0.0, 0.0, 0.0, 0.0, 0.0, 0.0, 0.0]",0.7817464,1.2806337,1.5298036,1.8116004,2.124177
train__c17__user4__4-1-1,17,Tap_the_keyboard,50,0 1 2 3 4 5 6 7 8 9 10 11 13 14 15 16 17 18 19 20 21 22 23 24 25 26 27 28 29 30 31 32 33 34 35 36 38 39 40 41 42 43 44 45 46 47 48 49,False,48,True,True,0.48,1.0,9,9,2.2584763,"[0.0420900322496891, 0.0037357027176767588, 0.05663832277059555, 0.003509367583319545, 0.0027330985758453608, 0.007546326611191034, 0.04998314753174782, 0.005351146217435598, 0.014774990268051624, 0.2660171687602997, 0.00019491551211103797, 0.18283076584339142, 0.007546326611191034, 0.004299767315387726, 0.000639103353023529, 0.00020748648967128247, 0.0007830457761883736, 0.005186509341001511, 0.006979210767894983, 0.010809613391757011, 0.21375080943107605, 0.0009012802038341761, 0.007785872556269169, 0.018387772142887115, 0.027175365015864372, 0.01648269221186638, 9.168524002234335e-07, 4.1499904909869656e-05, 0.0007953769527375698, 0.00286426255479455, 0.0003698846558108926, 6.265549018280581e-06, 5.704846898879623e-06, 0.0015331292524933815, 0.0004977341741323471, 0.0008079023682512343, 0.036568451672792435, 0.0001667200558586046, 1.2729234413200174e-06, 1.8587865469044118e-08, 1.0950239470730594e-07, 6.012864446347521e-07, 3.902097828883955e-12, 2.7628395127266003e-09, 5.447070678082748e-14, 2.546007351611479e-07, 3.567870998644196e-10, 1.0904293024083245e-09]",2.3150136,2.4591284,2.7773364,3.188006,3.275617
train__c17__user4__4-1-2,17,Tap_the_keyboard,29,0 1 2 3 4 5 6 7 8 9 10 11 12 13 14 15 16 17 18 19 20 21 22 23 24 25 26 27 28 -1 -1 -1 -1 -1 -1 -1 -1 -1 -1 -1 -1 -1 -1 -1 -1 -1 -1 -1,True,29,True,True,0.8275862068965517,1.0,26,26,2.5550964,"[0.0004874532751273364, 3.165257294313051e-05, 0.0018396294908598065, 0.0015735183842480183, 0.050504591315984726, 0.05546844005584717, 0.08726410567760468, 0.035813115537166595, 0.003894495777785778, 0.0027616110164672136, 0.0016490332782268524, 0.018872186541557312, 0.0039558252319693565, 0.02206381969153881, 0.048191819339990616, 0.008374481461942196, 0.0032794943545013666, 0.005079380236566067, 0.03753182291984558, 0.0030807997100055218, 0.012970651499927044, 0.05904584750533104, 0.00116933963727206, 0.006835053209215403, 0.1507788449525833, 0.05210777744650841, 0.20609025657176971, 0.11927589774131775, 9.06861441762885e-06, 0.0, 0.0, 0.0, 0.0, 0.0, 0.0, 0.0, 0.0, 0.0, 0.0, 0.0, 0.0, 0.0, 0.0, 0.0, 0.0, 0.0, 0.0, 0.0]",1.8494374,1.9987006,2.3659596,2.7779653,2.852395
train__c17__user4__4-1-3,17,Tap_the_keyboard,43,0 1 2 3 4 5 6 7 8 9 10 11 12 13 14 15 16 17 18 19 20 21 22 23 24 25 26 27 28 29 30 31 32 33 34 35 36 37 38 39 40 41 42 -1 -1 -1 -1 -1,True,43,True,True,0.5581395348837209,1.0,10,10,2.5070317,"[7.697531691519544e-05, 0.0035947682335972786, 0.1504836529493332, 0.009324119426310062, 0.003172371769323945, 0.036877602338790894, 0.014441478066146374, 0.08310496807098389, 0.07333987951278687, 0.02827504277229309, 0.21221597492694855, 0.07566794008016586, 0.005655364133417606, 0.009470952674746513, 0.0007653703214600682, 0.0001734665420372039, 8.999325655167922e-05, 0.001046137185767293, 2.61895311268745e-05, 0.0003092375409323722, 4.525145413936116e-05, 0.001954441424459219, 0.0006445064791478217, 3.208808266208507e-05, 0.0006149923428893089, 0.00010358161671319976, 0.008759199641644955, 0.0013644200516864657, 0.0025095525197684765, 0.002843695692718029, 0.0015951687237247825, 0.0008147324551828206, 0.030098626390099525, 0.011972406879067421, 0.0008405948174186051, 0.010081776417791843, 0.013566512614488602, 0.00014837380149401724, 7.119053043425083e-05, 0.16527396440505981, 0.014668898656964302, 0.023809971287846565, 7.460703636752442e-05, 0.0, 0.0, 0.0, 0.0, 0.0]",2.1882007,2.3336916,2.6736176,3.0723662,3.1459088
train__c17__user4__5-2-1,17,Tap_the_keyboard,51,0 1 2 3 4 5 6 7 9 10 11 12 13 14 15 16 17 18 19 20 21 22 23 24 26 27 28 29 30 31 32 33 34 35 36 37 38 39 40 41 43 44 45 46 47 48 49 50,False,48,True,True,0.4705882352941176,1.0,40,43,1.7915946,"[0.00011181224544998258, 2.133973794116173e-05, 9.415534441359341e-05, 2.4702540031285025e-06, 0.0050610085017979145, 0.046540167182683945, 0.003941517323255539, 0.1016530767083168, 0.028228038921952248, 0.0006957192090339959, 0.006498463451862335, 7.684735464863479e-05, 0.000366618245607242, 0.0027949544601142406, 0.0034244495909661055, 0.0001083721435861662, 9.867395419860259e-05, 0.003941517323255539, 0.00021552374528255314, 0.0005251563852652907, 0.0001993268815567717, 0.00010340941662434489, 8.984366286313161e-05, 2.3073758711689152e-05, 2.1675790776498616e-05, 0.0007761307642795146, 8.053533383645117e-05, 1.4666575225419365e-05, 0.00014356976316776127, 0.00020889277220703661, 0.00127962336409837, 0.0006743140984326601, 0.0013410338433459401, 0.0012402534484863281, 0.006010096520185471, 0.0075974734500050545, 0.005221662577241659, 0.03458571806550026, 0.09549423307180405, 0.011584763415157795, 0.5326240062713623, 0.057022206485271454, 0.03919075056910515, 3.463781831669621e-05, 5.177933530831069e-07, 7.037099749140907e-06, 1.0137903245777125e-06, 2.9627295589307323e-05]",2.4135723,2.5494776,2.8647242,3.2584696,3.3307521
train__c17__user4__5-2-2,17,Tap_the_keyboard,50,0 1 2 3 4 5 6 7 8 9 10 11 13 14 15 16 17 18 19 20 21 22 23 24 25 26 27 28 29 30 31 32 33 34 35 36 38 39 40 41 42 43 44 45 46 47 48 49,False,48,True,True,0.48,1.0,44,46,0.46654776,"[1.5165247532422654e-05, 0.0003732063341885805, 2.583581526494072e-08, 3.19701172202258e-07, 2.291690058206508e-13, 2.34603623420343e-13, 1.8530757484036542e-10, 3.7063845048646016e-11, 1.8715402561042538e-09, 6.171684829858748e-10, 8.59950392145814e-12, 1.1399296084846355e-07, 0.014449013397097588, 0.000578033272176981, 6.285820563789457e-05, 4.187259037280455e-05, 4.413338501763064e-06, 1.2971522664884105e-05, 7.245833444358141e-08, 8.87778099922798e-08, 2.1541293193649835e-09, 5.415480952564167e-09, 7.593568795982719e-08, 5.904981298954226e-05, 0.00030939889256842434, 1.9090228420282074e-07, 1.3987749847288455e-10, 2.30134643980362e-11, 4.678261689150531e-08, 1.7581492928187004e-09, 1.266347360306952e-09, 2.174295032214557e-12, 3.7220020399075793e-09, 9.654137933523543e-09, 1.0663714355985121e-09, 1.4597526746401579e-12, 5.339553452166079e-12, 2.9021981351332396e-14, 1.1914153474554268e-12, 5.446492146177206e-10, 2.3375874153019893e-11, 2.9275815549567596e-08, 9.544513659420772e-07, 2.23187385017809e-07, 0.8664255142211914, 0.11365029215812683, 3.7749284729216015e-06, 0.004012346267700195]",2.4423773,2.5802994,2.8709831,3.2656803,3.3666482
train__c17__user4__5-2-3,17,Tap_the_keyboard,60,0 1 3 4 5 6 8 9 10 11 13 14 15 16 18 19 20 21 23 24 25 26 28 29 30 31 33 34 35 36 38 39 40 41 43 44 45 46 48 49 50 51 53 54 55 56 58 59,False,48,True,True,0.4,1.0,47,59,1.7656767,"[7.409846602968173e-07, 6.013305664964719e-06, 0.002075016964226961, 0.0006328444578684866, 7.111013644589548e-08, 3.647254288807744e-06, 1.921967850648798e-06, 0.00025971882860176265, 1.4201528756530024e-05, 6.566720549017191e-05, 0.0038165401201695204, 5.705264993594028e-05, 0.034016452729701996, 0.0016673229401931167, 0.005911173298954964, 2.4157616280717775e-05, 0.000878617400303483, 3.101898983004503e-05, 5.0348789955023676e-05, 0.001339731621555984, 4.197963789920323e-06, 9.704982949187979e-05, 7.79817346483469e-05, 0.0002942999708466232, 0.0010112825548276305, 0.07786443829536438, 8.301112393382937e-05, 0.011217435821890831, 0.0004928596899844706, 0.0005672780680470169, 0.013114510104060173, 0.00012857012916356325, 0.0021745990961790085, 1.7979457922479014e-08, 0.01021359022706747, 0.011755771934986115, 0.006910861469805241, 3.150746852043085e-05, 2.510494923058104e-09, 1.1724078774477675e-07, 4.172867373271175e-20, 1.3571606949369652e-08, 3.9105968463459817e-10, 0.16743484139442444, 0.0008253846317529678, 0.009299580939114094, 0.31280946731567383, 0.3227391242980957]",2.5444198,2.6730404,2.9654408,3.3578334,3.4289122
train__c18__user23__4-1-1,18,Write,64,0 1 3 4 5 7 8 9 11 12 13 15 16 17 19 20 21 23 24 25 27 28 29 31 32 34 35 36 38 39 40 42 43 44 46 47 48 50 51 52 54 55 56 58 59 60 62 63,False,48,True,True,0.375,1.0,1,1,0.9263625,"[0.1917264759540558, 0.7123502492904663, 9.655135363573208e-05, 0.0006701992824673653, 0.00044644888839684427, 2.738951252467814e-06, 2.274090693532571e-09, 1.628639800799192e-08, 1.5299654876343993e-08, 5.18360354639924e-11, 1.4851272989169217e-11, 1.5452104662472266e-07, 1.6637602406888163e-09, 1.7887108683112274e-08, 2.2041244385206937e-09, 1.8852874816843723e-09, 1.3501898266099488e-08, 1.945132721559162e-09, 7.425168813135485e-11, 2.8022298370622423e-10, 1.4230894240796488e-09, 5.235253897062364e-10, 2.4207569282452823e-09, 5.8649568757118686e-08, 2.886833101456432e-07, 1.0191767430001164e-08, 5.340104181073002e-08, 4.6131464159770985e-07, 5.117034106660867e-06, 2.3932688009153935e-07, 9.863341801974457e-06, 0.03546582907438278, 0.03546582907438278, 0.0015103172045201063, 0.0007835422293283045, 0.0008605528273619711, 0.0001060409122146666, 1.1176630323461723e-05, 0.0002707849780563265, 0.00018038165580946952, 0.0010060882195830345, 0.003197341924533248, 0.0008084145374596119, 0.00023896688071545213, 1.4209491610017722e-06, 0.014784357510507107, 2.3462780607275135e-09, 5.175806450097298e-08]",2.6021233,2.7406905,3.052704,3.382549,3.477972
train__c18__user23__4-1-2,18,Write,51,0 1 2 3 4 5 6 7 9 10 11 12 13 14 15 16 17 18 19 20 21 22 23 24 26 27 28 29 30 31 32 33 34 35 36 37 38 39 40 41 43 44 45 46 47 48 49 50,False,48,True,True,0.4705882352941176,1.0,16,17,0.8349174,"[1.8255642544318107e-06, 4.525121610754468e-09, 7.460664086522684e-09, 2.9216380426078103e-09, 1.0197519273447142e-08, 5.127634317148022e-09, 7.078481445432772e-08, 2.0923950572182548e-08, 6.725992540701498e-10, 7.078481445432772e-08, 3.5241682905251537e-09, 1.6980393979793007e-07, 1.8255642544318107e-06, 0.017294419929385185, 0.08250706642866135, 0.1238577738404274, 0.7587208151817322, 0.010166864842176437, 0.002340545179322362, 5.282445727061713e-06, 5.443623592800602e-14, 1.0286837155950765e-15, 1.416225620274842e-19, 5.0633584002294455e-15, 2.107546992827225e-12, 5.172546452844682e-16, 1.6672069540896173e-12, 3.555035660806721e-16, 5.127634317148022e-09, 2.0923950572182548e-08, 3.7088588555889146e-07, 3.305669906694675e-06, 4.3360955714888405e-07, 1.142409018939361e-06, 6.86069867583683e-08, 8.431248727609406e-14, 9.485170426870582e-10, 2.989137529076785e-13, 8.822582941991897e-11, 1.1670443456068824e-07, 6.054546020095586e-08, 7.460664086522684e-09, 3.5947493870480685e-07, 5.450128355732886e-06, 8.79606232047081e-05, 0.004372714553028345, 0.0004329573130235076, 0.00019822228932753205]",2.4967048,2.6206656,2.920351,3.269128,3.3389108
train__c18__user23__4-1-3,18,Write,71,0 1 3 4 6 7 9 10 12 13 15 16 18 19 21 22 24 25 27 28 30 31 33 34 36 37 39 40 42 43 45 46 48 49 51 52 54 55 57 58 60 61 63 64 66 67 69 70,False,48,True,True,0.3380281690140845,1.0,0,0,0.62181485,"[0.8298358917236328, 0.010446093045175076, 9.940859513335454e-08, 1.8388741196417868e-08, 1.764713819518704e-09, 2.593228032310435e-08, 1.3453488989512152e-08, 3.213782573396884e-10, 4.3493816187512024e-11, 4.5581132618321973e-11, 1.001284558738158e-11, 3.150681972263758e-12, 7.059743761805848e-11, 2.9095212905616563e-09, 6.089514954510378e-07, 2.7291309834254207e-06, 1.1622042705994318e-07, 7.038521289359778e-05, 4.233328354530386e-09, 1.1639549046815745e-10, 3.22732454094421e-08, 7.253281092065023e-13, 2.0428045366394088e-10, 2.2693507229637477e-12, 7.492467557312921e-05, 2.0805829990422353e-05, 2.0805829990422353e-05, 4.306471412113266e-12, 0.001247607870027423, 0.13546699285507202, 6.764839355355434e-09, 4.499576334637823e-06, 0.000733430846594274, 0.0029007752891629934, 0.0012872111983597279, 0.0013280716957524419, 0.002992855617776513, 0.0017594090895727277, 3.767449379665777e-05, 0.0002963328151963651, 0.00047353850095532835, 0.003499002894386649, 0.003499002894386649, 0.0005040791002102196, 1.2231116670591291e-05, 8.406314918829594e-06, 0.0033913496881723404, 8.490077743772417e-05]",2.9373024,3.0527313,3.3290179,3.6706364,3.7147777
train__c18__user23__7-1-1,18,Write,31,0 1 2 3 4 5 6 7 8 9 10 11 12 13 14 15 16 17 18 19 20 21 22 23 24 25 26 27 28 29 30 -1 -1 -1 -1 -1 -1 -1 -1 -1 -1 -1 -1 -1 -1 -1 -1 -1,True,31,True,True,0.7741935483870968,1.0,0,0,1.258348,"[0.3861130177974701, 0.0019333517411723733, 3.2936959541984834e-06, 0.00033596614957787097, 0.03426947817206383, 4.840051042265259e-05, 5.931999899122032e-16, 2.674593224994986e-27, 2.1196040571377183e-41, 1.8228254540856517e-31, 0.28248631954193115, 0.28693482279777527, 4.8546444642028064e-11, 1.626102204277391e-11, 3.987414132055955e-34, 5.323764540321463e-08, 8.688211955432124e-11, 2.1980633258867525e-20, 5.47631533761965e-15, 2.0359132435476823e-10, 3.7774633215086695e-30, 6.613672827584009e-20, 4.70247408382112e-15, 0.0, 5.504455437842863e-33, 0.0, 0.0, 9.913365903476461e-17, 0.005014732945710421, 0.0005285489605739713, 0.0023320671170949936, 0.0, 0.0, 0.0, 0.0, 0.0, 0.0, 0.0, 0.0, 0.0, 0.0, 0.0, 0.0, 0.0, 0.0, 0.0, 0.0, 0.0]",1.5002037,1.7975117,1.9668695,2.2703674,2.5376174
train__c18__user23__7-1-3,18,Write,22,0 1 2 3 4 5 6 7 8 9 10 11 12 13 14 15 16 17 18 19 20 21 -1 -1 -1 -1 -1 -1 -1 -1 -1 -1 -1 -1 -1 -1 -1 -1 -1 -1 -1 -1 -1 -1 -1 -1 -1 -1,True,22,True,True,1.0,1.0,10,10,1.1172531,"[0.0019785927142947912, 0.007948719896376133, 1.534463808638975e-05, 1.3271750365362323e-09, 9.157461160242114e-36, 5.338316564768607e-40, 0.0, 2.984590863853832e-23, 0.000694551388733089, 0.27158111333847046, 0.6120175123214722, 0.024104194715619087, 0.02160686068236828, 0.04100261628627777, 0.0012576699955388904, 0.006589720491319895, 0.00048487502499483526, 0.0003280828532297164, 0.0006034367252141237, 0.007825486361980438, 0.0017461018869653344, 0.00021516198466997594, 0.0, 0.0, 0.0, 0.0, 0.0, 0.0, 0.0, 0.0, 0.0, 0.0, 0.0, 0.0, 0.0, 0.0, 0.0, 0.0, 0.0, 0.0, 0.0, 0.0, 0.0, 0.0, 0.0, 0.0, 0.0, 0.0]",1.193716,1.5043263,1.8457879,2.2087595,2.3403702
train__c18__user24__1-2-1,18,Write,34,0 1 2 3 4 5 6 7 8 9 10 11 12 13 14 15 16 17 18 19 20 21 22 23 24 25 26 27 28 29 30 31 32 33 -1 -1 -1 -1 -1 -1 -1 -1 -1 -1 -1 -1 -1 -1,True,34,True,True,0.7058823529411765,1.0,0,0,0.07081251,"[0.9906930327415466, 8.958296859873371e-08, 8.75077859063822e-08, 1.4510212587026672e-08, 4.126125645598222e-07, 9.37409422476776e-05, 8.944822911871597e-05, 0.0012347947340458632, 0.00012130980030633509, 7.357810682151467e-05, 0.00011132012150483206, 1.7439627981730155e-06, 8.064002031460404e-06, 2.858937114069704e-05, 0.00010215308429906145, 0.00013639226381201297, 4.4280084694037214e-05, 4.939800419379026e-05, 4.2917727114399895e-05, 9.42777387535898e-06, 2.483887510607019e-05, 3.157908849971136e-06, 1.085130134015344e-05, 8.651411008031573e-06, 8.127250112011097e-06, 0.00013639226381201297, 0.00031465364736504853, 0.0006819184054620564, 0.00023751302796881646, 5.5539669119752944e-05, 0.00044373280252330005, 2.9961402105982415e-05, 0.000543672707863152, 0.004660066682845354, 0.0, 0.0, 0.0, 0.0, 0.0, 0.0, 0.0, 0.0, 0.0, 0.0, 0.0, 0.0, 0.0, 0.0]",1.9561503,2.129851,2.480949,2.94354,3.0669825
train__c18__user24__1-2-2,18,Write,31,0 1 2 3 4 5 6 7 8 9 10 11 12 13 14 15 16 17 18 19 20 21 22 23 24 25 26 27 28 29 30 -1 -1 -1 -1 -1 -1 -1 -1 -1 -1 -1 -1 -1 -1 -1 -1 -1,True,31,True,True,0.7741935483870968,1.0,1,1,1.0894822,"[0.02816692180931568, 0.6360872983932495, 0.16986827552318573, 0.11766432225704193, 0.04791354760527611, 0.00017415854381397367, 0.00011969730257987976, 6.377195438389549e-10, 1.4878790473987769e-12, 7.779556079196004e-13, 7.350066058174273e-14, 4.599553905608976e-14, 2.3128011008080596e-14, 1.1556374901855839e-17, 1.4901204778422624e-15, 8.916642143879609e-15, 1.538340115014858e-11, 9.471781820037683e-16, 3.2110060189114234e-14, 3.3651053677526827e-14, 2.3309404807801e-14, 1.061105955706132e-13, 2.6413016535769586e-14, 9.310908164264498e-13, 1.3518842349822396e-13, 1.847806440193403e-13, 2.688542476755179e-13, 5.3355760700488433e-14, 8.074879306874116e-12, 8.887184738126663e-11, 5.731077180826105e-06, 0.0, 0.0, 0.0, 0.0, 0.0, 0.0, 0.0, 0.0, 0.0, 0.0, 0.0, 0.0, 0.0, 0.0, 0.0, 0.0, 0.0]",1.6128771,1.768941,2.0642424,2.523269,2.721617
train__c18__user24__1-2-3,18,Write,17,0 1 2 3 4 5 6 7 8 9 10 11 12 13 14 15 16 -1 -1 -1 -1 -1 -1 -1 -1 -1 -1 -1 -1 -1 -1 -1 -1 -1 -1 -1 -1 -1 -1 -1 -1 -1 -1 -1 -1 -1 -1 -1,True,17,True,True,1.0,1.0,15,15,1.2069333,"[1.2143455023760907e-05, 4.69157166662626e-05, 4.238482142682187e-05, 4.581523569413548e-07, 0.00011980348790530115, 0.002305110916495323, 0.0018522085156291723, 0.0003943579504266381, 0.0005828232388012111, 0.029200656339526176, 0.0245894193649292, 0.013473889790475368, 0.01813109964132309, 0.014342881739139557, 0.015387664549052715, 0.460357666015625, 0.4191604256629944, 0.0, 0.0, 0.0, 0.0, 0.0, 0.0, 0.0, 0.0, 0.0, 0.0, 0.0, 0.0, 0.0, 0.0, 0.0, 0.0, 0.0, 0.0, 0.0, 0.0, 0.0, 0.0, 0.0, 0.0, 0.0, 0.0, 0.0, 0.0, 0.0, 0.0, 0.0]",1.3378624,1.5284938,1.9273287,2.3900356,2.5229468
train__c18__user4__4-1-1,18,Write,31,0 1 2 3 4 5 6 7 8 9 10 11 12 13 14 15 16 17 18 19 20 21 22 23 24 25 26 27 28 29 30 -1 -1 -1 -1 -1 -1 -1 -1 -1 -1 -1 -1 -1 -1 -1 -1 -1,True,31,True,True,0.7741935483870968,1.0,5,5,1.4794248,"[0.0023067896254360676, 0.1201789379119873, 0.06432715058326721, 0.0022011541295796633, 0.03184424713253975, 0.6296926140785217, 0.043525926768779755, 0.0004471915599424392, 0.003985774703323841, 0.00034827314084395766, 0.006886801216751337, 0.010178033262491226, 0.0013774470426142216, 7.1870228566695e-05, 0.012086713686585426, 0.00010621730325510725, 0.0006306411814875901, 0.0004200975818093866, 3.6707719118567184e-05, 0.0018248207634314895, 0.0001301401644013822, 0.00035932849277742207, 0.0001751227246131748, 0.009413141757249832, 0.00488347327336669, 0.015042156912386417, 0.013911721296608448, 0.0002145648468285799, 0.0002548020565882325, 0.02293655090034008, 0.00020156503887847066, 0.0, 0.0, 0.0, 0.0, 0.0, 0.0, 0.0, 0.0, 0.0, 0.0, 0.0, 0.0, 0.0, 0.0, 0.0, 0.0, 0.0]",1.8032347,1.967564,2.341514,2.774319,2.8688478
train__c18__user4__4-1-2,18,Write,44,0 1 2 3 4 5 6 7 8 9 10 11 12 13 14 15 16 17 18 19 20 21 22 23 24 25 26 27 28 29 30 31 32 33 34 35 36 37 38 39 40 41 42 43 -1 -1 -1 -1,True,44,True,True,0.5454545454545454,1.0,40,40,2.3532343,"[0.00779767706990242, 0.06427694112062454, 0.18026915192604065, 0.02291864901781082, 0.022563327103853226, 0.0015841943677514791, 0.0002976612886413932, 0.0015354537172243, 0.0029596646782010794, 0.0011059459066018462, 0.013685349375009537, 0.0763307586312294, 0.060382597148418427, 0.026794616132974625, 0.005113841500133276, 0.004512949381023645, 0.0013133431784808636, 0.0008479580865241587, 0.04349195212125778, 0.00040054702549241483, 0.004173795692622662, 0.004045382142066956, 0.0036833621561527252, 9.970404062187299e-05, 0.0007965829572640359, 2.8122814910602756e-05, 0.0015354537172243, 5.3367726650321856e-05, 0.0008091272320598364, 0.005616456735879183, 0.0034601986408233643, 0.008564073592424393, 0.026794616132974625, 0.004956505727022886, 0.002611894626170397, 0.014119770377874374, 0.0015116487629711628, 0.002453648252412677, 0.0010719194542616606, 0.010826002806425095, 0.3529498279094696, 0.002234071958810091, 0.00940579455345869, 1.602389784238767e-05, 0.0, 0.0, 0.0, 0.0]",1.8971947,2.0934458,2.4919562,2.9040644,3.0266964
train__c18__user4__4-1-3,18,Write,20,0 1 2 3 4 5 6 7 8 9 10 11 12 13 14 15 16 17 18 19 -1 -1 -1 -1 -1 -1 -1 -1 -1 -1 -1 -1 -1 -1 -1 -1 -1 -1 -1 -1 -1 -1 -1 -1 -1 -1 -1 -1,True,20,True,True,1.0,1.0,17,17,1.6573662,"[2.5873782760754693e-06, 1.9838116713799536e-06, 0.00040242960676550865, 1.7137519535026513e-05, 0.018215354532003403, 0.2894231677055359, 0.010059474036097527, 0.0033172625117003918, 8.8402048277203e-05, 0.0006532077677547932, 0.00013691977073904127, 0.005642853677272797, 0.10814953595399857, 0.004128400236368179, 0.012134040705859661, 0.006295057944953442, 0.005913659930229187, 0.38342341780662537, 0.040412530303001404, 0.11158256977796555, 0.0, 0.0, 0.0, 0.0, 0.0, 0.0, 0.0, 0.0, 0.0, 0.0, 0.0, 0.0, 0.0, 0.0, 0.0, 0.0, 0.0, 0.0, 0.0, 0.0, 0.0, 0.0, 0.0, 0.0, 0.0, 0.0, 0.0, 0.0]",1.4380747,1.6060691,2.0139155,2.4367313,2.5238338
train__c19__user23__4-2-1,19,Make_a_phone_call,22,0 1 2 3 4 5 6 7 8 9 10 11 12 13 14 15 16 17 18 19 20 21 -1 -1 -1 -1 -1 -1 -1 -1 -1 -1 -1 -1 -1 -1 -1 -1 -1 -1 -1 -1 -1 -1 -1 -1 -1 -1,True,22,True,True,1.0,1.0,13,13,0.71028024,"[4.567585025483378e-12, 2.0943427486784082e-15, 0.0, 0.0, 3.7436623245845624e-10, 4.6130974040714534e-11, 5.982355166800346e-10, 1.647328310545003e-14, 2.17714907388113e-30, 1.965716295565243e-34, 2.371106415021685e-34, 6.324367530207293e-17, 0.0001289885985897854, 0.7889624834060669, 0.0035412113647907972, 0.0023589550983160734, 0.0012626576935872436, 0.00293576717376709, 8.865248673828319e-05, 1.2771601177519187e-05, 0.10348935425281525, 0.09721925109624863, 0.0, 0.0, 0.0, 0.0, 0.0, 0.0, 0.0, 0.0, 0.0, 0.0, 0.0, 0.0, 0.0, 0.0, 0.0, 0.0, 0.0, 0.0, 0.0, 0.0, 0.0, 0.0, 0.0, 0.0, 0.0, 0.0]",3.319707,3.4368563,3.3854468,3.4294665,3.5110223
train__c19__user23__4-2-2,19,Make_a_phone_call,37,0 1 2 3 4 5 6 7 8 9 10 11 12 13 14 15 16 17 18 19 20 21 22 23 24 25 26 27 28 29 30 31 32 33 34 35 36 -1 -1 -1 -1 -1 -1 -1 -1 -1 -1 -1,True,37,True,True,0.6486486486486487,1.0,36,36,0.020100558,"[7.412904749518969e-38, 3.2697098148565197e-26, 4.675143952526106e-12, 1.9135025180762605e-17, 1.8889291172885514e-12, 1.5659771656489907e-12, 3.6927803037656304e-09, 1.915789304973714e-09, 2.404373481112998e-05, 6.535764259751886e-05, 2.1676082724297885e-06, 3.925031705875881e-06, 3.82605605864228e-07, 2.1800207150590722e-07, 1.671480163167871e-07, 1.5612697552569443e-06, 4.473112653613498e-07, 1.3430720002816088e-07, 3.0568178317480488e-06, 2.0801907396617025e-07, 9.376153542461907e-08, 1.11344576225747e-07, 1.013803867522256e-07, 1.142249288932362e-06, 3.2913394676370444e-08, 1.9430315205681836e-06, 1.356454731649137e-06, 2.1462230392899073e-07, 1.1602370477703516e-06, 1.8646706223535148e-07, 5.8921700656355824e-06, 1.1602370477703516e-06, 4.0728153294367075e-07, 1.0180758181377314e-05, 3.0266593853411905e-07, 0.0026935746427625418, 0.9971803426742554, 0.0, 0.0, 0.0, 0.0, 0.0, 0.0, 0.0, 0.0, 0.0, 0.0, 0.0]",2.3638375,2.5129218,2.674878,3.0664074,3.2577543
train__c19__user23__4-2-3,19,Make_a_phone_call,18,0 1 2 3 4 5 6 7 8 9 10 11 12 13 14 15 16 17 -1 -1 -1 -1 -1 -1 -1 -1 -1 -1 -1 -1 -1 -1 -1 -1 -1 -1 -1 -1 -1 -1 -1 -1 -1 -1 -1 -1 -1 -1,True,18,True,True,1.0,1.0,16,16,0.45979834,"[1.537274906950591e-36, 4.537340695084354e-34, 1.1026114163942894e-38, 0.0, 0.0, 4.36091312797959e-38, 1.140332643505823e-22, 4.338564849604154e-07, 1.9863396971686598e-07, 3.192338127178118e-08, 3.541033208875888e-07, 1.057157305695e-06, 0.00015206886746454984, 0.0005307724932208657, 0.010332850739359856, 0.002869328949600458, 0.860232949256897, 0.12587988376617432, 0.0, 0.0, 0.0, 0.0, 0.0, 0.0, 0.0, 0.0, 0.0, 0.0, 0.0, 0.0, 0.0, 0.0, 0.0, 0.0, 0.0, 0.0, 0.0, 0.0, 0.0, 0.0, 0.0, 0.0, 0.0, 0.0, 0.0, 0.0, 0.0, 0.0]",2.0558681,2.399221,2.4812095,2.706687,2.8679588
train__c19__user24__3-2-1,19,Make_a_phone_call,29,0 1 2 3 4 5 6 7 8 9 10 11 12 13 14 15 16 17 18 19 20 21 22 23 24 25 26 27 28 -1 -1 -1 -1 -1 -1 -1 -1 -1 -1 -1 -1 -1 -1 -1 -1 -1 -1 -1,True,29,True,True,0.8275862068965517,1.0,7,7,0.877337,"[0.0014816159382462502, 0.0014360313070937991, 0.00023811733990442008, 0.0001611182524356991, 0.018622739240527153, 0.0007450033444911242, 0.003554212162271142, 0.791858971118927, 0.001602008705958724, 8.406570486840792e-06, 0.0001611182524356991, 2.2899808698622152e-17, 1.7634505983829367e-14, 1.0383621620646894e-42, 1.492345091946845e-07, 1.361820503200772e-15, 4.093418219157362e-25, 6.026169699874187e-38, 3.423286403408174e-32, 8.723091582396592e-07, 3.273315815022215e-05, 0.005091173108667135, 4.970268037141068e-07, 0.005419525783509016, 0.005091173108667135, 0.07365435361862183, 0.04262787476181984, 0.047554828226566315, 0.0006574630970135331, 0.0, 0.0, 0.0, 0.0, 0.0, 0.0, 0.0, 0.0, 0.0, 0.0, 0.0, 0.0, 0.0, 0.0, 0.0, 0.0, 0.0, 0.0, 0.0]",1.4965456,1.6880893,2.0540817,2.483067,2.6126578
train__c19__user24__3-2-2,19,Make_a_phone_call,12,0 1 2 3 4 5 6 7 8 9 10 11 -1 -1 -1 -1 -1 -1 -1 -1 -1 -1 -1 -1 -1 -1 -1 -1 -1 -1 -1 -1 -1 -1 -1 -1 -1 -1 -1 -1 -1 -1 -1 -1 -1 -1 -1 -1,True,12,True,True,1.0,1.0,10,10,0.34282073,"[3.081711838603951e-06, 1.0971790481096853e-16, 7.0691305628507525e-31, 0.0, 0.0, 0.0, 9.829056324406338e-08, 0.00017359676712658256, 8.460431126877666e-05, 0.000471884966827929, 0.8941333293914795, 0.10513339191675186, 0.0, 0.0, 0.0, 0.0, 0.0, 0.0, 0.0, 0.0, 0.0, 0.0, 0.0, 0.0, 0.0, 0.0, 0.0, 0.0, 0.0, 0.0, 0.0, 0.0, 0.0, 0.0, 0.0, 0.0, 0.0, 0.0, 0.0, 0.0, 0.0, 0.0, 0.0, 0.0, 0.0, 0.0, 0.0, 0.0]",1.4713881,1.7047312,1.9510168,2.2289674,2.3476846
train__c19__user24__3-2-3,19,Make_a_phone_call,23,0 1 2 3 4 5 6 7 8 9 10 11 12 13 14 15 16 17 18 19 20 21 22 -1 -1 -1 -1 -1 -1 -1 -1 -1 -1 -1 -1 -1 -1 -1 -1 -1 -1 -1 -1 -1 -1 -1 -1 -1,True,23,True,True,1.0,1.0,20,20,1.492703,"[0.055965036153793335, 0.001638001878745854, 0.08533649146556854, 2.788068878651326e-25, 4.995685841109086e-17, 0.0, 2.4244568521680776e-06, 8.4140025137458e-05, 1.9144704434700394e-18, 6.06588564100452e-12, 0.0, 3.4530999982962385e-05, 1.0265795253872056e-06, 0.010352491401135921, 1.3037862314020567e-14, 0.0038684431929141283, 0.019954947754740715, 0.07892335206270218, 0.053402211517095566, 0.05095674470067024, 0.5923526287078857, 0.047127287834882736, 1.325702640997406e-07, 0.0, 0.0, 0.0, 0.0, 0.0, 0.0, 0.0, 0.0, 0.0, 0.0, 0.0, 0.0, 0.0, 0.0, 0.0, 0.0, 0.0, 0.0, 0.0, 0.0, 0.0, 0.0, 0.0, 0.0, 0.0]",1.5116285,1.6865621,2.0225914,2.4108233,2.5303342
train__c19__user4__6-1-2,19,Make_a_phone_call,34,0 1 2 3 4 5 6 7 8 9 10 11 12 13 14 15 16 17 18 19 20 21 22 23 24 25 26 27 28 29 30 31 32 33 -1 -1 -1 -1 -1 -1 -1 -1 -1 -1 -1 -1 -1 -1,True,34,True,True,0.7058823529411765,1.0,13,13,1.5541501,"[0.0007446338422596455, 5.228150257607922e-05, 5.832422903040424e-05, 1.6128095126077824e-07, 2.4313156245625578e-05, 0.0007217238307930529, 0.005502141546458006, 0.05220286175608635, 0.24904592335224152, 3.108771693405288e-07, 0.0013068730477243662, 0.0001882729266071692, 0.0005280245095491409, 0.4952869713306427, 0.0022230662871152163, 0.014050209894776344, 0.025441642850637436, 0.07595472037792206, 0.0011004975531250238, 1.7992189782489731e-07, 0.0012866118922829628, 2.731969761526898e-09, 2.333262727916008e-06, 1.7638922544804814e-09, 0.0002573385718278587, 4.633325278622594e-16, 8.54757775670123e-09, 0.0015763898845762014, 0.002441560383886099, 0.0032345419749617577, 0.037017371505498886, 0.02974429354071617, 1.9043537804463995e-06, 4.568306394503452e-06, 0.0, 0.0, 0.0, 0.0, 0.0, 0.0, 0.0, 0.0, 0.0, 0.0, 0.0, 0.0, 0.0, 0.0]",2.04128,2.1763802,2.5163512,2.914108,2.976818
train__c19__user4__6-1-3,19,Make_a_phone_call,38,0 1 2 3 4 5 6 7 8 9 10 11 12 13 14 15 16 17 18 19 20 21 22 23 24 25 26 27 28 29 30 31 32 33 34 35 36 37 -1 -1 -1 -1 -1 -1 -1 -1 -1 -1,True,38,True,True,0.631578947368421,1.0,13,13,0.024835536,"[6.563209420384908e-10, 1.8064656776841437e-17, 2.592701677096409e-17, 2.985109802518822e-28, 0.0, 0.0, 0.0, 1.8708479247997946e-31, 7.440894845564779e-43, 5.444409734005116e-19, 2.2859743264991295e-10, 2.560997884669929e-34, 2.1365220163716003e-05, 0.9962608218193054, 1.3246343934851248e-28, 1.0743107850430533e-05, 9.136860029609657e-18, 0.0, 0.0, 0.0, 1.401298464324817e-45, 2.0038568039844884e-43, 1.7059924258722415e-34, 7.593215988636886e-41, 7.440894845564779e-43, 0.0, 3.3070643758065683e-43, 1.401298464324817e-45, 1.4045214507927642e-41, 0.0, 0.0, 0.0, 0.0, 0.0, 6.6988221947146e-30, 4.443653115741146e-32, 2.4584182621291046e-20, 0.003707134397700429, 0.0, 0.0, 0.0, 0.0, 0.0, 0.0, 0.0, 0.0, 0.0, 0.0]",2.6560438,3.0257132,3.084992,3.2303932,3.5094583
train__c20__user17__1-2-1,20,Check_the_time,17,0 1 2 3 4 5 6 7 8 9 10 11 12 13 14 15 16 -1 -1 -1 -1 -1 -1 -1 -1 -1 -1 -1 -1 -1 -1 -1 -1 -1 -1 -1 -1 -1 -1 -1 -1 -1 -1 -1 -1 -1 -1 -1,True,17,True,True,1.0,1.0,0,0,4.5509728e-11,"[1.0, 1.6782303628379291e-12, 1.2080623445246227e-16, 2.2877134394121284e-30, 2.7322840393196706e-31, 1.2263693789838915e-33, 1.4686304578770328e-16, 0.0, 3.7177626067873097e-22, 2.984625599165428e-41, 1.8621436203278172e-35, 5.061831351153133e-35, 0.0, 7.567011707354012e-44, 3.60021601454332e-41, 5.112267635231842e-34, 3.1723844593615387e-38, 0.0, 0.0, 0.0, 0.0, 0.0, 0.0, 0.0, 0.0, 0.0, 0.0, 0.0, 0.0, 0.0, 0.0, 0.0, 0.0, 0.0, 0.0, 0.0, 0.0, 0.0, 0.0, 0.0, 0.0, 0.0, 0.0, 0.0, 0.0, 0.0, 0.0, 0.0]",1.333305,1.7890948,1.9238218,2.1811514,2.3501313
train__c20__user17__1-2-2,20,Check_the_time,20,0 1 2 3 4 5 6 7 8 9 10 11 12 13 14 15 16 17 18 19 -1 -1 -1 -1 -1 -1 -1 -1 -1 -1 -1 -1 -1 -1 -1 -1 -1 -1 -1 -1 -1 -1 -1 -1 -1 -1 -1 -1,True,20,True,True,1.0,1.0,8,8,0.0033266202,"[5.111999967020322e-19, 1.7071584488929925e-13, 4.326398629928008e-05, 3.6445753082148258e-09, 4.025704769539118e-10, 3.1314797720233827e-18, 1.6221467621769614e-15, 0.00023138390679378062, 0.9996615648269653, 4.324219244724718e-28, 6.3752981077414e-05, 1.2675323258822079e-32, 1.2759172380747905e-14, 2.3645003039106667e-29, 9.663172469832929e-32, 2.0426162619278253e-28, 0.0, 8.711613613198928e-33, 1.9188605777851195e-28, 3.111752633344622e-08, 0.0, 0.0, 0.0, 0.0, 0.0, 0.0, 0.0, 0.0, 0.0, 0.0, 0.0, 0.0, 0.0, 0.0, 0.0, 0.0, 0.0, 0.0, 0.0, 0.0, 0.0, 0.0, 0.0, 0.0, 0.0, 0.0, 0.0, 0.0]",1.2602861,1.7112451,1.8558973,2.1334465,2.3866808
train__c20__user17__1-2-3,20,Check_the_time,11,0 1 2 3 4 5 6 7 8 9 10 -1 -1 -1 -1 -1 -1 -1 -1 -1 -1 -1 -1 -1 -1 -1 -1 -1 -1 -1 -1 -1 -1 -1 -1 -1 -1 -1 -1 -1 -1 -1 -1 -1 -1 -1 -1 -1,True,11,True,True,1.0,1.0,1,1,0.45635954,"[0.04580586031079292, 0.8779038190841675, 0.07552109658718109, 7.893206657172414e-07, 0.0007176036015152931, 1.0991673066521046e-12, 1.3058781833663602e-09, 2.802596928649634e-45, 3.0113556476321166e-38, 4.657062671019755e-35, 5.077884634374641e-05, 0.0, 0.0, 0.0, 0.0, 0.0, 0.0, 0.0, 0.0, 0.0, 0.0, 0.0, 0.0, 0.0, 0.0, 0.0, 0.0, 0.0, 0.0, 0.0, 0.0, 0.0, 0.0, 0.0, 0.0, 0.0, 0.0, 0.0, 0.0, 0.0, 0.0, 0.0, 0.0, 0.0, 0.0, 0.0, 0.0, 0.0]",0.85666186,1.313987,1.5369436,1.8394082,2.0397613
train__c20__user17__4-1-1,20,Check_the_time,14,0 1 2 3 4 5 6 7 8 9 10 11 12 13 -1 -1 -1 -1 -1 -1 -1 -1 -1 -1 -1 -1 -1 -1 -1 -1 -1 -1 -1 -1 -1 -1 -1 -1 -1 -1 -1 -1 -1 -1 -1 -1 -1 -1,True,14,True,True,1.0,1.0,13,13,0.00029775844,"[3.4196909837191924e-06, 1.4939522543500061e-06, 9.645681302572484e-07, 4.1485557744636026e-07, 2.443943003527238e-06, 6.681368063254922e-07, 1.7566091514709115e-07, 3.329479416101051e-15, 3.9407924840029196e-11, 2.1074657838081048e-17, 3.4787759339849345e-09, 1.2022327577909664e-09, 1.3211831173975952e-05, 0.9999771118164062, 0.0, 0.0, 0.0, 0.0, 0.0, 0.0, 0.0, 0.0, 0.0, 0.0, 0.0, 0.0, 0.0, 0.0, 0.0, 0.0, 0.0, 0.0, 0.0, 0.0, 0.0, 0.0, 0.0, 0.0, 0.0, 0.0, 0.0, 0.0, 0.0, 0.0, 0.0, 0.0, 0.0, 0.0]",1.239645,1.4406374,1.8178173,2.2509284,2.3940883
train__c20__user17__4-1-2,20,Check_the_time,8,0 1 2 3 4 5 6 7 -1 -1 -1 -1 -1 -1 -1 -1 -1 -1 -1 -1 -1 -1 -1 -1 -1 -1 -1 -1 -1 -1 -1 -1 -1 -1 -1 -1 -1 -1 -1 -1 -1 -1 -1 -1 -1 -1 -1 -1,True,8,True,True,1.0,1.0,7,7,0.0012541522,"[2.9247207748994697e-06, 7.50285167328002e-08, 3.14061791980777e-13, 9.410040529721133e-15, 7.05200481343482e-11, 6.021927401178573e-09, 0.00012100781896151602, 0.9998759031295776, 0.0, 0.0, 0.0, 0.0, 0.0, 0.0, 0.0, 0.0, 0.0, 0.0, 0.0, 0.0, 0.0, 0.0, 0.0, 0.0, 0.0, 0.0, 0.0, 0.0, 0.0, 0.0, 0.0, 0.0, 0.0, 0.0, 0.0, 0.0, 0.0, 0.0, 0.0, 0.0, 0.0, 0.0, 0.0, 0.0, 0.0, 0.0, 0.0, 0.0]",1.0083108,1.2099628,1.5584038,1.8818328,2.0404124
train__c20__user17__4-1-3,20,Check_the_time,7,0 1 2 3 4 5 6 -1 -1 -1 -1 -1 -1 -1 -1 -1 -1 -1 -1 -1 -1 -1 -1 -1 -1 -1 -1 -1 -1 -1 -1 -1 -1 -1 -1 -1 -1 -1 -1 -1 -1 -1 -1 -1 -1 -1 -1 -1,True,7,True,True,1.0,1.0,6,6,2.4106585e-06,"[6.810250696709375e-10, 2.603986633525207e-13, 4.959358000899668e-15, 3.1837705215254086e-14, 5.159996388504062e-11, 1.4449801710725296e-07, 0.9999998807907104, 0.0, 0.0, 0.0, 0.0, 0.0, 0.0, 0.0, 0.0, 0.0, 0.0, 0.0, 0.0, 0.0, 0.0, 0.0, 0.0, 0.0, 0.0, 0.0, 0.0, 0.0, 0.0, 0.0, 0.0, 0.0, 0.0, 0.0, 0.0, 0.0, 0.0, 0.0, 0.0, 0.0, 0.0, 0.0, 0.0, 0.0, 0.0, 0.0, 0.0, 0.0]",0.96088755,1.1763532,1.5265329,1.8544713,2.0178645
train__c20__user24__7-2-1,20,Check_the_time,22,0 1 2 3 4 5 6 7 8 9 10 11 12 13 14 15 16 17 18 19 20 21 -1 -1 -1 -1 -1 -1 -1 -1 -1 -1 -1 -1 -1 -1 -1 -1 -1 -1 -1 -1 -1 -1 -1 -1 -1 -1,True,22,True,True,1.0,1.0,18,18,3.1585732e-09,"[5.150761573279297e-23, 4.6757241083674494e-17, 2.0092286424111206e-36, 8.081440861961946e-28, 9.304574158968998e-39, 7.868251865034601e-37, 4.39516983075786e-39, 7.318614738970866e-38, 9.80908925027372e-45, 0.0, 9.68100527933143e-35, 1.1210387714598537e-44, 4.618548987626942e-34, 6.375710912179218e-33, 2.4721314301027256e-34, 1.480167289764457e-29, 8.862375009310409e-25, 9.39144286257298e-16, 1.0, 3.4466766838744235e-32, 1.3726315829351756e-24, 1.3917172969613034e-10, 0.0, 0.0, 0.0, 0.0, 0.0, 0.0, 0.0, 0.0, 0.0, 0.0, 0.0, 0.0, 0.0, 0.0, 0.0, 0.0, 0.0, 0.0, 0.0, 0.0, 0.0, 0.0, 0.0, 0.0, 0.0, 0.0]",2.7489834,3.1392565,3.157767,3.235729,3.2654877
train__c20__user24__7-2-2,20,Check_the_time,11,0 1 2 3 4 5 6 7 8 9 10 -1 -1 -1 -1 -1 -1 -1 -1 -1 -1 -1 -1 -1 -1 -1 -1 -1 -1 -1 -1 -1 -1 -1 -1 -1 -1 -1 -1 -1 -1 -1 -1 -1 -1 -1 -1 -1,True,11,True,True,1.0,1.0,10,10,1.21440015e-17,"[2.508782404955906e-27, 3.9634994840813493e-25, 2.3174752027302318e-35, 5.784245648136424e-31, 6.5544083878968715e-31, 2.85999131115145e-39, 8.525514564980869e-36, 1.1583043464308232e-23, 3.951585250303303e-19, 4.433555605139249e-20, 1.0, 0.0, 0.0, 0.0, 0.0, 0.0, 0.0, 0.0, 0.0, 0.0, 0.0, 0.0, 0.0, 0.0, 0.0, 0.0, 0.0, 0.0, 0.0, 0.0, 0.0, 0.0, 0.0, 0.0, 0.0, 0.0, 0.0, 0.0, 0.0, 0.0, 0.0, 0.0, 0.0, 0.0, 0.0, 0.0, 0.0, 0.0]",2.7103245,2.8731024,2.8092449,2.8874648,2.9557908
train__c20__user24__7-2-3,20,Check_the_time,19,0 1 2 3 4 5 6 7 8 9 10 11 12 13 14 15 16 17 18 -1 -1 -1 -1 -1 -1 -1 -1 -1 -1 -1 -1 -1 -1 -1 -1 -1 -1 -1 -1 -1 -1 -1 -1 -1 -1 -1 -1 -1,True,19,True,True,1.0,1.0,5,5,0.64092696,"[0.0, 0.0, 0.0, 2.707790968828197e-31, 9.097310905707643e-38, 0.6601721048355103, 8.10330247320119e-15, 3.854823944493546e-07, 7.681411833506213e-33, 3.985063969873776e-33, 1.127077314614743e-28, 1.6261547872933607e-32, 1.8824107557968947e-33, 1.9947874434364886e-24, 1.3288148956003534e-24, 3.173298822605093e-15, 1.1253820648553748e-25, 0.3398274779319763, 1.0060664003772524e-30, 0.0, 0.0, 0.0, 0.0, 0.0, 0.0, 0.0, 0.0, 0.0, 0.0, 0.0, 0.0, 0.0, 0.0, 0.0, 0.0, 0.0, 0.0, 0.0, 0.0, 0.0, 0.0, 0.0, 0.0, 0.0, 0.0, 0.0, 0.0, 0.0]",2.440039,2.6963,2.7253194,2.8232975,2.910316
train__c20__user4__5-2-1,20,Check_the_time,23,0 1 2 3 4 5 6 7 8 9 10 11 12 13 14 15 16 17 18 19 20 21 22 -1 -1 -1 -1 -1 -1 -1 -1 -1 -1 -1 -1 -1 -1 -1 -1 -1 -1 -1 -1 -1 -1 -1 -1 -1,True,23,True,True,1.0,1.0,21,21,8.492547e-09,"[3.909144872689905e-39, 1.401298464324817e-44, 2.7465449900766415e-43, 3.603379290143201e-22, 9.257121786836173e-34, 5.191159771324389e-23, 1.369748740060852e-25, 7.598708298374055e-35, 2.105601110136135e-10, 3.5571036123381036e-17, 7.960901843286382e-24, 9.94615431682e-11, 5.295126817114666e-21, 3.003478542262794e-12, 1.9538416766992623e-27, 3.0867764838319856e-25, 2.8513940753957304e-33, 1.3085852533981701e-17, 0.0, 4.018610097467068e-11, 1.8982568988912263e-11, 1.0, 2.4691193053942107e-16, 0.0, 0.0, 0.0, 0.0, 0.0, 0.0, 0.0, 0.0, 0.0, 0.0, 0.0, 0.0, 0.0, 0.0, 0.0, 0.0, 0.0, 0.0, 0.0, 0.0, 0.0, 0.0, 0.0, 0.0, 0.0]",3.3904507,3.506363,3.419411,3.4443572,3.5145526
train__c20__user4__5-2-2,20,Check_the_time,16,0 1 2 3 4 5 6 7 8 9 10 11 12 13 14 15 -1 -1 -1 -1 -1 -1 -1 -1 -1 -1 -1 -1 -1 -1 -1 -1 -1 -1 -1 -1 -1 -1 -1 -1 -1 -1 -1 -1 -1 -1 -1 -1,True,16,True,True,1.0,1.0,4,4,4.0267346e-07,"[3.021617509833055e-24, 1.1149423798622779e-30, 3.906714145211601e-17, 0.0, 1.0, 3.3799695843228344e-19, 2.545248326667574e-35, 1.9899750921474965e-22, 1.728382541255069e-11, 3.1344112011834693e-14, 1.4646893791760905e-34, 0.0, 2.286290801123414e-08, 0.0, 1.9822413469354674e-35, 6.148035420495571e-28, 0.0, 0.0, 0.0, 0.0, 0.0, 0.0, 0.0, 0.0, 0.0, 0.0, 0.0, 0.0, 0.0, 0.0, 0.0, 0.0, 0.0, 0.0, 0.0, 0.0, 0.0, 0.0, 0.0, 0.0, 0.0, 0.0, 0.0, 0.0, 0.0, 0.0, 0.0, 0.0]",3.515355,3.6515603,3.5683682,3.5701022,3.5823221
train__c20__user4__5-2-3,20,Check_the_time,11,0 1 2 3 4 5 6 7 8 9 10 -1 -1 -1 -1 -1 -1 -1 -1 -1 -1 -1 -1 -1 -1 -1 -1 -1 -1 -1 -1 -1 -1 -1 -1 -1 -1 -1 -1 -1 -1 -1 -1 -1 -1 -1 -1 -1,True,11,True,True,1.0,1.0,9,9,0.57017535,"[1.546982453248802e-08, 7.802171249023972e-15, 2.1062573042755552e-21, 6.953998873049025e-14, 6.136882451865389e-14, 0.2568214237689972, 3.37383862643037e-05, 2.2959256966714747e-06, 5.173948920855764e-06, 0.7431373596191406, 4.176201078747235e-15, 0.0, 0.0, 0.0, 0.0, 0.0, 0.0, 0.0, 0.0, 0.0, 0.0, 0.0, 0.0, 0.0, 0.0, 0.0, 0.0, 0.0, 0.0, 0.0, 0.0, 0.0, 0.0, 0.0, 0.0, 0.0, 0.0, 0.0, 0.0, 0.0, 0.0, 0.0, 0.0, 0.0, 0.0, 0.0, 0.0, 0.0]",2.4986355,2.7618718,2.747358,2.773172,2.8255174
train__c21__user17__4-1-1,21,Read_documents,72,0 2 3 5 6 8 9 11 12 14 15 17 18 20 21 23 24 26 27 29 30 32 33 35 36 38 39 41 42 44 45 47 48 50 51 53 54 56 57 59 60 62 63 65 66 68 69 71,False,48,True,True,0.3333333333333333,1.0,28,42,2.475511,"[8.524155418854207e-05, 0.013052553869783878, 0.12978234887123108, 0.05003555119037628, 0.0015589052345603704, 0.009699833579361439, 0.012071638368070126, 0.0025702002458274364, 0.0208579208701849, 0.007437121123075485, 0.012071638368070126, 0.004372057970613241, 0.000601011561229825, 0.004801766015589237, 0.01990276761353016, 0.06130484119057655, 0.0009455237886868417, 3.5942099430030794e-07, 1.0938698835616378e-08, 1.9128876829199726e-06, 1.4951428539689005e-08, 6.407371984096244e-07, 1.4296779227152e-07, 4.6414843524189564e-08, 4.31725322158627e-09, 0.0039190873503685, 0.005883247125893831, 0.058497488498687744, 0.23870626091957092, 0.05162385106086731, 0.0007838667370378971, 8.524155418854207e-05, 9.867426342680119e-06, 2.5740719138411805e-06, 1.973609414562816e-06, 2.9001977964071557e-05, 0.0012140765320509672, 0.0026517873629927635, 0.0016083901282399893, 0.00021429725165944546, 0.003568369662389159, 0.0018512457609176636, 0.0016594460466876626, 0.0067715756595134735, 0.20739160478115082, 0.01929042488336563, 0.018696919083595276, 0.024385379627346992]",2.4189115,2.6175773,2.9619563,3.3709257,3.479716
train__c21__user17__4-1-2,21,Read_documents,57,0 1 2 4 5 6 7 8 10 11 12 13 14 15 17 18 19 20 21 23 24 25 26 27 29 30 31 32 33 35 36 37 38 39 41 42 43 44 45 46 48 49 50 51 52 54 55 56,False,48,True,True,0.4210526315789473,1.0,47,56,2.3075976,"[0.000947038468439132, 0.006782423704862595, 0.00045439403038471937, 0.0002888304297812283, 1.655130290600937e-05, 4.039051759718859e-08, 2.6078076587054966e-08, 4.851583579323915e-10, 9.050317544279096e-07, 9.391077071541076e-08, 0.00033244179212488234, 0.0006210830179043114, 0.00032728773658163846, 2.370864422118757e-05, 0.00011488879681564867, 0.00021131285757292062, 0.0013355384580790997, 0.04286623373627663, 0.000797486340161413, 0.00010460744670126587, 8.066460395639297e-06, 2.324313612689366e-07, 4.056070793012623e-06, 7.577738415420754e-06, 6.063334723194203e-08, 2.107431784637015e-09, 1.108868218580028e-06, 1.690821932243125e-06, 3.3434549550293013e-05, 0.0800846666097641, 0.0800846666097641, 0.028555069118738174, 0.06045108288526535, 0.12797494232654572, 0.011537292040884495, 0.000947038468439132, 0.058591198176145554, 0.01678665727376938, 0.007929456420242786, 0.12797494232654572, 0.0022019303869456053, 0.00019543243979569525, 2.158696952392347e-05, 1.8862481283576926e-06, 0.00012816772505175322, 0.01731952466070652, 0.03553735837340355, 0.2883959710597992]",2.4879224,2.6664176,2.9964528,3.385405,3.4800353
train__c21__user17__4-1-3,21,Read_documents,28,0 1 2 3 4 5 6 7 8 9 10 11 12 13 14 15 16 17 18 19 20 21 22 23 24 25 26 27 -1 -1 -1 -1 -1 -1 -1 -1 -1 -1 -1 -1 -1 -1 -1 -1 -1 -1 -1 -1,True,28,True,True,0.8571428571428571,1.0,6,6,1.4284751,"[8.31681404633855e-07, 7.812923854544351e-07, 5.683511062670732e-06, 1.1081081652264402e-07, 2.0789419068023562e-05, 0.0002099656849168241, 0.42350438237190247, 0.010769186541438103, 0.21971118450164795, 0.029734672978520393, 3.029399309184555e-08, 3.9121004213882316e-09, 5.485533449700597e-08, 2.1898803603814798e-10, 7.497835241565554e-08, 3.2569113272984396e-07, 1.2031992810079828e-05, 9.572594308338012e-07, 1.292788986972937e-08, 3.829519457099195e-08, 5.990376052977808e-07, 5.990376052977808e-07, 0.0016775155672803521, 0.05058038607239723, 8.351858559763059e-05, 0.0017307656817138195, 0.012990117073059082, 0.24896536767482758, 0.0, 0.0, 0.0, 0.0, 0.0, 0.0, 0.0, 0.0, 0.0, 0.0, 0.0, 0.0, 0.0, 0.0, 0.0, 0.0, 0.0, 0.0, 0.0, 0.0]",1.8901807,2.0830092,2.457539,2.88657,3.0035203
train__c21__user23__4-1-1,21,Read_documents,46,0 1 2 3 4 5 6 7 8 9 10 11 12 13 14 15 16 17 18 19 20 21 22 23 24 25 26 27 28 29 30 31 32 33 34 35 36 37 38 39 40 41 42 43 44 45 -1 -1,True,46,True,True,0.5217391304347826,1.0,38,38,1.6879175,"[3.331378550797126e-08, 1.317585827109724e-07, 3.0033286968489392e-09, 2.38583965028738e-07, 1.3866363588022068e-05, 7.144277574047675e-13, 2.4898469952461255e-09, 4.6321287083817e-11, 3.398098442630726e-06, 7.680822124156439e-12, 5.7700149064758956e-18, 5.725111820513761e-18, 1.1547649297828817e-14, 2.15089972499527e-08, 0.0009721071692183614, 0.022125057876110077, 0.0032885964028537273, 4.139731390750967e-05, 0.00036897024256177247, 4.2290016608603764e-06, 3.581569387733907e-07, 2.3354766653937986e-06, 0.00027851335471495986, 0.00030588707886636257, 0.0001689268829068169, 0.0004313699610065669, 0.0001538096839794889, 0.00016372954996768385, 3.12483316520229e-05, 1.4306529010355007e-05, 2.193977252318291e-06, 3.326367732370272e-05, 0.0013287127949297428, 0.0008851136080920696, 0.005421978421509266, 0.011842689476907253, 0.04264716058969498, 0.3054269850254059, 0.4046249985694885, 0.004637664183974266, 0.04683874547481537, 0.07722403854131699, 0.035355739295482635, 0.035355739295482635, 6.34848402114585e-06, 1.317585827109724e-07, 0.0, 0.0]",2.4460287,2.6038969,2.9419878,3.267059,3.371838
train__c21__user23__4-1-2,21,Read_documents,33,0 1 2 3 4 5 6 7 8 9 10 11 12 13 14 15 16 17 18 19 20 21 22 23 24 25 26 27 28 29 30 31 32 -1 -1 -1 -1 -1 -1 -1 -1 -1 -1 -1 -1 -1 -1 -1,True,33,True,True,0.7272727272727273,1.0,2,2,0.301402,"[0.016183840110898018, 0.005420907866209745, 0.9405955076217651, 0.012603987008333206, 0.02506602182984352, 0.00010904586088145152, 2.781260031309296e-12, 1.2607907881774516e-13, 1.7871139940486188e-18, 1.5690794746402864e-13, 2.5036103745712524e-10, 3.284022012661758e-11, 1.0677720202977286e-14, 1.7305580579662916e-11, 3.989972414963905e-15, 2.3618344613396403e-08, 4.412488152638616e-08, 2.539211436669575e-07, 1.8185115777669125e-06, 4.894458243143163e-07, 1.3304517096912605e-06, 1.0259341109986053e-07, 2.5468676104721533e-13, 1.3747525340335187e-09, 4.332367526792974e-13, 1.0767894909058384e-10, 1.0259341109986053e-07, 1.2132148619059535e-09, 1.0259341109986053e-07, 1.2641988789141578e-08, 9.434314733880456e-07, 6.3472298279521056e-06, 9.235165634891018e-06, 0.0, 0.0, 0.0, 0.0, 0.0, 0.0, 0.0, 0.0, 0.0, 0.0, 0.0, 0.0, 0.0, 0.0, 0.0]",2.1230102,2.2460706,2.5583386,2.929119,2.9885826
train__c21__user23__4-1-3,21,Read_documents,44,0 1 2 3 4 5 6 7 8 9 10 11 12 13 14 15 16 17 18 19 20 21 22 23 24 25 26 27 28 29 30 31 32 33 34 35 36 37 38 39 40 41 42 43 -1 -1 -1 -1,True,44,True,True,0.5454545454545454,1.0,16,16,1.12501,"[1.4771286416248586e-08, 3.4738734111527947e-10, 1.999076015835044e-09, 4.3168023466932937e-07, 2.637233140201367e-11, 6.335923674822067e-14, 3.400543180376303e-09, 4.775412704161042e-11, 3.891715394388484e-08, 0.0032860117498785257, 0.001758875441737473, 8.756924944464117e-05, 0.00017415224283467978, 3.035436832443672e-11, 0.012996428646147251, 0.010442923754453659, 0.7793222069740295, 0.02751344069838524, 4.549876564396982e-08, 2.2843802071292885e-05, 0.0006675937911495566, 0.005089474376291037, 0.008932307362556458, 0.003497941652312875, 0.007640206720679998, 0.003963686525821686, 0.04261365160346031, 0.021427487954497337, 0.006139078643172979, 0.009810219518840313, 8.226369391195476e-05, 0.00038038348429836333, 1.8174416709371144e-06, 0.0015522021567448974, 0.01567668467760086, 0.005589693784713745, 0.010774417780339718, 0.0006675937911495566, 1.856633531360785e-07, 4.543032628134824e-05, 6.406702595995739e-05, 0.003086922224611044, 0.016687745228409767, 3.847524567390792e-06, 0.0, 0.0, 0.0, 0.0]",3.0276494,3.1304662,3.3962367,3.7206542,3.7399888
train__c21__user24__1-2-1,21,Read_documents,135,0 3 6 9 11 14 17 20 23 26 29 31 34 37 40 43 46 48 51 54 57 60 63 66 68 71 74 77 80 83 86 88 91 94 97 100 103 105 108 111 114 117 120 123 125 128 131 134,False,48,True,True,0.1777777777777777,1.0,0,0,1.0022408,"[0.5305728316307068, 0.03725205734372139, 0.39428824186325073, 5.32974220313065e-10, 8.200516444557566e-15, 6.127173710593123e-18, 5.641177747151005e-09, 4.500224895309657e-05, 5.128624707140261e-06, 3.159653942930163e-06, 2.9389357791842485e-07, 2.7883847906196024e-06, 1.1992693771389895e-06, 1.6615237541373062e-07, 9.521288646396897e-09, 5.444674572308017e-11, 1.488491274681536e-11, 4.720480516889891e-12, 1.1074435368307184e-13, 2.581177188220457e-13, 6.461851300760711e-15, 4.743202225654386e-06, 1.0919472970272182e-06, 6.283722086664056e-06, 2.2840387359224223e-08, 1.6816113202366978e-05, 2.922202156696585e-06, 0.00016720365965738893, 1.1201946108485572e-05, 1.0857298548216932e-05, 2.6606953724694904e-06, 0.0007150393794290721, 0.00032736884895712137, 6.970085087232292e-05, 0.00028001342434436083, 8.504093216288311e-07, 2.1670355465630564e-07, 5.2914242587576155e-06, 1.0523254786676262e-05, 0.0013782742898911238, 0.0004545066331047565, 1.4160587852529716e-05, 0.0024189467076212168, 0.024430500343441963, 0.0032045836560428143, 4.411865575093543e-07, 0.0019135444890707731, 0.002381444675847888]",2.4683597,2.6095467,2.9024026,3.3292255,3.4198115
train__c21__user24__1-2-2,21,Read_documents,36,0 1 2 3 4 5 6 7 8 9 10 11 12 13 14 15 16 17 18 19 20 21 22 23 24 25 26 27 28 29 30 31 32 33 34 35 -1 -1 -1 -1 -1 -1 -1 -1 -1 -1 -1 -1,True,36,True,True,0.6666666666666666,1.0,18,18,1.5097511,"[1.1809344734742266e-12, 9.48907510726904e-13, 1.1584389003616025e-10, 0.00044971227180212736, 0.02342907153069973, 0.03685910627245903, 0.0230658408254385, 0.016356129199266434, 0.0034284309949725866, 0.0026286691427230835, 5.8074867411050946e-05, 2.4209206458181143e-05, 0.02166835032403469, 0.004071362316608429, 0.006017083767801523, 0.0287059023976326, 0.10019344091415405, 0.09266377985477448, 0.6137592196464539, 0.02003994770348072, 0.0035929647274315357, 3.991423363913782e-05, 2.3833878003642894e-05, 1.3237689699963084e-06, 2.238985507574398e-05, 4.869873464485863e-07, 7.689076930716965e-09, 3.0520799776390106e-10, 4.548774995782878e-06, 1.295825404667994e-05, 8.449843153357506e-05, 0.0002903560525737703, 0.00250829360447824, 7.015718495040346e-08, 2.6572737343855124e-09, 1.0758952839751146e-08, 0.0, 0.0, 0.0, 0.0, 0.0, 0.0, 0.0, 0.0, 0.0, 0.0, 0.0, 0.0]",2.08862,2.2515442,2.5960665,3.0250015,3.1158264
train__c21__user24__1-2-3,21,Read_documents,48,0 1 2 3 4 5 6 7 8 9 10 11 12 13 14 15 16 17 18 19 20 21 22 23 24 25 26 27 28 29 30 31 32 33 34 35 36 37 38 39 40 41 42 43 44 45 46 47,False,48,True,True,0.5,1.0,0,0,1.5745893,"[0.4050888419151306, 1.509625576545659e-06, 0.0007461947971023619, 2.1839856344740838e-05, 0.03430723771452904, 3.2973252928059082e-06, 2.0314232642704155e-06, 2.9098794129822636e-06, 7.831833386262588e-07, 4.0802227886160836e-05, 1.957712447619997e-05, 0.00037521030753850937, 6.3557613430020865e-06, 0.0003871207882184535, 0.0004251689533703029, 0.00020399830827955157, 0.009829188697040081, 2.9851546059944667e-05, 0.00024606892839074135, 1.7649310848355526e-06, 8.420015547017101e-06, 5.664828495355323e-05, 0.00409741559997201, 0.1974245309829712, 6.064709396014223e-06, 2.3019040327199036e-06, 6.064709396014223e-06, 0.0008455494535155594, 0.00150735501665622, 3.0321643862407655e-05, 0.04616543650627136, 0.005513675510883331, 0.002227726159617305, 0.0007698815315961838, 0.0019969206769019365, 0.0005811370792798698, 0.00024225398374255747, 5.521981165657053e-06, 1.0873425253521418e-06, 9.726405636456548e-08, 0.001372462254948914, 0.26154500246047974, 0.020808393135666847, 0.00020399830827955157, 2.4747800125624053e-05, 4.3433748942334205e-05, 1.3322398899617838e-06, 0.0027724499814212322]",2.3619022,2.5091295,2.8193753,3.2416658,3.32647
train__c21__user24__7-2-1,21,Read_documents,83,0 2 3 5 7 9 10 12 14 16 17 19 21 23 24 26 28 30 31 33 35 37 38 40 42 44 45 47 49 51 52 54 56 58 59 61 63 65 66 68 70 72 73 75 77 79 80 82,False,48,True,True,0.2891566265060241,1.0,3,5,0.0791218,"[5.305033523102687e-17, 6.807731176434796e-21, 8.865600209793305e-18, 0.9857494831085205, 1.1097359142731023e-11, 4.131564335016175e-17, 4.517303567355122e-34, 1.5587900272341774e-31, 1.6267028968286468e-07, 7.218629533985568e-34, 8.13553308269584e-18, 0.0, 3.6373035072756466e-07, 5.676126086087555e-22, 4.855047849061828e-22, 0.0012095848796889186, 1.2562993859884995e-37, 4.5023235600469383e-17, 5.118775098489597e-34, 1.1646654557132613e-21, 1.538771495097945e-26, 0.0, 0.0, 0.0, 0.0, 5.095711605261741e-25, 9.191282541244651e-38, 3.563848115498698e-39, 2.958141058189689e-42, 1.375199562155486e-20, 1.34861766906254e-33, 7.681801908386102e-23, 5.213438794529669e-29, 8.3410065692363e-21, 3.596001261030324e-05, 4.2781202254813804e-19, 5.416130655078177e-09, 5.826439212163853e-17, 1.3425412725664253e-24, 7.275064461964575e-08, 3.95629492708216e-13, 9.191282541244651e-38, 1.5995821970267787e-41, 1.961817850054744e-44, 3.386377868887353e-41, 1.5414283107572988e-44, 7.84989559952169e-35, 0.013004263862967491]",2.4878974,2.837218,2.9116123,3.0991611,3.3723505
train__c21__user24__7-2-2,21,Read_documents,45,0 1 2 3 4 5 6 7 8 9 10 11 12 13 14 15 16 17 18 19 20 21 22 23 24 25 26 27 28 29 30 31 32 33 34 35 36 37 38 39 40 41 42 43 44 -1 -1 -1,True,45,True,True,0.5333333333333333,1.0,4,4,1.6361194,"[0.0, 0.0, 7.636785365971596e-32, 4.764612323606817e-26, 0.4195820391178131, 2.7854038520125357e-11, 1.4658156999303174e-07, 1.192797266554527e-27, 0.07522691786289215, 0.1147073432803154, 0.00667676841840148, 0.28837424516677856, 0.004809095989912748, 0.00617500115185976, 0.005622402764856815, 1.6515296010766178e-06, 3.5089243510810775e-08, 3.558820753823966e-05, 4.892186552751809e-06, 5.031619652179353e-14, 2.6799302831461296e-21, 9.80908925027372e-45, 9.918453071898868e-34, 2.141789498511785e-31, 1.1024712875951082e-05, 0.0007728920318186283, 2.819500011241871e-08, 2.3423667983024643e-07, 3.570661378762468e-22, 0.0016108453273773193, 0.00022846643696539104, 0.022237032651901245, 0.0032539968378841877, 0.003630095859989524, 0.0020683661568909883, 0.00042683150968514383, 9.944738175310386e-13, 0.01228045579046011, 0.0004687827022280544, 1.6040861737565137e-05, 5.785238599287368e-08, 1.7044847306320736e-17, 0.02121872454881668, 0.0017147358739748597, 0.008845280855894089, 0.0, 0.0, 0.0]",1.5155756,1.928258,2.257021,2.6111937,2.8008492
train__c21__user24__7-2-3,21,Read_documents,51,0 1 2 3 4 5 6 7 9 10 11 12 13 14 15 16 17 18 19 20 21 22 23 24 26 27 28 29 30 31 32 33 34 35 36 37 38 39 40 41 43 44 45 46 47 48 49 50,False,48,True,True,0.4705882352941176,1.0,42,45,0.08348411,"[4.0315421710897524e-28, 0.0, 4.67242541354346e-21, 3.6029877626987218e-22, 1.8374580414355802e-19, 1.0304000319649731e-08, 1.7459361956184694e-08, 2.3451796948847914e-07, 3.848121127165488e-39, 1.3597533576599611e-21, 1.4920745788437787e-40, 1.915869273409533e-40, 3.4297931781687573e-38, 9.879719086299602e-29, 1.0705920267441602e-42, 9.467017264084321e-27, 3.5032461608120427e-44, 8.309627250133775e-37, 3.937648684752736e-43, 0.0, 4.003802922508755e-35, 0.0, 4.064931551084339e-12, 6.571330393896624e-13, 3.1939369364408776e-05, 0.014947164803743362, 2.5818996909132016e-17, 2.820358489395887e-14, 1.352011040022725e-20, 6.743504159220148e-36, 1.2978893205553996e-32, 8.6718738893417e-39, 1.2541603497916165e-13, 1.096200387407098e-12, 2.973523120439192e-13, 3.373469735379331e-05, 5.334417907398858e-10, 3.3989555765794284e-20, 1.5918499157718813e-12, 3.3291939659978263e-15, 0.0005886912695132196, 3.4193976716778707e-06, 0.9843894839286804, 2.798444772300674e-27, 4.78459742225823e-06, 3.6400208192033225e-32, 1.2639967740014912e-13, 5.162518164070207e-07]",2.1692653,2.5141027,2.6020207,2.7698956,2.956208
train__c21__user4__4-1-1,21,Read_documents,9,0 1 2 3 4 5 6 7 8 -1 -1 -1 -1 -1 -1 -1 -1 -1 -1 -1 -1 -1 -1 -1 -1 -1 -1 -1 -1 -1 -1 -1 -1 -1 -1 -1 -1 -1 -1 -1 -1 -1 -1 -1 -1 -1 -1 -1,True,9,True,True,1.0,1.0,8,8,0.07494736,"[3.317204282472454e-29, 2.2197359408537446e-38, 1.627877208142741e-22, 1.3515903946178287e-25, 2.833898220255815e-11, 0.0010938706109300256, 0.00012369145406410098, 0.012039102613925934, 0.9867433309555054, 0.0, 0.0, 0.0, 0.0, 0.0, 0.0, 0.0, 0.0, 0.0, 0.0, 0.0, 0.0, 0.0, 0.0, 0.0, 0.0, 0.0, 0.0, 0.0, 0.0, 0.0, 0.0, 0.0, 0.0, 0.0, 0.0, 0.0, 0.0, 0.0, 0.0, 0.0, 0.0, 0.0, 0.0, 0.0, 0.0, 0.0, 0.0, 0.0]",0.94042844,1.2695545,1.6270261,1.9555255,2.1096404
train__c21__user4__4-1-2,21,Read_documents,12,0 1 2 3 4 5 6 7 8 9 10 11 -1 -1 -1 -1 -1 -1 -1 -1 -1 -1 -1 -1 -1 -1 -1 -1 -1 -1 -1 -1 -1 -1 -1 -1 -1 -1 -1 -1 -1 -1 -1 -1 -1 -1 -1 -1,True,12,True,True,1.0,1.0,4,4,0.3515594,"[7.88931035414872e-43, 2.5214779588144656e-15, 0.00020493095507845283, 0.000293550081551075, 0.9314969778060913, 0.00188451015856117, 0.003359502647072077, 0.00014306486991699785, 0.014593014493584633, 0.016536051407456398, 0.028128771111369133, 0.003359502647072077, 0.0, 0.0, 0.0, 0.0, 0.0, 0.0, 0.0, 0.0, 0.0, 0.0, 0.0, 0.0, 0.0, 0.0, 0.0, 0.0, 0.0, 0.0, 0.0, 0.0, 0.0, 0.0, 0.0, 0.0, 0.0, 0.0, 0.0, 0.0, 0.0, 0.0, 0.0, 0.0, 0.0, 0.0, 0.0, 0.0]",1.2645607,1.4644426,1.8583027,2.2416089,2.3414583
train__c21__user4__4-1-3,21,Read_documents,6,0 1 2 3 4 5 -1 -1 -1 -1 -1 -1 -1 -1 -1 -1 -1 -1 -1 -1 -1 -1 -1 -1 -1 -1 -1 -1 -1 -1 -1 -1 -1 -1 -1 -1 -1 -1 -1 -1 -1 -1 -1 -1 -1 -1 -1 -1,True,6,True,True,1.0,1.0,5,5,1.1923494e-16,"[6.389129180193855e-32, 9.827589192599736e-39, 1.166692152826833e-27, 1.639519203260036e-43, 4.315256085491642e-18, 1.0, 0.0, 0.0, 0.0, 0.0, 0.0, 0.0, 0.0, 0.0, 0.0, 0.0, 0.0, 0.0, 0.0, 0.0, 0.0, 0.0, 0.0, 0.0, 0.0, 0.0, 0.0, 0.0, 0.0, 0.0, 0.0, 0.0, 0.0, 0.0, 0.0, 0.0, 0.0, 0.0, 0.0, 0.0, 0.0, 0.0, 0.0, 0.0, 0.0, 0.0, 0.0, 0.0]",1.2193706,1.7329524,1.898186,2.051642,2.2389877
train__c22__user24__1-2-1,22,Turn_pages,46,0 1 2 3 4 5 6 7 8 9 10 11 12 13 14 15 16 17 18 19 20 21 22 23 24 25 26 27 28 29 30 31 32 33 34 35 36 37 38 39 40 41 42 43 44 45 -1 -1,True,46,True,True,0.5217391304347826,1.0,42,42,1.8681959,"[2.846061590844329e-07, 0.0018676077015697956, 0.0003509130619931966, 0.0006454279064200819, 0.00018205128435511142, 7.129230652935803e-05, 0.000324541557347402, 0.011440482921898365, 0.00038540258537977934, 6.802759889978915e-05, 0.002183454344049096, 0.03061632066965103, 8.872471516951919e-05, 0.00045058131217956543, 0.0004102589446119964, 5.552250877371989e-05, 0.002051165560260415, 0.0004435956943780184, 2.8804697649320588e-05, 7.2829684540920425e-06, 1.7298564216616796e-06, 2.3966239837136527e-07, 2.152841034330777e-06, 2.203894382546423e-06, 6.631218639086001e-06, 1.6791602552856943e-09, 1.384146397498398e-08, 4.062113293912262e-05, 0.002183454344049096, 0.00602871086448431, 0.017998406663537025, 0.2158660739660263, 0.0188621673732996, 0.0051566301845014095, 0.02275211736559868, 0.0017272545956075191, 3.5848024708684534e-05, 0.0012636864557862282, 0.0007313655805774033, 0.022399378940463066, 0.0012248068815097213, 0.000518615881446749, 0.41609275341033936, 0.11375342309474945, 0.087217777967453, 0.014462126418948174, 0.0, 0.0]",2.5270054,2.670564,2.9686356,3.3915622,3.4717102
train__c22__user24__1-2-2,22,Turn_pages,31,0 1 2 3 4 5 6 7 8 9 10 11 12 13 14 15 16 17 18 19 20 21 22 23 24 25 26 27 28 29 30 -1 -1 -1 -1 -1 -1 -1 -1 -1 -1 -1 -1 -1 -1 -1 -1 -1,True,31,True,True,0.7741935483870968,1.0,11,11,1.156938,"[0.0012409333139657974, 0.00018735291087068617, 0.0005421236273832619, 1.2551862710097339e-05, 3.2557054510107264e-05, 0.03353999927639961, 0.006401220802217722, 0.008219330571591854, 0.022342458367347717, 0.10493738204240799, 0.1017087996006012, 0.6842776536941528, 0.029140058904886246, 0.006604418158531189, 7.810031820554286e-05, 7.111114246072248e-05, 1.4758647921553347e-06, 2.4962360839708708e-05, 5.601750672212802e-07, 8.308772336818038e-09, 2.4701329870424615e-10, 1.9248905118729454e-06, 4.915380031889072e-06, 6.892328383401036e-05, 0.00022599073417950422, 0.0003339927061460912, 8.17995626789525e-09, 1.4408158000023263e-10, 5.108135581188833e-10, 5.353280041475728e-10, 1.1675050473058945e-06, 0.0, 0.0, 0.0, 0.0, 0.0, 0.0, 0.0, 0.0, 0.0, 0.0, 0.0, 0.0, 0.0, 0.0, 0.0, 0.0, 0.0]",1.9717792,2.1282535,2.4713905,2.9011793,2.9940584
train__c22__user24__1-2-3,22,Turn_pages,41,0 1 2 3 4 5 6 7 8 9 10 11 12 13 14 15 16 17 18 19 20 21 22 23 24 25 26 27 28 29 30 31 32 33 34 35 36 37 38 39 40 -1 -1 -1 -1 -1 -1 -1,True,41,True,True,0.5853658536585366,1.0,38,38,0.09028217,"[1.7651949519859045e-06, 2.0550624313386834e-08, 2.910314151449711e-06, 3.0026976673980244e-06, 5.43718260814785e-06, 0.0006383495638146996, 1.7929927480508923e-06, 1.573301233293023e-05, 6.952187447950564e-08, 3.115754054761055e-07, 1.46339800721762e-06, 0.00010100156941916794, 0.004571680445224047, 1.7477796632192621e-07, 7.172872784622086e-08, 1.8032602611128823e-07, 1.5489093129872344e-05, 2.553719787101727e-05, 5.137010248290608e-07, 0.0007463063229806721, 8.373324089916423e-05, 1.9888389942934737e-05, 6.558494987984886e-06, 1.573301233293023e-05, 4.7239068408089224e-06, 2.1627620299113914e-06, 5.586239382182612e-08, 1.033350383039533e-08, 8.482256563802082e-10, 7.431748144881567e-06, 0.0010524606332182884, 0.00010420770558994263, 1.7929927480508923e-06, 2.141424317869678e-07, 2.141424317869678e-07, 1.991834785997071e-08, 2.4127355118253035e-06, 0.0037900563329458237, 0.9872080683708191, 0.0015313210897147655, 3.7156401958782226e-05, 0.0, 0.0, 0.0, 0.0, 0.0, 0.0, 0.0]",2.2614713,2.4041429,2.7136471,3.132597,3.214519
train__c22__user24__7-2-1,22,Turn_pages,14,0 1 2 3 4 5 6 7 8 9 10 11 12 13 -1 -1 -1 -1 -1 -1 -1 -1 -1 -1 -1 -1 -1 -1 -1 -1 -1 -1 -1 -1 -1 -1 -1 -1 -1 -1 -1 -1 -1 -1 -1 -1 -1 -1,True,14,True,True,1.0,1.0,10,10,7.325335e-09,"[2.5050086746523714e-24, 2.9286520270897955e-24, 2.1574925092024543e-17, 6.148035420495571e-28, 0.0, 1.579437130303645e-39, 3.881596746179743e-43, 0.0, 5.985850643627616e-37, 5.019316125925988e-13, 1.0, 1.9206329235355035e-11, 3.124056291436972e-10, 2.648220441611576e-31, 0.0, 0.0, 0.0, 0.0, 0.0, 0.0, 0.0, 0.0, 0.0, 0.0, 0.0, 0.0, 0.0, 0.0, 0.0, 0.0, 0.0, 0.0, 0.0, 0.0, 0.0, 0.0, 0.0, 0.0, 0.0, 0.0, 0.0, 0.0, 0.0, 0.0, 0.0, 0.0, 0.0, 0.0]",1.2672889,1.7251863,1.8748764,2.0956938,2.2621427
train__c22__user24__7-2-2,22,Turn_pages,28,0 1 2 3 4 5 6 7 8 9 10 11 12 13 14 15 16 17 18 19 20 21 22 23 24 25 26 27 -1 -1 -1 -1 -1 -1 -1 -1 -1 -1 -1 -1 -1 -1 -1 -1 -1 -1 -1 -1,True,28,True,True,0.8571428571428571,1.0,0,0,0.7900168,"[0.7681401371955872, 2.255696198025847e-19, 5.99494683495988e-13, 4.487382916184956e-30, 0.003670111997053027, 0.005957179702818394, 0.002903297543525696, 0.17683590948581696, 0.005257192999124527, 0.007530581206083298, 0.005509490147233009, 1.9068972960667452e-06, 4.245926987778148e-08, 2.3547040655103046e-06, 3.567919737434977e-09, 5.735953095191125e-21, 1.4735726818207507e-32, 0.0, 4.151486830408703e-41, 6.538939323050432e-33, 1.1500062100822106e-05, 0.004862108267843723, 1.1359297946711422e-09, 9.928607269671375e-09, 1.1119652053540754e-21, 0.00966945756226778, 0.0015062110032886267, 0.008142500184476376, 0.0, 0.0, 0.0, 0.0, 0.0, 0.0, 0.0, 0.0, 0.0, 0.0, 0.0, 0.0, 0.0, 0.0, 0.0, 0.0, 0.0, 0.0, 0.0, 0.0]",1.1492811,1.551866,1.8581897,2.2482812,2.5283842
train__c22__user24__7-2-3,22,Turn_pages,43,0 1 2 3 4 5 6 7 8 9 10 11 12 13 14 15 16 17 18 19 20 21 22 23 24 25 26 27 28 29 30 31 32 33 34 35 36 37 38 39 40 41 42 -1 -1 -1 -1 -1,True,43,True,True,0.5581395348837209,1.0,38,38,0.04463004,"[1.2712975205886323e-07, 1.1375299209248624e-06, 2.7685173499972546e-40, 1.5302759543132359e-21, 9.66310197626036e-40, 1.240765712251766e-39, 7.998944358673425e-37, 8.47646738989024e-28, 2.0055383621416782e-41, 4.720682890792306e-24, 3.2229864679470793e-44, 2.8197248226549505e-35, 3.48502928077582e-42, 0.0, 4.557661149668529e-37, 0.0, 4.2737571370412344e-23, 3.397093463773601e-17, 3.6433760072445244e-44, 0.005997941829264164, 5.4382733651436865e-05, 1.7251864143863157e-16, 3.472422409290729e-14, 3.5175961531333485e-19, 1.2389007521515654e-36, 2.0364617722346036e-30, 2.5968768973610707e-37, 1.4822905273007003e-12, 1.2003953603692552e-12, 9.990576074758728e-13, 4.1372200939804316e-05, 3.2496749735599906e-10, 8.893876965443124e-20, 5.832747120909181e-20, 1.6974259926296706e-20, 9.430689221535845e-33, 0.0008309829281643033, 8.808649909042288e-06, 0.9930603504180908, 1.0108468569882703e-25, 5.019017407903448e-06, 4.7892992950135714e-32, 3.1192100768615005e-13, 0.0, 0.0, 0.0, 0.0, 0.0]",2.1053681,2.4461315,2.5216424,2.7009945,2.8886368
train__c22__user4__4-1-1,22,Turn_pages,36,0 1 2 3 4 5 6 7 8 9 10 11 12 13 14 15 16 17 18 19 20 21 22 23 24 25 26 27 28 29 30 31 32 33 34 35 -1 -1 -1 -1 -1 -1 -1 -1 -1 -1 -1 -1,True,36,True,True,0.6666666666666666,1.0,2,2,0.7863291,"[0.0017642679158598185, 0.21039481461048126, 0.7343500256538391, 0.03277318924665451, 2.5165929400827736e-05, 0.0032960865646600723, 1.63413903919718e-06, 2.0453647664453456e-07, 2.524934483716379e-09, 8.104281048855548e-21, 5.7692165711387133e-08, 9.483354619437782e-15, 0.007312686648219824, 8.760092096160577e-10, 1.090862224373268e-05, 3.6958986981971975e-08, 1.3868757378077134e-06, 2.5935201902749228e-11, 8.411826115661825e-07, 2.359154905207106e-06, 0.007663630414754152, 0.0020626382902264595, 7.3237024480476975e-06, 0.00016282541037071496, 5.263986508907692e-07, 0.0001541600067866966, 1.4193408226503834e-08, 1.193050707115617e-07, 2.0058288133514163e-20, 8.629431249573827e-06, 2.8363186230012313e-15, 8.079919281659288e-15, 3.7643426228359776e-29, 1.4197644304658752e-06, 2.1058594867895408e-08, 4.994331902707927e-06, 0.0, 0.0, 0.0, 0.0, 0.0, 0.0, 0.0, 0.0, 0.0, 0.0, 0.0, 0.0]",1.8435962,2.0024576,2.3305898,2.7850254,2.9264538
train__c22__user4__4-1-2,22,Turn_pages,34,0 1 2 3 4 5 6 7 8 9 10 11 12 13 14 15 16 17 18 19 20 21 22 23 24 25 26 27 28 29 30 31 32 33 -1 -1 -1 -1 -1 -1 -1 -1 -1 -1 -1 -1 -1 -1,True,34,True,True,0.7058823529411765,1.0,33,33,1.3863842,"[6.332407792797312e-05, 0.01478532887995243, 2.1210909835644998e-05, 5.41639601578936e-05, 2.23898122264643e-09, 1.7510677707832656e-07, 0.003917722497135401, 1.0246212515593878e-12, 3.0237680415101664e-11, 6.319856074104925e-43, 0.002609765622764826, 0.010649473406374454, 0.0030991733074188232, 0.38131868839263916, 0.01598675362765789, 0.00041292491368949413, 4.377118784759659e-06, 3.4335886911485147e-10, 1.9493546332682854e-08, 0.00018905079923570156, 9.766672519617714e-07, 0.000736118177883327, 3.5521592508303e-05, 6.234233296709135e-05, 6.004434993656105e-08, 2.0074718119376597e-14, 2.479806607880164e-05, 0.0004606509755831212, 0.02437688782811165, 0.0012718981597572565, 0.0004903604276478291, 0.14932653307914734, 0.0027780807577073574, 0.3873235583305359, 0.0, 0.0, 0.0, 0.0, 0.0, 0.0, 0.0, 0.0, 0.0, 0.0, 0.0, 0.0, 0.0, 0.0]",2.0990274,2.232278,2.5364861,2.9485908,3.0322065
train__c22__user4__4-1-3,22,Turn_pages,41,0 1 2 3 4 5 6 7 8 9 10 11 12 13 14 15 16 17 18 19 20 21 22 23 24 25 26 27 28 29 30 31 32 33 34 35 36 37 38 39 40 -1 -1 -1 -1 -1 -1 -1,True,41,True,True,0.5853658536585366,1.0,21,21,1.3791136,"[1.5800947040449284e-24, 1.274595012867863e-11, 1.0994258303753668e-07, 9.647155820857733e-07, 1.290004769671782e-09, 0.0011802164372056723, 0.0005574947572313249, 0.0046678464859724045, 0.2712925374507904, 0.00023239836446009576, 7.470433956768829e-06, 3.9758677303325385e-05, 8.820847142487764e-05, 0.00026748888194561005, 0.2712925374507904, 0.007940273731946945, 0.00010639973334036767, 9.995330037781969e-05, 0.002007615752518177, 0.001638568239286542, 0.0644376277923584, 0.37081295251846313, 0.0028757767286151648, 1.1752642421924975e-05, 8.733823051443323e-06, 3.815523996308912e-06, 4.373214324004948e-08, 3.979480373700328e-12, 5.083693963570113e-07, 8.370340938888777e-16, 7.312739762710407e-05, 0.000303104636259377, 5.267168307909742e-05, 5.091351784614062e-10, 1.2462003255751864e-18, 2.794102257358897e-39, 9.238881650178013e-35, 0.0, 6.296608532581776e-39, 3.223683560173648e-23, 8.593498660871077e-36, 0.0, 0.0, 0.0, 0.0, 0.0, 0.0, 0.0]",1.8747611,2.0967476,2.3883052,2.7999415,2.9630432
train__c23__user17__6-2-1,23,Listen_to_music_with_headphones,46,0 1 2 3 4 5 6 7 8 9 10 11 12 13 14 15 16 17 18 19 20 21 22 23 24 25 26 27 28 29 30 31 32 33 34 35 36 37 38 39 40 41 42 43 44 45 -1 -1,True,46,True,True,0.5217391304347826,1.0,0,0,0.10665456,"[0.9805192351341248, 0.015481485053896904, 0.003868729341775179, 2.078265606542118e-05, 7.152157621703736e-08, 2.078265606542118e-05, 1.847344277550178e-09, 4.598404157452052e-10, 3.6223732347018256e-12, 1.8820934445136625e-15, 9.09577559709598e-20, 9.455405069328964e-35, 7.785614267788684e-42, 2.392813018851827e-16, 7.534005523325305e-39, 2.1019476964872256e-44, 0.0, 8.821173832924723e-42, 4.569606266193942e-39, 2.875067040506707e-29, 0.0, 0.0, 0.0, 0.0, 0.0, 0.0, 4.395804332042874e-24, 0.0, 8.344366035457013e-35, 7.60434469248948e-16, 1.6659494277206837e-21, 1.2291278553994901e-17, 3.797395590814474e-23, 1.0472430270910765e-30, 1.5987631920302923e-22, 3.929750514256568e-29, 6.726232628759122e-44, 8.291694587880816e-12, 2.2283224154762138e-09, 6.921681779203936e-05, 2.7260914521320956e-06, 1.3523531379178166e-05, 1.1542996389835025e-06, 1.9330880149937e-06, 2.1352396117890748e-07, 1.7427318255158752e-07, 0.0, 0.0]",4.8447666,4.7774982,4.6533914,4.6745896,4.750811
train__c23__user17__6-2-2,23,Listen_to_music_with_headphones,17,0 1 2 3 4 5 6 7 8 9 10 11 12 13 14 15 16 -1 -1 -1 -1 -1 -1 -1 -1 -1 -1 -1 -1 -1 -1 -1 -1 -1 -1 -1 -1 -1 -1 -1 -1 -1 -1 -1 -1 -1 -1 -1,True,17,True,True,1.0,1.0,0,0,2.4778636e-05,"[0.9999982118606567, 1.7330515902358457e-06, 1.958510610633457e-11, 5.43209637510544e-20, 1.4620289695491187e-20, 3.207817781088889e-29, 7.566810817206167e-37, 0.0, 2.1958346935969884e-42, 5.268882225861312e-42, 0.0, 0.0, 0.0, 1.3109618462941004e-31, 0.0, 6.481986306427306e-40, 5.716775080710145e-18, 0.0, 0.0, 0.0, 0.0, 0.0, 0.0, 0.0, 0.0, 0.0, 0.0, 0.0, 0.0, 0.0, 0.0, 0.0, 0.0, 0.0, 0.0, 0.0, 0.0, 0.0, 0.0, 0.0, 0.0, 0.0, 0.0, 0.0, 0.0, 0.0, 0.0, 0.0]",2.4065325,2.603405,2.5868673,2.7117214,2.8040912
train__c23__user17__6-2-3,23,Listen_to_music_with_headphones,14,0 1 2 3 4 5 6 7 8 9 10 11 12 13 -1 -1 -1 -1 -1 -1 -1 -1 -1 -1 -1 -1 -1 -1 -1 -1 -1 -1 -1 -1 -1 -1 -1 -1 -1 -1 -1 -1 -1 -1 -1 -1 -1 -1,True,14,True,True,1.0,1.0,0,0,4.6455277e-08,"[1.0, 2.335593052293916e-09, 4.828530826158239e-24, 2.4765638098027764e-22, 3.243658555803706e-20, 1.08063919775613e-30, 1.401298464324817e-45, 3.2858566266209876e-25, 1.846549840976313e-39, 1.9154790660999508e-29, 0.0, 9.321257493289251e-27, 4.1238491671591654e-21, 1.29177994256241e-12, 0.0, 0.0, 0.0, 0.0, 0.0, 0.0, 0.0, 0.0, 0.0, 0.0, 0.0, 0.0, 0.0, 0.0, 0.0, 0.0, 0.0, 0.0, 0.0, 0.0, 0.0, 0.0, 0.0, 0.0, 0.0, 0.0, 0.0, 0.0, 0.0, 0.0, 0.0, 0.0, 0.0, 0.0]",2.5808039,2.800812,2.7647734,2.8497746,2.924023
train__c23__user17__7-1-1,23,Listen_to_music_with_headphones,63,0 1 3 4 5 7 8 9 11 12 13 15 16 17 18 20 21 22 24 25 26 28 29 30 32 33 34 36 37 38 40 41 42 44 45 46 47 49 50 51 53 54 55 57 58 59 61 62,False,48,True,True,0.3809523809523809,1.0,30,40,1.6332808,"[8.059472747845575e-05, 3.46633605659008e-05, 1.3156726708984934e-05, 3.769465365621727e-06, 1.3574366676039062e-05, 1.4410882209769937e-10, 3.6491307615601e-14, 1.538655862766628e-16, 5.91421425721883e-11, 4.772228834326597e-09, 2.3859644926460533e-08, 4.111462689401768e-13, 5.880539943881047e-10, 1.8010204883012193e-08, 2.5147879334497247e-09, 2.3895583428634737e-11, 6.162752530514126e-10, 2.3759530454192657e-10, 3.0361694824005423e-16, 4.19260619974315e-26, 2.689093861057826e-18, 0.0, 0.0, 0.0, 3.2573342847911724e-16, 2.4163128749807874e-28, 7.244174403890683e-26, 0.0, 0.0, 3.384017066565548e-09, 0.39610445499420166, 0.008481844328343868, 0.004986219108104706, 0.007031695917248726, 0.3606571853160858, 0.015846172347664833, 0.05530857294797897, 0.00483280885964632, 0.05706425756216049, 0.020992767065763474, 0.002355322940275073, 7.734441169304773e-06, 0.010231058113276958, 0.006014528218656778, 0.0035357587039470673, 0.024543030187487602, 0.015846172347664833, 0.006014528218656778]",3.818087,3.8978286,4.0267425,4.2328806,4.282711
train__c23__user17__7-1-2,23,Listen_to_music_with_headphones,70,0 1 3 4 6 7 9 10 12 13 15 16 18 19 21 22 23 25 26 28 29 31 32 34 35 37 38 40 41 43 44 46 47 48 50 51 53 54 56 57 59 60 62 63 65 66 68 69,False,48,True,True,0.3428571428571428,1.0,36,53,1.9626981,"[7.234529086908026e-10, 1.4592168326998944e-06, 2.0578254407155327e-06, 1.174280006566164e-09, 3.15577750598095e-07, 9.222535481967498e-06, 6.022907683700396e-08, 1.8187603645358763e-09, 3.8886813769067885e-08, 1.7229962395504117e-05, 1.3770117214724226e-15, 5.627531805192718e-18, 0.0, 0.0, 0.0, 0.0, 0.0, 0.0, 0.0, 0.0, 6.634813819227439e-14, 4.4503602225631766e-07, 5.307202081894502e-05, 1.669985067564994e-05, 0.0010331833036616445, 0.0002531924401409924, 0.07710318267345428, 0.008925342001020908, 0.00041744380723685026, 0.0033876774832606316, 0.00030540840816684067, 0.05640989914536476, 0.08468128740787506, 0.06594984978437424, 0.13532030582427979, 0.05640989914536476, 0.391562283039093, 0.09900245070457458, 0.009500976651906967, 0.0012079136213287711, 0.0012858172412961721, 0.0013687454629689455, 0.0013687454629689455, 0.0003800868580583483, 0.0018132932018488646, 7.484354136977345e-05, 0.0017575040692463517, 0.0003800868580583483]",5.3328385,5.2882032,5.3179507,5.3773746,5.352534
train__c23__user17__7-1-3,23,Listen_to_music_with_headphones,69,0 1 3 4 6 7 9 10 12 13 14 16 17 19 20 22 23 25 26 27 29 30 32 33 35 36 38 39 41 42 43 45 46 48 49 51 52 54 55 56 58 59 61 62 64 65 67 68,False,48,True,True,0.3478260869565217,1.0,16,23,1.274183,"[0.18058256804943085, 3.934239794034511e-05, 0.34469935297966003, 2.98672603094019e-06, 4.5885624189168084e-08, 7.517694800007746e-11, 1.4803217679437708e-11, 1.7405820708360498e-12, 5.674653802412166e-11, 3.233319861850603e-11, 4.70445314648682e-11, 7.59260265770223e-10, 2.2095732188365247e-10, 4.989830326707079e-09, 1.4959650798118673e-06, 0.009212876670062542, 0.42398741841316223, 0.0009911494562402368, 0.016649814322590828, 0.0002173018001485616, 7.264495798153803e-05, 1.2896025509689935e-06, 2.0813131413888186e-05, 3.2743650081101805e-05, 0.00918144267052412, 0.012151561677455902, 4.7641729906899855e-05, 0.00010736229160102084, 0.00016466999659314752, 1.2772607078659348e-05, 6.410895002773032e-05, 1.3727748182645882e-06, 2.687762616915279e-06, 0.00017529028991702944, 1.758975685106634e-07, 3.987802301708143e-06, 7.051597350482552e-08, 9.26915006971285e-08, 7.132590074121481e-10, 7.43232941857741e-09, 6.430225102382892e-11, 8.082283731170037e-10, 2.8091572470967385e-11, 1.0174093338644052e-11, 8.036264986799324e-09, 4.6608217729726675e-08, 6.797756941523403e-05, 0.0015069012297317386]",2.8076282,2.9027379,3.124537,3.5329177,3.678931
train__c23__user23__4-2-1,23,Listen_to_music_with_headphones,37,0 1 2 3 4 5 6 7 8 9 10 11 12 13 14 15 16 17 18 19 20 21 22 23 24 25 26 27 28 29 30 31 32 33 34 35 36 -1 -1 -1 -1 -1 -1 -1 -1 -1 -1 -1,True,37,True,True,0.6486486486486487,1.0,0,0,0.31946126,"[0.9176058769226074, 0.07300427556037903, 0.006672134157270193, 3.587545139947251e-25, 6.551065675750758e-21, 1.0572885587863846e-19, 7.42333045896541e-21, 1.0525246646464481e-10, 3.120637791657558e-17, 1.1401194656791005e-24, 7.519902860680804e-26, 1.7861334689975706e-26, 1.3349426446229658e-27, 6.867594172292103e-32, 8.366441863446494e-31, 7.878339839772867e-15, 1.6915611272816378e-11, 8.482772915933761e-17, 0.0027169291861355305, 1.0797522875805043e-09, 5.937938075267768e-12, 9.53174437011632e-21, 2.9070178165312532e-21, 5.256011904870651e-18, 5.101975701218916e-21, 2.7939831167691877e-25, 4.691689270631212e-20, 1.855599016997663e-19, 7.809934743363556e-08, 4.6314372421831645e-15, 6.642155199187982e-07, 2.6309807665825247e-09, 1.8472384732959313e-10, 1.829013676624136e-11, 3.5012586639511785e-18, 3.2566777970339227e-19, 4.502477360064676e-21, 0.0, 0.0, 0.0, 0.0, 0.0, 0.0, 0.0, 0.0, 0.0, 0.0, 0.0]",2.062991,2.2478454,2.223186,2.3508837,2.5789948
train__c23__user23__4-2-2,23,Listen_to_music_with_headphones,44,0 1 2 3 4 5 6 7 8 9 10 11 12 13 14 15 16 17 18 19 20 21 22 23 24 25 26 27 28 29 30 31 32 33 34 35 36 37 38 39 40 41 42 43 -1 -1 -1 -1,True,44,True,True,0.5454545454545454,1.0,11,11,1.0137632,"[2.4360307607912413e-12, 3.5797212416532886e-11, 0.022475294768810272, 7.149123515404199e-09, 0.005817404482513666, 0.024492189288139343, 2.7520870844455203e-06, 0.21659772098064423, 0.07255113869905472, 0.0004556543717626482, 0.0002555989194661379, 0.6568244099617004, 1.1183111325863138e-07, 9.271123957432792e-08, 9.338261067193265e-12, 2.0599875971694104e-10, 1.4158073324832543e-10, 4.677324433035804e-25, 6.862939827767742e-21, 1.078403407500866e-28, 9.287979130748023e-22, 8.407790785948902e-45, 0.0, 0.0, 2.6904930515036488e-43, 0.0, 7.582985487459956e-33, 1.1772844759438516e-16, 3.2593733267916036e-11, 4.755179361382034e-06, 3.8048618478114804e-08, 0.0004556543717626482, 5.4420150263467804e-05, 1.0256072900671764e-11, 1.2672124682922004e-07, 1.3763848641518953e-16, 5.681018544371315e-18, 4.114036755709094e-08, 3.826650107896512e-09, 8.088833055808209e-06, 2.236762952634308e-08, 1.4018390614989329e-11, 5.41918041108147e-07, 3.942182502214564e-06, 0.0, 0.0, 0.0, 0.0]",2.8760896,3.0884814,3.078631,3.267166,3.49286
train__c23__user23__4-2-3,23,Listen_to_music_with_headphones,9,0 1 2 3 4 5 6 7 8 -1 -1 -1 -1 -1 -1 -1 -1 -1 -1 -1 -1 -1 -1 -1 -1 -1 -1 -1 -1 -1 -1 -1 -1 -1 -1 -1 -1 -1 -1 -1 -1 -1 -1 -1 -1 -1 -1 -1,True,9,True,True,1.0,1.0,8,8,8.716093e-09,"[5.6756852093598625e-14, 1.5428111533547645e-13, 2.5667431665741606e-31, 8.0402255938387e-23, 3.8127509482954736e-10, 1.4975966023929657e-16, 1.502111953922614e-22, 1.783247334519178e-11, 1.0, 0.0, 0.0, 0.0, 0.0, 0.0, 0.0, 0.0, 0.0, 0.0, 0.0, 0.0, 0.0, 0.0, 0.0, 0.0, 0.0, 0.0, 0.0, 0.0, 0.0, 0.0, 0.0, 0.0, 0.0, 0.0, 0.0, 0.0, 0.0, 0.0, 0.0, 0.0, 0.0, 0.0, 0.0, 0.0, 0.0, 0.0, 0.0, 0.0]",1.6074407,1.9141803,1.9754512,2.159999,2.361001
train__c23__user23__5-1-1,23,Listen_to_music_with_headphones,49,0 1 2 3 4 5 6 7 8 9 10 11 12 13 14 15 16 17 18 19 20 21 22 23 25 26 27 28 29 30 31 32 33 34 35 36 37 38 39 40 41 42 43 44 45 46 47 48,False,48,True,True,0.4897959183673469,1.0,32,33,1.2707393,"[0.32174208760261536, 5.34304381289985e-05, 4.285572130183748e-17, 5.780802372780718e-27, 1.256563450624526e-06, 4.6997006438419253e-14, 1.0417276143925847e-06, 7.164138003561048e-29, 1.24494052581463e-29, 8.287933184192298e-08, 3.29305139116332e-43, 1.0103052931916284e-28, 0.0001835992734413594, 0.005450052209198475, 8.275468280771747e-05, 0.027248550206422806, 2.92865717859233e-16, 2.0405428686984e-16, 0.0, 0.0, 0.0, 0.0, 0.0, 0.0, 0.0, 0.0, 0.0, 0.0, 0.0, 0.0, 2.4847460736054927e-05, 0.003464264329522848, 0.49832388758659363, 0.10777010023593903, 0.016018595546483994, 0.007333847228437662, 0.0076858061365783215, 0.0022366971243172884, 0.0007729818462394178, 9.883636266749818e-06, 0.00158605573233217, 1.019737737806281e-05, 5.378522605591074e-13, 1.0308599463983258e-37, 0.0, 2.144598045794748e-23, 0.0, 4.917958078245131e-37]",4.470844,4.5035143,4.4585576,4.5187263,4.5752487
train__c23__user23__5-1-2,23,Listen_to_music_with_headphones,45,0 1 2 3 4 5 6 7 8 9 10 11 12 13 14 15 16 17 18 19 20 21 22 23 24 25 26 27 28 29 30 31 32 33 34 35 36 37 38 39 40 41 42 43 44 -1 -1 -1,True,45,True,True,0.5333333333333333,1.0,34,34,1.5558283,"[0.1866849809885025, 1.6732043200506745e-15, 0.0006838939734734595, 2.7359201340004802e-05, 2.8551886543937144e-07, 3.9025803744152654e-07, 5.017062720130694e-12, 4.637312499847026e-29, 2.0083015300443565e-22, 7.1200469895845085e-22, 5.136038729730563e-12, 8.321589944904062e-11, 1.5960416514348812e-14, 9.98060079027141e-10, 2.8879825197947184e-09, 0.0, 0.0, 0.0, 0.0, 0.0, 0.0, 0.0, 0.0, 0.0, 0.0, 0.0, 0.0, 1.240623349808262e-17, 0.0, 0.0, 0.0, 0.0, 0.04231102019548416, 3.037594008493643e-37, 0.35984471440315247, 0.15968012809753418, 0.22169390320777893, 0.027748245745897293, 0.00118166278116405, 0.00014335195010062307, 4.203895392974451e-45, 2.628034376351763e-39, 0.0, 7.707141553786494e-44, 5.605193857299268e-45, 0.0, 0.0, 0.0]",4.8706527,4.899063,4.812492,4.8306537,4.8593097
train__c23__user24__5-1-1,23,Listen_to_music_with_headphones,33,0 1 2 3 4 5 6 7 8 9 10 11 12 13 14 15 16 17 18 19 20 21 22 23 24 25 26 27 28 29 30 31 32 -1 -1 -1 -1 -1 -1 -1 -1 -1 -1 -1 -1 -1 -1 -1,True,33,True,True,0.7272727272727273,1.0,5,5,0.0022448497,"[9.509797394002817e-09, 8.584975720767052e-14, 3.840584968106686e-12, 8.8388887544864e-15, 7.013219319581734e-21, 0.9997598528862, 9.517016026399023e-17, 1.9805331148963629e-13, 5.401559042367469e-30, 0.0, 0.0, 0.0, 0.0, 0.0, 0.0, 0.0, 0.0, 0.0, 0.0, 2.382207389352189e-43, 4.432435503076704e-07, 7.490370770704388e-38, 0.0, 0.0, 0.0, 1.401298464324817e-45, 8.040795537712119e-34, 2.5545646090626023e-22, 1.1210577951828828e-31, 0.00023968674940988421, 1.0806813756872989e-41, 1.6077600559910293e-23, 1.1133442415922461e-38, 0.0, 0.0, 0.0, 0.0, 0.0, 0.0, 0.0, 0.0, 0.0, 0.0, 0.0, 0.0, 0.0, 0.0, 0.0]",5.2737026,5.2413244,5.1381516,5.1248136,5.157239
train__c23__user24__5-1-2,23,Listen_to_music_with_headphones,22,0 1 2 3 4 5 6 7 8 9 10 11 12 13 14 15 16 17 18 19 20 21 -1 -1 -1 -1 -1 -1 -1 -1 -1 -1 -1 -1 -1 -1 -1 -1 -1 -1 -1 -1 -1 -1 -1 -1 -1 -1,True,22,True,True,1.0,1.0,20,20,2.1843036e-08,"[1.0568544928091228e-09, 4.6603353889954964e-26, 6.764067687295892e-42, 0.0, 0.0, 0.0, 0.0, 0.0, 0.0, 0.0, 0.0, 0.0, 0.0, 0.0, 0.0, 0.0, 0.0, 0.0, 0.0, 0.0, 1.0, 3.2593501630963083e-40, 0.0, 0.0, 0.0, 0.0, 0.0, 0.0, 0.0, 0.0, 0.0, 0.0, 0.0, 0.0, 0.0, 0.0, 0.0, 0.0, 0.0, 0.0, 0.0, 0.0, 0.0, 0.0, 0.0, 0.0, 0.0, 0.0]",7.332709,7.2471094,7.111214,7.064738,7.079287
train__c23__user24__5-1-3,23,Listen_to_music_with_headphones,27,0 1 2 3 4 5 6 7 8 9 10 11 12 13 14 15 16 17 18 19 20 21 22 23 24 25 26 -1 -1 -1 -1 -1 -1 -1 -1 -1 -1 -1 -1 -1 -1 -1 -1 -1 -1 -1 -1 -1,True,27,True,True,0.8888888888888888,1.0,24,24,1.3800243,"[7.382231348539698e-24, 1.7576269328856142e-08, 2.2165480768076933e-24, 5.1939841316794855e-11, 0.0, 0.0, 0.0, 0.0, 0.0, 0.0, 0.0, 0.0, 0.0, 0.0, 0.0, 0.0, 0.0, 0.0, 1.6661176808063223e-26, 4.587896146739587e-31, 0.24958238005638123, 0.15376326441764832, 0.15376326441764832, 0.024712001904845238, 0.4179718494415283, 0.00020722275075968355, 8.483891757518625e-13, 0.0, 0.0, 0.0, 0.0, 0.0, 0.0, 0.0, 0.0, 0.0, 0.0, 0.0, 0.0, 0.0, 0.0, 0.0, 0.0, 0.0, 0.0, 0.0, 0.0, 0.0]",5.700685,5.6313906,5.5449324,5.516567,5.522273
train__c23__user24__7-2-1,23,Listen_to_music_with_headphones,32,0 1 2 3 4 5 6 7 8 9 10 11 12 13 14 15 16 17 18 19 20 21 22 23 24 25 26 27 28 29 30 31 -1 -1 -1 -1 -1 -1 -1 -1 -1 -1 -1 -1 -1 -1 -1 -1,True,32,True,True,0.75,1.0,1,1,0.2630968,"[0.07369627058506012, 0.9263036847114563, 8.598085532535918e-29, 8.096469458415689e-13, 1.5171802481517658e-18, 2.4208004697367667e-15, 3.7404641666187976e-31, 1.4133234502294544e-22, 9.522897119937146e-25, 7.036522523157453e-24, 3.5032461608120427e-44, 5.775929600539583e-25, 8.044854483688775e-42, 5.605193857299268e-45, 0.0, 0.0, 0.0, 0.0, 0.0, 8.96831017167883e-44, 0.0, 2.305135973814324e-42, 0.0, 0.0, 0.0, 0.0, 0.0, 4.764414778704378e-44, 0.0, 0.0, 1.140777183115667e-31, 5.815946177939434e-18, 0.0, 0.0, 0.0, 0.0, 0.0, 0.0, 0.0, 0.0, 0.0, 0.0, 0.0, 0.0, 0.0, 0.0, 0.0, 0.0]",6.041395,5.9784937,5.822347,5.832732,5.923443
train__c23__user24__7-2-2,23,Listen_to_music_with_headphones,15,0 1 2 3 4 5 6 7 8 9 10 11 12 13 14 -1 -1 -1 -1 -1 -1 -1 -1 -1 -1 -1 -1 -1 -1 -1 -1 -1 -1 -1 -1 -1 -1 -1 -1 -1 -1 -1 -1 -1 -1 -1 -1 -1,True,15,True,True,1.0,1.0,1,1,0.22964239,"[0.06097518280148506, 0.939024806022644, 2.4830042178362716e-28, 3.9618611185888184e-25, 1.891752926838503e-43, 0.0, 0.0, 0.0, 0.0, 0.0, 0.0, 0.0, 7.618579490841165e-41, 7.468920814851275e-43, 1.582559894373744e-23, 0.0, 0.0, 0.0, 0.0, 0.0, 0.0, 0.0, 0.0, 0.0, 0.0, 0.0, 0.0, 0.0, 0.0, 0.0, 0.0, 0.0, 0.0, 0.0, 0.0, 0.0, 0.0, 0.0, 0.0, 0.0, 0.0, 0.0, 0.0, 0.0, 0.0, 0.0, 0.0, 0.0]",4.335303,4.3245735,4.2364745,4.240071,4.241373
train__c23__user24__7-2-3,23,Listen_to_music_with_headphones,19,0 1 2 3 4 5 6 7 8 9 10 11 12 13 14 15 16 17 18 -1 -1 -1 -1 -1 -1 -1 -1 -1 -1 -1 -1 -1 -1 -1 -1 -1 -1 -1 -1 -1 -1 -1 -1 -1 -1 -1 -1 -1,True,19,True,True,1.0,1.0,0,0,0.0009850509,"[0.9999039173126221, 9.610241977497935e-05, 6.46760180743962e-15, 7.701228543766092e-10, 3.874830517757478e-32, 6.075749542963204e-15, 3.4092466748896815e-26, 1.759170272147896e-36, 0.0, 0.0, 0.0, 0.0, 0.0, 0.0, 0.0, 0.0, 0.0, 8.017779729132712e-28, 0.0, 0.0, 0.0, 0.0, 0.0, 0.0, 0.0, 0.0, 0.0, 0.0, 0.0, 0.0, 0.0, 0.0, 0.0, 0.0, 0.0, 0.0, 0.0, 0.0, 0.0, 0.0, 0.0, 0.0, 0.0, 0.0, 0.0, 0.0, 0.0, 0.0]",5.3892837,5.352709,5.2508464,5.2411013,5.266181
train__c24__user17__1-2-3,24,Use_a_mobile_phone,30,0 1 2 3 4 5 6 7 8 9 10 11 12 13 14 15 16 17 18 19 20 21 22 23 24 25 26 27 28 29 -1 -1 -1 -1 -1 -1 -1 -1 -1 -1 -1 -1 -1 -1 -1 -1 -1 -1,True,30,True,True,0.8,1.0,18,18,0.030252358,"[4.027504019177286e-08, 3.3159446766368745e-15, 1.1384289935599453e-33, 1.0801112861819116e-32, 1.1809254062045788e-23, 5.187009879232228e-14, 8.316396837152326e-31, 1.3048255625967728e-35, 1.824689584932846e-39, 1.2136769313782101e-36, 7.721416689549743e-18, 0.0029315578285604715, 7.339194277381549e-31, 0.00041254766983911395, 3.075994094349001e-21, 6.6362683577569914e-12, 3.3550739633395618e-28, 0.00029947745497338474, 0.9959120750427246, 1.7925827719444433e-14, 6.455339057352336e-14, 1.7712412589065688e-42, 2.4620253929280194e-34, 6.616485069069446e-32, 5.620438583292658e-39, 0.00044433135190047324, 3.3550739633395618e-28, 5.78652794083756e-14, 3.5244953656976552e-12, 5.485258072257599e-32, 0.0, 0.0, 0.0, 0.0, 0.0, 0.0, 0.0, 0.0, 0.0, 0.0, 0.0, 0.0, 0.0, 0.0, 0.0, 0.0, 0.0, 0.0]",1.6458821,2.0545237,2.1689682,2.3571763,2.5930755
train__c24__user23__7-3-1,24,Use_a_mobile_phone,42,0 1 2 3 4 5 6 7 8 9 10 11 12 13 14 15 16 17 18 19 20 21 22 23 24 25 26 27 28 29 30 31 32 33 34 35 36 37 38 39 40 41 -1 -1 -1 -1 -1 -1,True,42,True,True,0.5714285714285714,1.0,14,14,1.2302215,"[0.2981812059879303, 0.006140393670648336, 5.709822007276177e-19, 1.5812858840118121e-24, 1.2087692654838197e-18, 9.642905980547338e-15, 0.0, 0.0, 0.0, 0.0, 0.0, 0.0, 0.0, 0.02817193791270256, 0.35409894585609436, 0.31249120831489563, 7.189661573647754e-06, 0.0009055853588506579, 3.531443098836462e-06, 2.1678780909955166e-30, 1.2614639242959352e-20, 9.727365314843009e-22, 2.5751661878897163e-41, 0.0, 2.802596928649634e-45, 0.0, 0.0, 0.0, 0.0, 0.0, 0.0, 0.0, 0.0, 0.0, 1.0389179170356407e-38, 0.0, 3.44719422223905e-43, 5.646741374543336e-28, 6.685513625342953e-22, 6.406243071819559e-20, 3.275898649568454e-12, 2.728107091478808e-21, 0.0, 0.0, 0.0, 0.0, 0.0, 0.0]",3.743307,3.9033968,3.8410637,3.9074292,4.0187316
train__c24__user23__7-3-2,24,Use_a_mobile_phone,22,0 1 2 3 4 5 6 7 8 9 10 11 12 13 14 15 16 17 18 19 20 21 -1 -1 -1 -1 -1 -1 -1 -1 -1 -1 -1 -1 -1 -1 -1 -1 -1 -1 -1 -1 -1 -1 -1 -1 -1 -1,True,22,True,True,1.0,1.0,0,0,9.3865054e-08,"[1.0, 3.0979326564427222e-27, 6.663674181156576e-38, 5.037527849401285e-41, 0.0, 0.0, 0.0, 0.0, 4.685942064702188e-42, 0.0, 2.5223372357846707e-44, 5.635020663268238e-36, 8.64158476698338e-37, 4.9059725171218815e-09, 4.3753663919527255e-30, 7.989673843822992e-26, 0.0, 1.9337918807682476e-43, 1.401298464324817e-45, 7.453961023461793e-33, 1.723597111119525e-42, 9.10844001811131e-44, 0.0, 0.0, 0.0, 0.0, 0.0, 0.0, 0.0, 0.0, 0.0, 0.0, 0.0, 0.0, 0.0, 0.0, 0.0, 0.0, 0.0, 0.0, 0.0, 0.0, 0.0, 0.0, 0.0, 0.0, 0.0, 0.0]",3.785209,3.8723838,3.7631934,3.8126974,3.8852446
train__c24__user23__7-3-3,24,Use_a_mobile_phone,10,0 1 2 3 4 5 6 7 8 9 -1 -1 -1 -1 -1 -1 -1 -1 -1 -1 -1 -1 -1 -1 -1 -1 -1 -1 -1 -1 -1 -1 -1 -1 -1 -1 -1 -1 -1 -1 -1 -1 -1 -1 -1 -1 -1 -1,True,10,True,True,1.0,1.0,7,7,1.8739884e-08,"[4.504775060401982e-31, 1.244212906474005e-41, 1.8835314526963708e-37, 5.90009059760205e-29, 2.1019476964872256e-44, 3.835776955514842e-22, 3.3315444153414475e-11, 1.0, 8.592166977905435e-10, 7.553093256356414e-23, 0.0, 0.0, 0.0, 0.0, 0.0, 0.0, 0.0, 0.0, 0.0, 0.0, 0.0, 0.0, 0.0, 0.0, 0.0, 0.0, 0.0, 0.0, 0.0, 0.0, 0.0, 0.0, 0.0, 0.0, 0.0, 0.0, 0.0, 0.0, 0.0, 0.0, 0.0, 0.0, 0.0, 0.0, 0.0, 0.0, 0.0, 0.0]",2.277722,2.4424593,2.4346554,2.5469244,2.6504204
train__c24__user24__4-1-1,24,Use_a_mobile_phone,44,0 1 2 3 4 5 6 7 8 9 10 11 12 13 14 15 16 17 18 19 20 21 22 23 24 25 26 27 28 29 30 31 32 33 34 35 36 37 38 39 40 41 42 43 -1 -1 -1 -1,True,44,True,True,0.5454545454545454,1.0,11,11,2.716298,"[0.06805296987295151, 0.0001334419648628682, 0.0003251516609452665, 9.369096005684696e-06, 2.0104409941268386e-06, 0.0003102618793491274, 0.0010333297541365027, 0.06293871253728867, 0.005946402437984943, 0.0005277732270769775, 9.171322744805366e-05, 0.1658214032649994, 0.04750863090157509, 0.02279488928616047, 0.11396727710962296, 0.1557748019695282, 0.09015553444623947, 0.05217801779508591, 0.035305414348840714, 0.0020550217013806105, 0.003495709737762809, 0.0037797633558511734, 0.003084952710196376, 0.01720648631453514, 0.0016004524659365416, 0.0021536441054195166, 0.012393366545438766, 0.0012080848682671785, 3.59154146281071e-05, 0.0006267462158575654, 0.0012660620268434286, 0.00028694531647488475, 0.0006991859409026802, 0.0009119103197008371, 0.0005195908597670496, 0.0019005845533683896, 0.013192670419812202, 0.018316207453608513, 0.03877541422843933, 0.01775267720222473, 0.018604645505547523, 0.011284288950264454, 0.0054995231330394745, 0.0004730928339995444, 0.0, 0.0, 0.0, 0.0]",2.2744076,2.3923295,2.6736312,3.0730011,3.1575723
train__c24__user24__4-1-2,24,Use_a_mobile_phone,29,0 1 2 3 4 5 6 7 8 9 10 11 12 13 14 15 16 17 18 19 20 21 22 23 24 25 26 27 28 -1 -1 -1 -1 -1 -1 -1 -1 -1 -1 -1 -1 -1 -1 -1 -1 -1 -1 -1,True,29,True,True,0.8275862068965517,1.0,4,4,1.371541,"[0.009230302646756172, 0.00982560496777296, 0.2614496350288391, 0.07973764091730118, 0.36870312690734863, 0.2697489559650421, 0.0012107520597055554, 2.4391930253386818e-08, 3.973510409593928e-10, 1.0424878842119067e-11, 6.851191142187574e-11, 1.7187718262534624e-11, 5.6593827402195984e-09, 1.7920712025443208e-06, 5.24508898536169e-08, 2.3877038302089204e-07, 2.5562522765198992e-08, 2.03374161955594e-09, 2.9088184874126455e-06, 1.360472623446185e-07, 1.2635332495847251e-05, 8.03150669526076e-06, 1.5090753322510864e-06, 3.5087050491711125e-06, 1.0052608558908105e-06, 5.156004772288725e-05, 2.195691649831133e-06, 3.194712235199404e-06, 5.18552997164079e-06, 0.0, 0.0, 0.0, 0.0, 0.0, 0.0, 0.0, 0.0, 0.0, 0.0, 0.0, 0.0, 0.0, 0.0, 0.0, 0.0, 0.0, 0.0, 0.0]",1.6905038,1.8939288,2.2968817,2.748603,2.8718855
train__c24__user24__4-1-3,24,Use_a_mobile_phone,12,0 1 2 3 4 5 6 7 8 9 10 11 -1 -1 -1 -1 -1 -1 -1 -1 -1 -1 -1 -1 -1 -1 -1 -1 -1 -1 -1 -1 -1 -1 -1 -1 -1 -1 -1 -1 -1 -1 -1 -1 -1 -1 -1 -1,True,12,True,True,1.0,1.0,5,5,1.0069344,"[0.0015931968810036778, 0.0008798468625172973, 0.003821880090981722, 0.002710118889808655, 0.3898423910140991, 0.5328513979911804, 0.013763121329247952, 0.0033727975096553564, 0.0009663226664997637, 0.0023180877324193716, 0.04656003415584564, 0.0013208065647631884, 0.0, 0.0, 0.0, 0.0, 0.0, 0.0, 0.0, 0.0, 0.0, 0.0, 0.0, 0.0, 0.0, 0.0, 0.0, 0.0, 0.0, 0.0, 0.0, 0.0, 0.0, 0.0, 0.0, 0.0, 0.0, 0.0, 0.0, 0.0, 0.0, 0.0, 0.0, 0.0, 0.0, 0.0, 0.0, 0.0]",1.3950762,1.5574144,1.9291215,2.2703314,2.3496373
train__c24__user24__5-1-1,24,Use_a_mobile_phone,46,0 1 2 3 4 5 6 7 8 9 10 11 12 13 14 15 16 17 18 19 20 21 22 23 24 25 26 27 28 29 30 31 32 33 34 35 36 37 38 39 40 41 42 43 44 45 -1 -1,True,46,True,True,0.5217391304347826,1.0,11,11,2.6196647,"[2.368194404708941e-43, 1.2703263564617373e-05, 0.0005660791648551822, 0.0002891249896492809, 0.08533662557601929, 0.02296804077923298, 0.09372395277023315, 0.017068399116396904, 0.01904117502272129, 0.08401360362768173, 0.0019451783737167716, 0.2079356610774994, 0.035022079944610596, 0.030906876549124718, 0.0037494294811040163, 0.0010091454023495317, 0.0003276214993093163, 0.0010411790572106838, 0.004739723168313503, 0.002103239530697465, 0.0010411790572106838, 4.915245455094919e-08, 3.507483779685572e-05, 0.00010149241279577836, 0.00033278082264587283, 0.0002216798166045919, 0.004890178330242634, 0.001827326021157205, 0.0007737385458312929, 0.007937542162835598, 0.008854969404637814, 0.005898681003600359, 0.00117981038056314, 0.0012364306021481752, 0.017068399116396904, 0.039685215801000595, 0.0007268601329997182, 0.008189506828784943, 0.002497658599168062, 0.007456631399691105, 0.0063779945485293865, 0.01904117502272129, 0.04094495624303818, 0.19533748924732208, 0.016543259844183922, 6.877665015281309e-08, 0.0, 0.0]",1.7505431,2.0152557,2.458126,2.895723,3.0321493
train__c24__user24__5-1-2,24,Use_a_mobile_phone,30,0 1 2 3 4 5 6 7 8 9 10 11 12 13 14 15 16 17 18 19 20 21 22 23 24 25 26 27 28 29 -1 -1 -1 -1 -1 -1 -1 -1 -1 -1 -1 -1 -1 -1 -1 -1 -1 -1,True,30,True,True,0.8,1.0,11,11,0.3362302,"[1.2799508112948388e-05, 6.311592800981208e-19, 8.506551989499386e-15, 0.0, 1.982426874747034e-05, 1.7722451284285512e-10, 6.614491865637407e-19, 2.821911253626917e-34, 3.4720467907010455e-32, 2.6357807314525417e-07, 1.885700390323944e-13, 0.8959651589393616, 2.2497676610555573e-08, 1.2818789585367085e-08, 0.10371549427509308, 2.11028236662969e-05, 7.345751784626486e-10, 4.3916451794307875e-15, 1.0350025762040996e-28, 1.717718883798014e-10, 6.1570299775487794e-15, 1.6073765118189108e-23, 1.164379699527815e-24, 0.0, 2.1154001617447439e-41, 0.0, 7.45716392073559e-40, 3.75547988439051e-43, 5.036612180024604e-26, 0.0002652457624208182, 0.0, 0.0, 0.0, 0.0, 0.0, 0.0, 0.0, 0.0, 0.0, 0.0, 0.0, 0.0, 0.0, 0.0, 0.0, 0.0, 0.0, 0.0]",1.4552026,1.8112501,1.9790573,2.3060954,2.5945134
train__c24__user24__5-1-3,24,Use_a_mobile_phone,10,0 1 2 3 4 5 6 7 8 9 -1 -1 -1 -1 -1 -1 -1 -1 -1 -1 -1 -1 -1 -1 -1 -1 -1 -1 -1 -1 -1 -1 -1 -1 -1 -1 -1 -1 -1 -1 -1 -1 -1 -1 -1 -1 -1 -1,True,10,True,True,1.0,1.0,7,7,1.0912383,"[1.1766974239435513e-05, 0.00010406171350041404, 0.07425769418478012, 4.270684439688921e-05, 0.1647479087114334, 0.022471074014902115, 0.02046014741063118, 0.6618516445159912, 0.05605264753103256, 3.2607073308099643e-07, 0.0, 0.0, 0.0, 0.0, 0.0, 0.0, 0.0, 0.0, 0.0, 0.0, 0.0, 0.0, 0.0, 0.0, 0.0, 0.0, 0.0, 0.0, 0.0, 0.0, 0.0, 0.0, 0.0, 0.0, 0.0, 0.0, 0.0, 0.0, 0.0, 0.0, 0.0, 0.0, 0.0, 0.0, 0.0, 0.0, 0.0, 0.0]",0.8748055,1.1224775,1.5811664,1.9728892,2.1056526
train__c24__user4__3-2-1,24,Use_a_mobile_phone,54,0 1 2 3 5 6 7 8 9 10 11 12 14 15 16 17 18 19 20 21 23 24 25 26 27 28 29 30 32 33 34 35 36 37 38 39 41 42 43 44 45 46 47 48 50 51 52 53,False,48,True,True,0.4444444444444444,1.0,27,30,0.25893795,"[0.0, 0.0, 0.0, 3.0788390318162737e-16, 6.287025566820148e-09, 1.0602224181081566e-40, 1.8230627723316847e-20, 7.570122089513106e-34, 4.2515279463873376e-26, 6.401542988285713e-32, 3.005722637542242e-20, 1.285384517426677e-19, 7.682258827560254e-14, 6.708592081849929e-06, 8.092107236734591e-06, 1.020789795802557e-06, 1.0125562104959402e-21, 1.699767744867131e-05, 3.965226884359948e-22, 0.005684944335371256, 3.697055603879562e-07, 2.3784026780049317e-05, 0.0027706206310540438, 1.2593785606376806e-12, 3.241642718143645e-11, 1.8263316192701495e-08, 2.1198998658887386e-30, 0.9560606479644775, 7.279934521875475e-08, 0.00190421799197793, 1.8255136985390052e-11, 4.27454488617613e-16, 1.8055930013360921e-06, 0.0065433308482170105, 0.005865403451025486, 0.016194898635149002, 0.00016380907618440688, 2.300385176567943e-06, 0.004497161600738764, 1.5200079417354573e-08, 0.0002537124673835933, 4.5515877850586806e-14, 6.424519227721248e-08, 1.1941667231156079e-28, 5.0868305302308094e-15, 7.326177793336023e-31, 9.11757523045809e-31, 8.922336114418011e-19]",2.0876162,2.4790537,2.6206162,2.8191097,2.97163
train__c24__user4__3-2-2,24,Use_a_mobile_phone,52,0 1 2 3 4 5 7 8 9 10 11 12 13 14 15 16 17 18 20 21 22 23 24 25 26 27 28 29 30 31 33 34 35 36 37 38 39 40 41 42 43 44 46 47 48 49 50 51,False,48,True,True,0.4615384615384615,1.0,4,4,0.00093698053,"[1.1440480922440672e-40, 4.717628510064742e-09, 1.682645470617827e-20, 8.287279118016968e-42, 0.999915361404419, 4.1984516428783536e-05, 4.264567542122677e-05, 1.0050660076649286e-31, 2.325595965801952e-11, 1.9820736036620163e-35, 0.0, 4.1609105625812874e-39, 4.504393730034575e-31, 1.0821756195658486e-33, 6.649116371670399e-39, 6.035890556377865e-33, 4.5179745834968155e-37, 6.227490625432128e-33, 3.105155652133214e-37, 1.290530343883588e-31, 2.5742642000941997e-37, 9.441721089081519e-32, 5.222068794708851e-35, 4.876230405197695e-23, 5.678736511833883e-36, 2.7867694720141825e-29, 0.0, 2.2944167804478284e-36, 1.3355108645410813e-37, 5.678736511833883e-36, 0.0, 4.624284932271896e-44, 3.3210773604498165e-43, 0.0, 7.862825813172981e-41, 9.598894480624997e-43, 2.317279047850157e-35, 1.819939497904948e-31, 6.695183240362647e-32, 9.823701608307776e-28, 1.979092411087143e-32, 6.442540442389003e-28, 2.5742642000941997e-37, 1.5133319402359548e-37, 4.334420510454149e-27, 1.1276529062381712e-32, 4.384204078216671e-29, 2.383650367015506e-29]",2.6378877,3.0257785,3.1279519,3.2875497,3.5323358
train__c24__user4__3-2-3,24,Use_a_mobile_phone,55,0 1 2 3 5 6 7 8 9 10 11 13 14 15 16 17 18 20 21 22 23 24 25 26 28 29 30 31 32 33 34 36 37 38 39 40 41 43 44 45 46 47 48 49 51 52 53 54,False,48,True,True,0.4363636363636363,1.0,2,2,1.0354874,"[0.42860424518585205, 0.06174629554152489, 0.4781425893306732, 1.4692691736588217e-16, 1.1206153192888646e-12, 0.0, 8.529116775595266e-23, 1.3270296457156018e-42, 8.903479620236965e-10, 1.5291863543873956e-23, 3.2081810786621645e-05, 1.539302320452407e-05, 0.0014982293359935284, 0.002016087993979454, 0.0005511677591130137, 0.021338948979973793, 0.0026294745039194822, 0.0014074562350288033, 8.954464947308338e-11, 1.195949785948154e-21, 2.6493395608185275e-18, 4.265510256118432e-07, 3.1584426324116066e-05, 4.005929835149945e-22, 2.3784302200126536e-21, 1.1913021095703327e-34, 2.875794962164946e-05, 1.1040656033856067e-07, 2.7598164251685375e-06, 6.002700558838114e-08, 1.9570031781768193e-06, 8.500835065206047e-06, 1.1661256849038182e-07, 0.0017516076331958175, 1.1157466323533202e-15, 4.768535291077569e-06, 1.2246612186572747e-06, 6.1691780358026196e-21, 0.00010684874723665416, 1.5250449168069781e-15, 1.1636764440936531e-08, 2.299038657695024e-26, 2.4597979063401e-05, 9.372997553821855e-19, 1.9932198049737483e-14, 1.8132222310991447e-20, 2.0306875114783907e-07, 5.457299994304776e-05]",1.5768965,1.875661,2.2013862,2.6008346,2.752726
train__c24__user4__6-1-1,24,Use_a_mobile_phone,45,0 1 2 3 4 5 6 7 8 9 10 11 12 13 14 15 16 17 18 19 20 21 22 23 24 25 26 27 28 29 30 31 32 33 34 35 36 37 38 39 40 41 42 43 44 -1 -1 -1,True,45,True,True,0.5333333333333333,1.0,8,8,2.0656946,"[3.547116192566159e-35, 5.555184675980207e-13, 7.556568561994936e-06, 0.009840799495577812, 0.00010932140139630064, 0.0006097458535805345, 0.1976577490568161, 0.1588224619626999, 0.20077039301395416, 0.14236752688884735, 0.03176649287343025, 0.10915697365999222, 0.10415831208229065, 0.006353697273880243, 0.015973195433616638, 1.794842432900623e-06, 6.167491847008932e-06, 0.0002791619917843491, 0.00014942465350031853, 5.06258572841034e-07, 2.0983832200727193e-06, 2.177390854285477e-07, 2.391396094481024e-07, 3.19965283779311e-06, 2.3178206731699902e-07, 2.580285141107197e-08, 1.6694635007752368e-07, 1.7054643919323098e-08, 1.1296155122408891e-07, 9.870470663031483e-09, 5.615564987238031e-06, 5.885061909793876e-06, 1.0717493523770827e-06, 0.0006592924473807216, 0.001907725934870541, 0.012834821827709675, 6.602856501558563e-07, 5.113030056236312e-06, 1.7427834398549928e-20, 6.630678399233148e-05, 0.001509135472588241, 0.003145308466628194, 0.0017921426333487034, 1.1956228718190687e-06, 2.8076061425963417e-05, 0.0, 0.0, 0.0]",2.333703,2.4701571,2.7766826,3.1898181,3.267255
train__c24__user4__6-1-2,24,Use_a_mobile_phone,54,0 1 2 3 5 6 7 8 9 10 11 12 14 15 16 17 18 19 20 21 23 24 25 26 27 28 29 30 32 33 34 35 36 37 38 39 41 42 43 44 45 46 47 48 50 51 52 53,False,48,True,True,0.4444444444444444,1.0,10,11,1.8319398,"[1.4534370507135463e-07, 1.6728959906231466e-07, 9.932439297699602e-07, 3.243056667656674e-08, 1.7239391583714837e-15, 1.143216763921373e-06, 8.014568447833881e-05, 0.022222179919481277, 3.2062307582236826e-06, 0.010497013106942177, 0.4751311242580414, 0.020233524963259697, 0.005981018301099539, 0.00021785857097711414, 0.003984217066317797, 0.0003169823612552136, 0.0002111557696480304, 1.975301302081789e-06, 0.00017505427240394056, 1.4412655097162386e-11, 1.0004366085558658e-10, 1.3040763768699613e-40, 7.572105459985323e-06, 3.5013057640753686e-05, 1.9699762654479258e-11, 1.6331677329950445e-11, 7.119975076458966e-39, 0.0027383097913116217, 0.0008616473060101271, 0.0014206162886694074, 0.0005922010168433189, 0.00018061109585687518, 0.0024932592641562223, 0.06634316593408585, 0.0042411768808960915, 0.00579700106754899, 0.00034813699312508106, 0.0007370060193352401, 0.0008094428339973092, 0.0037428257055580616, 0.00579700106754899, 0.0020669845398515463, 0.19806411862373352, 0.02365538477897644, 0.06844913214445114, 0.05007844790816307, 0.007679779082536697, 0.014803162775933743]",2.667102,2.7727263,3.0479808,3.4088056,3.4691966
train__c24__user4__6-1-3,24,Use_a_mobile_phone,13,0 1 2 3 4 5 6 7 8 9 10 11 12 -1 -1 -1 -1 -1 -1 -1 -1 -1 -1 -1 -1 -1 -1 -1 -1 -1 -1 -1 -1 -1 -1 -1 -1 -1 -1 -1 -1 -1 -1 -1 -1 -1 -1 -1,True,13,True,True,1.0,1.0,6,6,3.654952e-07,"[6.887529156045099e-26, 5.1476867999304355e-27, 1.401298464324817e-45, 0.0, 1.9626847269159384e-36, 1.838229414177471e-30, 1.0, 2.0654915999784862e-08, 1.743521162176768e-18, 4.0428793226440283e-23, 1.0417533043483555e-40, 0.0, 3.2730868116823916e-38, 0.0, 0.0, 0.0, 0.0, 0.0, 0.0, 0.0, 0.0, 0.0, 0.0, 0.0, 0.0, 0.0, 0.0, 0.0, 0.0, 0.0, 0.0, 0.0, 0.0, 0.0, 0.0, 0.0, 0.0, 0.0, 0.0, 0.0, 0.0, 0.0, 0.0, 0.0, 0.0, 0.0, 0.0, 0.0]",1.4473877,1.8647883,1.983955,2.1304107,2.2517414
train__c25__user24__2-2-1,25,Watch_TV,39,0 1 2 3 4 5 6 7 8 9 10 11 12 13 14 15 16 17 18 19 20 21 22 23 24 25 26 27 28 29 30 31 32 33 34 35 36 37 38 -1 -1 -1 -1 -1 -1 -1 -1 -1,True,39,True,True,0.6153846153846154,1.0,38,38,0.38649762,"[4.2357382881164085e-06, 0.0005483088898472488, 0.0007263912702910602, 0.06799240410327911, 0.004484585486352444, 0.011632129549980164, 0.00013023478095419705, 0.0011250568786635995, 0.00011226939386688173, 4.7246018652913335e-07, 1.703703289557268e-10, 1.5153051036165266e-10, 7.889711019920531e-13, 8.062253989415957e-12, 1.2412256552435386e-12, 8.250980465269314e-14, 2.0699398141713066e-14, 9.257345053286653e-15, 8.801608530548122e-13, 2.0135055770220428e-16, 5.304880527776589e-16, 4.0673934498044345e-16, 4.220537205191359e-17, 1.4277891761383906e-16, 6.81160126319826e-16, 1.3364536663755186e-14, 3.354790403808927e-11, 8.143803964522078e-10, 4.4994501990913705e-07, 1.4528488634368841e-08, 9.64179935891707e-09, 6.280764797139682e-10, 8.782413374319731e-08, 7.149161319830455e-06, 4.404470928420778e-06, 6.533887244586367e-07, 0.002069296082481742, 0.001433359575457871, 0.9097283482551575, 0.0, 0.0, 0.0, 0.0, 0.0, 0.0, 0.0, 0.0, 0.0]",2.0244527,2.174348,2.4377685,2.8613086,3.0262234
train__c25__user24__2-2-2,25,Watch_TV,25,0 1 2 3 4 5 6 7 8 9 10 11 12 13 14 15 16 17 18 19 20 21 22 23 24 -1 -1 -1 -1 -1 -1 -1 -1 -1 -1 -1 -1 -1 -1 -1 -1 -1 -1 -1 -1 -1 -1 -1,True,25,True,True,0.96,1.0,1,1,0.35567287,"[0.021588508039712906, 0.9108231067657471, 0.06649729609489441, 0.0010748286731541157, 3.853790076391306e-06, 1.1255702148105229e-08, 7.386378086948753e-08, 1.9902559245110751e-07, 2.824162237402561e-08, 5.5592195735698624e-08, 4.092500560659573e-09, 1.9828729769244546e-09, 2.220712280731618e-09, 3.040834251066826e-10, 1.6183735462860227e-09, 8.330673373357911e-10, 1.6567522909127774e-09, 8.869279533030294e-09, 1.0288545126968529e-08, 8.479672075623057e-09, 4.349242033185874e-07, 9.860237696557306e-06, 1.1934920607359345e-08, 2.8770525517529677e-08, 1.612786377336306e-06, 0.0, 0.0, 0.0, 0.0, 0.0, 0.0, 0.0, 0.0, 0.0, 0.0, 0.0, 0.0, 0.0, 0.0, 0.0, 0.0, 0.0, 0.0, 0.0, 0.0, 0.0, 0.0, 0.0]",1.4898399,1.6746428,2.0301638,2.5048003,2.6883993
train__c25__user24__2-2-3,25,Watch_TV,17,0 1 2 3 4 5 6 7 8 9 10 11 12 13 14 15 16 -1 -1 -1 -1 -1 -1 -1 -1 -1 -1 -1 -1 -1 -1 -1 -1 -1 -1 -1 -1 -1 -1 -1 -1 -1 -1 -1 -1 -1 -1 -1,True,17,True,True,1.0,1.0,6,6,1.5621265,"[2.9503431164812355e-07, 7.0872088144824374e-06, 1.2124784234401886e-06, 9.996057633543387e-05, 0.0005663152551278472, 0.0009300558594986796, 0.30504465103149414, 0.23943226039409637, 0.0026186152826994658, 0.02158547379076481, 0.09523958712816238, 0.275584876537323, 5.7627195928944275e-05, 6.843399023637176e-05, 9.378460958942014e-07, 8.718715980648994e-05, 0.05867540463805199, 0.0, 0.0, 0.0, 0.0, 0.0, 0.0, 0.0, 0.0, 0.0, 0.0, 0.0, 0.0, 0.0, 0.0, 0.0, 0.0, 0.0, 0.0, 0.0, 0.0, 0.0, 0.0, 0.0, 0.0, 0.0, 0.0, 0.0, 0.0, 0.0, 0.0, 0.0]",1.4936384,1.6590698,2.015251,2.464699,2.602827
train__c25__user24__5-3-1,25,Watch_TV,14,0 1 2 3 4 5 6 7 8 9 10 11 12 13 -1 -1 -1 -1 -1 -1 -1 -1 -1 -1 -1 -1 -1 -1 -1 -1 -1 -1 -1 -1 -1 -1 -1 -1 -1 -1 -1 -1 -1 -1 -1 -1 -1 -1,True,14,True,True,1.0,1.0,2,2,0.017725846,"[0.0020501152612268925, 0.00019069042173214257, 0.9976435303688049, 2.3604023195646778e-14, 1.7614932949772122e-12, 1.9686601668773666e-26, 4.251122508859909e-24, 2.0020517063416946e-18, 1.836660331991899e-33, 3.216589306020978e-08, 3.766238709790315e-11, 1.1139907415128384e-33, 7.008915546918338e-24, 0.00011565959721338004, 0.0, 0.0, 0.0, 0.0, 0.0, 0.0, 0.0, 0.0, 0.0, 0.0, 0.0, 0.0, 0.0, 0.0, 0.0, 0.0, 0.0, 0.0, 0.0, 0.0, 0.0, 0.0, 0.0, 0.0, 0.0, 0.0, 0.0, 0.0, 0.0, 0.0, 0.0, 0.0, 0.0, 0.0]",2.7754884,2.9350622,2.8858745,2.946619,3.0062616
train__c25__user24__5-3-2,25,Watch_TV,29,0 1 2 3 4 5 6 7 8 9 10 11 12 13 14 15 16 17 18 19 20 21 22 23 24 25 26 27 28 -1 -1 -1 -1 -1 -1 -1 -1 -1 -1 -1 -1 -1 -1 -1 -1 -1 -1 -1,True,29,True,True,0.8275862068965517,1.0,4,4,0.00013328494,"[9.71589146780065e-37, 3.931482971509707e-40, 1.6681588835970595e-13, 6.597696564428213e-13, 0.99998939037323, 1.0969626096368756e-08, 4.875075603621992e-12, 3.085783717307958e-14, 5.1894907641958365e-12, 7.235252952320081e-10, 5.052591645400436e-21, 9.382818966230388e-09, 4.07571079108493e-08, 1.0616134204610717e-05, 1.6144031944609338e-10, 2.8504773155548045e-22, 9.282046450364126e-29, 2.099902249427712e-15, 1.6081292428946727e-23, 7.790348227620925e-12, 4.01022697689459e-38, 5.898193573426194e-18, 2.235334347364202e-15, 1.0696337124408557e-20, 6.278593671214324e-18, 8.030543882501285e-31, 2.189509792848412e-36, 4.341271413405995e-30, 1.7988473442425304e-18, 0.0, 0.0, 0.0, 0.0, 0.0, 0.0, 0.0, 0.0, 0.0, 0.0, 0.0, 0.0, 0.0, 0.0, 0.0, 0.0, 0.0, 0.0, 0.0]",2.9837322,3.1997128,3.141312,3.167762,3.269943
train__c25__user24__5-3-3,25,Watch_TV,28,0 1 2 3 4 5 6 7 8 9 10 11 12 13 14 15 16 17 18 19 20 21 22 23 24 25 26 27 -1 -1 -1 -1 -1 -1 -1 -1 -1 -1 -1 -1 -1 -1 -1 -1 -1 -1 -1 -1,True,28,True,True,0.8571428571428571,1.0,0,0,0.62426496,"[0.6834195256233215, 0.31658053398132324, 2.3127261955874654e-24, 3.341844158102413e-31, 6.4318837905242225e-28, 6.163206933632481e-26, 2.23286013793301e-37, 0.0, 0.0, 0.0, 9.80908925027372e-45, 4.3533845118501584e-39, 0.0, 6.540977868907376e-20, 1.1339399546911188e-36, 1.1176937024432024e-28, 5.1681636722851495e-28, 1.6829158876032913e-34, 0.0, 1.0791399473765416e-41, 0.0, 0.0, 0.0, 0.0, 0.0, 6.148897661457297e-42, 1.1116755753809281e-38, 6.682030015585497e-21, 0.0, 0.0, 0.0, 0.0, 0.0, 0.0, 0.0, 0.0, 0.0, 0.0, 0.0, 0.0, 0.0, 0.0, 0.0, 0.0, 0.0, 0.0, 0.0, 0.0]",4.139111,4.154447,4.034862,4.050423,4.1643414
train__c26__user23__5-1-1,26,Play_games,43,0 1 2 3 4 5 6 7 8 9 10 11 12 13 14 15 16 17 18 19 20 21 22 23 24 25 26 27 28 29 30 31 32 33 34 35 36 37 38 39 40 41 42 -1 -1 -1 -1 -1,True,43,True,True,0.5581395348837209,1.0,5,5,0.7713808,"[9.617361683922354e-06, 5.68613131690654e-07, 8.857283972929508e-08, 2.015908648900222e-06, 0.055260851979255676, 0.8120522499084473, 0.05356065556406975, 3.9815281063435015e-13, 0.050315577536821365, 1.0960304734908277e-06, 8.110830229668409e-09, 1.1486300763863255e-06, 1.1403862913933558e-15, 5.746362508329197e-28, 0.0, 0.0, 1.5295260179129552e-37, 7.997112520807814e-12, 2.071173099693624e-08, 2.5088386337301927e-06, 1.853795038186945e-05, 1.6443545136635151e-10, 9.57129080852992e-12, 9.474150138226354e-28, 3.3791625830945445e-39, 0.0, 0.0, 1.0735617881395466e-27, 7.505959309944005e-31, 0.0, 4.6089529220048886e-14, 2.3224630293257004e-39, 1.8943599043405583e-17, 3.2889156675874887e-11, 2.6442967282491736e-07, 1.9538854303391417e-06, 0.0008523054420948029, 0.019097639247775078, 0.0013834284618496895, 0.004753778222948313, 0.0015193987637758255, 0.00047068780986592174, 0.0006956314318813384, 0.0, 0.0, 0.0, 0.0, 0.0]",1.9251473,2.223689,2.400324,2.737958,2.9629536
train__c26__user23__5-1-2,26,Play_games,52,0 1 2 3 4 5 7 8 9 10 11 12 13 14 15 16 17 18 20 21 22 23 24 25 26 27 28 29 30 31 33 34 35 36 37 38 39 40 41 42 43 44 46 47 48 49 50 51,False,48,True,True,0.4615384615384615,1.0,22,24,0.54189634,"[6.818200487417726e-32, 1.807675018979014e-43, 3.929513688438265e-34, 8.293774638330638e-28, 1.5663033536839066e-07, 0.007190443575382233, 3.8790014109342573e-16, 0.020166097208857536, 0.07610605657100677, 0.01985345222055912, 4.019048326502772e-27, 4.0153999727397815e-20, 2.0379710304518257e-23, 2.4501105144736357e-06, 3.404817555379403e-39, 5.975639718029713e-39, 7.838331116016583e-40, 1.02629994878677e-26, 6.832379585830495e-05, 0.004293609876185656, 0.0002460434625390917, 0.0010855946457013488, 0.8709877133369446, 9.213551052818548e-30, 1.5672584448597315e-16, 0.0, 0.0, 0.0, 0.0, 0.0, 0.0, 0.0, 0.0, 0.0, 0.0, 0.0, 0.0, 0.0, 0.0, 0.0, 0.0, 0.0, 0.0, 0.0, 0.0, 0.0, 0.0, 0.0]",5.4362264,5.3924694,5.2739716,5.307202,5.3698096
train__c26__user23__5-1-3,26,Play_games,21,0 1 2 3 4 5 6 7 8 9 10 11 12 13 14 15 16 17 18 19 20 -1 -1 -1 -1 -1 -1 -1 -1 -1 -1 -1 -1 -1 -1 -1 -1 -1 -1 -1 -1 -1 -1 -1 -1 -1 -1 -1,True,21,True,True,1.0,1.0,0,0,0.0015339288,"[0.9998605251312256, 5.292741800388967e-10, 1.5645316986390156e-10, 1.0282299625355505e-35, 2.4799486837571826e-25, 6.642551397817442e-06, 8.65059661256444e-16, 6.892653914292168e-07, 8.427529505712805e-34, 1.3629630302602891e-05, 5.0216142355452575e-09, 5.920441253692843e-05, 5.920441253692843e-05, 2.348640171234706e-10, 2.9326545486262595e-27, 0.0, 0.0, 0.0, 0.0, 6.434498521128106e-36, 1.33059507856359e-09, 0.0, 0.0, 0.0, 0.0, 0.0, 0.0, 0.0, 0.0, 0.0, 0.0, 0.0, 0.0, 0.0, 0.0, 0.0, 0.0, 0.0, 0.0, 0.0, 0.0, 0.0, 0.0, 0.0, 0.0, 0.0, 0.0, 0.0]",1.6652089,2.0287175,2.1747074,2.4886022,2.8128426
train__c26__user24__4-1-1,26,Play_games,41,0 1 2 3 4 5 6 7 8 9 10 11 12 13 14 15 16 17 18 19 20 21 22 23 24 25 26 27 28 29 30 31 32 33 34 35 36 37 38 39 40 -1 -1 -1 -1 -1 -1 -1,True,41,True,True,0.5853658536585366,1.0,7,7,1.5142581,"[0.06555253267288208, 0.010371915996074677, 0.002880177227780223, 0.0005760716740041971, 0.0094437375664711, 0.011391321197152138, 0.025670740753412247, 0.6830730438232422, 0.05434495583176613, 0.015570090152323246, 0.0016156327910721302, 0.006696612574160099, 0.019682439044117928, 0.0002186521451221779, 0.008334068581461906, 0.017100399360060692, 0.0001411724224453792, 0.00028075490263290703, 0.0002186521451221779, 0.006909186020493507, 0.0004348416696302593, 0.002074513817206025, 0.0011278935708105564, 0.002074513817206025, 2.531082100176718e-05, 0.006193353794515133, 0.002835524035617709, 0.00033340472145937383, 0.0031142139341682196, 1.8230703062727116e-05, 0.0023877506610006094, 0.009011276997625828, 0.003936735447496176, 0.004061700310558081, 0.0022430839017033577, 0.00023275396961253136, 0.0005411692545749247, 0.00166691851336509, 0.0045311544090509415, 0.0011456552892923355, 0.011938001960515976, 0.0, 0.0, 0.0, 0.0, 0.0, 0.0, 0.0]",2.2615867,2.3803055,2.6641476,3.0640166,3.145643
train__c26__user24__4-1-2,26,Play_games,11,0 1 2 3 4 5 6 7 8 9 10 -1 -1 -1 -1 -1 -1 -1 -1 -1 -1 -1 -1 -1 -1 -1 -1 -1 -1 -1 -1 -1 -1 -1 -1 -1 -1 -1 -1 -1 -1 -1 -1 -1 -1 -1 -1 -1,True,11,True,True,1.0,1.0,7,7,0.8475306,"[0.005825529340654612, 0.000244234804995358, 4.429183491083677e-07, 1.7933182334672892e-06, 7.219567487481982e-05, 0.008882871828973293, 0.0014276073779910803, 0.6130827069282532, 0.01122900191694498, 0.34932398796081543, 0.009909559041261673, 0.0, 0.0, 0.0, 0.0, 0.0, 0.0, 0.0, 0.0, 0.0, 0.0, 0.0, 0.0, 0.0, 0.0, 0.0, 0.0, 0.0, 0.0, 0.0, 0.0, 0.0, 0.0, 0.0, 0.0, 0.0, 0.0, 0.0, 0.0, 0.0, 0.0, 0.0, 0.0, 0.0, 0.0, 0.0, 0.0, 0.0]",1.0951163,1.304016,1.7238228,2.125369,2.2440352
train__c26__user24__4-1-3,26,Play_games,22,0 1 2 3 4 5 6 7 8 9 10 11 12 13 14 15 16 17 18 19 20 21 -1 -1 -1 -1 -1 -1 -1 -1 -1 -1 -1 -1 -1 -1 -1 -1 -1 -1 -1 -1 -1 -1 -1 -1 -1 -1,True,22,True,True,1.0,1.0,12,12,1.7094101,"[0.0016419925959780812, 7.214411743916571e-05, 0.01175948977470398, 0.004063970409333706, 0.038557879626750946, 0.20844192802906036, 0.04507873207330704, 0.000244060400291346, 0.0004151607572566718, 0.01765308529138565, 0.002244337694719434, 0.06767118722200394, 0.4697311222553253, 0.0016419925959780812, 0.04369179904460907, 0.005057693459093571, 0.0007517589838244021, 0.07668150216341019, 0.0037002877797931433, 0.0002187743375543505, 0.0006330445758067071, 4.8058340325951576e-05, 0.0, 0.0, 0.0, 0.0, 0.0, 0.0, 0.0, 0.0, 0.0, 0.0, 0.0, 0.0, 0.0, 0.0, 0.0, 0.0, 0.0, 0.0, 0.0, 0.0, 0.0, 0.0, 0.0, 0.0, 0.0, 0.0]",1.6197467,1.7943302,2.198151,2.602919,2.6984122
train__c26__user24__4-3-1,26,Play_games,46,0 1 2 3 4 5 6 7 8 9 10 11 12 13 14 15 16 17 18 19 20 21 22 23 24 25 26 27 28 29 30 31 32 33 34 35 36 37 38 39 40 41 42 43 44 45 -1 -1,True,46,True,True,0.5217391304347826,1.0,7,7,2.0893002,"[1.7810789358918555e-06, 0.0005095201777294278, 1.8559268937679008e-05, 0.001406830153428018, 0.001893096836283803, 0.0003238706849515438, 0.2898791432380676, 0.30857473611831665, 0.0007891601417213678, 8.581719157518819e-05, 0.005227008368819952, 0.00013929505075793713, 0.0009371509659104049, 0.0030251604039222, 0.0024690639693289995, 0.03572012111544609, 0.03355594724416733, 0.005392931401729584, 0.0011482214322313666, 0.0002813837490975857, 6.827573997725267e-06, 6.025312814017525e-06, 0.0011482214322313666, 1.3578252037405036e-05, 2.8745158488163725e-05, 5.6095055087513473e-14, 3.928997466573492e-05, 1.6898406101972796e-05, 0.00011192671809112653, 5.9910053096245974e-05, 0.025329357013106346, 0.03923087194561958, 0.058892522007226944, 0.020998774096369743, 0.005227008368819952, 0.002430784748867154, 0.0036490396596491337, 0.002587556838989258, 0.00017885839042719454, 0.00023694887931924313, 9.573599527357146e-05, 0.07103794068098068, 0.02166534587740898, 0.055324405431747437, 0.0003042483876924962, 3.675464483876567e-07, 0.0, 0.0]",2.3713212,2.5658443,2.9246404,3.3338854,3.4289467
train__c26__user24__4-3-2,26,Play_games,28,0 1 2 3 4 5 6 7 8 9 10 11 12 13 14 15 16 17 18 19 20 21 22 23 24 25 26 27 -1 -1 -1 -1 -1 -1 -1 -1 -1 -1 -1 -1 -1 -1 -1 -1 -1 -1 -1 -1,True,28,True,True,0.8571428571428571,1.0,4,4,1.3356194,"[0.00018866857863031328, 1.8974897102452815e-05, 0.001102810143493116, 0.021469034254550934, 0.598685622215271, 0.0068619162775576115, 0.004097437020391226, 0.020485894754529, 0.035953864455223083, 7.988730067154393e-05, 0.00047431275015696883, 0.00018002880096901208, 0.02321355976164341, 0.23444864153862, 0.01262099388986826, 0.004227503668516874, 0.0006585179944522679, 0.007304470520466566, 8.16100146039389e-06, 0.00022404947958420962, 0.0014839933719485998, 0.020485894754529, 0.00045259238686412573, 0.00020083664276171476, 3.128431490040384e-05, 0.0010857126908376813, 0.0010041201021522284, 0.0029512729961425066, 0.0, 0.0, 0.0, 0.0, 0.0, 0.0, 0.0, 0.0, 0.0, 0.0, 0.0, 0.0, 0.0, 0.0, 0.0, 0.0, 0.0, 0.0, 0.0, 0.0]",1.9957567,2.1309178,2.4460883,2.865487,2.950448
train__c26__user24__4-3-3,26,Play_games,14,0 1 2 3 4 5 6 7 8 9 10 11 12 13 -1 -1 -1 -1 -1 -1 -1 -1 -1 -1 -1 -1 -1 -1 -1 -1 -1 -1 -1 -1 -1 -1 -1 -1 -1 -1 -1 -1 -1 -1 -1 -1 -1 -1,True,14,True,True,1.0,1.0,0,0,0.043492798,"[0.9930804371833801, 1.1014026333761723e-13, 3.296577455458305e-09, 4.779218443218269e-07, 2.89874236614196e-07, 3.28965354956523e-10, 8.740277735341806e-06, 2.942633289815255e-11, 7.545939872954932e-09, 1.6422495718870778e-06, 4.007618681356462e-09, 8.568667198005642e-08, 0.0006223899545148015, 0.006285916548222303, 0.0, 0.0, 0.0, 0.0, 0.0, 0.0, 0.0, 0.0, 0.0, 0.0, 0.0, 0.0, 0.0, 0.0, 0.0, 0.0, 0.0, 0.0, 0.0, 0.0, 0.0, 0.0, 0.0, 0.0, 0.0, 0.0, 0.0, 0.0, 0.0, 0.0, 0.0, 0.0, 0.0, 0.0]",1.2861636,1.4714551,1.865359,2.293271,2.4057314
train__c26__user24__5-3-1,26,Play_games,23,0 1 2 3 4 5 6 7 8 9 10 11 12 13 14 15 16 17 18 19 20 21 22 -1 -1 -1 -1 -1 -1 -1 -1 -1 -1 -1 -1 -1 -1 -1 -1 -1 -1 -1 -1 -1 -1 -1 -1 -1,True,23,True,True,1.0,1.0,21,21,0.0021617152,"[8.549321930845709e-42, 4.37174660183211e-34, 1.8350410732657245e-27, 2.386892854159297e-32, 0.00023050671734381467, 4.138983555890263e-08, 2.27688107707309e-21, 0.0, 2.3239133732362766e-41, 0.0, 9.82226775346418e-28, 1.0836476442765817e-36, 4.484155085839415e-44, 2.523351775872842e-39, 0.0, 1.5820659662227185e-42, 4.820466717277371e-43, 7.403085379607282e-25, 6.552897642557195e-31, 2.2871860656265755e-30, 7.164523093638614e-22, 0.9997695088386536, 1.5914183762021777e-13, 0.0, 0.0, 0.0, 0.0, 0.0, 0.0, 0.0, 0.0, 0.0, 0.0, 0.0, 0.0, 0.0, 0.0, 0.0, 0.0, 0.0, 0.0, 0.0, 0.0, 0.0, 0.0, 0.0, 0.0, 0.0]",3.1539123,3.2969904,3.203478,3.256712,3.3414826
train__c26__user24__5-3-2,26,Play_games,19,0 1 2 3 4 5 6 7 8 9 10 11 12 13 14 15 16 17 18 -1 -1 -1 -1 -1 -1 -1 -1 -1 -1 -1 -1 -1 -1 -1 -1 -1 -1 -1 -1 -1 -1 -1 -1 -1 -1 -1 -1 -1,True,19,True,True,1.0,1.0,10,10,1.4596691,"[0.3011682331562042, 1.0060926844309368e-32, 4.6241984412302743e-20, 3.571170556922352e-24, 0.04840213805437088, 2.671025640665903e-07, 0.0006639698403887451, 0.17430280148983002, 0.00551608856767416, 7.563460968640356e-08, 0.3661274313926697, 0.10166991502046585, 0.002126641571521759, 2.245510768261738e-05, 3.35881333173477e-16, 4.950621843960885e-21, 1.0973736429943361e-39, 3.0828566215145976e-42, 1.9948395637230156e-26, 0.0, 0.0, 0.0, 0.0, 0.0, 0.0, 0.0, 0.0, 0.0, 0.0, 0.0, 0.0, 0.0, 0.0, 0.0, 0.0, 0.0, 0.0, 0.0, 0.0, 0.0, 0.0, 0.0, 0.0, 0.0, 0.0, 0.0, 0.0, 0.0]",0.9338268,1.3942934,1.650203,1.9971007,2.3369694
train__c26__user24__5-3-3,26,Play_games,27,0 1 2 3 4 5 6 7 8 9 10 11 12 13 14 15 16 17 18 19 20 21 22 23 24 25 26 -1 -1 -1 -1 -1 -1 -1 -1 -1 -1 -1 -1 -1 -1 -1 -1 -1 -1 -1 -1 -1,True,27,True,True,0.8888888888888888,1.0,26,26,0.35233107,"[1.0071614766141157e-14, 2.802596928649634e-45, 3.239529917357205e-38, 0.0, 7.91494509213217e-33, 1.2466836285293993e-24, 2.0308555455806482e-13, 0.0, 2.9410834878618175e-10, 0.11279532313346863, 5.906671974181344e-31, 1.6333005703472736e-07, 2.567137891151816e-10, 2.4139219141227155e-33, 9.184123475449712e-18, 6.467709338459571e-25, 3.89466116855159e-21, 5.059855280864553e-34, 3.4174563110844865e-20, 1.2191296639625909e-42, 2.2391881101049838e-13, 8.739926915196736e-23, 4.9041798803748535e-34, 5.228336047159644e-37, 5.461012051455327e-07, 6.995436906309253e-36, 0.8872039914131165, 0.0, 0.0, 0.0, 0.0, 0.0, 0.0, 0.0, 0.0, 0.0, 0.0, 0.0, 0.0, 0.0, 0.0, 0.0, 0.0, 0.0, 0.0, 0.0, 0.0, 0.0]",1.7466389,2.0603492,2.125371,2.309269,2.5257053
train__c27__user17__1-2-1,27,Take_a_selfie,46,0 1 2 3 4 5 6 7 8 9 10 11 12 13 14 15 16 17 18 19 20 21 22 23 24 25 26 27 28 29 30 31 32 33 34 35 36 37 38 39 40 41 42 43 44 45 -1 -1,True,46,True,True,0.5217391304347826,1.0,13,13,1.6358589,"[0.0, 2.116671351552422e-34, 0.0, 0.0, 0.0, 0.0, 7.73236492614434e-42, 0.0019475688459351659, 2.4136183128575794e-05, 0.14308758080005646, 0.2590981423854828, 1.4139547822519805e-12, 0.007465794682502747, 0.3950774669647217, 0.0802648589015007, 0.0060934042558074, 0.0029696880374103785, 0.0059059299528598785, 0.013102877885103226, 0.015805087983608246, 1.1364221196019653e-12, 2.926303643846495e-10, 1.5104038538993336e-05, 0.00025546542019583285, 5.19009554409422e-05, 7.883195846572252e-18, 6.1810508968085376e-12, 3.172720848773337e-31, 3.26160491903211e-16, 1.051916355942183e-21, 1.1106995184695378e-10, 3.457348793745041e-05, 1.183039671559527e-06, 2.3797785075885258e-08, 3.1736286360589303e-16, 4.978011275760807e-13, 0.06865416467189789, 6.055092853785027e-06, 4.016636268033835e-08, 4.8363169539747074e-20, 1.8312339145065692e-10, 1.1442617414274278e-33, 4.229713655739447e-15, 6.674252972516115e-08, 2.382207389352189e-44, 0.00013889414549339563, 0.0, 0.0]",1.9407954,2.3267624,2.5045278,2.746754,2.879226
train__c27__user17__1-2-2,27,Take_a_selfie,21,0 1 2 3 4 5 6 7 8 9 10 11 12 13 14 15 16 17 18 19 20 -1 -1 -1 -1 -1 -1 -1 -1 -1 -1 -1 -1 -1 -1 -1 -1 -1 -1 -1 -1 -1 -1 -1 -1 -1 -1 -1,True,21,True,True,1.0,1.0,2,2,9.579783e-07,"[2.8780153260576924e-10, 6.805255162157826e-28, 1.0, 5.354279953434515e-12, 3.3819884708090027e-15, 3.066414779015727e-17, 3.6893354149469815e-08, 1.7945300356814187e-08, 1.7956468021805156e-30, 1.9380338826305006e-16, 2.2476827367770066e-42, 6.931107987025855e-23, 5.544208077660692e-14, 9.485021580277978e-15, 1.6551946716448357e-13, 1.6091069492751035e-19, 9.4594513695186e-20, 2.007979184673065e-14, 1.252067324496392e-38, 9.042680393177494e-34, 2.0643099407742325e-38, 0.0, 0.0, 0.0, 0.0, 0.0, 0.0, 0.0, 0.0, 0.0, 0.0, 0.0, 0.0, 0.0, 0.0, 0.0, 0.0, 0.0, 0.0, 0.0, 0.0, 0.0, 0.0, 0.0, 0.0, 0.0, 0.0, 0.0]",1.2477617,1.6758637,1.8275435,2.0749617,2.3726485
train__c27__user17__1-2-3,27,Take_a_selfie,30,0 1 2 3 4 5 6 7 8 9 10 11 12 13 14 15 16 17 18 19 20 21 22 23 24 25 26 27 28 29 -1 -1 -1 -1 -1 -1 -1 -1 -1 -1 -1 -1 -1 -1 -1 -1 -1 -1,True,30,True,True,0.8,1.0,18,18,0.030252358,"[4.027504019177286e-08, 3.3159446766368745e-15, 1.1384289935599453e-33, 1.0801112861819116e-32, 1.1809254062045788e-23, 5.187009879232228e-14, 8.316396837152326e-31, 1.3048255625967728e-35, 1.824689584932846e-39, 1.2136769313782101e-36, 7.721416689549743e-18, 0.0029315578285604715, 7.339194277381549e-31, 0.00041254766983911395, 3.075994094349001e-21, 6.6362683577569914e-12, 3.3550739633395618e-28, 0.00029947745497338474, 0.9959120750427246, 1.7925827719444433e-14, 6.455339057352336e-14, 1.7712412589065688e-42, 2.4620253929280194e-34, 6.616485069069446e-32, 5.620438583292658e-39, 0.00044433135190047324, 3.3550739633395618e-28, 5.78652794083756e-14, 3.5244953656976552e-12, 5.485258072257599e-32, 0.0, 0.0, 0.0, 0.0, 0.0, 0.0, 0.0, 0.0, 0.0, 0.0, 0.0, 0.0, 0.0, 0.0, 0.0, 0.0, 0.0, 0.0]",1.6458821,2.0545237,2.1689682,2.3571763,2.5930755
train__c27__user23__3-2-2,27,Take_a_selfie,22,0 1 2 3 4 5 6 7 8 9 10 11 12 13 14 15 16 17 18 19 20 21 -1 -1 -1 -1 -1 -1 -1 -1 -1 -1 -1 -1 -1 -1 -1 -1 -1 -1 -1 -1 -1 -1 -1 -1 -1 -1,True,22,True,True,1.0,1.0,0,0,0.47314435,"[0.8500359058380127, 0.13555006682872772, 0.013632629066705704, 0.000781211827415973, 1.8064456241972948e-07, 0.0, 3.769492869033758e-43, 0.0, 0.0, 0.0, 0.0, 0.0, 0.0, 0.0, 0.0, 0.0, 0.0, 2.328117268629251e-41, 0.0, 0.0, 0.0, 0.0, 0.0, 0.0, 0.0, 0.0, 0.0, 0.0, 0.0, 0.0, 0.0, 0.0, 0.0, 0.0, 0.0, 0.0, 0.0, 0.0, 0.0, 0.0, 0.0, 0.0, 0.0, 0.0, 0.0, 0.0, 0.0, 0.0]",5.101294,5.0199337,4.922329,4.8936462,4.901977
train__c27__user23__3-2-3,27,Take_a_selfie,29,0 1 2 3 4 5 6 7 8 9 10 11 12 13 14 15 16 17 18 19 20 21 22 23 24 25 26 27 28 -1 -1 -1 -1 -1 -1 -1 -1 -1 -1 -1 -1 -1 -1 -1 -1 -1 -1 -1,True,29,True,True,0.8275862068965517,1.0,28,28,1.0318018e-05,"[1.0231279015432794e-30, 3.3350903450930646e-43, 1.911454624832566e-30, 2.4134213126450243e-38, 1.4864032643499195e-27, 1.0185181309167875e-21, 3.092308581507247e-13, 6.194323488257627e-17, 5.964290162319947e-35, 7.076557244840326e-43, 0.0, 4.929706582150788e-29, 1.0783688949867258e-31, 0.0, 0.0, 0.0, 0.0, 0.0, 0.0, 0.0, 0.0, 0.0, 1.401298464324817e-45, 0.0, 0.0, 3.2612162970124814e-10, 2.553651218574883e-26, 6.75367687108519e-07, 0.9999992847442627, 0.0, 0.0, 0.0, 0.0, 0.0, 0.0, 0.0, 0.0, 0.0, 0.0, 0.0, 0.0, 0.0, 0.0, 0.0, 0.0, 0.0, 0.0, 0.0]",4.3437977,4.3425784,4.232414,4.2443123,4.319563
train__c27__user23__4-2-1,27,Take_a_selfie,41,0 1 2 3 4 5 6 7 8 9 10 11 12 13 14 15 16 17 18 19 20 21 22 23 24 25 26 27 28 29 30 31 32 33 34 35 36 37 38 39 40 -1 -1 -1 -1 -1 -1 -1,True,41,True,True,0.5853658536585366,1.0,0,0,1.1856487,"[0.4972755014896393, 0.27990132570266724, 0.17550022900104523, 0.019499223679304123, 3.384454674835138e-24, 5.286214996146044e-20, 2.468676904387199e-18, 7.615515049858309e-21, 4.162899192028391e-11, 6.366801895631264e-17, 4.92435297145453e-24, 4.170466510289331e-25, 7.959475262295e-26, 8.131115987831537e-27, 4.452824322666261e-31, 3.728303959678185e-30, 7.592622921169783e-15, 3.790362468336639e-11, 7.756351637016961e-16, 0.027822455391287804, 7.182025285601412e-08, 2.135159826721633e-09, 3.742849665864846e-17, 1.0306478581438575e-21, 4.8059140649771705e-17, 4.1169086048319627e-20, 2.3260993600832246e-24, 2.5219118704668507e-19, 1.241328748755132e-18, 6.921422368577623e-07, 1.3885454472426645e-13, 5.475295665746671e-07, 7.111167654727524e-09, 4.0118464106342344e-10, 1.2499289797629487e-11, 5.286214996146044e-20, 1.1113917707756757e-26, 7.056004711912853e-35, 2.558569042169277e-27, 3.4336492677314355e-32, 2.423851335255003e-23, 0.0, 0.0, 0.0, 0.0, 0.0, 0.0, 0.0]",2.2110798,2.4028537,2.3850763,2.527093,2.7588122
train__c27__user23__4-2-2,27,Take_a_selfie,42,0 1 2 3 4 5 6 7 8 9 10 11 12 13 14 15 16 17 18 19 20 21 22 23 24 25 26 27 28 29 30 31 32 33 34 35 36 37 38 39 40 41 -1 -1 -1 -1 -1 -1,True,42,True,True,0.5714285714285714,1.0,9,9,0.82901955,"[0.012183786369860172, 7.184074224397818e-09, 0.0021172247361391783, 0.010022109374403954, 3.133768586849328e-06, 0.24471789598464966, 0.03286123275756836, 0.00019387940119486302, 0.00028653518529608846, 0.697136402130127, 1.1237782615580727e-07, 9.02981227568489e-08, 1.0633367450441078e-11, 1.944639727025077e-10, 4.382313123496573e-10, 7.995293614956076e-25, 7.115409244768278e-21, 1.0503341822676373e-28, 1.1615585806805899e-21, 9.80908925027372e-45, 0.0, 0.0, 2.788583944006386e-43, 0.0, 6.938140878009527e-33, 1.0771700123131706e-16, 2.890448817793878e-11, 4.216946763335727e-06, 3.42733024183417e-08, 0.00041690623038448393, 4.463357254280709e-05, 8.815371176085218e-12, 1.0892031809817126e-07, 1.1830398001226486e-16, 5.1979140473673765e-18, 3.76418576308879e-08, 3.4469560539207578e-09, 7.400972208415624e-06, 2.9315506466787156e-08, 1.7531458923469856e-11, 4.881470658801845e-07, 3.7800466543558287e-06, 0.0, 0.0, 0.0, 0.0, 0.0, 0.0]",2.7989612,3.0151072,3.002972,3.2032926,3.441278
train__c27__user23__4-2-3,27,Take_a_selfie,9,0 1 2 3 4 5 6 7 8 -1 -1 -1 -1 -1 -1 -1 -1 -1 -1 -1 -1 -1 -1 -1 -1 -1 -1 -1 -1 -1 -1 -1 -1 -1 -1 -1 -1 -1 -1 -1 -1 -1 -1 -1 -1 -1 -1 -1,True,9,True,True,1.0,1.0,8,8,0.00080910913,"[1.578333235208959e-17, 3.888811050956065e-08, 3.748870217235252e-18, 1.7761798871034523e-24, 2.1853910845001213e-22, 7.287161325753022e-14, 4.62647306674576e-22, 7.722191367065534e-05, 0.9999227523803711, 0.0, 0.0, 0.0, 0.0, 0.0, 0.0, 0.0, 0.0, 0.0, 0.0, 0.0, 0.0, 0.0, 0.0, 0.0, 0.0, 0.0, 0.0, 0.0, 0.0, 0.0, 0.0, 0.0, 0.0, 0.0, 0.0, 0.0, 0.0, 0.0, 0.0, 0.0, 0.0, 0.0, 0.0, 0.0, 0.0, 0.0, 0.0, 0.0]",1.5834037,1.9887679,2.065463,2.219827,2.4045224
train__c27__user24__1-1-1,27,Take_a_selfie,29,0 1 2 3 4 5 6 7 8 9 10 11 12 13 14 15 16 17 18 19 20 21 22 23 24 25 26 27 28 -1 -1 -1 -1 -1 -1 -1 -1 -1 -1 -1 -1 -1 -1 -1 -1 -1 -1 -1,True,29,True,True,0.8275862068965517,1.0,28,28,0.35708368,"[6.051547825336456e-05, 0.0695481225848198, 2.7432658953330247e-06, 0.0001697198604233563, 2.8628550197140612e-08, 1.030953669101109e-07, 3.0429091566475108e-05, 0.0001864008081611246, 3.557521631591953e-05, 0.0003946104843635112, 5.865361526957713e-05, 6.243644747883081e-05, 0.00021792460756842047, 0.0020355558954179287, 0.0036859153769910336, 0.0014892445178702474, 0.002533290069550276, 0.0023798057809472084, 0.0002547796757426113, 0.00021792460756842047, 0.00011664663907140493, 0.00010620798275340348, 1.4829955944151152e-05, 7.859588322389754e-07, 8.283945618359212e-08, 1.1435633950895863e-06, 1.8882573282752446e-09, 0.0002798207278829068, 0.9161168336868286, 0.0, 0.0, 0.0, 0.0, 0.0, 0.0, 0.0, 0.0, 0.0, 0.0, 0.0, 0.0, 0.0, 0.0, 0.0, 0.0, 0.0, 0.0, 0.0]",2.1127207,2.2479627,2.29684,2.6451845,2.8564637
train__c27__user24__1-1-2,27,Take_a_selfie,23,0 1 2 3 4 5 6 7 8 9 10 11 12 13 14 15 16 17 18 19 20 21 22 -1 -1 -1 -1 -1 -1 -1 -1 -1 -1 -1 -1 -1 -1 -1 -1 -1 -1 -1 -1 -1 -1 -1 -1 -1,True,23,True,True,1.0,1.0,22,22,0.0011112926,"[8.850713015817746e-07, 1.892365798994433e-05, 1.2014251626977362e-13, 3.0331095274283015e-11, 2.7033811300647415e-10, 1.1877828581807748e-11, 9.250462375265389e-12, 4.3630365986757624e-09, 1.1859961901450333e-08, 4.1395335159677416e-08, 1.5055570656841155e-06, 8.314475508086616e-07, 2.237810861061007e-07, 4.406510711874034e-08, 1.4003862247591314e-07, 6.824937059946024e-08, 1.3306508117594262e-09, 1.126937015927254e-10, 1.5078249759881146e-09, 1.9778360893507596e-10, 5.475742000271566e-05, 2.0144130758126266e-05, 0.9999023675918579, 0.0, 0.0, 0.0, 0.0, 0.0, 0.0, 0.0, 0.0, 0.0, 0.0, 0.0, 0.0, 0.0, 0.0, 0.0, 0.0, 0.0, 0.0, 0.0, 0.0, 0.0, 0.0, 0.0, 0.0, 0.0]",1.8857172,2.0972378,2.121633,2.3903942,2.6235273
train__c27__user24__1-1-3,27,Take_a_selfie,16,0 1 2 3 4 5 6 7 8 9 10 11 12 13 14 15 -1 -1 -1 -1 -1 -1 -1 -1 -1 -1 -1 -1 -1 -1 -1 -1 -1 -1 -1 -1 -1 -1 -1 -1 -1 -1 -1 -1 -1 -1 -1 -1,True,16,True,True,1.0,1.0,13,13,0.014741779,"[1.9398908812548662e-22, 1.0439700319497813e-12, 0.0020507434383034706, 2.5994552437451833e-24, 8.767408907999586e-18, 5.549520479171024e-20, 6.896100872969655e-17, 1.856060449362618e-17, 8.49766448306543e-18, 1.371453544212099e-16, 7.044811072622193e-18, 2.451489185262279e-11, 6.076634014766727e-14, 0.9979493021965027, 1.4577087367045882e-13, 4.980502555512745e-12, 0.0, 0.0, 0.0, 0.0, 0.0, 0.0, 0.0, 0.0, 0.0, 0.0, 0.0, 0.0, 0.0, 0.0, 0.0, 0.0, 0.0, 0.0, 0.0, 0.0, 0.0, 0.0, 0.0, 0.0, 0.0, 0.0, 0.0, 0.0, 0.0, 0.0, 0.0, 0.0]",1.6572698,1.8787076,1.9568782,2.2642589,2.4988213
train__c27__user4__3-2-1,27,Take_a_selfie,28,0 1 2 3 4 5 6 7 8 9 10 11 12 13 14 15 16 17 18 19 20 21 22 23 24 25 26 27 -1 -1 -1 -1 -1 -1 -1 -1 -1 -1 -1 -1 -1 -1 -1 -1 -1 -1 -1 -1,True,28,True,True,0.8571428571428571,1.0,1,1,0.51653004,"[0.14524155855178833, 0.8358075022697449, 0.01438086200505495, 0.004385915119200945, 2.238769098994453e-07, 3.5412338377718484e-23, 1.755678815824173e-26, 6.05360936588321e-43, 1.329251656772132e-32, 1.4642988814630108e-38, 6.50763006832445e-42, 1.0729742341335124e-41, 7.66083730741234e-35, 6.207641315986219e-31, 9.721988438913023e-22, 5.24775126568339e-18, 4.8199231064693926e-12, 8.268309187178966e-21, 2.4662205871245346e-13, 5.399669600336665e-10, 5.437147369468309e-16, 4.802565567452177e-10, 7.658454938807362e-24, 2.1751327975096377e-17, 3.648149229107283e-20, 5.789541345250712e-14, 1.9544633042523595e-14, 0.0001838791067712009, 0.0, 0.0, 0.0, 0.0, 0.0, 0.0, 0.0, 0.0, 0.0, 0.0, 0.0, 0.0, 0.0, 0.0, 0.0, 0.0, 0.0, 0.0, 0.0, 0.0]",1.1570905,1.5988945,1.7734877,2.1297584,2.3265994
train__c27__user4__3-2-2,27,Take_a_selfie,26,0 1 2 3 4 5 6 7 8 9 10 11 12 13 14 15 16 17 18 19 20 21 22 23 24 25 -1 -1 -1 -1 -1 -1 -1 -1 -1 -1 -1 -1 -1 -1 -1 -1 -1 -1 -1 -1 -1 -1,True,26,True,True,0.9230769230769232,1.0,8,8,0.5766033,"[0.2628265619277954, 3.511378292408492e-23, 6.4661305112102396e-15, 2.522332429524388e-28, 5.067690191096208e-12, 8.750955723133089e-16, 3.3575902058657903e-09, 2.0115541719302465e-13, 0.7371152639389038, 1.0214411361175735e-07, 7.037891935901541e-10, 5.804861575597897e-05, 8.10056355327049e-10, 1.3968264056529733e-07, 2.743694214966258e-14, 4.740678403764194e-14, 2.2931555426050636e-25, 8.151918574202933e-20, 4.116314185088964e-18, 1.1761643939832985e-23, 9.055963652707744e-22, 2.1542201273823746e-25, 4.6128645284658554e-27, 2.360347133308722e-41, 1.9287256005612774e-33, 3.197145963777651e-23, 0.0, 0.0, 0.0, 0.0, 0.0, 0.0, 0.0, 0.0, 0.0, 0.0, 0.0, 0.0, 0.0, 0.0, 0.0, 0.0, 0.0, 0.0, 0.0, 0.0, 0.0, 0.0]",1.1147265,1.5002857,1.6757764,1.9932916,2.3513124
train__c27__user4__3-2-3,27,Take_a_selfie,16,0 1 2 3 4 5 6 7 8 9 10 11 12 13 14 15 -1 -1 -1 -1 -1 -1 -1 -1 -1 -1 -1 -1 -1 -1 -1 -1 -1 -1 -1 -1 -1 -1 -1 -1 -1 -1 -1 -1 -1 -1 -1 -1,True,16,True,True,1.0,1.0,11,11,0.041231424,"[3.881480369321427e-14, 2.0910644049632054e-10, 2.668164761773097e-39, 9.579546479284287e-33, 0.0, 1.268586527905307e-15, 3.783505853677006e-44, 6.5858044148134555e-18, 5.034331892334043e-12, 1.080923173191195e-08, 0.006903838366270065, 0.9930961728096008, 3.276921573856479e-23, 3.548534242550842e-26, 1.3109335882464824e-24, 2.1888009645153414e-18, 0.0, 0.0, 0.0, 0.0, 0.0, 0.0, 0.0, 0.0, 0.0, 0.0, 0.0, 0.0, 0.0, 0.0, 0.0, 0.0, 0.0, 0.0, 0.0, 0.0, 0.0, 0.0, 0.0, 0.0, 0.0, 0.0, 0.0, 0.0, 0.0, 0.0, 0.0, 0.0]",1.3994107,1.7191356,1.8904124,2.1421897,2.3266
train__c28__user17__3-1-1,28,Jog_in_place,33,0 1 2 3 4 5 6 7 8 9 10 11 12 13 14 15 16 17 18 19 20 21 22 23 24 25 26 27 28 29 30 31 32 -1 -1 -1 -1 -1 -1 -1 -1 -1 -1 -1 -1 -1 -1 -1,True,33,True,True,0.7272727272727273,1.0,26,26,4.1078447e-06,"[1.2972228846663825e-10, 2.833395185142251e-10, 2.3759464447964396e-12, 7.012720404375727e-10, 5.469739786968797e-13, 4.618433280256795e-08, 8.814433627435392e-09, 4.923702418002662e-11, 1.640353478810031e-21, 2.53299188942473e-15, 1.299176966094301e-13, 1.2307707075720487e-09, 8.142288832194684e-17, 6.673544316037347e-15, 1.462031231371106e-20, 2.184879707711751e-11, 6.076331878114441e-15, 6.673544316037347e-15, 5.0876502040138674e-14, 6.076331878114441e-15, 7.982419573168014e-19, 1.822268059971813e-23, 1.4855166448205858e-31, 9.724576817912259e-18, 9.304341151705753e-13, 1.4225776112652966e-07, 0.9999997615814209, 5.34622479619884e-09, 6.468221412040537e-15, 1.0148506390707197e-19, 5.325447752546779e-22, 6.385154072141574e-10, 2.9818846059015414e-08, 0.0, 0.0, 0.0, 0.0, 0.0, 0.0, 0.0, 0.0, 0.0, 0.0, 0.0, 0.0, 0.0, 0.0, 0.0]",2.370543,2.748136,2.7668486,2.838017,3.0401628
train__c28__user17__3-1-2,28,Jog_in_place,44,0 1 2 3 4 5 6 7 8 9 10 11 12 13 14 15 16 17 18 19 20 21 22 23 24 25 26 27 28 29 30 31 32 33 34 35 36 37 38 39 40 41 42 43 -1 -1 -1 -1,True,44,True,True,0.5454545454545454,1.0,22,22,1.3367515,"[0.17571231722831726, 2.5101769551838515e-06, 3.1286717661060948e-09, 0.020340176299214363, 0.027801720425486565, 5.971174665830858e-10, 4.462810676564288e-11, 1.6746573017201172e-09, 0.24779406189918518, 6.212747848621802e-06, 0.050342414528131485, 1.4345680676361439e-12, 3.2328488844268755e-12, 3.265061832014027e-11, 5.822413462093698e-22, 5.682373889731151e-15, 2.794493352989216e-33, 1.6255785779961673e-12, 2.507960887982548e-25, 5.55405790803043e-11, 1.6746573017201172e-09, 1.0463975286256755e-06, 0.47763553261756897, 5.600962253993202e-07, 0.0001815631112549454, 3.7310451261873823e-07, 7.778584796044508e-18, 8.337628504273553e-11, 1.1694628609279988e-20, 5.285430533725263e-16, 5.362256759690861e-24, 1.6731789633174971e-28, 5.6909339583739885e-18, 9.628478756529992e-28, 6.953880823637775e-23, 1.2863386012726375e-23, 5.030661486926093e-43, 1.4051594065145728e-33, 1.696443346584954e-14, 9.072391012894527e-34, 3.4125311024584535e-16, 4.3320202432846e-14, 2.412572641663502e-10, 0.0001815631112549454, 0.0, 0.0, 0.0, 0.0]",2.8840396,3.0983148,3.0445957,3.1203554,3.2805731
train__c28__user17__3-1-3,28,Jog_in_place,30,0 1 2 3 4 5 6 7 8 9 10 11 12 13 14 15 16 17 18 19 20 21 22 23 24 25 26 27 28 29 -1 -1 -1 -1 -1 -1 -1 -1 -1 -1 -1 -1 -1 -1 -1 -1 -1 -1,True,30,True,True,0.8,1.0,0,0,5.280581e-08,"[1.0, 4.668691445269303e-14, 2.110032371049897e-09, 1.4545752696063278e-15, 2.0249367460589696e-10, 1.2281861638818725e-10, 6.114778822174927e-12, 1.8891633902963777e-17, 5.6230461259465514e-11, 4.266953823869068e-42, 3.499865391300432e-21, 4.711048399320858e-32, 4.2701315323208386e-23, 5.877015284746611e-16, 3.838067997818989e-18, 5.29829001587691e-17, 2.7175040409404497e-15, 1.1413825391964534e-30, 2.74458207490157e-14, 1.4183368556623914e-27, 3.5507371308508817e-29, 7.318614738970866e-38, 2.031042070705963e-16, 3.4024133213726e-27, 5.014885183270412e-32, 0.0, 3.864659287033945e-11, 5.230247658583043e-12, 3.1053409843551094e-11, 1.1311203709785111e-12, 0.0, 0.0, 0.0, 0.0, 0.0, 0.0, 0.0, 0.0, 0.0, 0.0, 0.0, 0.0, 0.0, 0.0, 0.0, 0.0, 0.0, 0.0]",2.3567588,2.635618,2.6177216,2.723354,2.934208
train__c28__user23__3-2-2,28,Jog_in_place,21,0 1 2 3 4 5 6 7 8 9 10 11 12 13 14 15 16 17 18 19 20 -1 -1 -1 -1 -1 -1 -1 -1 -1 -1 -1 -1 -1 -1 -1 -1 -1 -1 -1 -1 -1 -1 -1 -1 -1 -1 -1,True,21,True,True,1.0,1.0,20,20,0.00086090545,"[2.0066146413956902e-18, 1.7884761537223405e-17, 1.106490997459554e-15, 5.6752162919202626e-14, 3.260949010819303e-10, 5.9048160805375e-10, 3.058770516872755e-07, 2.3586705921729845e-08, 4.248002992968631e-18, 4.846968312821609e-11, 2.817030164692369e-09, 8.220186282414943e-05, 3.44219281984276e-14, 6.119829070536688e-19, 9.57302326762213e-18, 1.4826989141247632e-17, 4.248002992968631e-18, 7.024889980249064e-24, 1.9672157961752422e-20, 3.5922505827399307e-16, 0.9999173879623413, 0.0, 0.0, 0.0, 0.0, 0.0, 0.0, 0.0, 0.0, 0.0, 0.0, 0.0, 0.0, 0.0, 0.0, 0.0, 0.0, 0.0, 0.0, 0.0, 0.0, 0.0, 0.0, 0.0, 0.0, 0.0, 0.0, 0.0]",2.0042744,2.366624,2.3784359,2.4681242,2.597727
train__c28__user23__3-2-3,28,Jog_in_place,19,0 1 2 3 4 5 6 7 8 9 10 11 12 13 14 15 16 17 18 -1 -1 -1 -1 -1 -1 -1 -1 -1 -1 -1 -1 -1 -1 -1 -1 -1 -1 -1 -1 -1 -1 -1 -1 -1 -1 -1 -1 -1,True,19,True,True,1.0,1.0,18,18,1.7674147e-05,"[9.976131706612495e-17, 2.8625150552894385e-20, 7.704355378557498e-21, 2.251542717375065e-19, 1.1663278400733212e-16, 1.901114289322263e-14, 3.737885001520169e-12, 3.743515473466057e-15, 6.893607178426464e-07, 1.9097188133418988e-23, 9.110759067144099e-23, 5.073928979327569e-19, 1.9810065046699243e-13, 3.4136443138550213e-18, 7.781123878633528e-20, 1.3085836817550063e-17, 6.233513325740875e-14, 4.5921322566755407e-07, 0.9999988079071045, 0.0, 0.0, 0.0, 0.0, 0.0, 0.0, 0.0, 0.0, 0.0, 0.0, 0.0, 0.0, 0.0, 0.0, 0.0, 0.0, 0.0, 0.0, 0.0, 0.0, 0.0, 0.0, 0.0, 0.0, 0.0, 0.0, 0.0, 0.0, 0.0]",1.6591586,2.1115098,2.2036972,2.3363144,2.4614427
train__c28__user24__3-2-1,28,Jog_in_place,26,0 1 2 3 4 5 6 7 8 9 10 11 12 13 14 15 16 17 18 19 20 21 22 23 24 25 -1 -1 -1 -1 -1 -1 -1 -1 -1 -1 -1 -1 -1 -1 -1 -1 -1 -1 -1 -1 -1 -1,True,26,True,True,0.9230769230769232,1.0,25,25,0.024778765,"[2.2329604831838878e-10, 5.719256986507274e-16, 2.847450475577835e-17, 1.1619374300796858e-16, 1.6088414517634552e-21, 6.676430784093024e-13, 4.215909078630913e-31, 1.502293844879432e-09, 1.869635113393997e-09, 1.534689875182238e-10, 6.590690304619784e-08, 6.461285395609195e-10, 1.8780970371893983e-18, 6.490529545064445e-19, 2.6445573517646726e-15, 3.503469512587741e-15, 5.505152286240043e-23, 5.702064376222893e-10, 7.036905780299918e-14, 3.847808522679111e-15, 9.472138851066831e-25, 4.588639581151743e-13, 4.93632230403015e-34, 0.0037654133047908545, 6.000892227575605e-08, 0.9962344765663147, 0.0, 0.0, 0.0, 0.0, 0.0, 0.0, 0.0, 0.0, 0.0, 0.0, 0.0, 0.0, 0.0, 0.0, 0.0, 0.0, 0.0, 0.0, 0.0, 0.0, 0.0, 0.0]",2.1693144,2.4145224,2.382945,2.435815,2.575943
train__c28__user24__3-2-2,28,Jog_in_place,41,0 1 2 3 4 5 6 7 8 9 10 11 12 13 14 15 16 17 18 19 20 21 22 23 24 25 26 27 28 29 30 31 32 33 34 35 36 37 38 39 40 -1 -1 -1 -1 -1 -1 -1,True,41,True,True,0.5853658536585366,1.0,39,39,0.5908678,"[9.219199709198378e-11, 1.6341420439047738e-09, 6.744910185929598e-11, 4.735670623007282e-12, 2.492544470717032e-20, 3.699264195900447e-18, 3.872168434852046e-26, 9.687754754850175e-06, 1.4399563497136114e-06, 0.005598409567028284, 3.314967500500643e-07, 6.842950362030545e-19, 4.2693360782428136e-13, 1.4202090119121677e-20, 0.18831337988376617, 0.00014460236707236618, 4.442059164944112e-09, 2.7023684092059626e-15, 3.287206618018956e-11, 9.418005438022181e-12, 3.736124356612545e-17, 3.965128225758008e-11, 1.1360283373729185e-11, 3.5692946376286727e-09, 1.187337830585474e-16, 1.3281515644225639e-11, 1.7197825741277484e-07, 7.730769149838501e-13, 1.1456221926664512e-07, 1.4180727817910977e-17, 4.9272593116711505e-08, 3.1689145883548357e-21, 7.407835456163525e-11, 0.00121074088383466, 7.098389431803298e-09, 7.13051773743065e-18, 3.688143974250879e-12, 2.7292953324892927e-14, 0.011668086051940918, 0.7928289175033569, 0.00022396454005502164, 0.0, 0.0, 0.0, 0.0, 0.0, 0.0, 0.0]",2.246079,2.4936297,2.4677613,2.5182018,2.6973627
train__c28__user24__3-2-3,28,Jog_in_place,51,0 1 2 3 4 5 6 7 9 10 11 12 13 14 15 16 17 18 19 20 21 22 23 24 26 27 28 29 30 31 32 33 34 35 36 37 38 39 40 41 43 44 45 46 47 48 49 50,False,48,True,True,0.4705882352941176,1.0,24,26,0.62357306,"[0.00040177968912757933, 3.754047311725628e-14, 6.608424108103418e-20, 1.6316985139311659e-35, 2.4384331529866967e-26, 9.454832097919178e-28, 1.1930338444585131e-13, 0.0004081067454535514, 5.698447421309538e-05, 0.013409468345344067, 0.004387561231851578, 6.439778710287669e-10, 1.3653548777692315e-12, 1.95283900161769e-09, 1.1480146833164895e-09, 2.4723383063030013e-12, 0.0005406536511145532, 6.5333834978541325e-18, 7.102516264012593e-08, 3.890744026084173e-23, 9.412230730275245e-19, 6.332371991558846e-18, 7.91643334730267e-27, 0.02998354099690914, 0.823158323764801, 2.479021361523337e-07, 3.5972310200027557e-12, 5.387201129307768e-28, 1.0528486719604824e-13, 2.2872502876407602e-23, 4.946526273778482e-24, 1.4499453864285448e-28, 0.00042769222636707127, 5.338763875428754e-10, 0.12722550332546234, 4.664960084888037e-11, 2.3058492004679465e-08, 1.4892312886690651e-19, 2.75065710901933e-17, 1.6107439858244194e-30, 1.0088683360942596e-11, 1.793653675699657e-16, 2.6556676215020015e-30, 3.60807704594352e-18, 0.0, 5.138903892366517e-17, 6.478670509461658e-22, 1.1660932219825781e-09]",2.6295836,2.8963804,2.8942554,2.9741302,3.1449912
train__c28__user4__3-2-1,28,Jog_in_place,46,0 1 2 3 4 5 6 7 8 9 10 11 12 13 14 15 16 17 18 19 20 21 22 23 24 25 26 27 28 29 30 31 32 33 34 35 36 37 38 39 40 41 42 43 44 45 -1 -1,True,46,True,True,0.5217391304347826,1.0,8,8,0.00027015922,"[4.0622456070674965e-17, 3.2135007268174564e-17, 1.6280571779633727e-32, 3.6468590212221566e-20, 6.354421582664856e-16, 1.6990301473197638e-34, 1.4993888474275365e-34, 5.090572963162288e-10, 0.9999768733978271, 3.7727940143208495e-15, 2.972002369132395e-17, 9.499089864472141e-18, 2.3673360494136375e-10, 2.3142234567785636e-05, 1.935675926440789e-24, 1.3904564197119612e-29, 2.3118352758026314e-25, 2.1652398621401107e-19, 1.448438416641797e-17, 1.1993643987753958e-25, 6.312662262482407e-34, 2.5223372357846707e-44, 8.407790785948902e-45, 4.0880500489287186e-40, 5.181748994092536e-35, 2.076082529432718e-39, 5.699611105747932e-38, 1.7907644809390185e-35, 5.699611105747932e-38, 2.6624670822171524e-44, 0.0, 0.0, 0.0, 0.0, 1.0102801408396201e-36, 3.4569890182449876e-38, 2.690631391293215e-16, 4.725143669501368e-38, 3.8786344012261606e-39, 5.532606596847243e-41, 1.1476634422820252e-42, 0.0, 4.484155085839415e-44, 0.0, 4.764414778704378e-44, 3.02068240995097e-39, 0.0, 0.0]",3.4731395,3.7469637,3.6998317,3.7345915,3.887663
train__c28__user4__3-2-2,28,Jog_in_place,39,0 1 2 3 4 5 6 7 8 9 10 11 12 13 14 15 16 17 18 19 20 21 22 23 24 25 26 27 28 29 30 31 32 33 34 35 36 37 38 -1 -1 -1 -1 -1 -1 -1 -1 -1,True,39,True,True,0.6153846153846154,1.0,15,15,0.00014674746,"[2.418473442024424e-37, 0.0, 6.406324003860282e-27, 0.0, 5.044674471569341e-44, 0.0, 5.908907999535478e-32, 2.0249630045087208e-36, 1.1889491361216642e-05, 6.396608243086632e-11, 0.0, 8.275561460258284e-39, 0.0, 3.371866228261939e-35, 1.0237276767530463e-26, 0.9999880790710449, 1.2033382829591078e-16, 1.8587420852211015e-21, 6.964388272130603e-17, 1.34242069585157e-16, 5.317375471432285e-19, 1.3015236193384668e-27, 7.71587770182021e-24, 2.391010897856153e-35, 3.4684430471068765e-29, 0.0, 0.0, 0.0, 2.5490524304876376e-38, 1.792260735871441e-42, 1.401298464324817e-45, 0.0, 0.0, 0.0, 2.038992414088873e-29, 0.0, 1.485376372184306e-42, 5.4650640108667866e-43, 2.1704961143978488e-29, 0.0, 0.0, 0.0, 0.0, 0.0, 0.0, 0.0, 0.0, 0.0]",3.1545289,3.3907332,3.3279018,3.3870194,3.5114172
train__c28__user4__3-2-3,28,Jog_in_place,31,0 1 2 3 4 5 6 7 8 9 10 11 12 13 14 15 16 17 18 19 20 21 22 23 24 25 26 27 28 29 30 -1 -1 -1 -1 -1 -1 -1 -1 -1 -1 -1 -1 -1 -1 -1 -1 -1,True,31,True,True,0.7741935483870968,1.0,11,11,5.8808722e-09,"[0.0, 0.0, 1.4166440322398547e-35, 0.0, 5.599452108581704e-13, 2.5597599040416696e-10, 2.1043440902031134e-14, 0.0, 0.0, 1.6487622786682734e-26, 1.1638798486813073e-17, 1.0, 6.87503092650088e-12, 1.26185596260181e-12, 5.255554721163416e-32, 2.288367927224741e-15, 9.898509077930519e-17, 3.101634681932163e-19, 7.688183351347233e-22, 7.411519506051767e-32, 1.313723270603278e-30, 3.442555924322135e-40, 1.042049880315738e-25, 3.5818372565084986e-36, 1.1658803223182478e-42, 1.401298464324817e-45, 0.0, 2.2160042976167516e-34, 5.605193857299268e-45, 3.801384349429259e-30, 1.7656980024413927e-38, 0.0, 0.0, 0.0, 0.0, 0.0, 0.0, 0.0, 0.0, 0.0, 0.0, 0.0, 0.0, 0.0, 0.0, 0.0, 0.0, 0.0]",3.4957416,3.5885756,3.5454183,3.5995166,3.671043
train__c29__user17__4-1-1,29,Do_squats,46,0 1 2 3 4 5 6 7 8 9 10 11 12 13 14 15 16 17 18 19 20 21 22 23 24 25 26 27 28 29 30 31 32 33 34 35 36 37 38 39 40 41 42 43 44 45 -1 -1,True,46,True,True,0.5217391304347826,1.0,10,10,1.806378,"[2.6104010832355775e-24, 7.793217624968078e-24, 6.401579877305443e-17, 5.679340331354865e-11, 1.7062657775568368e-07, 4.469815394259058e-06, 0.0018897921545431018, 6.3662591855973e-05, 0.07911020517349243, 0.215043842792511, 0.31288692355155945, 0.052698757499456406, 0.03297803923487663, 0.01104625966399908, 0.0006330010946840048, 0.02820761129260063, 2.0905605424559326e-07, 4.5374948243193103e-10, 3.8852310735635167e-16, 6.563975416233202e-16, 8.273368901317961e-16, 1.8728477102492036e-11, 2.4375239240231883e-12, 4.941729805311296e-14, 7.599488017328161e-16, 1.7770522269801666e-16, 6.523152677739841e-12, 3.379076352061361e-09, 9.13298237037452e-08, 4.2472315442410036e-08, 3.632849399082261e-08, 2.3925199457153212e-06, 0.0004704064631368965, 0.0034219713415950537, 0.22891296446323395, 0.03196341171860695, 0.00014801995712332428, 0.00010496186587261036, 1.6349906218238175e-05, 0.00033356816857121885, 4.6576547902077436e-05, 1.4655961422249675e-05, 3.9899045845004366e-08, 8.39853498746379e-07, 7.296773105736065e-07, 1.2430927398554559e-09, 0.0, 0.0]",1.8173392,2.0999498,2.526147,2.935382,3.1427588
train__c29__user17__4-1-2,29,Do_squats,22,0 1 2 3 4 5 6 7 8 9 10 11 12 13 14 15 16 17 18 19 20 21 -1 -1 -1 -1 -1 -1 -1 -1 -1 -1 -1 -1 -1 -1 -1 -1 -1 -1 -1 -1 -1 -1 -1 -1 -1 -1,True,22,True,True,1.0,1.0,15,15,1.4875537,"[1.745082273130194e-10, 3.2048700404629926e-07, 0.01425996795296669, 0.07953571528196335, 0.12512724101543427, 0.0005794540629722178, 2.2952376639295835e-06, 2.8427859025126345e-12, 1.1067469640399508e-12, 1.1860303050000714e-13, 1.4390326766571676e-13, 1.4957896032896656e-09, 1.869384078645453e-07, 0.006528688594698906, 0.07241808623075485, 0.4948878288269043, 0.18783824145793915, 0.01859850436449051, 0.0002233994600828737, 1.4445480189806403e-07, 1.83930336239424e-11, 6.149791093035262e-11, 0.0, 0.0, 0.0, 0.0, 0.0, 0.0, 0.0, 0.0, 0.0, 0.0, 0.0, 0.0, 0.0, 0.0, 0.0, 0.0, 0.0, 0.0, 0.0, 0.0, 0.0, 0.0, 0.0, 0.0, 0.0, 0.0]",1.2986628,1.5305374,1.959708,2.3814356,2.5566487
train__c29__user17__4-1-3,29,Do_squats,22,0 1 2 3 4 5 6 7 8 9 10 11 12 13 14 15 16 17 18 19 20 21 -1 -1 -1 -1 -1 -1 -1 -1 -1 -1 -1 -1 -1 -1 -1 -1 -1 -1 -1 -1 -1 -1 -1 -1 -1 -1,True,22,True,True,1.0,1.0,10,10,1.4396266,"[2.1330523068338603e-13, 2.9761488349322462e-06, 0.0022784601897001266, 0.06658636778593063, 0.007470783311873674, 0.004190729930996895, 0.00024014794325921685, 5.1935632654931396e-05, 0.0676349475979805, 0.014857427217066288, 0.5156224966049194, 0.00015028074267320335, 2.2818926481704693e-06, 3.0928579142219803e-10, 0.00026375093148089945, 0.00030835604411549866, 0.11505092680454254, 0.20192065834999084, 0.003367345780134201, 1.0756259882782615e-07, 4.02417357249496e-13, 5.3452090369447876e-15, 0.0, 0.0, 0.0, 0.0, 0.0, 0.0, 0.0, 0.0, 0.0, 0.0, 0.0, 0.0, 0.0, 0.0, 0.0, 0.0, 0.0, 0.0, 0.0, 0.0, 0.0, 0.0, 0.0, 0.0, 0.0, 0.0]",1.3743436,1.596544,2.0298836,2.4423428,2.6008828
train__c29__user23__1-2-1,29,Do_squats,31,0 1 2 3 4 5 6 7 8 9 10 11 12 13 14 15 16 17 18 19 20 21 22 23 24 25 26 27 28 29 30 -1 -1 -1 -1 -1 -1 -1 -1 -1 -1 -1 -1 -1 -1 -1 -1 -1,True,31,True,True,0.7741935483870968,1.0,17,17,0.8279248,"[7.814022866259318e-12, 3.820873774928931e-16, 1.6577102190939996e-10, 1.1061017553271046e-12, 3.1363638185911714e-17, 5.569375300584013e-17, 3.0380536460966664e-21, 8.510262525218753e-29, 9.086441040246108e-35, 2.9499355027981113e-35, 2.7438675907579885e-36, 2.3703397321217285e-35, 5.213167358778132e-28, 6.509316367739172e-19, 7.226789479342077e-12, 2.1796697780018803e-08, 0.027686236426234245, 0.5063283443450928, 0.4610171914100647, 0.004811146296560764, 0.00015708949649706483, 1.361137758060238e-09, 2.9909530207435523e-21, 1.8858306135335332e-36, 1.401298464324817e-45, 0.0, 0.0, 0.0, 0.0, 0.0, 4.004911011040327e-42, 0.0, 0.0, 0.0, 0.0, 0.0, 0.0, 0.0, 0.0, 0.0, 0.0, 0.0, 0.0, 0.0, 0.0, 0.0, 0.0, 0.0]",2.0314133,2.3953192,2.47742,2.725562,2.9343042
train__c29__user23__1-2-2,29,Do_squats,30,0 1 2 3 4 5 6 7 8 9 10 11 12 13 14 15 16 17 18 19 20 21 22 23 24 25 26 27 28 29 -1 -1 -1 -1 -1 -1 -1 -1 -1 -1 -1 -1 -1 -1 -1 -1 -1 -1,True,30,True,True,0.8,1.0,13,13,0.6946465,"[2.164484871762772e-27, 7.476816900875975e-18, 9.025497363368551e-13, 0.0002676741569302976, 2.0120326098549413e-06, 8.509314163940383e-15, 9.879945402735664e-22, 6.649108563787817e-32, 5.74532370373175e-44, 0.0, 1.4501143867811648e-28, 8.144125466545175e-21, 1.7655023839324713e-05, 0.583774745464325, 0.0018580270698294044, 0.41395825147628784, 7.359708888543537e-06, 1.375813085148763e-14, 1.0637943134781862e-23, 1.2998742770082179e-28, 3.411318045398867e-15, 4.369661110104062e-05, 6.357819074764848e-05, 7.022683348623104e-06, 8.1932078114664e-20, 6.735609445459121e-37, 0.0, 0.0, 2.5223372357846707e-44, 1.7345236114956674e-32, 0.0, 0.0, 0.0, 0.0, 0.0, 0.0, 0.0, 0.0, 0.0, 0.0, 0.0, 0.0, 0.0, 0.0, 0.0, 0.0, 0.0, 0.0]",1.5852259,1.8669581,2.0973287,2.4334993,2.6211572
train__c29__user23__1-2-3,29,Do_squats,22,0 1 2 3 4 5 6 7 8 9 10 11 12 13 14 15 16 17 18 19 20 21 -1 -1 -1 -1 -1 -1 -1 -1 -1 -1 -1 -1 -1 -1 -1 -1 -1 -1 -1 -1 -1 -1 -1 -1 -1 -1,True,22,True,True,1.0,1.0,1,1,0.15809324,"[0.036210797727108, 0.9635335803031921, 2.3183658868219936e-06, 3.2930955184973243e-10, 6.732827106149487e-34, 3.026542640128776e-39, 0.0, 0.0, 0.0, 5.534966943980551e-38, 1.4270429680499554e-25, 4.152931426591191e-26, 8.266388249467127e-07, 0.00025173136964440346, 7.295062118828355e-07, 1.0349817207137256e-18, 4.358038224050181e-43, 0.0, 0.0, 0.0, 0.0, 0.0, 0.0, 0.0, 0.0, 0.0, 0.0, 0.0, 0.0, 0.0, 0.0, 0.0, 0.0, 0.0, 0.0, 0.0, 0.0, 0.0, 0.0, 0.0, 0.0, 0.0, 0.0, 0.0, 0.0, 0.0, 0.0, 0.0]",1.8521601,2.246043,2.3427455,2.6161973,2.9406288
train__c29__user23__6-1-1,29,Do_squats,34,0 1 2 3 4 5 6 7 8 9 10 11 12 13 14 15 16 17 18 19 20 21 22 23 24 25 26 27 28 29 30 31 32 33 -1 -1 -1 -1 -1 -1 -1 -1 -1 -1 -1 -1 -1 -1,True,34,True,True,0.7058823529411765,1.0,0,0,9.5821726e-08,"[1.0, 4.5990555808117506e-10, 3.3195473037039847e-09, 0.0, 1.0203450306889295e-09, 3.7570500408766664e-17, 5.095315444551913e-17, 7.954862807931071e-16, 2.1439272628519978e-20, 8.822444245090168e-16, 1.4719409908601697e-14, 2.106255890636813e-21, 3.573203094022509e-26, 3.924395957158335e-26, 5.1244930826068634e-18, 5.534285111754701e-26, 2.888489237760731e-38, 1.681301719570809e-39, 3.1363615599988335e-36, 1.7320633752877932e-36, 2.622093257648307e-32, 2.0861246614783664e-33, 7.739234377113275e-30, 5.8418804182758845e-30, 5.4796843815337404e-27, 1.3054634347339307e-33, 1.4380937594010581e-39, 3.594782619877747e-38, 5.8683212751393965e-39, 4.101643974764882e-31, 3.1676128923554724e-35, 1.4524234374972437e-38, 0.0, 1.1243582867192572e-26, 0.0, 0.0, 0.0, 0.0, 0.0, 0.0, 0.0, 0.0, 0.0, 0.0, 0.0, 0.0, 0.0, 0.0]",1.8690444,2.038308,2.076538,2.3362312,2.5680566
train__c29__user23__6-1-2,29,Do_squats,17,0 1 2 3 4 5 6 7 8 9 10 11 12 13 14 15 16 -1 -1 -1 -1 -1 -1 -1 -1 -1 -1 -1 -1 -1 -1 -1 -1 -1 -1 -1 -1 -1 -1 -1 -1 -1 -1 -1 -1 -1 -1 -1,True,17,True,True,1.0,1.0,0,0,3.3733045e-12,"[1.0, 1.2204640238971248e-13, 1.4935591113664332e-21, 1.1730082003311362e-17, 5.355944610271644e-23, 2.582180105140857e-17, 1.729458002261791e-33, 1.1904285602863705e-36, 1.401298464324817e-44, 2.8038580972675265e-41, 1.8965809537522895e-30, 1.502111953922614e-22, 9.536607933475374e-31, 3.009874755415018e-37, 1.14906474074635e-43, 2.979252616223703e-27, 1.2995814853898995e-24, 0.0, 0.0, 0.0, 0.0, 0.0, 0.0, 0.0, 0.0, 0.0, 0.0, 0.0, 0.0, 0.0, 0.0, 0.0, 0.0, 0.0, 0.0, 0.0, 0.0, 0.0, 0.0, 0.0, 0.0, 0.0, 0.0, 0.0, 0.0, 0.0, 0.0, 0.0]",1.1467954,1.5069399,1.6518617,1.9635137,2.1792557
train__c29__user23__6-1-3,29,Do_squats,28,0 1 2 3 4 5 6 7 8 9 10 11 12 13 14 15 16 17 18 19 20 21 22 23 24 25 26 27 -1 -1 -1 -1 -1 -1 -1 -1 -1 -1 -1 -1 -1 -1 -1 -1 -1 -1 -1 -1,True,28,True,True,0.8571428571428571,1.0,6,6,1.4111939e-06,"[1.0024162055977115e-10, 3.542177117505069e-19, 2.4003676718586064e-22, 3.4239407130155234e-24, 3.501955480899193e-17, 1.1246797763930783e-11, 0.9999998807907104, 6.166417421127335e-08, 2.423531653139577e-10, 2.284925720852371e-12, 1.4410845563736507e-12, 1.1761789459052707e-12, 2.7232232921036055e-14, 4.980255032156766e-13, 7.804591668018587e-26, 1.666185404416428e-21, 1.0139296086758565e-12, 6.305116324200775e-16, 1.7656537039736908e-12, 5.8155583239362e-21, 1.3759138717261976e-08, 3.4966878703504914e-14, 1.0461152343682611e-12, 4.164939687205164e-20, 4.3582535127585775e-17, 3.9456409339661013e-16, 4.708118339635803e-10, 3.658985614496402e-11, 0.0, 0.0, 0.0, 0.0, 0.0, 0.0, 0.0, 0.0, 0.0, 0.0, 0.0, 0.0, 0.0, 0.0, 0.0, 0.0, 0.0, 0.0, 0.0, 0.0]",1.3025647,1.5647653,1.7026803,2.0212913,2.2695744
train__c29__user23__6-3-1,29,Do_squats,61,0 1 3 4 5 6 8 9 10 11 13 14 15 17 18 19 20 22 23 24 26 27 28 29 31 32 33 34 36 37 38 40 41 42 43 45 46 47 49 50 51 52 54 55 56 57 59 60,False,48,True,True,0.3934426229508196,1.0,13,17,0.2071563,"[1.974891341214098e-32, 3.79299414095083e-30, 2.588142004614134e-26, 2.0461668416740886e-30, 2.5480167179295838e-26, 4.964876127103379e-32, 6.338728684407998e-31, 3.406066308194573e-23, 4.74884733773828e-16, 6.175045474954288e-10, 3.2815012218634365e-06, 0.00023005098046269268, 0.003078048350289464, 0.9670940041542053, 0.009481056593358517, 0.003598602954298258, 0.0037128350231796503, 3.2913949343793547e-12, 2.4636694424720173e-16, 1.1464112476958203e-25, 3.219072283738125e-30, 5.210983102378879e-35, 1.0844286859146498e-31, 2.353337173084523e-22, 7.228167711233389e-28, 1.1188520975829998e-31, 3.563188192709707e-30, 5.195319404871631e-29, 1.8647023161677545e-11, 9.604398343299181e-08, 1.615211476746481e-05, 0.00027749445871450007, 0.0006656746263615787, 0.005573625676333904, 0.005750550888478756, 0.0005184279289096594, 2.505456997425881e-08, 7.728976486598427e-11, 2.966433819106856e-28, 7.131081486440331e-27, 2.5983044281326477e-39, 1.0044433923883362e-34, 2.422578823728791e-24, 4.026685838417141e-22, 6.793276178348809e-25, 7.726765609337877e-26, 6.595172220115139e-27, 1.0876847687775783e-24]",2.1269696,2.2820554,2.5732493,2.948971,3.0534382
train__c29__user23__6-3-2,29,Do_squats,31,0 1 2 3 4 5 6 7 8 9 10 11 12 13 14 15 16 17 18 19 20 21 22 23 24 25 26 27 28 29 30 -1 -1 -1 -1 -1 -1 -1 -1 -1 -1 -1 -1 -1 -1 -1 -1 -1,True,31,True,True,0.7741935483870968,1.0,20,20,0.9433294,"[0.0, 1.6815581571897805e-44, 2.5111268480700722e-42, 1.197970057151286e-41, 2.42655406885531e-36, 2.014714064486077e-39, 6.151700258385947e-43, 1.3574378223914503e-41, 0.0, 2.5869441014823664e-39, 1.9562126561974446e-42, 0.0, 0.0, 0.0, 4.203895392974451e-45, 4.43102889416049e-32, 2.410352757652532e-22, 9.476668141352156e-16, 4.236910172039643e-05, 0.06974977254867554, 0.6414069533348083, 0.03733435645699501, 0.00015257699124049395, 7.521416591771413e-07, 6.947871182598703e-15, 7.619360471458806e-25, 1.8349433192247233e-24, 5.170996763054288e-18, 1.8021406917212608e-14, 0.0001346487260889262, 0.2511785626411438, 0.0, 0.0, 0.0, 0.0, 0.0, 0.0, 0.0, 0.0, 0.0, 0.0, 0.0, 0.0, 0.0, 0.0, 0.0, 0.0, 0.0]",2.1372764,2.4286888,2.5702443,2.8099155,2.8927948
train__c29__user23__6-3-3,29,Do_squats,31,0 1 2 3 4 5 6 7 8 9 10 11 12 13 14 15 16 17 18 19 20 21 22 23 24 25 26 27 28 29 30 -1 -1 -1 -1 -1 -1 -1 -1 -1 -1 -1 -1 -1 -1 -1 -1 -1,True,31,True,True,0.7741935483870968,1.0,7,7,0.63027215,"[0.0, 0.0, 4.203895392974451e-45, 0.0, 6.49347538438049e-37, 3.297659129563325e-36, 7.725018528951845e-25, 0.7692413330078125, 0.00391241442412138, 0.2070384919643402, 2.5048908014468907e-07, 9.312589893722785e-29, 1.465531183332538e-39, 0.0, 0.0, 0.0, 0.0, 0.0, 1.5446653102098891e-40, 3.465259074896375e-31, 6.701517530517097e-22, 0.01925758086144924, 0.00030169301317073405, 6.524568743770942e-05, 0.00018298605573363602, 1.017862771846012e-08, 5.148068660642814e-19, 7.369148364191348e-40, 0.0, 0.0, 1.2535357451571581e-39, 0.0, 0.0, 0.0, 0.0, 0.0, 0.0, 0.0, 0.0, 0.0, 0.0, 0.0, 0.0, 0.0, 0.0, 0.0, 0.0, 0.0]",2.2772326,2.6016223,2.7248669,2.9692411,3.0858467
train__c29__user24__6-3-1,29,Do_squats,72,0 2 3 5 6 8 9 11 12 14 15 17 18 20 21 23 24 26 27 29 30 32 33 35 36 38 39 41 42 44 45 47 48 50 51 53 54 56 57 59 60 62 63 65 66 68 69 71,False,48,True,True,0.3333333333333333,1.0,5,8,1.7085443,"[5.536296090765432e-26, 5.759810277043849e-16, 0.00012737352517433465, 3.126124425989474e-08, 0.0028540631756186485, 0.35116058588027954, 0.0032850061543285847, 1.3340661908500806e-08, 1.883325242177207e-14, 3.6780261384827807e-31, 2.6624670822171524e-44, 0.0, 0.0, 0.0, 3.0688436368713494e-43, 1.6000684003309048e-33, 2.5096939475985844e-27, 3.1421490843258626e-13, 8.449302413282567e-07, 0.004779656417667866, 0.18796271085739136, 1.974592017672805e-11, 0.01449412852525711, 5.379229374117428e-16, 2.819163359490844e-20, 3.0583841209258747e-37, 0.0, 0.0, 0.0, 0.0, 0.0, 3.4365443539101814e-41, 1.3004580672896466e-35, 9.44865517359968e-17, 1.7057874557302455e-10, 4.63958031104994e-06, 0.013404876925051212, 0.2129896581172943, 0.05822812765836716, 0.02352629043161869, 0.12718193233013153, 4.477966442095749e-08, 3.603567444443456e-11, 1.7978864924605986e-11, 7.015269476440267e-10, 4.3914093796806086e-21, 1.584735623489877e-19, 1.9132927624641446e-26]",2.2260828,2.5973747,2.745868,3.0688832,3.2040613
train__c29__user24__6-3-2,29,Do_squats,63,0 1 3 4 5 7 8 9 11 12 13 15 16 17 18 20 21 22 24 25 26 28 29 30 32 33 34 36 37 38 40 41 42 44 45 46 47 49 50 51 53 54 55 57 58 59 61 62,False,48,True,True,0.3809523809523809,1.0,38,50,0.9738553,"[1.7642729536496557e-35, 1.720789902901687e-19, 1.295402500545162e-11, 0.0007744444883428514, 0.002877410501241684, 0.00034365765168331563, 0.0002849021984729916, 0.01230512373149395, 6.672143371133643e-08, 1.4444002863274355e-16, 2.3570206333563845e-31, 4.203895392974451e-45, 1.2821880948572076e-42, 5.605193857299268e-45, 1.1184183433315662e-40, 1.9824407595542122e-39, 1.3856209014484413e-31, 6.159679918263108e-20, 5.946816941104771e-07, 0.00010480966739123687, 5.028822852182202e-05, 0.006383813451975584, 0.0012969505041837692, 8.291126869153231e-05, 6.596379535039887e-06, 4.3485384419002647e-17, 5.155961127593891e-34, 0.0, 4.203895392974451e-45, 1.6815581571897805e-43, 7.006492321624085e-45, 3.131959689158819e-37, 1.590540391553243e-36, 3.325875545020368e-14, 7.635863994437386e-07, 4.881444581883443e-08, 0.009734153747558594, 0.007944784127175808, 0.5232271552085876, 0.42042484879493713, 0.013727356679737568, 0.00037743410211987793, 5.1884548156522214e-05, 2.705532464730709e-10, 1.3864311513623641e-14, 5.6135480682483196e-27, 2.411475003245334e-35, 1.590540391553243e-36]",2.1522732,2.4542866,2.6668992,3.0262318,3.127328
train__c29__user24__6-3-3,29,Do_squats,40,0 1 2 3 4 5 6 7 8 9 10 11 12 13 14 15 16 17 18 19 20 21 22 23 24 25 26 27 28 29 30 31 32 33 34 35 36 37 38 39 -1 -1 -1 -1 -1 -1 -1 -1,True,40,True,True,0.6,1.0,5,5,0.82669234,"[1.3717534770423556e-31, 1.3172017721547308e-15, 0.0006766049191355705, 2.4263241357402876e-05, 0.45712515711784363, 0.5179906487464905, 0.01337928045541048, 5.277341870169039e-07, 3.1999538037292583e-22, 1.5414283107572988e-44, 0.0, 0.0, 0.0, 5.495970601380426e-36, 5.79436838406226e-22, 1.659597979875027e-11, 4.2827164179470856e-06, 0.004481497220695019, 0.0009393728105351329, 0.002474917797371745, 6.329444204311585e-06, 8.923393419261916e-21, 1.6596393829224431e-37, 0.0, 0.0, 0.0, 1.254652580033225e-40, 1.7241855853680387e-30, 2.986249214489284e-14, 1.3553334099469794e-07, 5.945963039266644e-06, 0.0016486507374793291, 0.00013323141320142895, 0.0010982381645590067, 1.0936299986497033e-05, 5.95136516023248e-13, 1.9426339259994263e-29, 0.0, 1.3488744874759613e-39, 1.2366732481844212e-32, 0.0, 0.0, 0.0, 0.0, 0.0, 0.0, 0.0, 0.0]",2.1107335,2.3827875,2.5828323,2.9351962,3.1032894
train__c30__user17__2-2-1,30,Do_jumping_jacks,37,0 1 2 3 4 5 6 7 8 9 10 11 12 13 14 15 16 17 18 19 20 21 22 23 24 25 26 27 28 29 30 31 32 33 34 35 36 -1 -1 -1 -1 -1 -1 -1 -1 -1 -1 -1,True,37,True,True,0.6486486486486487,1.0,14,14,1.7787403e-07,"[2.3476233432526525e-40, 3.987436258670811e-37, 3.625141007634431e-34, 4.403049868464421e-27, 3.179970757931434e-22, 2.878910841317748e-21, 2.1881715528610825e-14, 9.68997888080611e-42, 9.780267166242698e-19, 6.47023467943241e-26, 1.2274530621515095e-14, 1.1039424798854752e-31, 6.758262394157555e-09, 4.5811822271487423e-23, 1.0, 5.2004678341432964e-11, 2.4959567745952427e-09, 1.1039424798854752e-31, 9.75086656383739e-13, 5.096900412482933e-28, 2.8462199203395706e-19, 5.496206406235967e-33, 2.7702750207350052e-17, 5.471442208721596e-24, 1.448057401441802e-32, 5.6281550857842765e-18, 9.138239066976054e-29, 4.8693082126010753e-20, 0.0, 1.2135149655978505e-12, 1.2740647501935636e-26, 8.487101026892185e-27, 6.269216526797296e-15, 1.100624158383079e-25, 7.303243896115688e-39, 7.036053791868332e-27, 1.4524234374972437e-38, 0.0, 0.0, 0.0, 0.0, 0.0, 0.0, 0.0, 0.0, 0.0, 0.0, 0.0]",2.1461773,2.4117625,2.4482665,2.602112,2.8285785
train__c30__user17__2-2-2,30,Do_jumping_jacks,43,0 1 2 3 4 5 6 7 8 9 10 11 12 13 14 15 16 17 18 19 20 21 22 23 24 25 26 27 28 29 30 31 32 33 34 35 36 37 38 39 40 41 42 -1 -1 -1 -1 -1,True,43,True,True,0.5581395348837209,1.0,7,7,2.847715e-05,"[5.534274018398221e-26, 2.9215867192958905e-14, 2.323012414769354e-19, 3.5731960066003137e-26, 0.0, 9.849477483614422e-11, 5.250772569982312e-25, 0.9999979734420776, 4.333430351971453e-16, 2.0103743736399338e-06, 6.470221737183184e-26, 4.059906651780396e-21, 3.7873335578808565e-09, 5.234988282422003e-19, 1.0370559109282064e-31, 1.3256064089722023e-22, 7.575850668156891e-29, 3.934996320833137e-21, 3.5432728733785274e-30, 2.6850372018977434e-17, 3.294732111867454e-20, 8.049817424779764e-15, 6.510107036783452e-11, 4.119817485114962e-43, 1.1788280074309654e-10, 1.3015365230690942e-27, 2.9198423035792403e-18, 4.906085237331391e-35, 3.6546111252784563e-19, 4.882460961816134e-15, 3.847334434887648e-28, 7.79041501447475e-12, 1.9177639260868175e-21, 9.428298561075355e-29, 6.124094678638748e-41, 8.441385179020994e-37, 0.0, 5.081568816233934e-22, 0.0, 2.7861331070534124e-18, 1.4935560821405572e-21, 4.54280882673877e-27, 4.581173076362242e-23, 0.0, 0.0, 0.0, 0.0, 0.0]",2.093531,2.3461044,2.3948574,2.5859578,2.8226664
train__c30__user17__2-2-3,30,Do_jumping_jacks,17,0 1 2 3 4 5 6 7 8 9 10 11 12 13 14 15 16 -1 -1 -1 -1 -1 -1 -1 -1 -1 -1 -1 -1 -1 -1 -1 -1 -1 -1 -1 -1 -1 -1 -1 -1 -1 -1 -1 -1 -1 -1 -1,True,17,True,True,1.0,1.0,2,2,0.60583866,"[0.29338493943214417, 6.659408245468512e-05, 0.7065484523773193, 5.0072501569448224e-18, 4.388478575246539e-25, 8.081291872080534e-17, 0.0, 1.6913830023514674e-14, 1.5456322061502732e-42, 4.819800601127771e-25, 3.759319195687908e-28, 2.5737648894253915e-41, 5.939159959490816e-26, 7.153219032411159e-23, 4.289379801517104e-21, 3.3637169113455434e-14, 4.179916135438333e-11, 0.0, 0.0, 0.0, 0.0, 0.0, 0.0, 0.0, 0.0, 0.0, 0.0, 0.0, 0.0, 0.0, 0.0, 0.0, 0.0, 0.0, 0.0, 0.0, 0.0, 0.0, 0.0, 0.0, 0.0, 0.0, 0.0, 0.0, 0.0, 0.0, 0.0, 0.0]",1.693362,1.9886351,2.045005,2.2642963,2.4073887
train__c30__user4__3-2-1,30,Do_jumping_jacks,32,0 1 2 3 4 5 6 7 8 9 10 11 12 13 14 15 16 17 18 19 20 21 22 23 24 25 26 27 28 29 30 31 -1 -1 -1 -1 -1 -1 -1 -1 -1 -1 -1 -1 -1 -1 -1 -1,True,32,True,True,0.75,1.0,2,2,0.006232524,"[2.828862777434642e-29, 5.767811217083363e-06, 0.9992824196815491, 9.793695789994672e-05, 0.000613564217928797, 2.930047636114807e-16, 4.173201735081008e-15, 2.727064138825598e-39, 6.942870038719679e-33, 1.1852608672313636e-08, 2.098417612429412e-15, 1.0961870522407935e-08, 4.823565592088075e-13, 1.1111387614810595e-35, 1.9891159297458216e-07, 3.297334138639978e-23, 1.4465683459384239e-21, 5.428207979991587e-20, 7.006492321624085e-45, 7.174050489153223e-36, 1.175700622657119e-23, 3.247223476853652e-34, 2.18796186251278e-36, 5.965327562630746e-42, 6.52222305869777e-33, 1.45878479174361e-17, 2.183312385051206e-11, 8.909278176316704e-11, 7.829419621310785e-13, 2.3346429619227616e-20, 1.813884138843274e-36, 1.1543526955990197e-28, 0.0, 0.0, 0.0, 0.0, 0.0, 0.0, 0.0, 0.0, 0.0, 0.0, 0.0, 0.0, 0.0, 0.0, 0.0, 0.0]",2.1898994,2.408449,2.4184644,2.5841863,2.8542001
train__c30__user4__3-2-2,30,Do_jumping_jacks,11,0 1 2 3 4 5 6 7 8 9 10 -1 -1 -1 -1 -1 -1 -1 -1 -1 -1 -1 -1 -1 -1 -1 -1 -1 -1 -1 -1 -1 -1 -1 -1 -1 -1 -1 -1 -1 -1 -1 -1 -1 -1 -1 -1 -1,True,11,True,True,1.0,1.0,4,4,0.28976202,"[8.547920632381384e-44, 2.46231790512752e-09, 1.4453447647611029e-06, 1.1402793639869735e-11, 0.9159553050994873, 6.244485705836312e-16, 0.08387625217437744, 0.00016705911548342556, 6.010719356444258e-23, 1.942602471298547e-14, 6.417668621975322e-29, 0.0, 0.0, 0.0, 0.0, 0.0, 0.0, 0.0, 0.0, 0.0, 0.0, 0.0, 0.0, 0.0, 0.0, 0.0, 0.0, 0.0, 0.0, 0.0, 0.0, 0.0, 0.0, 0.0, 0.0, 0.0, 0.0, 0.0, 0.0, 0.0, 0.0, 0.0, 0.0, 0.0, 0.0, 0.0, 0.0, 0.0]",1.349321,1.7796289,1.9063382,2.0815592,2.2510822
train__c30__user4__3-2-3,30,Do_jumping_jacks,29,0 1 2 3 4 5 6 7 8 9 10 11 12 13 14 15 16 17 18 19 20 21 22 23 24 25 26 27 28 -1 -1 -1 -1 -1 -1 -1 -1 -1 -1 -1 -1 -1 -1 -1 -1 -1 -1 -1,True,29,True,True,0.8275862068965517,1.0,12,12,0.10574311,"[0.0, 1.1548406050629656e-18, 6.009299308207247e-25, 0.000740030431188643, 9.976301113201946e-18, 1.532220010506288e-21, 1.4175126215460666e-32, 6.56030351570136e-13, 1.0339569069852692e-26, 1.904010331034e-18, 9.083525078073463e-18, 3.684394323499873e-05, 0.9789063930511475, 4.588156002837334e-27, 6.06917631610385e-24, 0.0, 7.0786591925368134e-40, 9.363593823481677e-37, 1.7886523431928143e-18, 1.2430543261388038e-09, 3.011645333117485e-08, 5.001319670905335e-12, 0.020316552370786667, 1.1142667899477487e-09, 1.0861687937957498e-10, 1.48238370911713e-07, 5.758274400442671e-23, 6.6098661989223385e-28, 2.728217289659611e-29, 0.0, 0.0, 0.0, 0.0, 0.0, 0.0, 0.0, 0.0, 0.0, 0.0, 0.0, 0.0, 0.0, 0.0, 0.0, 0.0, 0.0, 0.0, 0.0]",2.3540425,2.629952,2.6373827,2.746832,2.9147038
train__c31__user17__3-1-1,31,Do_stretching_exercises,20,0 1 2 3 4 5 6 7 8 9 10 11 12 13 14 15 16 17 18 19 -1 -1 -1 -1 -1 -1 -1 -1 -1 -1 -1 -1 -1 -1 -1 -1 -1 -1 -1 -1 -1 -1 -1 -1 -1 -1 -1 -1,True,20,True,True,1.0,1.0,12,12,0.08093852,"[0.0, 0.0, 0.0, 0.0, 0.0, 2.1728910383763497e-29, 0.0010840684408321977, 1.23582932861526e-15, 5.059733231490159e-32, 4.278676057106064e-30, 1.4672457693265528e-10, 1.9757340295051273e-12, 0.9855709075927734, 1.3400621723391737e-09, 5.240713406236636e-19, 2.353667821328388e-17, 2.0442660115804756e-06, 0.0003411172656342387, 8.619647218210957e-09, 0.013001907616853714, 0.0, 0.0, 0.0, 0.0, 0.0, 0.0, 0.0, 0.0, 0.0, 0.0, 0.0, 0.0, 0.0, 0.0, 0.0, 0.0, 0.0, 0.0, 0.0, 0.0, 0.0, 0.0, 0.0, 0.0, 0.0, 0.0, 0.0, 0.0]",2.040281,2.4819045,2.5981665,2.7689023,2.9129028
train__c31__user17__3-1-2,31,Do_stretching_exercises,26,0 1 2 3 4 5 6 7 8 9 10 11 12 13 14 15 16 17 18 19 20 21 22 23 24 25 -1 -1 -1 -1 -1 -1 -1 -1 -1 -1 -1 -1 -1 -1 -1 -1 -1 -1 -1 -1 -1 -1,True,26,True,True,0.9230769230769232,1.0,3,3,0.005721899,"[1.8491109251422833e-12, 8.230119841572784e-19, 1.4632222788093578e-23, 0.9993090629577637, 3.5037179824115583e-09, 5.615806417439383e-15, 1.784699605710937e-14, 3.6575953651307617e-22, 5.583830923680533e-14, 2.5457371412425064e-16, 1.4925271550846593e-21, 6.833287341512277e-22, 1.5492049434418167e-33, 1.8946812329892622e-19, 2.529007678349514e-34, 1.8686978795105834e-33, 0.0, 3.159680094245897e-21, 5.005313858156245e-14, 3.0276919730002823e-19, 3.601919900120265e-07, 1.4422584576411846e-15, 5.237633590726709e-11, 2.0235375874921857e-10, 2.9134420316399194e-15, 0.0006905411719344556, 0.0, 0.0, 0.0, 0.0, 0.0, 0.0, 0.0, 0.0, 0.0, 0.0, 0.0, 0.0, 0.0, 0.0, 0.0, 0.0, 0.0, 0.0, 0.0, 0.0, 0.0, 0.0]",1.687991,2.0017986,2.0945618,2.377629,2.6413064
train__c31__user17__3-1-3,31,Do_stretching_exercises,28,0 1 2 3 4 5 6 7 8 9 10 11 12 13 14 15 16 17 18 19 20 21 22 23 24 25 26 27 -1 -1 -1 -1 -1 -1 -1 -1 -1 -1 -1 -1 -1 -1 -1 -1 -1 -1 -1 -1,True,28,True,True,0.8571428571428571,1.0,5,5,0.055899996,"[1.944917086818807e-25, 4.50438167667877e-12, 0.0011789182899519801, 0.006891042459756136, 9.300869407979917e-09, 0.991255521774292, 2.5260065742275443e-27, 6.03677698107763e-13, 4.001498814804916e-20, 1.3124491287665348e-30, 3.650029345448208e-34, 1.4101382816988917e-07, 2.3116872398531996e-06, 5.949547190232106e-32, 7.685314391714866e-18, 0.0006717274081893265, 2.533559495532245e-07, 1.0017429552533486e-08, 1.0893587237298482e-22, 1.4293720876242416e-34, 0.0, 1.7097131860648411e-38, 0.0, 1.1210387714598537e-44, 2.7469047684659326e-28, 2.580478180475383e-28, 2.1245718731911164e-35, 0.0, 0.0, 0.0, 0.0, 0.0, 0.0, 0.0, 0.0, 0.0, 0.0, 0.0, 0.0, 0.0, 0.0, 0.0, 0.0, 0.0, 0.0, 0.0, 0.0, 0.0]",1.9151692,2.243735,2.3401973,2.6153538,2.9362762
train__c31__user17__4-1-1,31,Do_stretching_exercises,24,0 1 2 3 4 5 6 7 8 9 10 11 12 13 14 15 16 17 18 19 20 21 22 23 -1 -1 -1 -1 -1 -1 -1 -1 -1 -1 -1 -1 -1 -1 -1 -1 -1 -1 -1 -1 -1 -1 -1 -1,True,24,True,True,1.0,1.0,14,14,0.6271023,"[2.8905647653232336e-08, 4.520254837103721e-09, 1.4946698719496306e-17, 2.9062858482745167e-24, 5.377760381204748e-36, 2.5441008022340995e-39, 3.5032461608120427e-44, 0.0, 1.3773362605848627e-41, 4.272084425514054e-34, 2.083096889426983e-11, 1.3527427654480562e-05, 1.9036664298255346e-06, 0.00030310952570289373, 0.703690767288208, 0.002170785330235958, 7.312857633223757e-05, 0.0003329007013235241, 4.986935527995229e-05, 1.1937913768633734e-05, 0.2933419346809387, 1.0739751132859965e-07, 1.0052730431198142e-05, 2.3359347789408957e-09, 0.0, 0.0, 0.0, 0.0, 0.0, 0.0, 0.0, 0.0, 0.0, 0.0, 0.0, 0.0, 0.0, 0.0, 0.0, 0.0, 0.0, 0.0, 0.0, 0.0, 0.0, 0.0, 0.0, 0.0]",1.315558,1.699031,1.9275248,2.2963476,2.4751668
train__c31__user17__4-1-2,31,Do_stretching_exercises,30,0 1 2 3 4 5 6 7 8 9 10 11 12 13 14 15 16 17 18 19 20 21 22 23 24 25 26 27 28 29 -1 -1 -1 -1 -1 -1 -1 -1 -1 -1 -1 -1 -1 -1 -1 -1 -1 -1,True,30,True,True,0.8,1.0,0,0,1.0093486,"[0.6445642709732056, 0.22982648015022278, 0.01639046147465706, 0.05048617348074913, 0.05810922756791115, 0.0005608507199212909, 4.7498815547442064e-05, 3.053885961890046e-07, 4.165400824263088e-08, 6.22676965544855e-10, 1.7358789405896857e-10, 1.8483852670669876e-08, 1.4261731848819181e-05, 1.9717370491889596e-07, 2.482050565077998e-09, 1.3973362397723399e-11, 2.3373050617785045e-19, 2.2043158062735487e-32, 3.2440980853306553e-34, 9.796326986167014e-36, 5.148370557929378e-41, 2.9582345528232286e-37, 1.909979896223669e-37, 5.8232976318176336e-27, 4.053096548114255e-21, 1.0772017957344385e-27, 8.765436657387666e-22, 9.855919520188744e-15, 1.0384120646689254e-11, 1.795286976857824e-07, 0.0, 0.0, 0.0, 0.0, 0.0, 0.0, 0.0, 0.0, 0.0, 0.0, 0.0, 0.0, 0.0, 0.0, 0.0, 0.0, 0.0, 0.0]",1.3843002,1.6934338,1.9365636,2.345674,2.670148
train__c31__user17__4-1-3,31,Do_stretching_exercises,21,0 1 2 3 4 5 6 7 8 9 10 11 12 13 14 15 16 17 18 19 20 -1 -1 -1 -1 -1 -1 -1 -1 -1 -1 -1 -1 -1 -1 -1 -1 -1 -1 -1 -1 -1 -1 -1 -1 -1 -1 -1,True,21,True,True,1.0,1.0,0,0,0.020174846,"[0.9970802664756775, 2.28922112910368e-06, 2.6143725335714407e-06, 9.05404522200115e-06, 9.313486397030668e-13, 4.846280717174523e-06, 7.744334652670659e-06, 6.068133495684691e-11, 1.2085278386048793e-20, 7.826367618639389e-27, 0.0, 5.253467942753739e-42, 5.1776131825230605e-34, 1.129516741097715e-15, 8.402631479498268e-09, 6.388310991312096e-10, 1.2345735100893762e-08, 2.6937774233459777e-10, 7.723457290387259e-11, 0.0028894939459860325, 3.686855961859692e-06, 0.0, 0.0, 0.0, 0.0, 0.0, 0.0, 0.0, 0.0, 0.0, 0.0, 0.0, 0.0, 0.0, 0.0, 0.0, 0.0, 0.0, 0.0, 0.0, 0.0, 0.0, 0.0, 0.0, 0.0, 0.0, 0.0, 0.0]",1.2381328,1.5945723,1.8409293,2.2395067,2.4407148
train__c31__user23__6-1-1,31,Do_stretching_exercises,46,0 1 2 3 4 5 6 7 8 9 10 11 12 13 14 15 16 17 18 19 20 21 22 23 24 25 26 27 28 29 30 31 32 33 34 35 36 37 38 39 40 41 42 43 44 45 -1 -1,True,46,True,True,0.5217391304347826,1.0,11,11,1.0264574,"[0.00012094273552065715, 8.312264253618196e-05, 8.312264253618196e-05, 5.712930578738451e-05, 4.449234620551579e-05, 0.0006336946389637887, 6.89110966050066e-05, 0.0043987128883600235, 0.0068128593266010284, 0.012336495332419872, 0.0017225607298314571, 0.5412124395370483, 0.018519271165132523, 3.0579114536521956e-05, 1.836418505263282e-06, 1.0258149885089551e-08, 9.84444747942348e-10, 4.7504659927977144e-11, 1.6046443818140688e-07, 8.761062417761423e-06, 2.0370080164866522e-05, 7.039711363177048e-06, 1.9135919501422904e-05, 0.002840022323653102, 0.0009512883261777461, 1.109170355562128e-08, 3.795372627291016e-10, 5.961977649349137e-07, 3.330333564477428e-09, 2.7567907636694144e-06, 0.02611635811626911, 6.382835238127882e-08, 7.505022381337767e-09, 2.804422027935516e-09, 4.545179308479419e-06, 1.270168252063503e-29, 1.0032743777808517e-26, 0.0, 9.326103281637188e-06, 1.9135919501422904e-05, 0.38377708196640015, 9.718021465232596e-05, 4.96656888128636e-27, 5.264701031118181e-29, 0.0, 2.7165838276109125e-39, 0.0, 0.0]",2.2743878,2.479341,2.7937064,3.144382,3.310605
train__c31__user23__6-1-2,31,Do_stretching_exercises,41,0 1 2 3 4 5 6 7 8 9 10 11 12 13 14 15 16 17 18 19 20 21 22 23 24 25 26 27 28 29 30 31 32 33 34 35 36 37 38 39 40 -1 -1 -1 -1 -1 -1 -1,True,41,True,True,0.5853658536585366,1.0,35,35,0.64695096,"[1.833592652282514e-18, 4.256818286535111e-15, 0.0, 1.7085648096326622e-07, 4.0351408319288156e-20, 2.5032326837467585e-26, 0.0, 4.85273756229533e-27, 2.1174211273233823e-09, 2.7504948125076864e-23, 2.9072706058345063e-18, 5.768004761046074e-34, 5.248627854396242e-25, 1.0870432707153336e-40, 0.0, 6.816692121793672e-14, 2.2737249510282006e-16, 7.593131678973464e-11, 1.0353820951441157e-26, 1.1859790447488194e-06, 4.482580528986091e-09, 5.042910925112665e-05, 0.0006338539533317089, 0.011959947645664215, 0.001428412040695548, 0.0018923383904621005, 0.0009515275014564395, 0.00016026337107177824, 0.025319207459688187, 1.9140732547384687e-05, 0.008480872958898544, 7.900323453213787e-07, 0.00023318183957599103, 0.0020143836736679077, 0.032510507851839066, 0.86507248878479, 0.0037633643951267004, 0.04174431413412094, 0.0037633643951267004, 9.735108363884137e-08, 3.2102978053671904e-08, 0.0, 0.0, 0.0, 0.0, 0.0, 0.0, 0.0]",2.059363,2.2377887,2.5435507,2.8755994,2.9690146
train__c31__user23__6-1-3,31,Do_stretching_exercises,32,0 1 2 3 4 5 6 7 8 9 10 11 12 13 14 15 16 17 18 19 20 21 22 23 24 25 26 27 28 29 30 31 -1 -1 -1 -1 -1 -1 -1 -1 -1 -1 -1 -1 -1 -1 -1 -1,True,32,True,True,0.75,1.0,14,14,0.5036836,"[5.004437844036147e-05, 4.850467303185724e-05, 0.01205560751259327, 0.0008464365964755416, 5.141630481375614e-07, 1.9627183434067774e-08, 0.010639036074280739, 1.481537470482408e-08, 0.006061939988285303, 2.867771399905905e-06, 2.344132443710123e-09, 0.0009895844850689173, 0.01132519543170929, 0.03952881693840027, 0.8996716737747192, 0.015479706227779388, 6.8897891836172676e-09, 2.6867589750234622e-11, 2.5013458339933096e-19, 1.0829893602713792e-17, 3.089672119990513e-17, 1.0097177000761848e-12, 3.065170285784141e-18, 8.878638102505221e-11, 3.8370351830963045e-05, 1.3260439118312206e-05, 1.8048820038529811e-07, 7.220436692989551e-09, 4.740995871712825e-14, 0.0032447227276861668, 2.8233107514097355e-06, 7.840050670893106e-07, 0.0, 0.0, 0.0, 0.0, 0.0, 0.0, 0.0, 0.0, 0.0, 0.0, 0.0, 0.0, 0.0, 0.0, 0.0, 0.0]",1.9784018,2.1074495,2.4145546,2.8187394,2.9039154
train__c31__user23__7-3-1,31,Do_stretching_exercises,26,0 1 2 3 4 5 6 7 8 9 10 11 12 13 14 15 16 17 18 19 20 21 22 23 24 25 -1 -1 -1 -1 -1 -1 -1 -1 -1 -1 -1 -1 -1 -1 -1 -1 -1 -1 -1 -1 -1 -1,True,26,True,True,0.9230769230769232,1.0,15,15,5.6925728e-05,"[1.3224409537643237e-38, 0.0, 0.0, 0.0, 0.0, 0.0, 2.802596928649634e-45, 2.7446392241651597e-40, 2.950764623073483e-39, 1.401298464324817e-45, 1.723597111119525e-43, 0.0, 0.0, 0.0, 4.4229600007491676e-36, 0.9999957084655762, 4.2559531721053645e-06, 3.4280177764100183e-16, 5.599428256133909e-13, 7.38250114704722e-19, 1.986973134353042e-19, 8.75647314449385e-27, 5.112245594712764e-34, 0.0, 0.0, 0.0, 0.0, 0.0, 0.0, 0.0, 0.0, 0.0, 0.0, 0.0, 0.0, 0.0, 0.0, 0.0, 0.0, 0.0, 0.0, 0.0, 0.0, 0.0, 0.0, 0.0, 0.0, 0.0]",3.2457569,3.2743647,3.183206,3.2171195,3.2587056
train__c31__user23__7-3-2,31,Do_stretching_exercises,28,0 1 2 3 4 5 6 7 8 9 10 11 12 13 14 15 16 17 18 19 20 21 22 23 24 25 26 27 -1 -1 -1 -1 -1 -1 -1 -1 -1 -1 -1 -1 -1 -1 -1 -1 -1 -1 -1 -1,True,28,True,True,0.8571428571428571,1.0,5,5,7.589018e-05,"[0.0, 0.0, 2.1081573431240243e-28, 2.6196978583074137e-25, 1.311331675011581e-16, 0.999994158744812, 4.7837207878166226e-21, 5.794510343548609e-06, 6.058182773591878e-35, 6.766468281228828e-27, 1.1589893811240136e-19, 8.883517033098087e-09, 1.1328177343722834e-15, 4.934037622916776e-10, 6.960273298029805e-21, 1.693425160406117e-17, 3.4862434931153155e-34, 3.0719715789530605e-31, 3.884399343108393e-42, 4.972859472306199e-36, 3.4275760437385026e-42, 7.844554345127741e-31, 2.802596928649634e-45, 0.0, 0.0, 3.742427571323089e-30, 2.020094051972172e-26, 2.4330333606474136e-23, 0.0, 0.0, 0.0, 0.0, 0.0, 0.0, 0.0, 0.0, 0.0, 0.0, 0.0, 0.0, 0.0, 0.0, 0.0, 0.0, 0.0, 0.0, 0.0, 0.0]",2.5598443,2.74798,2.7190905,2.8593917,3.0865965
train__c31__user23__7-3-3,31,Do_stretching_exercises,25,0 1 2 3 4 5 6 7 8 9 10 11 12 13 14 15 16 17 18 19 20 21 22 23 24 -1 -1 -1 -1 -1 -1 -1 -1 -1 -1 -1 -1 -1 -1 -1 -1 -1 -1 -1 -1 -1 -1 -1,True,25,True,True,0.96,1.0,3,3,3.1655814e-05,"[2.0134526447555e-35, 6.916535990612431e-24, 2.1336522740970878e-26, 0.9999977350234985, 2.2608760446019005e-06, 2.311231622134137e-40, 7.286752014489049e-44, 1.522123322463528e-38, 2.900653741573719e-36, 6.080099960468315e-37, 3.95876007972222e-33, 1.6364369071579071e-37, 3.4883383548222274e-30, 9.510877152839496e-36, 1.741977887024135e-37, 1.0009311438377739e-33, 4.9416103708167155e-39, 2.954296836173034e-31, 2.0213080162141509e-22, 1.2775058361574046e-21, 9.050846651227561e-41, 0.0, 0.0, 3.3627940157327663e-40, 2.1368663683033095e-29, 0.0, 0.0, 0.0, 0.0, 0.0, 0.0, 0.0, 0.0, 0.0, 0.0, 0.0, 0.0, 0.0, 0.0, 0.0, 0.0, 0.0, 0.0, 0.0, 0.0, 0.0, 0.0, 0.0]",2.728376,2.8355863,2.7579966,2.8485541,3.0547383
train__c31__user24__3-2-1,31,Do_stretching_exercises,54,0 1 2 3 5 6 7 8 9 10 11 12 14 15 16 17 18 19 20 21 23 24 25 26 27 28 29 30 32 33 34 35 36 37 38 39 41 42 43 44 45 46 47 48 50 51 52 53,False,48,True,True,0.4444444444444444,1.0,34,38,0.13874699,"[4.110428785403986e-41, 6.891929991026795e-33, 5.753195861846278e-26, 1.3004116669460353e-31, 9.09178687891199e-09, 1.4162271355644407e-09, 4.8664827723143844e-09, 3.948162371475952e-23, 6.228044367162511e-05, 1.168832631367025e-26, 3.1195257327178358e-31, 0.0, 0.0, 6.689950433128578e-36, 6.891929991026795e-33, 2.8030118052075345e-15, 1.8465800036528647e-24, 4.392619609664603e-28, 0.030965587124228477, 1.9270793393780462e-26, 6.3624266685377715e-19, 6.318650126113535e-26, 1.2278553174205342e-10, 5.679312225863983e-21, 1.4873170250950807e-08, 1.2044660380183814e-08, 5.5427149279812724e-14, 4.215468841890598e-29, 1.9057659114817512e-43, 1.401298464324817e-45, 1.0361598141358303e-35, 1.1590444828768804e-30, 1.0393430709897168e-41, 3.053675526600026e-30, 0.9689721465110779, 8.675659717987712e-35, 3.465479671104986e-33, 1.2740861317361851e-11, 8.11078346819134e-15, 9.086359594422111e-13, 3.14489224922994e-16, 8.144959858479017e-13, 1.4541833051099858e-15, 3.703376459692269e-20, 6.950132881112491e-29, 2.2891750722017873e-37, 4.8316160924729755e-31, 6.425823548442637e-18]",3.2021112,3.3681905,3.306291,3.3735085,3.515094
train__c31__user24__3-2-2,31,Do_stretching_exercises,16,0 1 2 3 4 5 6 7 8 9 10 11 12 13 14 15 -1 -1 -1 -1 -1 -1 -1 -1 -1 -1 -1 -1 -1 -1 -1 -1 -1 -1 -1 -1 -1 -1 -1 -1 -1 -1 -1 -1 -1 -1 -1 -1,True,16,True,True,1.0,1.0,5,5,0.05180001,"[0.009090369567275047, 3.748731392660114e-23, 1.1412237821417648e-09, 4.439726893139343e-28, 1.4861976751490147e-06, 0.990908145904541, 1.805678107036357e-10, 1.7412412090623115e-31, 1.1388553061300125e-36, 0.0, 0.0, 0.0, 0.0, 2.2634760005971893e-14, 1.2916324348980796e-17, 2.129541910868165e-17, 0.0, 0.0, 0.0, 0.0, 0.0, 0.0, 0.0, 0.0, 0.0, 0.0, 0.0, 0.0, 0.0, 0.0, 0.0, 0.0, 0.0, 0.0, 0.0, 0.0, 0.0, 0.0, 0.0, 0.0, 0.0, 0.0, 0.0, 0.0, 0.0, 0.0, 0.0, 0.0]",1.7933335,2.1301544,2.2045999,2.4509356,2.5681005
train__c31__user24__3-2-3,31,Do_stretching_exercises,34,0 1 2 3 4 5 6 7 8 9 10 11 12 13 14 15 16 17 18 19 20 21 22 23 24 25 26 27 28 29 30 31 32 33 -1 -1 -1 -1 -1 -1 -1 -1 -1 -1 -1 -1 -1 -1,True,34,True,True,0.7058823529411765,1.0,27,27,0.6228206,"[9.803004762110046e-13, 0.30541813373565674, 0.0007317958516068757, 1.7009445241189525e-10, 8.800595030215744e-16, 2.1200486570276122e-13, 6.136472067775992e-24, 1.8403039971374634e-32, 1.9263229599533963e-40, 3.27185232378726e-37, 0.0, 1.7288055661628862e-32, 0.0, 5.169035517593164e-35, 0.0, 0.0, 5.612610101668129e-33, 4.6390298275043115e-27, 5.204847822900865e-28, 6.8849314617361095e-25, 9.107332255371819e-22, 2.542706279903828e-12, 3.273725042163278e-07, 6.561642749147722e-07, 7.232600296447345e-09, 2.95135258454593e-08, 1.1892395434306285e-13, 0.6936686038970947, 1.3753950156569772e-07, 0.00018034412642009556, 1.8658924008414846e-18, 7.0312132953778955e-15, 2.5320369444799956e-14, 2.9682534208319566e-09, 0.0, 0.0, 0.0, 0.0, 0.0, 0.0, 0.0, 0.0, 0.0, 0.0, 0.0, 0.0, 0.0, 0.0]",2.7444625,3.0181956,3.0272546,3.1861792,3.2925656
train__c31__user4__3-2-1,31,Do_stretching_exercises,51,0 1 2 3 4 5 6 7 9 10 11 12 13 14 15 16 17 18 19 20 21 22 23 24 26 27 28 29 30 31 32 33 34 35 36 37 38 39 40 41 43 44 45 46 47 48 49 50,False,48,True,True,0.4705882352941176,1.0,24,26,1.88393e-10,"[4.668804184483496e-40, 1.5003190809432025e-30, 1.2611686178923354e-44, 0.0, 0.0, 2.14398665041697e-43, 4.0319803201521005e-28, 3.179970757931434e-22, 2.1980753998762234e-23, 2.78700539843237e-29, 0.0, 0.0, 0.0, 1.6762483321168586e-33, 0.0, 4.2027267100552043e-38, 0.0, 5.8683212751393965e-39, 1.8255812591716651e-37, 4.919356589490668e-30, 2.6386508322047907e-16, 1.2234968730103721e-16, 7.318432318492718e-12, 2.9551486634133003e-16, 1.0, 1.827740002032844e-16, 9.659772180002404e-17, 5.799881019995807e-26, 1.1132654117220728e-27, 3.06553762817327e-32, 5.709269409267961e-17, 3.5764052050176596e-20, 5.601193655981895e-24, 1.726856684691299e-30, 2.1737915975289525e-32, 7.320708717630236e-23, 1.1587763097379776e-17, 6.5992853908465385e-18, 2.5883875053619824e-14, 0.0, 0.0, 0.0, 0.0, 2.802596928649634e-45, 1.4558968217801668e-22, 0.0, 0.0, 5.605193857299268e-44]",2.7444422,3.000963,3.0296102,3.2337117,3.4242485
train__c31__user4__3-2-2,31,Do_stretching_exercises,11,0 1 2 3 4 5 6 7 8 9 10 -1 -1 -1 -1 -1 -1 -1 -1 -1 -1 -1 -1 -1 -1 -1 -1 -1 -1 -1 -1 -1 -1 -1 -1 -1 -1 -1 -1 -1 -1 -1 -1 -1 -1 -1 -1 -1,True,11,True,True,1.0,1.0,1,1,5.1282306e-17,"[2.996313418487809e-28, 1.0, 1.855968508237533e-18, 0.0, 8.809393116735145e-39, 5.68777237580193e-39, 7.342781246671332e-29, 0.0, 0.0, 0.0, 2.6602109916895895e-40, 0.0, 0.0, 0.0, 0.0, 0.0, 0.0, 0.0, 0.0, 0.0, 0.0, 0.0, 0.0, 0.0, 0.0, 0.0, 0.0, 0.0, 0.0, 0.0, 0.0, 0.0, 0.0, 0.0, 0.0, 0.0, 0.0, 0.0, 0.0, 0.0, 0.0, 0.0, 0.0, 0.0, 0.0, 0.0, 0.0, 0.0]",1.8069966,2.2500896,2.3565795,2.5540605,2.6877043
train__c31__user4__3-2-3,31,Do_stretching_exercises,32,0 1 2 3 4 5 6 7 8 9 10 11 12 13 14 15 16 17 18 19 20 21 22 23 24 25 26 27 28 29 30 31 -1 -1 -1 -1 -1 -1 -1 -1 -1 -1 -1 -1 -1 -1 -1 -1,True,32,True,True,0.75,1.0,30,30,0.21121684,"[0.0, 0.0, 1.5306894302346811e-24, 5.600770830215559e-35, 2.5236802234180475e-24, 9.404880155731267e-30, 3.2766690294221135e-15, 1.3068922333214772e-10, 5.490802612643996e-37, 5.394188568041969e-12, 7.350817668339005e-06, 3.207501674202043e-14, 2.5047572904668414e-09, 3.0791031475252393e-26, 4.5766782307407636e-27, 1.6367853337208236e-33, 1.5376173242075937e-33, 5.704349083862446e-30, 5.790575485775662e-08, 2.2771773728891276e-06, 4.0717468459405826e-12, 7.446447625181207e-11, 3.553606281722237e-21, 4.2428574542618946e-11, 9.74128057232991e-17, 1.5133080989782347e-22, 1.9431260944904862e-22, 1.1148305662208647e-15, 0.0361982025206089, 0.00995419267565012, 0.9538379311561584, 2.5100288070234456e-08, 0.0, 0.0, 0.0, 0.0, 0.0, 0.0, 0.0, 0.0, 0.0, 0.0, 0.0, 0.0, 0.0, 0.0, 0.0, 0.0]",1.9561945,2.3254611,2.3840895,2.5100024,2.6994004
train__c32__user17__4-1-1,32,Stand_up,11,0 1 2 3 4 5 6 7 8 9 10 -1 -1 -1 -1 -1 -1 -1 -1 -1 -1 -1 -1 -1 -1 -1 -1 -1 -1 -1 -1 -1 -1 -1 -1 -1 -1 -1 -1 -1 -1 -1 -1 -1 -1 -1 -1 -1,True,11,True,True,1.0,1.0,4,4,0.49195153,"[5.4364547395380214e-05, 2.7766693165176548e-05, 0.00013455355656333268, 0.0001432315184501931, 0.8230006694793701, 0.000905251014046371, 0.1725103110074997, 0.0031596366316080093, 5.027898805565201e-05, 1.3961972399556544e-05, 2.6888311022155165e-11, 0.0, 0.0, 0.0, 0.0, 0.0, 0.0, 0.0, 0.0, 0.0, 0.0, 0.0, 0.0, 0.0, 0.0, 0.0, 0.0, 0.0, 0.0, 0.0, 0.0, 0.0, 0.0, 0.0, 0.0, 0.0, 0.0, 0.0, 0.0, 0.0, 0.0, 0.0, 0.0, 0.0, 0.0, 0.0, 0.0, 0.0]",1.0610614,1.273988,1.6956388,2.0900023,2.2157092
train__c32__user17__4-1-2,32,Stand_up,11,0 1 2 3 4 5 6 7 8 9 10 -1 -1 -1 -1 -1 -1 -1 -1 -1 -1 -1 -1 -1 -1 -1 -1 -1 -1 -1 -1 -1 -1 -1 -1 -1 -1 -1 -1 -1 -1 -1 -1 -1 -1 -1 -1 -1,True,11,True,True,1.0,1.0,1,1,0.40509906,"[0.03439807891845703, 0.9152988791465759, 0.004373224917799234, 0.008043590933084488, 0.03181302174925804, 4.423454083735123e-05, 0.0019711668137460947, 0.0038593574427068233, 2.206943099736236e-05, 0.0001749509829096496, 1.5616702739862376e-06, 0.0, 0.0, 0.0, 0.0, 0.0, 0.0, 0.0, 0.0, 0.0, 0.0, 0.0, 0.0, 0.0, 0.0, 0.0, 0.0, 0.0, 0.0, 0.0, 0.0, 0.0, 0.0, 0.0, 0.0, 0.0, 0.0, 0.0, 0.0, 0.0, 0.0, 0.0, 0.0, 0.0, 0.0, 0.0, 0.0, 0.0]",1.0563892,1.276199,1.7013888,2.0927896,2.2202482
train__c32__user17__4-1-3,32,Stand_up,8,0 1 2 3 4 5 6 7 -1 -1 -1 -1 -1 -1 -1 -1 -1 -1 -1 -1 -1 -1 -1 -1 -1 -1 -1 -1 -1 -1 -1 -1 -1 -1 -1 -1 -1 -1 -1 -1 -1 -1 -1 -1 -1 -1 -1 -1,True,8,True,True,1.0,1.0,2,2,0.9642778,"[0.07884831726551056, 0.347895085811615, 0.5559347867965698, 0.017320677638053894, 1.0256035238853656e-06, 1.1184424913990298e-11, 1.5695107435931277e-08, 1.3988896796490735e-07, 0.0, 0.0, 0.0, 0.0, 0.0, 0.0, 0.0, 0.0, 0.0, 0.0, 0.0, 0.0, 0.0, 0.0, 0.0, 0.0, 0.0, 0.0, 0.0, 0.0, 0.0, 0.0, 0.0, 0.0, 0.0, 0.0, 0.0, 0.0, 0.0, 0.0, 0.0, 0.0, 0.0, 0.0, 0.0, 0.0, 0.0, 0.0, 0.0, 0.0]",0.9578063,1.1879956,1.5621003,1.8866564,2.0234747
train__c32__user23__7-1-1,32,Stand_up,20,0 1 2 3 4 5 6 7 8 9 10 11 12 13 14 15 16 17 18 19 -1 -1 -1 -1 -1 -1 -1 -1 -1 -1 -1 -1 -1 -1 -1 -1 -1 -1 -1 -1 -1 -1 -1 -1 -1 -1 -1 -1,True,20,True,True,1.0,1.0,2,2,1.0192695,"[0.0010494976304471493, 0.06442483514547348, 0.6506677865982056, 0.1429327428340912, 0.1407167762517929, 0.00020827920525334775, 1.2602477283962799e-07, 3.3898862449727174e-12, 3.436079963470049e-26, 2.06042264290314e-24, 1.790683120429141e-35, 9.121331963983099e-41, 0.0, 0.0, 0.0, 0.0, 0.0, 0.0, 3.330363049557909e-26, 2.3347649971270774e-24, 0.0, 0.0, 0.0, 0.0, 0.0, 0.0, 0.0, 0.0, 0.0, 0.0, 0.0, 0.0, 0.0, 0.0, 0.0, 0.0, 0.0, 0.0, 0.0, 0.0, 0.0, 0.0, 0.0, 0.0, 0.0, 0.0, 0.0, 0.0]",1.7285436,1.9175583,1.9653425,2.222017,2.3422375
train__c32__user23__7-1-2,32,Stand_up,18,0 1 2 3 4 5 6 7 8 9 10 11 12 13 14 15 16 17 -1 -1 -1 -1 -1 -1 -1 -1 -1 -1 -1 -1 -1 -1 -1 -1 -1 -1 -1 -1 -1 -1 -1 -1 -1 -1 -1 -1 -1 -1,True,18,True,True,1.0,1.0,2,2,0.716972,"[0.006973547860980034, 4.885916132479906e-05, 0.5989924669265747, 0.3928288519382477, 0.001156327547505498, 1.3446046305456288e-13, 9.08719093252197e-22, 4.366649807922942e-25, 2.382207389352189e-42, 2.901808859923831e-41, 0.0, 0.0, 0.0, 0.0, 1.0889210106575288e-39, 3.141426000626021e-33, 2.8474135533483252e-24, 9.454827429894429e-18, 0.0, 0.0, 0.0, 0.0, 0.0, 0.0, 0.0, 0.0, 0.0, 0.0, 0.0, 0.0, 0.0, 0.0, 0.0, 0.0, 0.0, 0.0, 0.0, 0.0, 0.0, 0.0, 0.0, 0.0, 0.0, 0.0, 0.0, 0.0, 0.0, 0.0]",1.4351577,1.7452002,1.8297849,2.1424565,2.2680063
train__c32__user23__7-1-3,32,Stand_up,9,0 1 2 3 4 5 6 7 8 -1 -1 -1 -1 -1 -1 -1 -1 -1 -1 -1 -1 -1 -1 -1 -1 -1 -1 -1 -1 -1 -1 -1 -1 -1 -1 -1 -1 -1 -1 -1 -1 -1 -1 -1 -1 -1 -1 -1,True,9,True,True,1.0,1.0,0,0,1.0687648,"[0.4495586156845093, 0.2902568578720093, 7.057871207760836e-28, 1.9628525745948692e-31, 0.0, 1.6815581571897805e-44, 8.182386954675533e-32, 3.7518134956993647e-35, 0.26018455624580383, 0.0, 0.0, 0.0, 0.0, 0.0, 0.0, 0.0, 0.0, 0.0, 0.0, 0.0, 0.0, 0.0, 0.0, 0.0, 0.0, 0.0, 0.0, 0.0, 0.0, 0.0, 0.0, 0.0, 0.0, 0.0, 0.0, 0.0, 0.0, 0.0, 0.0, 0.0, 0.0, 0.0, 0.0, 0.0, 0.0, 0.0, 0.0, 0.0]",1.2818011,1.6755881,1.8571502,2.0749612,2.2799714
train__c32__user23__7-3-1,32,Stand_up,13,0 1 2 3 4 5 6 7 8 9 10 11 12 -1 -1 -1 -1 -1 -1 -1 -1 -1 -1 -1 -1 -1 -1 -1 -1 -1 -1 -1 -1 -1 -1 -1 -1 -1 -1 -1 -1 -1 -1 -1 -1 -1 -1 -1,True,13,True,True,1.0,1.0,0,0,0.08064512,"[0.9843363761901855, 0.015663649886846542, 1.2723055498042868e-08, 3.0039242669189887e-23, 2.908028203030318e-31, 7.459518102155655e-40, 2.3401684354224445e-43, 5.184804318001823e-44, 0.0, 0.0, 0.0, 0.0, 7.363723074636093e-35, 0.0, 0.0, 0.0, 0.0, 0.0, 0.0, 0.0, 0.0, 0.0, 0.0, 0.0, 0.0, 0.0, 0.0, 0.0, 0.0, 0.0, 0.0, 0.0, 0.0, 0.0, 0.0, 0.0, 0.0, 0.0, 0.0, 0.0, 0.0, 0.0, 0.0, 0.0, 0.0, 0.0, 0.0, 0.0]",1.6179681,1.9872586,2.0848825,2.3369064,2.483843
train__c32__user23__7-3-2,32,Stand_up,9,0 1 2 3 4 5 6 7 8 -1 -1 -1 -1 -1 -1 -1 -1 -1 -1 -1 -1 -1 -1 -1 -1 -1 -1 -1 -1 -1 -1 -1 -1 -1 -1 -1 -1 -1 -1 -1 -1 -1 -1 -1 -1 -1 -1 -1,True,9,True,True,1.0,1.0,0,0,0.18668705,"[0.9539647698402405, 0.0460338369011879, 1.3706114714295836e-06, 1.4256537266690237e-17, 2.8022544001568866e-30, 2.802596928649634e-45, 0.0, 0.0, 0.0, 0.0, 0.0, 0.0, 0.0, 0.0, 0.0, 0.0, 0.0, 0.0, 0.0, 0.0, 0.0, 0.0, 0.0, 0.0, 0.0, 0.0, 0.0, 0.0, 0.0, 0.0, 0.0, 0.0, 0.0, 0.0, 0.0, 0.0, 0.0, 0.0, 0.0, 0.0, 0.0, 0.0, 0.0, 0.0, 0.0, 0.0, 0.0, 0.0]",1.3398032,1.7071005,1.8633786,2.0693758,2.2558124
train__c32__user23__7-3-3,32,Stand_up,4,0 1 2 3 -1 -1 -1 -1 -1 -1 -1 -1 -1 -1 -1 -1 -1 -1 -1 -1 -1 -1 -1 -1 -1 -1 -1 -1 -1 -1 -1 -1 -1 -1 -1 -1 -1 -1 -1 -1 -1 -1 -1 -1 -1 -1 -1 -1,True,4,True,True,1.0,1.0,3,3,5.2081384e-09,"[1.3140991963480567e-15, 2.3489676870269705e-10, 0.0, 1.0, 0.0, 0.0, 0.0, 0.0, 0.0, 0.0, 0.0, 0.0, 0.0, 0.0, 0.0, 0.0, 0.0, 0.0, 0.0, 0.0, 0.0, 0.0, 0.0, 0.0, 0.0, 0.0, 0.0, 0.0, 0.0, 0.0, 0.0, 0.0, 0.0, 0.0, 0.0, 0.0, 0.0, 0.0, 0.0, 0.0, 0.0, 0.0, 0.0, 0.0, 0.0, 0.0, 0.0, 0.0]",1.1321691,1.4904209,1.7084446,1.9484564,2.1832154
train__c32__user24__5-1-1,32,Stand_up,8,0 1 2 3 4 5 6 7 -1 -1 -1 -1 -1 -1 -1 -1 -1 -1 -1 -1 -1 -1 -1 -1 -1 -1 -1 -1 -1 -1 -1 -1 -1 -1 -1 -1 -1 -1 -1 -1 -1 -1 -1 -1 -1 -1 -1 -1,True,8,True,True,1.0,1.0,0,0,8.1525053e-07,"[1.0, 4.8400774943502256e-08, 2.359599130250457e-19, 1.8357009882655104e-43, 0.0, 0.0, 1.5591536664116042e-34, 1.2367262089069031e-29, 0.0, 0.0, 0.0, 0.0, 0.0, 0.0, 0.0, 0.0, 0.0, 0.0, 0.0, 0.0, 0.0, 0.0, 0.0, 0.0, 0.0, 0.0, 0.0, 0.0, 0.0, 0.0, 0.0, 0.0, 0.0, 0.0, 0.0, 0.0, 0.0, 0.0, 0.0, 0.0, 0.0, 0.0, 0.0, 0.0, 0.0, 0.0, 0.0, 0.0]",1.0230982,1.4843916,1.6637632,1.8663564,2.0906847
train__c32__user24__5-1-2,32,Stand_up,9,0 1 2 3 4 5 6 7 8 -1 -1 -1 -1 -1 -1 -1 -1 -1 -1 -1 -1 -1 -1 -1 -1 -1 -1 -1 -1 -1 -1 -1 -1 -1 -1 -1 -1 -1 -1 -1 -1 -1 -1 -1 -1 -1 -1 -1,True,9,True,True,1.0,1.0,1,1,0.028867656,"[0.0, 0.9955287575721741, 0.00443359836935997, 3.75657546101138e-05, 3.189589564689399e-11, 2.3265969587661424e-31, 2.8669296291413885e-32, 4.340117314933149e-28, 2.2313786929295532e-10, 0.0, 0.0, 0.0, 0.0, 0.0, 0.0, 0.0, 0.0, 0.0, 0.0, 0.0, 0.0, 0.0, 0.0, 0.0, 0.0, 0.0, 0.0, 0.0, 0.0, 0.0, 0.0, 0.0, 0.0, 0.0, 0.0, 0.0, 0.0, 0.0, 0.0, 0.0, 0.0, 0.0, 0.0, 0.0, 0.0, 0.0, 0.0, 0.0]",1.0850251,1.4974772,1.6879783,1.9193634,2.1265347
train__c32__user24__5-1-3,32,Stand_up,7,0 1 2 3 4 5 6 -1 -1 -1 -1 -1 -1 -1 -1 -1 -1 -1 -1 -1 -1 -1 -1 -1 -1 -1 -1 -1 -1 -1 -1 -1 -1 -1 -1 -1 -1 -1 -1 -1 -1 -1 -1 -1 -1 -1 -1 -1,True,7,True,True,1.0,1.0,5,5,6.075159e-07,"[2.1247042109824703e-28, 2.021941200555531e-33, 0.0, 0.0, 0.0, 1.0, 3.541076409874222e-08, 0.0, 0.0, 0.0, 0.0, 0.0, 0.0, 0.0, 0.0, 0.0, 0.0, 0.0, 0.0, 0.0, 0.0, 0.0, 0.0, 0.0, 0.0, 0.0, 0.0, 0.0, 0.0, 0.0, 0.0, 0.0, 0.0, 0.0, 0.0, 0.0, 0.0, 0.0, 0.0, 0.0, 0.0, 0.0, 0.0, 0.0, 0.0, 0.0, 0.0, 0.0]",2.776165,2.8911076,2.919916,3.0221927,3.1129117
train__c32__user24__6-3-1,32,Stand_up,14,0 1 2 3 4 5 6 7 8 9 10 11 12 13 -1 -1 -1 -1 -1 -1 -1 -1 -1 -1 -1 -1 -1 -1 -1 -1 -1 -1 -1 -1 -1 -1 -1 -1 -1 -1 -1 -1 -1 -1 -1 -1 -1 -1,True,14,True,True,1.0,1.0,1,1,0.68791795,"[0.17525401711463928, 0.7612687349319458, 0.06347279995679855, 3.969655153923668e-06, 1.778013958286806e-09, 4.316799788739445e-07, 1.7191775347064064e-12, 1.3859765858372641e-16, 4.1130253931881875e-30, 1.2233335593555653e-42, 0.0, 0.0, 4.125426625028737e-36, 7.055578099272552e-26, 0.0, 0.0, 0.0, 0.0, 0.0, 0.0, 0.0, 0.0, 0.0, 0.0, 0.0, 0.0, 0.0, 0.0, 0.0, 0.0, 0.0, 0.0, 0.0, 0.0, 0.0, 0.0, 0.0, 0.0, 0.0, 0.0, 0.0, 0.0, 0.0, 0.0, 0.0, 0.0, 0.0, 0.0]",1.1193537,1.5414965,1.700316,2.0617924,2.2137249
train__c32__user24__6-3-2,32,Stand_up,12,0 1 2 3 4 5 6 7 8 9 10 11 -1 -1 -1 -1 -1 -1 -1 -1 -1 -1 -1 -1 -1 -1 -1 -1 -1 -1 -1 -1 -1 -1 -1 -1 -1 -1 -1 -1 -1 -1 -1 -1 -1 -1 -1 -1,True,12,True,True,1.0,1.0,0,0,0.6824264,"[0.8093714118003845, 0.08801506459712982, 0.03187694028019905, 0.07072208821773529, 1.4502567864838056e-05, 2.9503732790203685e-10, 4.25618301182467e-15, 6.879566206097036e-30, 0.0, 0.0, 0.0, 6.011297554172892e-31, 0.0, 0.0, 0.0, 0.0, 0.0, 0.0, 0.0, 0.0, 0.0, 0.0, 0.0, 0.0, 0.0, 0.0, 0.0, 0.0, 0.0, 0.0, 0.0, 0.0, 0.0, 0.0, 0.0, 0.0, 0.0, 0.0, 0.0, 0.0, 0.0, 0.0, 0.0, 0.0, 0.0, 0.0, 0.0, 0.0]",1.1994716,1.5624217,1.7024766,2.0434687,2.1885672
train__c32__user24__6-3-3,32,Stand_up,10,0 1 2 3 4 5 6 7 8 9 -1 -1 -1 -1 -1 -1 -1 -1 -1 -1 -1 -1 -1 -1 -1 -1 -1 -1 -1 -1 -1 -1 -1 -1 -1 -1 -1 -1 -1 -1 -1 -1 -1 -1 -1 -1 -1 -1,True,10,True,True,1.0,1.0,2,2,0.78330505,"[0.2615034878253937, 0.06020151823759079, 0.6782884001731873, 6.607896921195788e-06, 3.6635552741456273e-19, 1.1583665599525381e-39, 0.0, 0.0, 3.6449594745092114e-40, 3.5169011278155697e-31, 0.0, 0.0, 0.0, 0.0, 0.0, 0.0, 0.0, 0.0, 0.0, 0.0, 0.0, 0.0, 0.0, 0.0, 0.0, 0.0, 0.0, 0.0, 0.0, 0.0, 0.0, 0.0, 0.0, 0.0, 0.0, 0.0, 0.0, 0.0, 0.0, 0.0, 0.0, 0.0, 0.0, 0.0, 0.0, 0.0, 0.0, 0.0]",1.2750907,1.6505498,1.7838811,2.0065937,2.1728315
train__c32__user4__2-1-1,32,Stand_up,10,0 1 2 3 4 5 6 7 8 9 -1 -1 -1 -1 -1 -1 -1 -1 -1 -1 -1 -1 -1 -1 -1 -1 -1 -1 -1 -1 -1 -1 -1 -1 -1 -1 -1 -1 -1 -1 -1 -1 -1 -1 -1 -1 -1 -1,True,10,True,True,1.0,1.0,0,0,0.000415131,"[0.9999629259109497, 3.7052966945338994e-05, 2.0586172944782758e-17, 6.780496138646163e-26, 0.0, 0.0, 0.0, 0.0, 6.388892318082164e-32, 7.38276367123758e-12, 0.0, 0.0, 0.0, 0.0, 0.0, 0.0, 0.0, 0.0, 0.0, 0.0, 0.0, 0.0, 0.0, 0.0, 0.0, 0.0, 0.0, 0.0, 0.0, 0.0, 0.0, 0.0, 0.0, 0.0, 0.0, 0.0, 0.0, 0.0, 0.0, 0.0, 0.0, 0.0, 0.0, 0.0, 0.0, 0.0, 0.0, 0.0]",1.2652799,1.6983553,1.8458562,2.047956,2.2306187
train__c32__user4__2-1-2,32,Stand_up,8,0 1 2 3 4 5 6 7 -1 -1 -1 -1 -1 -1 -1 -1 -1 -1 -1 -1 -1 -1 -1 -1 -1 -1 -1 -1 -1 -1 -1 -1 -1 -1 -1 -1 -1 -1 -1 -1 -1 -1 -1 -1 -1 -1 -1 -1,True,8,True,True,1.0,1.0,0,0,9.110837e-09,"[1.0, 2.1881715528610825e-14, 9.193198401158138e-15, 3.531272130098539e-43, 0.0, 0.0, 3.0125343018655544e-18, 4.220330473980738e-10, 0.0, 0.0, 0.0, 0.0, 0.0, 0.0, 0.0, 0.0, 0.0, 0.0, 0.0, 0.0, 0.0, 0.0, 0.0, 0.0, 0.0, 0.0, 0.0, 0.0, 0.0, 0.0, 0.0, 0.0, 0.0, 0.0, 0.0, 0.0, 0.0, 0.0, 0.0, 0.0, 0.0, 0.0, 0.0, 0.0, 0.0, 0.0, 0.0, 0.0]",1.177525,1.5520792,1.7325349,1.9518054,2.1710713
train__c32__user4__2-1-3,32,Stand_up,7,0 1 2 3 4 5 6 -1 -1 -1 -1 -1 -1 -1 -1 -1 -1 -1 -1 -1 -1 -1 -1 -1 -1 -1 -1 -1 -1 -1 -1 -1 -1 -1 -1 -1 -1 -1 -1 -1 -1 -1 -1 -1 -1 -1 -1 -1,True,7,True,True,1.0,1.0,0,0,1.6258498e-05,"[0.999998927116394, 9.132546665568952e-07, 4.203895392974451e-44, 1.8409964367784946e-33, 0.0, 4.277783335893126e-11, 1.5869986214056553e-07, 0.0, 0.0, 0.0, 0.0, 0.0, 0.0, 0.0, 0.0, 0.0, 0.0, 0.0, 0.0, 0.0, 0.0, 0.0, 0.0, 0.0, 0.0, 0.0, 0.0, 0.0, 0.0, 0.0, 0.0, 0.0, 0.0, 0.0, 0.0, 0.0, 0.0, 0.0, 0.0, 0.0, 0.0, 0.0, 0.0, 0.0, 0.0, 0.0, 0.0, 0.0]",1.2449015,1.6066525,1.7901576,2.0178623,2.2416306
train__c32__user4__3-2-1,32,Stand_up,14,0 1 2 3 4 5 6 7 8 9 10 11 12 13 -1 -1 -1 -1 -1 -1 -1 -1 -1 -1 -1 -1 -1 -1 -1 -1 -1 -1 -1 -1 -1 -1 -1 -1 -1 -1 -1 -1 -1 -1 -1 -1 -1 -1,True,14,True,True,1.0,1.0,2,2,0.5954385,"[0.2813717722892761, 5.4513843679160345e-06, 0.7185080051422119, 1.6844589612041716e-10, 8.761172125559824e-07, 9.829762603885683e-08, 0.00011385571997379884, 1.9904647257571743e-17, 1.9655138407629137e-23, 0.0, 3.114579239324039e-27, 0.0, 0.0, 0.0, 0.0, 0.0, 0.0, 0.0, 0.0, 0.0, 0.0, 0.0, 0.0, 0.0, 0.0, 0.0, 0.0, 0.0, 0.0, 0.0, 0.0, 0.0, 0.0, 0.0, 0.0, 0.0, 0.0, 0.0, 0.0, 0.0, 0.0, 0.0, 0.0, 0.0, 0.0, 0.0, 0.0, 0.0]",2.1088567,2.3026288,2.3690093,2.5695724,2.6946747
train__c32__user4__3-2-2,32,Stand_up,12,0 1 2 3 4 5 6 7 8 9 10 11 -1 -1 -1 -1 -1 -1 -1 -1 -1 -1 -1 -1 -1 -1 -1 -1 -1 -1 -1 -1 -1 -1 -1 -1 -1 -1 -1 -1 -1 -1 -1 -1 -1 -1 -1 -1,True,12,True,True,1.0,1.0,0,0,0.79632443,"[0.5221452116966248, 0.4536476135253906, 0.0026556665543466806, 0.021551508456468582, 8.639242099484079e-10, 8.898137015080944e-15, 0.0, 0.0, 0.0, 0.0, 0.0, 0.0, 0.0, 0.0, 0.0, 0.0, 0.0, 0.0, 0.0, 0.0, 0.0, 0.0, 0.0, 0.0, 0.0, 0.0, 0.0, 0.0, 0.0, 0.0, 0.0, 0.0, 0.0, 0.0, 0.0, 0.0, 0.0, 0.0, 0.0, 0.0, 0.0, 0.0, 0.0, 0.0, 0.0, 0.0, 0.0, 0.0]",2.299785,2.4839888,2.5481536,2.7553833,2.8844066
train__c32__user4__3-2-3,32,Stand_up,23,0 1 2 3 4 5 6 7 8 9 10 11 12 13 14 15 16 17 18 19 20 21 22 -1 -1 -1 -1 -1 -1 -1 -1 -1 -1 -1 -1 -1 -1 -1 -1 -1 -1 -1 -1 -1 -1 -1 -1 -1,True,23,True,True,1.0,1.0,22,22,0.08361855,"[0.00040184520184993744, 1.902769052888019e-14, 7.846731866679047e-35, 9.265169331364497e-34, 1.2866932593169622e-05, 5.745864408962899e-16, 1.3887744471631662e-30, 5.136674473887095e-21, 2.234630898679803e-23, 0.0017319520702585578, 6.617400204189661e-12, 0.0, 0.0, 1.4089607643277452e-38, 0.0, 0.0, 0.0, 0.0, 2.632285075113446e-38, 0.0, 4.6433704276325403e-17, 0.012501039542257786, 0.9853522181510925, 0.0, 0.0, 0.0, 0.0, 0.0, 0.0, 0.0, 0.0, 0.0, 0.0, 0.0, 0.0, 0.0, 0.0, 0.0, 0.0, 0.0, 0.0, 0.0, 0.0, 0.0, 0.0, 0.0, 0.0, 0.0]",3.2818086,3.3531291,3.3333344,3.4151921,3.49772
train__c32__user4__7-2-1,32,Stand_up,14,0 1 2 3 4 5 6 7 8 9 10 11 12 13 -1 -1 -1 -1 -1 -1 -1 -1 -1 -1 -1 -1 -1 -1 -1 -1 -1 -1 -1 -1 -1 -1 -1 -1 -1 -1 -1 -1 -1 -1 -1 -1 -1 -1,True,14,True,True,1.0,1.0,6,6,4.781033e-07,"[2.568276306867972e-27, 1.2855919071158805e-18, 1.3863088138668522e-23, 1.8604531411029308e-28, 7.224626483720181e-33, 2.7150374393158927e-08, 1.0, 3.499865391300432e-21, 2.2945539912555546e-10, 0.0, 0.0, 0.0, 1.301806273357755e-42, 1.1210387714598537e-44, 0.0, 0.0, 0.0, 0.0, 0.0, 0.0, 0.0, 0.0, 0.0, 0.0, 0.0, 0.0, 0.0, 0.0, 0.0, 0.0, 0.0, 0.0, 0.0, 0.0, 0.0, 0.0, 0.0, 0.0, 0.0, 0.0, 0.0, 0.0, 0.0, 0.0, 0.0, 0.0, 0.0, 0.0]",1.9798021,2.237194,2.3109818,2.475692,2.5901713
train__c32__user4__7-2-2,32,Stand_up,19,0 1 2 3 4 5 6 7 8 9 10 11 12 13 14 15 16 17 18 -1 -1 -1 -1 -1 -1 -1 -1 -1 -1 -1 -1 -1 -1 -1 -1 -1 -1 -1 -1 -1 -1 -1 -1 -1 -1 -1 -1 -1,True,19,True,True,1.0,1.0,7,7,0.12845147,"[1.0439975758002474e-18, 3.061159021919052e-34, 4.130374636563386e-29, 1.7860690581398112e-19, 6.322640906483875e-16, 3.25069172968373e-11, 6.728323205607012e-05, 0.9719270467758179, 3.0382062140676556e-19, 0.028005635365843773, 3.95188508497378e-24, 3.5627325062496556e-25, 1.097057557644665e-13, 4.297475581220243e-25, 1.243515760349258e-24, 0.0, 0.0, 0.0, 0.0, 0.0, 0.0, 0.0, 0.0, 0.0, 0.0, 0.0, 0.0, 0.0, 0.0, 0.0, 0.0, 0.0, 0.0, 0.0, 0.0, 0.0, 0.0, 0.0, 0.0, 0.0, 0.0, 0.0, 0.0, 0.0, 0.0, 0.0, 0.0, 0.0]",3.4220579,3.5246334,3.5338132,3.5983124,3.7109547
train__c32__user4__7-2-3,32,Stand_up,15,0 1 2 3 4 5 6 7 8 9 10 11 12 13 14 -1 -1 -1 -1 -1 -1 -1 -1 -1 -1 -1 -1 -1 -1 -1 -1 -1 -1 -1 -1 -1 -1 -1 -1 -1 -1 -1 -1 -1 -1 -1 -1 -1,True,15,True,True,1.0,1.0,3,3,0.2357542,"[0.0007911785505712032, 0.011580957099795341, 3.473083973193347e-11, 0.949193000793457, 0.03767699375748634, 0.0007579026278108358, 9.59820429982947e-18, 4.048341418525715e-31, 2.5295768150102007e-28, 0.0, 1.9123011453343672e-31, 1.5191290030026877e-29, 9.046677992325251e-35, 0.0, 0.0, 0.0, 0.0, 0.0, 0.0, 0.0, 0.0, 0.0, 0.0, 0.0, 0.0, 0.0, 0.0, 0.0, 0.0, 0.0, 0.0, 0.0, 0.0, 0.0, 0.0, 0.0, 0.0, 0.0, 0.0, 0.0, 0.0, 0.0, 0.0, 0.0, 0.0, 0.0, 0.0, 0.0]",1.9628572,2.188161,2.254656,2.4677656,2.6095715
train__c33__user17__2-2-1,33,Lie_down,29,0 1 2 3 4 5 6 7 8 9 10 11 12 13 14 15 16 17 18 19 20 21 22 23 24 25 26 27 28 -1 -1 -1 -1 -1 -1 -1 -1 -1 -1 -1 -1 -1 -1 -1 -1 -1 -1 -1,True,29,True,True,0.8275862068965517,1.0,4,4,1.4760036,"[3.817439846898196e-06, 0.23216532170772552, 0.16722239553928375, 0.23582138121128082, 0.337798535823822, 0.01004248671233654, 0.011740855872631073, 1.2131798939662986e-05, 0.003160008229315281, 0.0014695404097437859, 2.9041552807029802e-06, 0.0005577746196649969, 2.50353809860826e-06, 2.0189197869058262e-08, 6.214998567871666e-12, 2.44040762709119e-07, 6.298672521054538e-14, 3.875240961459525e-10, 2.131767679047769e-10, 1.339011041802396e-12, 3.9826666964337676e-10, 2.035029696839663e-12, 5.30639004958644e-11, 1.2239884453202343e-11, 4.965457559014119e-11, 5.507827527395648e-10, 1.6315373496667007e-09, 3.005825796598138e-11, 3.48001523431396e-11, 0.0, 0.0, 0.0, 0.0, 0.0, 0.0, 0.0, 0.0, 0.0, 0.0, 0.0, 0.0, 0.0, 0.0, 0.0, 0.0, 0.0, 0.0, 0.0]",1.172122,1.4373145,1.7972796,2.08886,2.499122
train__c33__user17__2-2-2,33,Lie_down,32,0 1 2 3 4 5 6 7 8 9 10 11 12 13 14 15 16 17 18 19 20 21 22 23 24 25 26 27 28 29 30 31 -1 -1 -1 -1 -1 -1 -1 -1 -1 -1 -1 -1 -1 -1 -1 -1,True,32,True,True,0.75,1.0,6,6,0.034090426,"[2.572426207200073e-20, 1.6117067533003016e-12, 1.479445361097409e-23, 1.0091827817859667e-08, 3.30400544044096e-05, 3.155568905136019e-12, 0.9947240948677063, 0.005059235729277134, 0.00010019273759098724, 7.562944665551186e-05, 2.754802608251339e-06, 2.628650690894574e-06, 2.5226395905519894e-07, 2.145442294931854e-06, 8.17261103236433e-09, 7.61771179469406e-09, 4.868386509898626e-12, 1.87693003500522e-12, 7.995318816733654e-12, 3.814353694009398e-11, 4.511997719891525e-11, 1.2803373639069804e-10, 8.919423359621259e-12, 5.102025139175348e-12, 5.647426970512015e-12, 7.31049554225649e-10, 3.4532338100135007e-10, 2.668452125931253e-10, 5.49509743263954e-12, 8.528885930836339e-11, 1.4334818054795306e-12, 9.816687740471508e-11, 0.0, 0.0, 0.0, 0.0, 0.0, 0.0, 0.0, 0.0, 0.0, 0.0, 0.0, 0.0, 0.0, 0.0, 0.0, 0.0]",1.245178,1.5148836,1.8604292,2.1301396,2.5102797
train__c33__user17__2-2-3,33,Lie_down,19,0 1 2 3 4 5 6 7 8 9 10 11 12 13 14 15 16 17 18 -1 -1 -1 -1 -1 -1 -1 -1 -1 -1 -1 -1 -1 -1 -1 -1 -1 -1 -1 -1 -1 -1 -1 -1 -1 -1 -1 -1 -1,True,19,True,True,1.0,1.0,2,2,0.056931186,"[0.010169535875320435, 1.6047161821575173e-08, 0.9898183941841125, 1.1012453796865884e-05, 7.977394034242025e-07, 1.8222087305730383e-07, 3.3115190589683152e-09, 2.0475414766463196e-11, 5.187116795118962e-12, 1.5884099591190193e-11, 1.9234870640705282e-11, 6.926743206792096e-11, 1.1575749907233313e-11, 2.8427298709443605e-11, 9.446441025240393e-13, 2.460177374319361e-11, 6.064353446494364e-12, 7.179458850342657e-13, 7.889262753144185e-16, 0.0, 0.0, 0.0, 0.0, 0.0, 0.0, 0.0, 0.0, 0.0, 0.0, 0.0, 0.0, 0.0, 0.0, 0.0, 0.0, 0.0, 0.0, 0.0, 0.0, 0.0, 0.0, 0.0, 0.0, 0.0, 0.0, 0.0, 0.0, 0.0]",1.0582318,1.3153839,1.6257504,1.8806686,2.1727948
train__c33__user24__2-2-1,33,Lie_down,21,0 1 2 3 4 5 6 7 8 9 10 11 12 13 14 15 16 17 18 19 20 -1 -1 -1 -1 -1 -1 -1 -1 -1 -1 -1 -1 -1 -1 -1 -1 -1 -1 -1 -1 -1 -1 -1 -1 -1 -1 -1,True,21,True,True,1.0,1.0,3,3,1.1881464,"[0.039076682180166245, 0.0028307053726166487, 0.03614002466201782, 0.5228402018547058, 0.3428869843482971, 0.023333752527832985, 0.02814587950706482, 0.0029205617029219866, 0.000978265656158328, 0.0006619275663979352, 5.053879704064457e-06, 2.3736909497529268e-05, 8.332439392688684e-06, 6.352326454361901e-05, 3.000626566063147e-05, 2.818827488226816e-05, 8.076076483121142e-06, 8.990593300950422e-07, 1.4397163795365486e-05, 1.09297809558484e-06, 1.666592652327381e-06, 0.0, 0.0, 0.0, 0.0, 0.0, 0.0, 0.0, 0.0, 0.0, 0.0, 0.0, 0.0, 0.0, 0.0, 0.0, 0.0, 0.0, 0.0, 0.0, 0.0, 0.0, 0.0, 0.0, 0.0, 0.0, 0.0, 0.0]",1.5245456,1.6951472,2.0825791,2.520584,2.6231487
train__c33__user24__2-2-2,33,Lie_down,16,0 1 2 3 4 5 6 7 8 9 10 11 12 13 14 15 -1 -1 -1 -1 -1 -1 -1 -1 -1 -1 -1 -1 -1 -1 -1 -1 -1 -1 -1 -1 -1 -1 -1 -1 -1 -1 -1 -1 -1 -1 -1 -1,True,16,True,True,1.0,1.0,5,5,0.8532469,"[1.2078643521817867e-05, 0.0001641554554225877, 0.28320857882499695, 0.00022790727962274104, 0.060298580676317215, 0.648270845413208, 5.006458377465606e-05, 0.006871852092444897, 0.0005467211594805121, 6.328756717266515e-05, 0.00014040959649719298, 7.2124871621781494e-06, 1.0171237590839155e-05, 1.8707769413595088e-05, 8.650384552311152e-05, 2.2921238269191235e-05, 0.0, 0.0, 0.0, 0.0, 0.0, 0.0, 0.0, 0.0, 0.0, 0.0, 0.0, 0.0, 0.0, 0.0, 0.0, 0.0, 0.0, 0.0, 0.0, 0.0, 0.0, 0.0, 0.0, 0.0, 0.0, 0.0, 0.0, 0.0, 0.0, 0.0, 0.0, 0.0]",1.4109442,1.5748558,1.9562241,2.3780534,2.4707875
train__c33__user24__2-2-3,33,Lie_down,8,0 1 2 3 4 5 6 7 -1 -1 -1 -1 -1 -1 -1 -1 -1 -1 -1 -1 -1 -1 -1 -1 -1 -1 -1 -1 -1 -1 -1 -1 -1 -1 -1 -1 -1 -1 -1 -1 -1 -1 -1 -1 -1 -1 -1 -1,True,8,True,True,1.0,1.0,2,2,0.6571165,"[2.311073927785401e-07, 0.00024564252817071974, 0.8297479152679443, 0.03820617124438286, 0.09456116706132889, 0.002992538269609213, 0.025450794026255608, 0.008795559406280518, 0.0, 0.0, 0.0, 0.0, 0.0, 0.0, 0.0, 0.0, 0.0, 0.0, 0.0, 0.0, 0.0, 0.0, 0.0, 0.0, 0.0, 0.0, 0.0, 0.0, 0.0, 0.0, 0.0, 0.0, 0.0, 0.0, 0.0, 0.0, 0.0, 0.0, 0.0, 0.0, 0.0, 0.0, 0.0, 0.0, 0.0, 0.0, 0.0, 0.0]",1.0262476,1.2196237,1.6070533,1.9316007,2.03889
train__c34__user17__1-2-1,34,Sit_down,13,0 1 2 3 4 5 6 7 8 9 10 11 12 -1 -1 -1 -1 -1 -1 -1 -1 -1 -1 -1 -1 -1 -1 -1 -1 -1 -1 -1 -1 -1 -1 -1 -1 -1 -1 -1 -1 -1 -1 -1 -1 -1 -1 -1,True,13,True,True,1.0,1.0,9,9,0.2246115,"[0.0, 0.0, 2.802596928649634e-45, 1.215850221982113e-36, 5.620287343939478e-25, 4.187932723294724e-20, 2.2429779197406655e-16, 1.3101822957713866e-13, 0.00034262650297023356, 0.9445991516113281, 0.05329063907265663, 0.0015842888969928026, 0.0001833947462728247, 0.0, 0.0, 0.0, 0.0, 0.0, 0.0, 0.0, 0.0, 0.0, 0.0, 0.0, 0.0, 0.0, 0.0, 0.0, 0.0, 0.0, 0.0, 0.0, 0.0, 0.0, 0.0, 0.0, 0.0, 0.0, 0.0, 0.0, 0.0, 0.0, 0.0, 0.0, 0.0, 0.0, 0.0, 0.0]",0.958013,1.4944599,1.7876599,2.1379158,2.3188498
train__c34__user17__1-2-2,34,Sit_down,9,0 1 2 3 4 5 6 7 8 -1 -1 -1 -1 -1 -1 -1 -1 -1 -1 -1 -1 -1 -1 -1 -1 -1 -1 -1 -1 -1 -1 -1 -1 -1 -1 -1 -1 -1 -1 -1 -1 -1 -1 -1 -1 -1 -1 -1,True,9,True,True,1.0,1.0,6,6,0.43208453,"[2.1511332725850267e-41, 0.0, 1.8109173201536297e-30, 0.0, 0.0018577172886580229, 8.411286532734874e-13, 0.8830757737159729, 0.026253152638673782, 0.08881326764822006, 0.0, 0.0, 0.0, 0.0, 0.0, 0.0, 0.0, 0.0, 0.0, 0.0, 0.0, 0.0, 0.0, 0.0, 0.0, 0.0, 0.0, 0.0, 0.0, 0.0, 0.0, 0.0, 0.0, 0.0, 0.0, 0.0, 0.0, 0.0, 0.0, 0.0, 0.0, 0.0, 0.0, 0.0, 0.0, 0.0, 0.0, 0.0, 0.0]",1.0015314,1.4920934,1.7759191,2.0470352,2.2571762
train__c34__user17__1-2-3,34,Sit_down,9,0 1 2 3 4 5 6 7 8 -1 -1 -1 -1 -1 -1 -1 -1 -1 -1 -1 -1 -1 -1 -1 -1 -1 -1 -1 -1 -1 -1 -1 -1 -1 -1 -1 -1 -1 -1 -1 -1 -1 -1 -1 -1 -1 -1 -1,True,9,True,True,1.0,1.0,4,4,0.17679834,"[3.1964384921746598e-15, 0.02848493680357933, 0.007076626643538475, 0.0006615314050577581, 0.9637768864631653, 1.7135075340357408e-18, 1.843339466194545e-39, 0.0, 0.0, 0.0, 0.0, 0.0, 0.0, 0.0, 0.0, 0.0, 0.0, 0.0, 0.0, 0.0, 0.0, 0.0, 0.0, 0.0, 0.0, 0.0, 0.0, 0.0, 0.0, 0.0, 0.0, 0.0, 0.0, 0.0, 0.0, 0.0, 0.0, 0.0, 0.0, 0.0, 0.0, 0.0, 0.0, 0.0, 0.0, 0.0, 0.0, 0.0]",1.4041772,1.804063,1.9437652,2.1292045,2.275534
train__c34__user17__2-2-1,34,Sit_down,11,0 1 2 3 4 5 6 7 8 9 10 -1 -1 -1 -1 -1 -1 -1 -1 -1 -1 -1 -1 -1 -1 -1 -1 -1 -1 -1 -1 -1 -1 -1 -1 -1 -1 -1 -1 -1 -1 -1 -1 -1 -1 -1 -1 -1,True,11,True,True,1.0,1.0,6,6,0.4715575,"[0.0, 1.5799640185262312e-41, 1.524462330193343e-32, 1.0860063098517332e-41, 6.452972576613179e-22, 3.6514945633039304e-29, 0.8198932409286499, 0.18010663986206055, 1.431850336075513e-07, 4.633929848388697e-16, 9.964515708532086e-16, 0.0, 0.0, 0.0, 0.0, 0.0, 0.0, 0.0, 0.0, 0.0, 0.0, 0.0, 0.0, 0.0, 0.0, 0.0, 0.0, 0.0, 0.0, 0.0, 0.0, 0.0, 0.0, 0.0, 0.0, 0.0, 0.0, 0.0, 0.0, 0.0, 0.0, 0.0, 0.0, 0.0, 0.0, 0.0, 0.0, 0.0]",0.99425995,1.5009818,1.6986247,1.9486316,2.1601987
train__c34__user17__2-2-2,34,Sit_down,9,0 1 2 3 4 5 6 7 8 -1 -1 -1 -1 -1 -1 -1 -1 -1 -1 -1 -1 -1 -1 -1 -1 -1 -1 -1 -1 -1 -1 -1 -1 -1 -1 -1 -1 -1 -1 -1 -1 -1 -1 -1 -1 -1 -1 -1,True,9,True,True,1.0,1.0,6,6,0.1189692,"[0.0, 0.0, 1.4611298694597133e-18, 6.081734148372911e-16, 0.005917615722864866, 0.011586129665374756, 0.979761004447937, 0.002505676122382283, 0.00022945087403059006, 0.0, 0.0, 0.0, 0.0, 0.0, 0.0, 0.0, 0.0, 0.0, 0.0, 0.0, 0.0, 0.0, 0.0, 0.0, 0.0, 0.0, 0.0, 0.0, 0.0, 0.0, 0.0, 0.0, 0.0, 0.0, 0.0, 0.0, 0.0, 0.0, 0.0, 0.0, 0.0, 0.0, 0.0, 0.0, 0.0, 0.0, 0.0, 0.0]",0.93655705,1.4372399,1.743456,2.0307667,2.2405887
train__c34__user17__2-2-3,34,Sit_down,9,0 1 2 3 4 5 6 7 8 -1 -1 -1 -1 -1 -1 -1 -1 -1 -1 -1 -1 -1 -1 -1 -1 -1 -1 -1 -1 -1 -1 -1 -1 -1 -1 -1 -1 -1 -1 -1 -1 -1 -1 -1 -1 -1 -1 -1,True,9,True,True,1.0,1.0,2,2,0.25055313,"[3.965883266232595e-08, 0.001494680531322956, 0.9339402318000793, 0.06455628573894501, 8.74990382726537e-06, 7.217110465940176e-27, 2.802596928649634e-45, 0.0, 1.1210387714598537e-44, 0.0, 0.0, 0.0, 0.0, 0.0, 0.0, 0.0, 0.0, 0.0, 0.0, 0.0, 0.0, 0.0, 0.0, 0.0, 0.0, 0.0, 0.0, 0.0, 0.0, 0.0, 0.0, 0.0, 0.0, 0.0, 0.0, 0.0, 0.0, 0.0, 0.0, 0.0, 0.0, 0.0, 0.0, 0.0, 0.0, 0.0, 0.0, 0.0]",1.119106,1.5613389,1.741125,1.9499322,2.138615
train__c34__user17__4-1-1,34,Sit_down,12,0 1 2 3 4 5 6 7 8 9 10 11 -1 -1 -1 -1 -1 -1 -1 -1 -1 -1 -1 -1 -1 -1 -1 -1 -1 -1 -1 -1 -1 -1 -1 -1 -1 -1 -1 -1 -1 -1 -1 -1 -1 -1 -1 -1,True,12,True,True,1.0,1.0,10,10,0.70188284,"[0.0, 2.802596928649634e-45, 1.1702553543355427e-26, 1.73523632795659e-17, 7.621725472972685e-08, 0.00020207623310852796, 8.370827941917014e-08, 0.00023997148673515767, 0.0006523101474158466, 1.1287887673461228e-06, 0.507255494594574, 0.4916488826274872, 0.0, 0.0, 0.0, 0.0, 0.0, 0.0, 0.0, 0.0, 0.0, 0.0, 0.0, 0.0, 0.0, 0.0, 0.0, 0.0, 0.0, 0.0, 0.0, 0.0, 0.0, 0.0, 0.0, 0.0, 0.0, 0.0, 0.0, 0.0, 0.0, 0.0, 0.0, 0.0, 0.0, 0.0, 0.0, 0.0]",1.0699675,1.4527854,1.8047814,2.1563363,2.3146048
train__c34__user17__4-1-2,34,Sit_down,7,0 1 2 3 4 5 6 -1 -1 -1 -1 -1 -1 -1 -1 -1 -1 -1 -1 -1 -1 -1 -1 -1 -1 -1 -1 -1 -1 -1 -1 -1 -1 -1 -1 -1 -1 -1 -1 -1 -1 -1 -1 -1 -1 -1 -1 -1,True,7,True,True,1.0,1.0,6,6,0.34223297,"[4.413355540550955e-23, 5.5106469382245823e-14, 9.942558061581952e-12, 0.021450458094477654, 0.05520527437329292, 0.004093891475349665, 0.9192503690719604, 0.0, 0.0, 0.0, 0.0, 0.0, 0.0, 0.0, 0.0, 0.0, 0.0, 0.0, 0.0, 0.0, 0.0, 0.0, 0.0, 0.0, 0.0, 0.0, 0.0, 0.0, 0.0, 0.0, 0.0, 0.0, 0.0, 0.0, 0.0, 0.0, 0.0, 0.0, 0.0, 0.0, 0.0, 0.0, 0.0, 0.0, 0.0, 0.0, 0.0, 0.0]",0.7322943,1.0056894,1.3746911,1.6937828,1.8444402
train__c34__user17__4-1-3,34,Sit_down,8,0 1 2 3 4 5 6 7 -1 -1 -1 -1 -1 -1 -1 -1 -1 -1 -1 -1 -1 -1 -1 -1 -1 -1 -1 -1 -1 -1 -1 -1 -1 -1 -1 -1 -1 -1 -1 -1 -1 -1 -1 -1 -1 -1 -1 -1,True,8,True,True,1.0,1.0,6,6,0.32802165,"[1.5174240173849302e-13, 3.84587119095503e-11, 2.2574702995825646e-08, 1.064749540091725e-05, 8.776823960943148e-05, 2.6038009082185454e-07, 0.899032711982727, 0.10086866468191147, 0.0, 0.0, 0.0, 0.0, 0.0, 0.0, 0.0, 0.0, 0.0, 0.0, 0.0, 0.0, 0.0, 0.0, 0.0, 0.0, 0.0, 0.0, 0.0, 0.0, 0.0, 0.0, 0.0, 0.0, 0.0, 0.0, 0.0, 0.0, 0.0, 0.0, 0.0, 0.0, 0.0, 0.0, 0.0, 0.0, 0.0, 0.0, 0.0, 0.0]",0.8477402,1.0869617,1.4794211,1.8031728,1.9396785
train__c34__user17__7-1-1,34,Sit_down,8,0 1 2 3 4 5 6 7 -1 -1 -1 -1 -1 -1 -1 -1 -1 -1 -1 -1 -1 -1 -1 -1 -1 -1 -1 -1 -1 -1 -1 -1 -1 -1 -1 -1 -1 -1 -1 -1 -1 -1 -1 -1 -1 -1 -1 -1,True,8,True,True,1.0,1.0,7,7,0.70779324,"[0.0, 0.0, 1.0707958901809883e-31, 4.755826266654439e-13, 0.018045468255877495, 0.01202087290585041, 0.24911001324653625, 0.7208237051963806, 0.0, 0.0, 0.0, 0.0, 0.0, 0.0, 0.0, 0.0, 0.0, 0.0, 0.0, 0.0, 0.0, 0.0, 0.0, 0.0, 0.0, 0.0, 0.0, 0.0, 0.0, 0.0, 0.0, 0.0, 0.0, 0.0, 0.0, 0.0, 0.0, 0.0, 0.0, 0.0, 0.0, 0.0, 0.0, 0.0, 0.0, 0.0, 0.0, 0.0]",1.3396689,1.6755261,1.995449,2.2363825,2.359849
train__c34__user17__7-1-2,34,Sit_down,7,0 1 2 3 4 5 6 -1 -1 -1 -1 -1 -1 -1 -1 -1 -1 -1 -1 -1 -1 -1 -1 -1 -1 -1 -1 -1 -1 -1 -1 -1 -1 -1 -1 -1 -1 -1 -1 -1 -1 -1 -1 -1 -1 -1 -1 -1,True,7,True,True,1.0,1.0,6,6,1.7206144e-06,"[6.981298062805447e-27, 2.027406711674513e-28, 1.6651908308724458e-25, 1.7535050253751299e-19, 3.1034867906088674e-15, 9.931193289958173e-08, 0.9999998807907104, 0.0, 0.0, 0.0, 0.0, 0.0, 0.0, 0.0, 0.0, 0.0, 0.0, 0.0, 0.0, 0.0, 0.0, 0.0, 0.0, 0.0, 0.0, 0.0, 0.0, 0.0, 0.0, 0.0, 0.0, 0.0, 0.0, 0.0, 0.0, 0.0, 0.0, 0.0, 0.0, 0.0, 0.0, 0.0, 0.0, 0.0, 0.0, 0.0, 0.0, 0.0]",0.97252053,1.2080318,1.5846136,1.8959019,2.0279412
train__c34__user17__7-1-3,34,Sit_down,7,0 1 2 3 4 5 6 -1 -1 -1 -1 -1 -1 -1 -1 -1 -1 -1 -1 -1 -1 -1 -1 -1 -1 -1 -1 -1 -1 -1 -1 -1 -1 -1 -1 -1 -1 -1 -1 -1 -1 -1 -1 -1 -1 -1 -1 -1,True,7,True,True,1.0,1.0,6,6,0.12926291,"[0.0, 0.0, 4.440294443906048e-39, 3.1609237389850044e-26, 9.285445190521102e-10, 0.02843603491783142, 0.971563994884491, 0.0, 0.0, 0.0, 0.0, 0.0, 0.0, 0.0, 0.0, 0.0, 0.0, 0.0, 0.0, 0.0, 0.0, 0.0, 0.0, 0.0, 0.0, 0.0, 0.0, 0.0, 0.0, 0.0, 0.0, 0.0, 0.0, 0.0, 0.0, 0.0, 0.0, 0.0, 0.0, 0.0, 0.0, 0.0, 0.0, 0.0, 0.0, 0.0, 0.0, 0.0]",1.1758062,1.5559838,1.833756,2.0696814,2.2377927
train__c34__user23__3-2-2,34,Sit_down,13,0 1 2 3 4 5 6 7 8 9 10 11 12 -1 -1 -1 -1 -1 -1 -1 -1 -1 -1 -1 -1 -1 -1 -1 -1 -1 -1 -1 -1 -1 -1 -1 -1 -1 -1 -1 -1 -1 -1 -1 -1 -1 -1 -1,True,13,True,True,1.0,1.0,12,12,0.13170059,"[0.0, 0.0, 0.0, 0.0, 0.0, 0.0, 5.605193857299268e-45, 0.0, 0.0, 1.0069848784595506e-20, 0.0002680254401639104, 0.02842841111123562, 0.9713035821914673, 0.0, 0.0, 0.0, 0.0, 0.0, 0.0, 0.0, 0.0, 0.0, 0.0, 0.0, 0.0, 0.0, 0.0, 0.0, 0.0, 0.0, 0.0, 0.0, 0.0, 0.0, 0.0, 0.0, 0.0, 0.0, 0.0, 0.0, 0.0, 0.0, 0.0, 0.0, 0.0, 0.0, 0.0, 0.0]",2.0690196,2.3513763,2.4007406,2.5381172,2.6645832
train__c34__user23__7-3-1,34,Sit_down,17,0 1 2 3 4 5 6 7 8 9 10 11 12 13 14 15 16 -1 -1 -1 -1 -1 -1 -1 -1 -1 -1 -1 -1 -1 -1 -1 -1 -1 -1 -1 -1 -1 -1 -1 -1 -1 -1 -1 -1 -1 -1 -1,True,17,True,True,1.0,1.0,15,15,0.4251218,"[0.0, 0.0, 0.0, 0.0, 0.0, 2.8166099132928823e-43, 0.0, 5.220108941019787e-16, 7.293258878771081e-13, 1.9459102986729704e-06, 0.13410185277462006, 0.004961581900715828, 1.3374033187574241e-06, 1.45435848253328e-07, 6.484903197445745e-28, 0.8608967661857605, 3.643090167315677e-05, 0.0, 0.0, 0.0, 0.0, 0.0, 0.0, 0.0, 0.0, 0.0, 0.0, 0.0, 0.0, 0.0, 0.0, 0.0, 0.0, 0.0, 0.0, 0.0, 0.0, 0.0, 0.0, 0.0, 0.0, 0.0, 0.0, 0.0, 0.0, 0.0, 0.0, 0.0]",1.67847,1.9681853,2.0669768,2.284316,2.4436853
train__c34__user23__7-3-2,34,Sit_down,28,0 1 2 3 4 5 6 7 8 9 10 11 12 13 14 15 16 17 18 19 20 21 22 23 24 25 26 27 -1 -1 -1 -1 -1 -1 -1 -1 -1 -1 -1 -1 -1 -1 -1 -1 -1 -1 -1 -1,True,28,True,True,0.8571428571428571,1.0,4,4,0.083912864,"[5.102225049644691e-17, 3.142412424494978e-06, 0.00017563856090418994, 0.010781809687614441, 0.9858314990997314, 0.0003034762048628181, 0.002901884727180004, 1.3641868745750685e-09, 4.087429006371934e-11, 9.429600156263263e-11, 6.606179567825166e-07, 5.80940816286013e-11, 5.215364476548155e-14, 6.65455619317029e-17, 7.92877368114364e-34, 1.929587985375273e-41, 0.0, 0.0, 0.0, 1.3872854796815689e-43, 0.0, 1.413017119762739e-22, 4.296504480031494e-17, 1.8618176227391814e-06, 3.0311400091298513e-12, 9.612712102008425e-13, 3.29920696511091e-20, 1.092887077767404e-29, 0.0, 0.0, 0.0, 0.0, 0.0, 0.0, 0.0, 0.0, 0.0, 0.0, 0.0, 0.0, 0.0, 0.0, 0.0, 0.0, 0.0, 0.0, 0.0, 0.0]",2.827898,2.9270303,2.9578586,3.0804617,3.1952512
train__c34__user23__7-3-3,34,Sit_down,20,0 1 2 3 4 5 6 7 8 9 10 11 12 13 14 15 16 17 18 19 -1 -1 -1 -1 -1 -1 -1 -1 -1 -1 -1 -1 -1 -1 -1 -1 -1 -1 -1 -1 -1 -1 -1 -1 -1 -1 -1 -1,True,20,True,True,1.0,1.0,16,16,0.5106365,"[1.5181068135916576e-07, 1.0585442739637508e-15, 3.1821244306229346e-08, 6.744691068670539e-13, 6.604288782519063e-10, 1.7753986350330303e-18, 1.371102731057812e-22, 5.1035259578455254e-36, 8.407790785948902e-45, 0.0, 0.0, 5.440859382492504e-39, 0.0, 1.2631346867214115e-35, 0.0, 0.20687682926654816, 0.7930399179458618, 8.306025847559795e-05, 3.490708537720881e-16, 1.668351409263303e-29, 0.0, 0.0, 0.0, 0.0, 0.0, 0.0, 0.0, 0.0, 0.0, 0.0, 0.0, 0.0, 0.0, 0.0, 0.0, 0.0, 0.0, 0.0, 0.0, 0.0, 0.0, 0.0, 0.0, 0.0, 0.0, 0.0, 0.0, 0.0]",1.7029189,2.033463,2.1158211,2.4007075,2.5294542
train__c34__user24__4-1-1,34,Sit_down,15,0 1 2 3 4 5 6 7 8 9 10 11 12 13 14 -1 -1 -1 -1 -1 -1 -1 -1 -1 -1 -1 -1 -1 -1 -1 -1 -1 -1 -1 -1 -1 -1 -1 -1 -1 -1 -1 -1 -1 -1 -1 -1 -1,True,15,True,True,1.0,1.0,14,14,0.120009206,"[0.0, 0.0, 0.0, 1.5414283107572988e-44, 4.484895922786921e-32, 2.75061471936528e-23, 4.9732282700493047e-20, 2.0299937019976133e-17, 2.308569037268171e-06, 1.3805860898941091e-09, 0.0002282354689668864, 2.4434666556771845e-05, 1.3571377621701686e-06, 0.025172386318445206, 0.9745712280273438, 0.0, 0.0, 0.0, 0.0, 0.0, 0.0, 0.0, 0.0, 0.0, 0.0, 0.0, 0.0, 0.0, 0.0, 0.0, 0.0, 0.0, 0.0, 0.0, 0.0, 0.0, 0.0, 0.0, 0.0, 0.0, 0.0, 0.0, 0.0, 0.0, 0.0, 0.0, 0.0, 0.0]",1.4464431,1.8098496,2.0927627,2.4404652,2.5598078
train__c34__user24__4-1-2,34,Sit_down,11,0 1 2 3 4 5 6 7 8 9 10 -1 -1 -1 -1 -1 -1 -1 -1 -1 -1 -1 -1 -1 -1 -1 -1 -1 -1 -1 -1 -1 -1 -1 -1 -1 -1 -1 -1 -1 -1 -1 -1 -1 -1 -1 -1 -1,True,11,True,True,1.0,1.0,9,9,0.03438711,"[0.0, 0.0, 9.897058523700926e-33, 2.2216135133553066e-19, 3.0816052834503616e-12, 2.3727045328492125e-10, 2.238341778593167e-08, 5.724416080044037e-11, 4.076322834833945e-09, 0.9944450259208679, 0.0055549247190356255, 0.0, 0.0, 0.0, 0.0, 0.0, 0.0, 0.0, 0.0, 0.0, 0.0, 0.0, 0.0, 0.0, 0.0, 0.0, 0.0, 0.0, 0.0, 0.0, 0.0, 0.0, 0.0, 0.0, 0.0, 0.0, 0.0, 0.0, 0.0, 0.0, 0.0, 0.0, 0.0, 0.0, 0.0, 0.0, 0.0, 0.0]",1.2919165,1.5537345,1.9246981,2.2646997,2.3706765
train__c34__user24__4-1-3,34,Sit_down,9,0 1 2 3 4 5 6 7 8 -1 -1 -1 -1 -1 -1 -1 -1 -1 -1 -1 -1 -1 -1 -1 -1 -1 -1 -1 -1 -1 -1 -1 -1 -1 -1 -1 -1 -1 -1 -1 -1 -1 -1 -1 -1 -1 -1 -1,True,9,True,True,1.0,1.0,7,7,0.015555674,"[2.0641388702577077e-37, 6.926397195661953e-26, 5.1642576398857576e-17, 7.491363085421199e-11, 2.3075022448360016e-10, 8.10009490037622e-11, 7.962520243154358e-08, 0.9978171586990356, 0.0021827162709087133, 0.0, 0.0, 0.0, 0.0, 0.0, 0.0, 0.0, 0.0, 0.0, 0.0, 0.0, 0.0, 0.0, 0.0, 0.0, 0.0, 0.0, 0.0, 0.0, 0.0, 0.0, 0.0, 0.0, 0.0, 0.0, 0.0, 0.0, 0.0, 0.0, 0.0, 0.0, 0.0, 0.0, 0.0, 0.0, 0.0, 0.0, 0.0, 0.0]",1.0736498,1.2803315,1.6727828,1.9961691,2.0908473
train__c34__user24__5-1-1,34,Sit_down,11,0 1 2 3 4 5 6 7 8 9 10 -1 -1 -1 -1 -1 -1 -1 -1 -1 -1 -1 -1 -1 -1 -1 -1 -1 -1 -1 -1 -1 -1 -1 -1 -1 -1 -1 -1 -1 -1 -1 -1 -1 -1 -1 -1 -1,True,11,True,True,1.0,1.0,9,9,0.0652916,"[8.440650162810925e-06, 3.5589998503837705e-08, 2.0759463481567764e-08, 3.345451280067346e-30, 2.986260232038701e-32, 0.0, 2.1143904649257567e-29, 2.2473713498909587e-26, 0.0037398822605609894, 0.9894796013832092, 0.006772052031010389, 0.0, 0.0, 0.0, 0.0, 0.0, 0.0, 0.0, 0.0, 0.0, 0.0, 0.0, 0.0, 0.0, 0.0, 0.0, 0.0, 0.0, 0.0, 0.0, 0.0, 0.0, 0.0, 0.0, 0.0, 0.0, 0.0, 0.0, 0.0, 0.0, 0.0, 0.0, 0.0, 0.0, 0.0, 0.0, 0.0, 0.0]",1.0012308,1.4422748,1.6859907,1.9474752,2.1236327
train__c34__user24__5-1-2,34,Sit_down,10,0 1 2 3 4 5 6 7 8 9 -1 -1 -1 -1 -1 -1 -1 -1 -1 -1 -1 -1 -1 -1 -1 -1 -1 -1 -1 -1 -1 -1 -1 -1 -1 -1 -1 -1 -1 -1 -1 -1 -1 -1 -1 -1 -1 -1,True,10,True,True,1.0,1.0,8,8,0.47166282,"[0.0, 2.802596928649634e-45, 3.5628573974844204e-40, 2.8765402504404847e-08, 9.565931395627558e-05, 0.007718829903751612, 0.03513815999031067, 0.04878450930118561, 0.8921754360198975, 0.016087422147393227, 0.0, 0.0, 0.0, 0.0, 0.0, 0.0, 0.0, 0.0, 0.0, 0.0, 0.0, 0.0, 0.0, 0.0, 0.0, 0.0, 0.0, 0.0, 0.0, 0.0, 0.0, 0.0, 0.0, 0.0, 0.0, 0.0, 0.0, 0.0, 0.0, 0.0, 0.0, 0.0, 0.0, 0.0, 0.0, 0.0, 0.0, 0.0]",1.0438068,1.4409981,1.8165778,2.143522,2.2884457
train__c34__user24__5-1-3,34,Sit_down,9,0 1 2 3 4 5 6 7 8 -1 -1 -1 -1 -1 -1 -1 -1 -1 -1 -1 -1 -1 -1 -1 -1 -1 -1 -1 -1 -1 -1 -1 -1 -1 -1 -1 -1 -1 -1 -1 -1 -1 -1 -1 -1 -1 -1 -1,True,9,True,True,1.0,1.0,8,8,0.0002047193,"[2.0592989078473506e-28, 2.751166803669799e-24, 2.8273969970848967e-11, 4.497922236786406e-28, 4.290612637964401e-17, 1.4315899951206808e-30, 1.7097478121286258e-05, 2.781900567788405e-15, 0.9999829530715942, 0.0, 0.0, 0.0, 0.0, 0.0, 0.0, 0.0, 0.0, 0.0, 0.0, 0.0, 0.0, 0.0, 0.0, 0.0, 0.0, 0.0, 0.0, 0.0, 0.0, 0.0, 0.0, 0.0, 0.0, 0.0, 0.0, 0.0, 0.0, 0.0, 0.0, 0.0, 0.0, 0.0, 0.0, 0.0, 0.0, 0.0, 0.0, 0.0]",0.7749008,1.168832,1.4414512,1.7627202,1.960054
train__c34__user24__5-3-1,34,Sit_down,10,0 1 2 3 4 5 6 7 8 9 -1 -1 -1 -1 -1 -1 -1 -1 -1 -1 -1 -1 -1 -1 -1 -1 -1 -1 -1 -1 -1 -1 -1 -1 -1 -1 -1 -1 -1 -1 -1 -1 -1 -1 -1 -1 -1 -1,True,10,True,True,1.0,1.0,8,8,0.3464007,"[0.0, 0.0, 0.0, 4.354080427400578e-29, 4.702264389214644e-37, 9.079375584697402e-10, 0.029522452503442764, 0.04944080114364624, 0.9184165000915527, 0.0026202662847936153, 0.0, 0.0, 0.0, 0.0, 0.0, 0.0, 0.0, 0.0, 0.0, 0.0, 0.0, 0.0, 0.0, 0.0, 0.0, 0.0, 0.0, 0.0, 0.0, 0.0, 0.0, 0.0, 0.0, 0.0, 0.0, 0.0, 0.0, 0.0, 0.0, 0.0, 0.0, 0.0, 0.0, 0.0, 0.0, 0.0, 0.0, 0.0]",1.3744854,1.766993,2.0120916,2.2715225,2.456796
train__c34__user24__5-3-2,34,Sit_down,11,0 1 2 3 4 5 6 7 8 9 10 -1 -1 -1 -1 -1 -1 -1 -1 -1 -1 -1 -1 -1 -1 -1 -1 -1 -1 -1 -1 -1 -1 -1 -1 -1 -1 -1 -1 -1 -1 -1 -1 -1 -1 -1 -1 -1,True,11,True,True,1.0,1.0,4,4,0.76462656,"[0.0, 6.146095064528648e-42, 1.7886544607751824e-16, 1.3352145994752207e-12, 0.741588830947876, 0.04316564276814461, 0.009408444166183472, 0.1965014934539795, 0.009335225448012352, 3.682199860577384e-07, 1.36360033118119e-15, 0.0, 0.0, 0.0, 0.0, 0.0, 0.0, 0.0, 0.0, 0.0, 0.0, 0.0, 0.0, 0.0, 0.0, 0.0, 0.0, 0.0, 0.0, 0.0, 0.0, 0.0, 0.0, 0.0, 0.0, 0.0, 0.0, 0.0, 0.0, 0.0, 0.0, 0.0, 0.0, 0.0, 0.0, 0.0, 0.0, 0.0]",0.96972823,1.4061257,1.7558858,2.0776007,2.2624202
train__c34__user24__5-3-3,34,Sit_down,8,0 1 2 3 4 5 6 7 -1 -1 -1 -1 -1 -1 -1 -1 -1 -1 -1 -1 -1 -1 -1 -1 -1 -1 -1 -1 -1 -1 -1 -1 -1 -1 -1 -1 -1 -1 -1 -1 -1 -1 -1 -1 -1 -1 -1 -1,True,8,True,True,1.0,1.0,4,4,2.8654639e-09,"[4.9222951415015995e-26, 1.6843168328530073e-27, 2.196080087731359e-16, 2.0164399663902266e-12, 1.0, 9.2597699696483e-19, 2.614959290769825e-11, 9.416830509811902e-11, 0.0, 0.0, 0.0, 0.0, 0.0, 0.0, 0.0, 0.0, 0.0, 0.0, 0.0, 0.0, 0.0, 0.0, 0.0, 0.0, 0.0, 0.0, 0.0, 0.0, 0.0, 0.0, 0.0, 0.0, 0.0, 0.0, 0.0, 0.0, 0.0, 0.0, 0.0, 0.0, 0.0, 0.0, 0.0, 0.0, 0.0, 0.0, 0.0, 0.0]",0.87819934,1.407323,1.6052022,1.8252625,2.0567014
train__c34__user24__7-2-1,34,Sit_down,11,0 1 2 3 4 5 6 7 8 9 10 -1 -1 -1 -1 -1 -1 -1 -1 -1 -1 -1 -1 -1 -1 -1 -1 -1 -1 -1 -1 -1 -1 -1 -1 -1 -1 -1 -1 -1 -1 -1 -1 -1 -1 -1 -1 -1,True,11,True,True,1.0,1.0,9,9,0.6668645,"[1.4033570732576568e-17, 3.4702754240292895e-36, 6.072214868777137e-30, 0.0, 0.0, 0.0, 8.810982166096437e-09, 3.255118344869614e-33, 0.006895030383020639, 0.671105146408081, 0.32199978828430176, 0.0, 0.0, 0.0, 0.0, 0.0, 0.0, 0.0, 0.0, 0.0, 0.0, 0.0, 0.0, 0.0, 0.0, 0.0, 0.0, 0.0, 0.0, 0.0, 0.0, 0.0, 0.0, 0.0, 0.0, 0.0, 0.0, 0.0, 0.0, 0.0, 0.0, 0.0, 0.0, 0.0, 0.0, 0.0, 0.0, 0.0]",1.3486007,1.7495967,1.932612,2.188372,2.3618934
train__c34__user24__7-2-2,34,Sit_down,9,0 1 2 3 4 5 6 7 8 -1 -1 -1 -1 -1 -1 -1 -1 -1 -1 -1 -1 -1 -1 -1 -1 -1 -1 -1 -1 -1 -1 -1 -1 -1 -1 -1 -1 -1 -1 -1 -1 -1 -1 -1 -1 -1 -1 -1,True,9,True,True,1.0,1.0,7,7,0.6341845,"[0.0, 9.0740444672055e-12, 3.614550436736863e-09, 3.0130338927847333e-05, 0.25387445092201233, 0.005832246039062738, 0.0056528071872889996, 0.7346100211143494, 3.6905441902490566e-07, 0.0, 0.0, 0.0, 0.0, 0.0, 0.0, 0.0, 0.0, 0.0, 0.0, 0.0, 0.0, 0.0, 0.0, 0.0, 0.0, 0.0, 0.0, 0.0, 0.0, 0.0, 0.0, 0.0, 0.0, 0.0, 0.0, 0.0, 0.0, 0.0, 0.0, 0.0, 0.0, 0.0, 0.0, 0.0, 0.0, 0.0, 0.0, 0.0]",0.7092612,1.0638453,1.4148352,1.7465762,1.9192072
train__c34__user24__7-2-3,34,Sit_down,7,0 1 2 3 4 5 6 -1 -1 -1 -1 -1 -1 -1 -1 -1 -1 -1 -1 -1 -1 -1 -1 -1 -1 -1 -1 -1 -1 -1 -1 -1 -1 -1 -1 -1 -1 -1 -1 -1 -1 -1 -1 -1 -1 -1 -1 -1,True,7,True,True,1.0,1.0,4,4,0.6707665,"[0.0, 1.988715630352809e-25, 2.1867869451598973e-17, 0.00044346650247462094, 0.6147661805152893, 0.3847108483314514, 7.950916915433481e-05, 0.0, 0.0, 0.0, 0.0, 0.0, 0.0, 0.0, 0.0, 0.0, 0.0, 0.0, 0.0, 0.0, 0.0, 0.0, 0.0, 0.0, 0.0, 0.0, 0.0, 0.0, 0.0, 0.0, 0.0, 0.0, 0.0, 0.0, 0.0, 0.0, 0.0, 0.0, 0.0, 0.0, 0.0, 0.0, 0.0, 0.0, 0.0, 0.0, 0.0, 0.0]",0.8827582,1.3643814,1.6749325,1.9352905,2.14827
train__c34__user4__7-2-1,34,Sit_down,14,0 1 2 3 4 5 6 7 8 9 10 11 12 13 -1 -1 -1 -1 -1 -1 -1 -1 -1 -1 -1 -1 -1 -1 -1 -1 -1 -1 -1 -1 -1 -1 -1 -1 -1 -1 -1 -1 -1 -1 -1 -1 -1 -1,True,14,True,True,1.0,1.0,7,7,0.73879695,"[0.0, 1.5554048266640648e-34, 1.0009145973784589e-17, 1.8075135832518185e-09, 1.4874862017677515e-06, 0.0001400513865519315, 0.013472634367644787, 0.5864561796188354, 1.2797911494999425e-06, 0.39992836117744446, 5.186478803833085e-26, 5.67056794451232e-17, 0.0, 4.2266609656671505e-10, 0.0, 0.0, 0.0, 0.0, 0.0, 0.0, 0.0, 0.0, 0.0, 0.0, 0.0, 0.0, 0.0, 0.0, 0.0, 0.0, 0.0, 0.0, 0.0, 0.0, 0.0, 0.0, 0.0, 0.0, 0.0, 0.0, 0.0, 0.0, 0.0, 0.0, 0.0, 0.0, 0.0, 0.0]",1.2572392,1.6632822,1.862298,2.1484735,2.339708
train__c34__user4__7-2-2,34,Sit_down,16,0 1 2 3 4 5 6 7 8 9 10 11 12 13 14 15 -1 -1 -1 -1 -1 -1 -1 -1 -1 -1 -1 -1 -1 -1 -1 -1 -1 -1 -1 -1 -1 -1 -1 -1 -1 -1 -1 -1 -1 -1 -1 -1,True,16,True,True,1.0,1.0,13,13,1.1237607,"[0.0, 0.0, 1.1210387714598537e-44, 1.6073611305492078e-32, 5.358060457989755e-13, 0.00010259805276291445, 6.320882675936446e-05, 0.00277302460744977, 0.004754070192575455, 0.0026050154119729996, 8.913873170968145e-05, 0.2678028643131256, 0.1574331820011139, 0.5409766435623169, 0.023400355130434036, 1.7456535106319393e-09, 0.0, 0.0, 0.0, 0.0, 0.0, 0.0, 0.0, 0.0, 0.0, 0.0, 0.0, 0.0, 0.0, 0.0, 0.0, 0.0, 0.0, 0.0, 0.0, 0.0, 0.0, 0.0, 0.0, 0.0, 0.0, 0.0, 0.0, 0.0, 0.0, 0.0, 0.0, 0.0]",1.3552872,1.8042015,2.1034148,2.3931196,2.568587
train__c34__user4__7-2-3,34,Sit_down,17,0 1 2 3 4 5 6 7 8 9 10 11 12 13 14 15 16 -1 -1 -1 -1 -1 -1 -1 -1 -1 -1 -1 -1 -1 -1 -1 -1 -1 -1 -1 -1 -1 -1 -1 -1 -1 -1 -1 -1 -1 -1 -1,True,17,True,True,1.0,1.0,11,11,1.0602797,"[0.0, 0.0, 0.0, 5.255800752131043e-31, 4.242796164313084e-13, 3.3077478747145506e-06, 1.4994563457548793e-07, 0.0005025550490245223, 0.03414785489439964, 0.0942852571606636, 0.000277537212241441, 0.6752444505691528, 0.11733988672494888, 0.07816522568464279, 2.8352213121252134e-05, 7.48106572245888e-08, 5.369005066313548e-06, 0.0, 0.0, 0.0, 0.0, 0.0, 0.0, 0.0, 0.0, 0.0, 0.0, 0.0, 0.0, 0.0, 0.0, 0.0, 0.0, 0.0, 0.0, 0.0, 0.0, 0.0, 0.0, 0.0, 0.0, 0.0, 0.0, 0.0, 0.0, 0.0, 0.0, 0.0]",1.610504,1.9875919,2.2541459,2.5277731,2.6911645
train__c35__user23__1-2-1,35,Do_lunges,38,0 1 2 3 4 5 6 7 8 9 10 11 12 13 14 15 16 17 18 19 20 21 22 23 24 25 26 27 28 29 30 31 32 33 34 35 36 37 -1 -1 -1 -1 -1 -1 -1 -1 -1 -1,True,38,True,True,0.631578947368421,1.0,2,2,0.37533355,"[0.12421204894781113, 7.470749551430345e-06, 0.8757801651954651, 3.0357409741554875e-07, 2.614629162050325e-13, 1.118816910388914e-21, 4.20465386837696e-23, 8.015144671406643e-32, 2.0126023077003396e-39, 1.5366638959785944e-41, 6.068390822604294e-38, 2.6967988945931105e-41, 1.0220836981941673e-38, 7.715092521273073e-39, 1.3970228224504692e-38, 0.0, 0.0, 0.0, 2.5335476234992693e-41, 2.9151249915646504e-30, 1.3194862623731561e-28, 3.2745881232988354e-23, 1.5983106178451054e-26, 1.0831003443843788e-29, 1.1303165764371345e-31, 1.6470784627600776e-34, 5.740221033709427e-31, 2.292923267990792e-29, 9.888398071000934e-25, 7.933599619792172e-22, 2.5579090046945507e-16, 9.226264026320104e-15, 2.23238029624373e-12, 1.5105040699139871e-12, 1.4365894700575443e-21, 1.4456788594002587e-18, 2.199767673377781e-19, 6.926010003383898e-16, 0.0, 0.0, 0.0, 0.0, 0.0, 0.0, 0.0, 0.0, 0.0, 0.0]",2.00773,2.3391337,2.402311,2.6480334,2.850354
train__c35__user23__1-2-2,35,Do_lunges,6,0 1 2 3 4 5 -1 -1 -1 -1 -1 -1 -1 -1 -1 -1 -1 -1 -1 -1 -1 -1 -1 -1 -1 -1 -1 -1 -1 -1 -1 -1 -1 -1 -1 -1 -1 -1 -1 -1 -1 -1 -1 -1 -1 -1 -1 -1,True,6,True,True,1.0,1.0,5,5,0.5806639,"[0.0, 1.5305800634074326e-36, 1.9122690428762973e-23, 3.214942201346105e-10, 0.267408162355423, 0.7325918078422546, 0.0, 0.0, 0.0, 0.0, 0.0, 0.0, 0.0, 0.0, 0.0, 0.0, 0.0, 0.0, 0.0, 0.0, 0.0, 0.0, 0.0, 0.0, 0.0, 0.0, 0.0, 0.0, 0.0, 0.0, 0.0, 0.0, 0.0, 0.0, 0.0, 0.0, 0.0, 0.0, 0.0, 0.0, 0.0, 0.0, 0.0, 0.0, 0.0, 0.0, 0.0, 0.0]",0.8680731,1.3230441,1.6158361,1.8818156,2.092722
train__c35__user23__1-2-3,35,Do_lunges,23,0 1 2 3 4 5 6 7 8 9 10 11 12 13 14 15 16 17 18 19 20 21 22 -1 -1 -1 -1 -1 -1 -1 -1 -1 -1 -1 -1 -1 -1 -1 -1 -1 -1 -1 -1 -1 -1 -1 -1 -1,True,23,True,True,1.0,1.0,6,6,0.30378014,"[0.0002575970720499754, 0.04540019482374191, 3.229062173204511e-08, 4.346530130091047e-19, 1.9810202089853846e-10, 0.001933373510837555, 0.9335120320320129, 0.014739284291863441, 7.992006345602931e-08, 5.684268024807801e-14, 4.947555619392883e-28, 3.692203377872681e-26, 4.003015770344284e-21, 3.567849055556564e-20, 1.970353427947975e-20, 1.1399983179671835e-09, 4.32694602370276e-10, 0.004157405812293291, 6.295668986133762e-10, 2.770291049510043e-14, 1.1600558542986854e-23, 4.389839652603099e-18, 6.505300855288998e-13, 0.0, 0.0, 0.0, 0.0, 0.0, 0.0, 0.0, 0.0, 0.0, 0.0, 0.0, 0.0, 0.0, 0.0, 0.0, 0.0, 0.0, 0.0, 0.0, 0.0, 0.0, 0.0, 0.0, 0.0, 0.0]",1.5247556,1.9387146,2.0307,2.2201366,2.4385433
train__c35__user23__5-3-2,35,Do_lunges,26,0 1 2 3 4 5 6 7 8 9 10 11 12 13 14 15 16 17 18 19 20 21 22 23 24 25 -1 -1 -1 -1 -1 -1 -1 -1 -1 -1 -1 -1 -1 -1 -1 -1 -1 -1 -1 -1 -1 -1,True,26,True,True,0.9230769230769232,1.0,7,7,2.7022967,"[0.013160799629986286, 0.001753506832756102, 0.08717066049575806, 0.022739823907613754, 0.012171750888228416, 0.04383216053247452, 0.15298926830291748, 0.18744637072086334, 0.01491314172744751, 0.10680371522903442, 0.011257029138505459, 0.02136208675801754, 0.012171750888228416, 0.007268084213137627, 0.010249641723930836, 0.02919851243495941, 0.05898261442780495, 0.016898801550269127, 0.011797266080975533, 0.06477973610162735, 0.008497251197695732, 0.03467409312725067, 0.04593570902943611, 0.014009598642587662, 0.00993429310619831, 2.344766016904032e-06, 0.0, 0.0, 0.0, 0.0, 0.0, 0.0, 0.0, 0.0, 0.0, 0.0, 0.0, 0.0, 0.0, 0.0, 0.0, 0.0, 0.0, 0.0, 0.0, 0.0, 0.0, 0.0]",1.3188081,1.5511364,2.0288162,2.4763677,2.621246
train__c35__user23__5-3-3,35,Do_lunges,25,0 1 2 3 4 5 6 7 8 9 10 11 12 13 14 15 16 17 18 19 20 21 22 23 24 -1 -1 -1 -1 -1 -1 -1 -1 -1 -1 -1 -1 -1 -1 -1 -1 -1 -1 -1 -1 -1 -1 -1,True,25,True,True,0.96,1.0,12,12,0.6432427,"[4.119817485114962e-43, 1.961817850054744e-44, 0.0, 1.401298464324817e-45, 0.0, 9.80908925027372e-45, 2.0020245782164144e-37, 1.6014235080438682e-28, 2.431602793409664e-17, 2.8841176408916924e-12, 6.135066541901324e-06, 0.009789061732590199, 0.814961314201355, 0.004696843679994345, 3.138205695307761e-09, 3.407507449537661e-07, 2.092138607236952e-42, 7.72290889017313e-08, 4.415021279516897e-25, 4.661853744100445e-40, 0.0, 9.307382323597908e-27, 0.1192551851272583, 0.05129101872444153, 1.2696702684448363e-13, 0.0, 0.0, 0.0, 0.0, 0.0, 0.0, 0.0, 0.0, 0.0, 0.0, 0.0, 0.0, 0.0, 0.0, 0.0, 0.0, 0.0, 0.0, 0.0, 0.0, 0.0, 0.0, 0.0]",1.65692,1.9768614,2.1006186,2.3333118,2.486746
train__c36__user17__1-2-1,36,Walk,37,0 1 2 3 4 5 6 7 8 9 10 11 12 13 14 15 16 17 18 19 20 21 22 23 24 25 26 27 28 29 30 31 32 33 34 35 36 -1 -1 -1 -1 -1 -1 -1 -1 -1 -1 -1,True,37,True,True,0.6486486486486487,1.0,0,0,0.6875044,"[0.5544556975364685, 4.956709744874388e-06, 1.3364889639433386e-07, 4.0008546707537545e-15, 2.500278109551779e-11, 2.1530966478167102e-05, 0.4455176591873169, 4.476677162301712e-08, 5.845737847780252e-13, 2.902574959990984e-19, 1.5121812855173782e-17, 1.9586617050482147e-11, 9.850239374165071e-11, 2.171955107085899e-12, 3.222986114104209e-11, 2.4339577478561516e-21, 6.118968818855504e-21, 1.2918935921342615e-25, 4.165305457421235e-33, 8.436894344357943e-28, 1.6523775179686805e-38, 8.717822515585253e-31, 4.982242028724708e-37, 8.744107798372962e-37, 1.401298464324817e-45, 5.620182800610236e-28, 8.391465658839518e-38, 2.0937960030328027e-22, 2.2361939502803935e-13, 3.36503639033658e-23, 6.0513681817619144e-30, 0.0, 9.640933434554741e-43, 4.4125946928492976e-13, 1.9012834337029235e-27, 3.5509606382370397e-16, 1.0572629194185697e-20, 0.0, 0.0, 0.0, 0.0, 0.0, 0.0, 0.0, 0.0, 0.0, 0.0, 0.0]",1.669298,1.9934046,2.081058,2.3317547,2.6972532
train__c36__user17__1-2-2,36,Walk,24,0 1 2 3 4 5 6 7 8 9 10 11 12 13 14 15 16 17 18 19 20 21 22 23 -1 -1 -1 -1 -1 -1 -1 -1 -1 -1 -1 -1 -1 -1 -1 -1 -1 -1 -1 -1 -1 -1 -1 -1,True,24,True,True,1.0,1.0,2,2,0.00029346062,"[5.312481357599985e-12, 3.989620438460406e-07, 0.9999754428863525, 1.4144432043394772e-06, 2.2827958673588e-05, 2.93295491788758e-14, 1.1534157162366007e-25, 2.708493767432321e-24, 2.4594633955700942e-29, 3.0007533133130115e-31, 0.0, 0.0, 0.0, 4.715212387025005e-39, 1.0537764451722624e-42, 8.883571837458298e-35, 1.4814757850413378e-36, 8.843545515800366e-26, 2.1271910726145773e-20, 9.576556648194284e-29, 6.237246637352947e-36, 0.0, 0.0, 0.0, 0.0, 0.0, 0.0, 0.0, 0.0, 0.0, 0.0, 0.0, 0.0, 0.0, 0.0, 0.0, 0.0, 0.0, 0.0, 0.0, 0.0, 0.0, 0.0, 0.0, 0.0, 0.0, 0.0, 0.0]",2.2668054,2.443522,2.4865654,2.6532328,2.8394363
train__c36__user17__1-2-3,36,Walk,27,0 1 2 3 4 5 6 7 8 9 10 11 12 13 14 15 16 17 18 19 20 21 22 23 24 25 26 -1 -1 -1 -1 -1 -1 -1 -1 -1 -1 -1 -1 -1 -1 -1 -1 -1 -1 -1 -1 -1,True,27,True,True,0.8888888888888888,1.0,9,9,0.19427946,"[0.013086634688079357, 1.6198883597343117e-12, 1.1720427314375944e-21, 8.346046877976618e-20, 7.861579598845547e-15, 0.023696832358837128, 0.0017436251509934664, 8.20919504249118e-13, 7.072543791583136e-17, 0.9614729285240173, 1.5601782552723104e-15, 8.419148055478381e-27, 1.1026907767395318e-24, 8.786169443492345e-29, 1.4125088520394156e-40, 7.485736396423173e-42, 0.0, 0.0, 0.0, 1.7898437468427854e-24, 9.74284096583743e-17, 7.885282558301433e-21, 2.6755998700583185e-26, 9.887531830753732e-36, 7.452274189068363e-33, 2.7365634299667714e-19, 7.485736396423173e-42, 0.0, 0.0, 0.0, 0.0, 0.0, 0.0, 0.0, 0.0, 0.0, 0.0, 0.0, 0.0, 0.0, 0.0, 0.0, 0.0, 0.0, 0.0, 0.0, 0.0, 0.0]",1.5479829,1.9177293,2.025426,2.308239,2.611121
train__c36__user17__3-2-1,36,Walk,20,0 1 2 3 4 5 6 7 8 9 10 11 12 13 14 15 16 17 18 19 -1 -1 -1 -1 -1 -1 -1 -1 -1 -1 -1 -1 -1 -1 -1 -1 -1 -1 -1 -1 -1 -1 -1 -1 -1 -1 -1 -1,True,20,True,True,1.0,1.0,6,6,0.69288844,"[9.21746290405423e-10, 3.405711765935848e-07, 4.5077957751098185e-13, 8.134382611935109e-10, 0.48828285932540894, 1.8153197731186264e-22, 0.5117160081863403, 7.337748684221879e-07, 8.807299507751498e-14, 2.2402825410260538e-26, 4.0226556444461236e-30, 5.276576439287476e-31, 3.411945821658616e-34, 2.8895992948363856e-35, 4.5850485752708015e-42, 2.117260665715828e-38, 1.8137006023756107e-41, 2.6134216359657838e-42, 1.3268895158691693e-41, 5.97914402209598e-31, 0.0, 0.0, 0.0, 0.0, 0.0, 0.0, 0.0, 0.0, 0.0, 0.0, 0.0, 0.0, 0.0, 0.0, 0.0, 0.0, 0.0, 0.0, 0.0, 0.0, 0.0, 0.0, 0.0, 0.0, 0.0, 0.0, 0.0, 0.0]",1.5737121,1.9923637,2.1341588,2.4553328,2.6951869
train__c36__user17__3-2-2,36,Walk,14,0 1 2 3 4 5 6 7 8 9 10 11 12 13 -1 -1 -1 -1 -1 -1 -1 -1 -1 -1 -1 -1 -1 -1 -1 -1 -1 -1 -1 -1 -1 -1 -1 -1 -1 -1 -1 -1 -1 -1 -1 -1 -1 -1,True,14,True,True,1.0,1.0,6,6,0.00065378717,"[1.401291338570316e-16, 3.68580762698939e-14, 1.2018279600678472e-11, 2.0474834720832807e-27, 2.838373601804945e-24, 9.651195044969169e-16, 0.99993896484375, 6.108855450293049e-05, 5.23630861076616e-30, 8.240335619462087e-41, 0.0, 0.0, 0.0, 1.219312225180333e-32, 0.0, 0.0, 0.0, 0.0, 0.0, 0.0, 0.0, 0.0, 0.0, 0.0, 0.0, 0.0, 0.0, 0.0, 0.0, 0.0, 0.0, 0.0, 0.0, 0.0, 0.0, 0.0, 0.0, 0.0, 0.0, 0.0, 0.0, 0.0, 0.0, 0.0, 0.0, 0.0, 0.0, 0.0]",1.7426317,2.1387446,2.317147,2.5962431,2.7366464
train__c36__user17__3-2-3,36,Walk,12,0 1 2 3 4 5 6 7 8 9 10 11 -1 -1 -1 -1 -1 -1 -1 -1 -1 -1 -1 -1 -1 -1 -1 -1 -1 -1 -1 -1 -1 -1 -1 -1 -1 -1 -1 -1 -1 -1 -1 -1 -1 -1 -1 -1,True,12,True,True,1.0,1.0,3,3,0.00031158086,"[1.3576030823969631e-06, 2.5363362965435954e-06, 7.615462322974054e-07, 0.9999756813049316, 3.100170598501235e-22, 6.084354481572518e-06, 1.3604601917904802e-05, 4.732844365441628e-14, 6.724803892444046e-29, 0.0, 3.227596739894708e-40, 5.170023584432531e-24, 0.0, 0.0, 0.0, 0.0, 0.0, 0.0, 0.0, 0.0, 0.0, 0.0, 0.0, 0.0, 0.0, 0.0, 0.0, 0.0, 0.0, 0.0, 0.0, 0.0, 0.0, 0.0, 0.0, 0.0, 0.0, 0.0, 0.0, 0.0, 0.0, 0.0, 0.0, 0.0, 0.0, 0.0, 0.0, 0.0]",1.3620132,1.7806721,1.9384089,2.239096,2.3984275
train__c36__user17__3-3-1,36,Walk,21,0 1 2 3 4 5 6 7 8 9 10 11 12 13 14 15 16 17 18 19 20 -1 -1 -1 -1 -1 -1 -1 -1 -1 -1 -1 -1 -1 -1 -1 -1 -1 -1 -1 -1 -1 -1 -1 -1 -1 -1 -1,True,21,True,True,1.0,1.0,0,0,0.009586619,"[0.9987540245056152, 1.091661943064537e-06, 0.0012448419583961368, 2.1992728818642782e-11, 1.424238586077068e-17, 7.839505542348021e-27, 8.795680648522702e-28, 1.3448066523165576e-22, 6.772298764505268e-26, 1.3874953868860495e-22, 3.000669426824047e-23, 2.7395258222342652e-18, 2.2745683640909227e-21, 1.0517496475448044e-20, 1.0429418601324135e-24, 1.4707839247378764e-24, 3.0746192624288526e-30, 7.067528783466966e-28, 2.748640991783485e-35, 3.5537764890443678e-28, 3.1893913070936795e-20, 0.0, 0.0, 0.0, 0.0, 0.0, 0.0, 0.0, 0.0, 0.0, 0.0, 0.0, 0.0, 0.0, 0.0, 0.0, 0.0, 0.0, 0.0, 0.0, 0.0, 0.0, 0.0, 0.0, 0.0, 0.0, 0.0, 0.0]",0.9906743,1.5243425,1.7584522,2.0658898,2.4163916
train__c36__user17__3-3-2,36,Walk,19,0 1 2 3 4 5 6 7 8 9 10 11 12 13 14 15 16 17 18 -1 -1 -1 -1 -1 -1 -1 -1 -1 -1 -1 -1 -1 -1 -1 -1 -1 -1 -1 -1 -1 -1 -1 -1 -1 -1 -1 -1 -1,True,19,True,True,1.0,1.0,0,0,0.18666752,"[0.9543225765228271, 0.04551459476351738, 2.52643928888574e-07, 6.690401271186586e-12, 1.1977185909728405e-09, 0.0001625560107640922, 8.197250170316472e-12, 3.673752968502697e-11, 1.6653724840137718e-12, 4.2705969316436665e-10, 3.238205819979848e-19, 1.8296227679633696e-23, 8.13113216564307e-27, 5.038131623194929e-28, 1.1984637455362252e-31, 1.2826646078243155e-21, 3.717104302361903e-24, 2.956389947845854e-14, 5.514956200047827e-11, 0.0, 0.0, 0.0, 0.0, 0.0, 0.0, 0.0, 0.0, 0.0, 0.0, 0.0, 0.0, 0.0, 0.0, 0.0, 0.0, 0.0, 0.0, 0.0, 0.0, 0.0, 0.0, 0.0, 0.0, 0.0, 0.0, 0.0, 0.0, 0.0]",1.0036981,1.5432688,1.75952,2.0851815,2.3225534
train__c36__user17__3-3-3,36,Walk,9,0 1 2 3 4 5 6 7 8 -1 -1 -1 -1 -1 -1 -1 -1 -1 -1 -1 -1 -1 -1 -1 -1 -1 -1 -1 -1 -1 -1 -1 -1 -1 -1 -1 -1 -1 -1 -1 -1 -1 -1 -1 -1 -1 -1 -1,True,9,True,True,1.0,1.0,0,0,0.006718966,"[0.999170184135437, 2.5738182785062236e-07, 1.993698505643889e-17, 2.5561087738080156e-14, 1.7716225708674926e-10, 4.79705369831811e-23, 8.172356156842294e-26, 4.859460694841694e-28, 0.0008295889711007476, 0.0, 0.0, 0.0, 0.0, 0.0, 0.0, 0.0, 0.0, 0.0, 0.0, 0.0, 0.0, 0.0, 0.0, 0.0, 0.0, 0.0, 0.0, 0.0, 0.0, 0.0, 0.0, 0.0, 0.0, 0.0, 0.0, 0.0, 0.0, 0.0, 0.0, 0.0, 0.0, 0.0, 0.0, 0.0, 0.0, 0.0, 0.0, 0.0]",0.8817148,1.4194177,1.639831,1.8723389,2.0986674
train__c36__user17__4-1-1,36,Walk,21,0 1 2 3 4 5 6 7 8 9 10 11 12 13 14 15 16 17 18 19 20 -1 -1 -1 -1 -1 -1 -1 -1 -1 -1 -1 -1 -1 -1 -1 -1 -1 -1 -1 -1 -1 -1 -1 -1 -1 -1 -1,True,21,True,True,1.0,1.0,0,0,5.027863e-05,"[0.9999963045120239, 3.7266393064783188e-06, 3.3046194903782466e-13, 1.206976370085363e-22, 4.136267741451968e-27, 8.696229147211549e-34, 1.2964813391933208e-40, 2.5783471354037337e-40, 6.063418455133483e-42, 4.148738701256318e-33, 2.8754639626311833e-29, 6.695725143258376e-32, 2.2719642123590727e-37, 1.2059574583979376e-41, 1.2611686178923354e-44, 6.5642575428217245e-34, 5.744425191156425e-38, 7.501095396438947e-30, 1.8173491437588431e-28, 4.48446093819268e-22, 5.1340776248409714e-12, 0.0, 0.0, 0.0, 0.0, 0.0, 0.0, 0.0, 0.0, 0.0, 0.0, 0.0, 0.0, 0.0, 0.0, 0.0, 0.0, 0.0, 0.0, 0.0, 0.0, 0.0, 0.0, 0.0, 0.0, 0.0, 0.0, 0.0]",1.6698585,2.1491091,2.293671,2.5435526,2.719583
train__c36__user17__4-1-2,36,Walk,24,0 1 2 3 4 5 6 7 8 9 10 11 12 13 14 15 16 17 18 19 20 21 22 23 -1 -1 -1 -1 -1 -1 -1 -1 -1 -1 -1 -1 -1 -1 -1 -1 -1 -1 -1 -1 -1 -1 -1 -1,True,24,True,True,1.0,1.0,0,0,0.0061851926,"[0.9992445707321167, 0.000755405577365309, 1.795875774479594e-11, 9.693929931313534e-21, 1.174252911238384e-31, 3.6224024731389996e-34, 7.680178329255341e-37, 7.370442603452998e-38, 0.0, 0.0, 0.0, 2.4480684171754554e-42, 8.43502485344724e-37, 4.193235157279024e-35, 7.691741283663564e-40, 8.339244484630652e-35, 1.4534267671977003e-41, 5.788582340670195e-34, 9.158867104291108e-35, 1.3362095935627566e-29, 5.895633273487009e-29, 1.5127494592395934e-22, 2.0356269144947433e-22, 9.287603304791001e-20, 0.0, 0.0, 0.0, 0.0, 0.0, 0.0, 0.0, 0.0, 0.0, 0.0, 0.0, 0.0, 0.0, 0.0, 0.0, 0.0, 0.0, 0.0, 0.0, 0.0, 0.0, 0.0, 0.0, 0.0]",1.5814044,2.0576618,2.2212696,2.516726,2.740667
train__c36__user17__4-1-3,36,Walk,14,0 1 2 3 4 5 6 7 8 9 10 11 12 13 -1 -1 -1 -1 -1 -1 -1 -1 -1 -1 -1 -1 -1 -1 -1 -1 -1 -1 -1 -1 -1 -1 -1 -1 -1 -1 -1 -1 -1 -1 -1 -1 -1 -1,True,14,True,True,1.0,1.0,13,13,0.20824559,"[0.0002975095412693918, 1.6133662573455039e-18, 1.3456054045444724e-30, 2.769327547138164e-36, 1.216757658026059e-37, 8.280139502341233e-39, 1.347632366024261e-33, 9.607878541458663e-24, 2.1290570139014183e-31, 5.778671909076237e-28, 1.1821420695341448e-21, 1.3033944590290503e-08, 0.05240896716713905, 0.9472935199737549, 0.0, 0.0, 0.0, 0.0, 0.0, 0.0, 0.0, 0.0, 0.0, 0.0, 0.0, 0.0, 0.0, 0.0, 0.0, 0.0, 0.0, 0.0, 0.0, 0.0, 0.0, 0.0, 0.0, 0.0, 0.0, 0.0, 0.0, 0.0, 0.0, 0.0, 0.0, 0.0, 0.0, 0.0]",1.3367171,1.8359287,1.9994351,2.2437663,2.4079444
train__c36__user17__5-2-1,36,Walk,20,0 1 2 3 4 5 6 7 8 9 10 11 12 13 14 15 16 17 18 19 -1 -1 -1 -1 -1 -1 -1 -1 -1 -1 -1 -1 -1 -1 -1 -1 -1 -1 -1 -1 -1 -1 -1 -1 -1 -1 -1 -1,True,20,True,True,1.0,1.0,2,2,0.28596315,"[1.0708819386806567e-09, 1.4276644151323126e-06, 0.935295581817627, 1.254622716828635e-08, 0.001746579771861434, 9.654294030880806e-11, 4.752009341579821e-10, 0.01856553554534912, 1.5133640118847325e-08, 1.122274606579765e-09, 2.343273453635565e-23, 3.176052997218935e-27, 1.833202835764146e-32, 6.229612453002407e-41, 9.245716820870427e-39, 4.2687451720793795e-35, 8.867327362912316e-18, 1.834822848127346e-13, 0.04438985884189606, 1.044501573232992e-06, 0.0, 0.0, 0.0, 0.0, 0.0, 0.0, 0.0, 0.0, 0.0, 0.0, 0.0, 0.0, 0.0, 0.0, 0.0, 0.0, 0.0, 0.0, 0.0, 0.0, 0.0, 0.0, 0.0, 0.0, 0.0, 0.0, 0.0, 0.0]",1.4376718,1.8939447,2.0684147,2.404565,2.5646837
train__c36__user17__5-2-2,36,Walk,15,0 1 2 3 4 5 6 7 8 9 10 11 12 13 14 -1 -1 -1 -1 -1 -1 -1 -1 -1 -1 -1 -1 -1 -1 -1 -1 -1 -1 -1 -1 -1 -1 -1 -1 -1 -1 -1 -1 -1 -1 -1 -1 -1,True,15,True,True,1.0,1.0,3,3,0.66136676,"[3.973752438213296e-10, 8.912092094645195e-16, 0.004355031996965408, 0.6650727391242981, 7.588569133076817e-07, 1.99393175581708e-11, 2.9842485673725605e-05, 0.33052346110343933, 1.817122392822057e-05, 1.174303027373623e-25, 2.1637996094040587e-39, 4.490881318468174e-41, 4.694349855488137e-43, 7.287059880408455e-30, 5.723095271633857e-26, 0.0, 0.0, 0.0, 0.0, 0.0, 0.0, 0.0, 0.0, 0.0, 0.0, 0.0, 0.0, 0.0, 0.0, 0.0, 0.0, 0.0, 0.0, 0.0, 0.0, 0.0, 0.0, 0.0, 0.0, 0.0, 0.0, 0.0, 0.0, 0.0, 0.0, 0.0, 0.0, 0.0]",1.50176,1.9226846,2.0936756,2.4048932,2.5538797
train__c36__user17__5-2-3,36,Walk,13,0 1 2 3 4 5 6 7 8 9 10 11 12 -1 -1 -1 -1 -1 -1 -1 -1 -1 -1 -1 -1 -1 -1 -1 -1 -1 -1 -1 -1 -1 -1 -1 -1 -1 -1 -1 -1 -1 -1 -1 -1 -1 -1 -1,True,13,True,True,1.0,1.0,5,5,3.2686097e-05,"[1.9543960633888746e-12, 7.367010122125633e-20, 2.3366337700281292e-06, 2.3209028015419575e-12, 2.1927715177470775e-13, 0.999997615814209, 8.612907622048442e-20, 9.077937253315817e-21, 0.0, 1.4069036581821163e-42, 1.961817850054744e-44, 8.152204277549374e-35, 1.380883463131255e-10, 0.0, 0.0, 0.0, 0.0, 0.0, 0.0, 0.0, 0.0, 0.0, 0.0, 0.0, 0.0, 0.0, 0.0, 0.0, 0.0, 0.0, 0.0, 0.0, 0.0, 0.0, 0.0, 0.0, 0.0, 0.0, 0.0, 0.0, 0.0, 0.0, 0.0, 0.0, 0.0, 0.0, 0.0, 0.0]",1.3875836,1.8002708,1.9765625,2.2741833,2.4608185
train__c36__user17__6-1-1,36,Walk,27,0 1 2 3 4 5 6 7 8 9 10 11 12 13 14 15 16 17 18 19 20 21 22 23 24 25 26 -1 -1 -1 -1 -1 -1 -1 -1 -1 -1 -1 -1 -1 -1 -1 -1 -1 -1 -1 -1 -1,True,27,True,True,0.8888888888888888,1.0,0,0,0.016528316,"[0.9976581335067749, 0.0023413393646478653, 5.15098804498848e-07, 7.867325457766583e-09, 5.958011861650903e-10, 2.4903479278748364e-10, 8.320826666574632e-13, 1.1869022068346571e-14, 1.4731413332852016e-19, 5.521324373600952e-26, 2.535468727947511e-32, 3.978098454120059e-37, 1.974624797870049e-32, 6.670022018882166e-29, 3.7202396697038606e-28, 1.0361879387565287e-34, 1.4468427002217826e-35, 9.80908925027372e-44, 3.4051552683093055e-43, 2.6848878576463495e-42, 0.0, 1.4950191273068645e-38, 1.6748417897022102e-36, 3.0491652598745197e-26, 1.3356824220295072e-21, 4.495510900521952e-16, 8.748347185560945e-11, 0.0, 0.0, 0.0, 0.0, 0.0, 0.0, 0.0, 0.0, 0.0, 0.0, 0.0, 0.0, 0.0, 0.0, 0.0, 0.0, 0.0, 0.0, 0.0, 0.0, 0.0]",1.6967752,2.181573,2.325454,2.603993,2.9103227
train__c36__user17__6-1-2,36,Walk,14,0 1 2 3 4 5 6 7 8 9 10 11 12 13 -1 -1 -1 -1 -1 -1 -1 -1 -1 -1 -1 -1 -1 -1 -1 -1 -1 -1 -1 -1 -1 -1 -1 -1 -1 -1 -1 -1 -1 -1 -1 -1 -1 -1,True,14,True,True,1.0,1.0,0,0,3.165502e-07,"[1.0, 1.7736233814957814e-08, 3.367798035199423e-17, 8.230894536808067e-23, 3.292771879923768e-24, 1.644317468057351e-31, 1.007266533089668e-30, 5.100726410142334e-43, 9.874894577716172e-33, 4.1449882752029556e-26, 1.0812847864758389e-26, 5.45343457491336e-33, 3.4757840300164623e-28, 1.0702839653242382e-16, 0.0, 0.0, 0.0, 0.0, 0.0, 0.0, 0.0, 0.0, 0.0, 0.0, 0.0, 0.0, 0.0, 0.0, 0.0, 0.0, 0.0, 0.0, 0.0, 0.0, 0.0, 0.0, 0.0, 0.0, 0.0, 0.0, 0.0, 0.0, 0.0, 0.0, 0.0, 0.0, 0.0, 0.0]",1.2693012,1.7407804,1.9079592,2.184643,2.3626404
train__c36__user17__6-1-3,36,Walk,11,0 1 2 3 4 5 6 7 8 9 10 -1 -1 -1 -1 -1 -1 -1 -1 -1 -1 -1 -1 -1 -1 -1 -1 -1 -1 -1 -1 -1 -1 -1 -1 -1 -1 -1 -1 -1 -1 -1 -1 -1 -1 -1 -1 -1,True,11,True,True,1.0,1.0,0,0,4.799584e-08,"[1.0, 2.419164202294155e-09, 3.7865171921460105e-17, 1.3372198040038985e-29, 1.2456819246484362e-33, 2.942726775082116e-44, 1.5549508409380333e-39, 3.2819346770897324e-33, 1.170209769031372e-33, 1.7461475769438975e-21, 3.1618647719477035e-21, 0.0, 0.0, 0.0, 0.0, 0.0, 0.0, 0.0, 0.0, 0.0, 0.0, 0.0, 0.0, 0.0, 0.0, 0.0, 0.0, 0.0, 0.0, 0.0, 0.0, 0.0, 0.0, 0.0, 0.0, 0.0, 0.0, 0.0, 0.0, 0.0, 0.0, 0.0, 0.0, 0.0, 0.0, 0.0, 0.0, 0.0]",1.3039027,1.7956723,1.9633154,2.1846936,2.3602984
train__c36__user23__2-2-1,36,Walk,11,0 1 2 3 4 5 6 7 8 9 10 -1 -1 -1 -1 -1 -1 -1 -1 -1 -1 -1 -1 -1 -1 -1 -1 -1 -1 -1 -1 -1 -1 -1 -1 -1 -1 -1 -1 -1 -1 -1 -1 -1 -1 -1 -1 -1,True,11,True,True,1.0,1.0,0,0,0.0016338697,"[0.9998313188552856, 4.1454749355462894e-11, 8.505961907046e-11, 6.226966795762043e-33, 7.083606412037601e-20, 1.8803812602084252e-34, 6.720738562428898e-19, 2.1506442460239583e-11, 2.9484452579036196e-17, 4.339234914076212e-19, 0.00016865275392774493, 0.0, 0.0, 0.0, 0.0, 0.0, 0.0, 0.0, 0.0, 0.0, 0.0, 0.0, 0.0, 0.0, 0.0, 0.0, 0.0, 0.0, 0.0, 0.0, 0.0, 0.0, 0.0, 0.0, 0.0, 0.0, 0.0, 0.0, 0.0, 0.0, 0.0, 0.0, 0.0, 0.0, 0.0, 0.0, 0.0, 0.0]",1.2576649,1.6947567,1.8351457,2.091104,2.310533
train__c36__user23__2-2-2,36,Walk,11,0 1 2 3 4 5 6 7 8 9 10 -1 -1 -1 -1 -1 -1 -1 -1 -1 -1 -1 -1 -1 -1 -1 -1 -1 -1 -1 -1 -1 -1 -1 -1 -1 -1 -1 -1 -1 -1 -1 -1 -1 -1 -1 -1 -1,True,11,True,True,1.0,1.0,10,10,0.0064025433,"[3.648432684438818e-12, 9.252495950136661e-19, 1.0813900530592946e-07, 7.805547710372893e-33, 1.967619009149431e-27, 1.1057646181987132e-41, 2.0130773339752776e-31, 8.865995767562228e-17, 2.1512699189674323e-18, 0.0007854738505557179, 0.9992144107818604, 0.0, 0.0, 0.0, 0.0, 0.0, 0.0, 0.0, 0.0, 0.0, 0.0, 0.0, 0.0, 0.0, 0.0, 0.0, 0.0, 0.0, 0.0, 0.0, 0.0, 0.0, 0.0, 0.0, 0.0, 0.0, 0.0, 0.0, 0.0, 0.0, 0.0, 0.0, 0.0, 0.0, 0.0, 0.0, 0.0, 0.0]",1.2255201,1.689527,1.8439597,2.0973232,2.3193743
train__c36__user23__2-2-3,36,Walk,11,0 1 2 3 4 5 6 7 8 9 10 -1 -1 -1 -1 -1 -1 -1 -1 -1 -1 -1 -1 -1 -1 -1 -1 -1 -1 -1 -1 -1 -1 -1 -1 -1 -1 -1 -1 -1 -1 -1 -1 -1 -1 -1 -1 -1,True,11,True,True,1.0,1.0,9,9,0.0029461773,"[2.207252009611693e-06, 8.822323000408383e-27, 5.1987789073670854e-11, 0.0, 1.2740156152268867e-11, 0.0, 2.7910959839335775e-17, 1.554406695589497e-13, 4.17733625468486e-11, 0.9996752738952637, 0.00032250650110654533, 0.0, 0.0, 0.0, 0.0, 0.0, 0.0, 0.0, 0.0, 0.0, 0.0, 0.0, 0.0, 0.0, 0.0, 0.0, 0.0, 0.0, 0.0, 0.0, 0.0, 0.0, 0.0, 0.0, 0.0, 0.0, 0.0, 0.0, 0.0, 0.0, 0.0, 0.0, 0.0, 0.0, 0.0, 0.0, 0.0, 0.0]",1.5042562,1.8542258,2.0063338,2.2924364,2.497469
train__c36__user23__2-3-1,36,Walk,28,0 1 2 3 4 5 6 7 8 9 10 11 12 13 14 15 16 17 18 19 20 21 22 23 24 25 26 27 -1 -1 -1 -1 -1 -1 -1 -1 -1 -1 -1 -1 -1 -1 -1 -1 -1 -1 -1 -1,True,28,True,True,0.8571428571428571,1.0,3,3,0.36043912,"[7.349530182780193e-17, 8.338060908386069e-09, 2.329350223817528e-08, 0.902636706829071, 0.010508612729609013, 2.526976457944974e-12, 0.08528044074773788, 2.837764906633057e-20, 7.281366942767445e-14, 0.0015742164105176926, 1.0518422317809161e-35, 7.567011707354012e-44, 0.0, 0.0, 0.0, 0.0, 0.0, 0.0, 3.2497512686156833e-41, 2.226749911625013e-35, 2.941096645870362e-29, 1.4290672837403657e-23, 7.413904113884322e-24, 7.360602703552615e-20, 1.0543575606080766e-19, 9.265630511976495e-22, 3.7968872246133427e-19, 6.4219486208631326e-18, 0.0, 0.0, 0.0, 0.0, 0.0, 0.0, 0.0, 0.0, 0.0, 0.0, 0.0, 0.0, 0.0, 0.0, 0.0, 0.0, 0.0, 0.0, 0.0, 0.0]",2.3339076,2.7641253,2.879595,3.1661153,3.3915641
train__c36__user23__2-3-2,36,Walk,21,0 1 2 3 4 5 6 7 8 9 10 11 12 13 14 15 16 17 18 19 20 -1 -1 -1 -1 -1 -1 -1 -1 -1 -1 -1 -1 -1 -1 -1 -1 -1 -1 -1 -1 -1 -1 -1 -1 -1 -1 -1,True,21,True,True,1.0,1.0,4,4,0.0923274,"[2.5221490838440588e-23, 2.3290981053205286e-20, 1.476896244190229e-10, 0.018546564504504204, 0.9814534187316895, 3.633500429196127e-24, 1.7884716810703345e-23, 2.0909351516283644e-23, 1.5964487520343882e-25, 1.9868126266784798e-25, 4.477351151790672e-25, 5.822012513756745e-19, 2.89951127626087e-31, 1.8964194973532344e-36, 0.0, 2.8230138472748467e-40, 9.521451895427719e-34, 1.0190404199449162e-23, 7.780469164353544e-26, 1.181034449620024e-16, 5.234553589770968e-25, 0.0, 0.0, 0.0, 0.0, 0.0, 0.0, 0.0, 0.0, 0.0, 0.0, 0.0, 0.0, 0.0, 0.0, 0.0, 0.0, 0.0, 0.0, 0.0, 0.0, 0.0, 0.0, 0.0, 0.0, 0.0, 0.0, 0.0]",1.4869578,1.9334346,2.0847614,2.3742917,2.5861144
train__c36__user23__2-3-3,36,Walk,12,0 1 2 3 4 5 6 7 8 9 10 11 -1 -1 -1 -1 -1 -1 -1 -1 -1 -1 -1 -1 -1 -1 -1 -1 -1 -1 -1 -1 -1 -1 -1 -1 -1 -1 -1 -1 -1 -1 -1 -1 -1 -1 -1 -1,True,12,True,True,1.0,1.0,11,11,0.016657595,"[1.4089380815300674e-18, 1.7309335117576125e-13, 0.0013098076451569796, 0.0008204574696719646, 5.339681935205716e-16, 1.365589681529226e-18, 4.020987664982081e-32, 9.10844001811131e-44, 1.1903922206935549e-35, 3.6809711439097604e-22, 3.3656428399808647e-07, 0.9978693723678589, 0.0, 0.0, 0.0, 0.0, 0.0, 0.0, 0.0, 0.0, 0.0, 0.0, 0.0, 0.0, 0.0, 0.0, 0.0, 0.0, 0.0, 0.0, 0.0, 0.0, 0.0, 0.0, 0.0, 0.0, 0.0, 0.0, 0.0, 0.0, 0.0, 0.0, 0.0, 0.0, 0.0, 0.0, 0.0, 0.0]",1.3033652,1.7131362,1.9151645,2.1729846,2.3628128
train__c36__user23__3-2-1,36,Walk,21,0 1 2 3 4 5 6 7 8 9 10 11 12 13 14 15 16 17 18 19 20 -1 -1 -1 -1 -1 -1 -1 -1 -1 -1 -1 -1 -1 -1 -1 -1 -1 -1 -1 -1 -1 -1 -1 -1 -1 -1 -1,True,21,True,True,1.0,1.0,0,0,0.0011172043,"[0.9998940229415894, 9.241987572750077e-05, 1.3630086868943181e-05, 7.120275289512756e-12, 3.105475321341089e-10, 2.547227389834082e-16, 7.073395456741821e-17, 2.8386343275954573e-10, 5.011235315599549e-10, 1.3726739189756643e-10, 3.937580123070106e-11, 7.195608605681842e-20, 1.325468579194842e-22, 4.7261038640468944e-23, 4.2722291485563543e-19, 3.8158106354867184e-17, 2.7009720013307154e-29, 1.4769022930793419e-30, 0.0, 1.1803277094854367e-40, 5.4650640108667866e-43, 0.0, 0.0, 0.0, 0.0, 0.0, 0.0, 0.0, 0.0, 0.0, 0.0, 0.0, 0.0, 0.0, 0.0, 0.0, 0.0, 0.0, 0.0, 0.0, 0.0, 0.0, 0.0, 0.0, 0.0, 0.0, 0.0, 0.0]",1.3119693,1.7294163,1.9056079,2.2395532,2.629289
train__c36__user23__3-2-2,36,Walk,11,0 1 2 3 4 5 6 7 8 9 10 -1 -1 -1 -1 -1 -1 -1 -1 -1 -1 -1 -1 -1 -1 -1 -1 -1 -1 -1 -1 -1 -1 -1 -1 -1 -1 -1 -1 -1 -1 -1 -1 -1 -1 -1 -1 -1,True,11,True,True,1.0,1.0,3,3,0.25645798,"[1.54635283527646e-14, 3.824356554105179e-06, 0.07107339054346085, 0.928922712802887, 1.7250810223118536e-14, 7.726662668994554e-18, 8.369701979479065e-32, 4.661223281218458e-28, 0.0, 1.540027012292974e-42, 3.923635700109488e-44, 0.0, 0.0, 0.0, 0.0, 0.0, 0.0, 0.0, 0.0, 0.0, 0.0, 0.0, 0.0, 0.0, 0.0, 0.0, 0.0, 0.0, 0.0, 0.0, 0.0, 0.0, 0.0, 0.0, 0.0, 0.0, 0.0, 0.0, 0.0, 0.0, 0.0, 0.0, 0.0, 0.0, 0.0, 0.0, 0.0, 0.0]",1.212174,1.6623147,1.8204662,2.1157768,2.289537
train__c36__user23__3-2-3,36,Walk,21,0 1 2 3 4 5 6 7 8 9 10 11 12 13 14 15 16 17 18 19 20 -1 -1 -1 -1 -1 -1 -1 -1 -1 -1 -1 -1 -1 -1 -1 -1 -1 -1 -1 -1 -1 -1 -1 -1 -1 -1 -1,True,21,True,True,1.0,1.0,0,0,0.00034290965,"[0.9999707937240601, 2.7108746508019976e-05, 1.3816713817504933e-06, 7.056886488499003e-07, 6.475320225764886e-14, 1.3303446885770676e-11, 5.764035912659464e-15, 8.830202263924056e-23, 4.371266971358155e-23, 4.5549646558447755e-22, 1.18217377510853e-17, 9.939926553831531e-15, 2.925908225806245e-17, 3.034260701890168e-22, 2.4668673046685793e-35, 7.230980335608921e-40, 0.0, 0.0, 0.0, 0.0, 3.203901231278484e-37, 0.0, 0.0, 0.0, 0.0, 0.0, 0.0, 0.0, 0.0, 0.0, 0.0, 0.0, 0.0, 0.0, 0.0, 0.0, 0.0, 0.0, 0.0, 0.0, 0.0, 0.0, 0.0, 0.0, 0.0, 0.0, 0.0, 0.0]",1.6346004,2.0336516,2.147552,2.4568412,2.8106835
train__c36__user23__4-2-1,36,Walk,7,0 1 2 3 4 5 6 -1 -1 -1 -1 -1 -1 -1 -1 -1 -1 -1 -1 -1 -1 -1 -1 -1 -1 -1 -1 -1 -1 -1 -1 -1 -1 -1 -1 -1 -1 -1 -1 -1 -1 -1 -1 -1 -1 -1 -1 -1,True,7,True,True,1.0,1.0,0,0,2.823829e-09,"[1.0, 1.1065823711387392e-15, 8.618073194367835e-16, 0.0, 3.912599194057913e-20, 1.7190759911348256e-21, 1.2378190139550327e-10, 0.0, 0.0, 0.0, 0.0, 0.0, 0.0, 0.0, 0.0, 0.0, 0.0, 0.0, 0.0, 0.0, 0.0, 0.0, 0.0, 0.0, 0.0, 0.0, 0.0, 0.0, 0.0, 0.0, 0.0, 0.0, 0.0, 0.0, 0.0, 0.0, 0.0, 0.0, 0.0, 0.0, 0.0, 0.0, 0.0, 0.0, 0.0, 0.0, 0.0, 0.0]",1.2901303,1.7408193,1.9362353,2.1821675,2.4189022
train__c36__user23__4-2-2,36,Walk,6,0 1 2 3 4 5 -1 -1 -1 -1 -1 -1 -1 -1 -1 -1 -1 -1 -1 -1 -1 -1 -1 -1 -1 -1 -1 -1 -1 -1 -1 -1 -1 -1 -1 -1 -1 -1 -1 -1 -1 -1 -1 -1 -1 -1 -1 -1,True,6,True,True,1.0,1.0,4,4,0.15844357,"[9.10844001811131e-44, 5.118978514113587e-34, 1.978876767823979e-29, 2.0527461422662546e-19, 0.9629528522491455, 0.03704717382788658, 0.0, 0.0, 0.0, 0.0, 0.0, 0.0, 0.0, 0.0, 0.0, 0.0, 0.0, 0.0, 0.0, 0.0, 0.0, 0.0, 0.0, 0.0, 0.0, 0.0, 0.0, 0.0, 0.0, 0.0, 0.0, 0.0, 0.0, 0.0, 0.0, 0.0, 0.0, 0.0, 0.0, 0.0, 0.0, 0.0, 0.0, 0.0, 0.0, 0.0, 0.0, 0.0]",1.0419511,1.5656102,1.7750543,2.0166163,2.2763975
train__c36__user23__4-2-3,36,Walk,12,0 1 2 3 4 5 6 7 8 9 10 11 -1 -1 -1 -1 -1 -1 -1 -1 -1 -1 -1 -1 -1 -1 -1 -1 -1 -1 -1 -1 -1 -1 -1 -1 -1 -1 -1 -1 -1 -1 -1 -1 -1 -1 -1 -1,True,12,True,True,1.0,1.0,3,3,0.026356915,"[2.112567424868237e-14, 4.766433448821772e-06, 0.0037065185606479645, 0.9960953593254089, 0.0001933927705977112, 6.244737274621647e-15, 1.7341009067605752e-15, 4.941531021637348e-26, 0.0, 1.0663881313511858e-42, 6.511214881266274e-36, 2.0742082479877379e-19, 0.0, 0.0, 0.0, 0.0, 0.0, 0.0, 0.0, 0.0, 0.0, 0.0, 0.0, 0.0, 0.0, 0.0, 0.0, 0.0, 0.0, 0.0, 0.0, 0.0, 0.0, 0.0, 0.0, 0.0, 0.0, 0.0, 0.0, 0.0, 0.0, 0.0, 0.0, 0.0, 0.0, 0.0, 0.0, 0.0]",1.5330635,1.9500993,2.0693944,2.3343234,2.4967396
train__c36__user23__5-3-1,36,Walk,13,0 1 2 3 4 5 6 7 8 9 10 11 12 -1 -1 -1 -1 -1 -1 -1 -1 -1 -1 -1 -1 -1 -1 -1 -1 -1 -1 -1 -1 -1 -1 -1 -1 -1 -1 -1 -1 -1 -1 -1 -1 -1 -1 -1,True,13,True,True,1.0,1.0,1,1,0.82338583,"[0.07548941671848297, 0.7162236571311951, 0.18978039920330048, 0.018499478697776794, 7.0321875682566315e-06, 1.2070530686081327e-10, 5.29550991321379e-22, 2.527132415885067e-32, 0.0, 0.0, 0.0, 0.0, 0.0, 0.0, 0.0, 0.0, 0.0, 0.0, 0.0, 0.0, 0.0, 0.0, 0.0, 0.0, 0.0, 0.0, 0.0, 0.0, 0.0, 0.0, 0.0, 0.0, 0.0, 0.0, 0.0, 0.0, 0.0, 0.0, 0.0, 0.0, 0.0, 0.0, 0.0, 0.0, 0.0, 0.0, 0.0, 0.0]",1.4886838,1.7563156,1.8882284,2.1834283,2.3100107
train__c36__user23__5-3-3,36,Walk,16,0 1 2 3 4 5 6 7 8 9 10 11 12 13 14 15 -1 -1 -1 -1 -1 -1 -1 -1 -1 -1 -1 -1 -1 -1 -1 -1 -1 -1 -1 -1 -1 -1 -1 -1 -1 -1 -1 -1 -1 -1 -1 -1,True,16,True,True,1.0,1.0,1,1,0.097031206,"[0.019379395991563797, 0.9804763793945312, 1.1647067858777671e-11, 0.00014425392146222293, 5.0320139120760456e-21, 7.053678086066384e-09, 7.937868680031189e-16, 2.1609868096230927e-18, 1.0807615883471466e-28, 7.90702094247846e-29, 4.171685894400159e-21, 1.3470555178855338e-31, 9.035493493189555e-25, 5.3807947339963516e-30, 2.4553381788687545e-13, 4.218288045254592e-12, 0.0, 0.0, 0.0, 0.0, 0.0, 0.0, 0.0, 0.0, 0.0, 0.0, 0.0, 0.0, 0.0, 0.0, 0.0, 0.0, 0.0, 0.0, 0.0, 0.0, 0.0, 0.0, 0.0, 0.0, 0.0, 0.0, 0.0, 0.0, 0.0, 0.0, 0.0, 0.0]",1.1559088,1.6322601,1.8266639,2.147811,2.3102517
train__c36__user23__7-3-1,36,Walk,21,0 1 2 3 4 5 6 7 8 9 10 11 12 13 14 15 16 17 18 19 20 -1 -1 -1 -1 -1 -1 -1 -1 -1 -1 -1 -1 -1 -1 -1 -1 -1 -1 -1 -1 -1 -1 -1 -1 -1 -1 -1,True,21,True,True,1.0,1.0,0,0,1.311568e-06,"[1.0, 4.564628142134097e-08, 3.124988978697729e-08, 4.632359152842956e-14, 3.139132557537509e-17, 5.677450670322121e-25, 9.307236550730789e-24, 1.2382039528221779e-21, 1.2863597990617204e-14, 1.654206873203753e-17, 4.679972540487018e-24, 8.464221129239983e-32, 1.0209799677357959e-31, 2.655378838237417e-26, 1.825013526417278e-26, 2.4286930108312553e-35, 4.837308643260398e-38, 9.80908925027372e-45, 8.407790785948902e-45, 0.0, 6.572125926103019e-26, 0.0, 0.0, 0.0, 0.0, 0.0, 0.0, 0.0, 0.0, 0.0, 0.0, 0.0, 0.0, 0.0, 0.0, 0.0, 0.0, 0.0, 0.0, 0.0, 0.0, 0.0, 0.0, 0.0, 0.0, 0.0, 0.0, 0.0]",1.3394468,1.767072,1.904053,2.1987987,2.5009565
train__c36__user23__7-3-2,36,Walk,11,0 1 2 3 4 5 6 7 8 9 10 -1 -1 -1 -1 -1 -1 -1 -1 -1 -1 -1 -1 -1 -1 -1 -1 -1 -1 -1 -1 -1 -1 -1 -1 -1 -1 -1 -1 -1 -1 -1 -1 -1 -1 -1 -1 -1,True,11,True,True,1.0,1.0,10,10,0.668838,"[9.407877948897081e-11, 0.218179851770401, 0.03482580929994583, 4.532969111181728e-09, 0.00020090669568162411, 2.69218493160936e-19, 5.044828597760788e-25, 3.4433999933715064e-32, 9.613741829022809e-23, 2.7378484895868027e-11, 0.7467933297157288, 0.0, 0.0, 0.0, 0.0, 0.0, 0.0, 0.0, 0.0, 0.0, 0.0, 0.0, 0.0, 0.0, 0.0, 0.0, 0.0, 0.0, 0.0, 0.0, 0.0, 0.0, 0.0, 0.0, 0.0, 0.0, 0.0, 0.0, 0.0, 0.0, 0.0, 0.0, 0.0, 0.0, 0.0, 0.0, 0.0, 0.0]",1.0422999,1.4483914,1.6733637,1.9511443,2.172704
train__c36__user23__7-3-3,36,Walk,9,0 1 2 3 4 5 6 7 8 -1 -1 -1 -1 -1 -1 -1 -1 -1 -1 -1 -1 -1 -1 -1 -1 -1 -1 -1 -1 -1 -1 -1 -1 -1 -1 -1 -1 -1 -1 -1 -1 -1 -1 -1 -1 -1 -1 -1,True,9,True,True,1.0,1.0,8,8,0.044256322,"[0.007259945385158062, 1.328911647391351e-08, 3.1347238833959483e-16, 2.4730852487551138e-21, 1.75368005000728e-21, 1.1190557813733903e-08, 3.2990046106148516e-14, 0.00012688137940131128, 0.9926131963729858, 0.0, 0.0, 0.0, 0.0, 0.0, 0.0, 0.0, 0.0, 0.0, 0.0, 0.0, 0.0, 0.0, 0.0, 0.0, 0.0, 0.0, 0.0, 0.0, 0.0, 0.0, 0.0, 0.0, 0.0, 0.0, 0.0, 0.0, 0.0, 0.0, 0.0, 0.0, 0.0, 0.0, 0.0, 0.0, 0.0, 0.0, 0.0, 0.0]",0.9653218,1.4311118,1.6723521,1.9394059,2.1661327
train__c36__user24__1-2-1,36,Walk,15,0 1 2 3 4 5 6 7 8 9 10 11 12 13 14 -1 -1 -1 -1 -1 -1 -1 -1 -1 -1 -1 -1 -1 -1 -1 -1 -1 -1 -1 -1 -1 -1 -1 -1 -1 -1 -1 -1 -1 -1 -1 -1 -1,True,15,True,True,1.0,1.0,7,7,0.0005677348,"[5.225227141636424e-05, 5.5156448297566385e-09, 1.2824259876254018e-08, 1.2862926293490031e-14, 4.2660324697540205e-16, 1.969626501827082e-12, 3.210490484573114e-10, 0.9999477863311768, 8.141865977465547e-17, 1.7581534237373977e-14, 2.577424197251382e-29, 4.614116382929707e-27, 9.203933422526349e-33, 4.660091951450526e-26, 1.4453542944074082e-18, 0.0, 0.0, 0.0, 0.0, 0.0, 0.0, 0.0, 0.0, 0.0, 0.0, 0.0, 0.0, 0.0, 0.0, 0.0, 0.0, 0.0, 0.0, 0.0, 0.0, 0.0, 0.0, 0.0, 0.0, 0.0, 0.0, 0.0, 0.0, 0.0, 0.0, 0.0, 0.0, 0.0]",1.5421609,2.0056214,2.1207905,2.3440092,2.4696488
train__c36__user24__1-2-2,36,Walk,13,0 1 2 3 4 5 6 7 8 9 10 11 12 -1 -1 -1 -1 -1 -1 -1 -1 -1 -1 -1 -1 -1 -1 -1 -1 -1 -1 -1 -1 -1 -1 -1 -1 -1 -1 -1 -1 -1 -1 -1 -1 -1 -1 -1,True,13,True,True,1.0,1.0,11,11,0.00017119669,"[4.665838803739073e-18, 1.906821594818641e-20, 1.2171566700999542e-18, 1.1663128846478463e-16, 1.1950560349415313e-23, 3.771748350093616e-30, 2.955338461261039e-42, 1.0731886888504927e-37, 7.598601539609771e-35, 1.3367851846485982e-18, 3.753586885757443e-10, 0.999985933303833, 1.4064044080441818e-05, 0.0, 0.0, 0.0, 0.0, 0.0, 0.0, 0.0, 0.0, 0.0, 0.0, 0.0, 0.0, 0.0, 0.0, 0.0, 0.0, 0.0, 0.0, 0.0, 0.0, 0.0, 0.0, 0.0, 0.0, 0.0, 0.0, 0.0, 0.0, 0.0, 0.0, 0.0, 0.0, 0.0, 0.0, 0.0]",1.4647913,1.9551172,2.0871964,2.2695825,2.4331489
train__c36__user24__1-2-3,36,Walk,15,0 1 2 3 4 5 6 7 8 9 10 11 12 13 14 -1 -1 -1 -1 -1 -1 -1 -1 -1 -1 -1 -1 -1 -1 -1 -1 -1 -1 -1 -1 -1 -1 -1 -1 -1 -1 -1 -1 -1 -1 -1 -1 -1,True,15,True,True,1.0,1.0,0,0,5.2029403e-08,"[1.0, 1.450202735675532e-09, 2.21796212513249e-15, 1.1638798486813073e-17, 7.211516710577915e-19, 8.587037737773848e-14, 2.2918153496657047e-18, 1.4200318143153224e-19, 8.315494057490895e-33, 2.260385711313421e-32, 1.0499228743953692e-40, 2.4061680227769056e-32, 2.753713536434031e-31, 2.600070159175516e-10, 8.008779750490191e-10, 0.0, 0.0, 0.0, 0.0, 0.0, 0.0, 0.0, 0.0, 0.0, 0.0, 0.0, 0.0, 0.0, 0.0, 0.0, 0.0, 0.0, 0.0, 0.0, 0.0, 0.0, 0.0, 0.0, 0.0, 0.0, 0.0, 0.0, 0.0, 0.0, 0.0, 0.0, 0.0, 0.0]",1.4837377,1.9619503,2.0911748,2.3473015,2.4782608
train__c36__user24__3-2-1,36,Walk,34,0 1 2 3 4 5 6 7 8 9 10 11 12 13 14 15 16 17 18 19 20 21 22 23 24 25 26 27 28 29 30 31 32 33 -1 -1 -1 -1 -1 -1 -1 -1 -1 -1 -1 -1 -1 -1,True,34,True,True,0.7058823529411765,1.0,8,8,0.016343288,"[6.725664540270862e-14, 1.7182277822769265e-10, 0.00021953240502625704, 8.530110790161416e-05, 2.5260483198508155e-06, 1.9596188849391183e-06, 5.209684073026466e-11, 0.001823818194679916, 0.997866690158844, 1.8586794681141328e-07, 6.766197845065047e-13, 2.5207745940598183e-20, 8.491888473102842e-22, 5.514171806285978e-23, 1.4178487680463286e-15, 2.4395435618540507e-17, 1.13108290095143e-11, 4.445392553955978e-14, 1.302273291790958e-22, 1.9661387763720297e-23, 2.2467419678949605e-19, 2.08167431333455e-33, 1.6918839107890446e-35, 6.711799254576576e-41, 2.51476098671784e-36, 0.0, 8.703871138476093e-40, 1.1399824209316137e-37, 1.2611686178923354e-44, 1.5893778474423086e-35, 1.114239891213915e-33, 7.4001258107654615e-28, 2.6457285622679995e-23, 1.1362021223676976e-20, 0.0, 0.0, 0.0, 0.0, 0.0, 0.0, 0.0, 0.0, 0.0, 0.0, 0.0, 0.0, 0.0, 0.0]",1.6575844,2.0499353,2.163853,2.4260197,2.7692177
train__c36__user24__3-2-2,36,Walk,15,0 1 2 3 4 5 6 7 8 9 10 11 12 13 14 -1 -1 -1 -1 -1 -1 -1 -1 -1 -1 -1 -1 -1 -1 -1 -1 -1 -1 -1 -1 -1 -1 -1 -1 -1 -1 -1 -1 -1 -1 -1 -1 -1,True,15,True,True,1.0,1.0,1,1,0.011245752,"[0.0014982570428401232, 0.9985014200210571, 2.960463518775214e-07, 1.8255459061197916e-14, 3.880964993818736e-12, 4.9001442779908304e-20, 6.928990818204405e-15, 9.789206999297586e-29, 1.873936015499317e-35, 2.569000474646687e-41, 1.855447951700123e-36, 1.5274153261140506e-43, 1.3452465257518244e-43, 5.247678909012907e-32, 4.330876346377753e-23, 0.0, 0.0, 0.0, 0.0, 0.0, 0.0, 0.0, 0.0, 0.0, 0.0, 0.0, 0.0, 0.0, 0.0, 0.0, 0.0, 0.0, 0.0, 0.0, 0.0, 0.0, 0.0, 0.0, 0.0, 0.0, 0.0, 0.0, 0.0, 0.0, 0.0, 0.0, 0.0, 0.0]",1.3049666,1.7466387,1.8700473,2.1786857,2.344161
train__c36__user24__3-2-3,36,Walk,15,0 1 2 3 4 5 6 7 8 9 10 11 12 13 14 -1 -1 -1 -1 -1 -1 -1 -1 -1 -1 -1 -1 -1 -1 -1 -1 -1 -1 -1 -1 -1 -1 -1 -1 -1 -1 -1 -1 -1 -1 -1 -1 -1,True,15,True,True,1.0,1.0,1,1,0.73098594,"[0.4535338878631592, 0.53858482837677, 3.2121982851407438e-09, 3.0312387166717566e-18, 3.681703900082489e-11, 7.95026711131186e-09, 0.007682499475777149, 3.3805397947617166e-07, 9.350938359407427e-21, 2.3878457002702664e-20, 1.5617656195197314e-25, 8.334400433445813e-20, 1.9407253067659728e-22, 9.699997749468281e-11, 0.00019843275367747992, 0.0, 0.0, 0.0, 0.0, 0.0, 0.0, 0.0, 0.0, 0.0, 0.0, 0.0, 0.0, 0.0, 0.0, 0.0, 0.0, 0.0, 0.0, 0.0, 0.0, 0.0, 0.0, 0.0, 0.0, 0.0, 0.0, 0.0, 0.0, 0.0, 0.0, 0.0, 0.0, 0.0]",1.3416973,1.8072156,1.9448812,2.182184,2.3289175
train__c36__user24__4-2-1,36,Walk,24,0 1 2 3 4 5 6 7 8 9 10 11 12 13 14 15 16 17 18 19 20 21 22 23 -1 -1 -1 -1 -1 -1 -1 -1 -1 -1 -1 -1 -1 -1 -1 -1 -1 -1 -1 -1 -1 -1 -1 -1,True,24,True,True,1.0,1.0,4,4,1.452478e-07,"[1.6812602471241028e-13, 7.884076132180131e-17, 4.294878242947215e-17, 2.0055824211673683e-22, 1.0, 7.778712785011521e-09, 1.3631700748399318e-18, 4.568832088443827e-28, 6.166572651081679e-34, 1.5951751133564771e-38, 5.633219826585765e-43, 0.0, 2.802596928649634e-45, 3.0144031915323302e-40, 0.0, 1.8103374860612312e-41, 0.0, 1.905164754440556e-39, 0.0, 2.8038580972675265e-41, 3.410634681616447e-37, 8.033644095974176e-42, 2.3139892822684743e-32, 0.0, 0.0, 0.0, 0.0, 0.0, 0.0, 0.0, 0.0, 0.0, 0.0, 0.0, 0.0, 0.0, 0.0, 0.0, 0.0, 0.0, 0.0, 0.0, 0.0, 0.0, 0.0, 0.0, 0.0, 0.0]",1.6956084,2.1018589,2.223939,2.5208468,2.7696145
train__c36__user24__4-2-2,36,Walk,19,0 1 2 3 4 5 6 7 8 9 10 11 12 13 14 15 16 17 18 -1 -1 -1 -1 -1 -1 -1 -1 -1 -1 -1 -1 -1 -1 -1 -1 -1 -1 -1 -1 -1 -1 -1 -1 -1 -1 -1 -1 -1,True,19,True,True,1.0,1.0,1,1,2.2285162e-11,"[1.7608939816328823e-17, 1.0, 1.1482469953718921e-16, 8.02084418848048e-13, 4.059914729716065e-21, 2.4765638098027764e-22, 6.324127483201324e-22, 3.188566856177148e-17, 4.2419642932555856e-15, 3.6131196216757045e-17, 1.3562349364568339e-26, 1.44370451155508e-26, 2.831771962676877e-40, 1.3054634347339307e-33, 1.3956932704675178e-42, 0.0, 0.0, 0.0, 0.0, 0.0, 0.0, 0.0, 0.0, 0.0, 0.0, 0.0, 0.0, 0.0, 0.0, 0.0, 0.0, 0.0, 0.0, 0.0, 0.0, 0.0, 0.0, 0.0, 0.0, 0.0, 0.0, 0.0, 0.0, 0.0, 0.0, 0.0, 0.0, 0.0]",1.8246019,2.1599722,2.2472165,2.4916172,2.6823387
train__c36__user24__4-2-3,36,Walk,17,0 1 2 3 4 5 6 7 8 9 10 11 12 13 14 15 16 -1 -1 -1 -1 -1 -1 -1 -1 -1 -1 -1 -1 -1 -1 -1 -1 -1 -1 -1 -1 -1 -1 -1 -1 -1 -1 -1 -1 -1 -1 -1,True,17,True,True,1.0,1.0,0,0,0.7425945,"[0.7469719648361206, 0.1361832469701767, 0.11655481159687042, 4.852996426052414e-05, 0.00016481730563100427, 7.598260909347232e-11, 9.910000597912472e-11, 1.5399976576563386e-27, 9.942971560868761e-28, 1.177573947265686e-32, 5.072311574926794e-36, 0.0, 0.0, 0.0, 0.0, 2.0109355227229375e-19, 7.664716395083815e-05, 0.0, 0.0, 0.0, 0.0, 0.0, 0.0, 0.0, 0.0, 0.0, 0.0, 0.0, 0.0, 0.0, 0.0, 0.0, 0.0, 0.0, 0.0, 0.0, 0.0, 0.0, 0.0, 0.0, 0.0, 0.0, 0.0, 0.0, 0.0, 0.0, 0.0, 0.0]",1.8057902,2.1797466,2.2850451,2.588498,2.7249997
train__c36__user24__5-1-1,36,Walk,29,0 1 2 3 4 5 6 7 8 9 10 11 12 13 14 15 16 17 18 19 20 21 22 23 24 25 26 27 28 -1 -1 -1 -1 -1 -1 -1 -1 -1 -1 -1 -1 -1 -1 -1 -1 -1 -1 -1,True,29,True,True,0.8275862068965517,1.0,3,3,0.09354839,"[0.012288745492696762, 0.0031560107599943876, 6.304884565822011e-12, 0.9838724732398987, 0.0005462942644953728, 0.00013651562039740384, 2.2399800070349585e-10, 1.6226362267723893e-11, 2.7321833451570255e-27, 2.1522659837680083e-29, 5.661936364766269e-26, 4.1473111241831635e-18, 2.396669136344202e-15, 4.008825216228473e-10, 6.454400815897321e-12, 2.2386428580561772e-14, 6.270935791430847e-22, 1.0699384398386737e-27, 1.2263241559529738e-29, 7.851437173119072e-34, 2.0049349197060018e-33, 7.953579506916514e-39, 1.7746828479349505e-39, 5.1197804216660386e-33, 6.29931859060459e-31, 1.937408101669795e-27, 2.855584345414427e-32, 1.3618995641931416e-20, 2.7743457750527257e-16, 0.0, 0.0, 0.0, 0.0, 0.0, 0.0, 0.0, 0.0, 0.0, 0.0, 0.0, 0.0, 0.0, 0.0, 0.0, 0.0, 0.0, 0.0, 0.0]",1.526831,1.9398543,2.0666785,2.3419821,2.6876242
train__c36__user24__5-1-2,36,Walk,27,0 1 2 3 4 5 6 7 8 9 10 11 12 13 14 15 16 17 18 19 20 21 22 23 24 25 26 -1 -1 -1 -1 -1 -1 -1 -1 -1 -1 -1 -1 -1 -1 -1 -1 -1 -1 -1 -1 -1,True,27,True,True,0.8888888888888888,1.0,3,3,0.77932805,"[0.3384942412376404, 0.016591358929872513, 0.012523815035820007, 0.6323904991149902, 7.816074543143259e-08, 4.601755435040822e-11, 7.464927622173514e-15, 1.293712659075566e-20, 1.796701032534107e-31, 1.2702219806941266e-25, 5.415721559398128e-19, 9.750767010466913e-18, 9.599594790439172e-18, 3.0811434908283974e-16, 1.6447713018276604e-21, 8.5458140027304e-25, 7.404715392100902e-30, 6.299481194433642e-40, 2.6402327223988684e-30, 1.1485925013881471e-32, 3.5677919627321598e-28, 3.8739581630307664e-26, 5.749463218561805e-24, 1.0292714788799769e-21, 9.907400718131523e-29, 7.637391165938724e-19, 2.2583106581556884e-30, 0.0, 0.0, 0.0, 0.0, 0.0, 0.0, 0.0, 0.0, 0.0, 0.0, 0.0, 0.0, 0.0, 0.0, 0.0, 0.0, 0.0, 0.0, 0.0, 0.0, 0.0]",1.5113991,1.9091572,2.032646,2.2862015,2.6127017
train__c36__user24__5-1-3,36,Walk,20,0 1 2 3 4 5 6 7 8 9 10 11 12 13 14 15 16 17 18 19 -1 -1 -1 -1 -1 -1 -1 -1 -1 -1 -1 -1 -1 -1 -1 -1 -1 -1 -1 -1 -1 -1 -1 -1 -1 -1 -1 -1,True,20,True,True,1.0,1.0,1,1,0.1370858,"[0.030675794929265976, 0.9693240523338318, 1.3575605350979458e-07, 2.723478926647087e-14, 6.760998864558532e-20, 1.1933871214415344e-20, 2.445748788250802e-28, 7.949671783522724e-21, 8.007239434251451e-25, 1.3620772156689974e-24, 9.087059404633908e-28, 2.5894672794972297e-38, 3.001581310583758e-42, 0.0, 0.0, 0.0, 5.374273883363182e-40, 6.062405227360203e-31, 1.0762057796697014e-32, 2.242307916304571e-21, 0.0, 0.0, 0.0, 0.0, 0.0, 0.0, 0.0, 0.0, 0.0, 0.0, 0.0, 0.0, 0.0, 0.0, 0.0, 0.0, 0.0, 0.0, 0.0, 0.0, 0.0, 0.0, 0.0, 0.0, 0.0, 0.0, 0.0, 0.0]",1.51418,1.9177792,2.0245903,2.3138056,2.5084736
train__c36__user24__5-3-1,36,Walk,26,0 1 2 3 4 5 6 7 8 9 10 11 12 13 14 15 16 17 18 19 20 21 22 23 24 25 -1 -1 -1 -1 -1 -1 -1 -1 -1 -1 -1 -1 -1 -1 -1 -1 -1 -1 -1 -1 -1 -1,True,26,True,True,0.9230769230769232,1.0,4,4,0.005435886,"[0.0002033462660619989, 4.1387402922661953e-19, 6.861594670226623e-08, 2.8893062074838093e-19, 0.9993999004364014, 0.00039658049354329705, 3.103477544397215e-11, 8.253117698801826e-14, 7.072099015224997e-28, 3.956393295315236e-33, 9.777438514094441e-30, 3.9326428142758385e-21, 5.158505095033819e-22, 3.94921382688469e-19, 1.2933519371030306e-26, 3.742437793798122e-26, 9.54227481754213e-23, 7.367004472482049e-16, 3.699941055647009e-24, 7.778881826736001e-31, 2.3561014792215105e-38, 6.076465104355733e-37, 9.724787134659939e-40, 4.315354672826847e-40, 2.8291956022031566e-29, 3.632759176990242e-29, 0.0, 0.0, 0.0, 0.0, 0.0, 0.0, 0.0, 0.0, 0.0, 0.0, 0.0, 0.0, 0.0, 0.0, 0.0, 0.0, 0.0, 0.0, 0.0, 0.0, 0.0, 0.0]",1.6843128,2.0963264,2.218961,2.4669116,2.7489107
train__c36__user24__5-3-2,36,Walk,24,0 1 2 3 4 5 6 7 8 9 10 11 12 13 14 15 16 17 18 19 20 21 22 23 -1 -1 -1 -1 -1 -1 -1 -1 -1 -1 -1 -1 -1 -1 -1 -1 -1 -1 -1 -1 -1 -1 -1 -1,True,24,True,True,1.0,1.0,0,0,7.4788266e-05,"[0.9999946355819702, 1.4144703754936927e-06, 3.412569071770122e-07, 3.473604010650888e-06, 1.0087534008107468e-07, 7.862253209589554e-11, 2.5406161851066506e-21, 3.1353693295174684e-25, 2.5521148446747878e-30, 1.5234635120847186e-19, 5.37848465087499e-21, 7.095435917736806e-23, 1.231530284075421e-31, 2.189521451651635e-36, 1.8124466177328983e-33, 2.373836785341508e-31, 1.9485639411755251e-32, 1.3566496200312369e-37, 5.260300674065787e-39, 1.4157920943413287e-39, 1.6339703232159667e-34, 5.901904794135405e-40, 4.1662129390600695e-31, 0.0, 0.0, 0.0, 0.0, 0.0, 0.0, 0.0, 0.0, 0.0, 0.0, 0.0, 0.0, 0.0, 0.0, 0.0, 0.0, 0.0, 0.0, 0.0, 0.0, 0.0, 0.0, 0.0, 0.0, 0.0]",1.5787581,1.9777079,2.102912,2.372787,2.6806073
train__c36__user24__5-3-3,36,Walk,19,0 1 2 3 4 5 6 7 8 9 10 11 12 13 14 15 16 17 18 -1 -1 -1 -1 -1 -1 -1 -1 -1 -1 -1 -1 -1 -1 -1 -1 -1 -1 -1 -1 -1 -1 -1 -1 -1 -1 -1 -1 -1,True,19,True,True,1.0,1.0,0,0,7.789496e-05,"[0.9999940395355225, 5.978447006782517e-06, 1.4291057226500925e-09, 1.9281385515990124e-11, 4.612894314539229e-16, 2.2938552099449616e-12, 3.5678074062251234e-23, 7.704318220053419e-21, 1.397173321797918e-23, 6.956116790709056e-25, 8.76964902707798e-30, 4.2445787868217465e-37, 8.407790785948902e-45, 0.0, 9.470934631095483e-38, 0.0, 4.701126271910758e-33, 0.0, 3.9849329924442154e-15, 0.0, 0.0, 0.0, 0.0, 0.0, 0.0, 0.0, 0.0, 0.0, 0.0, 0.0, 0.0, 0.0, 0.0, 0.0, 0.0, 0.0, 0.0, 0.0, 0.0, 0.0, 0.0, 0.0, 0.0, 0.0, 0.0, 0.0, 0.0, 0.0]",1.5883843,1.9544117,2.0605893,2.3408542,2.496517
train__c36__user24__6-2-1,36,Walk,18,0 1 2 3 4 5 6 7 8 9 10 11 12 13 14 15 16 17 -1 -1 -1 -1 -1 -1 -1 -1 -1 -1 -1 -1 -1 -1 -1 -1 -1 -1 -1 -1 -1 -1 -1 -1 -1 -1 -1 -1 -1 -1,True,18,True,True,1.0,1.0,5,5,0.009881392,"[3.6742045734596704e-42, 1.6426696558048838e-16, 3.2964776085080676e-34, 1.401298464324817e-45, 3.496358203847194e-06, 0.9987121820449829, 0.0012843036092817783, 9.51840473106813e-09, 3.618220740381206e-12, 4.373702274596035e-37, 8.73207964245596e-24, 1.2247899921209663e-33, 1.567933945575156e-27, 2.2882090381160106e-33, 3.1806600527575026e-25, 5.075034776019297e-22, 2.6775512755876536e-14, 1.277388297134946e-13, 0.0, 0.0, 0.0, 0.0, 0.0, 0.0, 0.0, 0.0, 0.0, 0.0, 0.0, 0.0, 0.0, 0.0, 0.0, 0.0, 0.0, 0.0, 0.0, 0.0, 0.0, 0.0, 0.0, 0.0, 0.0, 0.0, 0.0, 0.0, 0.0, 0.0]",2.2867217,2.4716508,2.4582496,2.574272,2.6743789
train__c36__user24__6-2-2,36,Walk,6,0 1 2 3 4 5 -1 -1 -1 -1 -1 -1 -1 -1 -1 -1 -1 -1 -1 -1 -1 -1 -1 -1 -1 -1 -1 -1 -1 -1 -1 -1 -1 -1 -1 -1 -1 -1 -1 -1 -1 -1 -1 -1 -1 -1 -1 -1,True,6,True,True,1.0,1.0,4,4,0.019260317,"[0.0, 6.83125512819355e-36, 8.463328888402624e-27, 1.4418295477355524e-29, 0.9971990585327148, 0.0028009270317852497, 0.0, 0.0, 0.0, 0.0, 0.0, 0.0, 0.0, 0.0, 0.0, 0.0, 0.0, 0.0, 0.0, 0.0, 0.0, 0.0, 0.0, 0.0, 0.0, 0.0, 0.0, 0.0, 0.0, 0.0, 0.0, 0.0, 0.0, 0.0, 0.0, 0.0, 0.0, 0.0, 0.0, 0.0, 0.0, 0.0, 0.0, 0.0, 0.0, 0.0, 0.0, 0.0]",1.6542739,1.9639813,2.1440158,2.3746417,2.5907352
train__c36__user24__6-2-3,36,Walk,6,0 1 2 3 4 5 -1 -1 -1 -1 -1 -1 -1 -1 -1 -1 -1 -1 -1 -1 -1 -1 -1 -1 -1 -1 -1 -1 -1 -1 -1 -1 -1 -1 -1 -1 -1 -1 -1 -1 -1 -1 -1 -1 -1 -1 -1 -1,True,6,True,True,1.0,1.0,5,5,0.032639388,"[1.0818024144587588e-42, 0.0, 3.332287748164415e-42, 0.0, 0.005220125894993544, 0.9947799444198608, 0.0, 0.0, 0.0, 0.0, 0.0, 0.0, 0.0, 0.0, 0.0, 0.0, 0.0, 0.0, 0.0, 0.0, 0.0, 0.0, 0.0, 0.0, 0.0, 0.0, 0.0, 0.0, 0.0, 0.0, 0.0, 0.0, 0.0, 0.0, 0.0, 0.0, 0.0, 0.0, 0.0, 0.0, 0.0, 0.0, 0.0, 0.0, 0.0, 0.0, 0.0, 0.0]",1.6627386,1.9519163,2.1600091,2.3950965,2.6000803
train__c36__user24__7-2-1,36,Walk,27,0 1 2 3 4 5 6 7 8 9 10 11 12 13 14 15 16 17 18 19 20 21 22 23 24 25 26 -1 -1 -1 -1 -1 -1 -1 -1 -1 -1 -1 -1 -1 -1 -1 -1 -1 -1 -1 -1 -1,True,27,True,True,0.8888888888888888,1.0,0,0,0.06510675,"[0.9884908199310303, 3.768001988646574e-05, 5.021532148430374e-11, 0.010981141589581966, 2.038039923490942e-07, 0.0004900755593553185, 5.5034917595397914e-12, 5.87961008547723e-14, 1.113092038906626e-29, 6.944613127951058e-24, 2.3528714811285583e-26, 1.9065515999163089e-22, 3.8018799213545903e-17, 7.466163308955955e-23, 1.1581238599860893e-25, 1.7707019164396512e-20, 4.2476929682599855e-20, 1.1930893889275972e-22, 1.2243340105154427e-32, 1.0440803651449462e-26, 1.1984894888625082e-31, 6.298569789912445e-37, 3.783505853677006e-44, 1.3072264958177635e-38, 4.74725827220229e-34, 5.478830737160015e-29, 9.291790654206561e-23, 0.0, 0.0, 0.0, 0.0, 0.0, 0.0, 0.0, 0.0, 0.0, 0.0, 0.0, 0.0, 0.0, 0.0, 0.0, 0.0, 0.0, 0.0, 0.0, 0.0, 0.0]",1.7084993,2.13632,2.2572694,2.4937074,2.799737
train__c36__user24__7-2-2,36,Walk,18,0 1 2 3 4 5 6 7 8 9 10 11 12 13 14 15 16 17 -1 -1 -1 -1 -1 -1 -1 -1 -1 -1 -1 -1 -1 -1 -1 -1 -1 -1 -1 -1 -1 -1 -1 -1 -1 -1 -1 -1 -1 -1,True,18,True,True,1.0,1.0,2,2,0.32103378,"[0.0898427739739418, 0.00277735386043787, 0.9073798656463623, 4.458286604475115e-12, 3.1595112438061613e-16, 5.3134813850263043e-14, 1.0720716132310605e-21, 3.259804974019195e-16, 1.3902834914310745e-20, 4.811929642838315e-24, 2.9905095853422058e-31, 1.6755227647039335e-39, 0.0, 0.0, 1.401298464324817e-45, 8.127531093083939e-44, 5.28487108261049e-24, 3.7018101532068693e-41, 0.0, 0.0, 0.0, 0.0, 0.0, 0.0, 0.0, 0.0, 0.0, 0.0, 0.0, 0.0, 0.0, 0.0, 0.0, 0.0, 0.0, 0.0, 0.0, 0.0, 0.0, 0.0, 0.0, 0.0, 0.0, 0.0, 0.0, 0.0, 0.0, 0.0]",1.579726,2.025412,2.1364396,2.4264748,2.5456066
train__c36__user24__7-2-3,36,Walk,22,0 1 2 3 4 5 6 7 8 9 10 11 12 13 14 15 16 17 18 19 20 21 -1 -1 -1 -1 -1 -1 -1 -1 -1 -1 -1 -1 -1 -1 -1 -1 -1 -1 -1 -1 -1 -1 -1 -1 -1 -1,True,22,True,True,1.0,1.0,1,1,1.0392111e-05,"[6.786734161323693e-07, 0.9999992847442627, 2.9330250522156126e-14, 1.869383758901222e-09, 1.4402234874551857e-16, 2.2233201518561763e-25, 4.73372163989401e-26, 2.2651414088085427e-31, 6.148031087153196e-28, 2.2454736340498848e-24, 1.587986565655777e-29, 3.3657849877811985e-21, 3.026166921518015e-27, 8.769694918377436e-30, 1.324507308479817e-41, 8.550723229310034e-42, 1.98223991200584e-35, 3.382033843647946e-41, 5.465064010866787e-44, 0.0, 3.4157771106688876e-40, 0.0, 0.0, 0.0, 0.0, 0.0, 0.0, 0.0, 0.0, 0.0, 0.0, 0.0, 0.0, 0.0, 0.0, 0.0, 0.0, 0.0, 0.0, 0.0, 0.0, 0.0, 0.0, 0.0, 0.0, 0.0, 0.0, 0.0]",1.8243157,2.1654453,2.2568192,2.4824584,2.761371
train__c36__user4__1-2-1,36,Walk,28,0 1 2 3 4 5 6 7 8 9 10 11 12 13 14 15 16 17 18 19 20 21 22 23 24 25 26 27 -1 -1 -1 -1 -1 -1 -1 -1 -1 -1 -1 -1 -1 -1 -1 -1 -1 -1 -1 -1,True,28,True,True,0.8571428571428571,1.0,17,17,0.7686248,"[1.6132493438296377e-27, 6.25524652382164e-29, 4.8642636367149055e-26, 6.1842172885817904e-27, 7.976631741064898e-36, 1.7054791802430885e-34, 3.227704639876461e-39, 1.500088897578588e-17, 4.693363238621775e-17, 1.5901362081610533e-19, 6.199005198048724e-11, 4.474373371810003e-10, 6.614669700866216e-08, 1.5023299226868403e-07, 4.8656554479942216e-11, 1.8441731981511111e-06, 0.009244425222277641, 0.4969034194946289, 0.4891996383666992, 0.0015268997522071004, 1.4852707863610703e-05, 2.533391790619788e-13, 0.003108613658696413, 1.4746110081165047e-14, 8.005260516974477e-12, 1.7921583111054673e-29, 8.66879098615058e-15, 2.1365437300556304e-16, 0.0, 0.0, 0.0, 0.0, 0.0, 0.0, 0.0, 0.0, 0.0, 0.0, 0.0, 0.0, 0.0, 0.0, 0.0, 0.0, 0.0, 0.0, 0.0, 0.0]",1.6012688,1.8814749,2.0684474,2.4152424,2.6251225
train__c36__user4__1-2-2,36,Walk,22,0 1 2 3 4 5 6 7 8 9 10 11 12 13 14 15 16 17 18 19 20 21 -1 -1 -1 -1 -1 -1 -1 -1 -1 -1 -1 -1 -1 -1 -1 -1 -1 -1 -1 -1 -1 -1 -1 -1 -1 -1,True,22,True,True,1.0,1.0,12,12,0.4357918,"[0.0, 1.896585288818642e-08, 2.747936322933242e-10, 6.952021180950396e-07, 0.0001723678724374622, 9.271088162855854e-15, 6.464537151265974e-23, 1.5484293739352176e-19, 9.967358562861309e-14, 2.8531036377899e-07, 7.131862275855383e-06, 0.11537911742925644, 0.8693575859069824, 7.215930054371711e-06, 0.015075442381203175, 7.442766047915939e-08, 1.4056228511867552e-13, 2.993674626759736e-25, 2.347629154702567e-18, 2.4818434290439103e-25, 1.7566970447746577e-11, 6.578112360378086e-11, 0.0, 0.0, 0.0, 0.0, 0.0, 0.0, 0.0, 0.0, 0.0, 0.0, 0.0, 0.0, 0.0, 0.0, 0.0, 0.0, 0.0, 0.0, 0.0, 0.0, 0.0, 0.0, 0.0, 0.0, 0.0, 0.0]",1.5034542,1.894533,2.1239882,2.4655662,2.7542307
train__c36__user4__1-2-3,36,Walk,16,0 1 2 3 4 5 6 7 8 9 10 11 12 13 14 15 -1 -1 -1 -1 -1 -1 -1 -1 -1 -1 -1 -1 -1 -1 -1 -1 -1 -1 -1 -1 -1 -1 -1 -1 -1 -1 -1 -1 -1 -1 -1 -1,True,16,True,True,1.0,1.0,6,6,0.31288442,"[8.547920632381384e-44, 3.6355472615112964e-29, 1.2545217997874819e-26, 4.406361109321466e-10, 0.0026185214519500732, 0.0867135226726532, 0.9106624126434326, 2.8821689923574922e-08, 5.508556114364183e-06, 5.239001693270939e-15, 9.549599233274927e-23, 6.336682238282825e-36, 3.8816881153237724e-35, 1.7109854249406016e-42, 9.26973131763151e-26, 1.975998205383265e-18, 0.0, 0.0, 0.0, 0.0, 0.0, 0.0, 0.0, 0.0, 0.0, 0.0, 0.0, 0.0, 0.0, 0.0, 0.0, 0.0, 0.0, 0.0, 0.0, 0.0, 0.0, 0.0, 0.0, 0.0, 0.0, 0.0, 0.0, 0.0, 0.0, 0.0, 0.0, 0.0]",1.5292867,1.8924296,2.0995796,2.4064155,2.6095388
train__c36__user4__2-2-1,36,Walk,28,0 1 2 3 4 5 6 7 8 9 10 11 12 13 14 15 16 17 18 19 20 21 22 23 24 25 26 27 -1 -1 -1 -1 -1 -1 -1 -1 -1 -1 -1 -1 -1 -1 -1 -1 -1 -1 -1 -1,True,28,True,True,0.8571428571428571,1.0,14,14,0.14887108,"[2.485555079763174e-15, 2.0086363287154127e-16, 3.295463457675396e-08, 2.242134429508713e-12, 0.00010039426706498489, 1.0983303346298489e-17, 2.4907862705421217e-14, 6.320455296782162e-17, 7.162013631870342e-17, 1.5841858380660767e-10, 6.784908464056716e-13, 2.948550070769329e-09, 1.2389638648357959e-08, 8.918593402858221e-13, 0.9660589694976807, 3.288895220220286e-23, 0.033840637654066086, 3.119446367882972e-11, 4.929790625015187e-20, 5.152447960679433e-25, 1.6996255354954412e-36, 1.5276529451224212e-31, 4.28440842583751e-31, 1.8638658630447345e-33, 1.5428746095503151e-30, 1.793662034335766e-43, 1.1646230029076907e-30, 3.59269534317082e-33, 0.0, 0.0, 0.0, 0.0, 0.0, 0.0, 0.0, 0.0, 0.0, 0.0, 0.0, 0.0, 0.0, 0.0, 0.0, 0.0, 0.0, 0.0, 0.0, 0.0]",1.7557546,2.1482744,2.3328407,2.6387877,3.0120018
train__c36__user4__2-2-2,36,Walk,28,0 1 2 3 4 5 6 7 8 9 10 11 12 13 14 15 16 17 18 19 20 21 22 23 24 25 26 27 -1 -1 -1 -1 -1 -1 -1 -1 -1 -1 -1 -1 -1 -1 -1 -1 -1 -1 -1 -1,True,28,True,True,0.8571428571428571,1.0,10,10,0.033069815,"[8.491945125888307e-28, 7.480515230688656e-14, 1.2197031577326022e-22, 1.163487015065634e-11, 1.0731485910471828e-16, 2.228579259609849e-14, 7.116500455595087e-08, 1.3323355005923077e-06, 0.00022059059119783342, 0.004904316272586584, 0.994873583316803, 2.8401311250730865e-12, 1.1095442335970506e-15, 1.870475192117688e-23, 8.47906640732976e-12, 9.277511398009253e-11, 4.612741832943357e-08, 1.6587477225105118e-10, 7.0569049735735856e-12, 1.5460169430377373e-17, 1.2763152574918572e-19, 4.776425616735305e-23, 5.314122680532967e-28, 2.672108871663224e-28, 2.2664355399267217e-32, 2.2252825884612044e-37, 6.346814863027531e-29, 2.2433772835259143e-22, 0.0, 0.0, 0.0, 0.0, 0.0, 0.0, 0.0, 0.0, 0.0, 0.0, 0.0, 0.0, 0.0, 0.0, 0.0, 0.0, 0.0, 0.0, 0.0, 0.0]",1.5327864,1.927837,2.1552298,2.4986675,2.883055
train__c36__user4__2-2-3,36,Walk,26,0 1 2 3 4 5 6 7 8 9 10 11 12 13 14 15 16 17 18 19 20 21 22 23 24 25 -1 -1 -1 -1 -1 -1 -1 -1 -1 -1 -1 -1 -1 -1 -1 -1 -1 -1 -1 -1 -1 -1,True,26,True,True,0.9230769230769232,1.0,10,10,1.0979594,"[3.6043915824289594e-15, 6.901816504978342e-07, 0.00012797767703887075, 0.00012452570081222802, 0.10844986885786057, 0.23595280945301056, 6.087196025017505e-11, 2.2046362999073033e-11, 6.257807161347273e-09, 1.2160626461916704e-19, 0.593185305595398, 0.04941011592745781, 0.012747789733111858, 9.320976879223508e-09, 9.072267630472197e-07, 1.0625836940853317e-20, 8.499630686775728e-12, 9.982050509597678e-21, 5.127527221483386e-22, 8.355269365267759e-09, 1.0081513162143498e-19, 2.756990109387513e-31, 1.065787444510937e-26, 4.6046421806014785e-36, 1.8891536187643816e-25, 5.458224781145745e-22, 0.0, 0.0, 0.0, 0.0, 0.0, 0.0, 0.0, 0.0, 0.0, 0.0, 0.0, 0.0, 0.0, 0.0, 0.0, 0.0, 0.0, 0.0, 0.0, 0.0, 0.0, 0.0]",1.6818212,2.048679,2.2252789,2.5330462,2.9011166
train__c36__user4__4-2-1,36,Walk,26,0 1 2 3 4 5 6 7 8 9 10 11 12 13 14 15 16 17 18 19 20 21 22 23 24 25 -1 -1 -1 -1 -1 -1 -1 -1 -1 -1 -1 -1 -1 -1 -1 -1 -1 -1 -1 -1 -1 -1,True,26,True,True,0.9230769230769232,1.0,15,15,0.93754685,"[1.5791628724765837e-30, 1.9967674802501278e-07, 2.3296164200527756e-16, 4.6371470552308836e-10, 3.8144129521633374e-10, 1.3135945664544124e-07, 3.23334606946446e-05, 7.971409650053829e-05, 0.0016583902761340141, 0.0024701650254428387, 2.0636754527458834e-07, 0.002096401760354638, 1.8933757019112818e-05, 0.07805470377206802, 0.36948031187057495, 0.5460564494132996, 3.915424895239994e-05, 1.2320431778789498e-05, 6.110067261033691e-07, 2.0441734107290097e-15, 3.239224286109054e-19, 9.101145257754571e-33, 3.793921608932364e-33, 0.0, 4.682071342032092e-37, 1.011045905384615e-34, 0.0, 0.0, 0.0, 0.0, 0.0, 0.0, 0.0, 0.0, 0.0, 0.0, 0.0, 0.0, 0.0, 0.0, 0.0, 0.0, 0.0, 0.0, 0.0, 0.0, 0.0, 0.0]",1.5970594,1.9915332,2.224554,2.5952718,2.9532263
train__c36__user4__4-2-2,36,Walk,26,0 1 2 3 4 5 6 7 8 9 10 11 12 13 14 15 16 17 18 19 20 21 22 23 24 25 -1 -1 -1 -1 -1 -1 -1 -1 -1 -1 -1 -1 -1 -1 -1 -1 -1 -1 -1 -1 -1 -1,True,26,True,True,0.9230769230769232,1.0,18,18,1.0702615,"[8.221322801898128e-38, 1.87116437717738e-36, 5.591201619099083e-17, 7.09772316942925e-15, 6.3527880872493725e-12, 0.0004475085879676044, 1.008024582915823e-06, 0.23001116514205933, 0.09588292241096497, 1.0900971574301366e-05, 1.3886125316275866e-06, 5.854209894629037e-10, 7.255111008491744e-12, 1.1183105514538223e-17, 1.2124506043251215e-12, 2.7167426294716357e-11, 0.07069963216781616, 0.0016626958968117833, 0.6012827754020691, 3.1192008975722274e-08, 2.2829221152376178e-12, 1.1393462833843708e-23, 2.3419785208367294e-11, 2.3789187100122344e-37, 3.44982815360372e-20, 2.0519809586907945e-33, 0.0, 0.0, 0.0, 0.0, 0.0, 0.0, 0.0, 0.0, 0.0, 0.0, 0.0, 0.0, 0.0, 0.0, 0.0, 0.0, 0.0, 0.0, 0.0, 0.0, 0.0, 0.0]",1.4962442,1.865745,2.1074119,2.467116,2.7991707
train__c36__user4__4-2-3,36,Walk,14,0 1 2 3 4 5 6 7 8 9 10 11 12 13 -1 -1 -1 -1 -1 -1 -1 -1 -1 -1 -1 -1 -1 -1 -1 -1 -1 -1 -1 -1 -1 -1 -1 -1 -1 -1 -1 -1 -1 -1 -1 -1 -1 -1,True,14,True,True,1.0,1.0,10,10,0.44637984,"[2.2402922886761575e-39, 1.2242389905046333e-18, 1.5630034277887587e-17, 1.0192062904180278e-16, 2.045272218254013e-08, 4.3795725379602857e-10, 8.681046892888844e-06, 0.15852095186710358, 0.00042987128836102784, 0.0006593274301849306, 0.8403811454772949, 3.775427748209381e-10, 3.962574355014653e-13, 2.518765632262415e-13, 0.0, 0.0, 0.0, 0.0, 0.0, 0.0, 0.0, 0.0, 0.0, 0.0, 0.0, 0.0, 0.0, 0.0, 0.0, 0.0, 0.0, 0.0, 0.0, 0.0, 0.0, 0.0, 0.0, 0.0, 0.0, 0.0, 0.0, 0.0, 0.0, 0.0, 0.0, 0.0, 0.0, 0.0]",1.4201573,1.8088875,2.0507324,2.3571029,2.5438707
train__c36__user4__5-2-1,36,Walk,39,0 1 2 3 4 5 6 7 8 9 10 11 12 13 14 15 16 17 18 19 20 21 22 23 24 25 26 27 28 29 30 31 32 33 34 35 36 37 38 -1 -1 -1 -1 -1 -1 -1 -1 -1,True,39,True,True,0.6153846153846154,1.0,3,3,0.4061546,"[0.063597172498703, 0.011491776444017887, 0.013753852806985378, 0.905800461769104, 1.5669726053602062e-05, 2.0041885363752954e-05, 0.0007010027766227722, 2.9363168146945284e-11, 1.9425260688876733e-05, 2.4674335925151114e-12, 1.477795831306139e-05, 0.004500243812799454, 1.5622815541238566e-12, 1.155427489707572e-18, 1.8314752998788187e-33, 3.8126528617349623e-41, 9.237009152213113e-40, 0.0, 0.0, 0.0, 0.0, 0.0, 0.0, 0.0, 0.0, 0.0, 3.363116314379561e-44, 2.960304017300274e-35, 1.6372978649343883e-38, 2.215842433070618e-39, 1.75496969003613e-31, 2.0784596921475988e-36, 2.0315248957951896e-32, 0.0, 0.0, 5.457853486910634e-19, 3.537602651704219e-06, 2.1670444766641594e-05, 6.030330041539855e-05, 0.0, 0.0, 0.0, 0.0, 0.0, 0.0, 0.0, 0.0, 0.0]",2.7814279,3.1074147,3.1312537,3.3182569,3.6106641
train__c36__user4__5-2-2,36,Walk,25,0 1 2 3 4 5 6 7 8 9 10 11 12 13 14 15 16 17 18 19 20 21 22 23 24 -1 -1 -1 -1 -1 -1 -1 -1 -1 -1 -1 -1 -1 -1 -1 -1 -1 -1 -1 -1 -1 -1 -1,True,25,True,True,0.96,1.0,0,0,1.0466681e-12,"[1.0, 4.621308022009168e-30, 9.127331763487952e-37, 0.0, 1.2763867192149029e-40, 4.6814280630800975e-35, 2.2444421538328485e-14, 3.6349405935788145e-29, 2.200702134766289e-15, 3.778564346864681e-18, 6.920682204402772e-20, 1.3220188697015897e-14, 1.1019392409243565e-17, 1.1099188623006086e-21, 2.6899239248934386e-31, 3.4250062641419097e-35, 7.286752014489049e-44, 0.0, 0.0, 0.0, 0.0, 0.0, 0.0, 0.0, 0.0, 0.0, 0.0, 0.0, 0.0, 0.0, 0.0, 0.0, 0.0, 0.0, 0.0, 0.0, 0.0, 0.0, 0.0, 0.0, 0.0, 0.0, 0.0, 0.0, 0.0, 0.0, 0.0, 0.0]",2.198737,2.5985484,2.6664834,2.8322814,3.0956106
train__c36__user4__5-2-3,36,Walk,14,0 1 2 3 4 5 6 7 8 9 10 11 12 13 -1 -1 -1 -1 -1 -1 -1 -1 -1 -1 -1 -1 -1 -1 -1 -1 -1 -1 -1 -1 -1 -1 -1 -1 -1 -1 -1 -1 -1 -1 -1 -1 -1 -1,True,14,True,True,1.0,1.0,6,6,0.0007853708,"[5.873078638119676e-20, 4.8064245082070096e-15, 2.345992784655784e-18, 1.5146868155928013e-18, 6.814839434809983e-05, 4.784768407262163e-06, 0.9999270439147949, 1.141625818232544e-15, 1.2758908218740405e-29, 1.9182245789175958e-32, 5.21427488604559e-32, 1.5637369823093499e-40, 7.247954600696599e-24, 2.4726584348681464e-19, 0.0, 0.0, 0.0, 0.0, 0.0, 0.0, 0.0, 0.0, 0.0, 0.0, 0.0, 0.0, 0.0, 0.0, 0.0, 0.0, 0.0, 0.0, 0.0, 0.0, 0.0, 0.0, 0.0, 0.0, 0.0, 0.0, 0.0, 0.0, 0.0, 0.0, 0.0, 0.0, 0.0, 0.0]",1.8484644,2.278279,2.3554258,2.5094714,2.6025102
train__c36__user4__7-1-1,36,Walk,21,0 1 2 3 4 5 6 7 8 9 10 11 12 13 14 15 16 17 18 19 20 -1 -1 -1 -1 -1 -1 -1 -1 -1 -1 -1 -1 -1 -1 -1 -1 -1 -1 -1 -1 -1 -1 -1 -1 -1 -1 -1,True,21,True,True,1.0,1.0,6,6,0.0042830743,"[4.191844354267671e-13, 7.160613074708166e-11, 6.068898414923751e-07, 2.109680394823954e-07, 2.7229556508245878e-05, 3.6605604691430926e-05, 0.9995347261428833, 8.951749919106078e-07, 0.0003989648539572954, 7.671806656617264e-07, 7.104888899434059e-11, 1.3474661111293612e-14, 1.3005290932583324e-16, 5.3373604031857496e-17, 1.8629217801948474e-16, 2.9272892698760262e-24, 2.082017538583207e-30, 3.214998280493255e-24, 6.884324408617639e-26, 1.7526893477429702e-19, 1.9030944353007508e-17, 0.0, 0.0, 0.0, 0.0, 0.0, 0.0, 0.0, 0.0, 0.0, 0.0, 0.0, 0.0, 0.0, 0.0, 0.0, 0.0, 0.0, 0.0, 0.0, 0.0, 0.0, 0.0, 0.0, 0.0, 0.0, 0.0, 0.0]",1.3151741,1.6900522,1.8985317,2.2346895,2.5670836
train__c36__user4__7-1-2,36,Walk,28,0 1 2 3 4 5 6 7 8 9 10 11 12 13 14 15 16 17 18 19 20 21 22 23 24 25 26 27 -1 -1 -1 -1 -1 -1 -1 -1 -1 -1 -1 -1 -1 -1 -1 -1 -1 -1 -1 -1,True,28,True,True,0.8571428571428571,1.0,3,3,0.78986496,"[4.246117407297335e-22, 1.8762737891142578e-11, 1.658299928310788e-14, 0.565388560295105, 8.114423022398398e-11, 1.2561729434423796e-10, 5.715410793527553e-07, 1.5837789746342423e-08, 0.4136470854282379, 0.010355453006923199, 1.5937996067805216e-05, 0.0033619231544435024, 1.882492608790056e-15, 2.023870369796503e-14, 8.184605314849401e-22, 2.0020841873247264e-08, 5.643766161876618e-13, 0.007229270879179239, 4.570461305426765e-13, 7.741994640319237e-15, 7.997296620487759e-07, 3.6329359431874764e-07, 2.3260148725172553e-37, 2.178520170491929e-31, 0.0, 1.5938393896443403e-31, 4.276865172586905e-26, 1.13803164668582e-24, 0.0, 0.0, 0.0, 0.0, 0.0, 0.0, 0.0, 0.0, 0.0, 0.0, 0.0, 0.0, 0.0, 0.0, 0.0, 0.0, 0.0, 0.0, 0.0, 0.0]",1.6822337,2.0208879,2.2660985,2.601738,2.9819143
train__c36__user4__7-1-3,36,Walk,16,0 1 2 3 4 5 6 7 8 9 10 11 12 13 14 15 -1 -1 -1 -1 -1 -1 -1 -1 -1 -1 -1 -1 -1 -1 -1 -1 -1 -1 -1 -1 -1 -1 -1 -1 -1 -1 -1 -1 -1 -1 -1 -1,True,16,True,True,1.0,1.0,4,4,0.26889145,"[5.3130870117053724e-30, 1.867832253310553e-07, 7.31016983057664e-12, 0.04545768350362778, 0.9383524060249329, 0.015832968056201935, 3.810721182162524e-06, 3.605764298253433e-10, 6.407690671039745e-05, 2.4893886347854277e-06, 0.0002864025882445276, 8.970099240213775e-15, 7.006983961038476e-21, 0.0, 2.6492152918680357e-34, 4.4485936338620586e-29, 0.0, 0.0, 0.0, 0.0, 0.0, 0.0, 0.0, 0.0, 0.0, 0.0, 0.0, 0.0, 0.0, 0.0, 0.0, 0.0, 0.0, 0.0, 0.0, 0.0, 0.0, 0.0, 0.0, 0.0, 0.0, 0.0, 0.0, 0.0, 0.0, 0.0, 0.0, 0.0]",1.2740918,1.6691186,1.8589125,2.1940744,2.371717
train__c37__user17__4-1-1,37,Take_medicine,27,0 1 2 3 4 5 6 7 8 9 10 11 12 13 14 15 16 17 18 19 20 21 22 23 24 25 26 -1 -1 -1 -1 -1 -1 -1 -1 -1 -1 -1 -1 -1 -1 -1 -1 -1 -1 -1 -1 -1,True,27,True,True,0.8888888888888888,1.0,8,8,0.48416495,"[1.0400190309243234e-19, 0.0050125266425311565, 0.00045900922850705683, 3.672766752060852e-06, 7.688200954267656e-16, 0.00019134349713567644, 0.00025348897906951606, 0.000238130844081752, 0.8697362542152405, 0.023913424462080002, 0.09911838918924332, 2.2056680393234274e-07, 0.0006273912149481475, 6.634655952109971e-22, 2.0089082064391466e-18, 0.0, 2.7467062171257285e-29, 1.2611686178923354e-44, 2.0387424095135476e-37, 6.818660463867332e-35, 2.34441894946331e-17, 1.4547956617150248e-08, 1.5073004533405765e-06, 0.0001825812505558133, 9.325338760390878e-05, 0.000168860045960173, 3.234177113403333e-14, 0.0, 0.0, 0.0, 0.0, 0.0, 0.0, 0.0, 0.0, 0.0, 0.0, 0.0, 0.0, 0.0, 0.0, 0.0, 0.0, 0.0, 0.0, 0.0, 0.0, 0.0]",1.8197919,2.1306,2.366884,2.7173748,2.9638278
train__c37__user17__4-1-2,37,Take_medicine,23,0 1 2 3 4 5 6 7 8 9 10 11 12 13 14 15 16 17 18 19 20 21 22 -1 -1 -1 -1 -1 -1 -1 -1 -1 -1 -1 -1 -1 -1 -1 -1 -1 -1 -1 -1 -1 -1 -1 -1 -1,True,23,True,True,1.0,1.0,6,6,1.3149273,"[2.6951092182633807e-13, 2.700008566913098e-27, 0.0, 2.319892521053906e-36, 6.094070248430228e-10, 0.10490842163562775, 0.516377329826355, 0.22209112346172333, 0.07556269317865372, 0.00036959414137527347, 4.652503321267432e-06, 5.5533064258206366e-11, 0.00025007990188896656, 0.08043607324361801, 1.6298628002786586e-09, 4.68619476556853e-10, 6.973903671451091e-29, 2.7900687316062545e-10, 9.653201282590688e-23, 1.3613194674378783e-22, 0.0, 2.3827493568022108e-27, 6.469091928806847e-09, 0.0, 0.0, 0.0, 0.0, 0.0, 0.0, 0.0, 0.0, 0.0, 0.0, 0.0, 0.0, 0.0, 0.0, 0.0, 0.0, 0.0, 0.0, 0.0, 0.0, 0.0, 0.0, 0.0, 0.0, 0.0]",1.5607888,1.861064,2.0600376,2.3771381,2.6002305
train__c37__user17__4-1-3,37,Take_medicine,13,0 1 2 3 4 5 6 7 8 9 10 11 12 -1 -1 -1 -1 -1 -1 -1 -1 -1 -1 -1 -1 -1 -1 -1 -1 -1 -1 -1 -1 -1 -1 -1 -1 -1 -1 -1 -1 -1 -1 -1 -1 -1 -1 -1,True,13,True,True,1.0,1.0,0,0,1.1589234,"[0.4549512267112732, 0.0029250604566186666, 0.2592233717441559, 0.018343085423111916, 2.5306733732577413e-05, 0.26330557465553284, 0.0011277113808318973, 4.1658139160460905e-09, 1.2890567779866302e-10, 1.8473157581411215e-07, 2.7511578792882574e-08, 8.428428554907441e-05, 1.4195790754456539e-05, 0.0, 0.0, 0.0, 0.0, 0.0, 0.0, 0.0, 0.0, 0.0, 0.0, 0.0, 0.0, 0.0, 0.0, 0.0, 0.0, 0.0, 0.0, 0.0, 0.0, 0.0, 0.0, 0.0, 0.0, 0.0, 0.0, 0.0, 0.0, 0.0, 0.0, 0.0, 0.0, 0.0, 0.0, 0.0]",0.97453517,1.2215672,1.6281711,2.0513668,2.2129962
train__c37__user23__7-1-1,37,Take_medicine,42,0 1 2 3 4 5 6 7 8 9 10 11 12 13 14 15 16 17 18 19 20 21 22 23 24 25 26 27 28 29 30 31 32 33 34 35 36 37 38 39 40 41 -1 -1 -1 -1 -1 -1,True,42,True,True,0.5714285714285714,1.0,13,13,1.9458032,"[0.00024368079903069884, 0.2215401530265808, 0.04362384229898453, 0.0007744159665890038, 0.0005000005476176739, 0.005633488763123751, 0.0675659328699112, 2.765424937933858e-07, 0.000100006400316488, 0.0005239960737526417, 0.00024368079903069884, 0.003994741942733526, 0.0014022862305864692, 0.2981148660182953, 0.09678372740745544, 0.17253565788269043, 0.027299104258418083, 2.9830039912568895e-23, 1.0586007710613327e-13, 1.3149784789224083e-41, 0.003111107973381877, 2.91035212285351e-05, 0.0001388451346429065, 0.003111107973381877, 0.017083343118429184, 0.03560474514961243, 5.554504241445102e-06, 1.2150429107293803e-08, 1.319310399594542e-06, 8.204329961675687e-36, 5.018201252834081e-32, 0.0, 2.252389750783288e-34, 3.7180003620685724e-26, 0.0, 3.456128979451023e-05, 8.368434833982974e-08, 2.9208706564531894e-07, 3.333747861100633e-11, 4.0430878182071486e-14, 1.686920114707391e-08, 2.6475664898480287e-24, 0.0, 0.0, 0.0, 0.0, 0.0, 0.0]",1.5713345,1.8898427,2.1162348,2.5013232,2.8075273
train__c37__user23__7-1-3,37,Take_medicine,20,0 1 2 3 4 5 6 7 8 9 10 11 12 13 14 15 16 17 18 19 -1 -1 -1 -1 -1 -1 -1 -1 -1 -1 -1 -1 -1 -1 -1 -1 -1 -1 -1 -1 -1 -1 -1 -1 -1 -1 -1 -1,True,20,True,True,1.0,1.0,7,7,1.0553526,"[2.0638108253479004e-06, 7.828666881426471e-11, 1.6189771094456022e-36, 6.904758053114104e-41, 0.0, 2.5972112500141916e-23, 0.0012596846790984273, 0.4774031937122345, 0.44152575731277466, 0.018223945051431656, 0.01633583754301071, 0.030519364401698112, 0.0009810433257371187, 0.004607735201716423, 0.0010281247086822987, 0.0008391308365389705, 0.00039637734880670905, 0.005303470883518457, 0.0013620437821373343, 0.00021216551249381155, 0.0, 0.0, 0.0, 0.0, 0.0, 0.0, 0.0, 0.0, 0.0, 0.0, 0.0, 0.0, 0.0, 0.0, 0.0, 0.0, 0.0, 0.0, 0.0, 0.0, 0.0, 0.0, 0.0, 0.0, 0.0, 0.0, 0.0, 0.0]",1.1619294,1.4810649,1.8327333,2.198102,2.3297062
train__c37__user23__7-2-1,37,Take_medicine,30,0 1 2 3 4 5 6 7 8 9 10 11 12 13 14 15 16 17 18 19 20 21 22 23 24 25 26 27 28 29 -1 -1 -1 -1 -1 -1 -1 -1 -1 -1 -1 -1 -1 -1 -1 -1 -1 -1,True,30,True,True,0.8,1.0,28,28,0.8854028,"[8.268827216533902e-16, 1.682444782384055e-19, 4.3390817822653135e-18, 5.486819735310576e-29, 1.4927901137440358e-09, 9.14444786559443e-09, 2.2858245074530714e-07, 0.0008887062431313097, 1.4820579963270575e-05, 6.960884638829157e-05, 2.3818836325517623e-06, 3.806239192272187e-06, 1.018602415570058e-05, 7.569611170765711e-06, 2.6836600227397867e-05, 4.636949233827181e-05, 0.00013209438475314528, 6.746720464434475e-05, 1.0465267052950367e-07, 4.463361538004085e-12, 5.218198702999777e-12, 1.1140217992533508e-07, 3.0630065150916153e-09, 8.266254735644907e-05, 1.2876342225354165e-05, 0.0002627010107971728, 0.1027204692363739, 0.004729816224426031, 0.6594369411468506, 0.23148415982723236, 0.0, 0.0, 0.0, 0.0, 0.0, 0.0, 0.0, 0.0, 0.0, 0.0, 0.0, 0.0, 0.0, 0.0, 0.0, 0.0, 0.0, 0.0]",2.4145856,2.535368,2.660919,3.0282824,3.2178793
train__c37__user23__7-2-2,37,Take_medicine,24,0 1 2 3 4 5 6 7 8 9 10 11 12 13 14 15 16 17 18 19 20 21 22 23 -1 -1 -1 -1 -1 -1 -1 -1 -1 -1 -1 -1 -1 -1 -1 -1 -1 -1 -1 -1 -1 -1 -1 -1,True,24,True,True,1.0,1.0,0,0,0.0047472483,"[0.9994864463806152, 0.00020336388843134046, 0.0003100929025094956, 3.9436152017331835e-16, 3.3019483042164444e-15, 1.0390040709035413e-15, 0.0, 7.560585896677248e-26, 6.243587602587118e-39, 4.333908985533279e-38, 1.658858087057893e-34, 2.6050143768365346e-20, 4.585727328140264e-26, 1.775405028479299e-24, 0.0, 0.0, 4.959896138685444e-37, 1.680438519716785e-39, 0.0, 0.0, 0.0, 0.0, 8.905952390016375e-41, 1.1480144842261656e-27, 0.0, 0.0, 0.0, 0.0, 0.0, 0.0, 0.0, 0.0, 0.0, 0.0, 0.0, 0.0, 0.0, 0.0, 0.0, 0.0, 0.0, 0.0, 0.0, 0.0, 0.0, 0.0, 0.0, 0.0]",3.5684378,3.8367538,3.8137372,3.8940904,3.988567
train__c37__user23__7-2-3,37,Take_medicine,10,0 1 2 3 4 5 6 7 8 9 -1 -1 -1 -1 -1 -1 -1 -1 -1 -1 -1 -1 -1 -1 -1 -1 -1 -1 -1 -1 -1 -1 -1 -1 -1 -1 -1 -1 -1 -1 -1 -1 -1 -1 -1 -1 -1 -1,True,10,True,True,1.0,1.0,0,0,0.5461212,"[0.7660859227180481, 0.23364299535751343, 1.4052489859750494e-05, 0.00025699319667182863, 8.515741638947244e-25, 7.999798503762954e-25, 0.0, 1.3312335411085762e-42, 4.691547258559488e-41, 5.6983819755212965e-34, 0.0, 0.0, 0.0, 0.0, 0.0, 0.0, 0.0, 0.0, 0.0, 0.0, 0.0, 0.0, 0.0, 0.0, 0.0, 0.0, 0.0, 0.0, 0.0, 0.0, 0.0, 0.0, 0.0, 0.0, 0.0, 0.0, 0.0, 0.0, 0.0, 0.0, 0.0, 0.0, 0.0, 0.0, 0.0, 0.0, 0.0, 0.0]",2.4322832,2.5763378,2.6034157,2.7122786,2.8267465
train__c37__user24__5-2-1,37,Take_medicine,50,0 1 2 3 4 5 6 7 8 9 10 11 13 14 15 16 17 18 19 20 21 22 23 24 25 26 27 28 29 30 31 32 33 34 35 36 38 39 40 41 42 43 44 45 46 47 48 49,False,48,True,True,0.48,1.0,26,27,0.84056365,"[1.1403427180312065e-07, 1.5175459488364786e-16, 1.458538655105057e-20, 2.8156417859600964e-23, 5.786024801455116e-26, 5.260311318276063e-23, 7.630700784387788e-17, 6.159191754884423e-26, 4.735181684069169e-21, 4.844579708236895e-25, 1.1702059605699903e-17, 1.0993066559068452e-17, 2.2266635150286485e-12, 8.22851141956783e-22, 1.3913146190702719e-09, 4.3911649117496943e-16, 1.233388021669776e-18, 2.994574818262134e-42, 2.9561319325034785e-37, 6.661745097638648e-37, 1.511648570728066e-29, 2.733124778232441e-26, 3.168587716596298e-30, 2.4177418400661566e-10, 0.0020182651933282614, 0.000868045084644109, 0.7413614988327026, 0.0016732008662074804, 2.798739712206455e-11, 1.7289142988374806e-06, 5.2208690703992033e-08, 1.305053046962712e-06, 9.058863724931143e-06, 2.0013635548821185e-07, 6.164634100969124e-07, 4.2791039049916435e-06, 0.00028181300149299204, 0.00010048351396108046, 1.6924184819799848e-05, 2.219969928773935e-06, 0.00020617878180928528, 0.00010048351396108046, 0.009628605097532272, 0.002434492576867342, 0.002591504016891122, 0.00014170445501804352, 0.11369147896766663, 0.12486565858125687]",4.481064,4.7368126,4.7278447,4.7744994,4.888522
train__c37__user24__5-2-2,37,Take_medicine,34,0 1 2 3 4 5 6 7 8 9 10 11 12 13 14 15 16 17 18 19 20 21 22 23 24 25 26 27 28 29 30 31 32 33 -1 -1 -1 -1 -1 -1 -1 -1 -1 -1 -1 -1 -1 -1,True,34,True,True,0.7058823529411765,1.0,33,33,0.5439649,"[3.641497097351537e-13, 4.819940906256456e-32, 1.3023306047445328e-19, 4.59087390636523e-18, 1.1156204712445074e-22, 1.88184201832351e-26, 2.2475396376494993e-27, 2.225366069162029e-28, 3.632809732651282e-29, 1.2603634526440235e-16, 5.391567308788191e-27, 3.611002039307569e-17, 5.605193857299268e-45, 1.2356168598303002e-18, 3.0600855214693193e-40, 6.970873973008841e-20, 5.935639479925925e-11, 3.611002039307569e-17, 6.05451644375421e-09, 1.8255555289670156e-07, 9.179469628861625e-08, 1.662187258943959e-07, 5.282420261210063e-07, 9.470856099369485e-08, 1.0521171711630473e-09, 1.9822135072899982e-05, 2.158804246477075e-09, 2.864259393900448e-12, 1.337616961638588e-10, 5.127610003263783e-10, 1.7149507414160325e-07, 3.6305505091149826e-07, 0.23370131850242615, 0.7662771940231323, 0.0, 0.0, 0.0, 0.0, 0.0, 0.0, 0.0, 0.0, 0.0, 0.0, 0.0, 0.0, 0.0, 0.0]",3.5454519,3.7207046,3.636062,3.6845005,3.7584164
train__c37__user24__5-2-3,37,Take_medicine,19,0 1 2 3 4 5 6 7 8 9 10 11 12 13 14 15 16 17 18 -1 -1 -1 -1 -1 -1 -1 -1 -1 -1 -1 -1 -1 -1 -1 -1 -1 -1 -1 -1 -1 -1 -1 -1 -1 -1 -1 -1 -1,True,19,True,True,1.0,1.0,18,18,0.045025162,"[1.65160019961893e-18, 2.3865293101705816e-25, 4.230224794619699e-24, 9.79125109576472e-15, 9.656976260434604e-29, 6.643001149164718e-10, 2.6695628989492272e-20, 0.0005664979107677937, 5.056747340859147e-06, 8.614774671400482e-09, 1.4970233941369315e-09, 1.2167079843639073e-11, 6.786252809698468e-11, 1.986221300279145e-12, 8.813803636584239e-13, 2.1111412618068925e-09, 8.800545847620356e-10, 0.006689025089144707, 0.9927393794059753, 0.0, 0.0, 0.0, 0.0, 0.0, 0.0, 0.0, 0.0, 0.0, 0.0, 0.0, 0.0, 0.0, 0.0, 0.0, 0.0, 0.0, 0.0, 0.0, 0.0, 0.0, 0.0, 0.0, 0.0, 0.0, 0.0, 0.0, 0.0, 0.0]",2.3600216,2.632785,2.6231804,2.7061255,2.824965
train__c37__user24__7-1-1,37,Take_medicine,26,0 1 2 3 4 5 6 7 8 9 10 11 12 13 14 15 16 17 18 19 20 21 22 23 24 25 -1 -1 -1 -1 -1 -1 -1 -1 -1 -1 -1 -1 -1 -1 -1 -1 -1 -1 -1 -1 -1 -1,True,26,True,True,0.9230769230769232,1.0,11,11,0.54105383,"[1.4034893994979235e-26, 3.1316083118923108e-27, 7.292175631823234e-30, 1.78591346156054e-08, 4.1175999242193395e-12, 1.08647713357524e-14, 1.6661666409292938e-15, 2.9872723879379197e-16, 1.293711249239493e-09, 6.495403681583412e-07, 0.23090454936027527, 0.7690296173095703, 6.522773037431762e-05, 2.203992197080673e-12, 1.1582912510267765e-17, 2.6141817029103815e-20, 1.3275908911943123e-19, 1.3854655278700582e-21, 6.138718773800102e-19, 8.931782517013367e-19, 7.176888345197031e-19, 2.1426231932292624e-18, 2.012808363027334e-18, 4.780838208784717e-19, 1.042660394499483e-15, 7.70427711021095e-15, 0.0, 0.0, 0.0, 0.0, 0.0, 0.0, 0.0, 0.0, 0.0, 0.0, 0.0, 0.0, 0.0, 0.0, 0.0, 0.0, 0.0, 0.0, 0.0, 0.0, 0.0, 0.0]",2.8479362,2.9934423,2.983424,3.1253939,3.2444074
train__c37__user24__7-1-2,37,Take_medicine,14,0 1 2 3 4 5 6 7 8 9 10 11 12 13 -1 -1 -1 -1 -1 -1 -1 -1 -1 -1 -1 -1 -1 -1 -1 -1 -1 -1 -1 -1 -1 -1 -1 -1 -1 -1 -1 -1 -1 -1 -1 -1 -1 -1,True,14,True,True,1.0,1.0,13,13,9.342084e-19,"[3.241762522122506e-37, 3.0618407292849054e-27, 3.281893687149263e-20, 1.4298879209489251e-25, 7.830462518850083e-30, 3.1278671929753386e-28, 1.8415482579078088e-31, 2.27265101452033e-35, 1.2949175170120648e-35, 9.985330894443483e-37, 2.0661598082846114e-32, 6.220506719855404e-28, 9.910459804727061e-22, 1.0, 0.0, 0.0, 0.0, 0.0, 0.0, 0.0, 0.0, 0.0, 0.0, 0.0, 0.0, 0.0, 0.0, 0.0, 0.0, 0.0, 0.0, 0.0, 0.0, 0.0, 0.0, 0.0, 0.0, 0.0, 0.0, 0.0, 0.0, 0.0, 0.0, 0.0, 0.0, 0.0, 0.0, 0.0]",2.2576175,2.430094,2.4449072,2.6341925,2.7830193
train__c37__user24__7-1-3,37,Take_medicine,19,0 1 2 3 4 5 6 7 8 9 10 11 12 13 14 15 16 17 18 -1 -1 -1 -1 -1 -1 -1 -1 -1 -1 -1 -1 -1 -1 -1 -1 -1 -1 -1 -1 -1 -1 -1 -1 -1 -1 -1 -1 -1,True,19,True,True,1.0,1.0,7,7,0.16635747,"[8.540601265849546e-05, 2.6665720243177434e-31, 0.03904290497303009, 5.585962803422717e-10, 1.8868645383918192e-06, 2.0085567484784406e-06, 4.8662877816241235e-05, 0.9608191251754761, 2.9356597058463997e-15, 2.6689282294628525e-12, 1.4328815481434508e-18, 3.780827302994298e-21, 5.973139445645948e-19, 7.7460848697773e-18, 1.3594801875634553e-17, 4.792332950459132e-16, 3.2241917384496837e-15, 6.267276281279877e-11, 8.579255876680833e-14, 0.0, 0.0, 0.0, 0.0, 0.0, 0.0, 0.0, 0.0, 0.0, 0.0, 0.0, 0.0, 0.0, 0.0, 0.0, 0.0, 0.0, 0.0, 0.0, 0.0, 0.0, 0.0, 0.0, 0.0, 0.0, 0.0, 0.0, 0.0, 0.0]",2.4558024,2.6285448,2.6411276,2.7996235,2.9325507
train__c37__user4__7-1-1,37,Take_medicine,73,0 2 3 5 6 8 9 11 12 14 15 17 18 20 21 23 25 26 28 29 31 32 34 35 37 38 40 41 43 44 46 47 49 51 52 54 55 57 58 60 61 63 64 66 67 69 70 72,False,48,True,True,0.3287671232876712,1.0,13,20,0.14999685,"[3.091873082164394e-17, 3.3190767842472546e-13, 7.428190468181586e-20, 4.843789238339417e-19, 4.3302389467663346e-24, 6.176753770786905e-26, 3.7407556933639676e-23, 2.179982623615485e-16, 2.255262643302558e-11, 3.3021500200902665e-08, 4.452879807104182e-07, 8.718316166778095e-07, 0.00020336236048024148, 0.965894341468811, 2.207656002450875e-10, 0.033901017159223557, 3.625664358280205e-23, 1.1557079484267607e-28, 1.1151035722189542e-19, 3.671689964744869e-17, 1.163714985607553e-21, 5.995733482346536e-29, 1.3005777404205775e-35, 8.850543703490446e-37, 1.7522102930315294e-27, 7.967005372166063e-35, 6.348058606997926e-39, 0.0, 0.0, 0.0, 0.0, 0.0, 0.0, 1.8497139729087585e-43, 0.0, 7.710271983060427e-32, 2.789144463392116e-40, 2.0814483815123107e-38, 1.605040254545324e-39, 2.802596928649634e-45, 2.1019476964872256e-44, 0.0, 1.401298464324817e-45, 3.1605025694228357e-40, 0.0, 1.3318010951093652e-20, 3.0613687704840006e-18, 1.0899227153739048e-15]",4.53947,4.6416683,4.5608306,4.612369,4.7661147
train__c37__user4__7-1-2,37,Take_medicine,128,0 3 5 8 11 14 16 19 22 24 27 30 32 35 38 41 43 46 49 51 54 57 59 62 65 68 70 73 76 78 81 84 86 89 92 95 97 100 103 105 108 111 113 116 119 122 124 127,False,48,True,True,0.1875,1.0,19,51,0.742686,"[0.4891528785228729, 0.0, 5.000121089248745e-24, 3.567029500217836e-36, 1.063316484112935e-32, 3.4864806858347924e-32, 6.322710902472014e-35, 2.073137193776207e-34, 0.0, 3.7113392369620615e-32, 5.765566300828001e-38, 0.0, 0.0, 0.0, 2.955332173101323e-14, 2.011128749632488e-15, 1.41159498525667e-05, 5.703359420294873e-06, 9.36379365157336e-08, 0.5007528066635132, 1.5639128447125783e-12, 3.800438641855278e-17, 1.7973451615915792e-09, 4.7511286569545684e-26, 3.641684325514198e-15, 2.0388892655926088e-42, 1.0424388365968925e-34, 4.671886584618023e-34, 2.5180060686455653e-27, 8.421576298767143e-25, 0.0, 3.950700155769013e-32, 1.208528280560588e-38, 1.5517811038117305e-38, 2.7780052840602805e-36, 4.534969082856638e-37, 1.5062557193027459e-41, 1.7882233202562026e-30, 3.124289042490845e-21, 3.2457977278133043e-14, 5.5247233625232354e-36, 2.1165258131186637e-13, 1.0537561661195117e-14, 0.010073039680719376, 1.2926318504469236e-06, 1.285671738316798e-16, 6.960745534149042e-19, 7.546705773318896e-14]",4.586015,4.7542524,4.691833,4.7134075,4.774782
train__c37__user4__7-1-3,37,Take_medicine,77,0 2 3 5 6 8 10 11 13 15 16 18 19 21 23 24 26 27 29 31 32 34 36 37 39 40 42 44 45 47 49 50 52 53 55 57 58 60 61 63 65 66 68 70 71 73 74 76,False,48,True,True,0.3116883116883117,1.0,1,2,0.015156287,"[5.782351271336358e-19, 0.9978833794593811, 0.0021157015580683947, 3.055322040832441e-14, 6.085386448562353e-17, 0.0, 2.891893047836468e-29, 1.0638679778670725e-29, 1.5789202203499186e-27, 2.6697106304080995e-15, 2.3342185221429213e-38, 5.296686796641344e-31, 0.0, 3.5443322317860463e-40, 8.147223260143403e-38, 8.04259422773987e-33, 0.0, 1.1506762339803235e-40, 3.579640749191639e-39, 4.344025239406933e-44, 7.189899309309389e-38, 5.599499540859638e-38, 1.401298464324817e-45, 0.0, 7.333897344864344e-36, 6.647502047820073e-27, 8.083620578469564e-12, 5.249064529387615e-13, 2.339073032486816e-11, 1.3327635869919696e-11, 6.750085495403917e-16, 2.231959062015676e-11, 6.3946695161298805e-12, 4.0077097083958835e-15, 1.2736476979959173e-14, 1.4935346958058723e-20, 2.6777601457285284e-21, 1.6403269427913568e-20, 2.3974636481517926e-29, 8.494461098962347e-07, 4.5018992977929884e-08, 3.284780487975564e-13, 4.0440704802071934e-33, 4.364747749106762e-19, 1.5586432410036896e-22, 2.39025674697308e-23, 3.6076258083314605e-13, 1.411519363598399e-32]",4.179155,4.3946385,4.357489,4.398714,4.4839845
train__c38__user23__2-2-1,38,Massage_oneself,20,0 1 2 3 4 5 6 7 8 9 10 11 12 13 14 15 16 17 18 19 -1 -1 -1 -1 -1 -1 -1 -1 -1 -1 -1 -1 -1 -1 -1 -1 -1 -1 -1 -1 -1 -1 -1 -1 -1 -1 -1 -1,True,20,True,True,1.0,1.0,0,0,8.4040727e-07,"[1.0, 4.6757241083674494e-17, 4.7279574033609606e-08, 2.5899657203719177e-23, 8.263005280007008e-10, 8.032927481932395e-16, 1.094670465384695e-09, 1.3488986316811946e-10, 2.8317043263177688e-14, 1.6344467226118705e-19, 8.740838793263446e-39, 6.608523557755837e-42, 1.4269029898649601e-39, 3.52630583865787e-36, 1.3497378784446752e-32, 8.628585875806457e-34, 7.790624190058338e-38, 6.9020245984380515e-25, 3.4915156111074868e-37, 1.2805956533776135e-31, 0.0, 0.0, 0.0, 0.0, 0.0, 0.0, 0.0, 0.0, 0.0, 0.0, 0.0, 0.0, 0.0, 0.0, 0.0, 0.0, 0.0, 0.0, 0.0, 0.0, 0.0, 0.0, 0.0, 0.0, 0.0, 0.0, 0.0, 0.0]",2.1704097,2.4108033,2.3895626,2.5745406,2.7343576
train__c38__user23__2-2-2,38,Massage_oneself,26,0 1 2 3 4 5 6 7 8 9 10 11 12 13 14 15 16 17 18 19 20 21 22 23 24 25 -1 -1 -1 -1 -1 -1 -1 -1 -1 -1 -1 -1 -1 -1 -1 -1 -1 -1 -1 -1 -1 -1,True,26,True,True,0.9230769230769232,1.0,25,25,4.5650806e-05,"[3.252415935043381e-15, 2.1176515402343554e-11, 4.472372946440662e-27, 5.169360645449306e-25, 1.2359528511751705e-07, 1.5234666140120157e-19, 4.1189132469084054e-29, 4.090572901842338e-36, 0.0, 2.6071547815644696e-31, 0.0, 1.717018455251753e-29, 1.638902631935733e-40, 0.0, 4.328252595006988e-24, 3.187564743711846e-06, 1.71853586916626e-10, 1.2259840051510995e-22, 7.619223362820876e-30, 1.6290618064520403e-28, 9.19053769461589e-30, 9.739197067218072e-21, 6.764067687295892e-42, 1.164933381275667e-24, 4.856164623668131e-25, 0.9999966621398926, 0.0, 0.0, 0.0, 0.0, 0.0, 0.0, 0.0, 0.0, 0.0, 0.0, 0.0, 0.0, 0.0, 0.0, 0.0, 0.0, 0.0, 0.0, 0.0, 0.0, 0.0, 0.0]",3.2125256,3.4203446,3.3726335,3.4266462,3.5503852
train__c38__user23__2-2-3,38,Massage_oneself,20,0 1 2 3 4 5 6 7 8 9 10 11 12 13 14 15 16 17 18 19 -1 -1 -1 -1 -1 -1 -1 -1 -1 -1 -1 -1 -1 -1 -1 -1 -1 -1 -1 -1 -1 -1 -1 -1 -1 -1 -1 -1,True,20,True,True,1.0,1.0,5,5,0.008161105,"[2.2841250668648172e-08, 3.0006333789217576e-12, 1.521555326178259e-08, 0.00034042258630506694, 0.0006068688817322254, 0.9990527033805847, 9.550358313697386e-15, 2.6865401347870246e-20, 1.640758248667648e-13, 1.0489016508922078e-14, 8.193483269072729e-21, 2.5450841317797325e-16, 8.609909384943079e-16, 2.585967899337113e-27, 5.142810345311247e-27, 1.2022126555815457e-16, 1.4961779545552128e-16, 9.025913825201535e-27, 1.0821974996092377e-14, 5.545713158973214e-32, 0.0, 0.0, 0.0, 0.0, 0.0, 0.0, 0.0, 0.0, 0.0, 0.0, 0.0, 0.0, 0.0, 0.0, 0.0, 0.0, 0.0, 0.0, 0.0, 0.0, 0.0, 0.0, 0.0, 0.0, 0.0, 0.0, 0.0, 0.0]",1.7955141,2.051209,2.0863395,2.2961102,2.4663808
train__c38__user23__7-1-1,38,Massage_oneself,28,0 1 2 3 4 5 6 7 8 9 10 11 12 13 14 15 16 17 18 19 20 21 22 23 24 25 26 27 -1 -1 -1 -1 -1 -1 -1 -1 -1 -1 -1 -1 -1 -1 -1 -1 -1 -1 -1 -1,True,28,True,True,0.8571428571428571,1.0,0,0,0.030144889,"[0.9959308505058289, 0.000495696731377393, 3.518253767400127e-24, 4.767128558671294e-17, 0.0, 0.0, 0.0, 0.0, 0.0, 0.0, 1.1992017985014276e-38, 5.4820872985022605e-36, 8.515690767701913e-42, 0.0, 3.004795573255136e-21, 6.165713243029195e-43, 0.0, 0.0, 0.0, 3.5032461608120427e-44, 0.0, 3.911296531100561e-08, 0.0, 0.0010659154504537582, 0.0, 3.361152730855968e-16, 3.965237237266243e-34, 0.0025075417943298817, 0.0, 0.0, 0.0, 0.0, 0.0, 0.0, 0.0, 0.0, 0.0, 0.0, 0.0, 0.0, 0.0, 0.0, 0.0, 0.0, 0.0, 0.0, 0.0, 0.0]",3.5386212,3.644065,3.5364702,3.5690343,3.6413772
train__c38__user23__7-1-2,38,Massage_oneself,42,0 1 2 3 4 5 6 7 8 9 10 11 12 13 14 15 16 17 18 19 20 21 22 23 24 25 26 27 28 29 30 31 32 33 34 35 36 37 38 39 40 41 -1 -1 -1 -1 -1 -1,True,42,True,True,0.5714285714285714,1.0,7,7,1.4157386,"[0.20170389115810394, 0.0024418067187070847, 0.00025140270008705556, 0.004491169471293688, 0.03849586099386215, 0.11139146238565445, 0.007760045118629932, 0.47636085748672485, 0.15708714723587036, 7.739124896488647e-08, 1.524379172224144e-06, 4.440282331335304e-27, 5.250840354049669e-29, 1.4748161447641905e-05, 3.734536679900202e-09, 6.362389406132883e-38, 1.228224090996059e-40, 0.0, 0.0, 6.574191745379879e-41, 0.0, 0.0, 0.0, 6.05360936588321e-43, 0.0, 0.0, 0.0, 0.0, 0.0, 0.0, 0.0, 0.0, 0.0, 0.0, 9.7951059012353e-26, 0.0, 2.6482490102568983e-35, 0.0, 1.7656730010782952e-16, 0.0, 0.0, 2.802596928649634e-45, 0.0, 0.0, 0.0, 0.0, 0.0, 0.0]",5.5308957,5.455441,5.3288894,5.3427505,5.3924994
train__c38__user23__7-1-3,38,Massage_oneself,39,0 1 2 3 4 5 6 7 8 9 10 11 12 13 14 15 16 17 18 19 20 21 22 23 24 25 26 27 28 29 30 31 32 33 34 35 36 37 38 -1 -1 -1 -1 -1 -1 -1 -1 -1,True,39,True,True,0.6153846153846154,1.0,38,38,1.2767497,"[0.035147011280059814, 9.344016376332264e-20, 1.4616500626674326e-18, 1.1111212644410173e-10, 0.0027529268991202116, 0.000628827721811831, 0.3494688868522644, 7.88275491401887e-34, 2.197474557874557e-08, 8.916011324799911e-07, 6.31100465398049e-06, 3.5959021715825656e-06, 0.0194100234657526, 1.151738251792267e-05, 0.002391784219071269, 0.00135219213552773, 0.0006906322087161243, 0.03053625300526619, 0.07920501381158829, 0.0007125552510842681, 1.3892615243094042e-05, 1.8184871919402212e-07, 0.0, 0.0, 0.0, 0.0, 0.0, 0.0, 0.0, 0.0, 0.0, 0.0, 0.0, 0.0, 0.0, 0.0, 0.0, 1.4385418012352602e-07, 0.47766736149787903, 0.0, 0.0, 0.0, 0.0, 0.0, 0.0, 0.0, 0.0, 0.0]",4.71962,4.6933966,4.6140847,4.6102667,4.6217203
train__c38__user24__4-3-1,38,Massage_oneself,38,0 1 2 3 4 5 6 7 8 9 10 11 12 13 14 15 16 17 18 19 20 21 22 23 24 25 26 27 28 29 30 31 32 33 34 35 36 37 -1 -1 -1 -1 -1 -1 -1 -1 -1 -1,True,38,True,True,0.631578947368421,1.0,36,36,0.7030072,"[1.1224466334169847e-06, 3.1574710294274277e-12, 1.2757336419894072e-12, 3.4876615484513707e-13, 7.81481563488784e-12, 9.174943582657136e-10, 8.582895678899138e-12, 3.691457729770864e-12, 1.371542983352736e-11, 4.427394909023441e-11, 3.92362542456226e-09, 7.145453118084788e-10, 3.4284258765282516e-10, 5.146676973488695e-10, 4.352198246238004e-08, 1.9312762944423412e-08, 4.13547085464927e-10, 1.1418400669427342e-09, 6.111829931043644e-10, 2.5879118292770897e-10, 3.572501627857605e-09, 1.972922714088554e-09, 3.9071620938635476e-11, 3.497089551274257e-08, 1.1830500312726144e-07, 0.0006588599062524736, 6.994618662048424e-09, 4.439362783159595e-06, 4.875686045124894e-06, 0.0033459665719419718, 1.0987529094563797e-05, 7.31927138986066e-06, 0.005516566336154938, 0.0019064740044996142, 0.0027739035431295633, 0.002525667892768979, 0.7002977132797241, 0.282945841550827, 0.0, 0.0, 0.0, 0.0, 0.0, 0.0, 0.0, 0.0, 0.0, 0.0]",2.1174183,2.2967463,2.6621778,3.0496268,3.1376262
train__c38__user24__4-3-2,38,Massage_oneself,32,0 1 2 3 4 5 6 7 8 9 10 11 12 13 14 15 16 17 18 19 20 21 22 23 24 25 26 27 28 29 30 31 -1 -1 -1 -1 -1 -1 -1 -1 -1 -1 -1 -1 -1 -1 -1 -1,True,32,True,True,0.75,1.0,27,27,0.16897258,"[1.615291807866015e-06, 2.4808616272409267e-10, 3.4985758734507044e-10, 5.244084491096146e-07, 5.883700282538484e-08, 1.4033898878551554e-06, 1.0166122166310743e-07, 1.0429107533127535e-06, 1.4173734598443843e-05, 1.0929611562460195e-06, 2.152168150360012e-07, 5.082740699435817e-07, 0.00021489307982847095, 1.331499242951395e-05, 3.4391544545542274e-07, 4.2137403966080456e-07, 3.651092015527491e-12, 2.4321512685776536e-12, 2.1309350728415666e-08, 2.152168150360012e-07, 3.113556658718153e-06, 1.5413222627103096e-06, 1.2123437954869587e-05, 2.2426106625061948e-06, 0.0005841399542987347, 0.00022171452292241156, 2.6218774564767955e-06, 0.961635410785675, 0.03728665038943291, 6.733538384651183e-07, 2.9585104144302932e-08, 3.964405748124733e-10, 0.0, 0.0, 0.0, 0.0, 0.0, 0.0, 0.0, 0.0, 0.0, 0.0, 0.0, 0.0, 0.0, 0.0, 0.0, 0.0]",1.9473766,2.1200476,2.492652,2.8999016,2.990684
train__c38__user24__4-3-3,38,Massage_oneself,44,0 1 2 3 4 5 6 7 8 9 10 11 12 13 14 15 16 17 18 19 20 21 22 23 24 25 26 27 28 29 30 31 32 33 34 35 36 37 38 39 40 41 42 43 -1 -1 -1 -1,True,44,True,True,0.5454545454545454,1.0,43,43,1.2400262,"[0.2234562635421753, 5.4301722229865845e-06, 1.0799188203236554e-05, 1.665592606059363e-07, 0.0008445854764431715, 0.00046642441884614527, 0.025071097537875175, 0.0001315610425081104, 2.2412997680021363e-07, 1.2047364180034492e-05, 0.00016119195788633078, 0.01184274721890688, 0.0052551873959600925, 3.9336038071269286e-07, 5.699344551857166e-09, 1.7906809262058232e-06, 5.78038816456683e-06, 8.864512892614584e-07, 3.3889540479448144e-11, 1.021836060211001e-09, 2.47568241462659e-08, 2.423423097752675e-07, 1.2237082955834921e-05, 6.092483886277478e-07, 7.979579822858796e-05, 0.0025611736346036196, 0.005337944254279137, 0.00039895388181321323, 0.0001024598313961178, 0.005682211834937334, 0.002902190200984478, 0.0006577637977898121, 0.0006083320477046072, 5.233136107563041e-05, 0.0007690037600696087, 1.2625529052456841e-05, 0.021444443613290787, 0.0007934145396575332, 0.012606537900865078, 0.04539789259433746, 1.9061698139921646e-06, 7.265490421559662e-05, 0.006540186237543821, 0.6266985535621643, 0.0, 0.0, 0.0, 0.0]",2.2224398,2.3920722,2.7336993,3.1452937,3.2324898
train__c38__user24__7-1-1,38,Massage_oneself,31,0 1 2 3 4 5 6 7 8 9 10 11 12 13 14 15 16 17 18 19 20 21 22 23 24 25 26 27 28 29 30 -1 -1 -1 -1 -1 -1 -1 -1 -1 -1 -1 -1 -1 -1 -1 -1 -1,True,31,True,True,0.7741935483870968,1.0,4,4,0.14686443,"[6.634830640450673e-08, 6.304434196913178e-10, 4.958821797629298e-09, 0.011141286231577396, 0.9720503687858582, 6.99305990892185e-09, 1.7559567390799003e-16, 7.540916133717823e-14, 1.5169152004583498e-15, 3.5975698331816575e-13, 4.619371291730845e-13, 3.3032876434191394e-09, 8.244759374065325e-05, 1.0291706376008847e-10, 7.948067591990841e-15, 6.119672910781526e-13, 3.275624671679467e-13, 5.683620241114795e-11, 1.4658249058996375e-09, 1.8242487520581108e-09, 3.6334167011903284e-12, 1.75331551035586e-13, 8.282075383576198e-14, 5.872871091348875e-14, 2.029609865047098e-14, 2.890728563638423e-13, 7.70353087418442e-15, 2.2037786092526934e-12, 9.57277833391057e-12, 6.494774993370811e-07, 0.016725050285458565, 0.0, 0.0, 0.0, 0.0, 0.0, 0.0, 0.0, 0.0, 0.0, 0.0, 0.0, 0.0, 0.0, 0.0, 0.0, 0.0, 0.0]",2.8037474,2.9068215,2.904566,3.193686,3.3600688
train__c38__user24__7-1-2,38,Massage_oneself,20,0 1 2 3 4 5 6 7 8 9 10 11 12 13 14 15 16 17 18 19 -1 -1 -1 -1 -1 -1 -1 -1 -1 -1 -1 -1 -1 -1 -1 -1 -1 -1 -1 -1 -1 -1 -1 -1 -1 -1 -1 -1,True,20,True,True,1.0,1.0,19,19,7.226826e-11,"[2.1868653618819673e-18, 3.425986288034013e-20, 4.44957940222998e-22, 3.083974375854156e-18, 7.720579427673475e-20, 6.669562965881773e-19, 5.084614291685376e-18, 7.252812668683859e-20, 6.1424546090209015e-21, 2.1685516178551667e-22, 8.492170948415783e-23, 1.1250298779042388e-22, 3.6888307228806584e-22, 1.1250298779042388e-22, 2.4330475601437076e-23, 6.46436168638633e-19, 2.1407025625649755e-17, 5.13527852517782e-17, 2.713416730887319e-12, 1.0, 0.0, 0.0, 0.0, 0.0, 0.0, 0.0, 0.0, 0.0, 0.0, 0.0, 0.0, 0.0, 0.0, 0.0, 0.0, 0.0, 0.0, 0.0, 0.0, 0.0, 0.0, 0.0, 0.0, 0.0, 0.0, 0.0, 0.0, 0.0]",2.7623677,2.8352156,2.8261657,3.101947,3.29377
train__c38__user24__7-1-3,38,Massage_oneself,20,0 1 2 3 4 5 6 7 8 9 10 11 12 13 14 15 16 17 18 19 -1 -1 -1 -1 -1 -1 -1 -1 -1 -1 -1 -1 -1 -1 -1 -1 -1 -1 -1 -1 -1 -1 -1 -1 -1 -1 -1 -1,True,20,True,True,1.0,1.0,19,19,4.952021e-10,"[2.4595237313441332e-29, 1.5521286974863252e-25, 1.193275322811869e-20, 2.389552585749938e-13, 2.0438928056542432e-13, 1.3521580584519092e-20, 1.75879225876483e-25, 1.9421125050902077e-15, 8.558776052365404e-23, 4.491233624608365e-25, 3.650256623683927e-27, 6.599818986788416e-24, 1.4580899448296092e-25, 7.025470581875306e-24, 8.120340287889028e-22, 8.461588338355077e-21, 7.704364264286734e-21, 8.270513738541224e-17, 1.958514080080409e-11, 1.0, 0.0, 0.0, 0.0, 0.0, 0.0, 0.0, 0.0, 0.0, 0.0, 0.0, 0.0, 0.0, 0.0, 0.0, 0.0, 0.0, 0.0, 0.0, 0.0, 0.0, 0.0, 0.0, 0.0, 0.0, 0.0, 0.0, 0.0, 0.0]",2.5776973,2.7220213,2.7343996,2.9390209,3.0876212
train__c39__user17__4-1-1,39,Take_body_temperature,96,0 2 4 6 8 10 12 14 16 18 20 22 24 26 28 30 32 34 36 38 40 42 44 46 49 51 53 55 57 59 61 63 65 67 69 71 73 75 77 79 81 83 85 87 89 91 93 95,False,48,True,True,0.25,1.0,43,87,0.46370885,"[7.221014675451443e-05, 1.9741157302632928e-05, 3.826997726719128e-06, 7.988163019945205e-09, 2.995746706258018e-11, 4.198117886850851e-14, 3.798397160103497e-17, 8.981556868027768e-35, 4.620550471864471e-39, 2.6904930515036488e-43, 0.0, 2.0844851269933996e-20, 2.2043409956649793e-38, 6.319157641598849e-09, 7.57895861625002e-08, 4.5899563701823354e-05, 0.00032362344791181386, 0.0009813759243115783, 0.0006851108628325164, 0.006202487275004387, 0.029590411111712456, 0.0011654128320515156, 0.0646314024925232, 0.0029298472218215466, 3.092688416472811e-07, 1.611226070963312e-05, 1.5309917955619312e-07, 0.00013075568131171167, 0.0009511822136119008, 6.11552468399168e-06, 8.62427259562537e-06, 2.713747562665958e-06, 5.745003818447003e-06, 5.4819211072754115e-06, 5.09898086420435e-07, 1.107378466258524e-05, 3.68817956210193e-18, 7.850242896748003e-21, 0.0, 2.2417297931198257e-30, 7.747211657936147e-31, 2.095769946475201e-10, 4.097146018011699e-07, 0.8922089338302612, 2.7292878712614765e-07, 2.3344834687577531e-07, 1.4861234465257667e-10, 1.8573034665791965e-08]",2.0813072,2.367137,2.684153,3.0715141,3.2476838
train__c39__user17__4-1-2,39,Take_body_temperature,31,0 1 2 3 4 5 6 7 8 9 10 11 12 13 14 15 16 17 18 19 20 21 22 23 24 25 26 27 28 29 30 -1 -1 -1 -1 -1 -1 -1 -1 -1 -1 -1 -1 -1 -1 -1 -1 -1,True,31,True,True,0.7741935483870968,1.0,15,15,1.5699769,"[6.765538351771738e-09, 1.9366478648983723e-28, 1.1866802028873136e-12, 1.5992582378762557e-15, 3.34223378351101e-36, 1.1238757743999005e-23, 1.5361557827128422e-23, 9.73807717039275e-29, 2.6434639199823806e-11, 7.475365289373824e-21, 3.2923005619522883e-06, 3.776073620453957e-10, 3.4327477248545166e-14, 1.5347614964427282e-16, 0.010447172448039055, 0.4955688416957855, 0.000647317327093333, 0.00036028632894158363, 1.1137710316688754e-05, 9.472344390815124e-05, 0.015200545080006123, 0.021436206996440887, 0.06106606498360634, 0.23777653276920319, 0.07964516431093216, 0.02667778916656971, 0.016180895268917084, 0.0189173836261034, 0.015683060511946678, 0.0002827919670380652, 7.81989967890695e-07, 0.0, 0.0, 0.0, 0.0, 0.0, 0.0, 0.0, 0.0, 0.0, 0.0, 0.0, 0.0, 0.0, 0.0, 0.0, 0.0, 0.0]",1.5673171,1.861126,2.213991,2.6463106,2.836925
train__c39__user17__4-1-3,39,Take_body_temperature,26,0 1 2 3 4 5 6 7 8 9 10 11 12 13 14 15 16 17 18 19 20 21 22 23 24 25 -1 -1 -1 -1 -1 -1 -1 -1 -1 -1 -1 -1 -1 -1 -1 -1 -1 -1 -1 -1 -1 -1,True,26,True,True,0.9230769230769232,1.0,0,0,0.54320234,"[0.7688556909561157, 5.665802018484101e-05, 3.6835069716634194e-11, 2.121664423968645e-30, 5.717205670628141e-23, 0.0, 3.513865200574696e-39, 1.1469609463798061e-29, 1.183884533375451e-13, 1.3193229619901103e-07, 5.007585457406094e-08, 1.1759948483763827e-12, 0.00010100385406985879, 1.2453705194913692e-14, 2.07558628062543e-07, 0.00013380836753640324, 2.1033011215945002e-13, 4.869665978060989e-25, 6.362787655156444e-39, 3.211893089777224e-26, 8.202978227234148e-12, 2.894945025887219e-13, 2.7597117608453307e-35, 8.644692940893592e-27, 1.2088879824195432e-30, 0.23085233569145203, 0.0, 0.0, 0.0, 0.0, 0.0, 0.0, 0.0, 0.0, 0.0, 0.0, 0.0, 0.0, 0.0, 0.0, 0.0, 0.0, 0.0, 0.0, 0.0, 0.0, 0.0, 0.0]",1.8959504,2.154544,2.3416119,2.6557496,2.8574605
train__c39__user17__7-1-1,39,Take_body_temperature,39,0 1 2 3 4 5 6 7 8 9 10 11 12 13 14 15 16 17 18 19 20 21 22 23 24 25 26 27 28 29 30 31 32 33 34 35 36 37 38 -1 -1 -1 -1 -1 -1 -1 -1 -1,True,39,True,True,0.6153846153846154,1.0,28,28,0.12159651,"[2.5276778644919055e-37, 6.124003426082751e-36, 1.1294213669593223e-30, 8.064282853776501e-24, 2.3866460896002236e-16, 2.424230264958877e-16, 5.2427656826954105e-17, 3.077426890250347e-14, 6.589741099697493e-16, 2.3766315545447482e-18, 5.3638906483977544e-21, 3.1532686367050443e-21, 4.835693620068773e-22, 7.816171899588199e-24, 3.0260999673800928e-22, 2.957766053122959e-18, 2.8710837255508216e-21, 1.0264836269239223e-16, 5.302982528773862e-19, 1.1950455119409524e-18, 1.232980325025364e-18, 8.643859391911318e-17, 5.517523066987098e-15, 6.184869505432289e-09, 2.1252635207247295e-08, 1.911959340850089e-10, 1.5826856269995915e-07, 0.00031092320568859577, 0.9741792678833008, 0.025508640334010124, 9.771165423444472e-07, 2.25149387252533e-14, 1.1950455119409524e-18, 7.73905778787445e-25, 1.3854493972422683e-22, 3.4579785063508727e-18, 3.3515879835303743e-18, 1.7408587071887638e-10, 5.9568907966045526e-12, 0.0, 0.0, 0.0, 0.0, 0.0, 0.0, 0.0, 0.0, 0.0]",2.3062515,2.375318,2.41898,2.7671325,2.96283
train__c39__user17__7-1-2,39,Take_body_temperature,28,0 1 2 3 4 5 6 7 8 9 10 11 12 13 14 15 16 17 18 19 20 21 22 23 24 25 26 27 -1 -1 -1 -1 -1 -1 -1 -1 -1 -1 -1 -1 -1 -1 -1 -1 -1 -1 -1 -1,True,28,True,True,0.8571428571428571,1.0,26,26,0.0133776795,"[1.345336175795353e-09, 6.939771868275102e-09, 5.416075055109104e-08, 6.464717541669607e-13, 1.5818640841658294e-10, 2.496125362730638e-16, 1.2461068418442856e-12, 1.966311920410269e-18, 4.1689535326599634e-21, 1.1271371463368044e-30, 3.1563792376510305e-27, 4.284574512169022e-34, 5.324218755128563e-31, 1.401298464324817e-45, 1.490968007207609e-27, 2.1235526974687211e-26, 9.409034317384129e-24, 2.3287582552073173e-23, 9.344294236494406e-31, 4.140268379428946e-28, 6.511530709559462e-17, 3.11115759873418e-19, 1.0967208065939432e-17, 2.985687095259986e-20, 1.4077794503464247e-06, 0.0017978689866140485, 0.9981843829154968, 1.6237545423791744e-05, 0.0, 0.0, 0.0, 0.0, 0.0, 0.0, 0.0, 0.0, 0.0, 0.0, 0.0, 0.0, 0.0, 0.0, 0.0, 0.0, 0.0, 0.0, 0.0, 0.0]",2.0739229,2.1778898,2.1437788,2.3356493,2.5126162
train__c39__user17__7-1-3,39,Take_body_temperature,23,0 1 2 3 4 5 6 7 8 9 10 11 12 13 14 15 16 17 18 19 20 21 22 -1 -1 -1 -1 -1 -1 -1 -1 -1 -1 -1 -1 -1 -1 -1 -1 -1 -1 -1 -1 -1 -1 -1 -1 -1,True,23,True,True,1.0,1.0,6,6,0.4159233,"[1.6845025748967444e-15, 1.3118920402457488e-15, 2.5577820821013605e-17, 3.732771789914407e-23, 2.2195871141412507e-25, 7.350263549216522e-24, 0.8539086580276489, 4.188053868348394e-24, 5.219968876673233e-27, 1.1675178185344137e-11, 7.27774622860511e-25, 1.1497746143437219e-22, 1.1577405141749387e-15, 1.2608809719904127e-19, 5.746723930055708e-11, 9.474745987780864e-11, 1.2803388571569485e-08, 2.5462576047630137e-08, 4.859618041308522e-09, 2.627084683126668e-08, 2.0257902022535745e-09, 4.703018021245953e-06, 0.14608654379844666, 0.0, 0.0, 0.0, 0.0, 0.0, 0.0, 0.0, 0.0, 0.0, 0.0, 0.0, 0.0, 0.0, 0.0, 0.0, 0.0, 0.0, 0.0, 0.0, 0.0, 0.0, 0.0, 0.0, 0.0, 0.0]",2.2621515,2.496335,2.4610064,2.537694,2.665757
train__c39__user23__7-2-1,39,Take_body_temperature,30,0 1 2 3 4 5 6 7 8 9 10 11 12 13 14 15 16 17 18 19 20 21 22 23 24 25 26 27 28 29 -1 -1 -1 -1 -1 -1 -1 -1 -1 -1 -1 -1 -1 -1 -1 -1 -1 -1,True,30,True,True,0.8,1.0,14,14,0.63339293,"[2.3242455426952802e-07, 1.256475229638454e-06, 9.996455219152267e-08, 6.072289893133131e-11, 1.7173979358631186e-06, 1.584051639857975e-11, 3.218195892065734e-12, 1.4544757220846805e-07, 1.4566667316806559e-10, 1.119884109357372e-05, 0.011903173290193081, 1.5330059000007168e-08, 9.484372753831849e-07, 1.313224876065e-11, 0.7364233136177063, 1.867583705461584e-07, 0.0005068982718512416, 2.361581416889652e-18, 2.0278483134461567e-05, 7.862821007620369e-07, 9.34023561809562e-18, 3.048746677336567e-08, 4.636251235354272e-13, 1.1839081147727026e-12, 1.4182399343133794e-19, 1.413976628925756e-13, 2.0431682631899428e-20, 6.528326768062698e-10, 0.2505554258823395, 0.0005743910442106426, 0.0, 0.0, 0.0, 0.0, 0.0, 0.0, 0.0, 0.0, 0.0, 0.0, 0.0, 0.0, 0.0, 0.0, 0.0, 0.0, 0.0, 0.0]",2.3315265,2.5289698,2.4917498,2.6360242,2.8333793
train__c39__user23__7-2-2,39,Take_body_temperature,29,0 1 2 3 4 5 6 7 8 9 10 11 12 13 14 15 16 17 18 19 20 21 22 23 24 25 26 27 28 -1 -1 -1 -1 -1 -1 -1 -1 -1 -1 -1 -1 -1 -1 -1 -1 -1 -1 -1,True,29,True,True,0.8275862068965517,1.0,2,2,0.09289559,"[1.6297986960012167e-08, 4.336733354648459e-07, 0.9820021390914917, 1.7595819372218102e-05, 0.017432626336812973, 0.0005142252193763852, 5.986675660096807e-06, 1.4587445548386313e-05, 1.2477303243940696e-05, 5.617249083955146e-14, 9.052144034349396e-10, 5.129984166006932e-20, 4.753084775256034e-34, 2.207045081311587e-42, 8.407790785948902e-45, 7.50916076880847e-32, 5.232726770627283e-18, 7.636526972224933e-24, 0.0, 0.0, 0.0, 0.0, 1.2705573176033116e-41, 2.717946701036311e-10, 2.1320673091601572e-14, 3.335114031732117e-13, 2.206378752864898e-20, 1.9002907700096244e-13, 3.954588878585241e-10, 0.0, 0.0, 0.0, 0.0, 0.0, 0.0, 0.0, 0.0, 0.0, 0.0, 0.0, 0.0, 0.0, 0.0, 0.0, 0.0, 0.0, 0.0, 0.0]",2.797262,3.1103182,3.1047633,3.2552385,3.4419541
train__c39__user23__7-2-3,39,Take_body_temperature,28,0 1 2 3 4 5 6 7 8 9 10 11 12 13 14 15 16 17 18 19 20 21 22 23 24 25 26 27 -1 -1 -1 -1 -1 -1 -1 -1 -1 -1 -1 -1 -1 -1 -1 -1 -1 -1 -1 -1,True,28,True,True,0.8571428571428571,1.0,27,27,1.1433554,"[4.256594721141482e-08, 4.755727756045047e-11, 1.4816922645419228e-12, 1.0964799997592502e-14, 1.664916976164518e-16, 8.938528012340281e-23, 1.5734903016129618e-28, 0.0, 0.0, 0.0, 0.0, 3.2499500313143415e-10, 7.524653643231627e-12, 3.993928164706701e-16, 3.0147750183396748e-16, 6.319311802303369e-17, 1.5616921276127849e-13, 1.3036582231507055e-06, 0.15644922852516174, 0.14582671225070953, 0.09638557583093643, 0.003350070910528302, 0.0022845498751848936, 7.343673496507108e-05, 2.0509421574388398e-06, 1.1802357221313287e-05, 0.0005511732888408005, 0.5950640439987183, 0.0, 0.0, 0.0, 0.0, 0.0, 0.0, 0.0, 0.0, 0.0, 0.0, 0.0, 0.0, 0.0, 0.0, 0.0, 0.0, 0.0, 0.0, 0.0, 0.0]",2.7577305,3.0032527,3.0113091,3.2487223,3.3897197
train__c39__user24__5-2-1,39,Take_body_temperature,14,0 1 2 3 4 5 6 7 8 9 10 11 12 13 -1 -1 -1 -1 -1 -1 -1 -1 -1 -1 -1 -1 -1 -1 -1 -1 -1 -1 -1 -1 -1 -1 -1 -1 -1 -1 -1 -1 -1 -1 -1 -1 -1 -1,True,14,True,True,1.0,1.0,13,13,0.000356475,"[5.0086176254637155e-14, 1.52295029920424e-08, 1.0060076686621566e-12, 3.7603457128815926e-24, 4.5535387960260465e-11, 6.825389675668703e-08, 2.5260845442927832e-20, 5.1598354061654916e-11, 9.573513785725375e-18, 6.242714877580959e-17, 4.910275935617189e-16, 1.3750494883349451e-12, 3.12019074044656e-05, 0.9999686479568481, 0.0, 0.0, 0.0, 0.0, 0.0, 0.0, 0.0, 0.0, 0.0, 0.0, 0.0, 0.0, 0.0, 0.0, 0.0, 0.0, 0.0, 0.0, 0.0, 0.0, 0.0, 0.0, 0.0, 0.0, 0.0, 0.0, 0.0, 0.0, 0.0, 0.0, 0.0, 0.0, 0.0, 0.0]",2.3778534,2.6501448,2.6336591,2.684489,2.7761738
train__c39__user24__5-2-2,39,Take_body_temperature,11,0 1 2 3 4 5 6 7 8 9 10 -1 -1 -1 -1 -1 -1 -1 -1 -1 -1 -1 -1 -1 -1 -1 -1 -1 -1 -1 -1 -1 -1 -1 -1 -1 -1 -1 -1 -1 -1 -1 -1 -1 -1 -1 -1 -1,True,11,True,True,1.0,1.0,10,10,8.6522306e-08,"[3.8531378862326857e-31, 1.065156849810902e-22, 7.467326127795574e-21, 1.222682884466556e-27, 1.4273108849348911e-24, 2.0974181683196517e-23, 6.809320327262033e-24, 9.907502112757898e-24, 1.9068484135650637e-20, 4.501973460691033e-09, 1.0, 0.0, 0.0, 0.0, 0.0, 0.0, 0.0, 0.0, 0.0, 0.0, 0.0, 0.0, 0.0, 0.0, 0.0, 0.0, 0.0, 0.0, 0.0, 0.0, 0.0, 0.0, 0.0, 0.0, 0.0, 0.0, 0.0, 0.0, 0.0, 0.0, 0.0, 0.0, 0.0, 0.0, 0.0, 0.0, 0.0, 0.0]",2.3842776,2.663457,2.6573255,2.734282,2.8316936
train__c39__user24__5-2-3,39,Take_body_temperature,7,0 1 2 3 4 5 6 -1 -1 -1 -1 -1 -1 -1 -1 -1 -1 -1 -1 -1 -1 -1 -1 -1 -1 -1 -1 -1 -1 -1 -1 -1 -1 -1 -1 -1 -1 -1 -1 -1 -1 -1 -1 -1 -1 -1 -1 -1,True,7,True,True,1.0,1.0,6,6,3.0580668e-14,"[1.6472656956609696e-19, 2.7678293012408834e-36, 1.4815121963806348e-36, 7.828124695685168e-32, 4.1238491671591654e-21, 1.1065823711387392e-15, 1.0, 0.0, 0.0, 0.0, 0.0, 0.0, 0.0, 0.0, 0.0, 0.0, 0.0, 0.0, 0.0, 0.0, 0.0, 0.0, 0.0, 0.0, 0.0, 0.0, 0.0, 0.0, 0.0, 0.0, 0.0, 0.0, 0.0, 0.0, 0.0, 0.0, 0.0, 0.0, 0.0, 0.0, 0.0, 0.0, 0.0, 0.0, 0.0, 0.0, 0.0, 0.0]",1.8166249,2.1973853,2.2661958,2.3855262,2.550565
train__c39__user24__7-1-1,39,Take_body_temperature,38,0 1 2 3 4 5 6 7 8 9 10 11 12 13 14 15 16 17 18 19 20 21 22 23 24 25 26 27 28 29 30 31 32 33 34 35 36 37 -1 -1 -1 -1 -1 -1 -1 -1 -1 -1,True,38,True,True,0.631578947368421,1.0,0,0,0.34740445,"[0.8913136124610901, 4.110281588509679e-05, 7.868262465182685e-12, 0.1081286147236824, 5.415918500348629e-15, 1.484632278225817e-10, 1.4247581413273647e-11, 0.0005166298360563815, 7.147043208633424e-28, 5.871833574921936e-10, 1.2737019716320126e-16, 7.10413891460911e-16, 8.471921894483841e-14, 2.8660141751166157e-13, 9.681017099083533e-10, 1.484632278225817e-10, 9.710206771613192e-16, 7.89198546776124e-18, 6.895940586046458e-19, 7.487707064512481e-17, 1.8716912446466692e-15, 1.8168383157704056e-18, 4.692746187734205e-20, 2.67384598199989e-20, 2.0618486509842898e-21, 2.383173002226394e-19, 5.716934726568368e-19, 1.8931891129015508e-17, 1.4935981883802343e-22, 3.9021531611190133e-26, 7.190216563281712e-40, 8.042936682305043e-35, 3.417817417972202e-11, 4.345267201610881e-12, 1.3988878825824818e-16, 6.404575594611865e-17, 2.2974132426369217e-29, 4.664575570245688e-08, 0.0, 0.0, 0.0, 0.0, 0.0, 0.0, 0.0, 0.0, 0.0, 0.0]",3.4935417,3.6029162,3.5166788,3.5761297,3.6984503
train__c39__user24__7-1-2,39,Take_body_temperature,10,0 1 2 3 4 5 6 7 8 9 -1 -1 -1 -1 -1 -1 -1 -1 -1 -1 -1 -1 -1 -1 -1 -1 -1 -1 -1 -1 -1 -1 -1 -1 -1 -1 -1 -1 -1 -1 -1 -1 -1 -1 -1 -1 -1 -1,True,10,True,True,1.0,1.0,9,9,0.0036673697,"[2.3522556211176377e-24, 5.733411707175801e-35, 2.194535340626402e-31, 5.924320524890131e-38, 3.409210962376693e-37, 3.582480664604159e-32, 1.68208550811722e-20, 1.6886478704236652e-07, 0.0004173156921751797, 0.9995825886726379, 0.0, 0.0, 0.0, 0.0, 0.0, 0.0, 0.0, 0.0, 0.0, 0.0, 0.0, 0.0, 0.0, 0.0, 0.0, 0.0, 0.0, 0.0, 0.0, 0.0, 0.0, 0.0, 0.0, 0.0, 0.0, 0.0, 0.0, 0.0, 0.0, 0.0, 0.0, 0.0, 0.0, 0.0, 0.0, 0.0, 0.0, 0.0]",2.3797698,2.7589636,2.8065534,2.86937,2.9544132
train__c39__user24__7-1-3,39,Take_body_temperature,13,0 1 2 3 4 5 6 7 8 9 10 11 12 -1 -1 -1 -1 -1 -1 -1 -1 -1 -1 -1 -1 -1 -1 -1 -1 -1 -1 -1 -1 -1 -1 -1 -1 -1 -1 -1 -1 -1 -1 -1 -1 -1 -1 -1,True,13,True,True,1.0,1.0,12,12,2.2090816e-09,"[7.435992850319234e-23, 6.807201829127363e-13, 3.512514567656372e-23, 5.473144171345544e-35, 1.4730768011359775e-35, 6.00203183750197e-32, 8.09844836411484e-27, 5.296774018322175e-32, 1.2248749876663226e-41, 1.4018309577412605e-40, 3.6044998778469685e-33, 9.4906874026357e-11, 1.0, 0.0, 0.0, 0.0, 0.0, 0.0, 0.0, 0.0, 0.0, 0.0, 0.0, 0.0, 0.0, 0.0, 0.0, 0.0, 0.0, 0.0, 0.0, 0.0, 0.0, 0.0, 0.0, 0.0, 0.0, 0.0, 0.0, 0.0, 0.0, 0.0, 0.0, 0.0, 0.0, 0.0, 0.0, 0.0]",1.9967512,2.4251838,2.4962082,2.617449,2.6939695
