sample_id,true_action,base_prediction,mobilenet_prediction,resnet18_prediction,base_confidence,mobilenet_confidence,resnet18_confidence,mobilenet_outcome,resnet18_outcome,mobilenet_true_rank,resnet18_true_rank,mobilenet_selected_view_weights,resnet18_selected_view_weights,view_valid_count,hand_head_roi_valid,two_hand_roi_valid
train__c00__user23__1-1-1,Wash_face,Wash_face,Wash_face,Wash_face,0.9507269674996086,0.9585182764086226,0.9520244289521929,retained_correct,retained_correct,1,1,"{""global_context"": 0.7598027074059774, ""left_interaction"": 0.012832988140194915, ""right_interaction"": 0.033610122148380724, ""hand_head_union"": 0.0, ""two_hand_table_context"": 0.19375421834546466}","{""global_context"": 0.999557051547738, ""left_interaction"": 0.00040529352114644163, ""right_interaction"": 2.9367202524702217e-05, ""hand_head_union"": 0.0, ""two_hand_table_context"": 8.2385424405423e-06}",172,False,True
train__c00__user23__1-1-2,Wash_face,Wash_face,Wash_face,Wash_face,0.8656943447087642,0.8686956425963009,0.8665908535480393,retained_correct,retained_correct,1,1,"{""global_context"": 0.883742984972502, ""left_interaction"": 0.0007148904137705502, ""right_interaction"": 0.009877936620461313, ""hand_head_union"": 0.0, ""two_hand_table_context"": 0.10566430342824835}","{""global_context"": 0.9993586289255243, ""left_interaction"": 0.0004388480202147835, ""right_interaction"": 0.000200076690433841, ""hand_head_union"": 0.0, ""two_hand_table_context"": 2.4576850256907117e-06}",75,False,True
train__c00__user23__1-1-3,Wash_face,Wash_face,Wash_face,Wash_face,0.8689241588032955,0.8700220724529122,0.8702584602779275,retained_correct,retained_correct,1,1,"{""global_context"": 0.9705565770467123, ""left_interaction"": 0.0019275479846530491, ""right_interaction"": 0.010544300907187991, ""hand_head_union"": 0.0, ""two_hand_table_context"": 0.016971594757503934}","{""global_context"": 0.9997283087836372, ""left_interaction"": 0.00021791429672804143, ""right_interaction"": 5.3280809273322426e-05, ""hand_head_union"": 0.0, ""two_hand_table_context"": 4.216267876068337e-07}",72,False,True
train__c00__user24__6-2-1,Wash_face,Wash_face,Wash_face,Wash_face,0.8046191292567139,0.8211572771454133,0.8113997437415316,retained_correct,retained_correct,1,1,"{""global_context"": 0.9998688834054129, ""left_interaction"": 4.871792293020657e-05, ""right_interaction"": 5.1812897436320784e-05, ""hand_head_union"": 0.0, ""two_hand_table_context"": 3.0674020360623084e-05}","{""global_context"": 0.9999448503766741, ""left_interaction"": 5.3789227136543816e-05, ""right_interaction"": 8.020257415150159e-07, ""hand_head_union"": 0.0, ""two_hand_table_context"": 5.722850411465125e-07}",132,False,True
train__c00__user24__6-2-2,Wash_face,Wash_face,Wash_face,Wash_face,0.848068672204762,0.8590478084950586,0.8514719256907949,retained_correct,retained_correct,1,1,"{""global_context"": 0.9786129731398362, ""left_interaction"": 0.005432807482205904, ""right_interaction"": 0.013291562979037944, ""hand_head_union"": 0.0, ""two_hand_table_context"": 0.0026628019718023446}","{""global_context"": 0.9999923706054688, ""left_interaction"": 7.0310220158157444e-06, ""right_interaction"": 5.544914599270739e-07, ""hand_head_union"": 0.0, ""two_hand_table_context"": 2.0582202663577985e-07}",96,False,True
train__c00__user24__6-2-3,Wash_face,Wash_face,Wash_face,Wash_face,0.8158219504184903,0.8184902179012514,0.817997236415107,retained_correct,retained_correct,1,1,"{""global_context"": 0.9951491636388442, ""left_interaction"": 0.00014254428884562324, ""right_interaction"": 0.0012203728889717774, ""hand_head_union"": 0.0, ""two_hand_table_context"": 0.0034879055969855364}","{""global_context"": 0.9999991024241728, ""left_interaction"": 6.90381378209328e-07, ""right_interaction"": 2.442034469020334e-07, ""hand_head_union"": 0.0, ""two_hand_table_context"": 9.543274406014996e-09}",64,False,True
train__c00__user24__7-1-1,Wash_face,Wash_face,Wash_face,Wash_face,0.8641504838626002,0.8815198471962569,0.8671931823346436,retained_correct,retained_correct,1,1,"{""global_context"": 0.8986265120967742, ""left_interaction"": 0.003403887633354433, ""right_interaction"": 0.09313085002283897, ""hand_head_union"": 0.0, ""two_hand_table_context"": 0.004838710831057641}","{""global_context"": 0.9999902171473349, ""left_interaction"": 9.183147584178275e-06, ""right_interaction"": 2.079096086691284e-07, ""hand_head_union"": 0.0, ""two_hand_table_context"": 4.374206553386044e-07}",115,False,True
train__c00__user24__7-1-2,Wash_face,Wash_face,Wash_face,Wash_face,0.6296089334683564,0.6346159717481015,0.631569764223812,retained_correct,retained_correct,1,1,"{""global_context"": 0.8921353022257487, ""left_interaction"": 0.030215644836425783, ""right_interaction"": 0.07728517850240071, ""hand_head_union"": 0.0, ""two_hand_table_context"": 0.0003638868841032187}","{""global_context"": 0.9999471664428711, ""left_interaction"": 5.1665034455557664e-05, ""right_interaction"": 8.959373493174401e-07, ""hand_head_union"": 0.0, ""two_hand_table_context"": 2.8490158001659436e-07}",57,False,True
train__c00__user24__7-1-3,Wash_face,Wash_face,Wash_face,Wash_face,0.8258053278808936,0.8306403564285632,0.8269878901909541,retained_correct,retained_correct,1,1,"{""global_context"": 0.8389670962379092, ""left_interaction"": 0.0031400596102078757, ""right_interaction"": 0.14276481810070218, ""hand_head_union"": 0.0, ""two_hand_table_context"": 0.01512799376533145}","{""global_context"": 0.9999139876592726, ""left_interaction"": 8.398303318591345e-05, ""right_interaction"": 6.260121327137486e-07, ""hand_head_union"": 0.0, ""two_hand_table_context"": 1.4710416767879257e-06}",80,False,True
train__c00__user4__1-1-1,Wash_face,Wash_face,Wash_face,Wash_face,0.9558157513099951,0.9614929212657902,0.9571050113851809,retained_correct,retained_correct,1,1,"{""global_context"": 0.8452608925955636, ""left_interaction"": 0.0036013626626559664, ""right_interaction"": 0.05981396493457612, ""hand_head_union"": 0.0, ""two_hand_table_context"": 0.09132380144936698}","{""global_context"": 0.8906669616699219, ""left_interaction"": 0.1070268948872884, ""right_interaction"": 0.0006309384036631812, ""hand_head_union"": 0.0, ""two_hand_table_context"": 0.0016752823832489195}",168,False,True
train__c00__user4__1-1-2,Wash_face,Wash_face,Wash_face,Wash_face,0.96009420218176,0.9655675462760949,0.9609179554523187,retained_correct,retained_correct,1,1,"{""global_context"": 0.7932906945546468, ""left_interaction"": 0.015365625421206156, ""right_interaction"": 0.018966461221377056, ""hand_head_union"": 0.0, ""two_hand_table_context"": 0.1723771890004476}","{""global_context"": 0.9614740212758383, ""left_interaction"": 0.018628742545843124, ""right_interaction"": 0.018531035631895065, ""hand_head_union"": 0.0, ""two_hand_table_context"": 0.0013660183176398277}",186,False,True
train__c00__user4__1-1-3,Wash_face,Wash_face,Wash_face,Wash_face,0.9529856847906163,0.9595671648743834,0.954207943287263,retained_correct,retained_correct,1,1,"{""global_context"": 0.6092583440965221, ""left_interaction"": 0.06189037138415921, ""right_interaction"": 0.06904112139055806, ""hand_head_union"": 0.0, ""two_hand_table_context"": 0.25981017081968244}","{""global_context"": 0.9563574637136152, ""left_interaction"": 0.035426974296569824, ""right_interaction"": 0.007073100536100326, ""hand_head_union"": 0.0, ""two_hand_table_context"": 0.0011424329732694933}",121,False,True
train__c01__user17__1-1-1,Brush_teeth,Brush_teeth,Brush_teeth,Brush_teeth,0.643003349944429,0.6530128712054075,0.6442602232685218,retained_correct,retained_correct,1,1,"{""global_context"": 0.9349307060241699, ""left_interaction"": 0.00012846071040257813, ""right_interaction"": 0.0649407982826233, ""hand_head_union"": 0.0, ""two_hand_table_context"": 0.0}","{""global_context"": 0.9760704040527344, ""left_interaction"": 0.023922094702720643, ""right_interaction"": 7.464089867426082e-06, ""hand_head_union"": 0.0, ""two_hand_table_context"": 0.0}",53,False,False
train__c01__user17__1-1-2,Brush_teeth,Brush_teeth,Brush_teeth,Brush_teeth,0.4550236461845078,0.4626587124433731,0.45769466739932646,retained_correct,retained_correct,1,1,"{""global_context"": 0.2066865348815918, ""left_interaction"": 0.593537712097168, ""right_interaction"": 0.19977581024169921, ""hand_head_union"": 0.0, ""two_hand_table_context"": 0.0}","{""global_context"": 0.9937273406982422, ""left_interaction"": 0.006269422769546509, ""right_interaction"": 3.224910469725728e-06, ""hand_head_union"": 0.0, ""two_hand_table_context"": 0.0}",75,False,False
train__c01__user17__1-1-3,Brush_teeth,Comb_hair,Comb_hair,Comb_hair,0.4723525406323319,0.480166950351001,0.4757877205501397,unchanged_wrong,unchanged_wrong,2,2,"{""global_context"": 0.6176180044809977, ""left_interaction"": 0.03659538924694061, ""right_interaction"": 0.3457866907119751, ""hand_head_union"": 0.0, ""two_hand_table_context"": 0.0}","{""global_context"": 0.9991788069407145, ""left_interaction"": 0.0008206598771115144, ""right_interaction"": 5.527234634428169e-07, ""hand_head_union"": 0.0, ""two_hand_table_context"": 0.0}",72,False,False
train__c01__user23__1-1-1,Brush_teeth,Comb_hair,Comb_hair,Comb_hair,0.5419245598708387,0.6949586946480423,0.5860726132233468,unchanged_wrong,unchanged_wrong,2,3,"{""global_context"": 0.17359481713710687, ""left_interaction"": 0.7548385033240685, ""right_interaction"": 0.07156671621860602, ""hand_head_union"": 0.0, ""two_hand_table_context"": 0.0}","{""global_context"": 0.9999582339555789, ""left_interaction"": 2.744664939550253e-05, ""right_interaction"": 1.4449162289309195e-05, ""hand_head_union"": 0.0, ""two_hand_table_context"": 0.0}",117,False,False
train__c01__user23__1-1-2,Brush_teeth,Brush_teeth,Brush_teeth,Brush_teeth,0.3017145760511584,0.3029273341163814,0.30231379761121596,retained_correct,retained_correct,1,1,"{""global_context"": 0.8343987464904785, ""left_interaction"": 0.0018478985875844955, ""right_interaction"": 0.16375336050987244, ""hand_head_union"": 0.0, ""two_hand_table_context"": 0.0}","{""global_context"": 0.9985880255699158, ""left_interaction"": 0.0014062923146411777, ""right_interaction"": 5.776738362328615e-06, ""hand_head_union"": 0.0, ""two_hand_table_context"": 0.0}",48,False,False
train__c01__user23__1-1-3,Brush_teeth,Put_on_clothes,Put_on_clothes,Put_on_clothes,0.29908906382482214,0.31107716286840476,0.29977233182668167,unchanged_wrong,unchanged_wrong,2,2,"{""global_context"": 0.9579554848048998, ""left_interaction"": 2.355317321970411e-05, ""right_interaction"": 0.04202114758284196, ""hand_head_union"": 0.0, ""two_hand_table_context"": 0.0}","{""global_context"": 0.9970820883046025, ""left_interaction"": 0.0028588156337323394, ""right_interaction"": 5.923599794345058e-05, ""hand_head_union"": 0.0, ""two_hand_table_context"": 0.0}",69,False,False
train__c01__user24__6-2-1,Brush_teeth,Brush_teeth,Brush_teeth,Brush_teeth,0.648380476042057,0.6614310854185332,0.6495792084109328,retained_correct,retained_correct,1,1,"{""global_context"": 0.9976507333608774, ""left_interaction"": 0.002316172879475814, ""right_interaction"": 3.313078195787966e-05, ""hand_head_union"": 0.0, ""two_hand_table_context"": 0.0}","{""global_context"": 0.9999918570885291, ""left_interaction"": 4.1778170830534345e-06, ""right_interaction"": 3.8340692229282395e-06, ""hand_head_union"": 0.0, ""two_hand_table_context"": 0.0}",67,False,False
train__c01__user24__6-2-2,Brush_teeth,Brush_teeth,Brush_teeth,Brush_teeth,0.5203741174592051,0.5438857377898314,0.5232279056725245,retained_correct,retained_correct,1,1,"{""global_context"": 0.0017544255824759603, ""left_interaction"": 0.0003924775228369981, ""right_interaction"": 0.9205036759376526, ""hand_head_union"": 0.0, ""two_hand_table_context"": 0.07734940201044083}","{""global_context"": 0.9996390342712402, ""left_interaction"": 0.00035563408164307475, ""right_interaction"": 1.593726040027832e-07, ""hand_head_union"": 0.0, ""two_hand_table_context"": 5.2255045375204645e-06}",32,False,True
train__c01__user24__6-2-3,Brush_teeth,Take_a_selfie,Take_a_selfie,Massage_oneself,0.1572451301380884,0.31964203937402436,0.1660627780495164,unchanged_wrong,changed_wrong,6,8,"{""global_context"": 0.9956981539726257, ""left_interaction"": 5.32100159489346e-07, ""right_interaction"": 0.004059374798089266, ""hand_head_union"": 0.0, ""two_hand_table_context"": 0.0002419581142021343}","{""global_context"": 0.999862015247345, ""left_interaction"": 0.0001373729173792526, ""right_interaction"": 3.2313323572452646e-07, ""hand_head_union"": 0.0, ""two_hand_table_context"": 2.759476842584263e-07}",16,False,True
train__c01__user24__7-1-1,Brush_teeth,Brush_teeth,Brush_teeth,Brush_teeth,0.5060576531186123,0.5158456450524227,0.50812615394056,retained_correct,retained_correct,1,1,"{""global_context"": 0.5593173503875732, ""left_interaction"": 0.002625349909067154, ""right_interaction"": 0.3935399055480957, ""hand_head_union"": 0.0, ""two_hand_table_context"": 0.0445173035065333}","{""global_context"": 0.9998452663421631, ""left_interaction"": 0.00014095463363143304, ""right_interaction"": 4.961531885783188e-06, ""hand_head_union"": 0.0, ""two_hand_table_context"": 8.88617372159691e-06}",43,False,True
train__c01__user24__7-1-2,Brush_teeth,Wipe_hands,Wipe_hands,Wipe_hands,0.651201063721543,0.6812399625725873,0.6619906324666021,unchanged_wrong,unchanged_wrong,2,2,"{""global_context"": 0.3310558994611104, ""left_interaction"": 0.004752109758555889, ""right_interaction"": 0.6641919612884521, ""hand_head_union"": 0.0, ""two_hand_table_context"": 1.0912413491344827e-08}","{""global_context"": 0.9997074604034424, ""left_interaction"": 0.00021454199062039456, ""right_interaction"": 6.6695914332134025e-06, ""hand_head_union"": 0.0, ""two_hand_table_context"": 7.13335854622225e-05}",10,False,True
train__c01__user24__7-1-3,Brush_teeth,Wipe_hands,Wipe_hands,Wipe_hands,0.4016912500436889,0.41166117970119004,0.40408858821063665,unchanged_wrong,unchanged_wrong,2,2,"{""global_context"": 0.5408109937395368, ""left_interaction"": 0.024663754871913364, ""right_interaction"": 0.43310584340776714, ""hand_head_union"": 0.0, ""two_hand_table_context"": 0.0014194308647087642}","{""global_context"": 0.9995418276105609, ""left_interaction"": 0.0003087432788951056, ""right_interaction"": 8.172250350721047e-07, ""hand_head_union"": 0.0, ""two_hand_table_context"": 0.00014868589849876507}",23,False,True
train__c02__user17__1-1-1,Comb_hair,Comb_hair,Comb_hair,Comb_hair,0.5022296635541301,0.5195383842636822,0.5095024373898654,retained_correct,retained_correct,1,1,"{""global_context"": 0.37125110626220703, ""left_interaction"": 0.35095922152201336, ""right_interaction"": 0.18097170193990073, ""hand_head_union"": 0.0006221703564127287, ""two_hand_table_context"": 0.09619577725728352}","{""global_context"": 0.999950091044108, ""left_interaction"": 3.1263453517264374e-05, ""right_interaction"": 1.830589462770149e-05, ""hand_head_union"": 2.1606466245790066e-09, ""two_hand_table_context"": 3.230428167929252e-07}",186,True,True
train__c02__user17__1-1-2,Comb_hair,Brush_teeth,Brush_teeth,Brush_teeth,0.6199336269893124,0.6291061246576218,0.6214802744053709,unchanged_wrong,unchanged_wrong,3,3,"{""global_context"": 0.68528751893477, ""left_interaction"": 0.039845845916054466, ""right_interaction"": 0.1852790659124201, ""hand_head_union"": 0.0, ""two_hand_table_context"": 0.08958757465535944}","{""global_context"": 0.9997850764881481, ""left_interaction"": 0.0002138308799740943, ""right_interaction"": 1.0388483298646116e-06, ""hand_head_union"": 0.0, ""two_hand_table_context"": 3.9957233804505617e-08}",38,False,True
train__c02__user17__1-1-3,Comb_hair,Brush_teeth,Brush_teeth,Brush_teeth,0.619118918461529,0.6326488862612553,0.6207957622522335,unchanged_wrong,unchanged_wrong,2,2,"{""global_context"": 0.01889893270674206, ""left_interaction"": 0.6553470520746141, ""right_interaction"": 0.28517511912754606, ""hand_head_union"": 0.0, ""two_hand_table_context"": 0.04057889041446504}","{""global_context"": 0.9999966394333613, ""left_interaction"": 1.8509504332628456e-06, ""right_interaction"": 1.1434141405126347e-06, ""hand_head_union"": 0.0, ""two_hand_table_context"": 4.4612529780438523e-07}",79,False,True
train__c02__user23__2-2-1,Comb_hair,Put_on_clothes,Put_on_clothes,Put_on_clothes,0.46739172666068274,0.48162643583616177,0.46842468652865965,unchanged_wrong,unchanged_wrong,4,4,"{""global_context"": 0.1801454888449775, ""left_interaction"": 0.1935449176364475, ""right_interaction"": 0.3364939159817166, ""hand_head_union"": 0.0, ""two_hand_table_context"": 0.2898157437642415}","{""global_context"": 0.9979684617784288, ""left_interaction"": 0.0007575785016847982, ""right_interaction"": 0.0011062027058667606, ""hand_head_union"": 0.0, ""two_hand_table_context"": 0.00016779417637735605}",118,False,True
train__c02__user23__2-2-2,Comb_hair,Put_on_clothes,Put_on_clothes,Put_on_clothes,0.6597145938033462,0.668441018284149,0.6590911654360917,unchanged_wrong,unchanged_wrong,4,4,"{""global_context"": 0.5773697580610003, ""left_interaction"": 0.3765902519226074, ""right_interaction"": 0.04603981971740723, ""hand_head_union"": 0.0, ""two_hand_table_context"": 3.318561019633697e-07}","{""global_context"": 0.999967234475272, ""left_interaction"": 2.1006789341169808e-05, ""right_interaction"": 1.1869195857018764e-05, ""hand_head_union"": 0.0, ""two_hand_table_context"": 1.73350502206761e-08}",85,False,True
train__c02__user23__2-2-3,Comb_hair,Put_on_clothes,Put_on_clothes,Put_on_clothes,0.3131203770131021,0.33547497347064603,0.3117193962067976,unchanged_wrong,unchanged_wrong,4,5,"{""global_context"": 0.6971482276916504, ""left_interaction"": 0.09280220270156861, ""right_interaction"": 0.21004738807678222, ""hand_head_union"": 2.267511990794446e-06, ""two_hand_table_context"": 0.0}","{""global_context"": 0.9999292373657227, ""left_interaction"": 6.584938964806497e-05, ""right_interaction"": 4.450448614079505e-06, ""hand_head_union"": 3.593014298530761e-07, ""two_hand_table_context"": 0.0}",62,True,False
train__c02__user24__7-1-1,Comb_hair,Comb_hair,Comb_hair,Comb_hair,0.34317324412987105,0.4088870807876973,0.34762946780302584,retained_correct,retained_correct,1,1,"{""global_context"": 0.6037062498239371, ""left_interaction"": 0.0004103519738866733, ""right_interaction"": 0.39588337678175706, ""hand_head_union"": 0.0, ""two_hand_table_context"": 0.0}","{""global_context"": 0.9997538786668044, ""left_interaction"": 0.0002456471467247376, ""right_interaction"": 4.902781606338417e-07, ""hand_head_union"": 0.0, ""two_hand_table_context"": 0.0}",38,False,False
train__c02__user24__7-1-2,Comb_hair,Comb_hair,Comb_hair,Comb_hair,0.3579155452900208,0.37633772668491644,0.3628337636900958,retained_correct,retained_correct,1,1,"{""global_context"": 0.40258872509002686, ""left_interaction"": 0.13846537470817566, ""right_interaction"": 0.4589230716228485, ""hand_head_union"": 0.0, ""two_hand_table_context"": 2.2807140339864418e-05}","{""global_context"": 0.999565064907074, ""left_interaction"": 0.0003240779915358871, ""right_interaction"": 2.0315108486101963e-05, ""hand_head_union"": 0.0, ""two_hand_table_context"": 9.049221262102947e-05}",14,False,True
train__c02__user24__7-1-3,Comb_hair,Wipe_hands,Wipe_hands,Wipe_hands,0.4671283046496248,0.4958852696714945,0.47279352699572047,unchanged_wrong,unchanged_wrong,3,3,"{""global_context"": 0.3082666794459025, ""left_interaction"": 0.00022306931593144932, ""right_interaction"": 0.6915028095245361, ""hand_head_union"": 0.0, ""two_hand_table_context"": 7.43012848640016e-06}","{""global_context"": 0.9999206860860189, ""left_interaction"": 5.039859388489276e-05, ""right_interaction"": 6.696318450849503e-06, ""hand_head_union"": 0.0, ""two_hand_table_context"": 2.2205713321454823e-05}",23,False,True
train__c03__user17__6-1-1,Take_off_clothes,Sit_down,Sit_down,Sit_down,0.8238206645250712,0.8255382668965704,0.8249946513777411,unchanged_wrong,unchanged_wrong,5,5,"{""global_context"": 0.8318668267665765, ""left_interaction"": 0.03523853803292299, ""right_interaction"": 0.13286291024623773, ""hand_head_union"": 0.0, ""two_hand_table_context"": 3.1794501970020625e-05}","{""global_context"": 1.0, ""left_interaction"": 1.13067346775146e-17, ""right_interaction"": 1.7734070905990243e-17, ""hand_head_union"": 0.0, ""two_hand_table_context"": 3.18993889005431e-19}",134,False,True
train__c03__user17__6-1-2,Take_off_clothes,Take_off_clothes,Take_off_clothes,Take_off_clothes,0.2073662737381831,0.20941927446094158,0.21022377449713978,retained_correct,retained_correct,1,1,"{""global_context"": 0.8883804678916931, ""left_interaction"": 0.04839695990085602, ""right_interaction"": 0.05423549935221672, ""hand_head_union"": 1.018224884319352e-05, ""two_hand_table_context"": 0.008976878598332405}","{""global_context"": 1.0, ""left_interaction"": 1.611426911719858e-17, ""right_interaction"": 2.8226557698037827e-16, ""hand_head_union"": 2.7155891178223895e-17, ""two_hand_table_context"": 1.0561777896405754e-17}",103,True,True
train__c03__user17__6-1-3,Take_off_clothes,Jog_in_place,Jog_in_place,Jog_in_place,0.41371343738750704,0.4186568928675241,0.41664487615846996,unchanged_wrong,unchanged_wrong,3,3,"{""global_context"": 0.8487851402976296, ""left_interaction"": 0.08880844983187589, ""right_interaction"": 0.061755608428608284, ""hand_head_union"": 0.0005691901526667855, ""two_hand_table_context"": 8.160306606441736e-05}","{""global_context"": 1.0, ""left_interaction"": 5.759807285477486e-14, ""right_interaction"": 2.3040676058991044e-13, ""hand_head_union"": 4.2165857779748514e-21, ""two_hand_table_context"": 8.352983068090296e-16}",70,True,True
train__c03__user23__4-3-1,Take_off_clothes,Check_the_time,Check_the_time,Check_the_time,0.7181595484147923,0.6156323619813882,0.7276772629982369,unchanged_wrong,unchanged_wrong,10,11,"{""global_context"": 0.9999627431233724, ""left_interaction"": 3.164935430201392e-05, ""right_interaction"": 5.5578959290869536e-06, ""hand_head_union"": 0.0, ""two_hand_table_context"": 5.222976445414436e-08}","{""global_context"": 1.0, ""left_interaction"": 1.4291775228547633e-13, ""right_interaction"": 1.4233482014541777e-14, ""hand_head_union"": 0.0, ""two_hand_table_context"": 2.2116820816893887e-15}",47,False,True
train__c03__user23__4-3-2,Take_off_clothes,Play_games,Read_documents,Turn_pages,0.2079329413795358,0.31312231194461126,0.26967974906770875,changed_wrong,changed_wrong,9,8,"{""global_context"": 0.9996546109517416, ""left_interaction"": 2.745941098207065e-07, ""right_interaction"": 0.0003409814089536667, ""hand_head_union"": 4.089727857111332e-06, ""two_hand_table_context"": 3.1585521235536853e-12}","{""global_context"": 1.0, ""left_interaction"": 4.007797782881739e-13, ""right_interaction"": 7.475701598918272e-15, ""hand_head_union"": 3.4389709712092005e-17, ""two_hand_table_context"": 6.978082843182622e-14}",78,True,True
train__c03__user23__4-3-3,Take_off_clothes,Check_the_time,Check_the_time,Check_the_time,0.36584225119563407,0.3173351155030061,0.38410156333857015,unchanged_wrong,unchanged_wrong,7,5,"{""global_context"": 0.9948555441463695, ""left_interaction"": 0.0020131698864347793, ""right_interaction"": 0.003128431737422943, ""hand_head_union"": 2.902321284636855e-06, ""two_hand_table_context"": 3.690684359432506e-08}","{""global_context"": 1.0, ""left_interaction"": 5.282056004288869e-15, ""right_interaction"": 8.225137848791952e-16, ""hand_head_union"": 2.578359679032183e-19, ""two_hand_table_context"": 2.5274670921135304e-16}",54,True,True
train__c03__user23__5-2-1,Take_off_clothes,Put_on_clothes,Put_on_clothes,Put_on_clothes,0.44855598777387096,0.4759357345463341,0.45156690750183603,unchanged_wrong,unchanged_wrong,2,2,"{""global_context"": 0.9139486948649088, ""left_interaction"": 0.07590820888678233, ""right_interaction"": 0.010142266750335693, ""hand_head_union"": 0.0, ""two_hand_table_context"": 8.890200812553909e-07}","{""global_context"": 0.9992609024047852, ""left_interaction"": 0.00044521464345355827, ""right_interaction"": 5.169692182486567e-06, ""hand_head_union"": 0.0, ""two_hand_table_context"": 0.00028874038252979517}",38,False,True
train__c03__user23__5-2-2,Take_off_clothes,Put_on_clothes,Put_on_clothes,Put_on_clothes,0.44887288429011724,0.46758004747248316,0.4484453240897478,unchanged_wrong,unchanged_wrong,2,2,"{""global_context"": 0.8066184520721436, ""left_interaction"": 0.10181350509325664, ""right_interaction"": 0.04501081506411234, ""hand_head_union"": 0.0, ""two_hand_table_context"": 0.046557227770487465}","{""global_context"": 0.999982992808024, ""left_interaction"": 1.1335369587565461e-05, ""right_interaction"": 4.540769623417873e-06, ""hand_head_union"": 0.0, ""two_hand_table_context"": 1.2742690766269031e-06}",77,False,True
train__c03__user23__5-2-3,Take_off_clothes,Put_on_clothes,Put_on_clothes,Put_on_clothes,0.5734450034024835,0.5786070149149071,0.5741501720487029,unchanged_wrong,unchanged_wrong,2,2,"{""global_context"": 0.9596756421602689, ""left_interaction"": 0.0011074868245766712, ""right_interaction"": 0.01689573320058676, ""hand_head_union"": 0.0, ""two_hand_table_context"": 0.02232122650513282}","{""global_context"": 0.9993422581599309, ""left_interaction"": 0.0006499025397575819, ""right_interaction"": 7.724839423854764e-06, ""hand_head_union"": 0.0, ""two_hand_table_context"": 1.2662750437951988e-07}",41,False,True
train__c03__user4__5-2-2,Take_off_clothes,Walk,Walk,Walk,0.6780862674391775,0.6807441409070042,0.6810020521116427,unchanged_wrong,unchanged_wrong,12,12,"{""global_context"": 0.4835106134414673, ""left_interaction"": 0.13296878337860107, ""right_interaction"": 0.3830212354660034, ""hand_head_union"": 0.0, ""two_hand_table_context"": 0.0004993446636945009}","{""global_context"": 0.9999959468841553, ""left_interaction"": 3.570537652800946e-06, ""right_interaction"": 5.517200255174733e-07, ""hand_head_union"": 0.0, ""two_hand_table_context"": 5.336376081762258e-09}",131,False,True
train__c03__user4__5-2-3,Take_off_clothes,Do_stretching_exercises,Do_stretching_exercises,Do_stretching_exercises,0.5877940463437051,0.587718324030196,0.5882810390475351,unchanged_wrong,unchanged_wrong,5,5,"{""global_context"": 0.38757089773813885, ""left_interaction"": 0.17955003182093301, ""right_interaction"": 0.3353567123413086, ""hand_head_union"": 0.0, ""two_hand_table_context"": 0.09752237796783447}","{""global_context"": 0.9999943574269613, ""left_interaction"": 3.6586249431517595e-06, ""right_interaction"": 1.7331934335137096e-06, ""hand_head_union"": 0.0, ""two_hand_table_context"": 2.9063420470265555e-07}",71,False,True
train__c04__user17__1-1-1,Wipe_hands,Wipe_hands,Wipe_hands,Wipe_hands,0.7229575363348397,0.7263857180118297,0.7250560188608303,retained_correct,retained_correct,1,1,"{""global_context"": 0.0768210940890842, ""left_interaction"": 0.25546347300211586, ""right_interaction"": 0.4318798065185547, ""hand_head_union"": 0.0, ""two_hand_table_context"": 0.23583556281195747}","{""global_context"": 0.9997418721516927, ""left_interaction"": 4.573281233509381e-05, ""right_interaction"": 0.00017701666802167894, ""hand_head_union"": 0.0, ""two_hand_table_context"": 3.5273304416073694e-05}",179,False,True
train__c04__user17__1-1-2,Wipe_hands,Wipe_hands,Wipe_hands,Wipe_hands,0.741500269004987,0.7451748673705314,0.7431952293915899,retained_correct,retained_correct,1,1,"{""global_context"": 0.02956723315375192, ""left_interaction"": 0.091134888785226, ""right_interaction"": 0.5662025724138532, ""hand_head_union"": 0.0, ""two_hand_table_context"": 0.3130952630724226}","{""global_context"": 0.9999677113124302, ""left_interaction"": 2.342161107143121e-05, ""right_interaction"": 6.088346188854692e-06, ""hand_head_union"": 0.0, ""two_hand_table_context"": 2.892397917873625e-06}",111,False,True
train__c04__user17__1-1-3,Wipe_hands,Wipe_hands,Wipe_hands,Wipe_hands,0.692828170981277,0.6962268838011576,0.6943075899448163,retained_correct,retained_correct,1,1,"{""global_context"": 0.011727719257275263, ""left_interaction"": 0.15191306670506796, ""right_interaction"": 0.3224872946739197, ""hand_head_union"": 0.0, ""two_hand_table_context"": 0.5138718684514364}","{""global_context"": 0.999963124593099, ""left_interaction"": 3.081545825504387e-05, ""right_interaction"": 5.949873714901817e-06, ""hand_head_union"": 0.0, ""two_hand_table_context"": 2.1469550877858032e-07}",96,False,True
train__c04__user17__7-2-1,Wipe_hands,Peel_fruits,Peel_fruits,Peel_fruits,0.8602014319388093,0.9556781275271247,0.44096990553509235,unchanged_wrong,unchanged_wrong,3,4,"{""global_context"": 6.167323906835087e-07, ""left_interaction"": 0.57220400934634, ""right_interaction"": 0.06164422760839048, ""hand_head_union"": 0.0, ""two_hand_table_context"": 0.36615118773087213}","{""global_context"": 8.057461944032264e-10, ""left_interaction"": 0.6739562076071034, ""right_interaction"": 0.028448996336563774, ""hand_head_union"": 0.0, ""two_hand_table_context"": 0.2975948167883832}",183,False,True
train__c04__user17__7-2-2,Wipe_hands,Peel_fruits,Peel_fruits,Peel_fruits,0.9280432945274715,0.9812430707982228,0.6582156611683446,unchanged_wrong,unchanged_wrong,3,5,"{""global_context"": 2.116959348636409e-06, ""left_interaction"": 0.6467598330590033, ""right_interaction"": 0.2629341617707283, ""hand_head_union"": 0.0, ""two_hand_table_context"": 0.09030383633029077}","{""global_context"": 1.1857353808497259e-07, ""left_interaction"": 0.5206005342545048, ""right_interaction"": 0.04983395145785424, ""hand_head_union"": 0.0, ""two_hand_table_context"": 0.42956536816012475}",123,False,True
train__c04__user17__7-2-3,Wipe_hands,Wipe_bowls,Peel_fruits,Wipe_bowls,0.42718086423065377,0.5037396277883537,0.42472459014965586,changed_wrong,unchanged_wrong,7,7,"{""global_context"": 5.701946639946025e-06, ""left_interaction"": 0.4686943355359529, ""right_interaction"": 0.38573232449983297, ""hand_head_union"": 0.0, ""two_hand_table_context"": 0.14556766811170077}","{""global_context"": 6.5519938480544e-08, ""left_interaction"": 0.712076136940404, ""right_interaction"": 0.0381870614854913, ""hand_head_union"": 0.0, ""two_hand_table_context"": 0.24973676079197935}",76,False,True
train__c04__user23__1-1-1,Wipe_hands,Wipe_hands,Wipe_hands,Wipe_hands,0.7558492356155385,0.7593825724586073,0.7576824778775343,retained_correct,retained_correct,1,1,"{""global_context"": 0.12785989266854744, ""left_interaction"": 0.023494179602022523, ""right_interaction"": 0.1761697839807581, ""hand_head_union"": 0.0, ""two_hand_table_context"": 0.6724761680320457}","{""global_context"": 0.9995346775761357, ""left_interaction"": 0.000324657255852664, ""right_interaction"": 0.00012934972808040953, ""hand_head_union"": 0.0, ""two_hand_table_context"": 1.1404937443633875e-05}",106,False,True
train__c04__user23__1-1-2,Wipe_hands,Wipe_hands,Wipe_hands,Wipe_hands,0.4031666453527233,0.40801790442514196,0.4050358921501667,retained_correct,retained_correct,1,1,"{""global_context"": 0.08213079770406087, ""left_interaction"": 0.03656118710835775, ""right_interaction"": 0.06991628805796306, ""hand_head_union"": 0.0, ""two_hand_table_context"": 0.8113916397094727}","{""global_context"": 0.9994959513346354, ""left_interaction"": 0.0003893190063536167, ""right_interaction"": 0.0001137876029436787, ""hand_head_union"": 0.0, ""two_hand_table_context"": 8.944522657354052e-07}",60,False,True
train__c04__user23__1-1-3,Wipe_hands,Wipe_hands,Wipe_hands,Wipe_hands,0.6377923087505868,0.6438015916232004,0.640181825210781,retained_correct,retained_correct,1,1,"{""global_context"": 0.19583027703421457, ""left_interaction"": 0.03270801192238217, ""right_interaction"": 0.09099087828681582, ""hand_head_union"": 0.0, ""two_hand_table_context"": 0.680470829918271}","{""global_context"": 0.9994070870535714, ""left_interaction"": 0.0004343949258327484, ""right_interaction"": 0.00013989205693914775, ""hand_head_union"": 0.0, ""two_hand_table_context"": 1.8642738550191834e-05}",84,False,True
train__c04__user24__6-2-1,Wipe_hands,Wipe_hands,Wipe_hands,Wipe_hands,0.7355508091711108,0.7509083228657142,0.7403359133874264,retained_correct,retained_correct,1,1,"{""global_context"": 0.44793507031032015, ""left_interaction"": 0.0007388898437576634, ""right_interaction"": 0.3587181568145752, ""hand_head_union"": 0.0, ""two_hand_table_context"": 0.19260784557887486}","{""global_context"": 0.9999630110604423, ""left_interaction"": 3.210114248629127e-05, ""right_interaction"": 4.905500515763249e-06, ""hand_head_union"": 0.0, ""two_hand_table_context"": 1.1120501345171111e-08}",105,False,True
train__c04__user24__6-2-2,Wipe_hands,Wash_face,Wash_face,Wash_face,0.39173328472214014,0.4631456576800475,0.41005033519811523,unchanged_wrong,unchanged_wrong,2,2,"{""global_context"": 0.3315412521362305, ""left_interaction"": 0.07939614653587342, ""right_interaction"": 0.22004921436309816, ""hand_head_union"": 0.0, ""two_hand_table_context"": 0.36901345252990725}","{""global_context"": 0.9999752044677734, ""left_interaction"": 1.859846379375085e-05, ""right_interaction"": 6.1169019318185745e-06, ""hand_head_union"": 0.0, ""two_hand_table_context"": 1.3244301726444975e-07}",76,False,True
train__c04__user24__6-2-3,Wipe_hands,Wipe_hands,Wipe_hands,Wipe_hands,0.36654869112255867,0.4196607199029709,0.37640529662048294,retained_correct,retained_correct,1,1,"{""global_context"": 0.2660785913467407, ""left_interaction"": 0.20269850889841715, ""right_interaction"": 0.2103708783785502, ""hand_head_union"": 0.0, ""two_hand_table_context"": 0.32085202137629193}","{""global_context"": 0.999990701675415, ""left_interaction"": 3.418615354651896e-06, ""right_interaction"": 5.736951303939956e-06, ""hand_head_union"": 0.0, ""two_hand_table_context"": 1.6478929865115788e-07}",93,False,True
train__c04__user4__1-1-1,Wipe_hands,Wash_face,Wash_face,Wash_face,0.915976188717611,0.9195320550151034,0.9170516141371379,unchanged_wrong,unchanged_wrong,2,2,"{""global_context"": 0.6314278892848803, ""left_interaction"": 0.2125311519788659, ""right_interaction"": 0.13283208142156186, ""hand_head_union"": 0.0, ""two_hand_table_context"": 0.02320883325908495}","{""global_context"": 0.9451851222826086, ""left_interaction"": 0.0011438333793826725, ""right_interaction"": 0.04436365936113441, ""hand_head_union"": 0.0, ""two_hand_table_context"": 0.009307344970495804}",92,False,True
train__c04__user4__1-1-2,Wipe_hands,Wash_face,Wash_face,Wash_face,0.7491015161577222,0.7599216345576767,0.7511527354635306,unchanged_wrong,unchanged_wrong,3,3,"{""global_context"": 0.7450264150446112, ""left_interaction"": 0.06989131732420488, ""right_interaction"": 0.09915057095614346, ""hand_head_union"": 0.0, ""two_hand_table_context"": 0.08593178879130971}","{""global_context"": 0.9988560243086382, ""left_interaction"": 8.558138506487012e-05, ""right_interaction"": 0.0009691611101681536, ""hand_head_union"": 0.0, ""two_hand_table_context"": 8.931931700896133e-05}",88,False,True
train__c04__user4__1-1-3,Wipe_hands,Wash_face,Wash_face,Wash_face,0.6129101731874097,0.6215497957125118,0.6146202711861429,unchanged_wrong,unchanged_wrong,3,3,"{""global_context"": 0.6938854518689608, ""left_interaction"": 0.10931047640348736, ""right_interaction"": 0.15474301890323036, ""hand_head_union"": 0.0, ""two_hand_table_context"": 0.04206099321967677}","{""global_context"": 0.9902895877235814, ""left_interaction"": 0.0005882920599297473, ""right_interaction"": 0.008475369528720253, ""hand_head_union"": 0.0, ""two_hand_table_context"": 0.0006468485256558971}",76,False,True
train__c05__user17__1-1-1,Put_on_clothes,Put_on_clothes,Put_on_clothes,Put_on_clothes,0.20251311937885905,0.23846467955787584,0.2187272831879793,retained_correct,retained_correct,1,1,"{""global_context"": 0.22526371479034424, ""left_interaction"": 0.3413182894388835, ""right_interaction"": 0.2295315464337667, ""hand_head_union"": 0.012319392214218775, ""two_hand_table_context"": 0.19156700372695923}","{""global_context"": 0.9996792475382487, ""left_interaction"": 1.577011789777316e-05, ""right_interaction"": 0.0002839254254164795, ""hand_head_union"": 2.841409620183792e-07, ""two_hand_table_context"": 2.0872874301858246e-05}",181,True,True
train__c05__user17__1-1-2,Put_on_clothes,Put_on_clothes,Put_on_clothes,Put_on_clothes,0.5827957335248586,0.5947649489538822,0.5875755030813268,retained_correct,retained_correct,1,1,"{""global_context"": 0.4483784039815267, ""left_interaction"": 0.2980062961578369, ""right_interaction"": 0.15673474470774332, ""hand_head_union"": 0.013822721938292185, ""two_hand_table_context"": 0.08305785059928894}","{""global_context"": 0.9999643166859945, ""left_interaction"": 2.141719839225213e-05, ""right_interaction"": 8.401497931724103e-06, ""hand_head_union"": 8.68848057204256e-08, ""two_hand_table_context"": 5.936777597526088e-06}",179,True,True
train__c05__user17__1-1-3,Put_on_clothes,Do_stretching_exercises,Do_stretching_exercises,Do_stretching_exercises,0.6559682799465099,0.6670478604307926,0.6634137664439055,unchanged_wrong,unchanged_wrong,2,2,"{""global_context"": 0.15807427962621054, ""left_interaction"": 0.4264897108078003, ""right_interaction"": 0.17236649990081787, ""hand_head_union"": 0.023219262560208637, ""two_hand_table_context"": 0.219850222269694}","{""global_context"": 0.9999715487162272, ""left_interaction"": 2.6999400385345023e-05, ""right_interaction"": 8.122262897813926e-07, ""hand_head_union"": 3.05613734023306e-07, ""two_hand_table_context"": 4.7531940102392883e-07}",179,True,True
train__c05__user17__6-1-1,Put_on_clothes,Check_the_time,Check_the_time,Check_the_time,0.32104260370420895,0.3329693320595646,0.3604615107622617,unchanged_wrong,unchanged_wrong,4,3,"{""global_context"": 0.8933767477671305, ""left_interaction"": 0.04248610635598501, ""right_interaction"": 0.04819341003894806, ""hand_head_union"": 0.015469059348106384, ""two_hand_table_context"": 0.000474641565233469}","{""global_context"": 1.0, ""left_interaction"": 1.5609951435522282e-17, ""right_interaction"": 2.0691779645041146e-17, ""hand_head_union"": 1.7161669472777857e-17, ""two_hand_table_context"": 5.399251049233702e-18}",181,True,True
train__c05__user17__6-1-2,Put_on_clothes,Jog_in_place,Jog_in_place,Jog_in_place,0.21562078220058636,0.2218985431719589,0.2361182841119962,unchanged_wrong,unchanged_wrong,7,6,"{""global_context"": 0.6918718020121256, ""left_interaction"": 0.1297338604927063, ""right_interaction"": 0.14296215772628784, ""hand_head_union"": 0.023877158761024475, ""two_hand_table_context"": 0.011555030941963196}","{""global_context"": 1.0, ""left_interaction"": 1.4111978187576757e-13, ""right_interaction"": 4.389479669115053e-16, ""hand_head_union"": 7.106196587042746e-17, ""two_hand_table_context"": 1.5781489062812576e-16}",180,True,True
train__c05__user17__6-1-3,Put_on_clothes,Jog_in_place,Jog_in_place,Jog_in_place,0.4505238011413455,0.45278329835451325,0.45854809864758456,unchanged_wrong,unchanged_wrong,10,10,"{""global_context"": 0.7838195959726969, ""left_interaction"": 0.09971688191095988, ""right_interaction"": 0.09562496344248454, ""hand_head_union"": 0.020741314937671024, ""two_hand_table_context"": 9.718794414463143e-05}","{""global_context"": 1.0, ""left_interaction"": 1.9006850130245945e-13, ""right_interaction"": 7.160609718876567e-16, ""hand_head_union"": 1.184738542344887e-16, ""two_hand_table_context"": 2.0104737284664645e-17}",170,True,True
train__c05__user23__4-3-1,Put_on_clothes,Sit_down,Sit_down,Sit_down,0.5081753213717466,0.5127633726421132,0.5146789279437931,unchanged_wrong,unchanged_wrong,6,6,"{""global_context"": 0.9796006173798533, ""left_interaction"": 0.0018939273149678202, ""right_interaction"": 0.013518752473773378, ""hand_head_union"": 0.0049607238986275415, ""two_hand_table_context"": 2.6070228848380573e-05}","{""global_context"": 1.0, ""left_interaction"": 1.728978176959128e-12, ""right_interaction"": 2.118913998385842e-13, ""hand_head_union"": 4.408529485017216e-15, ""two_hand_table_context"": 1.0299403178484516e-15}",113,True,True
train__c05__user23__4-3-2,Put_on_clothes,Listen_to_music_with_headphones,Listen_to_music_with_headphones,Listen_to_music_with_headphones,0.4814747005915416,0.5828751064677438,0.5924113169323032,unchanged_wrong,unchanged_wrong,17,18,"{""global_context"": 0.9240896860758464, ""left_interaction"": 0.07496057351430258, ""right_interaction"": 0.0007566717142860095, ""hand_head_union"": 0.00019259201362729073, ""two_hand_table_context"": 5.732035788241774e-07}","{""global_context"": 1.0, ""left_interaction"": 8.779902441654238e-14, ""right_interaction"": 4.8026275700832155e-15, ""hand_head_union"": 3.629809714157777e-15, ""two_hand_table_context"": 3.803639566128062e-17}",94,True,True
train__c05__user23__4-3-3,Put_on_clothes,Take_off_clothes,Take_off_clothes,Take_off_clothes,0.43796149244592947,0.4579524233926694,0.441409753005303,unchanged_wrong,unchanged_wrong,3,3,"{""global_context"": 0.7714709705776639, ""left_interaction"": 0.19817141691843668, ""right_interaction"": 0.024399131536483765, ""hand_head_union"": 1.3260531381496952e-05, ""two_hand_table_context"": 0.005945312066210641}","{""global_context"": 1.0, ""left_interaction"": 3.742438457897555e-13, ""right_interaction"": 1.9869337475967214e-14, ""hand_head_union"": 2.4399405203154776e-15, ""two_hand_table_context"": 5.351536514232935e-17}",62,True,True
train__c05__user23__5-2-1,Put_on_clothes,Put_on_clothes,Put_on_clothes,Put_on_clothes,0.6028110803900621,0.616970228366253,0.6029010454697797,retained_correct,retained_correct,1,1,"{""global_context"": 0.6366070412300728, ""left_interaction"": 0.10254087963619747, ""right_interaction"": 0.08865302962225836, ""hand_head_union"": 0.10161856058481578, ""two_hand_table_context"": 0.07058058558283625}","{""global_context"": 0.9999676266232053, ""left_interaction"": 3.4592620166320656e-06, ""right_interaction"": 1.4203079862872491e-05, ""hand_head_union"": 8.347067459662622e-06, ""two_hand_table_context"": 6.367044595724626e-06}",152,True,True
train__c05__user23__5-2-2,Put_on_clothes,Put_on_clothes,Put_on_clothes,Put_on_clothes,0.7173202176987767,0.7261112783558454,0.7174451021461297,retained_correct,retained_correct,1,1,"{""global_context"": 0.6450414657592773, ""left_interaction"": 0.22008371353149414, ""right_interaction"": 0.12210769402353387, ""hand_head_union"": 0.0003454028138596761, ""two_hand_table_context"": 0.012421716984949614}","{""global_context"": 0.9999935752467105, ""left_interaction"": 3.865273212891464e-06, ""right_interaction"": 1.82645434458544e-06, ""hand_head_union"": 7.205697233745779e-07, ""two_hand_table_context"": 1.0917619874817319e-07}",123,True,True
train__c05__user23__5-2-3,Put_on_clothes,Put_on_clothes,Put_on_clothes,Put_on_clothes,0.4217104472387343,0.43458379246207346,0.42080827001466237,retained_correct,retained_correct,1,1,"{""global_context"": 0.9766968536376953, ""left_interaction"": 0.0031147930026054382, ""right_interaction"": 7.2873430326581e-05, ""hand_head_union"": 0.0012210992723703385, ""two_hand_table_context"": 0.018894453048706055}","{""global_context"": 0.9930596923828126, ""left_interaction"": 0.004535811841487884, ""right_interaction"": 3.017698873009067e-07, ""hand_head_union"": 3.9328464481513945e-07, ""two_hand_table_context"": 0.00240382581949234}",89,True,True
train__c05__user4__5-2-1,Put_on_clothes,Do_stretching_exercises,Do_stretching_exercises,Do_stretching_exercises,0.6640725360342309,0.6646118464886909,0.6656648313930817,unchanged_wrong,unchanged_wrong,3,3,"{""global_context"": 0.5566840569178263, ""left_interaction"": 0.14344874024391174, ""right_interaction"": 0.29570738474527997, ""hand_head_union"": 0.004106425990660985, ""two_hand_table_context"": 5.330194350487242e-05}","{""global_context"": 0.9995506604512533, ""left_interaction"": 0.00035136379301548004, ""right_interaction"": 7.615491146376978e-05, ""hand_head_union"": 5.453987493334959e-06, ""two_hand_table_context"": 1.6387992218369618e-05}",159,True,True
train__c05__user4__5-2-2,Put_on_clothes,Do_jumping_jacks,Do_jumping_jacks,Do_jumping_jacks,0.3702461451723578,0.37202691947671207,0.37149409988446064,unchanged_wrong,unchanged_wrong,9,9,"{""global_context"": 0.6413939396540324, ""left_interaction"": 0.119568665822347, ""right_interaction"": 0.20941120386123657, ""hand_head_union"": 0.005501239870985349, ""two_hand_table_context"": 0.024124865730603535}","{""global_context"": 0.9990219275156657, ""left_interaction"": 0.0006424008946244916, ""right_interaction"": 0.00018998807839428386, ""hand_head_union"": 9.645609073534919e-06, ""two_hand_table_context"": 0.00013618057710118592}",162,True,True
train__c05__user4__5-2-3,Put_on_clothes,Do_stretching_exercises,Do_stretching_exercises,Do_stretching_exercises,0.7485529959610916,0.7538069725158,0.7505480864501827,unchanged_wrong,unchanged_wrong,3,3,"{""global_context"": 0.8405051231384277, ""left_interaction"": 0.013188091417153677, ""right_interaction"": 0.11842932303746541, ""hand_head_union"": 0.027871390183766682, ""two_hand_table_context"": 6.08334994467441e-06}","{""global_context"": 0.9989898999532064, ""left_interaction"": 0.0006795355584472418, ""right_interaction"": 0.00025384473459174234, ""hand_head_union"": 3.756424606156846e-05, ""two_hand_table_context"": 3.91051895955267e-05}",160,True,True
train__c06__user23__5-3-3,Drink_water,Take_and_use_tableware,Eat_food,Drink_water,0.29835067362197065,0.47973304764625063,0.30377080573807813,changed_wrong,rescued,4,1,"{""global_context"": 0.21090776920318605, ""left_interaction"": 0.16808613538742065, ""right_interaction"": 0.25109014511108396, ""hand_head_union"": 0.3686185836791992, ""two_hand_table_context"": 0.001297320146113634}","{""global_context"": 1.0, ""left_interaction"": 2.662860376645426e-10, ""right_interaction"": 6.845775502029028e-10, ""hand_head_union"": 6.68985844498593e-10, ""two_hand_table_context"": 6.3641550696047485e-09}",47,True,True
train__c06__user24__2-1-1,Drink_water,Drink_water,Drink_water,Drink_water,0.8464537980889609,0.9672092056632652,0.9040337261505821,retained_correct,retained_correct,1,1,"{""global_context"": 0.37768959045410155, ""left_interaction"": 0.21748180389404298, ""right_interaction"": 0.3644145584106445, ""hand_head_union"": 0.029500999450683595, ""two_hand_table_context"": 0.010913097858428955}","{""global_context"": 1.0, ""left_interaction"": 1.0112485071545053e-10, ""right_interaction"": 2.7188762352636787e-11, ""hand_head_union"": 1.779972003124186e-13, ""two_hand_table_context"": 1.1725278734053824e-13}",84,True,True
train__c06__user24__2-1-2,Drink_water,Drink_water,Drink_water,Drink_water,0.8123092329886866,0.9575051509421358,0.8688141460158972,retained_correct,retained_correct,1,1,"{""global_context"": 0.3441573248969184, ""left_interaction"": 0.1531282530890571, ""right_interaction"": 0.43258101851851855, ""hand_head_union"": 0.03150547875298394, ""two_hand_table_context"": 0.03862793798799868}","{""global_context"": 1.0, ""left_interaction"": 3.1229481552204393e-10, ""right_interaction"": 8.045871582153921e-12, ""hand_head_union"": 3.5367767099776843e-13, ""two_hand_table_context"": 4.436949984375781e-11}",96,True,True
train__c06__user24__2-1-3,Drink_water,Drink_water,Drink_water,Drink_water,0.5935021351761637,0.6707662214685209,0.6497829635137289,retained_correct,retained_correct,1,1,"{""global_context"": 0.5520060062408447, ""left_interaction"": 0.056998678616115024, ""right_interaction"": 0.39085320063999723, ""hand_head_union"": 0.0, ""two_hand_table_context"": 0.00014215546460556134}","{""global_context"": 1.0, ""left_interaction"": 7.334971519057376e-11, ""right_interaction"": 3.025327805732709e-11, ""hand_head_union"": 0.0, ""two_hand_table_context"": 7.079079386177308e-13}",49,False,True
train__c06__user24__4-2-1,Drink_water,Drink_water,Eat_food,Eat_food,0.5045487787878916,0.7881950514125216,0.5836674714315099,harmed,harmed,2,2,"{""global_context"": 0.0034685787700471423, ""left_interaction"": 0.42103045327322824, ""right_interaction"": 0.5588479723249163, ""hand_head_union"": 0.0, ""two_hand_table_context"": 0.016652900548208328}","{""global_context"": 3.858482176881461e-05, ""left_interaction"": 0.6135936918712798, ""right_interaction"": 0.330956050327846, ""hand_head_union"": 0.0, ""two_hand_table_context"": 0.05541167940412249}",166,False,True
train__c06__user24__4-2-2,Drink_water,Take_medicine,Take_medicine,Take_medicine,0.3779439346571175,0.4257326120398165,0.4329527472506101,unchanged_wrong,unchanged_wrong,6,3,"{""global_context"": 0.12183090845743814, ""left_interaction"": 0.029915384451548257, ""right_interaction"": 0.8482536951700846, ""hand_head_union"": 0.0, ""two_hand_table_context"": 0.0}","{""global_context"": 3.097092073100309e-05, ""left_interaction"": 0.7947165171305338, ""right_interaction"": 0.2052523930867513, ""hand_head_union"": 0.0, ""two_hand_table_context"": 0.0}",90,False,False
train__c06__user24__4-2-3,Drink_water,Sweep_the_floor,Sweep_the_floor,Sweep_the_floor,0.44210678443490303,0.4478107239105779,0.44644748572522575,unchanged_wrong,unchanged_wrong,23,17,"{""global_context"": 0.10321976156795726, ""left_interaction"": 0.14989467228160186, ""right_interaction"": 0.7468856362735524, ""hand_head_union"": 0.0, ""two_hand_table_context"": 0.0}","{""global_context"": 3.6187511047019675e-05, ""left_interaction"": 0.7340100232292625, ""right_interaction"": 0.26595373714671416, ""hand_head_union"": 0.0, ""two_hand_table_context"": 0.0}",51,False,False
train__c06__user4__2-1-1,Drink_water,Drink_water,Drink_water,Drink_water,0.791929574679928,0.7499743998025438,0.8301167323617933,retained_correct,retained_correct,1,1,"{""global_context"": 0.03010198232289907, ""left_interaction"": 0.4938262217753642, ""right_interaction"": 0.000509003277968716, ""hand_head_union"": 0.47556114196777344, ""two_hand_table_context"": 1.651204444430265e-06}","{""global_context"": 0.9995746097049197, ""left_interaction"": 0.0001532747158528985, ""right_interaction"": 7.75921082979924e-05, ""hand_head_union"": 0.00019420095643884428, ""two_hand_table_context"": 3.502164700704098e-07}",144,True,True
train__c06__user4__2-1-2,Drink_water,Drink_water,Drink_water,Drink_water,0.7982246760006461,0.9707042946694886,0.8236771936894863,retained_correct,retained_correct,1,1,"{""global_context"": 0.24397704180549173, ""left_interaction"": 0.42331670312320485, ""right_interaction"": 0.00016447968835778097, ""hand_head_union"": 0.33254174625172334, ""two_hand_table_context"": 0.0}","{""global_context"": 0.9999901266659007, ""left_interaction"": 3.10718164923053e-06, ""right_interaction"": 1.0947294546948637e-06, ""hand_head_union"": 5.673291418454883e-06, ""two_hand_table_context"": 0.0}",114,True,False
train__c06__user4__2-1-3,Drink_water,Drink_water,Drink_water,Drink_water,0.9043878515977484,0.9432917387383374,0.9019857283253204,retained_correct,retained_correct,1,1,"{""global_context"": 0.16652062204149035, ""left_interaction"": 0.3304540316263835, ""right_interaction"": 0.18616165055168998, ""hand_head_union"": 0.28740819295247394, ""two_hand_table_context"": 0.02945547964837816}","{""global_context"": 0.9999834696451823, ""left_interaction"": 1.097474806657475e-05, ""right_interaction"": 3.52963550338043e-07, ""hand_head_union"": 4.355839741442145e-06, ""two_hand_table_context"": 9.061349272896122e-07}",74,True,True
train__c06__user4__4-2-1,Drink_water,Sweep_the_floor,Sweep_the_floor,Sweep_the_floor,0.34636956864620627,0.4062146571876408,0.37005544195964,unchanged_wrong,unchanged_wrong,18,22,"{""global_context"": 0.004809950478374958, ""left_interaction"": 0.0003011350442344944, ""right_interaction"": 0.9490532875061035, ""hand_head_union"": 0.04583565890789032, ""two_hand_table_context"": 0.0}","{""global_context"": 2.5917778354293357e-05, ""left_interaction"": 0.9730289777119955, ""right_interaction"": 0.02568640063206355, ""hand_head_union"": 0.0012587377956757944, ""two_hand_table_context"": 0.0}",147,True,False
train__c06__user4__4-2-2,Drink_water,Do_stretching_exercises,Do_stretching_exercises,Do_stretching_exercises,0.5999413381298774,0.7797526555799285,0.7370328896193252,unchanged_wrong,unchanged_wrong,14,15,"{""global_context"": 0.0008432687964381241, ""left_interaction"": 9.415370253164594e-05, ""right_interaction"": 0.9914157216141863, ""hand_head_union"": 0.007647028783472573, ""two_hand_table_context"": 0.0}","{""global_context"": 4.2260226952593504e-05, ""left_interaction"": 0.9096649914253049, ""right_interaction"": 0.005377829438302575, ""hand_head_union"": 0.0849149227142334, ""two_hand_table_context"": 0.0}",129,True,False
train__c06__user4__4-2-3,Drink_water,Take_medicine,Take_medicine,Take_medicine,0.3306325256888033,0.18678286431544128,0.5730926800588628,unchanged_wrong,unchanged_wrong,11,3,"{""global_context"": 3.390235007938111e-05, ""left_interaction"": 0.00014331653206185862, ""right_interaction"": 0.9998229055693655, ""hand_head_union"": 0.0, ""two_hand_table_context"": 0.0}","{""global_context"": 6.774304038668616e-07, ""left_interaction"": 0.9847493027195786, ""right_interaction"": 0.015249992861892239, ""hand_head_union"": 0.0, ""two_hand_table_context"": 0.0}",99,False,False
train__c07__user17__1-2-1,Eat_food,Peel_fruits,Take_and_use_tableware,Peel_fruits,0.27900113402334,0.5634550279999275,0.2392298388641318,changed_wrong,unchanged_wrong,3,5,"{""global_context"": 0.32903250780972565, ""left_interaction"": 0.2773326960476962, ""right_interaction"": 0.10095317797227339, ""hand_head_union"": 0.2926718538457697, ""two_hand_table_context"": 9.786179527344013e-06}","{""global_context"": 0.9997398203069513, ""left_interaction"": 0.00011272220449014144, ""right_interaction"": 2.30728368147869e-05, ""hand_head_union"": 2.8009447057477454e-06, ""two_hand_table_context"": 0.00012158710424872962}",85,True,True
train__c07__user17__1-2-2,Eat_food,Use_a_mobile_phone,Take_and_use_tableware,Use_a_mobile_phone,0.20693521212899568,0.390975292210539,0.1595885458775754,changed_wrong,unchanged_wrong,6,5,"{""global_context"": 0.36687320470809937, ""left_interaction"": 0.4383474886417389, ""right_interaction"": 3.400351488380693e-06, ""hand_head_union"": 0.1942426711320877, ""two_hand_table_context"": 0.0005332305445335805}","{""global_context"": 0.9987831711769104, ""left_interaction"": 0.00046972098061814904, ""right_interaction"": 0.00021050941722933203, ""hand_head_union"": 1.2833517757826485e-05, ""two_hand_table_context"": 0.0005237502045929432}",30,True,True
train__c07__user17__1-2-3,Eat_food,Peel_fruits,Take_and_use_tableware,Peel_fruits,0.41859043408451074,0.5221661263291913,0.3965208273902074,changed_wrong,unchanged_wrong,7,5,"{""global_context"": 0.6853043514749279, ""left_interaction"": 0.22470159115998642, ""right_interaction"": 0.011868843565816465, ""hand_head_union"": 0.07812524360159169, ""two_hand_table_context"": 0.0}","{""global_context"": 0.9994215757950492, ""left_interaction"": 0.0001899123434787211, ""right_interaction"": 0.00038841739296913147, ""hand_head_union"": 1.6508557643607238e-07, ""two_hand_table_context"": 0.0}",71,True,False
train__c07__user17__2-2-1,Eat_food,Peel_fruits,Peel_fruits,Peel_fruits,0.4154954398228435,0.6718979937919922,0.3968633009302204,unchanged_wrong,unchanged_wrong,3,3,"{""global_context"": 0.21099272833930122, ""left_interaction"": 0.4157388475206163, ""right_interaction"": 0.000848213169309828, ""hand_head_union"": 0.26558041042751734, ""two_hand_table_context"": 0.10683985816107856}","{""global_context"": 0.9993331061469184, ""left_interaction"": 0.00044629408253563774, ""right_interaction"": 0.00012850373362501463, ""hand_head_union"": 2.3380454836620224e-05, ""two_hand_table_context"": 6.879982021119859e-05}",197,True,True
train__c07__user17__2-2-2,Eat_food,Peel_fruits,Peel_fruits,Peel_fruits,0.618702840508345,0.7448793048612057,0.5681576002769996,unchanged_wrong,unchanged_wrong,4,7,"{""global_context"": 0.1885690689086914, ""left_interaction"": 0.3621318817138672, ""right_interaction"": 0.01121537685394287, ""hand_head_union"": 0.06330089039272732, ""two_hand_table_context"": 0.3747828589545356}","{""global_context"": 0.9992037455240885, ""left_interaction"": 0.0004888404574659136, ""right_interaction"": 1.735382377066546e-05, ""hand_head_union"": 6.894641652858506e-07, ""two_hand_table_context"": 0.00028947508997387354}",181,True,True
train__c07__user17__2-2-3,Eat_food,Peel_fruits,Peel_fruits,Peel_fruits,0.3310146088229009,0.49646707089677766,0.2761537131919591,unchanged_wrong,unchanged_wrong,7,7,"{""global_context"": 0.4554018020629883, ""left_interaction"": 0.3574387073516846, ""right_interaction"": 0.0006308486685156822, ""hand_head_union"": 0.0950290322303772, ""two_hand_table_context"": 0.09149959087371826}","{""global_context"": 0.9984552383422851, ""left_interaction"": 0.0010903886519372462, ""right_interaction"": 1.9331769726704807e-05, ""hand_head_union"": 4.444648511707783e-05, ""two_hand_table_context"": 0.0003904951503500342}",88,True,True
train__c07__user17__3-2-1,Eat_food,Peel_fruits,Peel_fruits,Peel_fruits,0.9225079546271148,0.9512602896558057,0.8857835915273898,unchanged_wrong,unchanged_wrong,4,4,"{""global_context"": 7.583439582958817e-07, ""left_interaction"": 0.5883808651485959, ""right_interaction"": 0.2567342036479228, ""hand_head_union"": 0.0, ""two_hand_table_context"": 0.1548841837290171}","{""global_context"": 4.3956655132609974e-11, ""left_interaction"": 0.791903779313371, ""right_interaction"": 0.016446999601415685, ""hand_head_union"": 0.0, ""two_hand_table_context"": 0.19164911476341454}",134,False,True
train__c07__user17__3-2-2,Eat_food,Eat_food,Eat_food,Eat_food,0.7543027926300321,0.7436067234990779,0.7849334688022662,retained_correct,retained_correct,1,1,"{""global_context"": 1.905720872694955e-05, ""left_interaction"": 0.38049790438483744, ""right_interaction"": 0.5428931853350472, ""hand_head_union"": 0.0, ""two_hand_table_context"": 0.07658984380609848}","{""global_context"": 3.128062841430706e-11, ""left_interaction"": 0.8834723304299748, ""right_interaction"": 0.017100046662723318, ""hand_head_union"": 0.0, ""two_hand_table_context"": 0.09942761589499081}",116,False,True
train__c07__user17__3-2-3,Eat_food,Eat_food,Eat_food,Eat_food,0.6840880251398762,0.9569475912624946,0.8422784065677398,retained_correct,retained_correct,1,1,"{""global_context"": 5.838753937636144e-06, ""left_interaction"": 0.2805025027348445, ""right_interaction"": 0.7133036393385667, ""hand_head_union"": 0.0, ""two_hand_table_context"": 0.0061879742604035596}","{""global_context"": 1.2259771189690673e-12, ""left_interaction"": 0.8860058417687049, ""right_interaction"": 3.507229401013599e-05, ""hand_head_union"": 0.0, ""two_hand_table_context"": 0.11395910153022179}",82,False,True
train__c07__user17__5-2-1,Eat_food,Eat_food,Eat_food,Eat_food,0.534859382383495,0.919781988235828,0.434023265026914,retained_correct,retained_correct,1,1,"{""global_context"": 1.599307779542869e-07, ""left_interaction"": 0.30026865005493164, ""right_interaction"": 0.42691612243652344, ""hand_head_union"": 0.0001522988857080539, ""two_hand_table_context"": 0.27266276677449547}","{""global_context"": 8.632450014071461e-09, ""left_interaction"": 0.5002764066060384, ""right_interaction"": 0.03683011531829834, ""hand_head_union"": 0.02241106629371643, ""two_hand_table_context"": 0.44048242568969725}",136,True,True
train__c07__user17__5-2-2,Eat_food,Eat_food,Eat_food,Eat_food,0.8180574362013091,0.8682144064370855,0.8860596871241326,retained_correct,retained_correct,1,1,"{""global_context"": 6.955024918380121e-07, ""left_interaction"": 0.3503585595350999, ""right_interaction"": 0.5965571036705604, ""hand_head_union"": 0.001840156144820727, ""two_hand_table_context"": 0.05124345192542443}","{""global_context"": 8.798394491603946e-10, ""left_interaction"": 0.5125962037306565, ""right_interaction"": 0.13857162915743315, ""hand_head_union"": 0.0640564148242657, ""two_hand_table_context"": 0.2847757339477539}",121,True,True
train__c07__user17__5-2-3,Eat_food,Pour_drinks,Pour_drinks,Pour_drinks,0.20645257743905807,0.2629555380010722,0.20979246802906076,unchanged_wrong,unchanged_wrong,3,5,"{""global_context"": 0.016980332407084377, ""left_interaction"": 0.1963808753273704, ""right_interaction"": 0.5025734034451571, ""hand_head_union"": 1.9104738219704647e-06, ""two_hand_table_context"": 0.28406349095431244}","{""global_context"": 2.4374792285574254e-09, ""left_interaction"": 0.6756080280650746, ""right_interaction"": 0.15480905229395087, ""hand_head_union"": 0.04390871253880588, ""two_hand_table_context"": 0.1256741610440341}",93,True,True
train__c07__user17__7-2-1,Eat_food,Eat_food,Eat_food,Eat_food,0.8172110974697846,0.862909932953921,0.7900231605640474,retained_correct,retained_correct,1,1,"{""global_context"": 2.8812851702414698e-08, ""left_interaction"": 0.6585967654273623, ""right_interaction"": 0.258775688353039, ""hand_head_union"": 0.0009665378325042271, ""two_hand_table_context"": 0.0816609916232881}","{""global_context"": 3.698967058577788e-11, ""left_interaction"": 0.6779168900989351, ""right_interaction"": 0.012093119678043183, ""hand_head_union"": 1.1779018677771091e-05, ""two_hand_table_context"": 0.30997821262904574}",153,True,True
train__c07__user17__7-2-2,Eat_food,Eat_food,Eat_food,Eat_food,0.8823392396250906,0.9971552011938111,0.9309590249942982,retained_correct,retained_correct,1,1,"{""global_context"": 2.084465831688119e-08, ""left_interaction"": 0.3802781105041504, ""right_interaction"": 0.3737559659140451, ""hand_head_union"": 0.16802528926304408, ""two_hand_table_context"": 0.07794065134865898}","{""global_context"": 2.910173094569249e-12, ""left_interaction"": 0.7521138872419085, ""right_interaction"": 0.0005285753535905055, ""hand_head_union"": 0.0001350846640499575, ""two_hand_table_context"": 0.2472224576132638}",103,True,True
train__c07__user17__7-2-3,Eat_food,Peel_fruits,Peel_fruits,Peel_fruits,0.8887396367772971,0.9355430569030448,0.691051962309,unchanged_wrong,unchanged_wrong,2,4,"{""global_context"": 7.27198918563469e-08, ""left_interaction"": 0.47905057271321616, ""right_interaction"": 0.14912689526875814, ""hand_head_union"": 0.0, ""two_hand_table_context"": 0.3718224207560221}","{""global_context"": 3.360390188333895e-10, ""left_interaction"": 0.5724059422810872, ""right_interaction"": 0.0014747584859530131, ""hand_head_union"": 0.0, ""two_hand_table_context"": 0.426119327545166}",116,False,True
train__c07__user23__2-3-1,Eat_food,Peel_fruits,Peel_fruits,Peel_fruits,0.9199646574426622,0.9391056771683929,0.9659065169716378,unchanged_wrong,unchanged_wrong,2,2,"{""global_context"": 0.015811255862635952, ""left_interaction"": 0.6010061694729713, ""right_interaction"": 0.3542201442103232, ""hand_head_union"": 0.0, ""two_hand_table_context"": 0.028962529474689115}","{""global_context"": 8.003119165228019e-07, ""left_interaction"": 0.922178699124244, ""right_interaction"": 0.04577943201987974, ""hand_head_union"": 0.0, ""two_hand_table_context"": 0.032040992090778965}",124,False,True
train__c07__user23__2-3-2,Eat_food,Peel_fruits,Eat_food,Peel_fruits,0.3890478429302805,0.4023578354845539,0.5526280535887403,rescued,unchanged_wrong,1,5,"{""global_context"": 2.0219705826699888e-06, ""left_interaction"": 0.689959446589152, ""right_interaction"": 0.3026511271794637, ""hand_head_union"": 0.0, ""two_hand_table_context"": 0.007387434442838033}","{""global_context"": 6.955705108187733e-08, ""left_interaction"": 0.33038264513015747, ""right_interaction"": 0.6033005714416504, ""hand_head_union"": 0.0, ""two_hand_table_context"": 0.06631673872470856}",48,False,True
train__c07__user23__2-3-3,Eat_food,Eat_food,Eat_food,Eat_food,0.9611420423005836,0.9994029964666927,0.9752420134556208,retained_correct,retained_correct,1,1,"{""global_context"": 0.0009721779885391394, ""left_interaction"": 0.10935082038243611, ""right_interaction"": 0.8873475392659506, ""hand_head_union"": 0.0, ""two_hand_table_context"": 0.0023294431157410145}","{""global_context"": 9.508470573867574e-08, ""left_interaction"": 0.9386622905731201, ""right_interaction"": 0.04252187410990397, ""hand_head_union"": 0.0, ""two_hand_table_context"": 0.018815775712331135}",96,False,True
train__c07__user24__2-1-1,Eat_food,Tap_the_keyboard,Tap_the_keyboard,Tap_the_keyboard,0.3644622416760108,0.33787371452392,0.3800745192381828,unchanged_wrong,unchanged_wrong,40,31,"{""global_context"": 0.9993053674697876, ""left_interaction"": 0.0006945509812794626, ""right_interaction"": 6.790839002235316e-10, ""hand_head_union"": 0.0, ""two_hand_table_context"": 1.8189781902933078e-09}","{""global_context"": 1.0, ""left_interaction"": 8.72653149741609e-09, ""right_interaction"": 5.620603635292376e-11, ""hand_head_union"": 0.0, ""two_hand_table_context"": 1.3734400986301076e-12}",52,False,True
train__c07__user24__2-1-2,Eat_food,Check_the_time,Check_the_time,Check_the_time,0.3877967205423296,0.3686841538019042,0.43413037209249633,unchanged_wrong,unchanged_wrong,40,33,"{""global_context"": 0.9602747344970703, ""left_interaction"": 0.039706799983978275, ""right_interaction"": 1.5496163396164775e-05, ""hand_head_union"": 0.0, ""two_hand_table_context"": 3.0500185675919055e-06}","{""global_context"": 1.0, ""left_interaction"": 1.95615363907109e-10, ""right_interaction"": 1.3217286154443286e-11, ""hand_head_union"": 0.0, ""two_hand_table_context"": 3.4484409772161937e-12}",84,False,True
train__c07__user24__2-1-3,Eat_food,Check_the_time,Check_the_time,Check_the_time,0.30369840611954046,0.36247901083514533,0.35138802433409755,unchanged_wrong,unchanged_wrong,39,27,"{""global_context"": 0.8747610765344956, ""left_interaction"": 0.12523890944088206, ""right_interaction"": 7.524115082613956e-09, ""hand_head_union"": 0.0, ""two_hand_table_context"": 0.0}","{""global_context"": 1.0, ""left_interaction"": 8.046533374246846e-11, ""right_interaction"": 8.784941728316486e-13, ""hand_head_union"": 0.0, ""two_hand_table_context"": 0.0}",51,False,False
train__c07__user4__1-2-2,Eat_food,Peel_fruits,Peel_fruits,Peel_fruits,0.20632172677277227,0.20737381923358925,0.4907636231909477,unchanged_wrong,unchanged_wrong,12,8,"{""global_context"": 9.008880999103627e-07, ""left_interaction"": 0.2702499277451459, ""right_interaction"": 0.4039307201609892, ""hand_head_union"": 0.0, ""two_hand_table_context"": 0.3258184264687931}","{""global_context"": 1.8658528567945778e-07, ""left_interaction"": 0.17041700026568243, ""right_interaction"": 4.425804945640266e-06, ""hand_head_union"": 0.0, ""two_hand_table_context"": 0.8295782874612248}",136,False,True
train__c07__user4__1-2-3,Eat_food,Eat_food,Eat_food,Eat_food,0.47302137114826714,0.9319640493613509,0.5719405772999968,retained_correct,retained_correct,1,1,"{""global_context"": 1.0122452362406034e-05, ""left_interaction"": 0.09977631215695981, ""right_interaction"": 0.8139422381365741, ""hand_head_union"": 0.005672486843886199, ""two_hand_table_context"": 0.08059896363152398}","{""global_context"": 3.9700861870423303e-07, ""left_interaction"": 0.2542849999886972, ""right_interaction"": 0.0022996508136943535, ""hand_head_union"": 0.006894376542833116, ""two_hand_table_context"": 0.7365206259268301}",112,True,True
train__c07__user4__2-1-1,Eat_food,Pour_drinks,Pour_drinks,Pour_drinks,0.4164901532426664,0.767849089158259,0.6360705838411256,unchanged_wrong,unchanged_wrong,9,6,"{""global_context"": 0.5303566058476766, ""left_interaction"": 0.17136621475219727, ""right_interaction"": 0.063350314895312, ""hand_head_union"": 0.0, ""two_hand_table_context"": 0.23492681980133057}","{""global_context"": 0.999927282333374, ""left_interaction"": 1.347172171032677e-05, ""right_interaction"": 3.226757447312897e-05, ""hand_head_union"": 0.0, ""two_hand_table_context"": 2.6816196623258293e-05}",183,False,True
train__c07__user4__2-1-2,Eat_food,Drink_water,Drink_water,Drink_water,0.7605842414836502,0.9524999857381917,0.7680507119497096,unchanged_wrong,unchanged_wrong,2,2,"{""global_context"": 0.25260545990683814, ""left_interaction"": 0.29035852172157983, ""right_interaction"": 0.4508070945739746, ""hand_head_union"": 3.840006518823264e-07, ""two_hand_table_context"": 0.006228551268577576}","{""global_context"": 0.9999704360961914, ""left_interaction"": 5.908392433246428e-06, ""right_interaction"": 1.7716200090944767e-05, ""hand_head_union"": 2.926808933394072e-07, ""two_hand_table_context"": 5.607501820618794e-06}",87,True,True
train__c07__user4__2-1-3,Eat_food,Drink_water,Pour_drinks,Drink_water,0.27864120769529027,0.22112539225658678,0.2991247753011553,changed_wrong,unchanged_wrong,13,4,"{""global_context"": 0.8747658729553223, ""left_interaction"": 0.07248207926750183, ""right_interaction"": 3.213920717826113e-05, ""hand_head_union"": 0.0, ""two_hand_table_context"": 0.05271981656551361}","{""global_context"": 0.9999347527821859, ""left_interaction"": 1.0512584897999963e-05, ""right_interaction"": 5.191984625222782e-05, ""hand_head_union"": 0.0, ""two_hand_table_context"": 2.83894890647692e-06}",84,False,True
train__c07__user4__5-1-1,Eat_food,Take_body_temperature,Comb_hair,Comb_hair,0.27990982921955554,0.3961157635472761,0.2835847312870154,changed_wrong,changed_wrong,8,11,"{""global_context"": 7.224229556448756e-09, ""left_interaction"": 2.52465139895391e-05, ""right_interaction"": 0.9999672082754282, ""hand_head_union"": 0.0, ""two_hand_table_context"": 7.568044216336252e-06}","{""global_context"": 2.106695879214945e-06, ""left_interaction"": 0.5683406316317045, ""right_interaction"": 0.18210319372323844, ""hand_head_union"": 0.0, ""two_hand_table_context"": 0.24955406555762658}",49,False,True
train__c07__user4__5-1-2,Eat_food,Comb_hair,Comb_hair,Comb_hair,0.3283993589635568,0.5137367283234222,0.43424135923378976,unchanged_wrong,unchanged_wrong,2,9,"{""global_context"": 1.0972460586344823e-05, ""left_interaction"": 0.12998836239178976, ""right_interaction"": 0.8448200225830078, ""hand_head_union"": 0.0, ""two_hand_table_context"": 0.02518058071533839}","{""global_context"": 1.3219584313143666e-06, ""left_interaction"": 0.13912694652875265, ""right_interaction"": 0.013238577793041864, ""hand_head_union"": 0.0, ""two_hand_table_context"": 0.8476332823435465}",96,False,True
train__c07__user4__5-1-3,Eat_food,Take_body_temperature,Comb_hair,Comb_hair,0.3193646180905473,0.5934867706786483,0.31054974078318565,changed_wrong,changed_wrong,7,11,"{""global_context"": 0.0002467575567689809, ""left_interaction"": 0.15306474223281397, ""right_interaction"": 0.8238888942834103, ""hand_head_union"": 0.0, ""two_hand_table_context"": 0.02279973030090332}","{""global_context"": 0.00011119042579649073, ""left_interaction"": 0.731644023548473, ""right_interaction"": 0.17787351030291934, ""hand_head_union"": 0.0, ""two_hand_table_context"": 0.09037124026905406}",132,False,True
train__c07__user4__7-2-1,Eat_food,Eat_food,Eat_food,Eat_food,0.7692768226606094,0.8729402664653483,0.565415274196269,retained_correct,retained_correct,1,1,"{""global_context"": 0.0001504414559652408, ""left_interaction"": 0.05116264820098877, ""right_interaction"": 0.4483390172322591, ""hand_head_union"": 0.367872428894043, ""two_hand_table_context"": 0.1324753999710083}","{""global_context"": 0.9998260498046875, ""left_interaction"": 3.570154852544268e-05, ""right_interaction"": 1.4943813463711801e-07, ""hand_head_union"": 2.3422943195328115e-05, ""two_hand_table_context"": 0.00011464713606983424}",149,True,True
train__c07__user4__7-2-2,Eat_food,Eat_food,Eat_food,Drink_water,0.2969946971372703,0.9611865554006119,0.23281211861479742,retained_correct,harmed,1,2,"{""global_context"": 0.00017436985474298983, ""left_interaction"": 0.17935831406537225, ""right_interaction"": 0.4567703078774845, ""hand_head_union"": 0.23749803094302907, ""two_hand_table_context"": 0.12619892288656795}","{""global_context"": 0.9997386932373047, ""left_interaction"": 3.6815917530261416e-05, ""right_interaction"": 2.5971220405635367e-07, ""hand_head_union"": 6.028447601505939e-05, ""two_hand_table_context"": 0.00016394427374881858}",81,True,True
train__c07__user4__7-2-3,Eat_food,Eat_food,Eat_food,Drink_water,0.5354774904253012,0.8674387721051097,0.5009919256206519,retained_correct,harmed,1,2,"{""global_context"": 2.3003955166565165e-06, ""left_interaction"": 0.00031407197405185016, ""right_interaction"": 0.7362960633777437, ""hand_head_union"": 0.253459476289295, ""two_hand_table_context"": 0.00992806184859503}","{""global_context"": 0.9995772952125186, ""left_interaction"": 4.860529276941504e-05, ""right_interaction"": 3.157559105949033e-06, ""hand_head_union"": 5.539144123239177e-05, ""two_hand_table_context"": 0.00031549809500575066}",101,True,True
train__c08__user17__1-2-1,Take_and_use_tableware,Peel_fruits,Take_and_use_tableware,Peel_fruits,0.27900113402334,0.5634550279999275,0.2392298388641318,rescued,unchanged_wrong,1,3,"{""global_context"": 0.32903250780972565, ""left_interaction"": 0.2773326960476962, ""right_interaction"": 0.10095317797227339, ""hand_head_union"": 0.2926718538457697, ""two_hand_table_context"": 9.786179527344013e-06}","{""global_context"": 0.9997398203069513, ""left_interaction"": 0.00011272220449014144, ""right_interaction"": 2.30728368147869e-05, ""hand_head_union"": 2.8009447057477454e-06, ""two_hand_table_context"": 0.00012158710424872962}",85,True,True
train__c08__user17__1-2-2,Take_and_use_tableware,Use_a_mobile_phone,Take_and_use_tableware,Use_a_mobile_phone,0.20693521212899568,0.390975292210539,0.1595885458775754,rescued,unchanged_wrong,1,2,"{""global_context"": 0.36687320470809937, ""left_interaction"": 0.4383474886417389, ""right_interaction"": 3.400351488380693e-06, ""hand_head_union"": 0.1942426711320877, ""two_hand_table_context"": 0.0005332305445335805}","{""global_context"": 0.9987831711769104, ""left_interaction"": 0.00046972098061814904, ""right_interaction"": 0.00021050941722933203, ""hand_head_union"": 1.2833517757826485e-05, ""two_hand_table_context"": 0.0005237502045929432}",30,True,True
train__c08__user17__1-2-3,Take_and_use_tableware,Peel_fruits,Take_and_use_tableware,Peel_fruits,0.41859043408451074,0.5221661263291913,0.3965208273902074,rescued,unchanged_wrong,1,2,"{""global_context"": 0.6853043514749279, ""left_interaction"": 0.22470159115998642, ""right_interaction"": 0.011868843565816465, ""hand_head_union"": 0.07812524360159169, ""two_hand_table_context"": 0.0}","{""global_context"": 0.9994215757950492, ""left_interaction"": 0.0001899123434787211, ""right_interaction"": 0.00038841739296913147, ""hand_head_union"": 1.6508557643607238e-07, ""two_hand_table_context"": 0.0}",71,True,False
train__c08__user17__2-1-1,Take_and_use_tableware,Wipe_bowls,Take_and_use_tableware,Take_and_use_tableware,0.3789298042130737,0.560359549744888,0.38364425831232707,rescued,rescued,1,1,"{""global_context"": 6.0251816951980196e-05, ""left_interaction"": 0.1874558793173896, ""right_interaction"": 0.30558710628085667, ""hand_head_union"": 0.0, ""two_hand_table_context"": 0.5068967077467177}","{""global_context"": 0.00018186489534046914, ""left_interaction"": 0.34679924117194283, ""right_interaction"": 0.524161179860433, ""hand_head_union"": 0.0, ""two_hand_table_context"": 0.12885766559176975}",133,False,True
train__c08__user17__2-1-2,Take_and_use_tableware,Wipe_bowls,Take_and_use_tableware,Take_and_use_tableware,0.2722652320359931,0.46345794097517384,0.29462255720165414,rescued,rescued,1,1,"{""global_context"": 0.0008104685693979263, ""left_interaction"": 0.19647041956583658, ""right_interaction"": 0.38329286928530093, ""hand_head_union"": 0.0, ""two_hand_table_context"": 0.41942628224690753}","{""global_context"": 0.0001830305490228865, ""left_interaction"": 0.5406423851295754, ""right_interaction"": 0.4418914936206959, ""hand_head_union"": 0.0, ""two_hand_table_context"": 0.017283047790880555}",98,False,True
train__c08__user17__2-1-3,Take_and_use_tableware,Wipe_bowls,Take_and_use_tableware,Take_and_use_tableware,0.3779250966939368,0.3056737310722768,0.22850797241826395,rescued,rescued,1,1,"{""global_context"": 0.0003305654227733612, ""left_interaction"": 0.35396060943603513, ""right_interaction"": 0.3330665969848633, ""hand_head_union"": 0.0005963905528187752, ""two_hand_table_context"": 0.312045783996582}","{""global_context"": 5.148241762071848e-06, ""left_interaction"": 0.32225627899169923, ""right_interaction"": 0.6152727127075195, ""hand_head_union"": 7.97239225357771e-05, ""two_hand_table_context"": 0.06238612651824951}",90,True,True
train__c08__user17__3-2-1,Take_and_use_tableware,Wipe_windows_and_tables,Wipe_windows_and_tables,Wipe_windows_and_tables,0.32515160209155947,0.41179109539019076,0.40374318124904507,unchanged_wrong,unchanged_wrong,2,2,"{""global_context"": 8.518948047624335e-06, ""left_interaction"": 0.6628722729890243, ""right_interaction"": 0.254194218179454, ""hand_head_union"": 0.0, ""two_hand_table_context"": 0.08292498277581256}","{""global_context"": 5.317125290784845e-10, ""left_interaction"": 0.6713705062866211, ""right_interaction"": 0.24169416012971298, ""hand_head_union"": 0.0, ""two_hand_table_context"": 0.08693528175354004}",176,False,True
train__c08__user17__3-2-2,Take_and_use_tableware,Wipe_bowls,Stir_drinks,Wipe_bowls,0.40739076050618955,0.4131483473854369,0.812052308624674,changed_wrong,unchanged_wrong,8,2,"{""global_context"": 1.7997915384857433e-07, ""left_interaction"": 0.6478245176117996, ""right_interaction"": 0.01340765274804214, ""hand_head_union"": 0.0, ""two_hand_table_context"": 0.3387676765178812}","{""global_context"": 1.6209742360644968e-11, ""left_interaction"": 0.5503350290758856, ""right_interaction"": 9.477800079460801e-05, ""hand_head_union"": 0.0, ""two_hand_table_context"": 0.44957022831357757}",112,False,True
train__c08__user17__3-2-3,Take_and_use_tableware,Peel_fruits,Peel_fruits,Wipe_bowls,0.721323407870595,0.8879615465234921,0.6159171717266733,unchanged_wrong,changed_wrong,4,3,"{""global_context"": 0.00014617124169662193, ""left_interaction"": 0.7474988473428262, ""right_interaction"": 0.007341529871966387, ""hand_head_union"": 0.0, ""two_hand_table_context"": 0.24501357207427155}","{""global_context"": 1.202854152618452e-10, ""left_interaction"": 0.5066152005582243, ""right_interaction"": 0.03707209148922482, ""hand_head_union"": 0.0, ""two_hand_table_context"": 0.45631264351509715}",148,False,True
train__c08__user4__1-2-1,Take_and_use_tableware,Wipe_windows_and_tables,Wipe_windows_and_tables,Wipe_windows_and_tables,0.5079845047903524,0.6211357553334679,0.5483032613580063,unchanged_wrong,unchanged_wrong,4,3,"{""global_context"": 0.6899238427480062, ""left_interaction"": 0.1979426940282186, ""right_interaction"": 0.11202675104141235, ""hand_head_union"": 0.0, ""two_hand_table_context"": 0.00010665312098960082}","{""global_context"": 3.1707456097744093e-06, ""left_interaction"": 0.0686572790145874, ""right_interaction"": 0.897789478302002, ""hand_head_union"": 0.0, ""two_hand_table_context"": 0.03355020781358083}",146,False,True
train__c08__user4__1-2-2,Take_and_use_tableware,Sweep_the_floor,Sweep_the_floor,Peel_fruits,0.20973507949620615,0.24416256860031466,0.3810695562900431,unchanged_wrong,changed_wrong,25,11,"{""global_context"": 1.6860568670697673e-06, ""left_interaction"": 0.2838931290999703, ""right_interaction"": 0.47099971771240234, ""hand_head_union"": 0.0, ""two_hand_table_context"": 0.24510543242744778}","{""global_context"": 1.384851993466525e-07, ""left_interaction"": 0.3153091513592264, ""right_interaction"": 3.981070894160834e-06, ""hand_head_union"": 0.0, ""two_hand_table_context"": 0.6846866193025009}",180,False,True
train__c08__user4__2-1-1,Take_and_use_tableware,Do_stretching_exercises,Do_stretching_exercises,Do_stretching_exercises,0.4135508309848764,0.42303679307001524,0.4139362174937526,unchanged_wrong,unchanged_wrong,22,26,"{""global_context"": 0.32642700797633123, ""left_interaction"": 0.2693905579416375, ""right_interaction"": 0.30284678308587326, ""hand_head_union"": 0.0, ""two_hand_table_context"": 0.10133562589946546}","{""global_context"": 0.9999159762733861, ""left_interaction"": 3.777591413573215e-05, ""right_interaction"": 3.1458829701142876e-05, ""hand_head_union"": 0.0, ""two_hand_table_context"": 1.4825013319128438e-05}",66,False,True
train__c08__user4__2-1-2,Take_and_use_tableware,Stand_up,Stand_up,Stand_up,0.8438610597153061,0.8480964213793569,0.8452539092755256,unchanged_wrong,unchanged_wrong,9,11,"{""global_context"": 0.5683082580566406, ""left_interaction"": 0.0003102728864178061, ""right_interaction"": 0.4313199043273926, ""hand_head_union"": 0.0, ""two_hand_table_context"": 6.151330890133977e-05}","{""global_context"": 0.9999283790588379, ""left_interaction"": 2.2640827228315175e-05, ""right_interaction"": 7.74575073592132e-07, ""hand_head_union"": 0.0, ""two_hand_table_context"": 4.826458171010017e-05}",32,False,True
train__c08__user4__2-1-3,Take_and_use_tableware,Stand_up,Stand_up,Stand_up,0.9693683116533697,0.9714497491186386,0.9703236817251093,unchanged_wrong,unchanged_wrong,14,18,"{""global_context"": 0.4684804810418023, ""left_interaction"": 0.03221607539388868, ""right_interaction"": 0.4888919194539388, ""hand_head_union"": 0.0, ""two_hand_table_context"": 0.010411567158169217}","{""global_context"": 0.9998901155259874, ""left_interaction"": 0.00010303369102378686, ""right_interaction"": 1.2542433170084323e-06, ""hand_head_union"": 0.0, ""two_hand_table_context"": 5.622241587843746e-06}",29,False,True
train__c09__user17__1-2-1,Pour_drinks,Take_and_use_tableware,Take_and_use_tableware,Take_and_use_tableware,0.4558299738072192,0.7342110910227856,0.406270022002727,unchanged_wrong,unchanged_wrong,2,2,"{""global_context"": 0.2628716892666287, ""left_interaction"": 0.6418303030508535, ""right_interaction"": 0.05773915184868707, ""hand_head_union"": 0.0, ""two_hand_table_context"": 0.037558816097400805}","{""global_context"": 0.998369711416739, ""left_interaction"": 0.0004877608131479334, ""right_interaction"": 3.0337754718924836e-06, ""hand_head_union"": 0.0, ""two_hand_table_context"": 0.0011395380176879742}",86,False,True
train__c09__user17__1-2-2,Pour_drinks,Pour_drinks,Pour_drinks,Pour_drinks,0.606436410555386,0.7457785675525078,0.7140910060816955,retained_correct,retained_correct,1,1,"{""global_context"": 0.12977011714662826, ""left_interaction"": 0.7576026916503906, ""right_interaction"": 0.019182537283216203, ""hand_head_union"": 0.0, ""two_hand_table_context"": 0.09344473055430821}","{""global_context"": 0.9990830421447754, ""left_interaction"": 0.0005283198053283351, ""right_interaction"": 2.7248760618801627e-05, ""hand_head_union"": 0.0, ""two_hand_table_context"": 0.00036135372439665455}",49,False,True
train__c09__user17__1-2-3,Pour_drinks,Tap_the_keyboard,Tap_the_keyboard,Tap_the_keyboard,0.5788399528643199,0.7025549056660807,0.6175318386039328,unchanged_wrong,unchanged_wrong,3,3,"{""global_context"": 0.7825765991210938, ""left_interaction"": 0.21629764556884765, ""right_interaction"": 0.0006327033787965774, ""hand_head_union"": 0.0, ""two_hand_table_context"": 0.0004930231720209121}","{""global_context"": 0.9981446838378907, ""left_interaction"": 0.001249213069677353, ""right_interaction"": 3.665994387120009e-05, ""hand_head_union"": 0.0, ""two_hand_table_context"": 0.0005694080144166946}",86,False,True
train__c09__user17__2-1-1,Pour_drinks,Pour_drinks,Pour_drinks,Pour_drinks,0.5366643456097826,0.6388704674845473,0.5845913045197701,retained_correct,retained_correct,1,1,"{""global_context"": 1.1785680193309512e-06, ""left_interaction"": 0.0722888913647882, ""right_interaction"": 0.5125713348388672, ""hand_head_union"": 0.0, ""two_hand_table_context"": 0.41513854059679756}","{""global_context"": 1.661717889726137e-11, ""left_interaction"": 0.002259826865689508, ""right_interaction"": 0.8114585218758419, ""hand_head_union"": 0.0, ""two_hand_table_context"": 0.1862816646181304}",105,False,True
train__c09__user17__2-1-2,Pour_drinks,Wipe_windows_and_tables,Wipe_windows_and_tables,Wipe_windows_and_tables,0.3175686746152541,0.40701400459889914,0.36579350536816047,unchanged_wrong,unchanged_wrong,2,2,"{""global_context"": 2.1617786842398345e-05, ""left_interaction"": 0.669070053100586, ""right_interaction"": 0.22758517265319825, ""hand_head_union"": 0.0, ""two_hand_table_context"": 0.10332318544387817}","{""global_context"": 3.3552854716845105e-09, ""left_interaction"": 0.9231681823730469, ""right_interaction"": 0.04402539432048798, ""hand_head_union"": 0.0, ""two_hand_table_context"": 0.03280653953552246}",80,False,True
train__c09__user17__2-1-3,Pour_drinks,Pour_drinks,Pour_drinks,Pour_drinks,0.7144776136487576,0.7785230800185947,0.7680244329326943,retained_correct,retained_correct,1,1,"{""global_context"": 1.0493874120024535e-05, ""left_interaction"": 0.00011211556669038076, ""right_interaction"": 0.7012959993802584, ""hand_head_union"": 0.0, ""two_hand_table_context"": 0.2985813617706299}","{""global_context"": 1.0833078024373978e-11, ""left_interaction"": 0.00014529422892687412, ""right_interaction"": 0.9136700996985803, ""hand_head_union"": 0.0, ""two_hand_table_context"": 0.08618452915778527}",44,False,True
train__c09__user17__5-2-1,Pour_drinks,Mop_the_floor,Mop_the_floor,Mop_the_floor,0.5829436518097797,0.4379982165315426,0.584832776696524,unchanged_wrong,unchanged_wrong,17,22,"{""global_context"": 0.0004745192515353362, ""left_interaction"": 0.061434388160705566, ""right_interaction"": 0.747941705915663, ""hand_head_union"": 0.0, ""two_hand_table_context"": 0.19014937347835964}","{""global_context"": 7.694338993107723e-12, ""left_interaction"": 0.4346722496880425, ""right_interaction"": 0.354832304848565, ""hand_head_union"": 0.0, ""two_hand_table_context"": 0.21049544546339247}",69,False,True
train__c09__user17__5-2-2,Pour_drinks,Pour_drinks,Pour_drinks,Pour_drinks,0.689746756542336,0.7607090480825425,0.6930936869421985,retained_correct,retained_correct,1,1,"{""global_context"": 0.035358579262443214, ""left_interaction"": 0.1686139728711999, ""right_interaction"": 0.6657629013061523, ""hand_head_union"": 0.0, ""two_hand_table_context"": 0.1302645724752675}","{""global_context"": 7.341191615958688e-10, ""left_interaction"": 0.7043210734491763, ""right_interaction"": 0.26997186826623004, ""hand_head_union"": 0.0, ""two_hand_table_context"": 0.025707097157188084}",74,False,True
train__c09__user17__5-2-3,Pour_drinks,Wipe_windows_and_tables,Wipe_windows_and_tables,Wipe_windows_and_tables,0.6252470189543854,0.7217309607584935,0.6940505773825684,unchanged_wrong,unchanged_wrong,2,2,"{""global_context"": 0.00036482795673821656, ""left_interaction"": 0.021194504840033396, ""right_interaction"": 0.22726588589804514, ""hand_head_union"": 0.0, ""two_hand_table_context"": 0.7511748586382184}","{""global_context"": 1.131701557862844e-10, ""left_interaction"": 5.829943360627762e-05, ""right_interaction"": 0.6886427061898368, ""hand_head_union"": 0.0, ""two_hand_table_context"": 0.3112990174974714}",54,False,True
train__c09__user23__5-3-3,Pour_drinks,Stir_drinks,Take_and_use_tableware,Pour_drinks,0.3673720506139869,0.5603635721757902,0.5103144605145471,changed_wrong,rescued,2,1,"{""global_context"": 0.3981271425882975, ""left_interaction"": 0.1254256248474121, ""right_interaction"": 0.21437590916951496, ""hand_head_union"": 0.1953159968058268, ""two_hand_table_context"": 0.06675527890523275}","{""global_context"": 1.0, ""left_interaction"": 8.117353900161107e-10, ""right_interaction"": 1.736303308537875e-09, ""hand_head_union"": 5.778555041876151e-11, ""two_hand_table_context"": 3.938786482156805e-10}",132,True,True
train__c09__user4__1-2-1,Pour_drinks,Pour_drinks,Pour_drinks,Pour_drinks,0.6759430393258865,0.6140184265283503,0.4935464722911839,retained_correct,retained_correct,1,1,"{""global_context"": 0.06547002991040547, ""left_interaction"": 0.14768731594085693, ""right_interaction"": 0.6925477981567383, ""hand_head_union"": 0.0, ""two_hand_table_context"": 0.09429485599199931}","{""global_context"": 5.665662380730888e-07, ""left_interaction"": 0.09139861663182576, ""right_interaction"": 0.8668769200642904, ""hand_head_union"": 0.0, ""two_hand_table_context"": 0.04172383248806}",153,False,True
train__c09__user4__1-2-2,Pour_drinks,Stir_drinks,Stir_drinks,Pour_drinks,0.6296356158371921,0.5470953509225036,0.5907365010478203,unchanged_wrong,rescued,2,1,"{""global_context"": 0.08610535661379497, ""left_interaction"": 0.03960644950469335, ""right_interaction"": 0.8219274679819742, ""hand_head_union"": 0.0, ""two_hand_table_context"": 0.052360703547795616}","{""global_context"": 6.397821077068026e-06, ""left_interaction"": 0.6155532201131185, ""right_interaction"": 0.07497550547122955, ""hand_head_union"": 0.0, ""two_hand_table_context"": 0.3094649116198222}",186,False,True
train__c09__user4__1-2-3,Pour_drinks,Pour_drinks,Pour_drinks,Pour_drinks,0.32074762844542887,0.367782281214018,0.32874692597659466,retained_correct,retained_correct,1,1,"{""global_context"": 0.013698843618234, ""left_interaction"": 0.04169233640034994, ""right_interaction"": 0.29698793093363446, ""hand_head_union"": 0.0, ""two_hand_table_context"": 0.6476209163665771}","{""global_context"": 1.8294933094390824e-06, ""left_interaction"": 0.6399469375610352, ""right_interaction"": 0.12094383438428243, ""hand_head_union"": 0.0, ""two_hand_table_context"": 0.23910746971766153}",191,False,True
train__c09__user4__6-1-1,Pour_drinks,Pour_drinks,Pour_drinks,Pour_drinks,0.7165403390941142,0.8294507496543774,0.8833638686948163,retained_correct,retained_correct,1,1,"{""global_context"": 0.06617673238118489, ""left_interaction"": 0.4542398850123088, ""right_interaction"": 0.47841020425160724, ""hand_head_union"": 0.0, ""two_hand_table_context"": 0.0011732108735789855}","{""global_context"": 0.9999810854593912, ""left_interaction"": 1.854388998860183e-05, ""right_interaction"": 7.810127537292526e-08, ""hand_head_union"": 0.0, ""two_hand_table_context"": 1.914027999797933e-07}",145,False,True
train__c09__user4__6-1-2,Pour_drinks,Stir_drinks,Pour_drinks,Pour_drinks,0.48348030153104604,0.7604732907018632,0.769637568317893,rescued,rescued,1,1,"{""global_context"": 0.0747290849685669, ""left_interaction"": 0.6233680248260498, ""right_interaction"": 0.30190300941467285, ""hand_head_union"": 0.0, ""two_hand_table_context"": 0.0}","{""global_context"": 0.9999814033508301, ""left_interaction"": 1.825740037020296e-05, ""right_interaction"": 3.7338232535451726e-07, ""hand_head_union"": 0.0, ""two_hand_table_context"": 0.0}",144,False,False
train__c09__user4__6-1-3,Pour_drinks,Pour_drinks,Pour_drinks,Pour_drinks,0.4802716150011036,0.5602137353480704,0.7467001000312175,retained_correct,retained_correct,1,1,"{""global_context"": 0.10952106741971748, ""left_interaction"": 0.45221727947856105, ""right_interaction"": 0.4149490622586982, ""hand_head_union"": 0.0, ""two_hand_table_context"": 0.023312729458476223}","{""global_context"": 0.9999924593193587, ""left_interaction"": 7.069293344609959e-06, ""right_interaction"": 4.565035640045481e-07, ""hand_head_union"": 0.0, ""two_hand_table_context"": 3.764731170735484e-08}",133,False,True
train__c10__user17__2-1-1,Stir_drinks,Pour_drinks,Pour_drinks,Pour_drinks,0.6776886517339351,0.6247348867491119,0.7602600102751637,unchanged_wrong,unchanged_wrong,9,5,"{""global_context"": 3.127686707585147e-05, ""left_interaction"": 0.13283777236938477, ""right_interaction"": 0.5858980236631451, ""hand_head_union"": 0.0, ""two_hand_table_context"": 0.28123294945919153}","{""global_context"": 2.3163526315894353e-10, ""left_interaction"": 0.03243261756318988, ""right_interaction"": 0.9549274444580078, ""hand_head_union"": 0.0, ""two_hand_table_context"": 0.012640097827622385}",132,False,True
train__c10__user17__2-1-2,Stir_drinks,Pour_drinks,Pour_drinks,Pour_drinks,0.7277412286114103,0.7914184070994839,0.8202365162048153,unchanged_wrong,unchanged_wrong,6,2,"{""global_context"": 1.8796873908805928e-06, ""left_interaction"": 0.9075450897216797, ""right_interaction"": 0.07820936611720494, ""hand_head_union"": 0.0, ""two_hand_table_context"": 0.014243655971118383}","{""global_context"": 6.8607676999883034e-09, ""left_interaction"": 0.9087320055280413, ""right_interaction"": 0.05576878786087036, ""hand_head_union"": 0.0, ""two_hand_table_context"": 0.035499136362757}",111,False,True
train__c10__user17__2-1-3,Stir_drinks,Pour_drinks,Pour_drinks,Pour_drinks,0.4766554829979333,0.5539262129531067,0.6557545621863461,unchanged_wrong,unchanged_wrong,2,2,"{""global_context"": 1.4097951035099951e-05, ""left_interaction"": 0.24241078983653674, ""right_interaction"": 0.7490025433627042, ""hand_head_union"": 0.0, ""two_hand_table_context"": 0.008572586558081886}","{""global_context"": 2.2662741437009323e-07, ""left_interaction"": 0.8313961896029386, ""right_interaction"": 0.06115960532968694, ""hand_head_union"": 0.0, ""two_hand_table_context"": 0.10744385285810991}",82,False,True
train__c10__user17__2-2-1,Stir_drinks,Wipe_windows_and_tables,Wipe_windows_and_tables,Wipe_windows_and_tables,0.27243196118000934,0.3218078140674461,0.3026696230472956,unchanged_wrong,unchanged_wrong,12,8,"{""global_context"": 0.9660913679334853, ""left_interaction"": 0.014563931359185113, ""right_interaction"": 0.0012691986781579476, ""hand_head_union"": 0.0, ""two_hand_table_context"": 0.018075612960038363}","{""global_context"": 0.9996583726671007, ""left_interaction"": 5.0508800928515416e-05, ""right_interaction"": 5.940796486188278e-07, ""hand_head_union"": 0.0, ""two_hand_table_context"": 0.00029040686786174774}",108,False,True
train__c10__user17__2-2-2,Stir_drinks,Wipe_windows_and_tables,Wipe_windows_and_tables,Wipe_windows_and_tables,0.36197329485884905,0.3642704632320383,0.4021334919040433,unchanged_wrong,unchanged_wrong,13,9,"{""global_context"": 0.5995208876473563, ""left_interaction"": 0.21818276814052037, ""right_interaction"": 0.05922592111996242, ""hand_head_union"": 0.0, ""two_hand_table_context"": 0.12307035071509224}","{""global_context"": 0.9994430541992188, ""left_interaction"": 6.455633722777878e-05, ""right_interaction"": 1.1220084031395215e-06, ""hand_head_union"": 0.0, ""two_hand_table_context"": 0.0004912604843931538}",109,False,True
train__c10__user17__2-2-3,Stir_drinks,Tap_the_keyboard,Tap_the_keyboard,Tap_the_keyboard,0.37222795828061067,0.4585282522753779,0.41431325291870413,unchanged_wrong,unchanged_wrong,10,10,"{""global_context"": 0.8516592979431152, ""left_interaction"": 0.04004129767417908, ""right_interaction"": 0.00011641649762168526, ""hand_head_union"": 0.0, ""two_hand_table_context"": 0.10818305015563964}","{""global_context"": 0.9993810653686523, ""left_interaction"": 0.00021800892427563666, ""right_interaction"": 5.943801625107881e-07, ""hand_head_union"": 0.0, ""two_hand_table_context"": 0.0004003533162176609}",80,False,True
train__c10__user17__5-2-1,Stir_drinks,Stir_drinks,Stir_drinks,Wipe_bowls,0.5745905072371883,0.6685107345201831,0.6281537426014794,retained_correct,harmed,1,2,"{""global_context"": 1.6321447963657028e-06, ""left_interaction"": 0.6606111959977583, ""right_interaction"": 0.2943750294772061, ""hand_head_union"": 0.0, ""two_hand_table_context"": 0.045012241060083565}","{""global_context"": 2.3465784951523263e-08, ""left_interaction"": 0.5690964785489169, ""right_interaction"": 0.2326587980443781, ""hand_head_union"": 0.0, ""two_hand_table_context"": 0.19824465838345615}",84,False,True
train__c10__user17__5-2-2,Stir_drinks,Stir_drinks,Stir_drinks,Stir_drinks,0.7787841089141693,0.942994689714273,0.6926824439884005,retained_correct,retained_correct,1,1,"{""global_context"": 2.9375719634572306e-08, ""left_interaction"": 0.14478141069412231, ""right_interaction"": 0.8545656204223633, ""hand_head_union"": 0.0, ""two_hand_table_context"": 0.0006530042737722397}","{""global_context"": 3.7127804534501746e-10, ""left_interaction"": 0.8978758653004965, ""right_interaction"": 0.0003504448104649782, ""hand_head_union"": 0.0, ""two_hand_table_context"": 0.10177367925643921}",39,False,True
train__c10__user17__5-2-3,Stir_drinks,Stir_drinks,Stir_drinks,Stir_drinks,0.5685094497476839,0.8532763815353298,0.49507235859601745,retained_correct,retained_correct,1,1,"{""global_context"": 0.000533284991979599, ""left_interaction"": 0.009726669390996296, ""right_interaction"": 0.922770881652832, ""hand_head_union"": 0.0, ""two_hand_table_context"": 0.06696927547454834}","{""global_context"": 1.0009730821991525e-10, ""left_interaction"": 0.8945344924926758, ""right_interaction"": 0.0004634134160975615, ""hand_head_union"": 0.0, ""two_hand_table_context"": 0.10500209331512451}",59,False,True
train__c10__user23__5-3-3,Stir_drinks,Pour_drinks,Pour_drinks,Pour_drinks,0.46558741889966826,0.598447017055191,0.6304459057343029,unchanged_wrong,unchanged_wrong,2,2,"{""global_context"": 0.2019287177494594, ""left_interaction"": 0.6681889806474958, ""right_interaction"": 0.09687003067561559, ""hand_head_union"": 0.0, ""two_hand_table_context"": 0.033012287957327704}","{""global_context"": 1.0, ""left_interaction"": 2.1009785181444076e-11, ""right_interaction"": 5.620698192590875e-10, ""hand_head_union"": 0.0, ""two_hand_table_context"": 5.167232217503529e-12}",28,False,True
train__c10__user4__1-2-1,Stir_drinks,Pour_drinks,Take_and_use_tableware,Pour_drinks,0.3811715893608895,0.45368230678476584,0.44265089490497145,changed_wrong,unchanged_wrong,5,3,"{""global_context"": 0.02538363500074907, ""left_interaction"": 0.49802150148333924, ""right_interaction"": 0.43599264549486566, ""hand_head_union"": 0.0, ""two_hand_table_context"": 0.040602192734227036}","{""global_context"": 2.439855961711146e-08, ""left_interaction"": 0.0065165473656220866, ""right_interaction"": 0.8876025459983132, ""hand_head_union"": 0.0, ""two_hand_table_context"": 0.1058808962504069}",103,False,True
train__c10__user4__1-2-2,Stir_drinks,Take_medicine,Massage_oneself,Take_medicine,0.49015232880247805,0.28216942160705605,0.4084183484995921,changed_wrong,unchanged_wrong,14,13,"{""global_context"": 1.0966182583759195e-06, ""left_interaction"": 0.26269202483327764, ""right_interaction"": 0.7372925407008121, ""hand_head_union"": 0.0, ""two_hand_table_context"": 1.4215092003149421e-05}","{""global_context"": 8.816044035149005e-09, ""left_interaction"": 0.9946251919395045, ""right_interaction"": 3.5918331521220113e-06, ""hand_head_union"": 0.0, ""two_hand_table_context"": 0.005371437653114921}",117,False,True
train__c10__user4__1-2-3,Stir_drinks,Stir_drinks,Stir_drinks,Pour_drinks,0.41084143895833425,0.4293717680142225,0.37431396842588804,retained_correct,harmed,1,2,"{""global_context"": 0.024945985812407274, ""left_interaction"": 0.15027328637930062, ""right_interaction"": 0.8209205040564904, ""hand_head_union"": 0.0, ""two_hand_table_context"": 0.003860310579721744}","{""global_context"": 4.823732874333823e-07, ""left_interaction"": 0.9488161527193509, ""right_interaction"": 7.601942007358257e-05, ""hand_head_union"": 0.0, ""two_hand_table_context"": 0.05110736993642954}",80,False,True
train__c10__user4__5-1-1,Stir_drinks,Take_medicine,Stir_drinks,Take_medicine,0.27891632777732317,0.3285784313283507,0.2961551232161631,rescued,unchanged_wrong,1,11,"{""global_context"": 1.0686324047881612e-10, ""left_interaction"": 6.575828592758626e-07, ""right_interaction"": 0.9999991257985433, ""hand_head_union"": 0.0, ""two_hand_table_context"": 1.6989787354759756e-07}","{""global_context"": 2.5545381276970147e-07, ""left_interaction"": 0.985749880472819, ""right_interaction"": 0.0006775993388146162, ""hand_head_union"": 0.0, ""two_hand_table_context"": 0.013572280605634054}",150,False,True
train__c10__user4__5-1-2,Stir_drinks,Take_medicine,Comb_hair,Comb_hair,0.2869204219121216,0.30780616522065274,0.22374321067414674,changed_wrong,changed_wrong,4,14,"{""global_context"": 2.911295572024149e-07, ""left_interaction"": 0.005290697639187177, ""right_interaction"": 0.9946082433064779, ""hand_head_union"": 0.0, ""two_hand_table_context"": 0.00010074450983665884}","{""global_context"": 2.4226526799490483e-07, ""left_interaction"": 0.8328814506530762, ""right_interaction"": 0.00021953933173790574, ""hand_head_union"": 0.0, ""two_hand_table_context"": 0.16689874728520712}",155,False,True
train__c10__user4__5-1-3,Stir_drinks,Wipe_hands,Stir_drinks,Wipe_hands,0.24170622194806374,0.7342353670787359,0.27122526802639635,rescued,unchanged_wrong,1,2,"{""global_context"": 4.893732744140725e-11, ""left_interaction"": 1.771027663616459e-08, ""right_interaction"": 0.999999858714916, ""hand_head_union"": 0.0, ""two_hand_table_context"": 1.4150476056750416e-07}","{""global_context"": 5.958610539959476e-08, ""left_interaction"": 0.986127288253219, ""right_interaction"": 0.0007120992436453149, ""hand_head_union"": 0.0, ""two_hand_table_context"": 0.013160462732668276}",88,False,True
train__c11__user17__7-2-1,Peel_fruits,Stir_drinks,Peel_fruits,Wipe_bowls,0.4297136279758847,0.5900814453561031,0.2676299123019494,rescued,changed_wrong,1,2,"{""global_context"": 2.7842970178803294e-05, ""left_interaction"": 0.2745035683236471, ""right_interaction"": 0.6186204770716225, ""hand_head_union"": 0.0, ""two_hand_table_context"": 0.10684825152885623}","{""global_context"": 6.287678887036502e-10, ""left_interaction"": 0.8535949893114043, ""right_interaction"": 0.015887078715533746, ""hand_head_union"": 0.0, ""two_hand_table_context"": 0.13051802937577411}",162,False,True
train__c11__user17__7-2-2,Peel_fruits,Peel_fruits,Peel_fruits,Peel_fruits,0.9264324923388408,0.9752765804510335,0.9234051984259694,retained_correct,retained_correct,1,1,"{""global_context"": 0.00016853313094803264, ""left_interaction"": 0.6717579977852958, ""right_interaction"": 0.15611084529331754, ""hand_head_union"": 0.0, ""two_hand_table_context"": 0.1719625745500837}","{""global_context"": 1.8412153072030637e-10, ""left_interaction"": 0.4787935529436384, ""right_interaction"": 0.016721045970916747, ""hand_head_union"": 0.0, ""two_hand_table_context"": 0.5044853755405971}",134,False,True
train__c11__user17__7-2-3,Peel_fruits,Peel_fruits,Peel_fruits,Peel_fruits,0.8548175873256983,0.9499752984947305,0.8664459249787747,retained_correct,retained_correct,1,1,"{""global_context"": 0.00175078112918597, ""left_interaction"": 0.5886984971853403, ""right_interaction"": 0.18277487388023964, ""hand_head_union"": 0.0, ""two_hand_table_context"": 0.2267757929288424}","{""global_context"": 6.301266517119495e-10, ""left_interaction"": 0.7049256104689378, ""right_interaction"": 0.028301970316813543, ""hand_head_union"": 0.0, ""two_hand_table_context"": 0.2667723619020902}",101,False,True
train__c11__user24__4-2-1,Peel_fruits,Peel_fruits,Peel_fruits,Peel_fruits,0.919928116335856,0.9727948830747046,0.6015579135004382,retained_correct,retained_correct,1,1,"{""global_context"": 0.000410544181553026, ""left_interaction"": 0.5512118736902872, ""right_interaction"": 0.28206272919972736, ""hand_head_union"": 0.0, ""two_hand_table_context"": 0.1663148601849874}","{""global_context"": 6.365711669786833e-06, ""left_interaction"": 0.8387386798858643, ""right_interaction"": 0.08098472158114116, ""hand_head_union"": 0.0, ""two_hand_table_context"": 0.08027021586894989}",192,False,True
train__c11__user24__4-2-2,Peel_fruits,Peel_fruits,Peel_fruits,Peel_fruits,0.9306099725367237,0.9752820718141094,0.8919971780469387,retained_correct,retained_correct,1,1,"{""global_context"": 0.0018525587705274422, ""left_interaction"": 0.202763040860494, ""right_interaction"": 0.5649923086166382, ""hand_head_union"": 0.0, ""two_hand_table_context"": 0.23039209842681885}","{""global_context"": 1.6931130327672388e-05, ""left_interaction"": 0.8291819095611572, ""right_interaction"": 0.05629826088746389, ""hand_head_union"": 0.0, ""two_hand_table_context"": 0.11450278759002686}",177,False,True
train__c11__user24__4-2-3,Peel_fruits,Peel_fruits,Peel_fruits,Peel_fruits,0.8153346151122554,0.8848163489508107,0.48470762343314056,retained_correct,retained_correct,1,1,"{""global_context"": 0.00032778943960483256, ""left_interaction"": 0.3350937549884503, ""right_interaction"": 0.4319769785954402, ""hand_head_union"": 0.0, ""two_hand_table_context"": 0.23260144086984488}","{""global_context"": 1.029649306124506e-05, ""left_interaction"": 0.8542795914870042, ""right_interaction"": 0.06662703018922073, ""hand_head_union"": 0.0, ""two_hand_table_context"": 0.07908309423006497}",104,False,True
train__c11__user4__1-2-1,Peel_fruits,Take_and_use_tableware,Take_and_use_tableware,Take_and_use_tableware,0.5172316960516724,0.8590105658031992,0.4571770354423499,unchanged_wrong,unchanged_wrong,4,5,"{""global_context"": 0.027274837096532185, ""left_interaction"": 0.5192269086837769, ""right_interaction"": 0.4534984032313029, ""hand_head_union"": 0.0, ""two_hand_table_context"": 0.0}","{""global_context"": 1.3591269976132025e-07, ""left_interaction"": 0.0014150682836771011, ""right_interaction"": 0.9985849062601725, ""hand_head_union"": 0.0, ""two_hand_table_context"": 0.0}",144,False,False
train__c11__user4__1-2-2,Peel_fruits,Stir_drinks,Stir_drinks,Wipe_bowls,0.6966153079097699,0.6240581773089655,0.49156029046840866,unchanged_wrong,changed_wrong,2,6,"{""global_context"": 0.08048158884048462, ""left_interaction"": 0.4585641225179036, ""right_interaction"": 0.3525685469309489, ""hand_head_union"": 0.0, ""two_hand_table_context"": 0.10838582118352254}","{""global_context"": 2.8509033048370234e-06, ""left_interaction"": 0.8194397290547689, ""right_interaction"": 0.0005648281658068299, ""hand_head_union"": 0.0, ""two_hand_table_context"": 0.17999257644017538}",184,False,True
train__c11__user4__1-2-3,Peel_fruits,Pour_drinks,Pour_drinks,Pour_drinks,0.8411859588297316,0.863209211628757,0.8583737915647589,unchanged_wrong,unchanged_wrong,12,9,"{""global_context"": 0.43663753162730823, ""left_interaction"": 0.0908052000132474, ""right_interaction"": 0.27534662593494763, ""hand_head_union"": 0.0, ""two_hand_table_context"": 0.19721078872680664}","{""global_context"": 1.3462115682407536e-05, ""left_interaction"": 0.8484071384776722, ""right_interaction"": 0.13702389326962558, ""hand_head_union"": 0.0, ""two_hand_table_context"": 0.01455554095181552}",86,False,True
train__c11__user4__2-1-1,Peel_fruits,Stir_drinks,Stir_drinks,Stir_drinks,0.8143553482578678,0.9620244025654742,0.6753549328895876,unchanged_wrong,unchanged_wrong,3,4,"{""global_context"": 0.02931265133183177, ""left_interaction"": 0.6862460345756717, ""right_interaction"": 7.014082756341384e-09, ""hand_head_union"": 0.0, ""two_hand_table_context"": 0.28444131990758387}","{""global_context"": 0.9999543166742092, ""left_interaction"": 2.606777565144911e-05, ""right_interaction"": 4.68380827309064e-06, ""hand_head_union"": 0.0, ""two_hand_table_context"": 1.502728867685286e-05}",162,False,True
train__c11__user4__2-1-2,Peel_fruits,Drink_water,Drink_water,Drink_water,0.8322715511059038,0.7806914523999579,0.8302288512563902,unchanged_wrong,unchanged_wrong,6,4,"{""global_context"": 0.46358251571655273, ""left_interaction"": 0.19923762480417886, ""right_interaction"": 0.05546367168426514, ""hand_head_union"": 0.0, ""two_hand_table_context"": 0.2817162407769097}","{""global_context"": 0.9999627007378472, ""left_interaction"": 1.7793006716399556e-05, ""right_interaction"": 1.1757658891535053e-05, ""hand_head_union"": 0.0, ""two_hand_table_context"": 7.793195739698907e-06}",71,False,True
train__c11__user4__2-1-3,Peel_fruits,Drink_water,Drink_water,Drink_water,0.7118925563808779,0.839810572879262,0.7512343600475319,unchanged_wrong,unchanged_wrong,6,4,"{""global_context"": 0.36222378960971174, ""left_interaction"": 0.5344297803681473, ""right_interaction"": 0.04550415483014337, ""hand_head_union"": 0.006400197230536362, ""two_hand_table_context"": 0.05144217507592563}","{""global_context"": 0.9999771118164062, ""left_interaction"": 1.3100081685416657e-05, ""right_interaction"": 5.019628964685675e-06, ""hand_head_union"": 1.1746588229314134e-07, ""two_hand_table_context"": 4.624434072395851e-06}",122,True,True
train__c11__user4__6-1-1,Peel_fruits,Peel_fruits,Pour_drinks,Peel_fruits,0.5529683015465241,0.3333414835062021,0.5672119693562746,harmed,retained_correct,3,1,"{""global_context"": 0.9074231928045099, ""left_interaction"": 0.047820578921924935, ""right_interaction"": 1.2322389838201078e-06, ""hand_head_union"": 0.0, ""two_hand_table_context"": 0.044755000959743156}","{""global_context"": 0.9995524666526101, ""left_interaction"": 0.00023557789708403024, ""right_interaction"": 6.622094026004726e-05, ""hand_head_union"": 0.0, ""two_hand_table_context"": 0.0001458487981422381}",174,False,True
train__c11__user4__6-1-2,Peel_fruits,Stir_drinks,Stir_drinks,Peel_fruits,0.39022930339186634,0.41591325178185334,0.41293165853655006,unchanged_wrong,rescued,3,1,"{""global_context"": 0.81276535987854, ""left_interaction"": 0.12443808714548747, ""right_interaction"": 0.00021507612351949015, ""hand_head_union"": 0.0, ""two_hand_table_context"": 0.06258141497770946}","{""global_context"": 0.9994525909423828, ""left_interaction"": 0.00029853688708196086, ""right_interaction"": 0.00015575025463476777, ""hand_head_union"": 0.0, ""two_hand_table_context"": 9.304411166037123e-05}",172,False,True
train__c11__user4__6-1-3,Peel_fruits,Stir_drinks,Peel_fruits,Stir_drinks,0.5758656618841345,0.3824529683860152,0.4540622037503943,rescued,unchanged_wrong,1,2,"{""global_context"": 0.3113078854300759, ""left_interaction"": 0.20795947855169122, ""right_interaction"": 0.0017559397965669632, ""hand_head_union"": 0.0, ""two_hand_table_context"": 0.4789767265319824}","{""global_context"": 0.9992487647316672, ""left_interaction"": 0.0005059348927302794, ""right_interaction"": 0.00012202532326971942, ""hand_head_union"": 0.0, ""two_hand_table_context"": 0.0001231899738989093}",85,False,True
train__c11__user4__7-1-1,Peel_fruits,Wipe_hands,Wipe_hands,Wipe_hands,0.36239828282826453,0.42397485128189744,0.408444025480974,unchanged_wrong,unchanged_wrong,4,3,"{""global_context"": 0.0004161141974770504, ""left_interaction"": 0.07456471609032672, ""right_interaction"": 0.8914615796959918, ""hand_head_union"": 0.0, ""two_hand_table_context"": 0.03355779855147652}","{""global_context"": 2.0479258281462218e-07, ""left_interaction"": 0.6949246033378269, ""right_interaction"": 0.011898543523705524, ""hand_head_union"": 0.0, ""two_hand_table_context"": 0.293176733929178}",182,False,True
train__c11__user4__7-1-2,Peel_fruits,Take_body_temperature,Do_stretching_exercises,Do_stretching_exercises,0.21404365851340723,0.2819080805515923,0.2419867505042502,changed_wrong,changed_wrong,24,23,"{""global_context"": 1.7749011614035036e-05, ""left_interaction"": 0.013766929160716921, ""right_interaction"": 0.9861978042957394, ""hand_head_union"": 0.0, ""two_hand_table_context"": 1.7652347640589224e-05}","{""global_context"": 4.669477358368377e-07, ""left_interaction"": 0.42612501632335575, ""right_interaction"": 0.005456369976664699, ""hand_head_union"": 0.0, ""two_hand_table_context"": 0.5684182366659475}",161,False,True
train__c11__user4__7-1-3,Peel_fruits,Take_medicine,Massage_oneself,Take_medicine,0.35490387721098476,0.44565567838733244,0.5659317973712148,changed_wrong,unchanged_wrong,6,15,"{""global_context"": 4.62061274916895e-05, ""left_interaction"": 0.08967600330229729, ""right_interaction"": 0.8740143314484627, ""hand_head_union"": 0.0, ""two_hand_table_context"": 0.03626343896312098}","{""global_context"": 3.2262983774172983e-07, ""left_interaction"": 0.6144487319454071, ""right_interaction"": 0.014881262856145059, ""hand_head_union"": 0.0, ""two_hand_table_context"": 0.3706697648571384}",122,False,True
train__c12__user17__3-1-1,Sweep_the_floor,Mop_the_floor,Mop_the_floor,Mop_the_floor,0.7073461628143302,0.7092911711518066,0.7096343497384435,unchanged_wrong,unchanged_wrong,2,2,"{""global_context"": 6.082781813650702e-06, ""left_interaction"": 0.4899070660273234, ""right_interaction"": 0.5064921379089355, ""hand_head_union"": 0.0, ""two_hand_table_context"": 0.0035947530219952264}","{""global_context"": 0.9996019204457601, ""left_interaction"": 1.3221186539643288e-06, ""right_interaction"": 0.0003967551359285911, ""hand_head_union"": 0.0, ""two_hand_table_context"": 3.753282129537183e-08}",149,False,True
train__c12__user17__3-1-2,Sweep_the_floor,Mop_the_floor,Mop_the_floor,Mop_the_floor,0.5946370823911207,0.5970067237791823,0.5975154885717381,unchanged_wrong,unchanged_wrong,2,2,"{""global_context"": 0.004241190540293853, ""left_interaction"": 0.5615158081054688, ""right_interaction"": 0.4194151560465495, ""hand_head_union"": 0.0, ""two_hand_table_context"": 0.0148277481396993}","{""global_context"": 0.999406099319458, ""left_interaction"": 9.93330559140304e-07, ""right_interaction"": 0.0005930820091937979, ""hand_head_union"": 0.0, ""two_hand_table_context"": 7.511948840743798e-10}",150,False,True
train__c12__user17__3-1-3,Sweep_the_floor,Mop_the_floor,Mop_the_floor,Mop_the_floor,0.6473976641093543,0.6496432016269532,0.6497498821191428,unchanged_wrong,unchanged_wrong,2,2,"{""global_context"": 5.8757421823266224e-05, ""left_interaction"": 0.6686497223682892, ""right_interaction"": 0.3289300722953601, ""hand_head_union"": 3.878449280865682e-05, ""two_hand_table_context"": 0.0023226772363369283}","{""global_context"": 0.9999147072816507, ""left_interaction"": 4.0881320437153755e-07, ""right_interaction"": 8.49825580819295e-05, ""hand_head_union"": 4.129559527381132e-08, ""two_hand_table_context"": 6.999748154320957e-09}",124,True,True
train__c12__user23__3-2-1,Sweep_the_floor,Sweep_the_floor,Sweep_the_floor,Sweep_the_floor,0.25419684853282604,0.2560739862898943,0.2562230368184656,retained_correct,retained_correct,1,1,"{""global_context"": 0.34837865829467773, ""left_interaction"": 0.4086332321166992, ""right_interaction"": 0.13864258925120035, ""hand_head_union"": 0.0, ""two_hand_table_context"": 0.10434553027153015}","{""global_context"": 0.9998418490091959, ""left_interaction"": 1.8807400920195505e-05, ""right_interaction"": 0.00011352362344041467, ""hand_head_union"": 0.0, ""two_hand_table_context"": 2.5828883129482467e-05}",163,False,True
train__c12__user23__3-2-2,Sweep_the_floor,Mop_the_floor,Mop_the_floor,Mop_the_floor,0.5346263881849936,0.536959011588452,0.5371368944094195,unchanged_wrong,unchanged_wrong,2,2,"{""global_context"": 0.3453190326690674, ""left_interaction"": 0.40315576394399005, ""right_interaction"": 0.2326079805692037, ""hand_head_union"": 0.0, ""two_hand_table_context"": 0.018917284905910492}","{""global_context"": 0.9767037232716879, ""left_interaction"": 0.019257729252179463, ""right_interaction"": 0.002069918904453516, ""hand_head_union"": 0.0, ""two_hand_table_context"": 0.0019686996626357236}",149,False,True
train__c12__user23__3-2-3,Sweep_the_floor,Mop_the_floor,Mop_the_floor,Mop_the_floor,0.6159786261776343,0.6186929570485639,0.6192967417942358,unchanged_wrong,unchanged_wrong,2,2,"{""global_context"": 0.44645369052886963, ""left_interaction"": 0.21481619278589884, ""right_interaction"": 0.2563670078913371, ""hand_head_union"": 0.0, ""two_hand_table_context"": 0.08236309885978699}","{""global_context"": 0.9967106183369955, ""left_interaction"": 0.00025104529534777004, ""right_interaction"": 0.0030383948857585588, ""hand_head_union"": 0.0, ""two_hand_table_context"": 8.662635423798784e-12}",151,False,True
train__c12__user4__2-2-1,Sweep_the_floor,Take_medicine,Massage_oneself,Take_medicine,0.3434042637656732,0.4243059858448477,0.31706830866603436,changed_wrong,unchanged_wrong,13,16,"{""global_context"": 0.00021517657053967318, ""left_interaction"": 0.2553301652272542, ""right_interaction"": 0.7444547017415365, ""hand_head_union"": 0.0, ""two_hand_table_context"": 0.0}","{""global_context"": 0.013884949187437693, ""left_interaction"": 0.19690032800038657, ""right_interaction"": 0.7892148494720459, ""hand_head_union"": 0.0, ""two_hand_table_context"": 0.0}",144,False,False
train__c12__user4__2-2-2,Sweep_the_floor,Comb_hair,Comb_hair,Take_medicine,0.31957947768430867,0.6108132892342896,0.38225179513471497,unchanged_wrong,changed_wrong,8,8,"{""global_context"": 6.12740041106008e-06, ""left_interaction"": 0.24706544478734335, ""right_interaction"": 0.46943525473276776, ""hand_head_union"": 0.28349318106969196, ""two_hand_table_context"": 0.0}","{""global_context"": 0.006421702603499095, ""left_interaction"": 0.19404629866282144, ""right_interaction"": 0.3279689351717631, ""hand_head_union"": 0.4715631405512492, ""two_hand_table_context"": 0.0}",183,True,False
train__c12__user4__2-2-3,Sweep_the_floor,Do_stretching_exercises,Do_stretching_exercises,Do_stretching_exercises,0.6891000528898155,0.712232172452276,0.7050415547295014,unchanged_wrong,unchanged_wrong,6,7,"{""global_context"": 2.9728534476210673e-05, ""left_interaction"": 0.187826136747996, ""right_interaction"": 0.6150194406509399, ""hand_head_union"": 0.1763896346092224, ""two_hand_table_context"": 0.020735067625840504}","{""global_context"": 0.02659899244705836, ""left_interaction"": 0.16948310534159342, ""right_interaction"": 0.6056108077367147, ""hand_head_union"": 0.1749958594640096, ""two_hand_table_context"": 0.023311227560043335}",164,True,True
train__c13__user17__3-1-1,Mop_the_floor,Mop_the_floor,Mop_the_floor,Mop_the_floor,0.567960582410432,0.569989638851135,0.5705592745952284,retained_correct,retained_correct,1,1,"{""global_context"": 0.0730392336845398, ""left_interaction"": 0.30428413550059, ""right_interaction"": 0.49735772609710693, ""hand_head_union"": 0.0, ""two_hand_table_context"": 0.12531898419062296}","{""global_context"": 0.9261418978373209, ""left_interaction"": 0.050436352690060936, ""right_interaction"": 0.0020864481727282205, ""hand_head_union"": 0.0, ""two_hand_table_context"": 0.02133526901404063}",161,False,True
train__c13__user17__3-1-2,Mop_the_floor,Mop_the_floor,Mop_the_floor,Mop_the_floor,0.6181312665748437,0.6198713248415045,0.6201554859281575,retained_correct,retained_correct,1,1,"{""global_context"": 0.021851428917476108, ""left_interaction"": 0.33307847522553946, ""right_interaction"": 0.5615621748424712, ""hand_head_union"": 0.0, ""two_hand_table_context"": 0.08350795791262672}","{""global_context"": 0.9979917435418992, ""left_interaction"": 0.0002947146339075906, ""right_interaction"": 0.0008418454478184382, ""hand_head_union"": 0.0, ""two_hand_table_context"": 0.00087162736980688}",134,False,True
train__c13__user17__3-1-3,Mop_the_floor,Mop_the_floor,Mop_the_floor,Mop_the_floor,0.7384487522132691,0.7397087211045319,0.7398435889788895,retained_correct,retained_correct,1,1,"{""global_context"": 4.028501347487758e-07, ""left_interaction"": 0.20119993774979203, ""right_interaction"": 0.6959304103144893, ""hand_head_union"": 0.0, ""two_hand_table_context"": 0.1028692987230089}","{""global_context"": 0.9991751776801215, ""left_interaction"": 8.138684077291853e-08, ""right_interaction"": 0.0008249181426233716, ""hand_head_union"": 0.0, ""two_hand_table_context"": 9.219056201564618e-09}",88,False,True
train__c13__user4__2-2-1,Mop_the_floor,Comb_hair,Comb_hair,Comb_hair,0.34554969503492894,0.35494554320217747,0.3994651800983098,unchanged_wrong,unchanged_wrong,14,14,"{""global_context"": 0.404916069724343, ""left_interaction"": 0.49515099958939984, ""right_interaction"": 0.09988148645921187, ""hand_head_union"": 0.0, ""two_hand_table_context"": 5.159291586923328e-05}","{""global_context"": 3.190758500502191e-05, ""left_interaction"": 0.042023385112935845, ""right_interaction"": 0.892488653009588, ""hand_head_union"": 0.0, ""two_hand_table_context"": 0.06545599482276222}",138,False,True
train__c13__user4__2-2-2,Mop_the_floor,Take_body_temperature,Comb_hair,Comb_hair,0.3225685185473588,0.29042680456073844,0.245833310697695,changed_wrong,changed_wrong,21,25,"{""global_context"": 0.056642611821492515, ""left_interaction"": 0.6291285355885824, ""right_interaction"": 0.30383020639419556, ""hand_head_union"": 0.009591217463215193, ""two_hand_table_context"": 0.0008074358726541201}","{""global_context"": 0.05450694759686788, ""left_interaction"": 0.05314192175865173, ""right_interaction"": 0.8548460801442465, ""hand_head_union"": 0.002387880658109983, ""two_hand_table_context"": 0.03511722137530645}",148,True,True
train__c13__user4__2-2-3,Mop_the_floor,Take_body_temperature,Comb_hair,Comb_hair,0.1995528713634387,0.19215879124468624,0.1843650664354564,changed_wrong,changed_wrong,9,10,"{""global_context"": 0.03941511809825897, ""left_interaction"": 0.6486018657684326, ""right_interaction"": 0.2988118648529053, ""hand_head_union"": 0.0, ""two_hand_table_context"": 0.01317109316587448}","{""global_context"": 0.00017411723965778946, ""left_interaction"": 0.0533997118473053, ""right_interaction"": 0.8554099082946778, ""hand_head_union"": 0.0, ""two_hand_table_context"": 0.09101617336273193}",63,False,True
train__c14__user17__3-2-1,Wipe_bowls,Wipe_windows_and_tables,Wipe_windows_and_tables,Wipe_windows_and_tables,0.32515160209155947,0.41179109539019076,0.40374318124904507,unchanged_wrong,unchanged_wrong,3,3,"{""global_context"": 8.518948047624335e-06, ""left_interaction"": 0.6628722729890243, ""right_interaction"": 0.254194218179454, ""hand_head_union"": 0.0, ""two_hand_table_context"": 0.08292498277581256}","{""global_context"": 5.317125290784845e-10, ""left_interaction"": 0.6713705062866211, ""right_interaction"": 0.24169416012971298, ""hand_head_union"": 0.0, ""two_hand_table_context"": 0.08693528175354004}",176,False,True
train__c14__user17__3-2-2,Wipe_bowls,Wipe_bowls,Stir_drinks,Wipe_bowls,0.40739076050618955,0.4131483473854369,0.812052308624674,harmed,retained_correct,12,1,"{""global_context"": 1.7997915384857433e-07, ""left_interaction"": 0.6478245176117996, ""right_interaction"": 0.01340765274804214, ""hand_head_union"": 0.0, ""two_hand_table_context"": 0.3387676765178812}","{""global_context"": 1.6209742360644968e-11, ""left_interaction"": 0.5503350290758856, ""right_interaction"": 9.477800079460801e-05, ""hand_head_union"": 0.0, ""two_hand_table_context"": 0.44957022831357757}",112,False,True
train__c14__user17__3-2-3,Wipe_bowls,Peel_fruits,Peel_fruits,Wipe_bowls,0.721323407870595,0.8879615465234921,0.6159171717266733,unchanged_wrong,rescued,5,1,"{""global_context"": 0.00014617124169662193, ""left_interaction"": 0.7474988473428262, ""right_interaction"": 0.007341529871966387, ""hand_head_union"": 0.0, ""two_hand_table_context"": 0.24501357207427155}","{""global_context"": 1.202854152618452e-10, ""left_interaction"": 0.5066152005582243, ""right_interaction"": 0.03707209148922482, ""hand_head_union"": 0.0, ""two_hand_table_context"": 0.45631264351509715}",148,False,True
train__c14__user4__4-2-1,Wipe_bowls,Take_medicine,Jog_in_place,Jog_in_place,0.21982227431521809,0.22173382129956007,0.1769041727002189,changed_wrong,changed_wrong,21,23,"{""global_context"": 2.0420384316821583e-07, ""left_interaction"": 0.0006605145366241535, ""right_interaction"": 0.9912588596343994, ""hand_head_union"": 0.0, ""two_hand_table_context"": 0.008080163970589638}","{""global_context"": 4.773029104399029e-06, ""left_interaction"": 0.37979944547017414, ""right_interaction"": 0.016766087462504704, ""hand_head_union"": 0.0, ""two_hand_table_context"": 0.6034296353658041}",192,False,True
train__c14__user4__4-2-2,Wipe_bowls,Take_medicine,Comb_hair,Take_medicine,0.4130702643071384,0.33329237021687425,0.3149092511115453,changed_wrong,unchanged_wrong,29,29,"{""global_context"": 1.2035242737814164e-05, ""left_interaction"": 0.11324553688367207, ""right_interaction"": 0.7785024642944336, ""hand_head_union"": 0.0, ""two_hand_table_context"": 0.10823996861775716}","{""global_context"": 3.3244035269793435e-06, ""left_interaction"": 0.2436475952466329, ""right_interaction"": 0.006966029604276021, ""hand_head_union"": 0.0, ""two_hand_table_context"": 0.7493831316630045}",192,False,True
train__c14__user4__4-2-3,Wipe_bowls,Wipe_hands,Wipe_hands,Wipe_hands,0.6401692247273612,0.706451948807371,0.6689872072990372,unchanged_wrong,unchanged_wrong,6,15,"{""global_context"": 7.109105917474915e-05, ""left_interaction"": 0.28272979490218625, ""right_interaction"": 0.5155852225518995, ""hand_head_union"": 0.0, ""two_hand_table_context"": 0.20161391842749812}","{""global_context"": 4.8148095746939596e-08, ""left_interaction"": 0.761536875078755, ""right_interaction"": 2.6585331426993492e-05, ""hand_head_union"": 0.0, ""two_hand_table_context"": 0.2384365450951361}",124,False,True
train__c15__user17__2-2-1,Wipe_windows_and_tables,Wipe_windows_and_tables,Wipe_windows_and_tables,Wipe_windows_and_tables,0.926283571071103,0.9276135127981352,0.9316977226126454,retained_correct,retained_correct,1,1,"{""global_context"": 0.07554488182067871, ""left_interaction"": 0.3368751049041748, ""right_interaction"": 0.5875799655914307, ""hand_head_union"": 0.0, ""two_hand_table_context"": 0.0}","{""global_context"": 0.9996702194213867, ""left_interaction"": 0.00032941179815679786, ""right_interaction"": 2.6198911200481235e-07, ""hand_head_union"": 0.0, ""two_hand_table_context"": 0.0}",120,False,False
train__c15__user17__2-2-2,Wipe_windows_and_tables,Wipe_windows_and_tables,Wipe_windows_and_tables,Wipe_windows_and_tables,0.8880368594922315,0.8906982052607971,0.8937279868072745,retained_correct,retained_correct,1,1,"{""global_context"": 0.07734364998049853, ""left_interaction"": 0.3440581298455959, ""right_interaction"": 0.4246744760652868, ""hand_head_union"": 0.0, ""two_hand_table_context"": 0.15392382551984088}","{""global_context"": 0.9990907064298304, ""left_interaction"": 0.0009093253714282339, ""right_interaction"": 8.416920381267385e-08, ""hand_head_union"": 0.0, ""two_hand_table_context"": 6.484646619133944e-09}",142,False,True
train__c15__user17__2-2-3,Wipe_windows_and_tables,Wipe_windows_and_tables,Wipe_windows_and_tables,Wipe_windows_and_tables,0.8141120709411087,0.8129477709584654,0.8206001140010044,retained_correct,retained_correct,1,1,"{""global_context"": 0.2162374583157626, ""left_interaction"": 0.30237193541093305, ""right_interaction"": 0.37563172253695404, ""hand_head_union"": 0.0, ""two_hand_table_context"": 0.10575888373635033}","{""global_context"": 0.9999976591630415, ""left_interaction"": 2.321023699054918e-06, ""right_interaction"": 9.955487908800105e-09, ""hand_head_union"": 0.0, ""two_hand_table_context"": 1.6854054313791328e-09}",75,False,True
train__c15__user17__3-3-1,Wipe_windows_and_tables,Wipe_windows_and_tables,Wipe_windows_and_tables,Wipe_windows_and_tables,0.6648006133779957,0.6675675711603833,0.6668409540530109,retained_correct,retained_correct,1,1,"{""global_context"": 0.9659892772806102, ""left_interaction"": 1.0788796222688437e-06, ""right_interaction"": 0.03390691198151687, ""hand_head_union"": 0.00010278992804473844, ""two_hand_table_context"": 0.0}","{""global_context"": 0.8860916269236597, ""left_interaction"": 0.06567360614908152, ""right_interaction"": 0.02197194921559301, ""hand_head_union"": 0.02626283209899376, ""two_hand_table_context"": 0.0}",89,True,False
train__c15__user17__3-3-2,Wipe_windows_and_tables,Wipe_windows_and_tables,Wipe_windows_and_tables,Wipe_windows_and_tables,0.7997170551558873,0.8030226030399826,0.8017951763728572,retained_correct,retained_correct,1,1,"{""global_context"": 0.8443473012823808, ""left_interaction"": 0.00032546050160339, ""right_interaction"": 0.15532723226045309, ""hand_head_union"": 0.0, ""two_hand_table_context"": 0.0}","{""global_context"": 0.76614721197831, ""left_interaction"": 0.193267307783428, ""right_interaction"": 0.04058554925416645, ""hand_head_union"": 0.0, ""two_hand_table_context"": 0.0}",57,False,False
train__c15__user17__3-3-3,Wipe_windows_and_tables,Wipe_windows_and_tables,Wipe_windows_and_tables,Wipe_windows_and_tables,0.718631421195934,0.7202207293306881,0.7207082945450364,retained_correct,retained_correct,1,1,"{""global_context"": 0.857949938092913, ""left_interaction"": 2.039903899588223e-05, ""right_interaction"": 0.14202874898910522, ""hand_head_union"": 9.094958061593518e-07, ""two_hand_table_context"": 0.0}","{""global_context"": 0.8707361221313477, ""left_interaction"": 0.07568962233407157, ""right_interaction"": 0.014676884881087713, ""hand_head_union"": 0.038897424936294556, ""two_hand_table_context"": 0.0}",87,True,False
train__c15__user23__3-1-1,Wipe_windows_and_tables,Do_stretching_exercises,Do_stretching_exercises,Do_stretching_exercises,0.47394454309911144,0.4746305613165866,0.4752917724194984,unchanged_wrong,unchanged_wrong,10,9,"{""global_context"": 0.8323705991109213, ""left_interaction"": 0.003308225733538469, ""right_interaction"": 0.11331925789515178, ""hand_head_union"": 0.0, ""two_hand_table_context"": 0.05100193123022715}","{""global_context"": 1.0, ""left_interaction"": 9.128478484189528e-17, ""right_interaction"": 4.897565676848046e-16, ""hand_head_union"": 0.0, ""two_hand_table_context"": 3.2103494995558744e-17}",183,False,True
train__c15__user23__3-1-2,Wipe_windows_and_tables,Do_stretching_exercises,Do_stretching_exercises,Do_stretching_exercises,0.8476357901747861,0.8476331366912504,0.8496239505407954,unchanged_wrong,unchanged_wrong,19,19,"{""global_context"": 0.7094871034013465, ""left_interaction"": 0.057809494911356174, ""right_interaction"": 0.19160670422493142, ""hand_head_union"": 7.187188702060821e-05, ""two_hand_table_context"": 0.041024705196948764}","{""global_context"": 1.0, ""left_interaction"": 2.821928335205384e-17, ""right_interaction"": 8.245449433838027e-17, ""hand_head_union"": 8.335427259379082e-22, ""two_hand_table_context"": 7.442086103695887e-18}",158,True,True
train__c15__user23__3-1-3,Wipe_windows_and_tables,Stand_up,Stand_up,Stand_up,0.21857062432500768,0.27560131001336363,0.26816290782555674,unchanged_wrong,unchanged_wrong,17,19,"{""global_context"": 0.9776790936787924, ""left_interaction"": 0.00760297787686189, ""right_interaction"": 0.006108105182647705, ""hand_head_union"": 0.0, ""two_hand_table_context"": 0.00860981953640779}","{""global_context"": 1.0, ""left_interaction"": 3.1904232876997334e-15, ""right_interaction"": 2.1986485386787103e-16, ""hand_head_union"": 0.0, ""two_hand_table_context"": 3.735350075854526e-15}",182,False,True
train__c16__user17__6-1-1,Fold_clothes,Stand_up,Stand_up,Stand_up,0.28377335433015477,0.29401273242180337,0.29127365835444047,unchanged_wrong,unchanged_wrong,2,2,"{""global_context"": 0.9646108945210775, ""left_interaction"": 0.014141485095024109, ""right_interaction"": 0.012090150266885757, ""hand_head_union"": 0.009157629062732061, ""two_hand_table_context"": 0.0}","{""global_context"": 1.0, ""left_interaction"": 1.8035881369145684e-16, ""right_interaction"": 2.0623226445176698e-16, ""hand_head_union"": 6.397987583124081e-22, ""two_hand_table_context"": 0.0}",145,True,False
train__c16__user17__6-1-2,Fold_clothes,Do_lunges,Do_lunges,Do_lunges,0.40083445948569557,0.40502126330168714,0.40445602207236886,unchanged_wrong,unchanged_wrong,5,5,"{""global_context"": 0.9424122174580892, ""left_interaction"": 0.04564878841241201, ""right_interaction"": 0.01183907687664032, ""hand_head_union"": 0.0, ""two_hand_table_context"": 9.997971937991679e-05}","{""global_context"": 1.0, ""left_interaction"": 3.103449662331346e-14, ""right_interaction"": 5.3822291765931685e-15, ""hand_head_union"": 0.0, ""two_hand_table_context"": 2.7878316336572375e-15}",147,False,True
train__c16__user17__6-1-3,Fold_clothes,Fold_clothes,Fold_clothes,Fold_clothes,0.6545126441165142,0.6730864882512456,0.6540826557777607,retained_correct,retained_correct,1,1,"{""global_context"": 0.9910373687744141, ""left_interaction"": 0.0001506895013153553, ""right_interaction"": 0.0006014306098222732, ""hand_head_union"": 0.0, ""two_hand_table_context"": 0.00821059286594391}","{""global_context"": 1.0, ""left_interaction"": 5.656421647260227e-16, ""right_interaction"": 2.2436688466333233e-15, ""hand_head_union"": 0.0, ""two_hand_table_context"": 4.303096355124823e-17}",84,False,True
train__c16__user23__4-3-1,Fold_clothes,Take_a_selfie,Massage_oneself,Massage_oneself,0.20105786671909354,0.19447399014094274,0.17522984845416753,changed_wrong,changed_wrong,10,12,"{""global_context"": 0.9552686782110305, ""left_interaction"": 0.004254022169680823, ""right_interaction"": 0.03917982464744931, ""hand_head_union"": 0.0010398540291048231, ""two_hand_table_context"": 0.000257577547537429}","{""global_context"": 1.0, ""left_interaction"": 4.793351562231997e-13, ""right_interaction"": 1.2057198101210542e-14, ""hand_head_union"": 1.7691001064666116e-15, ""two_hand_table_context"": 1.9483569953337205e-14}",166,True,True
train__c16__user23__4-3-2,Fold_clothes,Sit_down,Sit_down,Sit_down,0.7481431411522148,0.7527039784139175,0.7480316224751927,unchanged_wrong,unchanged_wrong,3,3,"{""global_context"": 0.8530447342816521, ""left_interaction"": 0.05088876626070808, ""right_interaction"": 0.05529035890803618, ""hand_head_union"": 0.01280770407003515, ""two_hand_table_context"": 0.027968476800357595}","{""global_context"": 1.0, ""left_interaction"": 1.652745929289604e-13, ""right_interaction"": 6.527639477828271e-16, ""hand_head_union"": 4.561720850171777e-15, ""two_hand_table_context"": 1.302664206717203e-14}",69,True,True
train__c16__user23__4-3-3,Fold_clothes,Listen_to_music_with_headphones,Listen_to_music_with_headphones,Listen_to_music_with_headphones,0.35322022430943406,0.39068600605665493,0.47386648269049597,unchanged_wrong,unchanged_wrong,14,18,"{""global_context"": 0.953391847156343, ""left_interaction"": 0.04658893176487514, ""right_interaction"": 1.5949981475603724e-05, ""hand_head_union"": 0.0, ""two_hand_table_context"": 3.403098075761504e-06}","{""global_context"": 1.0, ""left_interaction"": 1.7267705948982514e-14, ""right_interaction"": 2.0814734292222416e-17, ""hand_head_union"": 0.0, ""two_hand_table_context"": 3.530522383620092e-15}",75,False,True
train__c16__user24__4-1-1,Fold_clothes,Jog_in_place,Jog_in_place,Jog_in_place,0.4972657021955819,0.5019019348280207,0.5024791907095378,unchanged_wrong,unchanged_wrong,10,10,"{""global_context"": 0.3642174005508423, ""left_interaction"": 0.15294857819875082, ""right_interaction"": 0.2848956783612569, ""hand_head_union"": 0.08611995975176494, ""two_hand_table_context"": 0.1118183434009552}","{""global_context"": 1.0, ""left_interaction"": 1.424086339845733e-14, ""right_interaction"": 1.4236863144191762e-14, ""hand_head_union"": 4.005750329282982e-19, ""two_hand_table_context"": 3.399152040591374e-17}",198,True,True
train__c16__user24__4-1-2,Fold_clothes,Jog_in_place,Jog_in_place,Jog_in_place,0.7336315407314671,0.7379145059399248,0.7477519488230577,unchanged_wrong,unchanged_wrong,6,6,"{""global_context"": 0.6453919410705566, ""left_interaction"": 0.11743388573328654, ""right_interaction"": 0.11475383241971333, ""hand_head_union"": 0.08314944803714752, ""two_hand_table_context"": 0.03927093744277954}","{""global_context"": 1.0, ""left_interaction"": 3.935515819751979e-15, ""right_interaction"": 9.908409813116914e-14, ""hand_head_union"": 2.0218146710709528e-21, ""two_hand_table_context"": 5.2750653209636326e-17}",179,True,True
train__c16__user24__4-1-3,Fold_clothes,Jog_in_place,Jog_in_place,Jog_in_place,0.4139533908977132,0.4163980994613471,0.4166284581352425,unchanged_wrong,unchanged_wrong,10,10,"{""global_context"": 0.7619711330958775, ""left_interaction"": 0.08061282123838152, ""right_interaction"": 0.15639918191092356, ""hand_head_union"": 0.0, ""two_hand_table_context"": 0.0010168887009578092}","{""global_context"": 1.0, ""left_interaction"": 3.2345259941738366e-16, ""right_interaction"": 2.8453787899168304e-16, ""hand_head_union"": 0.0, ""two_hand_table_context"": 2.062230466661371e-17}",90,False,True
train__c17__user17__4-1-1,Tap_the_keyboard,Tap_the_keyboard,Tap_the_keyboard,Tap_the_keyboard,0.8334646122729469,0.7140528268112154,0.8200311441150747,retained_correct,retained_correct,1,1,"{""global_context"": 1.0, ""left_interaction"": 4.5286415358466076e-10, ""right_interaction"": 5.032962254366188e-08, ""hand_head_union"": 0.0, ""two_hand_table_context"": 8.219081896558104e-11}","{""global_context"": 1.0, ""left_interaction"": 1.3480135617580615e-17, ""right_interaction"": 1.69083084627828e-17, ""hand_head_union"": 0.0, ""two_hand_table_context"": 1.8985767056672312e-17}",189,False,True
train__c17__user17__4-1-2,Tap_the_keyboard,Tap_the_keyboard,Tap_the_keyboard,Tap_the_keyboard,0.902582692810491,0.8392651006915217,0.8980086803795625,retained_correct,retained_correct,1,1,"{""global_context"": 0.9999788602193197, ""left_interaction"": 2.117183127362902e-05, ""right_interaction"": 2.7500562012801783e-11, ""hand_head_union"": 0.0, ""two_hand_table_context"": 1.4114680489211532e-11}","{""global_context"": 1.0, ""left_interaction"": 5.1884192547061865e-18, ""right_interaction"": 1.0053473755630693e-17, ""hand_head_union"": 0.0, ""two_hand_table_context"": 6.938337487081851e-18}",173,False,True
train__c17__user17__4-1-3,Tap_the_keyboard,Tap_the_keyboard,Tap_the_keyboard,Tap_the_keyboard,0.9550822133264961,0.9232084714593334,0.9516763325914775,retained_correct,retained_correct,1,1,"{""global_context"": 1.0, ""left_interaction"": 8.892633157620011e-12, ""right_interaction"": 5.181893687293085e-13, ""hand_head_union"": 0.0, ""two_hand_table_context"": 1.6676889903755043e-12}","{""global_context"": 1.0, ""left_interaction"": 7.901104031107153e-18, ""right_interaction"": 7.490932627738445e-17, ""hand_head_union"": 0.0, ""two_hand_table_context"": 3.5936054384088436e-17}",187,False,True
train__c17__user23__5-3-2,Tap_the_keyboard,Lie_down,Lie_down,Lie_down,0.3960861577860071,0.3872982960461219,0.46737088880506833,unchanged_wrong,unchanged_wrong,24,27,"{""global_context"": 1.0, ""left_interaction"": 0.0, ""right_interaction"": 0.0, ""hand_head_union"": 0.0, ""two_hand_table_context"": 0.0}","{""global_context"": 1.0, ""left_interaction"": 0.0, ""right_interaction"": 0.0, ""hand_head_union"": 0.0, ""two_hand_table_context"": 0.0}",23,False,False
train__c17__user23__5-3-3,Tap_the_keyboard,Pour_drinks,Pour_drinks,Pour_drinks,0.38142405704605753,0.7192802643890532,0.7614335954035595,unchanged_wrong,unchanged_wrong,10,9,"{""global_context"": 0.11894379456837972, ""left_interaction"": 0.32068169911702477, ""right_interaction"": 0.2902135213216146, ""hand_head_union"": 0.2098012924194336, ""two_hand_table_context"": 0.060359708468119305}","{""global_context"": 1.0, ""left_interaction"": 1.1335365239043919e-10, ""right_interaction"": 2.765989511506935e-10, ""hand_head_union"": 1.2114793612738596e-10, ""two_hand_table_context"": 1.2072514247544556e-09}",136,True,True
train__c17__user24__1-2-1,Tap_the_keyboard,Check_the_time,Read_documents,Check_the_time,0.3024504452471084,0.3242521360670956,0.28146085284822303,changed_wrong,unchanged_wrong,4,4,"{""global_context"": 1.0, ""left_interaction"": 1.6529130656787554e-08, ""right_interaction"": 2.041637969796284e-09, ""hand_head_union"": 0.0, ""two_hand_table_context"": 5.057462966936063e-10}","{""global_context"": 1.0, ""left_interaction"": 8.859962775740068e-21, ""right_interaction"": 5.3002669422134066e-21, ""hand_head_union"": 0.0, ""two_hand_table_context"": 1.6171067551507716e-20}",192,False,True
train__c17__user24__1-2-2,Tap_the_keyboard,Tap_the_keyboard,Tap_the_keyboard,Tap_the_keyboard,0.4409091596402188,0.3399295220962424,0.43272658896620586,retained_correct,retained_correct,1,1,"{""global_context"": 0.9999314880371094, ""left_interaction"": 1.1711962599747494e-09, ""right_interaction"": 4.6427318011410535e-07, ""hand_head_union"": 0.0, ""two_hand_table_context"": 6.802972871810198e-05}","{""global_context"": 1.0, ""left_interaction"": 2.2500677509453065e-21, ""right_interaction"": 1.7687098975035615e-21, ""hand_head_union"": 0.0, ""two_hand_table_context"": 9.679658222313639e-21}",96,False,True
train__c17__user24__1-2-3,Tap_the_keyboard,Check_the_time,Check_the_time,Check_the_time,0.5542731440133106,0.5697412483165923,0.6127897265208564,unchanged_wrong,unchanged_wrong,2,2,"{""global_context"": 0.9999980926513672, ""left_interaction"": 8.65211771475339e-08, ""right_interaction"": 1.019779090476673e-06, ""hand_head_union"": 0.0, ""two_hand_table_context"": 8.445975606352271e-07}","{""global_context"": 1.0, ""left_interaction"": 4.362257568568351e-19, ""right_interaction"": 3.375092020449556e-20, ""hand_head_union"": 0.0, ""two_hand_table_context"": 2.6205973026081827e-19}",124,False,True
train__c17__user24__7-2-1,Tap_the_keyboard,Take_and_use_tableware,Pour_drinks,Pour_drinks,0.5746649011266752,0.31595471898412925,0.331810488468261,changed_wrong,changed_wrong,12,11,"{""global_context"": 0.3363212462394468, ""left_interaction"": 0.6158968402493384, ""right_interaction"": 0.03278595785940847, ""hand_head_union"": 0.0, ""two_hand_table_context"": 0.014996043136042933}","{""global_context"": 1.0, ""left_interaction"": 3.140693350550851e-12, ""right_interaction"": 1.7423599480766384e-10, ""hand_head_union"": 0.0, ""two_hand_table_context"": 1.3046408398054155e-10}",124,False,True
train__c17__user24__7-2-2,Tap_the_keyboard,Wipe_windows_and_tables,Wipe_windows_and_tables,Wipe_windows_and_tables,0.8213923983010863,0.8738361659614399,0.8822551895388009,unchanged_wrong,unchanged_wrong,8,8,"{""global_context"": 0.08494515168039422, ""left_interaction"": 0.8383283113178454, ""right_interaction"": 0.010208144783973694, ""hand_head_union"": 0.0, ""two_hand_table_context"": 0.06651845731233295}","{""global_context"": 1.0, ""left_interaction"": 1.546368588734026e-11, ""right_interaction"": 3.8827995789341387e-10, ""hand_head_union"": 0.0, ""two_hand_table_context"": 6.329356921615894e-11}",76,False,True
train__c17__user24__7-2-3,Tap_the_keyboard,Wipe_windows_and_tables,Wipe_windows_and_tables,Wipe_windows_and_tables,0.5380575265261364,0.5085112136247366,0.6439964628914511,unchanged_wrong,unchanged_wrong,7,6,"{""global_context"": 0.29444182546515213, ""left_interaction"": 0.40357953623721476, ""right_interaction"": 0.03056419523138749, ""hand_head_union"": 0.0, ""two_hand_table_context"": 0.27141448071128443}","{""global_context"": 1.0, ""left_interaction"": 1.331137539376701e-11, ""right_interaction"": 8.789605300906164e-10, ""hand_head_union"": 0.0, ""two_hand_table_context"": 1.026867947398626e-10}",76,False,True
train__c17__user4__4-1-1,Tap_the_keyboard,Tap_the_keyboard,Tap_the_keyboard,Tap_the_keyboard,0.4130786445019403,0.44098116744561877,0.4430093888259248,retained_correct,retained_correct,1,1,"{""global_context"": 0.9996682008107504, ""left_interaction"": 0.00013758506005009016, ""right_interaction"": 8.085679534512261e-06, ""hand_head_union"": 0.0, ""two_hand_table_context"": 0.00018620283420508107}","{""global_context"": 0.9999922116597494, ""left_interaction"": 3.450367027350391e-06, ""right_interaction"": 1.982237544477054e-08, ""hand_head_union"": 0.0, ""two_hand_table_context"": 4.391993873772056e-06}",185,False,True
train__c17__user4__4-1-2,Tap_the_keyboard,Tap_the_keyboard,Tap_the_keyboard,Tap_the_keyboard,0.4219374869616649,0.4443500514421527,0.44417108326204274,retained_correct,retained_correct,1,1,"{""global_context"": 0.9994109581256735, ""left_interaction"": 0.00026547189416556525, ""right_interaction"": 0.0003000958340949026, ""hand_head_union"": 0.0, ""two_hand_table_context"": 2.361198180708392e-05}","{""global_context"": 0.999975664862271, ""left_interaction"": 1.730856582008559e-05, ""right_interaction"": 1.8346336924752967e-08, ""hand_head_union"": 0.0, ""two_hand_table_context"": 7.014664427923231e-06}",116,False,True
train__c17__user4__4-1-3,Tap_the_keyboard,Tap_the_keyboard,Tap_the_keyboard,Tap_the_keyboard,0.7095147809694873,0.6977344829741827,0.7266143716287946,retained_correct,retained_correct,1,1,"{""global_context"": 0.999733148619186, ""left_interaction"": 3.023071342816598e-07, ""right_interaction"": 0.00026592376187097196, ""hand_head_union"": 0.0, ""two_hand_table_context"": 7.90474925536749e-07}","{""global_context"": 0.9999809265136719, ""left_interaction"": 1.147224670709219e-05, ""right_interaction"": 9.622991974326799e-09, ""hand_head_union"": 0.0, ""two_hand_table_context"": 7.603270797665383e-06}",170,False,True
train__c17__user4__5-2-1,Tap_the_keyboard,Pour_drinks,Pour_drinks,Pour_drinks,0.5227852947524751,0.8158845301774285,0.6944021331874143,unchanged_wrong,unchanged_wrong,2,3,"{""global_context"": 0.9994591871897379, ""left_interaction"": 3.127978319146981e-05, ""right_interaction"": 0.0004997528934230407, ""hand_head_union"": 0.0, ""two_hand_table_context"": 9.773788406164385e-06}","{""global_context"": 0.9996910889943441, ""left_interaction"": 0.00022678096623470387, ""right_interaction"": 2.647894348228874e-07, ""hand_head_union"": 0.0, ""two_hand_table_context"": 8.187162651059528e-05}",190,False,True
train__c17__user4__5-2-2,Tap_the_keyboard,Tap_the_keyboard,Tap_the_keyboard,Tap_the_keyboard,0.8260022718644032,0.7802444700564051,0.842451819949686,retained_correct,retained_correct,1,1,"{""global_context"": 0.9998229344685873, ""left_interaction"": 0.00015283830968352655, ""right_interaction"": 5.034876267018262e-06, ""hand_head_union"": 0.0, ""two_hand_table_context"": 1.919810165418312e-05}","{""global_context"": 0.9997733434041342, ""left_interaction"": 0.00014169845962896943, ""right_interaction"": 2.3087346789907315e-07, ""hand_head_union"": 0.0, ""two_hand_table_context"": 8.459113693485658e-05}",188,False,True
train__c17__user4__5-2-3,Tap_the_keyboard,Tap_the_keyboard,Tap_the_keyboard,Tap_the_keyboard,0.7151964844238065,0.7048301898763387,0.7348207896318849,retained_correct,retained_correct,1,1,"{""global_context"": 0.9929365317026774, ""left_interaction"": 0.00705840935309728, ""right_interaction"": 2.1172844147561896e-06, ""hand_head_union"": 0.0, ""two_hand_table_context"": 2.90994679138142e-06}","{""global_context"": 0.9999291896820068, ""left_interaction"": 2.953351940959692e-05, ""right_interaction"": 4.25004920145966e-09, ""hand_head_union"": 0.0, ""two_hand_table_context"": 4.1211217952271305e-05}",192,False,True
train__c18__user23__4-1-1,Write,Play_games,Play_games,Play_games,0.49334164830496025,0.6178154984955729,0.4396731564330315,unchanged_wrong,unchanged_wrong,7,8,"{""global_context"": 0.9997572104136149, ""left_interaction"": 5.590479759121081e-07, ""right_interaction"": 0.00024168272890771428, ""hand_head_union"": 0.0, ""two_hand_table_context"": 6.297301903638678e-07}","{""global_context"": 1.0, ""left_interaction"": 3.8802525103610874e-14, ""right_interaction"": 2.1823109054292504e-18, ""hand_head_union"": 0.0, ""two_hand_table_context"": 4.735567802242503e-16}",163,False,True
train__c18__user23__4-1-2,Write,Play_games,Read_documents,Turn_pages,0.36777008009199463,0.37899519493633155,0.39034137275496067,changed_wrong,changed_wrong,5,5,"{""global_context"": 0.9968457221984863, ""left_interaction"": 0.0029461213077108064, ""right_interaction"": 0.00020675050715605417, ""hand_head_union"": 0.0, ""two_hand_table_context"": 1.3325961845112033e-06}","{""global_context"": 1.0, ""left_interaction"": 5.631642793884247e-13, ""right_interaction"": 3.1869692285129884e-16, ""hand_head_union"": 0.0, ""two_hand_table_context"": 1.2377026125641918e-13}",151,False,True
train__c18__user23__4-1-3,Write,Tap_the_keyboard,Read_documents,Tap_the_keyboard,0.3262258751316856,0.38722452694519527,0.2988397085928742,changed_wrong,unchanged_wrong,5,5,"{""global_context"": 0.9998523394266764, ""left_interaction"": 8.750705167888857e-08, ""right_interaction"": 0.0001475658112516006, ""hand_head_union"": 0.0, ""two_hand_table_context"": 6.2597014978867565e-09}","{""global_context"": 1.0, ""left_interaction"": 4.612036121932894e-14, ""right_interaction"": 2.112615837874547e-18, ""hand_head_union"": 0.0, ""two_hand_table_context"": 2.6458398302328947e-15}",154,False,True
train__c18__user23__7-1-1,Write,Wipe_windows_and_tables,Wipe_windows_and_tables,Wipe_windows_and_tables,0.9546607731169076,0.9734502139956345,0.9701522179397027,unchanged_wrong,unchanged_wrong,9,5,"{""global_context"": 0.7668586238738029, ""left_interaction"": 0.12567130211860902, ""right_interaction"": 0.03869905779438634, ""hand_head_union"": 0.0, ""two_hand_table_context"": 0.06877098544951409}","{""global_context"": 0.9999998769452495, ""left_interaction"": 1.7124125773285238e-08, ""right_interaction"": 6.010825912991066e-08, ""hand_head_union"": 0.0, ""two_hand_table_context"": 2.4052135652328292e-08}",124,False,True
train__c18__user23__7-1-3,Write,Wipe_windows_and_tables,Wipe_windows_and_tables,Wipe_windows_and_tables,0.36309036796856914,0.38442616432495375,0.37876488211945947,unchanged_wrong,unchanged_wrong,10,17,"{""global_context"": 0.9237741990522905, ""left_interaction"": 0.0074733983386646614, ""right_interaction"": 0.00020851848900995472, ""hand_head_union"": 0.0, ""two_hand_table_context"": 0.06854387846860019}","{""global_context"": 1.0, ""left_interaction"": 5.055915605370584e-09, ""right_interaction"": 1.9338845514870296e-08, ""hand_head_union"": 0.0, ""two_hand_table_context"": 1.5551197985918076e-08}",87,False,True
train__c18__user24__1-2-1,Write,Play_games,Turn_pages,Play_games,0.6403414479074929,0.4185951561727229,0.5873319590612318,changed_wrong,unchanged_wrong,5,7,"{""global_context"": 1.0, ""left_interaction"": 3.373110418431893e-09, ""right_interaction"": 1.3583469220012537e-07, ""hand_head_union"": 0.0, ""two_hand_table_context"": 1.546864910671823e-09}","{""global_context"": 1.0, ""left_interaction"": 2.5353739734011048e-18, ""right_interaction"": 8.891121876193335e-21, ""hand_head_union"": 0.0, ""two_hand_table_context"": 1.0034087172271972e-18}",109,False,True
train__c18__user24__1-2-2,Write,Play_games,Take_a_selfie,Play_games,0.5799179513938504,0.6232096484546179,0.6651980173793196,changed_wrong,unchanged_wrong,7,9,"{""global_context"": 0.999999015561996, ""left_interaction"": 4.041468796898581e-08, ""right_interaction"": 9.549597551437815e-07, ""hand_head_union"": 0.0, ""two_hand_table_context"": 1.0070739482480642e-07}","{""global_context"": 1.0, ""left_interaction"": 5.927095971134804e-19, ""right_interaction"": 4.322104587286236e-21, ""hand_head_union"": 0.0, ""two_hand_table_context"": 2.895505709373524e-19}",121,False,True
train__c18__user24__1-2-3,Write,Play_games,Read_documents,Play_games,0.5556318016168648,0.42522300206394215,0.4458801202666358,changed_wrong,unchanged_wrong,3,4,"{""global_context"": 0.9999995512120864, ""left_interaction"": 1.5134207612611723e-10, ""right_interaction"": 5.065700379953555e-07, ""hand_head_union"": 0.0, ""two_hand_table_context"": 0.0}","{""global_context"": 1.0, ""left_interaction"": 2.9016577231303444e-18, ""right_interaction"": 1.4340547457048872e-20, ""hand_head_union"": 0.0, ""two_hand_table_context"": 0.0}",51,False,False
train__c18__user4__4-1-1,Write,Check_the_time,Check_the_time,Check_the_time,0.4863912678160071,0.5322455573839766,0.5256255721466463,unchanged_wrong,unchanged_wrong,5,7,"{""global_context"": 0.9974911597467238, ""left_interaction"": 7.49324193044055e-05, ""right_interaction"": 0.0024338633783401982, ""hand_head_union"": 0.0, ""two_hand_table_context"": 0.0}","{""global_context"": 0.9999998769452495, ""left_interaction"": 2.1556410677975134e-07, ""right_interaction"": 5.038312396678638e-08, ""hand_head_union"": 0.0, ""two_hand_table_context"": 0.0}",93,False,False
train__c18__user4__4-1-2,Write,Tap_the_keyboard,Tap_the_keyboard,Tap_the_keyboard,0.8520007368951621,0.7548353546939846,0.8579172801940013,unchanged_wrong,unchanged_wrong,3,3,"{""global_context"": 0.9999802329323508, ""left_interaction"": 1.538149345750836e-05, ""right_interaction"": 2.041641354563498e-07, ""hand_head_union"": 0.0, ""two_hand_table_context"": 4.255851474061439e-06}","{""global_context"": 0.9999881224198774, ""left_interaction"": 2.502065068587068e-06, ""right_interaction"": 9.264167271215808e-06, ""hand_head_union"": 0.0, ""two_hand_table_context"": 1.2477100467962868e-07}",174,False,True
train__c18__user4__4-1-3,Write,Tap_the_keyboard,Tap_the_keyboard,Tap_the_keyboard,0.9163546697810004,0.8506929222297207,0.9365551737671838,unchanged_wrong,unchanged_wrong,3,2,"{""global_context"": 0.999941349029541, ""left_interaction"": 1.4502507110591977e-05, ""right_interaction"": 1.4508075764751994e-06, ""hand_head_union"": 0.0, ""two_hand_table_context"": 4.2742973892018196e-05}","{""global_context"": 0.9999967575073242, ""left_interaction"": 2.8685040888376535e-06, ""right_interaction"": 5.8121014490097875e-08, ""hand_head_union"": 0.0, ""two_hand_table_context"": 5.098791007185355e-07}",79,False,True
train__c19__user23__4-2-1,Make_a_phone_call,Put_on_clothes,Put_on_clothes,Put_on_clothes,0.6534734734929298,0.6693184236620884,0.6533206008616007,unchanged_wrong,unchanged_wrong,36,31,"{""global_context"": 0.6867724765430797, ""left_interaction"": 0.18819056857715954, ""right_interaction"": 0.12419151176105846, ""hand_head_union"": 0.0, ""two_hand_table_context"": 0.0008454451506788081}","{""global_context"": 0.9410918842662465, ""left_interaction"": 0.04290865768085827, ""right_interaction"": 2.6293350277807225e-05, ""hand_head_union"": 0.0, ""two_hand_table_context"": 0.015973196788267655}",68,False,True
train__c19__user23__4-2-2,Make_a_phone_call,Put_on_clothes,Put_on_clothes,Put_on_clothes,0.651971016451618,0.6614459270974933,0.6527194832107371,unchanged_wrong,unchanged_wrong,30,32,"{""global_context"": 0.945491481471706, ""left_interaction"": 0.014604019152151572, ""right_interaction"": 0.017810323753872433, ""hand_head_union"": 0.00356117938015912, ""two_hand_table_context"": 0.018533054235819225}","{""global_context"": 0.9999546360325169, ""left_interaction"": 3.575353656668921e-05, ""right_interaction"": 6.697185469690609e-06, ""hand_head_union"": 4.5381337357055696e-07, ""two_hand_table_context"": 2.4031036741075083e-06}",115,True,True
train__c19__user23__4-2-3,Make_a_phone_call,Massage_oneself,Massage_oneself,Massage_oneself,0.5928847558272554,0.6871621770625548,0.599580567630824,unchanged_wrong,unchanged_wrong,23,12,"{""global_context"": 0.6231594085693359, ""left_interaction"": 0.1585602495405409, ""right_interaction"": 0.01669830580552419, ""hand_head_union"": 0.007204425003793504, ""two_hand_table_context"": 0.19437758127848306}","{""global_context"": 0.9993258582221137, ""left_interaction"": 0.0006402952906986078, ""right_interaction"": 7.007689823189543e-06, ""hand_head_union"": 1.1684238820129798e-05, ""two_hand_table_context"": 1.5186042421393924e-05}",72,True,True
train__c19__user24__3-2-1,Make_a_phone_call,Check_the_time,Check_the_time,Check_the_time,0.4348666884974493,0.4714635733757087,0.5433585177572691,unchanged_wrong,unchanged_wrong,2,2,"{""global_context"": 0.9001881829623518, ""left_interaction"": 0.09977172983103785, ""right_interaction"": 1.2358835223933746e-05, ""hand_head_union"": 0.0, ""two_hand_table_context"": 2.767885071707183e-05}","{""global_context"": 1.0, ""left_interaction"": 5.9392860897599446e-09, ""right_interaction"": 2.419675647586403e-10, ""hand_head_union"": 0.0, ""two_hand_table_context"": 5.095810976250693e-10}",91,False,True
train__c19__user24__3-2-2,Make_a_phone_call,Eat_food,Listen_to_music_with_headphones,Listen_to_music_with_headphones,0.41116018394890236,0.6903547184251643,0.4648930897819905,changed_wrong,changed_wrong,4,3,"{""global_context"": 0.7721182505289713, ""left_interaction"": 0.22765105962753296, ""right_interaction"": 0.0002196329296566546, ""hand_head_union"": 0.0, ""two_hand_table_context"": 1.1047002772102132e-05}","{""global_context"": 1.0, ""left_interaction"": 5.918144122910954e-10, ""right_interaction"": 5.083132433488421e-10, ""hand_head_union"": 0.0, ""two_hand_table_context"": 1.7205860810184012e-10}",38,False,True
train__c19__user24__3-2-3,Make_a_phone_call,Listen_to_music_with_headphones,Listen_to_music_with_headphones,Listen_to_music_with_headphones,0.7389159375156444,0.7817740326948326,0.800872092266556,unchanged_wrong,unchanged_wrong,2,2,"{""global_context"": 0.91296735017196, ""left_interaction"": 0.08699908463851265, ""right_interaction"": 3.132309622900642e-05, ""hand_head_union"": 0.0, ""two_hand_table_context"": 2.2763026367022614e-06}","{""global_context"": 1.0, ""left_interaction"": 2.1865304542801746e-09, ""right_interaction"": 4.054789663452697e-09, ""hand_head_union"": 0.0, ""two_hand_table_context"": 2.0748875081845534e-10}",72,False,True
train__c19__user4__6-1-2,Make_a_phone_call,Peel_fruits,Pour_drinks,Peel_fruits,0.4816898516369042,0.3702756189254884,0.44732345934643475,changed_wrong,unchanged_wrong,4,14,"{""global_context"": 0.9641820122213924, ""left_interaction"": 0.027155464186387902, ""right_interaction"": 5.9287050081526535e-05, ""hand_head_union"": 0.0, ""two_hand_table_context"": 0.008603172267184538}","{""global_context"": 0.999885783475988, ""left_interaction"": 9.460930253707748e-06, ""right_interaction"": 9.558779899688328e-05, ""hand_head_union"": 0.0, ""two_hand_table_context"": 9.171864161651362e-06}",133,False,True
train__c19__user4__6-1-3,Make_a_phone_call,Eat_food,Eat_food,Drink_water,0.5069181655709905,0.45146196847908204,0.5410043590779983,unchanged_wrong,changed_wrong,25,12,"{""global_context"": 0.2807044982910156, ""left_interaction"": 0.6183161484567743, ""right_interaction"": 0.012904944388489974, ""hand_head_union"": 0.0, ""two_hand_table_context"": 0.08807440180527537}","{""global_context"": 0.9999713897705078, ""left_interaction"": 1.0953607239858493e-05, ""right_interaction"": 1.5333709980998384e-05, ""hand_head_union"": 0.0, ""two_hand_table_context"": 2.3074945171461685e-06}",150,False,True
train__c20__user17__1-2-1,Check_the_time,Take_and_use_tableware,Take_and_use_tableware,Take_and_use_tableware,0.4871235039431794,0.8383705882999073,0.5268718242504821,unchanged_wrong,unchanged_wrong,7,9,"{""global_context"": 0.46819400787353516, ""left_interaction"": 0.4751213859109318, ""right_interaction"": 8.6256508331965e-05, ""hand_head_union"": 0.0, ""two_hand_table_context"": 0.05659830920836505}","{""global_context"": 0.9998061236213235, ""left_interaction"": 5.2271061576902866e-05, ""right_interaction"": 4.99041223734179e-05, ""hand_head_union"": 0.0, ""two_hand_table_context"": 9.170610128956683e-05}",68,False,True
train__c20__user17__1-2-2,Check_the_time,Take_and_use_tableware,Take_and_use_tableware,Take_and_use_tableware,0.5192779842715903,0.8069355710609283,0.5160785352198064,unchanged_wrong,unchanged_wrong,4,6,"{""global_context"": 0.3828516244888306, ""left_interaction"": 0.2837135076522827, ""right_interaction"": 1.57333561219275e-05, ""hand_head_union"": 0.0, ""two_hand_table_context"": 0.33341915607452394}","{""global_context"": 0.9995863914489747, ""left_interaction"": 0.0002987596672028303, ""right_interaction"": 1.114403858082369e-05, ""hand_head_union"": 0.0, ""two_hand_table_context"": 0.00010372740216553211}",80,False,True
train__c20__user17__1-2-3,Check_the_time,Check_the_time,Check_the_time,Check_the_time,0.5215579283024806,0.5790669046557765,0.5493372581743293,retained_correct,retained_correct,1,1,"{""global_context"": 0.9183533408425071, ""left_interaction"": 0.08162903785705566, ""right_interaction"": 1.7676322551613506e-05, ""hand_head_union"": 0.0, ""two_hand_table_context"": 0.0}","{""global_context"": 0.9997168454256925, ""left_interaction"": 0.0002826412250711159, ""right_interaction"": 5.489150267253122e-07, ""hand_head_union"": 0.0, ""two_hand_table_context"": 0.0}",33,False,False
train__c20__user17__4-1-1,Check_the_time,Check_the_time,Check_the_time,Check_the_time,0.8460840136802517,0.819530061126661,0.8467029772238359,retained_correct,retained_correct,1,1,"{""global_context"": 0.9928459439958844, ""left_interaction"": 0.007153719131435666, ""right_interaction"": 3.5604271683301446e-07, ""hand_head_union"": 0.0, ""two_hand_table_context"": 5.877381914487501e-13}","{""global_context"": 1.0, ""left_interaction"": 4.396536802263975e-18, ""right_interaction"": 2.845937113196572e-17, ""hand_head_union"": 0.0, ""two_hand_table_context"": 6.960747543016244e-18}",43,False,True
train__c20__user17__4-1-2,Check_the_time,Tap_the_keyboard,Tap_the_keyboard,Tap_the_keyboard,0.5006618139743804,0.49751179563775344,0.49995967131662,unchanged_wrong,unchanged_wrong,2,2,"{""global_context"": 0.9986886382102966, ""left_interaction"": 0.0013113348977640271, ""right_interaction"": 1.7403862639236989e-12, ""hand_head_union"": 0.0, ""two_hand_table_context"": 0.0}","{""global_context"": 1.0, ""left_interaction"": 3.1195607844054383e-20, ""right_interaction"": 1.0312892898568655e-18, ""hand_head_union"": 0.0, ""two_hand_table_context"": 0.0}",24,False,False
train__c20__user17__4-1-3,Check_the_time,Tap_the_keyboard,Tap_the_keyboard,Tap_the_keyboard,0.47880592831182817,0.4727667789028083,0.47351070128866624,unchanged_wrong,unchanged_wrong,2,2,"{""global_context"": 0.9999981607709613, ""left_interaction"": 1.8231238365323016e-06, ""right_interaction"": 5.8843069306036e-12, ""hand_head_union"": 0.0, ""two_hand_table_context"": 1.4009399303140003e-14}","{""global_context"": 1.0, ""left_interaction"": 1.4429688680027112e-19, ""right_interaction"": 6.5150550661785e-18, ""hand_head_union"": 0.0, ""two_hand_table_context"": 3.681631068613995e-18}",22,False,True
train__c20__user24__7-2-1,Check_the_time,Take_and_use_tableware,Take_and_use_tableware,Take_and_use_tableware,0.3785060990589228,0.3541556676730856,0.20034169591923007,unchanged_wrong,unchanged_wrong,4,3,"{""global_context"": 0.06775328246029941, ""left_interaction"": 0.05180293863469904, ""right_interaction"": 0.7233884551308372, ""hand_head_union"": 0.10097059336575595, ""two_hand_table_context"": 0.056084746664220635}","{""global_context"": 1.0, ""left_interaction"": 3.25303319635075e-10, ""right_interaction"": 2.200292675331122e-10, ""hand_head_union"": 1.0943609497140259e-12, ""two_hand_table_context"": 4.4848028321356736e-10}",85,True,True
train__c20__user24__7-2-2,Check_the_time,Drink_water,Eat_food,Drink_water,0.4027524420733352,0.9066890847677658,0.4174387586898943,changed_wrong,unchanged_wrong,3,4,"{""global_context"": 0.005335607650605115, ""left_interaction"": 0.0907698544588956, ""right_interaction"": 0.5509159781716086, ""hand_head_union"": 0.2819489565762607, ""two_hand_table_context"": 0.07102964141152122}","{""global_context"": 1.0, ""left_interaction"": 2.9478552932005186e-10, ""right_interaction"": 3.3037323987628042e-09, ""hand_head_union"": 6.901269858613804e-10, ""two_hand_table_context"": 1.8362501014673233e-09}",49,True,True
train__c20__user24__7-2-3,Check_the_time,Drink_water,Eat_food,Drink_water,0.3770257243608094,0.30355525669065536,0.3390698350510526,changed_wrong,unchanged_wrong,2,2,"{""global_context"": 0.19381166759290194, ""left_interaction"": 0.19573857909754702, ""right_interaction"": 0.4935801656622636, ""hand_head_union"": 0.06440106818550512, ""two_hand_table_context"": 0.05246845985713758}","{""global_context"": 1.0, ""left_interaction"": 1.3909466420763668e-08, ""right_interaction"": 1.5358470051296536e-09, ""hand_head_union"": 1.448948446605264e-10, ""two_hand_table_context"": 8.282339492600505e-10}",71,True,True
train__c20__user4__5-2-1,Check_the_time,Do_stretching_exercises,Do_stretching_exercises,Do_stretching_exercises,0.6302201451468769,0.644836486905496,0.6357674929595313,unchanged_wrong,unchanged_wrong,14,14,"{""global_context"": 0.0022896440780681114, ""left_interaction"": 0.617954627327297, ""right_interaction"": 0.08173504083052925, ""hand_head_union"": 0.16031202026035474, ""two_hand_table_context"": 0.1377087054045304}","{""global_context"": 0.9997752645741338, ""left_interaction"": 0.00012496281820146933, ""right_interaction"": 1.4508053857792655e-06, ""hand_head_union"": 9.422968951580317e-05, ""two_hand_table_context"": 4.100708516172903e-06}",99,True,True
train__c20__user4__5-2-2,Check_the_time,Do_stretching_exercises,Do_stretching_exercises,Take_body_temperature,0.3335938826128943,0.4945998854554,0.3474943446130757,unchanged_wrong,changed_wrong,2,3,"{""global_context"": 0.08821592479944229, ""left_interaction"": 0.3597817122936249, ""right_interaction"": 0.006887172348797321, ""hand_head_union"": 0.22578145563602448, ""two_hand_table_context"": 0.3193337321281433}","{""global_context"": 0.9999669790267944, ""left_interaction"": 6.379373189702164e-06, ""right_interaction"": 2.9199628670539823e-07, ""hand_head_union"": 2.141747609130107e-05, ""two_hand_table_context"": 4.950384209223557e-06}",73,True,True
train__c20__user4__5-2-3,Check_the_time,Take_body_temperature,Do_stretching_exercises,Take_body_temperature,0.29088887242685824,0.36759887603672387,0.3097748848448715,changed_wrong,unchanged_wrong,8,9,"{""global_context"": 0.0007769874381748112, ""left_interaction"": 0.7178900892084296, ""right_interaction"": 0.11751135912808505, ""hand_head_union"": 0.1030266284942627, ""two_hand_table_context"": 0.06079500371759588}","{""global_context"": 0.9999692223288796, ""left_interaction"": 8.649538689165968e-06, ""right_interaction"": 6.24737202253362e-06, ""hand_head_union"": 7.593367131035351e-07, ""two_hand_table_context"": 1.5087642664597793e-05}",54,True,True
train__c21__user17__4-1-1,Read_documents,Turn_pages,Read_documents,Turn_pages,0.41904674727649016,0.5633922246216205,0.4623631144796527,rescued,unchanged_wrong,1,2,"{""global_context"": 0.9992187023162842, ""left_interaction"": 0.0007803260038296381, ""right_interaction"": 8.171333926535832e-07, ""hand_head_union"": 0.0, ""two_hand_table_context"": 2.331642576791637e-07}","{""global_context"": 1.0, ""left_interaction"": 9.089897368698477e-16, ""right_interaction"": 1.6012688313597953e-20, ""hand_head_union"": 0.0, ""two_hand_table_context"": 4.526636184959995e-16}",184,False,True
train__c21__user17__4-1-2,Read_documents,Read_documents,Read_documents,Read_documents,0.3711482816989126,0.5930990636355682,0.45717005162939184,retained_correct,retained_correct,1,1,"{""global_context"": 0.9999540646870931, ""left_interaction"": 4.535132029559463e-05, ""right_interaction"": 5.946604157240168e-07, ""hand_head_union"": 0.0, ""two_hand_table_context"": 1.0461717655137666e-07}","{""global_context"": 1.0, ""left_interaction"": 1.032964531877901e-16, ""right_interaction"": 1.1545459564356024e-19, ""hand_head_union"": 0.0, ""two_hand_table_context"": 8.035700985439061e-17}",181,False,True
train__c21__user17__4-1-3,Read_documents,Turn_pages,Read_documents,Turn_pages,0.3523218188199904,0.49365778202589683,0.4123490586670615,rescued,unchanged_wrong,1,2,"{""global_context"": 0.999995504106794, ""left_interaction"": 3.913341840546179e-06, ""right_interaction"": 5.272174153755518e-07, ""hand_head_union"": 0.0, ""two_hand_table_context"": 4.329221578050887e-08}","{""global_context"": 1.0, ""left_interaction"": 9.382189935159528e-17, ""right_interaction"": 3.4568344564793823e-19, ""hand_head_union"": 0.0, ""two_hand_table_context"": 2.5907771350495113e-17}",104,False,True
train__c21__user23__4-1-1,Read_documents,Turn_pages,Turn_pages,Turn_pages,0.43842898671091257,0.35821224464566587,0.545843166251637,unchanged_wrong,unchanged_wrong,2,2,"{""global_context"": 0.9999192279318104, ""left_interaction"": 3.35773169670416e-05, ""right_interaction"": 4.7198562558902346e-05, ""hand_head_union"": 0.0, ""two_hand_table_context"": 0.0}","{""global_context"": 1.0, ""left_interaction"": 3.5651686162442153e-13, ""right_interaction"": 6.921739645349357e-17, ""hand_head_union"": 0.0, ""two_hand_table_context"": 0.0}",134,False,False
train__c21__user23__4-1-2,Read_documents,Turn_pages,Read_documents,Turn_pages,0.33051144030862956,0.4826392208317191,0.41467695619962786,rescued,unchanged_wrong,1,2,"{""global_context"": 0.9954450202710701, ""left_interaction"": 0.004285227620240414, ""right_interaction"": 0.0002678873468980645, ""hand_head_union"": 0.0, ""two_hand_table_context"": 1.938321722925387e-06}","{""global_context"": 1.0, ""left_interaction"": 7.940372370561205e-13, ""right_interaction"": 4.446783854340407e-16, ""hand_head_union"": 0.0, ""two_hand_table_context"": 1.8002947091842789e-13}",106,False,True
train__c21__user23__4-1-3,Read_documents,Tap_the_keyboard,Read_documents,Read_documents,0.3015015106844652,0.511286943598315,0.3711278528339392,rescued,rescued,1,1,"{""global_context"": 0.9974196173928, ""left_interaction"": 0.002463341775265607, ""right_interaction"": 5.081203756741492e-08, ""hand_head_union"": 0.0, ""two_hand_table_context"": 0.00011703396343033422}","{""global_context"": 1.0, ""left_interaction"": 5.885546153973985e-14, ""right_interaction"": 3.8160593912563845e-18, ""hand_head_union"": 0.0, ""two_hand_table_context"": 7.199539802316513e-15}",148,False,True
train__c21__user24__1-2-1,Read_documents,Read_documents,Read_documents,Read_documents,0.3691636055327863,0.5022533543436831,0.461383999338331,retained_correct,retained_correct,1,1,"{""global_context"": 0.997032642364502, ""left_interaction"": 0.0007052986572186152, ""right_interaction"": 0.0018236739560961723, ""hand_head_union"": 0.0, ""two_hand_table_context"": 0.0004383095462496082}","{""global_context"": 1.0, ""left_interaction"": 2.9189006273835665e-18, ""right_interaction"": 5.4196895275636156e-20, ""hand_head_union"": 0.0, ""two_hand_table_context"": 7.460790000780889e-19}",177,False,True
train__c21__user24__1-2-2,Read_documents,Tap_the_keyboard,Tap_the_keyboard,Tap_the_keyboard,0.740894667740643,0.5836831129485723,0.7068997193534883,unchanged_wrong,unchanged_wrong,2,2,"{""global_context"": 0.9999991522894965, ""left_interaction"": 2.788825036582744e-07, ""right_interaction"": 5.018317905422817e-07, ""hand_head_union"": 0.0, ""two_hand_table_context"": 1.3558683854676525e-07}","{""global_context"": 1.0, ""left_interaction"": 7.924779962235475e-18, ""right_interaction"": 1.3018834820297439e-20, ""hand_head_union"": 0.0, ""two_hand_table_context"": 2.813934601486841e-20}",126,False,True
train__c21__user24__1-2-3,Read_documents,Read_documents,Read_documents,Read_documents,0.3349059995321051,0.5364920913890857,0.4334838159343498,retained_correct,retained_correct,1,1,"{""global_context"": 0.9998284180959066, ""left_interaction"": 2.0187764372773622e-06, ""right_interaction"": 0.000160796237954249, ""hand_head_union"": 0.0, ""two_hand_table_context"": 8.833512159374854e-06}","{""global_context"": 1.0, ""left_interaction"": 3.8804490100934496e-18, ""right_interaction"": 9.503356048481383e-19, ""hand_head_union"": 0.0, ""two_hand_table_context"": 1.245045567653719e-17}",182,False,True
train__c21__user24__7-2-1,Read_documents,Take_and_use_tableware,Take_and_use_tableware,Pour_drinks,0.5457592793223952,0.8032257932996685,0.5918956227107773,unchanged_wrong,changed_wrong,40,11,"{""global_context"": 0.3191383083661397, ""left_interaction"": 0.3071828881899516, ""right_interaction"": 0.35438740253448486, ""hand_head_union"": 0.0, ""two_hand_table_context"": 0.01929142450292905}","{""global_context"": 1.0, ""left_interaction"": 3.085047476740025e-09, ""right_interaction"": 1.91770717824132e-09, ""hand_head_union"": 0.0, ""two_hand_table_context"": 7.701853969403297e-10}",166,False,True
train__c21__user24__7-2-2,Read_documents,Take_and_use_tableware,Peel_fruits,Peel_fruits,0.49290686216919044,0.18223797436080916,0.2997353708016092,changed_wrong,changed_wrong,16,9,"{""global_context"": 0.7793300204806858, ""left_interaction"": 0.19741967519124348, ""right_interaction"": 0.018696912129720054, ""hand_head_union"": 0.00025928347474998896, ""two_hand_table_context"": 0.0042940672900941635}","{""global_context"": 1.0, ""left_interaction"": 4.564011469988651e-09, ""right_interaction"": 4.175571019813004e-09, ""hand_head_union"": 1.9546497753708537e-11, ""two_hand_table_context"": 6.379892485913135e-09}",170,True,True
train__c21__user24__7-2-3,Read_documents,Take_and_use_tableware,Take_and_use_tableware,Pour_drinks,0.554132972967879,0.8055470918110487,0.43249784258119234,unchanged_wrong,changed_wrong,40,11,"{""global_context"": 0.3049312233924866, ""left_interaction"": 0.44573108355204266, ""right_interaction"": 0.20736382404963175, ""hand_head_union"": 0.0, ""two_hand_table_context"": 0.04197398324807485}","{""global_context"": 1.0, ""left_interaction"": 3.2488456369605956e-09, ""right_interaction"": 1.9714610980751484e-08, ""hand_head_union"": 0.0, ""two_hand_table_context"": 2.5678197346223897e-09}",172,False,True
train__c21__user4__4-1-1,Read_documents,Peel_fruits,Peel_fruits,Peel_fruits,0.6944499678732479,0.3633438623396547,0.69247943984317,unchanged_wrong,unchanged_wrong,12,18,"{""global_context"": 0.7296430269877116, ""left_interaction"": 0.040505157576666936, ""right_interaction"": 6.903646484109534e-08, ""hand_head_union"": 0.0, ""two_hand_table_context"": 0.22985172271728516}","{""global_context"": 0.9999016655815972, ""left_interaction"": 3.093165125594371e-05, ""right_interaction"": 5.17822829553754e-07, ""hand_head_union"": 0.0, ""two_hand_table_context"": 6.691123902176817e-05}",35,False,True
train__c21__user4__4-1-2,Read_documents,Peel_fruits,Pour_drinks,Peel_fruits,0.6446742568206032,0.2626500413465745,0.6357059524114289,changed_wrong,unchanged_wrong,11,21,"{""global_context"": 0.9076294898986816, ""left_interaction"": 0.07917511959870656, ""right_interaction"": 0.0004464376252144575, ""hand_head_union"": 0.0, ""two_hand_table_context"": 0.012749054779609045}","{""global_context"": 0.9999648729960123, ""left_interaction"": 9.31749612694451e-06, ""right_interaction"": 4.268227409435592e-06, ""hand_head_union"": 0.0, ""two_hand_table_context"": 2.159898334260409e-05}",48,False,True
train__c21__user4__4-1-3,Read_documents,Peel_fruits,Peel_fruits,Peel_fruits,0.4400235709859208,0.6682694822737185,0.4456012704108671,unchanged_wrong,unchanged_wrong,39,26,"{""global_context"": 0.2639734745025635, ""left_interaction"": 0.16505653659502664, ""right_interaction"": 1.044077483432678e-05, ""hand_head_union"": 0.0, ""two_hand_table_context"": 0.5709595282872518}","{""global_context"": 0.9999408721923828, ""left_interaction"": 7.388325684587471e-06, ""right_interaction"": 1.5215038729365915e-05, ""hand_head_union"": 0.0, ""two_hand_table_context"": 3.653174402037015e-05}",24,False,True
train__c22__user24__1-2-1,Turn_pages,Turn_pages,Read_documents,Turn_pages,0.28545185205427526,0.35751093992112887,0.36061954758680714,harmed,retained_correct,2,1,"{""global_context"": 0.9999976780103601, ""left_interaction"": 5.90228331060169e-07, ""right_interaction"": 1.5766822996184877e-06, ""hand_head_union"": 0.0, ""two_hand_table_context"": 3.0320317186440504e-07}","{""global_context"": 1.0, ""left_interaction"": 7.222222396753853e-18, ""right_interaction"": 8.025104902492506e-20, ""hand_head_union"": 0.0, ""two_hand_table_context"": 2.298547619822682e-18}",173,False,True
train__c22__user24__1-2-2,Turn_pages,Tap_the_keyboard,Read_documents,Tap_the_keyboard,0.3933829115749443,0.40789152998625144,0.34705264303801675,changed_wrong,unchanged_wrong,3,3,"{""global_context"": 0.999999015561996, ""left_interaction"": 3.238298426543723e-07, ""right_interaction"": 5.802675361572314e-07, ""hand_head_union"": 0.0, ""two_hand_table_context"": 1.5742923478096454e-07}","{""global_context"": 1.0, ""left_interaction"": 9.202191554886462e-18, ""right_interaction"": 4.988311349838755e-20, ""hand_head_union"": 0.0, ""two_hand_table_context"": 3.0108817284179014e-20}",106,False,True
train__c22__user24__1-2-3,Turn_pages,Turn_pages,Turn_pages,Turn_pages,0.4523607464293923,0.4704934465109508,0.5212350668800556,retained_correct,retained_correct,1,1,"{""global_context"": 0.9999865089974752, ""left_interaction"": 2.3567158566992275e-06, ""right_interaction"": 8.90580761223668e-07, ""hand_head_union"": 0.0, ""two_hand_table_context"": 1.0311880387456679e-05}","{""global_context"": 1.0, ""left_interaction"": 2.9894352529973057e-18, ""right_interaction"": 1.0666082426078704e-18, ""hand_head_union"": 0.0, ""two_hand_table_context"": 1.402248066157866e-17}",154,False,True
train__c22__user24__7-2-1,Turn_pages,Wipe_windows_and_tables,Wipe_windows_and_tables,Wipe_windows_and_tables,0.62989969178073,0.6484871829097224,0.7292930488538678,unchanged_wrong,unchanged_wrong,15,7,"{""global_context"": 0.4480241707393101, ""left_interaction"": 0.21408382483891078, ""right_interaction"": 0.19585864884512766, ""hand_head_union"": 0.0, ""two_hand_table_context"": 0.14203335557665145}","{""global_context"": 1.0, ""left_interaction"": 2.7071444768418066e-09, ""right_interaction"": 7.321530302663502e-09, ""hand_head_union"": 0.0, ""two_hand_table_context"": 2.8575965720684896e-09}",54,False,True
train__c22__user24__7-2-2,Turn_pages,Wipe_windows_and_tables,Wipe_windows_and_tables,Wipe_windows_and_tables,0.9004793111711074,0.9398207954372577,0.9274581962748795,unchanged_wrong,unchanged_wrong,7,6,"{""global_context"": 0.8275808606828962, ""left_interaction"": 0.13783063207353866, ""right_interaction"": 0.027924011860574995, ""hand_head_union"": 0.0004167055844196251, ""two_hand_table_context"": 0.006247685956103461}","{""global_context"": 1.0, ""left_interaction"": 7.302079195272069e-09, ""right_interaction"": 5.102046531289619e-09, ""hand_head_union"": 3.141401424703158e-11, ""two_hand_table_context"": 4.3376690176241286e-09}",106,True,True
train__c22__user24__7-2-3,Turn_pages,Take_and_use_tableware,Take_and_use_tableware,Pour_drinks,0.6037174743206647,0.8340840263875143,0.42436356275963555,unchanged_wrong,changed_wrong,26,9,"{""global_context"": 0.3026387857836346, ""left_interaction"": 0.3959918798402298, ""right_interaction"": 0.254514871641647, ""hand_head_union"": 0.0, ""two_hand_table_context"": 0.0468545070914335}","{""global_context"": 1.0, ""left_interaction"": 3.110496005467931e-09, ""right_interaction"": 2.0918961116305665e-08, ""hand_head_union"": 0.0, ""two_hand_table_context"": 2.8441508786357212e-09}",154,False,True
train__c22__user4__4-1-1,Turn_pages,Peel_fruits,Turn_pages,Peel_fruits,0.44626503318702443,0.22959492266064685,0.35923832519218757,rescued,unchanged_wrong,1,5,"{""global_context"": 0.9487040837605795, ""left_interaction"": 0.035307877593570285, ""right_interaction"": 1.2512876613376042e-05, ""hand_head_union"": 0.0, ""two_hand_table_context"": 0.01597558127509223}","{""global_context"": 0.9999435212877061, ""left_interaction"": 1.1019256716180178e-05, ""right_interaction"": 1.3784356673972474e-05, ""hand_head_union"": 0.0, ""two_hand_table_context"": 3.1605938501242134e-05}",131,False,True
train__c22__user4__4-1-2,Turn_pages,Peel_fruits,Pour_drinks,Peel_fruits,0.6071607828245099,0.20075894793929294,0.5593329231680089,changed_wrong,unchanged_wrong,2,12,"{""global_context"": 0.963035359102137, ""left_interaction"": 0.01459551471121171, ""right_interaction"": 0.000947541173766641, ""hand_head_union"": 0.0, ""two_hand_table_context"": 0.021421637605218327}","{""global_context"": 0.9997774011948529, ""left_interaction"": 0.00012919420431203703, ""right_interaction"": 8.449132163899348e-06, ""hand_head_union"": 0.0, ""two_hand_table_context"": 8.494764402070466e-05}",128,False,True
train__c22__user4__4-1-3,Turn_pages,Turn_pages,Turn_pages,Turn_pages,0.27114675874802124,0.39337113979533567,0.27440298858562784,retained_correct,retained_correct,1,1,"{""global_context"": 0.8604676781631098, ""left_interaction"": 0.03132756744943014, ""right_interaction"": 0.0922124676588105, ""hand_head_union"": 0.0, ""two_hand_table_context"": 0.01599220822497112}","{""global_context"": 0.9997952158858137, ""left_interaction"": 9.141974264710415e-05, ""right_interaction"": 1.757571945057773e-05, ""hand_head_union"": 0.0, ""two_hand_table_context"": 9.577607781421847e-05}",153,False,True
train__c23__user17__6-2-1,Listen_to_music_with_headphones,Take_medicine,Listen_to_music_with_headphones,Listen_to_music_with_headphones,0.2934401438050601,0.1850052096359274,0.21641331899817054,rescued,rescued,1,1,"{""global_context"": 0.5439024386198624, ""left_interaction"": 0.008920278886090155, ""right_interaction"": 0.3785272681194803, ""hand_head_union"": 0.06832863973534625, ""two_hand_table_context"": 0.0003214005947760914}","{""global_context"": 1.0, ""left_interaction"": 1.774386369161981e-17, ""right_interaction"": 1.378790196041501e-16, ""hand_head_union"": 8.053944302798545e-18, ""two_hand_table_context"": 7.264114850983477e-18}",192,True,True
train__c23__user17__6-2-2,Listen_to_music_with_headphones,Mop_the_floor,Mop_the_floor,Mop_the_floor,0.20870362802658787,0.2123651356799215,0.2135384470939483,unchanged_wrong,unchanged_wrong,12,12,"{""global_context"": 0.5731166390811696, ""left_interaction"": 0.1313013749964097, ""right_interaction"": 0.2847611202913172, ""hand_head_union"": 0.006588017239290125, ""two_hand_table_context"": 0.004232816836413215}","{""global_context"": 1.0, ""left_interaction"": 3.5863533805424687e-17, ""right_interaction"": 1.820566528270969e-18, ""hand_head_union"": 7.59639947040736e-21, ""two_hand_table_context"": 1.9969045019935588e-19}",73,True,True
train__c23__user17__6-2-3,Listen_to_music_with_headphones,Jog_in_place,Jog_in_place,Jog_in_place,0.3434880623897929,0.34555202921737493,0.34715795222822043,unchanged_wrong,unchanged_wrong,14,13,"{""global_context"": 0.6355838775634766, ""left_interaction"": 0.016327257667269026, ""right_interaction"": 0.34770539828709196, ""hand_head_union"": 0.0001222050964965352, ""two_hand_table_context"": 0.0002612201164343527}","{""global_context"": 1.0, ""left_interaction"": 1.6333414732954647e-14, ""right_interaction"": 2.877820672116909e-14, ""hand_head_union"": 8.794537383339925e-16, ""two_hand_table_context"": 8.368783532684956e-16}",65,True,True
train__c23__user17__7-1-1,Listen_to_music_with_headphones,Listen_to_music_with_headphones,Listen_to_music_with_headphones,Listen_to_music_with_headphones,0.7121850714551293,0.7918696623339712,0.8321932884678654,retained_correct,retained_correct,1,1,"{""global_context"": 0.9420309066772461, ""left_interaction"": 0.055754964550336204, ""right_interaction"": 0.0021935893843571344, ""hand_head_union"": 1.9878815995374072e-05, ""two_hand_table_context"": 7.630803035378145e-07}","{""global_context"": 1.0, ""left_interaction"": 2.228055581490209e-16, ""right_interaction"": 1.1934770327429447e-17, ""hand_head_union"": 8.766996937588675e-20, ""two_hand_table_context"": 3.3817007354814725e-18}",201,True,True
train__c23__user17__7-1-2,Listen_to_music_with_headphones,Listen_to_music_with_headphones,Listen_to_music_with_headphones,Listen_to_music_with_headphones,0.5725338222178149,0.7130642092625182,0.7144551007874903,retained_correct,retained_correct,1,1,"{""global_context"": 0.8647845586140951, ""left_interaction"": 0.12504014372825623, ""right_interaction"": 0.009937829027573267, ""hand_head_union"": 1.0965200969437205e-10, ""two_hand_table_context"": 0.00023750644565249482}","{""global_context"": 1.0, ""left_interaction"": 1.1025200540632667e-16, ""right_interaction"": 9.31025722509142e-16, ""hand_head_union"": 1.1859995530808357e-21, ""two_hand_table_context"": 8.503650513431606e-18}",192,True,True
train__c23__user17__7-1-3,Listen_to_music_with_headphones,Check_the_time,Check_the_time,Check_the_time,0.6682124986551697,0.7797057243161893,0.732691787953697,unchanged_wrong,unchanged_wrong,6,6,"{""global_context"": 0.9999791781107584, ""left_interaction"": 1.678442640695721e-05, ""right_interaction"": 6.789789116131335e-08, ""hand_head_union"": 3.967084315566656e-06, ""two_hand_table_context"": 5.046008766385057e-08}","{""global_context"": 1.0, ""left_interaction"": 2.897237153158422e-17, ""right_interaction"": 3.619912759738235e-18, ""hand_head_union"": 6.631301925903879e-22, ""two_hand_table_context"": 1.5048407468981471e-18}",195,True,True
train__c23__user23__4-2-1,Listen_to_music_with_headphones,Take_body_temperature,Comb_hair,Take_body_temperature,0.3380790285575626,0.439098677634788,0.3994049628349909,changed_wrong,unchanged_wrong,12,13,"{""global_context"": 0.5168459608748153, ""left_interaction"": 0.0935188628531791, ""right_interaction"": 0.37273205937565984, ""hand_head_union"": 0.0, ""two_hand_table_context"": 0.016903081455746212}","{""global_context"": 0.9995522370209565, ""left_interaction"": 0.0002789385113361719, ""right_interaction"": 4.73384146037436e-06, ""hand_head_union"": 0.0, ""two_hand_table_context"": 0.00016407190343818148}",148,False,True
train__c23__user23__4-2-2,Listen_to_music_with_headphones,Take_a_selfie,Take_a_selfie,Take_a_selfie,0.5578757742391268,0.7966353334079588,0.5835777793359838,unchanged_wrong,unchanged_wrong,13,16,"{""global_context"": 0.42751273241910065, ""left_interaction"": 0.23030638694763184, ""right_interaction"": 0.2806283777410334, ""hand_head_union"": 0.038879085670817985, ""two_hand_table_context"": 0.022673497145826168}","{""global_context"": 0.9999191110784357, ""left_interaction"": 4.486756039444696e-05, ""right_interaction"": 8.269946688828481e-06, ""hand_head_union"": 2.736546362443319e-06, ""two_hand_table_context"": 2.510607009753585e-05}",201,True,True
train__c23__user23__4-2-3,Listen_to_music_with_headphones,Take_medicine,Take_medicine,Take_medicine,0.3340777115507643,0.3314376340426797,0.3494500496359533,unchanged_wrong,unchanged_wrong,13,17,"{""global_context"": 0.43657763799031574, ""left_interaction"": 0.2614068190256755, ""right_interaction"": 0.17816338274214003, ""hand_head_union"": 0.08774383862813313, ""two_hand_table_context"": 0.03610832823647393}","{""global_context"": 0.9998469882541232, ""left_interaction"": 0.00014016942845450508, ""right_interaction"": 8.940991796811836e-07, ""hand_head_union"": 1.2511599278594886e-06, ""two_hand_table_context"": 1.0702760644360549e-05}",42,True,True
train__c23__user23__5-1-1,Listen_to_music_with_headphones,Listen_to_music_with_headphones,Listen_to_music_with_headphones,Listen_to_music_with_headphones,0.6432849973963536,0.8046959604811886,0.7288108473062161,retained_correct,retained_correct,1,1,"{""global_context"": 0.5584514935811361, ""left_interaction"": 0.17921276887257895, ""right_interaction"": 0.18377898136774698, ""hand_head_union"": 0.0027615254124005637, ""two_hand_table_context"": 0.07579525808493297}","{""global_context"": 1.0, ""left_interaction"": 7.132530122078151e-10, ""right_interaction"": 2.1734215908490264e-09, ""hand_head_union"": 1.6951016978961064e-11, ""two_hand_table_context"": 2.822465409539158e-10}",183,True,True
train__c23__user23__5-1-2,Listen_to_music_with_headphones,Eat_food,Listen_to_music_with_headphones,Listen_to_music_with_headphones,0.4192337153738294,0.3744750068043852,0.44242996545073904,rescued,rescued,1,1,"{""global_context"": 0.37351807488335503, ""left_interaction"": 0.23964462280273438, ""right_interaction"": 0.32898568047417537, ""hand_head_union"": 0.0004923419819937812, ""two_hand_table_context"": 0.05735926098293728}","{""global_context"": 1.0, ""left_interaction"": 6.321887803374516e-10, ""right_interaction"": 4.031372213830764e-09, ""hand_head_union"": 1.3369319478644887e-10, ""two_hand_table_context"": 1.2717015983475398e-09}",170,True,True
train__c23__user24__5-1-1,Listen_to_music_with_headphones,Drink_water,Drink_water,Drink_water,0.3701977523639858,0.5790460417890836,0.387892536880071,unchanged_wrong,unchanged_wrong,4,3,"{""global_context"": 0.09563519737937233, ""left_interaction"": 0.5808024550929214, ""right_interaction"": 0.28740689248749707, ""hand_head_union"": 0.03563995072335908, ""two_hand_table_context"": 0.0005155651068145579}","{""global_context"": 1.0, ""left_interaction"": 3.127842892099627e-12, ""right_interaction"": 2.3666604030061286e-11, ""hand_head_union"": 9.67238179280878e-13, ""two_hand_table_context"": 6.1946041730497435e-12}",123,True,True
train__c23__user24__5-1-2,Listen_to_music_with_headphones,Drink_water,Drink_water,Drink_water,0.7096205641447626,0.9467787573135688,0.7912170303334104,unchanged_wrong,unchanged_wrong,3,4,"{""global_context"": 0.042852545326406304, ""left_interaction"": 0.2620794122869318, ""right_interaction"": 0.5548900257457386, ""hand_head_union"": 0.14017777009443802, ""two_hand_table_context"": 2.828423930623103e-07}","{""global_context"": 1.0, ""left_interaction"": 3.4464880444511955e-11, ""right_interaction"": 1.8729642836667892e-11, ""hand_head_union"": 1.603934314909804e-12, ""two_hand_table_context"": 6.040369435694243e-13}",84,True,True
train__c23__user24__5-1-3,Listen_to_music_with_headphones,Drink_water,Drink_water,Listen_to_music_with_headphones,0.32575178398278415,0.5952557860652206,0.2328991221278264,unchanged_wrong,rescued,2,1,"{""global_context"": 0.3101361945823387, ""left_interaction"": 0.38035364504213687, ""right_interaction"": 0.22849399072152596, ""hand_head_union"": 0.08100839014406558, ""two_hand_table_context"": 7.728582002326018e-06}","{""global_context"": 1.0, ""left_interaction"": 2.960639141254736e-11, ""right_interaction"": 2.225356689046344e-10, ""hand_head_union"": 2.188757662767592e-12, ""two_hand_table_context"": 2.227942727425666e-11}",103,True,True
train__c23__user24__7-2-1,Listen_to_music_with_headphones,Eat_food,Eat_food,Drink_water,0.46906035341515695,0.8291685732407448,0.5381611628070668,unchanged_wrong,changed_wrong,3,5,"{""global_context"": 0.01801721565425396, ""left_interaction"": 0.21736477315425873, ""right_interaction"": 0.30412131547927856, ""hand_head_union"": 0.4130478501319885, ""two_hand_table_context"": 0.04744882136583328}","{""global_context"": 1.0, ""left_interaction"": 6.350157205625706e-11, ""right_interaction"": 5.7491591348712845e-11, ""hand_head_union"": 1.970537621964752e-10, ""two_hand_table_context"": 8.683171369427978e-12}",127,True,True
train__c23__user24__7-2-2,Listen_to_music_with_headphones,Drink_water,Eat_food,Drink_water,0.3754932300643573,0.8222547302966159,0.45224064540381953,changed_wrong,unchanged_wrong,4,7,"{""global_context"": 0.0006150536860028903, ""left_interaction"": 0.23484470049540201, ""right_interaction"": 0.45404796600341796, ""hand_head_union"": 0.2379926840464274, ""two_hand_table_context"": 0.07249961694081625}","{""global_context"": 1.0, ""left_interaction"": 2.2658446970543384e-10, ""right_interaction"": 4.731711689132112e-11, ""hand_head_union"": 1.2346309160212363e-10, ""two_hand_table_context"": 4.684211352135037e-12}",60,True,True
train__c23__user24__7-2-3,Listen_to_music_with_headphones,Drink_water,Eat_food,Drink_water,0.453680256687893,0.8223406863102716,0.6105781163347486,changed_wrong,unchanged_wrong,4,6,"{""global_context"": 0.00904310926010734, ""left_interaction"": 0.08101532961192884, ""right_interaction"": 0.39921727933381734, ""hand_head_union"": 0.3835552115189402, ""two_hand_table_context"": 0.12716903184589587}","{""global_context"": 1.0, ""left_interaction"": 8.161553398023993e-09, ""right_interaction"": 1.5986583285235899e-09, ""hand_head_union"": 2.773556355344609e-10, ""two_hand_table_context"": 2.0711393302151824e-09}",78,True,True
train__c24__user17__1-2-3,Use_a_mobile_phone,Check_the_time,Check_the_time,Check_the_time,0.5535148573744554,0.663431802494602,0.6242812536903685,unchanged_wrong,unchanged_wrong,8,2,"{""global_context"": 0.40242738723754884, ""left_interaction"": 0.0008995811144510905, ""right_interaction"": 0.5966730753580729, ""hand_head_union"": 0.0, ""two_hand_table_context"": 0.0}","{""global_context"": 0.9987798690795898, ""left_interaction"": 0.0012190652390321095, ""right_interaction"": 1.097645993771342e-06, ""hand_head_union"": 0.0, ""two_hand_table_context"": 0.0}",90,False,False
train__c24__user23__7-3-1,Use_a_mobile_phone,Eat_food,Eat_food,Use_a_mobile_phone,0.4636572287946454,0.63845539651077,0.17085626541168183,unchanged_wrong,rescued,11,1,"{""global_context"": 0.24334687278384254, ""left_interaction"": 0.0692684082757859, ""right_interaction"": 0.3301427477882022, ""hand_head_union"": 0.042515743346441356, ""two_hand_table_context"": 0.31472623915899367}","{""global_context"": 1.0, ""left_interaction"": 1.4801459190580534e-08, ""right_interaction"": 2.866391653134044e-08, ""hand_head_union"": 9.223202519186608e-10, ""two_hand_table_context"": 4.048549618303133e-08}",151,True,True
train__c24__user23__7-3-2,Use_a_mobile_phone,Peel_fruits,Eat_food,Peel_fruits,0.366687306261909,0.9371113946352172,0.3354917053591587,changed_wrong,unchanged_wrong,11,2,"{""global_context"": 0.09699112718755548, ""left_interaction"": 0.1358506354418668, ""right_interaction"": 0.5524630546569824, ""hand_head_union"": 0.0, ""two_hand_table_context"": 0.21469515020197089}","{""global_context"": 1.0, ""left_interaction"": 2.5824790386960476e-09, ""right_interaction"": 4.267572315732402e-09, ""hand_head_union"": 0.0, ""two_hand_table_context"": 4.223450195633466e-09}",81,False,True
train__c24__user23__7-3-3,Use_a_mobile_phone,Eat_food,Eat_food,Pour_drinks,0.18172115369160832,0.880588605054204,0.24335208351052523,unchanged_wrong,changed_wrong,24,7,"{""global_context"": 0.0005733647849410772, ""left_interaction"": 0.30105712413787844, ""right_interaction"": 0.21192030906677245, ""hand_head_union"": 0.44772634506225584, ""two_hand_table_context"": 0.03872283697128296}","{""global_context"": 1.0, ""left_interaction"": 6.308559363787936e-09, ""right_interaction"": 1.7931840545770684e-08, ""hand_head_union"": 2.488451888993382e-10, ""two_hand_table_context"": 2.290994238762778e-09}",40,True,True
train__c24__user24__4-1-1,Use_a_mobile_phone,Turn_pages,Turn_pages,Turn_pages,0.28197783322533365,0.3860819767537708,0.4207341287571215,unchanged_wrong,unchanged_wrong,12,8,"{""global_context"": 0.9999996532093395, ""left_interaction"": 3.373635825648142e-07, ""right_interaction"": 1.0032305329911072e-08, ""hand_head_union"": 0.0, ""two_hand_table_context"": 1.2091210134134267e-07}","{""global_context"": 1.0, ""left_interaction"": 5.141414885593895e-20, ""right_interaction"": 5.250673459793048e-21, ""hand_head_union"": 0.0, ""two_hand_table_context"": 1.3163430325714565e-20}",176,False,True
train__c24__user24__4-1-2,Use_a_mobile_phone,Play_games,Use_a_mobile_phone,Play_games,0.2952988013659659,0.23557859930681724,0.42971305819737166,rescued,unchanged_wrong,1,2,"{""global_context"": 0.9999906605687635, ""left_interaction"": 8.40663942026681e-06, ""right_interaction"": 3.8179449143956e-07, ""hand_head_union"": 0.0, ""two_hand_table_context"": 6.355341987539854e-07}","{""global_context"": 1.0, ""left_interaction"": 5.136929087076802e-19, ""right_interaction"": 1.2996899777130963e-20, ""hand_head_union"": 0.0, ""two_hand_table_context"": 1.1597463672610941e-19}",116,False,True
train__c24__user24__4-1-3,Use_a_mobile_phone,Play_games,Play_games,Play_games,0.5467746921113983,0.9168760280256297,0.6751016518984394,unchanged_wrong,unchanged_wrong,2,3,"{""global_context"": 1.0, ""left_interaction"": 1.022883111545525e-08, ""right_interaction"": 4.820301195233394e-09, ""hand_head_union"": 0.0, ""two_hand_table_context"": 5.853534901234525e-08}","{""global_context"": 1.0, ""left_interaction"": 7.316457185784608e-18, ""right_interaction"": 5.538533581931759e-19, ""hand_head_union"": 0.0, ""two_hand_table_context"": 4.241167585976799e-18}",47,False,True
train__c24__user24__5-1-1,Use_a_mobile_phone,Peel_fruits,Use_a_mobile_phone,Peel_fruits,0.6412712294451898,0.26499233533762784,0.5971525949604761,rescued,unchanged_wrong,1,5,"{""global_context"": 0.9740278824515964, ""left_interaction"": 0.021876394748687744, ""right_interaction"": 0.003647469955941905, ""hand_head_union"": 0.0, ""two_hand_table_context"": 0.00044819056663824165}","{""global_context"": 1.0, ""left_interaction"": 1.2765236211071564e-10, ""right_interaction"": 1.0214681274735837e-10, ""hand_head_union"": 0.0, ""two_hand_table_context"": 4.713222565856234e-11}",182,False,True
train__c24__user24__5-1-2,Use_a_mobile_phone,Stir_drinks,Stir_drinks,Stir_drinks,0.6856886327747941,0.4303761546576951,0.49063471274589643,unchanged_wrong,unchanged_wrong,13,11,"{""global_context"": 0.657302729288737, ""left_interaction"": 0.14355117479960125, ""right_interaction"": 0.08701706727345784, ""hand_head_union"": 0.0, ""two_hand_table_context"": 0.11212906042734781}","{""global_context"": 1.0, ""left_interaction"": 4.042017979581184e-10, ""right_interaction"": 6.096009993091419e-11, ""hand_head_union"": 0.0, ""two_hand_table_context"": 1.4220528458489903e-10}",120,False,True
train__c24__user24__5-1-3,Use_a_mobile_phone,Use_a_mobile_phone,Use_a_mobile_phone,Use_a_mobile_phone,0.4631228357325399,0.5157329820705651,0.40020108388584885,retained_correct,retained_correct,1,1,"{""global_context"": 0.977445411682129, ""left_interaction"": 0.011534354835748672, ""right_interaction"": 0.0016452958807349205, ""hand_head_union"": 0.0, ""two_hand_table_context"": 0.009374918043613433}","{""global_context"": 1.0, ""left_interaction"": 2.0087807806046244e-11, ""right_interaction"": 3.209881527244107e-11, ""hand_head_union"": 0.0, ""two_hand_table_context"": 4.1253788579664885e-12}",40,False,True
train__c24__user4__3-2-1,Use_a_mobile_phone,Peel_fruits,Peel_fruits,Peel_fruits,0.6938839675510441,0.7495480444522739,0.7084272228291472,unchanged_wrong,unchanged_wrong,7,7,"{""global_context"": 0.5758413076400757, ""left_interaction"": 0.14822375774383545, ""right_interaction"": 0.0781878928343455, ""hand_head_union"": 0.0, ""two_hand_table_context"": 0.1977471113204956}","{""global_context"": 0.99992569287618, ""left_interaction"": 1.9592121437502403e-05, ""right_interaction"": 1.5142085127687702e-05, ""hand_head_union"": 0.0, ""two_hand_table_context"": 3.946200498224547e-05}",190,False,True
train__c24__user4__3-2-2,Use_a_mobile_phone,Peel_fruits,Peel_fruits,Peel_fruits,0.48225234278427154,0.6469540111787054,0.503690627819772,unchanged_wrong,unchanged_wrong,9,8,"{""global_context"": 0.19823392232259116, ""left_interaction"": 0.433867613474528, ""right_interaction"": 0.0018940332035223644, ""hand_head_union"": 0.0, ""two_hand_table_context"": 0.36600446701049805}","{""global_context"": 0.9999892711639404, ""left_interaction"": 3.72388785763178e-06, ""right_interaction"": 1.5165504313093454e-06, ""hand_head_union"": 0.0, ""two_hand_table_context"": 5.4699988443947705e-06}",188,False,True
train__c24__user4__3-2-3,Use_a_mobile_phone,Take_and_use_tableware,Pour_drinks,Pour_drinks,0.3859916799450978,0.8532412800020114,0.5606832705932095,changed_wrong,changed_wrong,5,6,"{""global_context"": 0.7591577370961508, ""left_interaction"": 0.06986500819524129, ""right_interaction"": 0.16997637351353964, ""hand_head_union"": 0.0, ""two_hand_table_context"": 0.0010008192621171474}","{""global_context"": 0.9999012152353922, ""left_interaction"": 9.119633856850366e-05, ""right_interaction"": 6.267483816676152e-06, ""hand_head_union"": 0.0, ""two_hand_table_context"": 1.3324300501456794e-06}",148,False,True
train__c24__user4__6-1-1,Use_a_mobile_phone,Peel_fruits,Wipe_hands,Peel_fruits,0.8444065224834567,0.33020430967462133,0.845745698887569,changed_wrong,unchanged_wrong,10,10,"{""global_context"": 0.977219984266493, ""left_interaction"": 0.021477566825018987, ""right_interaction"": 2.4424010512626008e-06, ""hand_head_union"": 0.0, ""two_hand_table_context"": 0.0012999272180928125}","{""global_context"": 0.999591064453125, ""left_interaction"": 0.00015782348604665862, ""right_interaction"": 6.0365980284081565e-05, ""hand_head_union"": 0.0, ""two_hand_table_context"": 0.0001906767694486512}",176,False,True
train__c24__user4__6-1-2,Use_a_mobile_phone,Peel_fruits,Peel_fruits,Peel_fruits,0.6825098583425362,0.25517325079101416,0.6886115033619181,unchanged_wrong,unchanged_wrong,9,5,"{""global_context"": 0.9620312849680582, ""left_interaction"": 0.03112403800090154, ""right_interaction"": 1.6502936054744546e-10, ""hand_head_union"": 0.0, ""two_hand_table_context"": 0.006844844048221906}","{""global_context"": 0.9999214808146158, ""left_interaction"": 4.626179967696468e-05, ""right_interaction"": 1.697368861641735e-05, ""hand_head_union"": 0.0, ""two_hand_table_context"": 1.523894146278811e-05}",191,False,True
train__c24__user4__6-1-3,Use_a_mobile_phone,Stir_drinks,Take_and_use_tableware,Stir_drinks,0.44692708932269937,0.39457355807649597,0.33268372669557195,changed_wrong,unchanged_wrong,9,10,"{""global_context"": 0.4044247040381798, ""left_interaction"": 0.4676627012399527, ""right_interaction"": 9.547580230691192e-09, ""hand_head_union"": 0.0, ""two_hand_table_context"": 0.12791258555192214}","{""global_context"": 0.9999410922710712, ""left_interaction"": 2.9868697031186177e-05, ""right_interaction"": 1.716273702466144e-05, ""hand_head_union"": 0.0, ""two_hand_table_context"": 1.1890021806511168e-05}",52,False,True
train__c25__user24__2-2-1,Watch_TV,Listen_to_music_with_headphones,Listen_to_music_with_headphones,Listen_to_music_with_headphones,0.27928683295524825,0.3503478909711228,0.3761001570639876,unchanged_wrong,unchanged_wrong,33,22,"{""global_context"": 0.9996400490785257, ""left_interaction"": 0.0003212448925926135, ""right_interaction"": 3.676275865962872e-05, ""hand_head_union"": 0.0, ""two_hand_table_context"": 1.8650098354555666e-06}","{""global_context"": 1.0, ""left_interaction"": 5.747707126424802e-17, ""right_interaction"": 6.261451612878865e-17, ""hand_head_union"": 0.0, ""two_hand_table_context"": 2.2552846772618338e-17}",154,False,True
train__c25__user24__2-2-2,Watch_TV,Take_a_selfie,Take_a_selfie,Take_a_selfie,0.49882486532141107,0.7755472244174036,0.29194172782721756,unchanged_wrong,unchanged_wrong,26,16,"{""global_context"": 0.997866439819336, ""left_interaction"": 0.0017784808576107025, ""right_interaction"": 0.00032911639660596846, ""hand_head_union"": 0.0, ""two_hand_table_context"": 2.5956472381949424e-05}","{""global_context"": 1.0, ""left_interaction"": 9.774794092632516e-17, ""right_interaction"": 2.1730685318950646e-17, ""hand_head_union"": 0.0, ""two_hand_table_context"": 2.6551843859396026e-18}",99,False,True
train__c25__user24__2-2-3,Watch_TV,Take_a_selfie,Take_a_selfie,Take_a_selfie,0.4501659236728952,0.6626764889300134,0.28169717838739344,unchanged_wrong,unchanged_wrong,30,13,"{""global_context"": 0.9993499307071462, ""left_interaction"": 0.000625516616684549, ""right_interaction"": 2.4286896565600354e-05, ""hand_head_union"": 0.0, ""two_hand_table_context"": 2.8025191140306347e-07}","{""global_context"": 1.0, ""left_interaction"": 1.177867075792885e-16, ""right_interaction"": 5.191374749625458e-16, ""hand_head_union"": 0.0, ""two_hand_table_context"": 3.606100205923726e-19}",53,False,True
train__c25__user24__5-3-1,Watch_TV,Eat_food,Eat_food,Drink_water,0.40906552259114737,0.9834831186211157,0.26405301061479974,unchanged_wrong,changed_wrong,34,18,"{""global_context"": 0.008837985673121043, ""left_interaction"": 0.00018867526003824814, ""right_interaction"": 0.9909733363560268, ""hand_head_union"": 0.0, ""two_hand_table_context"": 0.0}","{""global_context"": 1.0, ""left_interaction"": 1.020709294863309e-09, ""right_interaction"": 9.749866786939216e-11, ""hand_head_union"": 0.0, ""two_hand_table_context"": 0.0}",42,False,False
train__c25__user24__5-3-2,Watch_TV,Drink_water,Eat_food,Drink_water,0.5180139793214608,0.9278631262520679,0.6677524404372372,changed_wrong,unchanged_wrong,35,25,"{""global_context"": 0.009213737372694344, ""left_interaction"": 3.764921285468957e-05, ""right_interaction"": 0.9907485041125067, ""hand_head_union"": 0.0, ""two_hand_table_context"": 0.0}","{""global_context"": 1.0, ""left_interaction"": 4.0757493165895554e-11, ""right_interaction"": 7.284239112276078e-11, ""hand_head_union"": 0.0, ""two_hand_table_context"": 0.0}",87,False,False
train__c25__user24__5-3-3,Watch_TV,Drink_water,Eat_food,Drink_water,0.45971921654884484,0.6545365620955714,0.6490921871392379,changed_wrong,unchanged_wrong,35,22,"{""global_context"": 0.07613271474838257, ""left_interaction"": 0.007077152175562722, ""right_interaction"": 0.916790212903704, ""hand_head_union"": 0.0, ""two_hand_table_context"": 0.0}","{""global_context"": 1.0, ""left_interaction"": 5.4489638198366e-10, ""right_interaction"": 2.533969661084561e-11, ""hand_head_union"": 0.0, ""two_hand_table_context"": 0.0}",84,False,False
train__c26__user23__5-1-1,Play_games,Take_and_use_tableware,Use_a_mobile_phone,Check_the_time,0.27033051410697123,0.23050853710606875,0.17575876058623713,changed_wrong,changed_wrong,19,12,"{""global_context"": 0.8377113342285156, ""left_interaction"": 0.09342789095501568, ""right_interaction"": 0.020061455493749575, ""hand_head_union"": 0.0, ""two_hand_table_context"": 0.04879928189654683}","{""global_context"": 1.0, ""left_interaction"": 6.089340917808015e-11, ""right_interaction"": 2.2426127105216987e-10, ""hand_head_union"": 0.0, ""two_hand_table_context"": 5.6107499008619e-10}",172,False,True
train__c26__user23__5-1-2,Play_games,Take_and_use_tableware,Drink_water,Pour_drinks,0.4673067961347568,0.6107483779426611,0.2989332710723166,changed_wrong,changed_wrong,40,20,"{""global_context"": 0.26125605901082355, ""left_interaction"": 0.3600040674209595, ""right_interaction"": 0.34976617495218915, ""hand_head_union"": 0.0, ""two_hand_table_context"": 0.028973760704199474}","{""global_context"": 1.0, ""left_interaction"": 7.594883240831981e-10, ""right_interaction"": 1.6730982525340703e-09, ""hand_head_union"": 0.0, ""two_hand_table_context"": 7.949487734748573e-10}",192,False,True
train__c26__user23__5-1-3,Play_games,Use_a_mobile_phone,Use_a_mobile_phone,Use_a_mobile_phone,0.36400338487739453,0.28099018714577084,0.276853049255817,unchanged_wrong,unchanged_wrong,5,2,"{""global_context"": 0.6965408779325939, ""left_interaction"": 0.047081918943495976, ""right_interaction"": 0.15063280151003883, ""hand_head_union"": 0.034108173279535206, ""two_hand_table_context"": 0.07163623968760173}","{""global_context"": 1.0, ""left_interaction"": 1.266931533228628e-09, ""right_interaction"": 9.333049211775125e-09, ""hand_head_union"": 4.633039771934342e-10, ""two_hand_table_context"": 4.519287022915142e-08}",89,True,True
train__c26__user24__4-1-1,Play_games,Play_games,Turn_pages,Play_games,0.41578718557972233,0.3189777921196024,0.43215670058116906,harmed,retained_correct,8,1,"{""global_context"": 0.9999999069586033, ""left_interaction"": 3.6945510412518096e-08, ""right_interaction"": 2.4142639107395087e-09, ""hand_head_union"": 0.0, ""two_hand_table_context"": 6.193790352149447e-08}","{""global_context"": 1.0, ""left_interaction"": 5.090108354700974e-20, ""right_interaction"": 2.5979804335729928e-21, ""hand_head_union"": 0.0, ""two_hand_table_context"": 4.544924331008747e-21}",164,False,True
train__c26__user24__4-1-2,Play_games,Use_a_mobile_phone,Use_a_mobile_phone,Play_games,0.26750511515775866,0.20211311685462374,0.26487661609427754,unchanged_wrong,rescued,5,1,"{""global_context"": 0.9999984394420277, ""left_interaction"": 1.4510652280560779e-06, ""right_interaction"": 8.664759641099161e-08, ""hand_head_union"": 0.0, ""two_hand_table_context"": 1.3837026554855666e-07}","{""global_context"": 1.0, ""left_interaction"": 4.362251261619399e-19, ""right_interaction"": 9.644933462192053e-20, ""hand_head_union"": 0.0, ""two_hand_table_context"": 2.198431988183551e-20}",44,False,True
train__c26__user24__4-1-3,Play_games,Take_a_selfie,Play_games,Play_games,0.30828440716776295,0.43075390259687873,0.4393352173417278,rescued,rescued,1,1,"{""global_context"": 0.9995470913973722, ""left_interaction"": 0.0004520427266305143, ""right_interaction"": 4.955417022177823e-07, ""hand_head_union"": 0.0, ""two_hand_table_context"": 2.2200877290081486e-07}","{""global_context"": 1.0, ""left_interaction"": 6.251167520428041e-18, ""right_interaction"": 1.0438610440002777e-19, ""hand_head_union"": 0.0, ""two_hand_table_context"": 8.363932990262183e-19}",88,False,True
train__c26__user24__4-3-1,Play_games,Play_games,Play_games,Play_games,0.5441908129902516,0.2892417202764117,0.6490575730204476,retained_correct,retained_correct,1,1,"{""global_context"": 0.9999555504840353, ""left_interaction"": 4.4346964189215846e-05, ""right_interaction"": 1.377581176474569e-07, ""hand_head_union"": 0.0, ""two_hand_table_context"": 1.5264846376300303e-07}","{""global_context"": 1.0, ""left_interaction"": 2.232374897108414e-18, ""right_interaction"": 1.0415915816266859e-19, ""hand_head_union"": 0.0, ""two_hand_table_context"": 4.214031170730133e-20}",184,False,True
train__c26__user24__4-3-2,Play_games,Play_games,Turn_pages,Play_games,0.538810031182003,0.2637826376547257,0.5875976105925836,harmed,retained_correct,5,1,"{""global_context"": 1.0, ""left_interaction"": 2.3699820011253385e-08, ""right_interaction"": 1.0423301586927534e-08, ""hand_head_union"": 0.0, ""two_hand_table_context"": 6.572050332514274e-09}","{""global_context"": 1.0, ""left_interaction"": 8.97152624115769e-18, ""right_interaction"": 7.484865486404775e-19, ""hand_head_union"": 0.0, ""two_hand_table_context"": 8.52420847258494e-20}",112,False,True
train__c26__user24__4-3-3,Play_games,Use_a_mobile_phone,Take_a_selfie,Play_games,0.2492073479323193,0.21265405885578698,0.3967120492072304,changed_wrong,rescued,4,1,"{""global_context"": 0.9999973433358329, ""left_interaction"": 1.5142859410843812e-06, ""right_interaction"": 2.544641444858696e-07, ""hand_head_union"": 0.0, ""two_hand_table_context"": 8.927662357954042e-07}","{""global_context"": 1.0, ""left_interaction"": 4.059015915816381e-18, ""right_interaction"": 5.525805192545276e-19, ""hand_head_union"": 0.0, ""two_hand_table_context"": 2.636124759689698e-19}",56,False,True
train__c26__user24__5-3-1,Play_games,Stir_drinks,Eat_food,Drink_water,0.3658498759067234,0.7619248148682608,0.27076221317196186,changed_wrong,changed_wrong,36,14,"{""global_context"": 0.10650647204855214, ""left_interaction"": 0.09303967849068019, ""right_interaction"": 0.6797319495159647, ""hand_head_union"": 0.0, ""two_hand_table_context"": 0.12072188957877782}","{""global_context"": 1.0, ""left_interaction"": 1.0973926115646601e-10, ""right_interaction"": 3.7425834412251e-10, ""hand_head_union"": 0.0, ""two_hand_table_context"": 1.1655307636900764e-10}",91,False,True
train__c26__user24__5-3-2,Play_games,Stir_drinks,Pour_drinks,Pour_drinks,0.29559380077367603,0.4154056208452204,0.4633347842368944,changed_wrong,changed_wrong,25,25,"{""global_context"": 0.7227270728663394, ""left_interaction"": 0.18432167956703588, ""right_interaction"": 0.08528327941894531, ""hand_head_union"": 0.0, ""two_hand_table_context"": 0.0076678889362435596}","{""global_context"": 1.0, ""left_interaction"": 2.2448862943996435e-11, ""right_interaction"": 1.4274270654368593e-10, ""hand_head_union"": 0.0, ""two_hand_table_context"": 4.304816736995582e-11}",75,False,True
train__c26__user24__5-3-3,Play_games,Stir_drinks,Take_and_use_tableware,Stir_drinks,0.46545375074476963,0.4255709701263184,0.31758641269644317,changed_wrong,unchanged_wrong,38,13,"{""global_context"": 0.5352579752604166, ""left_interaction"": 0.04241262983392786, ""right_interaction"": 0.2258613727710865, ""hand_head_union"": 0.0, ""two_hand_table_context"": 0.1964680000587746}","{""global_context"": 1.0, ""left_interaction"": 7.540481099603896e-12, ""right_interaction"": 9.0763215873132e-11, ""hand_head_union"": 0.0, ""two_hand_table_context"": 6.623668280525408e-11}",108,False,True
train__c27__user17__1-2-1,Take_a_selfie,Check_the_time,Check_the_time,Check_the_time,0.2178408199499893,0.40409448694475286,0.27343881128559905,unchanged_wrong,unchanged_wrong,2,4,"{""global_context"": 0.671799784121306, ""left_interaction"": 0.15078843158224356, ""right_interaction"": 0.09718417084735373, ""hand_head_union"": 0.0, ""two_hand_table_context"": 0.08022759790005891}","{""global_context"": 0.9976604295813519, ""left_interaction"": 0.0008208067358835884, ""right_interaction"": 5.285231821724902e-05, ""hand_head_union"": 0.0, ""two_hand_table_context"": 0.0014659922731959302}",157,False,True
train__c27__user17__1-2-2,Take_a_selfie,Peel_fruits,Peel_fruits,Peel_fruits,0.4478272291688613,0.4911792882048344,0.37498969784096475,unchanged_wrong,unchanged_wrong,15,5,"{""global_context"": 0.427883783976237, ""left_interaction"": 0.287388733455113, ""right_interaction"": 0.27686956950596403, ""hand_head_union"": 0.0, ""two_hand_table_context"": 0.007857896032787505}","{""global_context"": 0.998703366234189, ""left_interaction"": 0.0006628562031047684, ""right_interaction"": 0.000345819474508365, ""hand_head_union"": 0.0, ""two_hand_table_context"": 0.0002878911438442412}",66,False,True
train__c27__user17__1-2-3,Take_a_selfie,Check_the_time,Check_the_time,Check_the_time,0.5535148573744554,0.663431802494602,0.6242812536903685,unchanged_wrong,unchanged_wrong,21,7,"{""global_context"": 0.40242738723754884, ""left_interaction"": 0.0008995811144510905, ""right_interaction"": 0.5966730753580729, ""hand_head_union"": 0.0, ""two_hand_table_context"": 0.0}","{""global_context"": 0.9987798690795898, ""left_interaction"": 0.0012190652390321095, ""right_interaction"": 1.097645993771342e-06, ""hand_head_union"": 0.0, ""two_hand_table_context"": 0.0}",90,False,False
train__c27__user23__3-2-2,Take_a_selfie,Drink_water,Drink_water,Drink_water,0.451540523746316,0.8424536206357189,0.5822988860820261,unchanged_wrong,unchanged_wrong,31,12,"{""global_context"": 0.2529767860065807, ""left_interaction"": 0.5952309261668812, ""right_interaction"": 0.09058856964111328, ""hand_head_union"": 0.061161447655070915, ""two_hand_table_context"": 4.2289082722907715e-05}","{""global_context"": 0.9999968788840554, ""left_interaction"": 1.079853642626073e-06, ""right_interaction"": 1.151884548149114e-06, ""hand_head_union"": 8.71094000971921e-09, ""two_hand_table_context"": 8.846731857788241e-07}",91,True,True
train__c27__user23__3-2-3,Take_a_selfie,Do_stretching_exercises,Do_stretching_exercises,Do_stretching_exercises,0.21559784793825026,0.22076255719340157,0.21944834501663144,unchanged_wrong,unchanged_wrong,30,33,"{""global_context"": 0.3954880813072468, ""left_interaction"": 0.44082352210735454, ""right_interaction"": 0.15242131003018083, ""hand_head_union"": 0.0, ""two_hand_table_context"": 0.011267055725229198}","{""global_context"": 0.999999868458715, ""left_interaction"": 1.668034256312992e-08, ""right_interaction"": 4.639109020304047e-08, ""hand_head_union"": 0.0, ""two_hand_table_context"": 6.096560559069922e-08}",95,False,True
train__c27__user23__4-2-1,Take_a_selfie,Take_body_temperature,Comb_hair,Take_body_temperature,0.3206546671622908,0.4058787574004791,0.3776649834852784,changed_wrong,unchanged_wrong,13,5,"{""global_context"": 0.4717283481504859, ""left_interaction"": 0.10234138442248833, ""right_interaction"": 0.3875309781330388, ""hand_head_union"": 0.0, ""two_hand_table_context"": 0.03839926021855052}","{""global_context"": 0.9991234570014768, ""left_interaction"": 0.0005212129979598812, ""right_interaction"": 5.30527407735041e-06, ""hand_head_union"": 0.0, ""two_hand_table_context"": 0.0003499671725965128}",164,False,True
train__c27__user23__4-2-2,Take_a_selfie,Take_a_selfie,Take_a_selfie,Take_a_selfie,0.7243904545378178,0.8796798745694904,0.7247908800555702,retained_correct,retained_correct,1,1,"{""global_context"": 0.4478694370814732, ""left_interaction"": 0.2412733577546619, ""right_interaction"": 0.2463779676528204, ""hand_head_union"": 0.040730470702761694, ""two_hand_table_context"": 0.02374886047272455}","{""global_context"": 0.999938238234747, ""left_interaction"": 2.8224434659239793e-05, ""right_interaction"": 8.663752288114102e-06, ""hand_head_union"": 2.8668580939882392e-06, ""two_hand_table_context"": 2.2096778377003612e-05}",193,True,True
train__c27__user23__4-2-3,Take_a_selfie,Take_a_selfie,Comb_hair,Take_a_selfie,0.6855908457087673,0.2826939252485678,0.6683557441903643,harmed,retained_correct,5,1,"{""global_context"": 0.22779326968722874, ""left_interaction"": 0.47135517332288956, ""right_interaction"": 0.08781447013219197, ""hand_head_union"": 0.10050565004348755, ""two_hand_table_context"": 0.1125314368142022}","{""global_context"": 0.99996460808648, ""left_interaction"": 1.1164601245481106e-05, ""right_interaction"": 5.410378637154483e-06, ""hand_head_union"": 2.2224938018350967e-06, ""two_hand_table_context"": 1.6638585495659048e-05}",45,True,True
train__c27__user24__1-1-1,Take_a_selfie,Take_a_selfie,Take_a_selfie,Take_a_selfie,0.7091493318226889,0.897544952256196,0.6951462984185894,retained_correct,retained_correct,1,1,"{""global_context"": 0.9772284935260641, ""left_interaction"": 1.4998242540028074e-05, ""right_interaction"": 0.002097434010998956, ""hand_head_union"": 0.0, ""two_hand_table_context"": 0.02065910142043541}","{""global_context"": 0.9999995396055025, ""left_interaction"": 3.8649817850392566e-07, ""right_interaction"": 2.2931141662913182e-07, ""hand_head_union"": 0.0, ""two_hand_table_context"": 4.3253427567582674e-08}",116,False,True
train__c27__user24__1-1-2,Take_a_selfie,Take_a_selfie,Take_a_selfie,Take_a_selfie,0.5274316318381513,0.7188581069480788,0.5149837710360619,retained_correct,retained_correct,1,1,"{""global_context"": 0.9350519594938859, ""left_interaction"": 0.04200896750325742, ""right_interaction"": 0.01102392958558124, ""hand_head_union"": 0.0, ""two_hand_table_context"": 0.011915217275204866}","{""global_context"": 0.9999673262886379, ""left_interaction"": 3.204253026405754e-05, ""right_interaction"": 3.4881498362190777e-07, ""hand_head_union"": 0.0, ""two_hand_table_context"": 3.962648644000697e-07}",92,False,True
train__c27__user24__1-1-3,Take_a_selfie,Take_a_selfie,Take_a_selfie,Take_a_selfie,0.6973460052599014,0.8042759796166659,0.6839819949089473,retained_correct,retained_correct,1,1,"{""global_context"": 0.8620983958244324, ""left_interaction"": 0.00020050957391504198, ""right_interaction"": 0.011137404479086399, ""hand_head_union"": 0.0, ""two_hand_table_context"": 0.1265636533498764}","{""global_context"": 0.9997375011444092, ""left_interaction"": 0.00016991503071039915, ""right_interaction"": 1.7209502800596965e-07, ""hand_head_union"": 0.0, ""two_hand_table_context"": 9.24689375096932e-05}",64,False,True
train__c27__user4__3-2-1,Take_a_selfie,Take_body_temperature,Check_the_time,Take_body_temperature,0.28720777024396343,0.3413274055631703,0.310425997920695,changed_wrong,unchanged_wrong,12,10,"{""global_context"": 0.35584889139447895, ""left_interaction"": 0.0004020936321467161, ""right_interaction"": 0.6417679786682129, ""hand_head_union"": 0.0, ""two_hand_table_context"": 0.0019810819732291357}","{""global_context"": 0.9999699592590332, ""left_interaction"": 2.936145756393671e-05, ""right_interaction"": 2.608185768947026e-08, ""hand_head_union"": 0.0, ""two_hand_table_context"": 5.756360224040691e-07}",87,False,True
train__c27__user4__3-2-2,Take_a_selfie,Take_body_temperature,Take_body_temperature,Take_body_temperature,0.3036168942153907,0.211335038585832,0.31215334533766137,unchanged_wrong,unchanged_wrong,8,8,"{""global_context"": 0.17404583784250113, ""left_interaction"": 0.003785798469415078, ""right_interaction"": 0.8221683502197266, ""hand_head_union"": 0.0, ""two_hand_table_context"": 0.0}","{""global_context"": 0.9999942779541016, ""left_interaction"": 5.386547015335124e-06, ""right_interaction"": 2.3828922097051802e-07, ""hand_head_union"": 0.0, ""two_hand_table_context"": 0.0}",78,False,False
train__c27__user4__3-2-3,Take_a_selfie,Do_stretching_exercises,Do_stretching_exercises,Do_stretching_exercises,0.6266803526921488,0.6324364716715252,0.6265560754781209,unchanged_wrong,unchanged_wrong,32,29,"{""global_context"": 0.32495078444480896, ""left_interaction"": 0.0010194836650043726, ""right_interaction"": 0.6740291118621826, ""hand_head_union"": 0.0, ""two_hand_table_context"": 6.216543511072814e-07}","{""global_context"": 0.9999701380729675, ""left_interaction"": 1.6978940038825385e-05, ""right_interaction"": 1.2566946679726243e-05, ""hand_head_union"": 0.0, ""two_hand_table_context"": 3.336340910209401e-07}",49,False,True
train__c28__user17__3-1-1,Jog_in_place,Jog_in_place,Jog_in_place,Jog_in_place,0.60788055373722,0.6157380803468472,0.6133143322296725,retained_correct,retained_correct,1,1,"{""global_context"": 0.6456698793353457, ""left_interaction"": 0.06995624484437885, ""right_interaction"": 0.2802620223074248, ""hand_head_union"": 0.0, ""two_hand_table_context"": 0.004111737012863159}","{""global_context"": 0.9998626708984375, ""left_interaction"": 2.049152857525218e-06, ""right_interaction"": 5.398958455771208e-05, ""hand_head_union"": 0.0, ""two_hand_table_context"": 8.136338808319785e-05}",119,False,True
train__c28__user17__3-1-2,Jog_in_place,Jog_in_place,Jog_in_place,Jog_in_place,0.8326215016447173,0.8396994480209717,0.8395679623986079,retained_correct,retained_correct,1,1,"{""global_context"": 0.5040183934298429, ""left_interaction"": 0.34212758324363013, ""right_interaction"": 0.1399094516580755, ""hand_head_union"": 0.0, ""two_hand_table_context"": 0.013944615017284046}","{""global_context"": 0.9998716874556108, ""left_interaction"": 8.647058910520916e-07, ""right_interaction"": 2.9563366710631684e-05, ""hand_head_union"": 0.0, ""two_hand_table_context"": 9.803543798625469e-05}",165,False,True
train__c28__user17__3-1-3,Jog_in_place,Jog_in_place,Jog_in_place,Jog_in_place,0.614871111553228,0.6183179421447975,0.6177154960221374,retained_correct,retained_correct,1,1,"{""global_context"": 0.2157992998758952, ""left_interaction"": 0.26599488258361814, ""right_interaction"": 0.4853396733601888, ""hand_head_union"": 0.0, ""two_hand_table_context"": 0.03286612828572591}","{""global_context"": 0.9994946161905924, ""left_interaction"": 3.953492268919945e-05, ""right_interaction"": 0.0002932347357273102, ""hand_head_union"": 0.0, ""two_hand_table_context"": 0.00017270309229691823}",102,False,True
train__c28__user23__3-2-2,Jog_in_place,Jog_in_place,Jog_in_place,Jog_in_place,0.5367690787744762,0.5599992066386256,0.5498570129301606,retained_correct,retained_correct,1,1,"{""global_context"": 0.9295806884765625, ""left_interaction"": 0.016208836010524204, ""right_interaction"": 0.0541249570392427, ""hand_head_union"": 0.0, ""two_hand_table_context"": 8.546763343647832e-05}","{""global_context"": 0.9988696688697452, ""left_interaction"": 3.574983739305199e-07, ""right_interaction"": 0.0004430796418871198, ""hand_head_union"": 0.0, ""two_hand_table_context"": 0.0006868071144535428}",71,False,True
train__c28__user23__3-2-3,Jog_in_place,Walk,Walk,Walk,0.38625152805412444,0.39192901313966966,0.3902063903577512,unchanged_wrong,unchanged_wrong,2,2,"{""global_context"": 0.8209824813039679, ""left_interaction"": 0.05105873471812198, ""right_interaction"": 0.12795879966334292, ""hand_head_union"": 0.0, ""two_hand_table_context"": 2.7709352940818413e-09}","{""global_context"": 0.9999953822085732, ""left_interaction"": 3.543646016623825e-06, ""right_interaction"": 1.0315060966317297e-06, ""hand_head_union"": 0.0, ""two_hand_table_context"": 1.0601603973650765e-07}",58,False,True
train__c28__user24__3-2-1,Jog_in_place,Jog_in_place,Jog_in_place,Jog_in_place,0.35148187923675456,0.3923506014443102,0.3848589736221045,retained_correct,retained_correct,1,1,"{""global_context"": 0.6977031414325421, ""left_interaction"": 0.10401553374070388, ""right_interaction"": 0.18996695371774527, ""hand_head_union"": 0.0, ""two_hand_table_context"": 0.008314398045723256}","{""global_context"": 0.9999989729661208, ""left_interaction"": 8.51502083885582e-08, ""right_interaction"": 6.050305763402811e-07, ""hand_head_union"": 0.0, ""two_hand_table_context"": 3.4205836877495483e-07}",89,False,True
train__c28__user24__3-2-2,Jog_in_place,Jog_in_place,Jog_in_place,Jog_in_place,0.37836443668622594,0.4357839046883564,0.4326978919498242,retained_correct,retained_correct,1,1,"{""global_context"": 0.6960850227169875, ""left_interaction"": 0.08109559663912146, ""right_interaction"": 0.17524859963393793, ""hand_head_union"": 0.0, ""two_hand_table_context"": 0.04757077810240955}","{""global_context"": 0.9999985113376524, ""left_interaction"": 4.820091218301436e-08, ""right_interaction"": 1.06380525167191e-06, ""hand_head_union"": 0.0, ""two_hand_table_context"": 5.580704299329849e-07}",141,False,True
train__c28__user24__3-2-3,Jog_in_place,Jog_in_place,Jog_in_place,Jog_in_place,0.6851227152348993,0.7043227318560434,0.7016125965893812,retained_correct,retained_correct,1,1,"{""global_context"": 0.47509535153706867, ""left_interaction"": 0.10932894547780354, ""right_interaction"": 0.39890305201212567, ""hand_head_union"": 0.0, ""two_hand_table_context"": 0.016672646005948383}","{""global_context"": 0.9999866485595703, ""left_interaction"": 1.0032430661037022e-06, ""right_interaction"": 9.125013093580492e-06, ""hand_head_union"": 0.0, ""two_hand_table_context"": 3.3146040247326405e-06}",167,False,True
train__c28__user4__3-2-1,Jog_in_place,Jog_in_place,Jog_in_place,Jog_in_place,0.8024721886683858,0.8108440587227419,0.8099154790860552,retained_correct,retained_correct,1,1,"{""global_context"": 0.625131897304369, ""left_interaction"": 0.11136862506037173, ""right_interaction"": 0.09611520559891411, ""hand_head_union"": 0.0, ""two_hand_table_context"": 0.16738427203634512}","{""global_context"": 0.9999165742293649, ""left_interaction"": 4.133155965499337e-07, ""right_interaction"": 4.671009146082013e-06, ""hand_head_union"": 0.0, ""two_hand_table_context"": 7.859155859636223e-05}",175,False,True
train__c28__user4__3-2-2,Jog_in_place,Jog_in_place,Jog_in_place,Jog_in_place,0.3856824365127405,0.3914246747147366,0.3967801163463078,retained_correct,retained_correct,1,1,"{""global_context"": 0.4953000973432492, ""left_interaction"": 0.39412227043738735, ""right_interaction"": 0.09246497276501778, ""hand_head_union"": 0.0, ""two_hand_table_context"": 0.018112613604618952}","{""global_context"": 0.9999839587089343, ""left_interaction"": 1.5565055946353823e-06, ""right_interaction"": 3.608371956103768e-07, ""hand_head_union"": 0.0, ""two_hand_table_context"": 1.4315535409901387e-05}",147,False,True
train__c28__user4__3-2-3,Jog_in_place,Walk,Walk,Walk,0.5411633624627697,0.5495099420386177,0.5492450041082341,unchanged_wrong,unchanged_wrong,3,3,"{""global_context"": 0.5823257200179561, ""left_interaction"": 0.24369690495152627, ""right_interaction"": 0.16557564273957284, ""hand_head_union"": 0.0, ""two_hand_table_context"": 0.008401668840839017}","{""global_context"": 0.9999905863115864, ""left_interaction"": 6.270297754165386e-06, ""right_interaction"": 1.2999511044096922e-06, ""hand_head_union"": 0.0, ""two_hand_table_context"": 1.8971070183456064e-06}",107,False,True
train__c29__user17__4-1-1,Do_squats,Check_the_time,Check_the_time,Check_the_time,0.3604522288443111,0.41950782111845664,0.41079495458617593,unchanged_wrong,unchanged_wrong,13,14,"{""global_context"": 0.9981778186300526, ""left_interaction"": 2.2842358980003905e-05, ""right_interaction"": 0.0017955662763637044, ""hand_head_union"": 0.0, ""two_hand_table_context"": 4.013233790275358e-06}","{""global_context"": 1.0, ""left_interaction"": 1.6474224600984663e-17, ""right_interaction"": 4.652201148908661e-19, ""hand_head_union"": 0.0, ""two_hand_table_context"": 5.190028993133683e-21}",139,False,True
train__c29__user17__4-1-2,Do_squats,Take_off_clothes,Take_off_clothes,Take_off_clothes,0.38214680955828495,0.42691941290285174,0.4190509655523672,unchanged_wrong,unchanged_wrong,6,6,"{""global_context"": 0.9991261742331765, ""left_interaction"": 0.00015002492264929143, ""right_interaction"": 0.0007239223711869934, ""hand_head_union"": 0.0, ""two_hand_table_context"": 1.6492194276906957e-09}","{""global_context"": 1.0, ""left_interaction"": 5.369450739692917e-18, ""right_interaction"": 9.936552979218123e-19, ""hand_head_union"": 0.0, ""two_hand_table_context"": 2.8562706347710745e-20}",70,False,True
train__c29__user17__4-1-3,Do_squats,Check_the_time,Check_the_time,Check_the_time,0.34905762369664944,0.3863281021014986,0.38099846536573306,unchanged_wrong,unchanged_wrong,7,7,"{""global_context"": 0.9968974373557351, ""left_interaction"": 3.766733491581611e-06, ""right_interaction"": 0.0030955750156532636, ""hand_head_union"": 0.0, ""two_hand_table_context"": 3.182621598667042e-06}","{""global_context"": 1.0, ""left_interaction"": 1.7580530974974825e-17, ""right_interaction"": 4.111356008098643e-20, ""hand_head_union"": 0.0, ""two_hand_table_context"": 5.720272588335614e-20}",74,False,True
train__c29__user23__1-2-1,Do_squats,Do_squats,Do_squats,Do_squats,0.9450851471990482,0.946224241763851,0.9460817437324522,retained_correct,retained_correct,1,1,"{""global_context"": 0.9841001572147492, ""left_interaction"": 0.002354883618893162, ""right_interaction"": 0.001380970641489952, ""hand_head_union"": 1.017841690730664e-05, ""two_hand_table_context"": 0.012153840834094633}","{""global_context"": 1.0, ""left_interaction"": 2.0953070410415704e-15, ""right_interaction"": 7.14135936958012e-16, ""hand_head_union"": 2.8289355478375346e-19, ""two_hand_table_context"": 4.082163808826784e-16}",110,True,True
train__c29__user23__1-2-2,Do_squats,Do_squats,Do_squats,Do_squats,0.3615625605412297,0.3886998896318884,0.3812097452611121,retained_correct,retained_correct,1,1,"{""global_context"": 0.9587018966674805, ""left_interaction"": 0.04003663460413615, ""right_interaction"": 0.0005883768200874329, ""hand_head_union"": 0.0, ""two_hand_table_context"": 0.0006730900456508001}","{""global_context"": 1.0, ""left_interaction"": 2.8648365508569345e-13, ""right_interaction"": 1.3604464957639914e-15, ""hand_head_union"": 0.0, ""two_hand_table_context"": 3.956765899988379e-16}",99,False,True
train__c29__user23__1-2-3,Do_squats,Do_squats,Do_squats,Do_squats,0.9697555079373208,0.9701716782956871,0.9700189378543157,retained_correct,retained_correct,1,1,"{""global_context"": 0.8566643108021129, ""left_interaction"": 0.05273462425578724, ""right_interaction"": 0.09060111370953647, ""hand_head_union"": 0.0, ""two_hand_table_context"": 0.0}","{""global_context"": 1.0, ""left_interaction"": 1.9672765626129032e-13, ""right_interaction"": 1.64736561079588e-14, ""hand_head_union"": 0.0, ""two_hand_table_context"": 0.0}",66,False,False
train__c29__user23__6-1-1,Do_squats,Take_off_clothes,Take_off_clothes,Take_off_clothes,0.25012962557995855,0.2727449790410662,0.2772497154684692,unchanged_wrong,unchanged_wrong,11,11,"{""global_context"": 0.9378741208244773, ""left_interaction"": 0.02774131648680743, ""right_interaction"": 0.03424455137813792, ""hand_head_union"": 0.0, ""two_hand_table_context"": 0.0001400024356210933}","{""global_context"": 1.0, ""left_interaction"": 1.8001846734139936e-16, ""right_interaction"": 1.6755474809946677e-17, ""hand_head_union"": 0.0, ""two_hand_table_context"": 1.071311389819478e-17}",114,False,True
train__c29__user23__6-1-2,Do_squats,Check_the_time,Check_the_time,Check_the_time,0.3151576479362671,0.35114886697251346,0.3506911050852619,unchanged_wrong,unchanged_wrong,7,7,"{""global_context"": 0.9059313044828528, ""left_interaction"": 0.0010159437489860197, ""right_interaction"": 0.09276343093198888, ""hand_head_union"": 0.0002806681920500363, ""two_hand_table_context"": 8.67656575899352e-06}","{""global_context"": 1.0, ""left_interaction"": 2.1950260922485368e-16, ""right_interaction"": 3.4093368851607066e-17, ""hand_head_union"": 7.578220534249703e-19, ""two_hand_table_context"": 6.247683255212197e-17}",59,True,True
train__c29__user23__6-1-3,Do_squats,Take_off_clothes,Take_off_clothes,Take_off_clothes,0.2540458784207564,0.26557906329669195,0.26306771881590796,unchanged_wrong,unchanged_wrong,6,6,"{""global_context"": 0.9671716008867536, ""left_interaction"": 0.0005305876090590443, ""right_interaction"": 0.03153500812394278, ""hand_head_union"": 0.0, ""two_hand_table_context"": 0.0007627476006746292}","{""global_context"": 1.0, ""left_interaction"": 7.633571337450664e-17, ""right_interaction"": 9.622002167883961e-18, ""hand_head_union"": 0.0, ""two_hand_table_context"": 4.367947738665454e-17}",99,False,True
train__c29__user23__6-3-1,Do_squats,Sit_down,Sit_down,Sit_down,0.5744300072179555,0.5955442350905619,0.5940470836722451,unchanged_wrong,unchanged_wrong,2,2,"{""global_context"": 0.9972818692525228, ""left_interaction"": 0.0004524314620842536, ""right_interaction"": 0.0022595046708981195, ""hand_head_union"": 6.066175653055931e-06, ""two_hand_table_context"": 4.139211758532232e-08}","{""global_context"": 1.0, ""left_interaction"": 2.1444692267606758e-14, ""right_interaction"": 5.252183850859191e-18, ""hand_head_union"": 8.808141418244945e-20, ""two_hand_table_context"": 5.358307125410117e-20}",149,True,True
train__c29__user23__6-3-2,Do_squats,Do_squats,Do_squats,Do_squats,0.8939717993345876,0.8955923822379297,0.8953097485497954,retained_correct,retained_correct,1,1,"{""global_context"": 0.8724927594584804, ""left_interaction"": 0.11751630998426868, ""right_interaction"": 0.009989212597570112, ""hand_head_union"": 0.0, ""two_hand_table_context"": 1.7315563332710054e-06}","{""global_context"": 1.0, ""left_interaction"": 4.958240149660261e-16, ""right_interaction"": 5.95126135661803e-15, ""hand_head_union"": 0.0, ""two_hand_table_context"": 1.191523842648753e-16}",95,False,True
train__c29__user23__6-3-3,Do_squats,Do_squats,Do_squats,Do_squats,0.8627943632766414,0.864281401315433,0.8630113615783577,retained_correct,retained_correct,1,1,"{""global_context"": 0.9763531223420174, ""left_interaction"": 0.023506843274639498, ""right_interaction"": 0.00013948509830140297, ""hand_head_union"": 0.0, ""two_hand_table_context"": 5.864927046669406e-07}","{""global_context"": 1.0, ""left_interaction"": 5.0372472161245154e-17, ""right_interaction"": 9.031607487175256e-18, ""hand_head_union"": 0.0, ""two_hand_table_context"": 7.205821138457747e-20}",97,False,True
train__c29__user24__6-3-1,Do_squats,Do_squats,Do_squats,Do_squats,0.9236112743822864,0.9259729940845497,0.9253368415509794,retained_correct,retained_correct,1,1,"{""global_context"": 0.9797282218933105, ""left_interaction"": 0.02022531007726987, ""right_interaction"": 4.6461059052186705e-05, ""hand_head_union"": 0.0, ""two_hand_table_context"": 0.0}","{""global_context"": 1.0, ""left_interaction"": 1.8219378704604515e-16, ""right_interaction"": 5.007919070333507e-18, ""hand_head_union"": 0.0, ""two_hand_table_context"": 0.0}",142,False,False
train__c29__user24__6-3-2,Do_squats,Do_squats,Do_squats,Do_squats,0.9765117238134504,0.9769761942742538,0.9769241567480476,retained_correct,retained_correct,1,1,"{""global_context"": 0.9992372989654541, ""left_interaction"": 0.0006274951932330927, ""right_interaction"": 0.00013520677263538042, ""hand_head_union"": 0.0, ""two_hand_table_context"": 6.729054350766243e-11}","{""global_context"": 1.0, ""left_interaction"": 4.542864067885782e-18, ""right_interaction"": 3.01867101696665e-18, ""hand_head_union"": 0.0, ""two_hand_table_context"": 1.0488437986728807e-20}",135,False,True
train__c29__user24__6-3-3,Do_squats,Sit_down,Sit_down,Sit_down,0.748621803337952,0.75002589130799,0.7497579737766554,unchanged_wrong,unchanged_wrong,2,2,"{""global_context"": 0.9999675750732422, ""left_interaction"": 1.0078498462462448e-07, ""right_interaction"": 3.22692358167842e-05, ""hand_head_union"": 5.7786024854067364e-08, ""two_hand_table_context"": 0.0}","{""global_context"": 1.0, ""left_interaction"": 8.979557077753919e-18, ""right_interaction"": 2.410773392968844e-18, ""hand_head_union"": 1.278462975083684e-18, ""two_hand_table_context"": 0.0}",116,True,False
train__c30__user17__2-2-1,Do_jumping_jacks,Do_jumping_jacks,Do_jumping_jacks,Do_jumping_jacks,0.8750956106103425,0.8754585735618802,0.8755302260472889,retained_correct,retained_correct,1,1,"{""global_context"": 0.13147019051216743, ""left_interaction"": 0.37997665920773066, ""right_interaction"": 0.47774948944916595, ""hand_head_union"": 0.005645702014098296, ""two_hand_table_context"": 0.005157910488747261}","{""global_context"": 0.9999986597009607, ""left_interaction"": 1.071908578474855e-07, ""right_interaction"": 1.283098803518491e-06, ""hand_head_union"": 1.6605453873803272e-12, ""two_hand_table_context"": 2.834185776458388e-12}",117,True,True
train__c30__user17__2-2-2,Do_jumping_jacks,Do_jumping_jacks,Do_jumping_jacks,Do_jumping_jacks,0.7846922827358621,0.7850476442160086,0.7851829761210012,retained_correct,retained_correct,1,1,"{""global_context"": 0.1315288654593534, ""left_interaction"": 0.4648284024970476, ""right_interaction"": 0.4008443078329397, ""hand_head_union"": 9.75037204794759e-07, ""two_hand_table_context"": 0.0027973698668701703}","{""global_context"": 0.999999112861101, ""left_interaction"": 2.2117663235782625e-07, ""right_interaction"": 6.884893505335893e-07, ""hand_head_union"": 5.1502931441590953e-14, ""two_hand_table_context"": 1.0536874990101313e-11}",132,True,True
train__c30__user17__2-2-3,Do_jumping_jacks,Do_jumping_jacks,Do_jumping_jacks,Do_jumping_jacks,0.6412450690665242,0.6407453362785007,0.6414733360570821,retained_correct,retained_correct,1,1,"{""global_context"": 0.0008262440233546145, ""left_interaction"": 0.5128486857694738, ""right_interaction"": 0.486325039583094, ""hand_head_union"": 0.0, ""two_hand_table_context"": 0.0}","{""global_context"": 0.9999565797693589, ""left_interaction"": 4.196722361752216e-05, ""right_interaction"": 1.4024257432217435e-06, ""hand_head_union"": 0.0, ""two_hand_table_context"": 0.0}",51,False,False
train__c30__user4__3-2-1,Do_jumping_jacks,Do_jumping_jacks,Do_jumping_jacks,Do_jumping_jacks,0.63272081309742,0.6333596989943192,0.6332239755955298,retained_correct,retained_correct,1,1,"{""global_context"": 0.14088241755962372, ""left_interaction"": 0.4710260033607483, ""right_interaction"": 0.38727301359176636, ""hand_head_union"": 0.0004036581376567483, ""two_hand_table_context"": 0.00041492198943160474}","{""global_context"": 0.9999697208404541, ""left_interaction"": 8.177275958587416e-06, ""right_interaction"": 2.070510709017981e-05, ""hand_head_union"": 4.6395829400580624e-08, ""two_hand_table_context"": 1.3727311625189031e-06}",101,True,True
train__c30__user4__3-2-2,Do_jumping_jacks,Do_jumping_jacks,Do_jumping_jacks,Do_jumping_jacks,0.6909534877519364,0.6919036229942377,0.6911322144850088,retained_correct,retained_correct,1,1,"{""global_context"": 0.18522615866227585, ""left_interaction"": 0.2798958041451194, ""right_interaction"": 0.5348780371926047, ""hand_head_union"": 0.0, ""two_hand_table_context"": 0.0}","{""global_context"": 0.9999914169311523, ""left_interaction"": 1.1234327427122148e-06, ""right_interaction"": 7.483848259487951e-06, ""hand_head_union"": 0.0, ""two_hand_table_context"": 0.0}",33,False,False
train__c30__user4__3-2-3,Do_jumping_jacks,Do_stretching_exercises,Do_stretching_exercises,Do_stretching_exercises,0.48685862646252337,0.48731317823021325,0.4876982929264845,unchanged_wrong,unchanged_wrong,2,2,"{""global_context"": 0.2547366536896804, ""left_interaction"": 0.1512080554304452, ""right_interaction"": 0.5396353622962689, ""hand_head_union"": 0.018378290636786098, ""two_hand_table_context"": 0.0360416132828285}","{""global_context"": 0.9999362682474071, ""left_interaction"": 1.8971486434597394e-05, ""right_interaction"": 2.5852583348751068e-05, ""hand_head_union"": 1.286348143711903e-07, ""two_hand_table_context"": 1.874588558386112e-05}",95,True,True
train__c31__user17__3-1-1,Do_stretching_exercises,Do_jumping_jacks,Do_jumping_jacks,Do_jumping_jacks,0.44838894146273983,0.44939664294613296,0.44872797742796755,unchanged_wrong,unchanged_wrong,2,2,"{""global_context"": 0.004309851303696632, ""left_interaction"": 0.4133274555206299, ""right_interaction"": 0.4637928485870361, ""hand_head_union"": 0.007753895968198777, ""two_hand_table_context"": 0.11081596612930297}","{""global_context"": 0.9999830245971679, ""left_interaction"": 1.515775511506945e-06, ""right_interaction"": 1.0016540181823075e-05, ""hand_head_union"": 1.5559364907602456e-11, ""two_hand_table_context"": 5.411041638581082e-06}",64,True,True
train__c31__user17__3-1-2,Do_stretching_exercises,Do_jumping_jacks,Do_jumping_jacks,Do_jumping_jacks,0.5274893477906956,0.5282428123052602,0.5278959189751676,unchanged_wrong,unchanged_wrong,2,2,"{""global_context"": 0.005937300622463226, ""left_interaction"": 0.7078899236825796, ""right_interaction"": 0.23494749802809495, ""hand_head_union"": 0.05122531377352201, ""two_hand_table_context"": 0.0}","{""global_context"": 0.9999968455387995, ""left_interaction"": 2.651241594811346e-07, ""right_interaction"": 2.9379398956035193e-06, ""hand_head_union"": 1.1867327360120656e-08, ""two_hand_table_context"": 0.0}",81,True,False
train__c31__user17__3-1-3,Do_stretching_exercises,Do_stretching_exercises,Do_stretching_exercises,Do_stretching_exercises,0.5589205887508102,0.5602638323118986,0.5592673576856954,retained_correct,retained_correct,1,1,"{""global_context"": 0.05125678437096732, ""left_interaction"": 0.48060267312186106, ""right_interaction"": 0.4681358337402344, ""hand_head_union"": 4.7393399914394e-06, ""two_hand_table_context"": 0.0}","{""global_context"": 0.999976566859654, ""left_interaction"": 5.296231912715095e-06, ""right_interaction"": 1.802272579100515e-05, ""hand_head_union"": 2.5840458741020557e-11, ""two_hand_table_context"": 0.0}",83,True,False
train__c31__user17__4-1-1,Do_stretching_exercises,Check_the_time,Check_the_time,Check_the_time,0.1778270734277798,0.19571163556291657,0.1937545433203965,unchanged_wrong,unchanged_wrong,5,5,"{""global_context"": 0.9581785202026367, ""left_interaction"": 5.406358468462713e-06, ""right_interaction"": 0.04181603093942007, ""hand_head_union"": 0.0, ""two_hand_table_context"": 5.2769872619743787e-08}","{""global_context"": 1.0, ""left_interaction"": 1.8400009583513976e-18, ""right_interaction"": 7.700917775336325e-19, ""hand_head_union"": 0.0, ""two_hand_table_context"": 1.2881314032952065e-19}",75,False,True
train__c31__user17__4-1-2,Do_stretching_exercises,Do_stretching_exercises,Do_stretching_exercises,Do_stretching_exercises,0.4161238853093633,0.43375965002525246,0.4323450655321265,retained_correct,retained_correct,1,1,"{""global_context"": 0.9801902770996094, ""left_interaction"": 0.0023377038538455962, ""right_interaction"": 0.013652040561040243, ""hand_head_union"": 0.003819949676593145, ""two_hand_table_context"": 0.0}","{""global_context"": 1.0, ""left_interaction"": 9.123108401183055e-16, ""right_interaction"": 2.025752085252564e-18, ""hand_head_union"": 7.941330776414958e-22, ""two_hand_table_context"": 0.0}",91,True,False
train__c31__user17__4-1-3,Do_stretching_exercises,Take_off_clothes,Take_off_clothes,Take_off_clothes,0.3279007036319236,0.3851880625094478,0.3753652605452524,unchanged_wrong,unchanged_wrong,6,7,"{""global_context"": 0.9981752123151507, ""left_interaction"": 0.0014161322975442523, ""right_interaction"": 0.0004086149412961233, ""hand_head_union"": 0.0, ""two_hand_table_context"": 0.0}","{""global_context"": 1.0, ""left_interaction"": 2.3467482664345275e-18, ""right_interaction"": 1.1260798847467795e-18, ""hand_head_union"": 0.0, ""two_hand_table_context"": 0.0}",63,False,False
train__c31__user23__6-1-1,Do_stretching_exercises,Check_the_time,Check_the_time,Check_the_time,0.3955923404274033,0.5178702603870795,0.566038373305696,unchanged_wrong,unchanged_wrong,22,27,"{""global_context"": 0.9276233341382898, ""left_interaction"": 0.019849126753599747, ""right_interaction"": 0.017259241446204807, ""hand_head_union"": 0.0, ""two_hand_table_context"": 0.03526826008506443}","{""global_context"": 1.0, ""left_interaction"": 3.152843644427692e-18, ""right_interaction"": 5.172535013296454e-18, ""hand_head_union"": 0.0, ""two_hand_table_context"": 2.0716312769302257e-21}",161,False,True
train__c31__user23__6-1-2,Do_stretching_exercises,Check_the_time,Check_the_time,Check_the_time,0.23100675161254325,0.3379235316324909,0.3973467415256698,unchanged_wrong,unchanged_wrong,23,27,"{""global_context"": 0.8561215284394055, ""left_interaction"": 0.04022869249669517, ""right_interaction"": 0.10245032426787586, ""hand_head_union"": 0.0002227655225774137, ""two_hand_table_context"": 0.0009766534515997258}","{""global_context"": 1.0, ""left_interaction"": 8.30174861109484e-18, ""right_interaction"": 1.5861484739516062e-17, ""hand_head_union"": 5.788682194616906e-23, ""two_hand_table_context"": 7.34075180317748e-19}",151,True,True
train__c31__user23__6-1-3,Do_stretching_exercises,Check_the_time,Check_the_time,Check_the_time,0.2629079996215173,0.33834605115767574,0.3509477357251248,unchanged_wrong,unchanged_wrong,14,17,"{""global_context"": 0.9835420846939087, ""left_interaction"": 0.012435230426490307, ""right_interaction"": 0.0010432330891489983, ""hand_head_union"": 0.0027038140688091516, ""two_hand_table_context"": 0.00027571673854254186}","{""global_context"": 1.0, ""left_interaction"": 2.3851492235637476e-16, ""right_interaction"": 2.390535426665999e-18, ""hand_head_union"": 3.137018818974282e-20, ""two_hand_table_context"": 7.31961370700211e-19}",115,True,True
train__c31__user23__7-3-1,Do_stretching_exercises,Do_stretching_exercises,Do_stretching_exercises,Do_stretching_exercises,0.7297248002988328,0.7520225460985193,0.7806356782301255,retained_correct,retained_correct,1,1,"{""global_context"": 0.36104950538048375, ""left_interaction"": 0.5034417739281287, ""right_interaction"": 0.025381106596726637, ""hand_head_union"": 0.06740768139178936, ""two_hand_table_context"": 0.04271996479768019}","{""global_context"": 0.9999991930448092, ""left_interaction"": 1.1379254024527305e-07, ""right_interaction"": 7.498340262547852e-07, ""hand_head_union"": 1.1542141601458192e-10, ""two_hand_table_context"": 4.1564667605178745e-09}",85,True,True
train__c31__user23__7-3-2,Do_stretching_exercises,Do_stretching_exercises,Do_stretching_exercises,Do_stretching_exercises,0.7209116536643313,0.7166356218862643,0.7242096078049604,retained_correct,retained_correct,1,1,"{""global_context"": 0.4203614166804722, ""left_interaction"": 0.40311527252197266, ""right_interaction"": 0.14560091495513916, ""hand_head_union"": 0.02906386767114912, ""two_hand_table_context"": 0.0018584829355989183}","{""global_context"": 1.0, ""left_interaction"": 5.1353871250674795e-08, ""right_interaction"": 8.898815297340792e-08, ""hand_head_union"": 7.477687516807156e-11, ""two_hand_table_context"": 1.860233161161367e-08}",89,True,True
train__c31__user23__7-3-3,Do_stretching_exercises,Do_stretching_exercises,Do_stretching_exercises,Do_stretching_exercises,0.8280031048417146,0.8245326777665729,0.8335785036030849,retained_correct,retained_correct,1,1,"{""global_context"": 0.5062288665771484, ""left_interaction"": 0.38002586364746094, ""right_interaction"": 0.07460217952728271, ""hand_head_union"": 0.039143028259277346, ""two_hand_table_context"": 0.0}","{""global_context"": 1.0, ""left_interaction"": 1.4232159628591034e-08, ""right_interaction"": 7.82986626290949e-08, ""hand_head_union"": 1.6878617392634966e-11, ""two_hand_table_context"": 0.0}",78,True,False
train__c31__user24__3-2-1,Do_stretching_exercises,Do_stretching_exercises,Do_stretching_exercises,Do_stretching_exercises,0.8027045328524904,0.7956784314212191,0.8172310189053512,retained_correct,retained_correct,1,1,"{""global_context"": 0.33349061012268066, ""left_interaction"": 0.42824339866638184, ""right_interaction"": 0.2075406312942505, ""hand_head_union"": 0.006360553825894992, ""two_hand_table_context"": 0.02436477194229762}","{""global_context"": 0.9999990463256836, ""left_interaction"": 2.1650132945675674e-07, ""right_interaction"": 7.944339207218339e-07, ""hand_head_union"": 1.5007763550419402e-12, ""two_hand_table_context"": 6.807767978974273e-09}",155,True,True
train__c31__user24__3-2-2,Do_stretching_exercises,Do_stretching_exercises,Do_stretching_exercises,Do_stretching_exercises,0.6722632717470748,0.674562950901405,0.6742167353475972,retained_correct,retained_correct,1,1,"{""global_context"": 0.20783698558807373, ""left_interaction"": 0.3647553026676178, ""right_interaction"": 0.4271710515022278, ""hand_head_union"": 0.0, ""two_hand_table_context"": 0.00023664330365136266}","{""global_context"": 0.9999998211860657, ""left_interaction"": 3.62535850229051e-08, ""right_interaction"": 1.4335481068883382e-07, ""hand_head_union"": 0.0, ""two_hand_table_context"": 4.7513921686004323e-08}",51,False,True
train__c31__user24__3-2-3,Do_stretching_exercises,Do_stretching_exercises,Do_stretching_exercises,Do_stretching_exercises,0.561205018661875,0.5614301903987775,0.5618264037790747,retained_correct,retained_correct,1,1,"{""global_context"": 0.4337027493645163, ""left_interaction"": 0.24351689394782572, ""right_interaction"": 0.26416952469769645, ""hand_head_union"": 1.771292505402337e-05, ""two_hand_table_context"": 0.05859308383044075}","{""global_context"": 0.9999870973474839, ""left_interaction"": 4.629936323480626e-07, ""right_interaction"": 1.1029535979854272e-05, ""hand_head_union"": 1.7040179045579862e-08, ""two_hand_table_context"": 1.3729052571922211e-06}",108,True,True
train__c31__user4__3-2-1,Do_stretching_exercises,Do_stretching_exercises,Do_stretching_exercises,Do_stretching_exercises,0.3811313776499671,0.38301103338527404,0.3835279411544898,retained_correct,retained_correct,1,1,"{""global_context"": 0.23363963762919107, ""left_interaction"": 0.39942415555318195, ""right_interaction"": 0.3227317730585734, ""hand_head_union"": 0.0028902596483627954, ""two_hand_table_context"": 0.041314189632733665}","{""global_context"": 0.9999672571818033, ""left_interaction"": 9.643702772640003e-06, ""right_interaction"": 2.199617544344316e-05, ""hand_head_union"": 4.83007198681662e-08, ""two_hand_table_context"": 1.116658950195415e-06}",168,True,True
train__c31__user4__3-2-2,Do_stretching_exercises,Do_jumping_jacks,Do_jumping_jacks,Do_jumping_jacks,0.6850992910350054,0.6883106329921949,0.6856466508393114,unchanged_wrong,unchanged_wrong,3,3,"{""global_context"": 0.6370715227994052, ""left_interaction"": 0.2307248982516202, ""right_interaction"": 0.1321635679765181, ""hand_head_union"": 0.0, ""two_hand_table_context"": 4.0031776403669603e-05}","{""global_context"": 0.9999561309814453, ""left_interaction"": 7.427964274856177e-06, ""right_interaction"": 3.608937946740877e-05, ""hand_head_union"": 0.0, ""two_hand_table_context"": 4.352146706051743e-07}",34,False,True
train__c31__user4__3-2-3,Do_stretching_exercises,Jog_in_place,Jog_in_place,Jog_in_place,0.6109469539537908,0.6150346123540309,0.6136217879685819,unchanged_wrong,unchanged_wrong,4,4,"{""global_context"": 0.13669411838054657, ""left_interaction"": 0.17734037339687347, ""right_interaction"": 0.6598551273345947, ""hand_head_union"": 0.007761181332170963, ""two_hand_table_context"": 0.018349245190620422}","{""global_context"": 0.9999194741249084, ""left_interaction"": 1.6425237845396623e-05, ""right_interaction"": 6.29287533229217e-05, ""hand_head_union"": 7.304643645511533e-08, ""two_hand_table_context"": 1.1512105402289308e-06}",104,True,True
train__c32__user17__4-1-1,Stand_up,Stand_up,Stand_up,Stand_up,0.3491960059595262,0.3601143538489821,0.3682176715567603,retained_correct,retained_correct,1,1,"{""global_context"": 0.9993450858376243, ""left_interaction"": 9.774309133221818e-06, ""right_interaction"": 0.0006450665691359477, ""hand_head_union"": 0.0, ""two_hand_table_context"": 0.0}","{""global_context"": 1.0, ""left_interaction"": 2.461573396879103e-18, ""right_interaction"": 1.2075295379405356e-18, ""hand_head_union"": 0.0, ""two_hand_table_context"": 0.0}",33,False,False
train__c32__user17__4-1-2,Stand_up,Take_off_clothes,Take_off_clothes,Take_off_clothes,0.35082564221159895,0.3975604875195045,0.3900991412414559,unchanged_wrong,unchanged_wrong,4,4,"{""global_context"": 0.9971016103571112, ""left_interaction"": 0.002897649326107719, ""right_interaction"": 7.597358159149404e-07, ""hand_head_union"": 0.0, ""two_hand_table_context"": 1.8889174022908926e-08}","{""global_context"": 1.0, ""left_interaction"": 2.709646607182866e-17, ""right_interaction"": 1.5396679708848527e-18, ""hand_head_union"": 0.0, ""two_hand_table_context"": 5.756959326284891e-22}",38,False,True
train__c32__user17__4-1-3,Stand_up,Check_the_time,Check_the_time,Check_the_time,0.33944441800996084,0.39971798648137186,0.4019763030482502,unchanged_wrong,unchanged_wrong,6,6,"{""global_context"": 0.9999496340751648, ""left_interaction"": 5.038527160650119e-05, ""right_interaction"": 9.551656354744864e-09, ""hand_head_union"": 0.0, ""two_hand_table_context"": 2.2723447743681208e-14}","{""global_context"": 1.0, ""left_interaction"": 1.3411634516308414e-18, ""right_interaction"": 6.184000320741874e-20, ""hand_head_union"": 0.0, ""two_hand_table_context"": 5.81728982944695e-20}",25,False,True
train__c32__user23__7-1-1,Stand_up,Stand_up,Stand_up,Stand_up,0.3517504536975184,0.3564512164221731,0.35417666184040597,retained_correct,retained_correct,1,1,"{""global_context"": 0.9993966102600098, ""left_interaction"": 1.3019790458201897e-06, ""right_interaction"": 0.0005521099548786879, ""hand_head_union"": 4.9982964992523196e-05, ""two_hand_table_context"": 0.0}","{""global_context"": 0.9999940872192383, ""left_interaction"": 6.643915639870102e-07, ""right_interaction"": 5.328299812390469e-06, ""hand_head_union"": 1.8160420722779237e-09, ""two_hand_table_context"": 0.0}",63,True,False
train__c32__user23__7-1-2,Stand_up,Stand_up,Stand_up,Stand_up,0.442099492767301,0.44430399219063643,0.44541930538440055,retained_correct,retained_correct,1,1,"{""global_context"": 0.9995756149291992, ""left_interaction"": 1.9732728509956763e-05, ""right_interaction"": 0.0004046679112232394, ""hand_head_union"": 0.0, ""two_hand_table_context"": 0.0}","{""global_context"": 0.9999914169311523, ""left_interaction"": 3.157911502664016e-08, ""right_interaction"": 8.603890213028839e-06, ""hand_head_union"": 0.0, ""two_hand_table_context"": 0.0}",54,False,False
train__c32__user23__7-1-3,Stand_up,Mop_the_floor,Mop_the_floor,Mop_the_floor,0.664689792964651,0.6692993928809304,0.6680729056661493,unchanged_wrong,unchanged_wrong,4,4,"{""global_context"": 0.783771726820204, ""left_interaction"": 0.11181398232777913, ""right_interaction"": 0.10441421137915717, ""hand_head_union"": 0.0, ""two_hand_table_context"": 0.0}","{""global_context"": 0.9999846352471246, ""left_interaction"": 1.0810407186707177e-08, ""right_interaction"": 1.5416923108407194e-05, ""hand_head_union"": 0.0, ""two_hand_table_context"": 0.0}",27,False,False
train__c32__user23__7-3-1,Stand_up,Stand_up,Stand_up,Stand_up,0.4976481586172969,0.49901049434939676,0.4992493344965062,retained_correct,retained_correct,1,1,"{""global_context"": 0.8940137716440054, ""left_interaction"": 9.903396158523929e-07, ""right_interaction"": 0.10598434851719783, ""hand_head_union"": 9.551448993778859e-07, ""two_hand_table_context"": 0.0}","{""global_context"": 0.9999980926513672, ""left_interaction"": 1.4311484007451397e-06, ""right_interaction"": 4.0082571873566707e-07, ""hand_head_union"": 4.5166762637686236e-10, ""two_hand_table_context"": 0.0}",40,True,False
train__c32__user23__7-3-2,Stand_up,Stand_up,Stand_up,Stand_up,0.5481859528073398,0.5590598273256938,0.5576305118698522,retained_correct,retained_correct,1,1,"{""global_context"": 0.9914820988972982, ""left_interaction"": 0.001814612704846594, ""right_interaction"": 0.006700039323833253, ""hand_head_union"": 1.3236186633649695e-06, ""two_hand_table_context"": 1.831724956799816e-06}","{""global_context"": 1.0, ""left_interaction"": 2.961649098804426e-09, ""right_interaction"": 4.7851288955927075e-08, ""hand_head_union"": 8.326912616220107e-11, ""two_hand_table_context"": 5.033438949592689e-09}",31,True,True
train__c32__user23__7-3-3,Stand_up,Eat_food,Eat_food,Eat_food,0.227733168033906,0.37216481371228416,0.18467611020300867,unchanged_wrong,unchanged_wrong,2,2,"{""global_context"": 0.7489886283874512, ""left_interaction"": 0.2503699064254761, ""right_interaction"": 0.000302062660921365, ""hand_head_union"": 0.0003363987198099494, ""two_hand_table_context"": 3.0269407034211326e-06}","{""global_context"": 1.0, ""left_interaction"": 2.3397651871537306e-11, ""right_interaction"": 1.314185027467829e-08, ""hand_head_union"": 2.985618696715875e-10, ""two_hand_table_context"": 8.361996650663173e-10}",17,True,True
train__c32__user24__5-1-1,Stand_up,Stand_up,Stand_up,Stand_up,0.9530386442948927,0.9567185046013637,0.9556828037003124,retained_correct,retained_correct,1,1,"{""global_context"": 0.9893521666526794, ""left_interaction"": 0.001069914549589157, ""right_interaction"": 0.009577922523021698, ""hand_head_union"": 0.0, ""two_hand_table_context"": 0.0}","{""global_context"": 1.0, ""left_interaction"": 7.345467567532182e-10, ""right_interaction"": 6.759791060240161e-10, ""hand_head_union"": 0.0, ""two_hand_table_context"": 0.0}",24,False,False
train__c32__user24__5-1-2,Stand_up,Stand_up,Stand_up,Stand_up,0.4097528281521769,0.4125688368587035,0.41232164255455367,retained_correct,retained_correct,1,1,"{""global_context"": 0.8827141125996908, ""left_interaction"": 0.0034452720234791436, ""right_interaction"": 0.11384056674109565, ""hand_head_union"": 0.0, ""two_hand_table_context"": 0.0}","{""global_context"": 1.0, ""left_interaction"": 3.19956012301898e-10, ""right_interaction"": 4.052532334400086e-09, ""hand_head_union"": 0.0, ""two_hand_table_context"": 0.0}",27,False,False
train__c32__user24__5-1-3,Stand_up,Stand_up,Stand_up,Stand_up,0.925205163013255,0.8314265855629275,0.9386119367367926,retained_correct,retained_correct,1,1,"{""global_context"": 0.20975727694375174, ""left_interaction"": 3.9705701055936515e-06, ""right_interaction"": 0.5781976154872349, ""hand_head_union"": 0.21201050281524658, ""two_hand_table_context"": 3.06463022882651e-05}","{""global_context"": 1.0, ""left_interaction"": 9.484002789455254e-10, ""right_interaction"": 1.2210682861660667e-11, ""hand_head_union"": 1.881375531555461e-10, ""two_hand_table_context"": 2.4797388070261455e-14}",30,True,True
train__c32__user24__6-3-1,Stand_up,Stand_up,Stand_up,Stand_up,0.8361392251717209,0.8540271082105956,0.8507505400121845,retained_correct,retained_correct,1,1,"{""global_context"": 0.9983230318341937, ""left_interaction"": 0.0016344933371458734, ""right_interaction"": 4.2461224698594636e-05, ""hand_head_union"": 0.0, ""two_hand_table_context"": 0.0}","{""global_context"": 1.0, ""left_interaction"": 1.1600133153306588e-15, ""right_interaction"": 1.3652547945040175e-17, ""hand_head_union"": 0.0, ""two_hand_table_context"": 0.0}",42,False,False
train__c32__user24__6-3-2,Stand_up,Stand_up,Stand_up,Stand_up,0.9866915526865806,0.9882044057500162,0.9874599244622341,retained_correct,retained_correct,1,1,"{""global_context"": 0.9933387438456217, ""left_interaction"": 0.0010596000744650762, ""right_interaction"": 0.005307848875721295, ""hand_head_union"": 0.0, ""two_hand_table_context"": 0.0002937930209251742}","{""global_context"": 1.0, ""left_interaction"": 6.579301948018176e-18, ""right_interaction"": 3.985244246170922e-18, ""hand_head_union"": 0.0, ""two_hand_table_context"": 4.2146523803731296e-20}",36,False,True
train__c32__user24__6-3-3,Stand_up,Stand_up,Stand_up,Stand_up,0.9894050978473066,0.9905414578358763,0.9902537090261406,retained_correct,retained_correct,1,1,"{""global_context"": 0.9998919486999511, ""left_interaction"": 4.8929064178082624e-08, ""right_interaction"": 0.00010803180048242211, ""hand_head_union"": 6.058066048808541e-10, ""two_hand_table_context"": 0.0}","{""global_context"": 1.0, ""left_interaction"": 5.599566069453219e-18, ""right_interaction"": 5.21528814895344e-19, ""hand_head_union"": 3.2251898745473844e-20, ""two_hand_table_context"": 0.0}",27,True,False
train__c32__user4__2-1-1,Stand_up,Stand_up,Stand_up,Stand_up,0.3419487087464206,0.34752706441682807,0.3437776891483134,retained_correct,retained_correct,1,1,"{""global_context"": 0.47582416534423827, ""left_interaction"": 0.001996702700853348, ""right_interaction"": 0.5216294288635254, ""hand_head_union"": 0.0, ""two_hand_table_context"": 0.0005497015547007323}","{""global_context"": 0.9993300437927246, ""left_interaction"": 0.0003311491571366787, ""right_interaction"": 2.8519619377220807e-08, ""hand_head_union"": 0.0, ""two_hand_table_context"": 0.0003387529402971268}",39,False,True
train__c32__user4__2-1-2,Stand_up,Stand_up,Stand_up,Stand_up,0.8914023221342948,0.8950803131849626,0.8925713155154903,retained_correct,retained_correct,1,1,"{""global_context"": 0.5837230086326599, ""left_interaction"": 0.0003866195911541581, ""right_interaction"": 0.4158134460449219, ""hand_head_union"": 0.0, ""two_hand_table_context"": 7.689163612667471e-05}","{""global_context"": 0.9999115467071533, ""left_interaction"": 2.7478632546262816e-05, ""right_interaction"": 7.62670254061959e-07, ""hand_head_union"": 0.0, ""two_hand_table_context"": 6.033072713762522e-05}",26,False,True
train__c32__user4__2-1-3,Stand_up,Stand_up,Stand_up,Stand_up,0.9617463306569405,0.9637197686744526,0.9627916326562347,retained_correct,retained_correct,1,1,"{""global_context"": 0.32156927245003836, ""left_interaction"": 0.036509186029434204, ""right_interaction"": 0.628535338810512, ""hand_head_union"": 0.0, ""two_hand_table_context"": 0.01338630063193185}","{""global_context"": 0.9998606954302106, ""left_interaction"": 0.0001316510107634323, ""right_interaction"": 5.129230820395086e-07, ""hand_head_union"": 0.0, ""two_hand_table_context"": 7.228596327227674e-06}",23,False,True
train__c32__user4__3-2-1,Stand_up,Stand_up,Stand_up,Stand_up,0.8667368970110467,0.8693240854686198,0.8673604518532826,retained_correct,retained_correct,1,1,"{""global_context"": 0.6235105650765556, ""left_interaction"": 0.17882813726152694, ""right_interaction"": 0.1972254684993199, ""hand_head_union"": 0.0, ""two_hand_table_context"": 0.00043592981195875576}","{""global_context"": 0.9998493875776019, ""left_interaction"": 0.00013849588244089058, ""right_interaction"": 6.08101358271337e-06, ""hand_head_union"": 0.0, ""two_hand_table_context"": 5.963715791170086e-06}",46,False,True
train__c32__user4__3-2-2,Stand_up,Stand_up,Stand_up,Stand_up,0.8790347092053286,0.8811550043164882,0.879554959678768,retained_correct,retained_correct,1,1,"{""global_context"": 0.48894695440928143, ""left_interaction"": 0.1677653193473816, ""right_interaction"": 0.3432783285776774, ""hand_head_union"": 0.0, ""two_hand_table_context"": 9.399946672298634e-06}","{""global_context"": 0.9998985926310221, ""left_interaction"": 7.061877113301307e-05, ""right_interaction"": 3.082653226253266e-05, ""hand_head_union"": 0.0, ""two_hand_table_context"": 1.3591503034149355e-08}",37,False,True
train__c32__user4__3-2-3,Stand_up,Walk,Walk,Walk,0.5549581501762338,0.5570689838490487,0.5559415842189462,unchanged_wrong,unchanged_wrong,2,2,"{""global_context"": 0.3051361208376677, ""left_interaction"": 0.2724703705829123, ""right_interaction"": 0.41367186670717987, ""hand_head_union"": 0.0, ""two_hand_table_context"": 0.00872162956258525}","{""global_context"": 0.9998898713485055, ""left_interaction"": 7.707733438228783e-05, ""right_interaction"": 2.7396278354622748e-05, ""hand_head_union"": 0.0, ""two_hand_table_context"": 5.67546838125133e-06}",72,False,True
train__c32__user4__7-2-1,Stand_up,Walk,Walk,Walk,0.7371551535152937,0.7396986658003059,0.7381024165987533,unchanged_wrong,unchanged_wrong,2,2,"{""global_context"": 0.21478990146092006, ""left_interaction"": 0.1957545280456543, ""right_interaction"": 0.5894555364336286, ""hand_head_union"": 0.0, ""two_hand_table_context"": 0.0}","{""global_context"": 0.999950681413923, ""left_interaction"": 4.1477615013718605e-05, ""right_interaction"": 7.858295638080953e-06, ""hand_head_union"": 0.0, ""two_hand_table_context"": 0.0}",42,False,False
train__c32__user4__7-2-2,Stand_up,Walk,Walk,Walk,0.9616576696446144,0.9639911349641143,0.9620951900140738,unchanged_wrong,unchanged_wrong,2,2,"{""global_context"": 0.1658144373642771, ""left_interaction"": 0.16100449311105827, ""right_interaction"": 0.6620691199051706, ""hand_head_union"": 0.0, ""two_hand_table_context"": 0.011111873545144734}","{""global_context"": 0.9999802238062808, ""left_interaction"": 1.3395296838624696e-05, ""right_interaction"": 6.442423909902573e-06, ""hand_head_union"": 0.0, ""two_hand_table_context"": 6.503851492455301e-10}",62,False,True
train__c32__user4__7-2-3,Stand_up,Walk,Walk,Walk,0.49529451068723374,0.4957867933069793,0.4959816741319419,unchanged_wrong,unchanged_wrong,2,2,"{""global_context"": 0.2398492972056071, ""left_interaction"": 0.28212995529174806, ""right_interaction"": 0.44875160853068036, ""hand_head_union"": 0.0, ""two_hand_table_context"": 0.029269194602966307}","{""global_context"": 0.9999650319417318, ""left_interaction"": 3.3975648693740365e-05, ""right_interaction"": 1.0567569309690347e-06, ""hand_head_union"": 0.0, ""two_hand_table_context"": 1.1050971693293832e-09}",51,False,True
train__c33__user17__2-2-1,Lie_down,Lie_down,Lie_down,Lie_down,0.9040429164270766,0.8502538997434655,0.9204598735223597,retained_correct,retained_correct,1,1,"{""global_context"": 0.9729931272309402, ""left_interaction"": 0.011255166653929085, ""right_interaction"": 0.01574287640637365, ""hand_head_union"": 0.0, ""two_hand_table_context"": 8.823294874987212e-06}","{""global_context"": 0.9983047616892847, ""left_interaction"": 0.0007845689382018714, ""right_interaction"": 0.0005644701806635693, ""hand_head_union"": 0.0, ""two_hand_table_context"": 0.00034616951798570566}",64,False,True
train__c33__user17__2-2-2,Lie_down,Lie_down,Lie_down,Lie_down,0.9159375967315526,0.8826188939499955,0.9337595503803238,retained_correct,retained_correct,1,1,"{""global_context"": 0.9217542409896851, ""left_interaction"": 0.0007612498593516648, ""right_interaction"": 0.07748431712388992, ""hand_head_union"": 1.703471923519828e-07, ""two_hand_table_context"": 0.0}","{""global_context"": 0.999668300151825, ""left_interaction"": 0.0002730674168560654, ""right_interaction"": 1.0564135664026253e-05, ""hand_head_union"": 4.808224184671417e-05, ""two_hand_table_context"": 0.0}",61,True,False
train__c33__user17__2-2-3,Lie_down,Lie_down,Lie_down,Lie_down,0.866744489497684,0.8085525951195986,0.883002648664221,retained_correct,retained_correct,1,1,"{""global_context"": 0.9724267658434416, ""left_interaction"": 0.024977917733945344, ""right_interaction"": 0.0025953907323511024, ""hand_head_union"": 0.0, ""two_hand_table_context"": 0.0}","{""global_context"": 0.9997851723118832, ""left_interaction"": 0.00021314520486875584, ""right_interaction"": 1.7598002542447495e-06, ""hand_head_union"": 0.0, ""two_hand_table_context"": 0.0}",47,False,False
train__c33__user24__2-2-1,Lie_down,Wipe_windows_and_tables,Wipe_windows_and_tables,Wipe_windows_and_tables,0.38145679888722045,0.33275585098093496,0.407129864809611,unchanged_wrong,unchanged_wrong,6,6,"{""global_context"": 0.9999920073009673, ""left_interaction"": 1.5315850933326319e-06, ""right_interaction"": 6.5388622239143366e-06, ""hand_head_union"": 0.0, ""two_hand_table_context"": 5.84018759279085e-09}","{""global_context"": 1.0, ""left_interaction"": 3.570163396479906e-14, ""right_interaction"": 1.3045824786738879e-15, ""hand_head_union"": 0.0, ""two_hand_table_context"": 8.580084291037209e-15}",65,False,True
train__c33__user24__2-2-2,Lie_down,Wipe_windows_and_tables,Wipe_windows_and_tables,Wipe_windows_and_tables,0.3953301843450636,0.3550919087395787,0.41834562750807186,unchanged_wrong,unchanged_wrong,6,6,"{""global_context"": 0.9999994039535522, ""left_interaction"": 5.245554461907886e-07, ""right_interaction"": 1.297135980848907e-07, ""hand_head_union"": 0.0, ""two_hand_table_context"": 2.0941388000853683e-13}","{""global_context"": 1.0, ""left_interaction"": 1.9891818295075976e-14, ""right_interaction"": 8.962135496000694e-18, ""hand_head_union"": 0.0, ""two_hand_table_context"": 1.1946451565244767e-18}",49,False,True
train__c33__user24__2-2-3,Lie_down,Tap_the_keyboard,Read_documents,Tap_the_keyboard,0.32189286080959356,0.29155766470212957,0.32138270911419986,changed_wrong,unchanged_wrong,10,10,"{""global_context"": 0.9999998807907104, ""left_interaction"": 1.7042921740539896e-07, ""right_interaction"": 3.948053262092799e-08, ""hand_head_union"": 0.0, ""two_hand_table_context"": 0.0}","{""global_context"": 1.0, ""left_interaction"": 1.2965003080996594e-14, ""right_interaction"": 1.2329874801376625e-16, ""hand_head_union"": 0.0, ""two_hand_table_context"": 0.0}",22,False,False
train__c34__user17__1-2-1,Sit_down,Sit_down,Sit_down,Sit_down,0.9580402737238213,0.9587815785482908,0.9583225852117446,retained_correct,retained_correct,1,1,"{""global_context"": 0.9830379486083984, ""left_interaction"": 0.00032611782304369484, ""right_interaction"": 0.016635944063846882, ""hand_head_union"": 0.0, ""two_hand_table_context"": 0.0}","{""global_context"": 0.9951516664945163, ""left_interaction"": 0.004195332813721437, ""right_interaction"": 0.000653003199169269, ""hand_head_union"": 0.0, ""two_hand_table_context"": 0.0}",39,False,False
train__c34__user17__1-2-2,Sit_down,Sit_down,Sit_down,Sit_down,0.9860580500610944,0.9869467956606953,0.9864086214831365,retained_correct,retained_correct,1,1,"{""global_context"": 0.5844274097018771, ""left_interaction"": 0.26099681854248047, ""right_interaction"": 0.07958516147401598, ""hand_head_union"": 0.0, ""two_hand_table_context"": 0.07499063014984131}","{""global_context"": 0.9984858830769857, ""left_interaction"": 0.0005395624579654799, ""right_interaction"": 0.00012368359602987766, ""hand_head_union"": 0.0, ""two_hand_table_context"": 0.0008508598742385706}",34,False,True
train__c34__user17__1-2-3,Sit_down,Sit_down,Sit_down,Sit_down,0.9289662483055232,0.9305142893955055,0.9295046282135603,retained_correct,retained_correct,1,1,"{""global_context"": 0.6963140699598525, ""left_interaction"": 0.2878307236565484, ""right_interaction"": 0.0014886176213622093, ""hand_head_union"": 0.0, ""two_hand_table_context"": 0.014366646607716879}","{""global_context"": 0.9985466003417969, ""left_interaction"": 0.0008040564652118417, ""right_interaction"": 0.0005517877741820283, ""hand_head_union"": 0.0, ""two_hand_table_context"": 9.760887931204504e-05}",29,False,True
train__c34__user17__2-2-1,Sit_down,Sit_down,Sit_down,Sit_down,0.9942239027877106,0.9947130512693365,0.9943866831618823,retained_correct,retained_correct,1,1,"{""global_context"": 0.8417479775168679, ""left_interaction"": 2.7428521372547205e-05, ""right_interaction"": 0.0909682187167081, ""hand_head_union"": 0.0, ""two_hand_table_context"": 0.06725641814145175}","{""global_context"": 0.9917185523293235, ""left_interaction"": 0.006989346986467188, ""right_interaction"": 2.795379524203864e-05, ""hand_head_union"": 0.0, ""two_hand_table_context"": 0.0012641367079182105}",36,False,True
train__c34__user17__2-2-2,Sit_down,Sit_down,Sit_down,Sit_down,0.9954187165939353,0.9957454546214421,0.9955297283434121,retained_correct,retained_correct,1,1,"{""global_context"": 0.9617722829182943, ""left_interaction"": 0.0004409620952275064, ""right_interaction"": 0.03691519300142924, ""hand_head_union"": 0.0, ""two_hand_table_context"": 0.0008715837159090572}","{""global_context"": 0.9942624833848741, ""left_interaction"": 0.005394225733147727, ""right_interaction"": 0.00026772388567527133, ""hand_head_union"": 0.0, ""two_hand_table_context"": 7.55407187777261e-05}",29,False,True
train__c34__user17__2-2-3,Sit_down,Sit_down,Sit_down,Sit_down,0.9435876963853049,0.9514679423415802,0.9467678892997966,retained_correct,retained_correct,1,1,"{""global_context"": 0.7676615185207791, ""left_interaction"": 0.08305622471703424, ""right_interaction"": 0.010008371538586087, ""hand_head_union"": 0.0, ""two_hand_table_context"": 0.13927381568484837}","{""global_context"": 0.9996200137668185, ""left_interaction"": 0.0003350561536434624, ""right_interaction"": 1.1583116752768143e-05, ""hand_head_union"": 0.0, ""two_hand_table_context"": 3.3366067024568714e-05}",33,False,True
train__c34__user17__4-1-1,Sit_down,Sit_down,Sit_down,Sit_down,0.9665274151520277,0.9685625230206304,0.968243868900342,retained_correct,retained_correct,1,1,"{""global_context"": 0.9997298717498779, ""left_interaction"": 2.2684107629326416e-08, ""right_interaction"": 0.0002700460415023069, ""hand_head_union"": 0.0, ""two_hand_table_context"": 0.0}","{""global_context"": 1.0, ""left_interaction"": 2.5325078100953743e-16, ""right_interaction"": 1.833945444813768e-18, ""hand_head_union"": 0.0, ""two_hand_table_context"": 0.0}",36,False,False
train__c34__user17__4-1-2,Sit_down,Sit_down,Sit_down,Sit_down,0.9927796761295744,0.9932940135773255,0.9932659655080922,retained_correct,retained_correct,1,1,"{""global_context"": 0.9998445510864258, ""left_interaction"": 1.6150896239456154e-07, ""right_interaction"": 0.00015532273599611863, ""hand_head_union"": 0.0, ""two_hand_table_context"": 0.0}","{""global_context"": 1.0, ""left_interaction"": 2.756807504112175e-17, ""right_interaction"": 1.5046574161017184e-17, ""hand_head_union"": 0.0, ""two_hand_table_context"": 0.0}",21,False,False
train__c34__user17__4-1-3,Sit_down,Sit_down,Sit_down,Sit_down,0.9939238143252274,0.9939916832033546,0.9941182101555234,retained_correct,retained_correct,1,1,"{""global_context"": 0.9999263286590576, ""left_interaction"": 7.310734508791938e-05, ""right_interaction"": 5.979364345876093e-07, ""hand_head_union"": 0.0, ""two_hand_table_context"": 1.4180615015568776e-10}","{""global_context"": 1.0, ""left_interaction"": 2.2104695810466274e-18, ""right_interaction"": 2.151099891992522e-17, ""hand_head_union"": 0.0, ""two_hand_table_context"": 8.546732526809347e-20}",27,False,True
train__c34__user17__7-1-1,Sit_down,Sit_down,Sit_down,Sit_down,0.9976269117194019,0.9977893346583487,0.9977346304923893,retained_correct,retained_correct,1,1,"{""global_context"": 0.9999995231628418, ""left_interaction"": 2.8076044267244527e-10, ""right_interaction"": 5.046859428148309e-07, ""hand_head_union"": 0.0, ""two_hand_table_context"": 2.251019466312232e-12}","{""global_context"": 1.0, ""left_interaction"": 2.5698133942000934e-13, ""right_interaction"": 2.5241515759608264e-14, ""hand_head_union"": 0.0, ""two_hand_table_context"": 4.054895197426289e-18}",28,False,True
train__c34__user17__7-1-2,Sit_down,Sit_down,Sit_down,Sit_down,0.8477168391816452,0.863133432305323,0.8622643309899454,retained_correct,retained_correct,1,1,"{""global_context"": 0.9539279937744141, ""left_interaction"": 1.9020213845318983e-05, ""right_interaction"": 4.176733117284519e-05, ""hand_head_union"": 0.0, ""two_hand_table_context"": 0.046011200972965786}","{""global_context"": 1.0, ""left_interaction"": 3.7271757480956365e-14, ""right_interaction"": 1.1724263411632571e-15, ""hand_head_union"": 0.0, ""two_hand_table_context"": 2.765089141870129e-16}",26,False,True
train__c34__user17__7-1-3,Sit_down,Sit_down,Sit_down,Sit_down,0.9555243598406941,0.9610668312628224,0.9589735446900018,retained_correct,retained_correct,1,1,"{""global_context"": 0.9996177128383091, ""left_interaction"": 0.0003818446836833443, ""right_interaction"": 2.7674855118675623e-07, ""hand_head_union"": 0.0, ""two_hand_table_context"": 1.9331724031092433e-07}","{""global_context"": 1.0, ""left_interaction"": 6.5175821360370745e-15, ""right_interaction"": 1.3117921811115028e-15, ""hand_head_union"": 0.0, ""two_hand_table_context"": 1.2565079137054025e-15}",26,False,True
train__c34__user23__3-2-2,Sit_down,Sit_down,Sit_down,Sit_down,0.9892640465746635,0.9897176518154093,0.989457692220962,retained_correct,retained_correct,1,1,"{""global_context"": 0.800565792964055, ""left_interaction"": 0.0024444664326997902, ""right_interaction"": 0.19692347599909857, ""hand_head_union"": 6.622310656194504e-05, ""two_hand_table_context"": 0.0}","{""global_context"": 0.9999803396371695, ""left_interaction"": 5.869905670316746e-06, ""right_interaction"": 1.3702043081418826e-05, ""hand_head_union"": 1.4983430564650637e-09, ""two_hand_table_context"": 0.0}",40,True,False
train__c34__user23__7-3-1,Sit_down,Sit_down,Sit_down,Sit_down,0.3099207887603125,0.3122277400508913,0.3115817372317901,retained_correct,retained_correct,1,1,"{""global_context"": 0.7903453041525448, ""left_interaction"": 0.14864601808435776, ""right_interaction"": 0.0603023977840648, ""hand_head_union"": 0.0006940490840112462, ""two_hand_table_context"": 1.223636996548842e-05}","{""global_context"": 0.999997756060432, ""left_interaction"": 1.5073182754242546e-07, ""right_interaction"": 2.236206081065842e-06, ""hand_head_union"": 5.971671575533786e-09, ""two_hand_table_context"": 9.696505872745868e-09}",57,True,True
train__c34__user23__7-3-2,Sit_down,Walk,Walk,Walk,0.9966539819956076,0.9967711694181736,0.9967753144234996,unchanged_wrong,unchanged_wrong,4,4,"{""global_context"": 0.6832256317138672, ""left_interaction"": 0.2560358728681292, ""right_interaction"": 0.0595770605972835, ""hand_head_union"": 0.0, ""two_hand_table_context"": 0.00116135978272983}","{""global_context"": 0.9396771022251674, ""left_interaction"": 0.03144639730453491, ""right_interaction"": 0.026016590850693837, ""hand_head_union"": 0.0, ""two_hand_table_context"": 0.002859861989106451}",85,False,True
train__c34__user23__7-3-3,Sit_down,Walk,Walk,Walk,0.9106473257123178,0.9113749104815277,0.9112759156273159,unchanged_wrong,unchanged_wrong,2,2,"{""global_context"": 0.7920610427856445, ""left_interaction"": 0.056680554151535036, ""right_interaction"": 0.07862879633903504, ""hand_head_union"": 0.04352031946182251, ""two_hand_table_context"": 0.029109248518943788}","{""global_context"": 0.9530265808105469, ""left_interaction"": 0.008366665244102478, ""right_interaction"": 0.03860668540000915, ""hand_head_union"": 2.1556695664615154e-12, ""two_hand_table_context"": 1.517890382274345e-07}",66,True,True
train__c34__user24__4-1-1,Sit_down,Sit_down,Sit_down,Sit_down,0.9750622840490071,0.9764664923166283,0.9761894958890033,retained_correct,retained_correct,1,1,"{""global_context"": 0.9803460439046224, ""left_interaction"": 0.017831538120905557, ""right_interaction"": 0.0018224108964204789, ""hand_head_union"": 0.0, ""two_hand_table_context"": 7.846895281697167e-09}","{""global_context"": 1.0, ""left_interaction"": 1.0056997545040168e-18, ""right_interaction"": 5.471167786050287e-19, ""hand_head_union"": 0.0, ""two_hand_table_context"": 2.2370434475420707e-20}",51,False,True
train__c34__user24__4-1-2,Sit_down,Sit_down,Sit_down,Sit_down,0.994729059511211,0.9949637010594767,0.9949246695783502,retained_correct,retained_correct,1,1,"{""global_context"": 0.9999980926513672, ""left_interaction"": 3.2931639411386143e-07, ""right_interaction"": 3.9863078365504573e-07, ""hand_head_union"": 0.0, ""two_hand_table_context"": 1.1690605209547689e-06}","{""global_context"": 1.0, ""left_interaction"": 4.248062737968329e-18, ""right_interaction"": 1.6295142234697125e-19, ""hand_head_union"": 0.0, ""two_hand_table_context"": 9.483707970992733e-21}",39,False,True
train__c34__user24__4-1-3,Sit_down,Sit_down,Sit_down,Sit_down,0.9741199827854627,0.9755153273645325,0.9759216837630998,retained_correct,retained_correct,1,1,"{""global_context"": 0.9979943169487847, ""left_interaction"": 0.001998506486415863, ""right_interaction"": 7.209003443777975e-06, ""hand_head_union"": 0.0, ""two_hand_table_context"": 2.1180747766224212e-14}","{""global_context"": 1.0, ""left_interaction"": 2.1604944689652324e-16, ""right_interaction"": 2.2434606402880016e-16, ""hand_head_union"": 0.0, ""two_hand_table_context"": 4.4568287481358895e-20}",29,False,True
train__c34__user24__5-1-1,Sit_down,Wipe_windows_and_tables,Wipe_windows_and_tables,Wipe_windows_and_tables,0.8352758574409778,0.8639475231329466,0.8502404613347303,unchanged_wrong,unchanged_wrong,3,3,"{""global_context"": 0.7563658627596769, ""left_interaction"": 0.23967823115262119, ""right_interaction"": 0.0038702901114117017, ""hand_head_union"": 0.0, ""two_hand_table_context"": 8.56916250830347e-05}","{""global_context"": 1.0, ""left_interaction"": 7.30504949460324e-11, ""right_interaction"": 8.368002856297029e-10, ""hand_head_union"": 0.0, ""two_hand_table_context"": 2.757595162318115e-10}",40,False,True
train__c34__user24__5-1-2,Sit_down,Sit_down,Sit_down,Sit_down,0.994340256109166,0.9946089958314097,0.9944582431514852,retained_correct,retained_correct,1,1,"{""global_context"": 0.9167962074279785, ""left_interaction"": 0.02507369816303253, ""right_interaction"": 0.05813003182411194, ""hand_head_union"": 0.0, ""two_hand_table_context"": 3.0361437097781166e-08}","{""global_context"": 1.0, ""left_interaction"": 5.254737978077628e-10, ""right_interaction"": 2.2299072810483266e-09, ""hand_head_union"": 0.0, ""two_hand_table_context"": 8.37550237497986e-12}",31,False,True
train__c34__user24__5-1-3,Sit_down,Sit_down,Sit_down,Sit_down,0.7891491999083653,0.8004126557346355,0.796105112411605,retained_correct,retained_correct,1,1,"{""global_context"": 0.7903931935628256, ""left_interaction"": 0.20518464512295193, ""right_interaction"": 0.004422062800990211, ""hand_head_union"": 0.0, ""two_hand_table_context"": 6.241270966711454e-08}","{""global_context"": 1.0, ""left_interaction"": 5.338655443646682e-10, ""right_interaction"": 4.075708659456723e-09, ""hand_head_union"": 0.0, ""two_hand_table_context"": 1.4122810945396382e-11}",30,False,True
train__c34__user24__5-3-1,Sit_down,Sit_down,Sit_down,Sit_down,0.9920124343814194,0.9925814473356919,0.9922664388095206,retained_correct,retained_correct,1,1,"{""global_context"": 0.5707094669342041, ""left_interaction"": 0.24666366577148438, ""right_interaction"": 0.15536667108535768, ""hand_head_union"": 0.02726018726825714, ""two_hand_table_context"": 0.0}","{""global_context"": 1.0, ""left_interaction"": 1.304085017750367e-09, ""right_interaction"": 1.1753623851973315e-09, ""hand_head_union"": 3.222261867052989e-13, ""two_hand_table_context"": 0.0}",31,True,False
train__c34__user24__5-3-2,Sit_down,Sit_down,Sit_down,Sit_down,0.9949720026262265,0.9952770662875627,0.995120713544872,retained_correct,retained_correct,1,1,"{""global_context"": 0.879473252729936, ""left_interaction"": 0.09883959726853804, ""right_interaction"": 0.02094328674403104, ""hand_head_union"": 0.0, ""two_hand_table_context"": 0.00074388019063256}","{""global_context"": 1.0, ""left_interaction"": 7.553135894511342e-11, ""right_interaction"": 2.148459188333618e-10, ""hand_head_union"": 0.0, ""two_hand_table_context"": 8.75424480381329e-11}",40,False,True
train__c34__user24__5-3-3,Sit_down,Wipe_windows_and_tables,Wipe_windows_and_tables,Wipe_windows_and_tables,0.3627880425260868,0.37094241118292093,0.3681312872114821,unchanged_wrong,unchanged_wrong,2,2,"{""global_context"": 0.25173071026802063, ""left_interaction"": 0.6690614819526672, ""right_interaction"": 0.07919098436832428, ""hand_head_union"": 0.0, ""two_hand_table_context"": 1.685154165897984e-05}","{""global_context"": 1.0, ""left_interaction"": 1.163181564955984e-10, ""right_interaction"": 7.635585497212105e-09, ""hand_head_union"": 0.0, ""two_hand_table_context"": 5.733903369470328e-12}",26,False,True
train__c34__user24__7-2-1,Sit_down,Sit_down,Sit_down,Sit_down,0.9931480586625341,0.9939435035914743,0.9934469536717728,retained_correct,retained_correct,1,1,"{""global_context"": 0.7053474946455522, ""left_interaction"": 0.2220898758281361, ""right_interaction"": 0.07256260243329135, ""hand_head_union"": 0.0, ""two_hand_table_context"": 3.24392432108053e-10}","{""global_context"": 1.0, ""left_interaction"": 1.7673884981790747e-08, ""right_interaction"": 6.362168004546798e-09, ""hand_head_union"": 0.0, ""two_hand_table_context"": 4.6195596842773574e-10}",34,False,True
train__c34__user24__7-2-2,Sit_down,Sit_down,Sit_down,Sit_down,0.9928361284881329,0.9933145525380236,0.9930809416672305,retained_correct,retained_correct,1,1,"{""global_context"": 0.988302018907335, ""left_interaction"": 0.00684527928630511, ""right_interaction"": 0.004818434516588847, ""hand_head_union"": 0.0, ""two_hand_table_context"": 3.431909782294598e-05}","{""global_context"": 1.0, ""left_interaction"": 1.507985341536116e-09, ""right_interaction"": 1.4007822654902055e-08, ""hand_head_union"": 0.0, ""two_hand_table_context"": 2.672733145914208e-09}",33,False,True
train__c34__user24__7-2-3,Sit_down,Sit_down,Sit_down,Sit_down,0.9871088763104892,0.9879345612396019,0.9874325231597436,retained_correct,retained_correct,1,1,"{""global_context"": 0.9074127333504813, ""left_interaction"": 0.009982411350522722, ""right_interaction"": 0.05252792154039655, ""hand_head_union"": 0.0, ""two_hand_table_context"": 0.030076914599963596}","{""global_context"": 1.0, ""left_interaction"": 3.674126399947194e-09, ""right_interaction"": 2.6298861501215598e-08, ""hand_head_union"": 0.0, ""two_hand_table_context"": 1.044823859176956e-08}",26,False,True
train__c34__user4__7-2-1,Sit_down,Do_squats,Do_squats,Do_squats,0.5404996700372985,0.5415180613386775,0.540860459439842,unchanged_wrong,unchanged_wrong,2,2,"{""global_context"": 0.6123808452061245, ""left_interaction"": 0.2650292090007237, ""right_interaction"": 0.04046681097575596, ""hand_head_union"": 0.08212313481739589, ""two_hand_table_context"": 0.0}","{""global_context"": 0.9998513630458287, ""left_interaction"": 2.795509447293755e-06, ""right_interaction"": 0.00014585249924233982, ""hand_head_union"": 9.970214672908437e-08, ""two_hand_table_context"": 0.0}",44,True,False
train__c34__user4__7-2-2,Sit_down,Do_squats,Do_squats,Do_squats,0.4717687542341664,0.47776259601995713,0.47483462959164746,unchanged_wrong,unchanged_wrong,2,2,"{""global_context"": 0.6317310929298401, ""left_interaction"": 0.007721593137830496, ""right_interaction"": 0.33886775374412537, ""hand_head_union"": 0.02167954482138157, ""two_hand_table_context"": 0.0}","{""global_context"": 0.9999399781227112, ""left_interaction"": 4.667518624046352e-06, ""right_interaction"": 5.533864532480948e-05, ""hand_head_union"": 4.769075090393926e-08, ""two_hand_table_context"": 0.0}",49,True,False
train__c34__user4__7-2-3,Sit_down,Do_squats,Do_squats,Do_squats,0.5666892317405174,0.5678778991387105,0.5671179444693101,unchanged_wrong,unchanged_wrong,2,2,"{""global_context"": 0.5975100012386546, ""left_interaction"": 0.1645232929902918, ""right_interaction"": 0.23723433999454274, ""hand_head_union"": 0.0007323389325071784, ""two_hand_table_context"": 0.0}","{""global_context"": 0.999871758853688, ""left_interaction"": 9.855186148984905e-06, ""right_interaction"": 0.00011824961642132086, ""hand_head_union"": 9.102479105101391e-08, ""two_hand_table_context"": 0.0}",52,True,False
train__c35__user23__1-2-1,Do_lunges,Sit_down,Sit_down,Sit_down,0.6574857352693019,0.6720679888469144,0.6719334922148249,unchanged_wrong,unchanged_wrong,9,9,"{""global_context"": 0.9349868172093442, ""left_interaction"": 0.021217189337077894, ""right_interaction"": 0.03474851031052439, ""hand_head_union"": 0.0, ""two_hand_table_context"": 0.009047392951814752}","{""global_context"": 1.0, ""left_interaction"": 3.685362961440491e-14, ""right_interaction"": 2.629676732673161e-15, ""hand_head_union"": 0.0, ""two_hand_table_context"": 8.012246921758849e-15}",147,False,True
train__c35__user23__1-2-2,Do_lunges,Sit_down,Sit_down,Sit_down,0.8540014561436632,0.8711291832366327,0.8632170900290624,unchanged_wrong,unchanged_wrong,16,17,"{""global_context"": 0.9969747066497803, ""left_interaction"": 0.0003156751627102494, ""right_interaction"": 0.0026550712063908577, ""hand_head_union"": 0.0, ""two_hand_table_context"": 5.4457506242518626e-05}","{""global_context"": 1.0, ""left_interaction"": 2.7969396095324738e-14, ""right_interaction"": 5.388537295649167e-17, ""hand_head_union"": 0.0, ""two_hand_table_context"": 1.5302772510804048e-16}",22,False,True
train__c35__user23__1-2-3,Do_lunges,Mop_the_floor,Mop_the_floor,Mop_the_floor,0.3839589586417956,0.3886136450865955,0.38900382807453193,unchanged_wrong,unchanged_wrong,4,4,"{""global_context"": 0.8244795591934867, ""left_interaction"": 0.12197721522787343, ""right_interaction"": 0.04169338941574097, ""hand_head_union"": 0.0, ""two_hand_table_context"": 0.011849829684133116}","{""global_context"": 1.0, ""left_interaction"": 7.771317556861861e-13, ""right_interaction"": 8.863364544875222e-15, ""hand_head_union"": 0.0, ""two_hand_table_context"": 2.2730270262623666e-14}",85,False,True
train__c35__user23__5-3-2,Do_lunges,Lie_down,Lie_down,Lie_down,0.3837837370302826,0.3797544823314105,0.458817448387262,unchanged_wrong,unchanged_wrong,18,19,"{""global_context"": 1.0, ""left_interaction"": 0.0, ""right_interaction"": 0.0, ""hand_head_union"": 0.0, ""two_hand_table_context"": 0.0}","{""global_context"": 1.0, ""left_interaction"": 0.0, ""right_interaction"": 0.0, ""hand_head_union"": 0.0, ""two_hand_table_context"": 0.0}",26,False,False
train__c35__user23__5-3-3,Do_lunges,Sit_down,Sit_down,Sit_down,0.9944693022959119,0.9948835673862311,0.9947122351854021,unchanged_wrong,unchanged_wrong,15,17,"{""global_context"": 0.837481689453125, ""left_interaction"": 0.1023686695098877, ""right_interaction"": 0.060113844871520994, ""hand_head_union"": 0.0, ""two_hand_table_context"": 3.581093391403556e-05}","{""global_context"": 0.9999996948242188, ""left_interaction"": 5.688973942596931e-08, ""right_interaction"": 2.3904045519884677e-07, ""hand_head_union"": 0.0, ""two_hand_table_context"": 2.791261977108661e-10}",79,False,True
train__c36__user17__1-2-1,Walk,Walk,Walk,Walk,0.9978830164575584,0.9979913150310851,0.9980058095722234,retained_correct,retained_correct,1,1,"{""global_context"": 0.41984467893033417, ""left_interaction"": 0.30589436195992137, ""right_interaction"": 0.24797274615313555, ""hand_head_union"": 0.0, ""two_hand_table_context"": 0.026288135631664378}","{""global_context"": 0.9047372147843644, ""left_interaction"": 0.05645157195426322, ""right_interaction"": 0.03881120037388157, ""hand_head_union"": 0.0, ""two_hand_table_context"": 1.848343460268724e-09}",111,False,True
train__c36__user17__1-2-2,Walk,Walk,Walk,Walk,0.9982170583864609,0.9982952864212836,0.998287456035954,retained_correct,retained_correct,1,1,"{""global_context"": 0.3069600860277812, ""left_interaction"": 0.23073635498682657, ""right_interaction"": 0.46144358317057294, ""hand_head_union"": 0.0, ""two_hand_table_context"": 0.0008599815579752127}","{""global_context"": 0.9180185794830322, ""left_interaction"": 0.03253894795974096, ""right_interaction"": 0.0494425892829895, ""hand_head_union"": 0.0, ""two_hand_table_context"": 5.2534190331243735e-09}",73,False,True
train__c36__user17__1-2-3,Walk,Walk,Walk,Walk,0.9986134020185291,0.9987480266523847,0.9986788466894098,retained_correct,retained_correct,1,1,"{""global_context"": 0.5455927318996854, ""left_interaction"": 0.36682266659206814, ""right_interaction"": 0.08675303282561125, ""hand_head_union"": 0.0, ""two_hand_table_context"": 0.0008316020722742434}","{""global_context"": 0.8352531150535301, ""left_interaction"": 0.06131114783110442, ""right_interaction"": 0.10343580775790745, ""hand_head_union"": 0.0, ""two_hand_table_context"": 4.001334500361956e-12}",82,False,True
train__c36__user17__3-2-1,Walk,Walk,Walk,Walk,0.9988973233120458,0.9990335323923081,0.998959968850609,retained_correct,retained_correct,1,1,"{""global_context"": 0.7789976596832275, ""left_interaction"": 0.21621990203857422, ""right_interaction"": 0.004782453179359436, ""hand_head_union"": 0.0, ""two_hand_table_context"": 0.0}","{""global_context"": 0.30027945041656495, ""left_interaction"": 0.2247918128967285, ""right_interaction"": 0.4749287128448486, ""hand_head_union"": 0.0, ""two_hand_table_context"": 0.0}",48,False,False
train__c36__user17__3-2-2,Walk,Walk,Walk,Walk,0.9986922418576419,0.9990113893777411,0.9987871490415944,retained_correct,retained_correct,1,1,"{""global_context"": 0.7134286335536412, ""left_interaction"": 0.28656424794878277, ""right_interaction"": 7.16301760153978e-06, ""hand_head_union"": 0.0, ""two_hand_table_context"": 0.0}","{""global_context"": 0.42921124185834614, ""left_interaction"": 0.1397013749395098, ""right_interaction"": 0.43108735765729633, ""hand_head_union"": 0.0, ""two_hand_table_context"": 0.0}",29,False,False
train__c36__user17__3-2-3,Walk,Walk,Walk,Walk,0.9988683481214119,0.9990532838507747,0.9989146780707131,retained_correct,retained_correct,1,1,"{""global_context"": 0.998782237370809, ""left_interaction"": 0.0012062884246309598, ""right_interaction"": 2.1625764929922298e-06, ""hand_head_union"": 0.0, ""two_hand_table_context"": 9.299496014136821e-06}","{""global_context"": 0.5833516518274943, ""left_interaction"": 0.24539794524510702, ""right_interaction"": 0.08815990885098775, ""hand_head_union"": 0.0, ""two_hand_table_context"": 0.0830904891093572}",23,False,True
train__c36__user17__3-3-1,Walk,Walk,Walk,Walk,0.9990237313732726,0.9991720921042817,0.9990324934272425,retained_correct,retained_correct,1,1,"{""global_context"": 0.953390393938337, ""left_interaction"": 0.04448987472625006, ""right_interaction"": 0.0021197347059136347, ""hand_head_union"": 0.0, ""two_hand_table_context"": 0.0}","{""global_context"": 0.7834491729736328, ""left_interaction"": 0.20811080932617188, ""right_interaction"": 0.008440024795986358, ""hand_head_union"": 0.0, ""two_hand_table_context"": 0.0}",42,False,False
train__c36__user17__3-3-2,Walk,Walk,Walk,Walk,0.9988143790117628,0.9990064734383052,0.9988203485420563,retained_correct,retained_correct,1,1,"{""global_context"": 0.8658428192138672, ""left_interaction"": 0.08175136541065417, ""right_interaction"": 0.00016116794492853316, ""hand_head_union"": 0.0, ""two_hand_table_context"": 0.052244754214035835}","{""global_context"": 0.8945713043212891, ""left_interaction"": 0.07163009518071224, ""right_interaction"": 0.024944231698387546, ""hand_head_union"": 0.0, ""two_hand_table_context"": 0.00885427939264398}",41,False,True
train__c36__user17__3-3-3,Walk,Walk,Walk,Walk,0.9987815033695774,0.9989716575764496,0.9988031442387039,retained_correct,retained_correct,1,1,"{""global_context"": 0.8136149512396919, ""left_interaction"": 0.1863849957784017, ""right_interaction"": 0.0, ""hand_head_union"": 0.0, ""two_hand_table_context"": 0.0}","{""global_context"": 0.7824603186713325, ""left_interaction"": 0.21753970781962076, ""right_interaction"": 0.0, ""hand_head_union"": 0.0, ""two_hand_table_context"": 0.0}",18,False,False
train__c36__user17__4-1-1,Walk,Walk,Walk,Walk,0.9987016604954078,0.9987864733377805,0.9987858752207958,retained_correct,retained_correct,1,1,"{""global_context"": 0.9966268085298085, ""left_interaction"": 0.00331315149863561, ""right_interaction"": 6.0021489237745605e-05, ""hand_head_union"": 0.0, ""two_hand_table_context"": 0.0}","{""global_context"": 1.0, ""left_interaction"": 5.871600878724427e-18, ""right_interaction"": 8.472761667148691e-17, ""hand_head_union"": 0.0, ""two_hand_table_context"": 0.0}",63,False,False
train__c36__user17__4-1-2,Walk,Walk,Walk,Walk,0.998806275600814,0.9989188267317632,0.9989148268570403,retained_correct,retained_correct,1,1,"{""global_context"": 0.9980768362681071, ""left_interaction"": 0.0018799972410003345, ""right_interaction"": 4.293672100175172e-05, ""hand_head_union"": 0.0, ""two_hand_table_context"": 3.110559608406523e-07}","{""global_context"": 1.0, ""left_interaction"": 3.765946533800797e-18, ""right_interaction"": 7.697221105178826e-18, ""hand_head_union"": 0.0, ""two_hand_table_context"": 6.367043111837642e-20}",76,False,True
train__c36__user17__4-1-3,Walk,Walk,Walk,Walk,0.9986844514752821,0.9987992470081128,0.9988023170205071,retained_correct,retained_correct,1,1,"{""global_context"": 0.9423973219735282, ""left_interaction"": 0.018455388290541514, ""right_interaction"": 0.0391474153314318, ""hand_head_union"": 0.0, ""two_hand_table_context"": 2.1157881795781056e-09}","{""global_context"": 1.0, ""left_interaction"": 8.731322255695152e-17, ""right_interaction"": 3.429328597709865e-17, ""hand_head_union"": 0.0, ""two_hand_table_context"": 2.365259741362852e-19}",45,False,True
train__c36__user17__5-2-1,Walk,Walk,Walk,Walk,0.9991238860206925,0.9992600220858309,0.9991482194047768,retained_correct,retained_correct,1,1,"{""global_context"": 0.8371406555175781, ""left_interaction"": 0.05702279806137085, ""right_interaction"": 0.1005744457244873, ""hand_head_union"": 0.0, ""two_hand_table_context"": 0.005262124165892601}","{""global_context"": 0.36642320156097413, ""left_interaction"": 0.3721668004989624, ""right_interaction"": 0.24084255695343018, ""hand_head_union"": 0.0, ""two_hand_table_context"": 0.020567457377910613}",49,False,True
train__c36__user17__5-2-2,Walk,Walk,Walk,Walk,0.9988436163191741,0.999047538706136,0.9988976569403959,retained_correct,retained_correct,1,1,"{""global_context"": 0.7617158889770508, ""left_interaction"": 0.17437532742818196, ""right_interaction"": 0.06390881935755412, ""hand_head_union"": 0.0, ""two_hand_table_context"": 0.0}","{""global_context"": 0.5336824417114258, ""left_interaction"": 0.15600051879882812, ""right_interaction"": 0.31031710306803384, ""hand_head_union"": 0.0, ""two_hand_table_context"": 0.0}",27,False,False
train__c36__user17__5-2-3,Walk,Walk,Walk,Walk,0.999020278520459,0.9991250297013053,0.9990673113366484,retained_correct,retained_correct,1,1,"{""global_context"": 0.6501831641564002, ""left_interaction"": 0.07622834810843834, ""right_interaction"": 0.2011260802929218, ""hand_head_union"": 0.0, ""two_hand_table_context"": 0.07246234325262216}","{""global_context"": 0.38462103330172026, ""left_interaction"": 0.061409276265364424, ""right_interaction"": 0.4775441609896146, ""hand_head_union"": 0.0, ""two_hand_table_context"": 0.07642551110340999}",29,False,True
train__c36__user17__6-1-1,Walk,Walk,Walk,Walk,0.998023284362886,0.9981603142569418,0.9981626738985393,retained_correct,retained_correct,1,1,"{""global_context"": 0.9674987086543331, ""left_interaction"": 0.022953750910582365, ""right_interaction"": 0.009006621109114753, ""hand_head_union"": 0.0, ""two_hand_table_context"": 0.0005408794170728436}","{""global_context"": 1.0, ""left_interaction"": 1.4080503497342233e-15, ""right_interaction"": 1.0605726888598132e-14, ""hand_head_union"": 0.0, ""two_hand_table_context"": 3.251301067141046e-17}",86,False,True
train__c36__user17__6-1-2,Walk,Walk,Walk,Walk,0.9986550870777978,0.9987706918067902,0.9987708316370695,retained_correct,retained_correct,1,1,"{""global_context"": 0.8931905882699149, ""left_interaction"": 0.010767696159226554, ""right_interaction"": 0.09604142393384661, ""hand_head_union"": 0.0, ""two_hand_table_context"": 2.5350321461051604e-07}","{""global_context"": 1.0, ""left_interaction"": 1.837597707189239e-17, ""right_interaction"": 5.480580345141724e-17, ""hand_head_union"": 0.0, ""two_hand_table_context"": 5.439964376766762e-20}",43,False,True
train__c36__user17__6-1-3,Walk,Walk,Walk,Walk,0.9980075148667367,0.9982137765582457,0.9981908200089291,retained_correct,retained_correct,1,1,"{""global_context"": 0.99047513441606, ""left_interaction"": 0.003035258501768112, ""right_interaction"": 0.006222440437837081, ""hand_head_union"": 0.0, ""two_hand_table_context"": 0.0002671679989858107}","{""global_context"": 1.0, ""left_interaction"": 7.106981817065204e-17, ""right_interaction"": 3.2303495717224786e-16, ""hand_head_union"": 0.0, ""two_hand_table_context"": 1.8686047335898697e-17}",36,False,True
train__c36__user23__2-2-1,Walk,Walk,Walk,Walk,0.9978877989837102,0.9979807079218495,0.9979074417065522,retained_correct,retained_correct,1,1,"{""global_context"": 0.24821456995877353, ""left_interaction"": 0.3719162507490678, ""right_interaction"": 0.31859588623046875, ""hand_head_union"": 0.0, ""two_hand_table_context"": 0.06127331473610618}","{""global_context"": 0.9979626048694957, ""left_interaction"": 0.0018848841163245115, ""right_interaction"": 0.0001319263299757784, ""hand_head_union"": 0.0, ""two_hand_table_context"": 2.052922685503621e-05}",34,False,True
train__c36__user23__2-2-2,Walk,Walk,Walk,Walk,0.9971210051086162,0.9969153832255682,0.9971597300509427,retained_correct,retained_correct,1,1,"{""global_context"": 0.39086549932306464, ""left_interaction"": 0.21292244304310193, ""right_interaction"": 0.38227514787153766, ""hand_head_union"": 0.0, ""two_hand_table_context"": 0.013936963948336515}","{""global_context"": 0.999712510542436, ""left_interaction"": 0.00020277605984698641, ""right_interaction"": 6.395059277896176e-05, ""hand_head_union"": 0.0, ""two_hand_table_context"": 2.0698914092711426e-05}",39,False,True
train__c36__user23__2-2-3,Walk,Walk,Walk,Walk,0.9791219204095963,0.9817093659289634,0.979261283923891,retained_correct,retained_correct,1,1,"{""global_context"": 0.5908811742609198, ""left_interaction"": 0.1702071103182706, ""right_interaction"": 0.23891167207197708, ""hand_head_union"": 0.0, ""two_hand_table_context"": 0.0}","{""global_context"": 0.9995535937222567, ""left_interaction"": 0.00043773210861466146, ""right_interaction"": 8.7387214245444e-06, ""hand_head_union"": 0.0, ""two_hand_table_context"": 0.0}",33,False,False
train__c36__user23__2-3-1,Walk,Walk,Walk,Walk,0.9989464617626488,0.9990917750250677,0.9989767183226627,retained_correct,retained_correct,1,1,"{""global_context"": 0.8907408033098493, ""left_interaction"": 0.10442931311471122, ""right_interaction"": 0.0048297542546476635, ""hand_head_union"": 0.0, ""two_hand_table_context"": 0.0}","{""global_context"": 0.18641299860818045, ""left_interaction"": 0.3635028089795794, ""right_interaction"": 0.4500842435019357, ""hand_head_union"": 0.0, ""two_hand_table_context"": 0.0}",73,False,False
train__c36__user23__2-3-2,Walk,Walk,Walk,Walk,0.9989307546228646,0.9990855233074531,0.9989872750640317,retained_correct,retained_correct,1,1,"{""global_context"": 0.6976902825491769, ""left_interaction"": 0.2047115961710612, ""right_interaction"": 0.0975895609174456, ""hand_head_union"": 0.0, ""two_hand_table_context"": 8.609229726495132e-06}","{""global_context"": 0.33823083695911227, ""left_interaction"": 0.2936528069632394, ""right_interaction"": 0.34107308160691036, ""hand_head_union"": 0.0, ""two_hand_table_context"": 0.027043243249257404}",51,False,True
train__c36__user23__2-3-3,Walk,Walk,Walk,Walk,0.9986920382908993,0.9988739685428931,0.9987529100631842,retained_correct,retained_correct,1,1,"{""global_context"": 0.8402369817097982, ""left_interaction"": 0.04930959145228068, ""right_interaction"": 0.11045340696970622, ""hand_head_union"": 0.0, ""two_hand_table_context"": 0.0}","{""global_context"": 0.33480608463287354, ""left_interaction"": 0.24212634563446045, ""right_interaction"": 0.423067569732666, ""hand_head_union"": 0.0, ""two_hand_table_context"": 0.0}",28,False,False
train__c36__user23__3-2-1,Walk,Walk,Walk,Walk,0.998957410920227,0.9990661667702299,0.9989774191252475,retained_correct,retained_correct,1,1,"{""global_context"": 0.9219294048490978, ""left_interaction"": 0.07806538967859178, ""right_interaction"": 5.220660698666636e-06, ""hand_head_union"": 0.0, ""two_hand_table_context"": 0.0}","{""global_context"": 0.8937254406156994, ""left_interaction"": 0.03972293649400983, ""right_interaction"": 0.06655161721365792, ""hand_head_union"": 0.0, ""two_hand_table_context"": 0.0}",56,False,False
train__c36__user23__3-2-2,Walk,Walk,Walk,Walk,0.999003394171182,0.9991570285199274,0.999012274456442,retained_correct,retained_correct,1,1,"{""global_context"": 0.7032764174721458, ""left_interaction"": 0.29654370654713025, ""right_interaction"": 0.00017980725335126573, ""hand_head_union"": 0.0, ""two_hand_table_context"": 2.2203173764203464e-08}","{""global_context"": 0.9021700078790839, ""left_interaction"": 0.08250172571702437, ""right_interaction"": 0.00760562853379683, ""hand_head_union"": 0.0, ""two_hand_table_context"": 0.007722654803232713}",31,False,True
train__c36__user23__3-2-3,Walk,Walk,Walk,Walk,0.9989903844188495,0.9990577259125069,0.9990334430102776,retained_correct,retained_correct,1,1,"{""global_context"": 0.721161024911063, ""left_interaction"": 0.2761794271923247, ""right_interaction"": 0.00265951720731599, ""hand_head_union"": 0.0, ""two_hand_table_context"": 0.0}","{""global_context"": 0.9906269255138579, ""left_interaction"": 0.0019726790487766266, ""right_interaction"": 0.0074003856806528, ""hand_head_union"": 0.0, ""two_hand_table_context"": 0.0}",56,False,False
train__c36__user23__4-2-1,Walk,Walk,Walk,Walk,0.9988308680890449,0.9989194667838176,0.9988584307606138,retained_correct,retained_correct,1,1,"{""global_context"": 0.2799255507332938, ""left_interaction"": 0.19657465389796666, ""right_interaction"": 0.5234997953687396, ""hand_head_union"": 0.0, ""two_hand_table_context"": 0.0}","{""global_context"": 0.9984833172389439, ""left_interaction"": 0.0014683323513184274, ""right_interaction"": 4.8302779240267614e-05, ""hand_head_union"": 0.0, ""two_hand_table_context"": 0.0}",18,False,False
train__c36__user23__4-2-2,Walk,Walk,Walk,Walk,0.997419225095659,0.9975153850182721,0.9974708488229063,retained_correct,retained_correct,1,1,"{""global_context"": 0.6801119645436605, ""left_interaction"": 0.14636796712875366, ""right_interaction"": 0.17352000872294107, ""hand_head_union"": 0.0, ""two_hand_table_context"": 0.0}","{""global_context"": 0.9998505910237631, ""left_interaction"": 5.361191385115186e-05, ""right_interaction"": 9.572315805902083e-05, ""hand_head_union"": 0.0, ""two_hand_table_context"": 0.0}",15,False,False
train__c36__user23__4-2-3,Walk,Walk,Walk,Walk,0.9932328763360074,0.9943514046985191,0.9933398921824753,retained_correct,retained_correct,1,1,"{""global_context"": 0.4002656141916911, ""left_interaction"": 0.1871217687924703, ""right_interaction"": 0.3298415541648865, ""hand_head_union"": 0.0, ""two_hand_table_context"": 0.08277103801568349}","{""global_context"": 0.9852587381998698, ""left_interaction"": 0.007426123445232709, ""right_interaction"": 3.2128201079710074e-05, ""hand_head_union"": 0.0, ""two_hand_table_context"": 0.007283053671320279}",36,False,True
train__c36__user23__5-3-1,Walk,Stand_up,Stand_up,Stand_up,0.8386445137021035,0.8416385850974559,0.840208084632024,unchanged_wrong,unchanged_wrong,2,2,"{""global_context"": 0.9698132001436673, ""left_interaction"": 0.03011335088656499, ""right_interaction"": 6.875559651794341e-05, ""hand_head_union"": 0.0, ""two_hand_table_context"": 4.694490389038737e-06}","{""global_context"": 0.9999987528874323, ""left_interaction"": 2.567926152061353e-08, ""right_interaction"": 1.1870859172911598e-06, ""hand_head_union"": 0.0, ""two_hand_table_context"": 1.1222635812111128e-09}",40,False,True
train__c36__user23__5-3-3,Walk,Walk,Walk,Walk,0.9992875365189686,0.9993708229386191,0.9992914027426,retained_correct,retained_correct,1,1,"{""global_context"": 0.7376603484153748, ""left_interaction"": 0.20061762630939484, ""right_interaction"": 0.0013064045924693346, ""hand_head_union"": 0.0, ""two_hand_table_context"": 0.060415640473365784}","{""global_context"": 0.9636409878730774, ""left_interaction"": 0.007808647118508816, ""right_interaction"": 0.028399473056197166, ""hand_head_union"": 0.0, ""two_hand_table_context"": 0.00015097593131940812}",44,False,True
train__c36__user23__7-3-1,Walk,Walk,Walk,Walk,0.9983963524989787,0.9985344602920871,0.9984280679413741,retained_correct,retained_correct,1,1,"{""global_context"": 0.8352969941638765, ""left_interaction"": 0.10955925214858282, ""right_interaction"": 0.05514373665764218, ""hand_head_union"": 0.0, ""two_hand_table_context"": 9.7738335282292e-13}","{""global_context"": 0.9043461027599516, ""left_interaction"": 0.07268123967306954, ""right_interaction"": 0.022972610734757922, ""hand_head_union"": 0.0, ""two_hand_table_context"": 6.643147577008113e-09}",60,False,True
train__c36__user23__7-3-2,Walk,Walk,Walk,Walk,0.9989400637403762,0.9991214334778851,0.998960358733417,retained_correct,retained_correct,1,1,"{""global_context"": 0.7612265673550692, ""left_interaction"": 0.22176252711902966, ""right_interaction"": 0.016993406144055454, ""hand_head_union"": 0.0, ""two_hand_table_context"": 1.7554021641527388e-05}","{""global_context"": 0.8465635993263938, ""left_interaction"": 0.0800428173758767, ""right_interaction"": 0.06611390547318892, ""hand_head_union"": 0.0, ""two_hand_table_context"": 0.007279645312916149}",30,False,True
train__c36__user23__7-3-3,Walk,Walk,Walk,Walk,0.9983628404750251,0.998582582684753,0.998389277397795,retained_correct,retained_correct,1,1,"{""global_context"": 0.9032732645670573, ""left_interaction"": 0.09662579827838474, ""right_interaction"": 0.00010080219686238302, ""hand_head_union"": 0.0, ""two_hand_table_context"": 0.0}","{""global_context"": 0.8954556783040365, ""left_interaction"": 0.018751867943339877, ""right_interaction"": 0.08579238255818684, ""hand_head_union"": 0.0, ""two_hand_table_context"": 0.0}",23,False,False
train__c36__user24__1-2-1,Walk,Walk,Walk,Walk,0.9974170064194413,0.9976011559910828,0.9975760226969771,retained_correct,retained_correct,1,1,"{""global_context"": 0.972536849975586, ""left_interaction"": 0.012492242455482482, ""right_interaction"": 0.014970821142196656, ""hand_head_union"": 0.0, ""two_hand_table_context"": 1.0630218791144823e-07}","{""global_context"": 1.0, ""left_interaction"": 1.7215744753168102e-15, ""right_interaction"": 7.321823720958288e-15, ""hand_head_union"": 0.0, ""two_hand_table_context"": 7.713428736517402e-16}",47,False,True
train__c36__user24__1-2-2,Walk,Walk,Walk,Walk,0.9969716947585922,0.9973135643734813,0.9973015907982111,retained_correct,retained_correct,1,1,"{""global_context"": 0.9935287328866812, ""left_interaction"": 2.0980946898746948e-05, ""right_interaction"": 0.0064485583167809704, ""hand_head_union"": 0.0, ""two_hand_table_context"": 1.6806163610174106e-06}","{""global_context"": 1.0, ""left_interaction"": 5.298877507544828e-16, ""right_interaction"": 2.959078847421275e-15, ""hand_head_union"": 0.0, ""two_hand_table_context"": 9.504323767080009e-17}",43,False,True
train__c36__user24__1-2-3,Walk,Walk,Walk,Walk,0.9973988711385502,0.9976747329545964,0.9976388077885657,retained_correct,retained_correct,1,1,"{""global_context"": 0.9974498748779297, ""left_interaction"": 4.196938728758445e-06, ""right_interaction"": 0.002545221894979477, ""hand_head_union"": 0.0, ""two_hand_table_context"": 7.004362487350591e-07}","{""global_context"": 1.0, ""left_interaction"": 3.1357619928588875e-16, ""right_interaction"": 5.121941034099605e-16, ""hand_head_union"": 0.0, ""two_hand_table_context"": 4.757335401963156e-18}",48,False,True
train__c36__user24__3-2-1,Walk,Walk,Walk,Walk,0.994388024253233,0.9945588280516415,0.9944896332507032,retained_correct,retained_correct,1,1,"{""global_context"": 0.8017824958352482, ""left_interaction"": 0.19460728589226217, ""right_interaction"": 0.003605437191093669, ""hand_head_union"": 0.0, ""two_hand_table_context"": 4.7791378593127075e-06}","{""global_context"": 0.9738895191865808, ""left_interaction"": 0.01810224967844346, ""right_interaction"": 0.007234952905598809, ""hand_head_union"": 0.0, ""two_hand_table_context"": 0.0007733449011164554}",99,False,True
train__c36__user24__3-2-2,Walk,Walk,Walk,Walk,0.998830521703315,0.9988868280775974,0.9988379595408065,retained_correct,retained_correct,1,1,"{""global_context"": 0.7064723332722982, ""left_interaction"": 0.2935209592183431, ""right_interaction"": 6.7085158661939205e-06, ""hand_head_union"": 0.0, ""two_hand_table_context"": 0.0}","{""global_context"": 0.9810588200887044, ""left_interaction"": 0.01714230179786682, ""right_interaction"": 0.0017989264180262885, ""hand_head_union"": 0.0, ""two_hand_table_context"": 0.0}",42,False,False
train__c36__user24__3-2-3,Walk,Walk,Walk,Walk,0.9983961591217215,0.9984881029888932,0.9984028523789574,retained_correct,retained_correct,1,1,"{""global_context"": 0.9287232081095378, ""left_interaction"": 0.07119818528493245, ""right_interaction"": 7.852421452601751e-05, ""hand_head_union"": 0.0, ""two_hand_table_context"": 0.0}","{""global_context"": 0.979596201578776, ""left_interaction"": 0.016737496852874754, ""right_interaction"": 0.0036663837730884553, ""hand_head_union"": 0.0, ""two_hand_table_context"": 0.0}",45,False,False
train__c36__user24__4-2-1,Walk,Walk,Walk,Walk,0.9989775546167041,0.9990930302835472,0.9990259457098601,retained_correct,retained_correct,1,1,"{""global_context"": 0.6576661666234335, ""left_interaction"": 0.2966000239054362, ""right_interaction"": 0.045733789602915444, ""hand_head_union"": 0.0, ""two_hand_table_context"": 0.0}","{""global_context"": 0.16976346572240195, ""left_interaction"": 0.6079811652501425, ""right_interaction"": 0.22225530942281088, ""hand_head_union"": 0.0, ""two_hand_table_context"": 0.0}",66,False,False
train__c36__user24__4-2-2,Walk,Walk,Walk,Walk,0.9988910428491271,0.998914498083208,0.9989412011297223,retained_correct,retained_correct,1,1,"{""global_context"": 0.609599515011436, ""left_interaction"": 0.3903539055272153, ""right_interaction"": 4.655236721430954e-05, ""hand_head_union"": 0.0, ""two_hand_table_context"": 0.0}","{""global_context"": 0.1580371480239065, ""left_interaction"": 0.656810860884817, ""right_interaction"": 0.18515196599458394, ""hand_head_union"": 0.0, ""two_hand_table_context"": 0.0}",51,False,False
train__c36__user24__4-2-3,Walk,Walk,Walk,Walk,0.9989176785934758,0.9989581332060152,0.9989919298056814,retained_correct,retained_correct,1,1,"{""global_context"": 0.5137809865614947, ""left_interaction"": 0.34577397739186005, ""right_interaction"": 0.05266985472510843, ""hand_head_union"": 0.0, ""two_hand_table_context"": 0.08777530053082634}","{""global_context"": 0.1581561004414278, ""left_interaction"": 0.5032608368817497, ""right_interaction"": 0.32821285023408775, ""hand_head_union"": 0.0, ""two_hand_table_context"": 0.010370175628101124}",51,False,True
train__c36__user24__5-1-1,Walk,Walk,Walk,Walk,0.9983258323740752,0.9984016524116801,0.9983948768237257,retained_correct,retained_correct,1,1,"{""global_context"": 0.923116552418676, ""left_interaction"": 0.06116080284118652, ""right_interaction"": 0.0004076882875685034, ""hand_head_union"": 0.0, ""two_hand_table_context"": 0.015314943831542442}","{""global_context"": 0.9289990786848397, ""left_interaction"": 0.034628674901764966, ""right_interaction"": 0.01447406925004104, ""hand_head_union"": 0.0, ""two_hand_table_context"": 0.021898331313297666}",81,False,True
train__c36__user24__5-1-2,Walk,Walk,Walk,Walk,0.9984654917568545,0.9985501643749196,0.9985359677369743,retained_correct,retained_correct,1,1,"{""global_context"": 0.7970893294722946, ""left_interaction"": 0.17415327495998806, ""right_interaction"": 0.02830542899944164, ""hand_head_union"": 0.0, ""two_hand_table_context"": 0.0004519474244228116}","{""global_context"": 0.9824966854519315, ""left_interaction"": 0.015389798967926591, ""right_interaction"": 0.0021135775303399123, ""hand_head_union"": 0.0, ""two_hand_table_context"": 1.1575724346147143e-08}",74,False,True
train__c36__user24__5-1-3,Walk,Walk,Walk,Walk,0.9988879916361559,0.9989424585911804,0.9989375826885044,retained_correct,retained_correct,1,1,"{""global_context"": 0.8818487167358399, ""left_interaction"": 0.11002241373062134, ""right_interaction"": 0.008128352463245392, ""hand_head_union"": 0.0, ""two_hand_table_context"": 5.665429853252135e-07}","{""global_context"": 0.9696589469909668, ""left_interaction"": 0.0205753356218338, ""right_interaction"": 0.009765726327896119, ""hand_head_union"": 0.0, ""two_hand_table_context"": 1.696071727508297e-09}",57,False,True
train__c36__user24__5-3-1,Walk,Walk,Walk,Walk,0.9970816804991224,0.9972009461542343,0.9971393953679231,retained_correct,retained_correct,1,1,"{""global_context"": 0.7838022525493915, ""left_interaction"": 0.17458521402799165, ""right_interaction"": 0.0030544340037382566, ""hand_head_union"": 0.0, ""two_hand_table_context"": 0.03855813008088332}","{""global_context"": 0.9631284567025992, ""left_interaction"": 0.030787802659548245, ""right_interaction"": 0.005833596564256228, ""hand_head_union"": 0.0, ""two_hand_table_context"": 0.0002501739654690027}",76,False,True
train__c36__user24__5-3-2,Walk,Walk,Walk,Walk,0.9980388381990277,0.9981395603870461,0.9981118622967899,retained_correct,retained_correct,1,1,"{""global_context"": 0.8209722836812338, ""left_interaction"": 0.10171128312746684, ""right_interaction"": 0.07727407415707906, ""hand_head_union"": 0.0, ""two_hand_table_context"": 4.2395113268867135e-05}","{""global_context"": 0.933063268661499, ""left_interaction"": 0.0636757214864095, ""right_interaction"": 0.003260966700812181, ""hand_head_union"": 0.0, ""two_hand_table_context"": 8.229389318141026e-09}",68,False,True
train__c36__user24__5-3-3,Walk,Walk,Walk,Walk,0.9989100620491459,0.9989610051743377,0.99894565665002,retained_correct,retained_correct,1,1,"{""global_context"": 0.7327317689594469, ""left_interaction"": 0.17878764554073936, ""right_interaction"": 0.06298550806547466, ""hand_head_union"": 0.0, ""two_hand_table_context"": 0.02549505861181962}","{""global_context"": 0.8861903140419408, ""left_interaction"": 0.0730541379828202, ""right_interaction"": 0.038766826453961824, ""hand_head_union"": 0.0, ""two_hand_table_context"": 0.0019887474022413556}",56,False,True
train__c36__user24__6-2-1,Walk,Walk,Walk,Walk,0.9918266494509818,0.9921357069508889,0.9917040342403387,retained_correct,retained_correct,1,1,"{""global_context"": 0.47428470187717015, ""left_interaction"": 0.37208869722154403, ""right_interaction"": 0.12079879972669813, ""hand_head_union"": 0.0, ""two_hand_table_context"": 0.03282776474952698}","{""global_context"": 0.9973199632432725, ""left_interaction"": 0.00019459280237141583, ""right_interaction"": 4.30350159553604e-05, ""hand_head_union"": 0.0, ""two_hand_table_context"": 0.0024423936588896644}",53,False,True
train__c36__user24__6-2-2,Walk,Walk,Walk,Walk,0.9987898504927021,0.9989265062283323,0.9988226411859774,retained_correct,retained_correct,1,1,"{""global_context"": 0.009042959660291672, ""left_interaction"": 0.5009275674819946, ""right_interaction"": 0.15886140863100687, ""hand_head_union"": 0.0, ""two_hand_table_context"": 0.3311680555343628}","{""global_context"": 0.9996990362803141, ""left_interaction"": 0.00013772048987448215, ""right_interaction"": 7.831847566800813e-05, ""hand_head_union"": 0.0, ""two_hand_table_context"": 8.493582330023249e-05}",21,False,True
train__c36__user24__6-2-3,Walk,Walk,Walk,Walk,0.9978507966097814,0.9981122764849711,0.9978859226493352,retained_correct,retained_correct,1,1,"{""global_context"": 0.3303414583206177, ""left_interaction"": 0.006382323801517487, ""right_interaction"": 0.0028256004055341086, ""hand_head_union"": 0.0, ""two_hand_table_context"": 0.6604506572087606}","{""global_context"": 0.9997095266977946, ""left_interaction"": 0.0001420607247079412, ""right_interaction"": 1.0642829389932254e-05, ""hand_head_union"": 0.0, ""two_hand_table_context"": 0.00013777558342553675}",24,False,True
train__c36__user24__7-2-1,Walk,Walk,Walk,Walk,0.9957556166265662,0.9959175375431646,0.9958487160609516,retained_correct,retained_correct,1,1,"{""global_context"": 0.8066032550953053, ""left_interaction"": 0.19328408771091038, ""right_interaction"": 6.59950137897222e-05, ""hand_head_union"": 0.0, ""two_hand_table_context"": 4.652907416500427e-05}","{""global_context"": 0.9617592140480324, ""left_interaction"": 0.025644017590416804, ""right_interaction"": 0.012596907439055267, ""hand_head_union"": 0.0, ""two_hand_table_context"": 8.517503410395741e-10}",78,False,True
train__c36__user24__7-2-2,Walk,Walk,Walk,Walk,0.9985749988488617,0.9986410319657539,0.9986015613480066,retained_correct,retained_correct,1,1,"{""global_context"": 0.7437076038784451, ""left_interaction"": 0.13392909367879233, ""right_interaction"": 0.11648281415303548, ""hand_head_union"": 0.0, ""two_hand_table_context"": 0.005880568590429094}","{""global_context"": 0.8391676478915744, ""left_interaction"": 0.10039576556947497, ""right_interaction"": 0.059230433570014104, ""hand_head_union"": 0.0, ""two_hand_table_context"": 0.001206157108147939}",53,False,True
train__c36__user24__7-2-3,Walk,Walk,Walk,Walk,0.9987663492489391,0.9988467300613688,0.9988099422176653,retained_correct,retained_correct,1,1,"{""global_context"": 0.7728895707563921, ""left_interaction"": 0.1420423225923018, ""right_interaction"": 0.0539389198476618, ""hand_head_union"": 0.0, ""two_hand_table_context"": 0.031129238280383022}","{""global_context"": 0.8754078258167614, ""left_interaction"": 0.09293677590110085, ""right_interaction"": 0.007996702736074274, ""hand_head_union"": 0.0, ""two_hand_table_context"": 0.0236587795344266}",63,False,True
train__c36__user4__1-2-1,Walk,Walk,Walk,Walk,0.9988283012534912,0.9989938122631026,0.9988610361330964,retained_correct,retained_correct,1,1,"{""global_context"": 0.8199385915483747, ""left_interaction"": 0.08061679771968297, ""right_interaction"": 0.0637328028678894, ""hand_head_union"": 0.0, ""two_hand_table_context"": 0.0357117908341544}","{""global_context"": 0.6429600034441266, ""left_interaction"": 0.009662026805537087, ""right_interaction"": 0.3125682217734201, ""hand_head_union"": 0.0, ""two_hand_table_context"": 0.034809725625174384}",48,False,True
train__c36__user4__1-2-2,Walk,Walk,Walk,Walk,0.9988862375989445,0.9990891289253585,0.9990136886637063,retained_correct,retained_correct,1,1,"{""global_context"": 0.8649341409856622, ""left_interaction"": 0.0914882638237693, ""right_interaction"": 0.013502867384390398, ""hand_head_union"": 0.0, ""two_hand_table_context"": 0.03007466955618425}","{""global_context"": 0.8552192341197621, ""left_interaction"": 0.1175623590295965, ""right_interaction"": 0.02627557787028226, ""hand_head_union"": 0.0, ""two_hand_table_context"": 0.0009427097710696133}",29,False,True
train__c36__user4__1-2-3,Walk,Walk,Walk,Walk,0.998913519211195,0.9991374585061373,0.9989683082652668,retained_correct,retained_correct,1,1,"{""global_context"": 0.7701639533042908, ""left_interaction"": 0.1520005166530609, ""right_interaction"": 0.07783550769090652, ""hand_head_union"": 0.0, ""two_hand_table_context"": 0.0}","{""global_context"": 0.7453785538673401, ""left_interaction"": 0.0027000345289707184, ""right_interaction"": 0.2519213557243347, ""hand_head_union"": 0.0, ""two_hand_table_context"": 0.0}",24,False,False
train__c36__user4__2-2-1,Walk,Walk,Walk,Walk,0.998955206244481,0.9991727769250928,0.9989842170693969,retained_correct,retained_correct,1,1,"{""global_context"": 0.8791123117719378, ""left_interaction"": 0.1177354369844709, ""right_interaction"": 0.0029975934220211847, ""hand_head_union"": 0.0, ""two_hand_table_context"": 0.00015460964225764786}","{""global_context"": 0.5005579335348946, ""left_interaction"": 0.20429420471191406, ""right_interaction"": 0.26063900334494455, ""hand_head_union"": 0.0, ""two_hand_table_context"": 0.03450888182435717}",51,False,True
train__c36__user4__2-2-2,Walk,Walk,Walk,Walk,0.9992622601757926,0.9993935080634943,0.999280431716252,retained_correct,retained_correct,1,1,"{""global_context"": 0.9555555071149554, ""left_interaction"": 0.03592116066387722, ""right_interaction"": 0.008523333285536085, ""hand_head_union"": 0.0, ""two_hand_table_context"": 0.0}","{""global_context"": 0.5369260651724679, ""left_interaction"": 0.15563218934195383, ""right_interaction"": 0.3074417454855783, ""hand_head_union"": 0.0, ""two_hand_table_context"": 0.0}",49,False,False
train__c36__user4__2-2-3,Walk,Walk,Walk,Walk,0.9991586609616963,0.9992738786319291,0.9991743637454872,retained_correct,retained_correct,1,1,"{""global_context"": 0.7652035493117112, ""left_interaction"": 0.1934054998251108, ""right_interaction"": 0.04139097378804134, ""hand_head_union"": 0.0, ""two_hand_table_context"": 0.0}","{""global_context"": 0.6185720883882962, ""left_interaction"": 0.1485770849081186, ""right_interaction"": 0.2328507900238037, ""hand_head_union"": 0.0, ""two_hand_table_context"": 0.0}",44,False,False
train__c36__user4__4-2-1,Walk,Walk,Walk,Walk,0.999123579400916,0.99928109550956,0.9991451139410009,retained_correct,retained_correct,1,1,"{""global_context"": 0.8421265528752253, ""left_interaction"": 0.12800683425023004, ""right_interaction"": 0.029866592242167547, ""hand_head_union"": 0.0, ""two_hand_table_context"": 0.0}","{""global_context"": 0.5773723308856671, ""left_interaction"": 0.09203081864577073, ""right_interaction"": 0.3305968504685622, ""hand_head_union"": 0.0, ""two_hand_table_context"": 0.0}",48,False,False
train__c36__user4__4-2-2,Walk,Walk,Walk,Walk,0.9985057771917364,0.9989158081431726,0.998551902693076,retained_correct,retained_correct,1,1,"{""global_context"": 0.872189081632174, ""left_interaction"": 0.0166405588388443, ""right_interaction"": 0.03732076516518226, ""hand_head_union"": 0.0, ""two_hand_table_context"": 0.07384964135976937}","{""global_context"": 0.7310790282029372, ""left_interaction"": 0.12570408674386832, ""right_interaction"": 0.12222554133488582, ""hand_head_union"": 0.0, ""two_hand_table_context"": 0.02099133454836332}",41,False,True
train__c36__user4__4-2-3,Walk,Walk,Walk,Walk,0.9987631194168546,0.9990234022984862,0.9988025386830829,retained_correct,retained_correct,1,1,"{""global_context"": 0.8271358353751046, ""left_interaction"": 0.17257899897439138, ""right_interaction"": 0.00028517769117440494, ""hand_head_union"": 0.0, ""two_hand_table_context"": 0.0}","{""global_context"": 0.7857252529689244, ""left_interaction"": 0.09059045995984759, ""right_interaction"": 0.12368428707122803, ""hand_head_union"": 0.0, ""two_hand_table_context"": 0.0}",20,False,False
train__c36__user4__5-2-1,Walk,Walk,Walk,Walk,0.9961970737122849,0.99631606344659,0.996294900006683,retained_correct,retained_correct,1,1,"{""global_context"": 0.8379205557016226, ""left_interaction"": 0.08777274840917343, ""right_interaction"": 0.07428687046735714, ""hand_head_union"": 0.0, ""two_hand_table_context"": 1.9830762026592707e-05}","{""global_context"": 0.9421964792104868, ""left_interaction"": 0.055905831165802784, ""right_interaction"": 0.0016548396685184576, ""hand_head_union"": 0.0, ""two_hand_table_context"": 0.00024293814427577532}",106,False,True
train__c36__user4__5-2-2,Walk,Walk,Walk,Walk,0.9757337666661967,0.9776746500123903,0.9759866998778673,retained_correct,retained_correct,1,1,"{""global_context"": 0.722272720336914, ""left_interaction"": 0.2536085319519043, ""right_interaction"": 0.003888689875602722, ""hand_head_union"": 0.0, ""two_hand_table_context"": 0.02023005247116089}","{""global_context"": 0.890897445678711, ""left_interaction"": 0.03282252788543701, ""right_interaction"": 0.07504497528076172, ""hand_head_union"": 0.0, ""two_hand_table_context"": 0.0012351155281066894}",75,False,True
train__c36__user4__5-2-3,Walk,Walk,Walk,Walk,0.9931279399805816,0.9938482358387417,0.993187990778005,retained_correct,retained_correct,1,1,"{""global_context"": 0.5975381306239537, ""left_interaction"": 0.24468496867588588, ""right_interaction"": 0.023561945983341763, ""hand_head_union"": 0.0, ""two_hand_table_context"": 0.13421492917197092}","{""global_context"": 0.7983336448669434, ""left_interaction"": 0.030000588723591397, ""right_interaction"": 0.12663114922387259, ""hand_head_union"": 0.0, ""two_hand_table_context"": 0.04503459164074489}",46,False,True
train__c36__user4__7-1-1,Walk,Walk,Walk,Walk,0.9988314654251,0.9990203759084798,0.998885875430824,retained_correct,retained_correct,1,1,"{""global_context"": 0.8744579496837798, ""left_interaction"": 0.0853997412182036, ""right_interaction"": 0.04014220124199277, ""hand_head_union"": 0.0, ""two_hand_table_context"": 0.0}","{""global_context"": 0.677240462530227, ""left_interaction"": 0.0017768439082872299, ""right_interaction"": 0.32098266056605745, ""hand_head_union"": 0.0, ""two_hand_table_context"": 0.0}",34,False,False
train__c36__user4__7-1-2,Walk,Walk,Walk,Walk,0.9989112718241109,0.9992051640060226,0.9989376370843821,retained_correct,retained_correct,1,1,"{""global_context"": 0.7777041026524135, ""left_interaction"": 0.08718383312225342, ""right_interaction"": 0.11052074602672032, ""hand_head_union"": 0.02459130116871425, ""two_hand_table_context"": 0.0}","{""global_context"": 0.658614090510777, ""left_interaction"": 0.11447460310799736, ""right_interaction"": 0.22192869867597306, ""hand_head_union"": 0.004982570984533855, ""two_hand_table_context"": 0.0}",46,True,False
train__c36__user4__7-1-3,Walk,Walk,Walk,Walk,0.9981059908677546,0.9984857222373149,0.9982003715544598,retained_correct,retained_correct,1,1,"{""global_context"": 0.9475380182266235, ""left_interaction"": 0.04863375797867775, ""right_interaction"": 0.003828172106295824, ""hand_head_union"": 0.0, ""two_hand_table_context"": 0.0}","{""global_context"": 0.7502403855323792, ""left_interaction"": 0.12478958070278168, ""right_interaction"": 0.12497003376483917, ""hand_head_union"": 0.0, ""two_hand_table_context"": 0.0}",21,False,False
train__c37__user17__4-1-1,Take_medicine,Take_body_temperature,Check_the_time,Check_the_time,0.530902828242218,0.308283576670545,0.2533772872024774,changed_wrong,changed_wrong,13,12,"{""global_context"": 0.6974990986011647, ""left_interaction"": 0.25408299763997394, ""right_interaction"": 0.02389398327580205, ""hand_head_union"": 0.00013252549494306246, ""two_hand_table_context"": 0.024391291318116366}","{""global_context"": 1.0, ""left_interaction"": 9.460534830292166e-16, ""right_interaction"": 8.957858696506923e-18, ""hand_head_union"": 7.403868424744984e-18, ""two_hand_table_context"": 1.650739218108824e-16}",106,True,True
train__c37__user17__4-1-2,Take_medicine,Massage_oneself,Massage_oneself,Massage_oneself,0.28669709390219383,0.3884245040245979,0.39773741789796135,unchanged_wrong,unchanged_wrong,7,10,"{""global_context"": 0.7003379490064539, ""left_interaction"": 0.1479535724805749, ""right_interaction"": 0.07721159769141156, ""hand_head_union"": 0.03509308980858844, ""two_hand_table_context"": 0.039403700310250984}","{""global_context"": 1.0, ""left_interaction"": 9.054489427368876e-17, ""right_interaction"": 3.1031076478435923e-19, ""hand_head_union"": 2.2974148499203527e-19, ""two_hand_table_context"": 7.16742995297834e-18}",89,True,True
train__c37__user17__4-1-3,Take_medicine,Take_body_temperature,Check_the_time,Check_the_time,0.483435925795615,0.40109794147598343,0.32163397365149665,changed_wrong,changed_wrong,26,15,"{""global_context"": 0.9531282278207632, ""left_interaction"": 0.03955597143906813, ""right_interaction"": 0.001978267987187092, ""hand_head_union"": 0.001954116643621371, ""two_hand_table_context"": 0.0033834920479701115}","{""global_context"": 1.0, ""left_interaction"": 1.1593974205711604e-17, ""right_interaction"": 1.505355200214757e-18, ""hand_head_union"": 1.986528453190857e-18, ""two_hand_table_context"": 3.5375769195552096e-19}",49,True,True
train__c37__user23__7-1-1,Take_medicine,Use_a_mobile_phone,Use_a_mobile_phone,Use_a_mobile_phone,0.3035866885234554,0.39534288355608915,0.2236790928251558,unchanged_wrong,unchanged_wrong,21,19,"{""global_context"": 0.9004098801385789, ""left_interaction"": 0.0902474323908488, ""right_interaction"": 0.007493547740436736, ""hand_head_union"": 0.0014689891998256957, ""two_hand_table_context"": 0.00038019270591792606}","{""global_context"": 0.9999999091738746, ""left_interaction"": 2.906731803401878e-08, ""right_interaction"": 1.00401480484011e-07, ""hand_head_union"": 2.580722175642742e-09, ""two_hand_table_context"": 3.8835050223237233e-08}",150,True,True
train__c37__user23__7-1-3,Take_medicine,Wipe_windows_and_tables,Wipe_windows_and_tables,Wipe_windows_and_tables,0.9326510084181494,0.9347145032620097,0.9368515770509037,unchanged_wrong,unchanged_wrong,39,39,"{""global_context"": 0.9161685943603516, ""left_interaction"": 0.008220737427473068, ""right_interaction"": 0.00021244699601083994, ""hand_head_union"": 0.0, ""two_hand_table_context"": 0.0753982424736023}","{""global_context"": 1.0, ""left_interaction"": 4.952819487868965e-10, ""right_interaction"": 1.9994998012862196e-08, ""hand_head_union"": 0.0, ""two_hand_table_context"": 1.706658423472618e-08}",80,False,True
train__c37__user23__7-2-1,Take_medicine,Take_a_selfie,Take_a_selfie,Take_a_selfie,0.7996883398155512,0.983230040559811,0.821249364100706,unchanged_wrong,unchanged_wrong,23,4,"{""global_context"": 0.9678568522135417, ""left_interaction"": 0.0010029638186097145, ""right_interaction"": 0.030237032969792684, ""hand_head_union"": 0.0007591352487603824, ""two_hand_table_context"": 0.00014409890087942282}","{""global_context"": 0.9844885508219401, ""left_interaction"": 0.0066889718174934385, ""right_interaction"": 8.767621693550609e-07, ""hand_head_union"": 1.9233796895908503e-07, ""two_hand_table_context"": 0.008821410934130351}",106,True,True
train__c37__user23__7-2-2,Take_medicine,Massage_oneself,Massage_oneself,Massage_oneself,0.6000408357583846,0.7919592601754342,0.6323481702187272,unchanged_wrong,unchanged_wrong,6,2,"{""global_context"": 0.245703915754954, ""left_interaction"": 0.17589042584101358, ""right_interaction"": 0.5038351615269979, ""hand_head_union"": 0.006908768167098363, ""two_hand_table_context"": 0.06766174236933391}","{""global_context"": 0.9905348618825277, ""left_interaction"": 0.0012140351658066113, ""right_interaction"": 3.7412194823597624e-08, ""hand_head_union"": 2.0944897490456547e-06, ""two_hand_table_context"": 0.008249012753367424}",92,True,True
train__c37__user23__7-2-3,Take_medicine,Take_a_selfie,Massage_oneself,Take_a_selfie,0.4082761846392065,0.3183758463712167,0.3980764967081547,changed_wrong,unchanged_wrong,5,2,"{""global_context"": 0.5491044998168946, ""left_interaction"": 0.1555056095123291, ""right_interaction"": 0.11879529953002929, ""hand_head_union"": 0.17658179998397827, ""two_hand_table_context"": 1.2809842883143573e-05}","{""global_context"": 0.9996425628662109, ""left_interaction"": 0.00013388696825131774, ""right_interaction"": 8.93365523779721e-09, ""hand_head_union"": 2.6252104362356476e-06, ""two_hand_table_context"": 0.0002210233360528946}",39,True,True
train__c37__user24__5-2-1,Take_medicine,Take_a_selfie,Comb_hair,Take_a_selfie,0.41243677092446424,0.43555335903687187,0.35970128443149285,changed_wrong,unchanged_wrong,13,6,"{""global_context"": 0.5824892123540243, ""left_interaction"": 0.023468904197216034, ""right_interaction"": 0.3887060880661011, ""hand_head_union"": 0.005278879155715306, ""two_hand_table_context"": 5.686999065801501e-05}","{""global_context"": 0.9998383522033691, ""left_interaction"": 0.0001459531777072698, ""right_interaction"": 8.278004922127971e-06, ""hand_head_union"": 4.887100052049694e-06, ""two_hand_table_context"": 2.6497840129498704e-06}",170,True,True
train__c37__user24__5-2-2,Take_medicine,Take_a_selfie,Comb_hair,Take_a_selfie,0.5010787407272838,0.4456845936740693,0.4705258666623812,changed_wrong,unchanged_wrong,11,5,"{""global_context"": 0.7193577710319968, ""left_interaction"": 0.0511242431752822, ""right_interaction"": 0.2194226769840016, ""hand_head_union"": 0.009387531701256247, ""two_hand_table_context"": 0.0007077927755958893}","{""global_context"": 0.9998930762795841, ""left_interaction"": 7.648688658852788e-05, ""right_interaction"": 2.1046396475011374e-06, ""hand_head_union"": 6.606439402436509e-06, ""two_hand_table_context"": 2.1769045441247083e-05}",123,True,True
train__c37__user24__5-2-3,Take_medicine,Take_a_selfie,Comb_hair,Take_a_selfie,0.4737470703356588,0.38061916636807447,0.45489292798179565,changed_wrong,unchanged_wrong,11,4,"{""global_context"": 0.8497851522345292, ""left_interaction"": 0.002067939819473969, ""right_interaction"": 0.14793470031336733, ""hand_head_union"": 0.0002121469986281897, ""two_hand_table_context"": 0.0}","{""global_context"": 0.9999843396638569, ""left_interaction"": 1.5083568685344959e-05, ""right_interaction"": 2.6509913272763554e-07, ""hand_head_union"": 2.9840482870656017e-07, ""two_hand_table_context"": 0.0}",67,True,False
train__c37__user24__7-1-1,Take_medicine,Comb_hair,Comb_hair,Comb_hair,0.21949402437918542,0.32766997192209296,0.23035858957634844,unchanged_wrong,unchanged_wrong,6,6,"{""global_context"": 0.602749567765456, ""left_interaction"": 0.10395339819101188, ""right_interaction"": 0.22206592559814453, ""hand_head_union"": 9.217039265562422e-06, ""two_hand_table_context"": 0.07122187431042011}","{""global_context"": 0.9985334689800556, ""left_interaction"": 0.0014447211646116697, ""right_interaction"": 8.156208003548762e-06, ""hand_head_union"": 1.1723511324117471e-08, ""two_hand_table_context"": 1.3572373203575038e-05}",89,True,True
train__c37__user24__7-1-2,Take_medicine,Brush_teeth,Brush_teeth,Brush_teeth,0.36411651707878107,0.3844564523943955,0.36883173881022835,unchanged_wrong,unchanged_wrong,10,8,"{""global_context"": 0.6764695984976632, ""left_interaction"": 0.10482063463756017, ""right_interaction"": 0.1562666722706386, ""hand_head_union"": 0.0, ""two_hand_table_context"": 0.062443090336663384}","{""global_context"": 0.9993922369820731, ""left_interaction"": 0.0006050294531243188, ""right_interaction"": 2.7076665511620897e-06, ""hand_head_union"": 0.0, ""two_hand_table_context"": 2.128685748305413e-08}",47,False,True
train__c37__user24__7-1-3,Take_medicine,Take_a_selfie,Comb_hair,Take_a_selfie,0.40252332871062463,0.4872535740138612,0.38169398017427714,changed_wrong,unchanged_wrong,4,3,"{""global_context"": 0.5345240141216078, ""left_interaction"": 0.18156144493504575, ""right_interaction"": 0.24645190489919563, ""hand_head_union"": 0.0016591962622968775, ""two_hand_table_context"": 0.03580347487801}","{""global_context"": 0.9995480587607936, ""left_interaction"": 0.0002136761812787307, ""right_interaction"": 1.4130357732555193e-06, ""hand_head_union"": 1.1736562411993203e-08, ""two_hand_table_context"": 0.0002366586245204273}",66,True,True
train__c37__user4__7-1-1,Take_medicine,Take_medicine,Comb_hair,Take_medicine,0.32894130187024195,0.42122073188196296,0.404993360610945,harmed,retained_correct,3,1,"{""global_context"": 8.523815267835744e-06, ""left_interaction"": 0.0032313872749606767, ""right_interaction"": 0.8945442040761312, ""hand_head_union"": 0.0, ""two_hand_table_context"": 0.10221598545710246}","{""global_context"": 6.0749618569388986e-05, ""left_interaction"": 0.7627308368682861, ""right_interaction"": 0.04997238020102183, ""hand_head_union"": 0.0, ""two_hand_table_context"": 0.1872361103693644}",186,False,True
train__c37__user4__7-1-2,Take_medicine,Do_stretching_exercises,Do_stretching_exercises,Do_stretching_exercises,0.7816917990378324,0.8586363779321894,0.8482361463297152,unchanged_wrong,unchanged_wrong,14,6,"{""global_context"": 0.01019712599615256, ""left_interaction"": 0.09392576416333516, ""right_interaction"": 0.8400539557139078, ""hand_head_union"": 0.027446697155634563, ""two_hand_table_context"": 0.028376504778862}","{""global_context"": 1.5963384309240307e-06, ""left_interaction"": 0.6456662019093832, ""right_interaction"": 0.0015931349868575733, ""hand_head_union"": 0.012700249751408895, ""two_hand_table_context"": 0.34003881613413495}",171,True,True
train__c37__user4__7-1-3,Take_medicine,Take_body_temperature,Comb_hair,Take_medicine,0.4038614541011821,0.4504865099373346,0.5394735308449687,changed_wrong,rescued,7,1,"{""global_context"": 0.00987104264398416, ""left_interaction"": 0.10098102688789368, ""right_interaction"": 0.8389323552449545, ""hand_head_union"": 0.0, ""two_hand_table_context"": 0.050215517481168113}","{""global_context"": 0.05309286713600159, ""left_interaction"": 0.5762809912363688, ""right_interaction"": 0.03962060809135437, ""hand_head_union"": 0.0, ""two_hand_table_context"": 0.33100555340449017}",186,False,True
train__c38__user23__2-2-1,Massage_oneself,Massage_oneself,Take_body_temperature,Take_body_temperature,0.3258357027746117,0.4318465684329024,0.35564940632392034,harmed,harmed,2,2,"{""global_context"": 0.39451184272766116, ""left_interaction"": 0.09450973868370056, ""right_interaction"": 0.16868914365768434, ""hand_head_union"": 0.0, ""two_hand_table_context"": 0.34228925704956054}","{""global_context"": 0.9999903678894043, ""left_interaction"": 7.2666487540118395e-06, ""right_interaction"": 1.8838391042663716e-06, ""hand_head_union"": 0.0, ""two_hand_table_context"": 5.542136022995692e-07}",80,False,True
train__c38__user23__2-2-2,Massage_oneself,Massage_oneself,Massage_oneself,Massage_oneself,0.5252422571761465,0.7161712332443387,0.5314396015321776,retained_correct,retained_correct,1,1,"{""global_context"": 0.18747988113990197, ""left_interaction"": 0.2628078277294452, ""right_interaction"": 0.3575492272010216, ""hand_head_union"": 0.0, ""two_hand_table_context"": 0.19216304558974046}","{""global_context"": 0.9999917837289664, ""left_interaction"": 6.305687677992794e-07, ""right_interaction"": 5.7887205352576875e-06, ""hand_head_union"": 0.0, ""two_hand_table_context"": 1.8953980123534655e-06}",95,False,True
train__c38__user23__2-2-3,Massage_oneself,Massage_oneself,Massage_oneself,Massage_oneself,0.43056779524488503,0.49342865119868096,0.42983909413417365,retained_correct,retained_correct,1,1,"{""global_context"": 0.3891177177429199, ""left_interaction"": 0.08536178469657899, ""right_interaction"": 0.2903678178787231, ""hand_head_union"": 0.0, ""two_hand_table_context"": 0.23515262603759765}","{""global_context"": 0.9999914169311523, ""left_interaction"": 2.4816037694108674e-06, ""right_interaction"": 5.527230678126216e-06, ""hand_head_union"": 0.0, ""two_hand_table_context"": 5.652266736433376e-07}",74,False,True
train__c38__user23__7-1-1,Massage_oneself,Listen_to_music_with_headphones,Listen_to_music_with_headphones,Listen_to_music_with_headphones,0.540631532560349,0.8424554480292527,0.609932871790644,unchanged_wrong,unchanged_wrong,4,8,"{""global_context"": 0.2992883750370571, ""left_interaction"": 0.09733067240033831, ""right_interaction"": 0.5946373258318219, ""hand_head_union"": 0.008690020335572106, ""two_hand_table_context"": 5.350748376388635e-05}","{""global_context"": 0.9999997956412179, ""left_interaction"": 3.389288443551257e-08, ""right_interaction"": 2.1464014870226883e-07, ""hand_head_union"": 8.623506987857712e-09, ""two_hand_table_context"": 2.0037012810852113e-08}",136,True,True
train__c38__user23__7-1-2,Massage_oneself,Eat_food,Eat_food,Eat_food,0.863149054699867,0.6703730465367098,0.4589371264937475,unchanged_wrong,unchanged_wrong,5,5,"{""global_context"": 0.3804473876953125, ""left_interaction"": 0.11907972608293806, ""right_interaction"": 0.413526489621117, ""hand_head_union"": 0.06204828761872791, ""two_hand_table_context"": 0.024898143041701543}","{""global_context"": 0.9999981834774926, ""left_interaction"": 7.636747124620126e-08, ""right_interaction"": 1.1973936904853742e-06, ""hand_head_union"": 3.776540757999534e-07, ""two_hand_table_context"": 4.941013165599932e-07}",178,True,True
train__c38__user23__7-1-3,Massage_oneself,Eat_food,Eat_food,Mop_the_floor,0.7476606960779048,0.32712747118595065,0.22536273005711824,unchanged_wrong,changed_wrong,11,13,"{""global_context"": 0.5527033194517478, ""left_interaction"": 0.12077781481620593, ""right_interaction"": 0.1826181411743164, ""hand_head_union"": 0.14356751319689628, ""two_hand_table_context"": 0.0003331945731471746}","{""global_context"": 1.0, ""left_interaction"": 1.3159449689481288e-08, ""right_interaction"": 6.157865638483483e-08, ""hand_head_union"": 3.3179689423307606e-09, ""two_hand_table_context"": 5.586679645393115e-08}",170,True,True
train__c38__user24__4-3-1,Massage_oneself,Use_a_mobile_phone,Use_a_mobile_phone,Turn_pages,0.2065861269593518,0.19554837355764537,0.226681031701602,unchanged_wrong,changed_wrong,9,10,"{""global_context"": 0.9986238981548109, ""left_interaction"": 3.468802223276151e-05, ""right_interaction"": 0.0013372091282355157, ""hand_head_union"": 0.0, ""two_hand_table_context"": 4.0876609426432926e-06}","{""global_context"": 1.0, ""left_interaction"": 1.0144047812378342e-19, ""right_interaction"": 1.955474865306375e-21, ""hand_head_union"": 0.0, ""two_hand_table_context"": 2.2635634203182177e-20}",149,False,True
train__c38__user24__4-3-2,Massage_oneself,Turn_pages,Read_documents,Turn_pages,0.4068911168579262,0.4692339562085993,0.48860049456306115,changed_wrong,unchanged_wrong,9,9,"{""global_context"": 1.0, ""left_interaction"": 1.7475825231372255e-08, ""right_interaction"": 3.87188912043257e-08, ""hand_head_union"": 0.0, ""two_hand_table_context"": 1.7755205306002608e-08}","{""global_context"": 1.0, ""left_interaction"": 4.216278962115997e-18, ""right_interaction"": 2.3335265912132417e-21, ""hand_head_union"": 0.0, ""two_hand_table_context"": 5.22316509265875e-20}",122,False,True
train__c38__user24__4-3-3,Massage_oneself,Turn_pages,Turn_pages,Turn_pages,0.4636792122536258,0.4821581983979249,0.5798061896908001,unchanged_wrong,unchanged_wrong,18,18,"{""global_context"": 0.9999999133023348, ""left_interaction"": 3.5178735076483877e-09, ""right_interaction"": 9.168588183621812e-08, ""hand_head_union"": 0.0, ""two_hand_table_context"": 6.702539937205901e-09}","{""global_context"": 1.0, ""left_interaction"": 9.33101691576343e-19, ""right_interaction"": 8.753630372540696e-20, ""hand_head_union"": 0.0, ""two_hand_table_context"": 9.705157474662539e-19}",172,False,True
train__c38__user24__7-1-1,Massage_oneself,Take_a_selfie,Comb_hair,Take_a_selfie,0.5642086121078072,0.32041547427676736,0.5424756899030374,changed_wrong,unchanged_wrong,6,8,"{""global_context"": 0.8189747102798954, ""left_interaction"": 0.004395460890185448, ""right_interaction"": 0.09446114878500661, ""hand_head_union"": 0.0, ""two_hand_table_context"": 0.08216866370170348}","{""global_context"": 0.9999900325652091, ""left_interaction"": 9.524442570944948e-06, ""right_interaction"": 3.470363627721165e-07, ""hand_head_union"": 0.0, ""two_hand_table_context"": 9.711027726758226e-08}",124,False,True
train__c38__user24__7-1-2,Massage_oneself,Take_a_selfie,Comb_hair,Take_a_selfie,0.565053287347345,0.2836556590397526,0.5525496707918931,changed_wrong,unchanged_wrong,6,8,"{""global_context"": 0.911018180847168, ""left_interaction"": 0.027601423859596252, ""right_interaction"": 0.05177932381629944, ""hand_head_union"": 0.0, ""two_hand_table_context"": 0.009601105749607087}","{""global_context"": 0.999989128112793, ""left_interaction"": 1.0045733506558464e-05, ""right_interaction"": 7.456817002093885e-07, ""hand_head_union"": 0.0, ""two_hand_table_context"": 1.268003074983426e-07}",80,False,True
train__c38__user24__7-1-3,Massage_oneself,Take_a_selfie,Take_a_selfie,Take_a_selfie,0.6010099544405345,0.5590994857178267,0.5934982753818686,unchanged_wrong,unchanged_wrong,3,5,"{""global_context"": 0.7089101314544678, ""left_interaction"": 0.0006789764855057001, ""right_interaction"": 0.17938385009765626, ""hand_head_union"": 0.0, ""two_hand_table_context"": 0.1110270857810974}","{""global_context"": 0.9999565124511719, ""left_interaction"": 4.083563107997179e-05, ""right_interaction"": 2.6809032078745075e-07, ""hand_head_union"": 0.0, ""two_hand_table_context"": 2.2938545953365972e-06}",80,False,True
train__c39__user17__4-1-1,Take_body_temperature,Put_on_clothes,Put_on_clothes,Put_on_clothes,0.301955353519958,0.3324490888509175,0.32758702932428263,unchanged_wrong,unchanged_wrong,14,9,"{""global_context"": 0.8585231304168701, ""left_interaction"": 0.11025106906890869, ""right_interaction"": 0.008580284814039866, ""hand_head_union"": 2.3688609265567113e-05, ""two_hand_table_context"": 0.02262188494205475}","{""global_context"": 1.0, ""left_interaction"": 2.6078976246353484e-16, ""right_interaction"": 5.539801167288779e-18, ""hand_head_union"": 2.4114975620224468e-18, ""two_hand_table_context"": 5.841849476684968e-17}",175,True,True
train__c39__user17__4-1-2,Take_body_temperature,Take_body_temperature,Massage_oneself,Massage_oneself,0.3973990129435797,0.2661828120226329,0.24346654691077518,harmed,harmed,8,4,"{""global_context"": 0.8446219044346963, ""left_interaction"": 0.09678092310505529, ""right_interaction"": 0.008197265286599436, ""hand_head_union"": 0.0, ""two_hand_table_context"": 0.050399972546485164}","{""global_context"": 1.0, ""left_interaction"": 3.1885933686499425e-17, ""right_interaction"": 1.0633911194443355e-17, ""hand_head_union"": 0.0, ""two_hand_table_context"": 9.976104724514578e-18}",105,False,True
train__c39__user17__4-1-3,Take_body_temperature,Take_body_temperature,Take_body_temperature,Massage_oneself,0.5944603970129286,0.289256886394966,0.27033174560300743,retained_correct,harmed,1,2,"{""global_context"": 0.575961369734544, ""left_interaction"": 0.26989434315608096, ""right_interaction"": 0.0373618511053232, ""hand_head_union"": 0.0, ""two_hand_table_context"": 0.1167824726838332}","{""global_context"": 1.0, ""left_interaction"": 7.458198075720339e-16, ""right_interaction"": 3.555366634858587e-17, ""hand_head_union"": 0.0, ""two_hand_table_context"": 1.7360955064604078e-16}",104,False,True
train__c39__user17__7-1-1,Take_body_temperature,Listen_to_music_with_headphones,Listen_to_music_with_headphones,Listen_to_music_with_headphones,0.726023942141826,0.8080733628704213,0.8099305188833245,unchanged_wrong,unchanged_wrong,11,10,"{""global_context"": 0.9992899772448417, ""left_interaction"": 9.834041030934224e-06, ""right_interaction"": 0.0007002102449918404, ""hand_head_union"": 0.0, ""two_hand_table_context"": 2.168060903456465e-08}","{""global_context"": 1.0, ""left_interaction"": 1.1116566734978508e-14, ""right_interaction"": 1.7659393801261185e-13, ""hand_head_union"": 0.0, ""two_hand_table_context"": 4.556230637611862e-14}",131,False,True
train__c39__user17__7-1-2,Take_body_temperature,Massage_oneself,Massage_oneself,Massage_oneself,0.3370472748193223,0.44730513600954613,0.4425593150684031,unchanged_wrong,unchanged_wrong,6,5,"{""global_context"": 0.9504675183977399, ""left_interaction"": 0.023583280188696727, ""right_interaction"": 0.025933116674423218, ""hand_head_union"": 0.0, ""two_hand_table_context"": 1.605890117519136e-05}","{""global_context"": 1.0, ""left_interaction"": 7.312884022295241e-14, ""right_interaction"": 3.2260063915847044e-13, ""hand_head_union"": 0.0, ""two_hand_table_context"": 1.072536544324622e-13}",104,False,True
train__c39__user17__7-1-3,Take_body_temperature,Check_the_time,Check_the_time,Check_the_time,0.36878592790035647,0.3822303860508839,0.4223992833066199,unchanged_wrong,unchanged_wrong,2,8,"{""global_context"": 0.9143029088559358, ""left_interaction"": 0.07842927393705948, ""right_interaction"": 0.007231860705043959, ""hand_head_union"": 0.0, ""two_hand_table_context"": 3.596414487970912e-05}","{""global_context"": 1.0, ""left_interaction"": 3.803327894830992e-15, ""right_interaction"": 3.0850949248462586e-14, ""hand_head_union"": 0.0, ""two_hand_table_context"": 9.175413250364639e-15}",83,False,True
train__c39__user23__7-2-1,Take_body_temperature,Massage_oneself,Massage_oneself,Massage_oneself,0.3237608642933352,0.37995633859938255,0.32927986099634327,unchanged_wrong,unchanged_wrong,6,4,"{""global_context"": 0.7980894724527995, ""left_interaction"": 0.08952805995941163, ""right_interaction"": 0.08491050402323405, ""hand_head_union"": 0.0, ""two_hand_table_context"": 0.027471997340520225}","{""global_context"": 0.9927900314331055, ""left_interaction"": 0.0005221369986732801, ""right_interaction"": 1.0347243126792212e-05, ""hand_head_union"": 0.0, ""two_hand_table_context"": 0.006677497923374176}",113,False,True
train__c39__user23__7-2-2,Take_body_temperature,Massage_oneself,Massage_oneself,Massage_oneself,0.2975687532228893,0.337807286686322,0.2953853352264661,unchanged_wrong,unchanged_wrong,3,2,"{""global_context"": 0.6443220335861732, ""left_interaction"": 0.13444483691248402, ""right_interaction"": 0.0460160518514699, ""hand_head_union"": 0.0, ""two_hand_table_context"": 0.1752171023138638}","{""global_context"": 0.9892886589313376, ""left_interaction"": 0.006688213040088785, ""right_interaction"": 1.4044009229360983e-05, ""hand_head_union"": 0.0, ""two_hand_table_context"": 0.004009116826386288}",101,False,True
train__c39__user23__7-2-3,Take_body_temperature,Massage_oneself,Massage_oneself,Massage_oneself,0.5203015161532423,0.6254017141286419,0.5500601700372266,unchanged_wrong,unchanged_wrong,6,3,"{""global_context"": 0.8035190446036202, ""left_interaction"": 0.07896313496998378, ""right_interaction"": 0.06716424652508327, ""hand_head_union"": 0.0, ""two_hand_table_context"": 0.050353595188685825}","{""global_context"": 0.9979512350899833, ""left_interaction"": 0.0008772421362144607, ""right_interaction"": 9.557303591074223e-07, ""hand_head_union"": 0.0, ""two_hand_table_context"": 0.001170527855200427}",102,False,True
train__c39__user24__5-2-1,Take_body_temperature,Take_body_temperature,Comb_hair,Take_body_temperature,0.34178359632442784,0.2896718519406442,0.36446770662187156,harmed,retained_correct,5,1,"{""global_context"": 0.8095920426504952, ""left_interaction"": 0.03765274371419634, ""right_interaction"": 0.1527552264077323, ""hand_head_union"": 0.0, ""two_hand_table_context"": 0.0}","{""global_context"": 0.9999996594020298, ""left_interaction"": 3.59261938293847e-07, ""right_interaction"": 3.4498530762253465e-08, ""hand_head_union"": 0.0, ""two_hand_table_context"": 0.0}",42,False,False
train__c39__user24__5-2-2,Take_body_temperature,Take_off_clothes,Take_off_clothes,Take_off_clothes,0.3386905091602138,0.3619025137925047,0.33924773563021743,unchanged_wrong,unchanged_wrong,7,4,"{""global_context"": 0.7969254580411044, ""left_interaction"": 0.05057272044095126, ""right_interaction"": 0.15250182151794434, ""hand_head_union"": 0.0, ""two_hand_table_context"": 0.0}","{""global_context"": 0.9999992197210138, ""left_interaction"": 6.797223580757749e-07, ""right_interaction"": 1.274151124810239e-07, ""hand_head_union"": 0.0, ""two_hand_table_context"": 0.0}",33,False,False
train__c39__user24__5-2-3,Take_body_temperature,Take_off_clothes,Take_off_clothes,Take_off_clothes,0.3823515411422852,0.4141259286943189,0.3845681930589837,unchanged_wrong,unchanged_wrong,7,3,"{""global_context"": 0.9355840682983398, ""left_interaction"": 0.04129493662289211, ""right_interaction"": 0.02312100146497999, ""hand_head_union"": 0.0, ""two_hand_table_context"": 0.0}","{""global_context"": 0.9999778611319405, ""left_interaction"": 2.1850180928595364e-05, ""right_interaction"": 3.698626512362223e-07, ""hand_head_union"": 0.0, ""two_hand_table_context"": 0.0}",21,False,False
train__c39__user24__7-1-1,Take_body_temperature,Comb_hair,Comb_hair,Comb_hair,0.2230304978287326,0.26338060398413193,0.22966889269014093,unchanged_wrong,unchanged_wrong,6,4,"{""global_context"": 0.6602338489733244, ""left_interaction"": 0.03422666223425614, ""right_interaction"": 0.2501339912414551, ""hand_head_union"": 0.0, ""two_hand_table_context"": 0.055405466180098686}","{""global_context"": 0.9997241371556332, ""left_interaction"": 0.00026409872072307686, ""right_interaction"": 5.4391869908661314e-08, ""hand_head_union"": 0.0, ""two_hand_table_context"": 1.1642255949003524e-05}",123,False,True
train__c39__user24__7-1-2,Take_body_temperature,Comb_hair,Comb_hair,Comb_hair,0.4395200858526541,0.5259023468677403,0.44871271436521126,unchanged_wrong,unchanged_wrong,4,3,"{""global_context"": 0.20235681533813477, ""left_interaction"": 0.33676996231079104, ""right_interaction"": 0.28563992977142333, ""hand_head_union"": 0.0, ""two_hand_table_context"": 0.1752333164215088}","{""global_context"": 0.9996525764465332, ""left_interaction"": 0.00024159783497452737, ""right_interaction"": 4.041722604597453e-07, ""hand_head_union"": 0.0, ""two_hand_table_context"": 0.00010534338653087617}",39,False,True
train__c39__user24__7-1-3,Take_body_temperature,Massage_oneself,Massage_oneself,Massage_oneself,0.34248463025835063,0.4639092991457412,0.35066298852494415,unchanged_wrong,unchanged_wrong,6,3,"{""global_context"": 0.00039400171058682294, ""left_interaction"": 0.4923156958359938, ""right_interaction"": 0.23759812575120193, ""hand_head_union"": 0.0, ""two_hand_table_context"": 0.26969212752122146}","{""global_context"": 0.999907346872183, ""left_interaction"": 7.000493440920344e-05, ""right_interaction"": 3.2994161249287295e-08, ""hand_head_union"": 0.0, ""two_hand_table_context"": 2.2696302039548755e-05}",49,False,True
