sample_id,true_class_id,true_action,base_prediction,base_prediction_action,base_confidence,final_prediction,final_prediction_action,final_confidence,outcome,selected_view_weights,two_hand_roi_valid,hand_head_roi_valid,valid_keypoint_pattern
train__c00__user23__1-1-1,0,Wash_face,0,Wash_face,0.9507269674996086,0,Wash_face,0.9585182764086226,retained_correct,"{""global_context"": 0.7598027074059774, ""left_interaction"": 0.012832988140194915, ""right_interaction"": 0.033610122148380724, ""hand_head_union"": 0.0, ""two_hand_table_context"": 0.19375421834546466}",True,False,L11_R11|padding
train__c00__user23__1-1-2,0,Wash_face,0,Wash_face,0.8656943447087642,0,Wash_face,0.8686956425963009,retained_correct,"{""global_context"": 0.883742984972502, ""left_interaction"": 0.0007148904137705502, ""right_interaction"": 0.009877936620461313, ""hand_head_union"": 0.0, ""two_hand_table_context"": 0.10566430342824835}",True,False,L11_R11|padding
train__c00__user23__1-1-3,0,Wash_face,0,Wash_face,0.8689241588032955,0,Wash_face,0.8700220724529122,retained_correct,"{""global_context"": 0.9705565770467123, ""left_interaction"": 0.0019275479846530491, ""right_interaction"": 0.010544300907187991, ""hand_head_union"": 0.0, ""two_hand_table_context"": 0.016971594757503934}",True,False,L11_R11|padding
train__c00__user24__6-2-1,0,Wash_face,0,Wash_face,0.8046191292567139,0,Wash_face,0.8211572771454133,retained_correct,"{""global_context"": 0.9998688834054129, ""left_interaction"": 4.871792293020657e-05, ""right_interaction"": 5.1812897436320784e-05, ""hand_head_union"": 0.0, ""two_hand_table_context"": 3.0674020360623084e-05}",True,False,L11_R11|padding
train__c00__user24__6-2-2,0,Wash_face,0,Wash_face,0.848068672204762,0,Wash_face,0.8590478084950586,retained_correct,"{""global_context"": 0.9786129731398362, ""left_interaction"": 0.005432807482205904, ""right_interaction"": 0.013291562979037944, ""hand_head_union"": 0.0, ""two_hand_table_context"": 0.0026628019718023446}",True,False,L11_R11|padding
train__c00__user24__6-2-3,0,Wash_face,0,Wash_face,0.8158219504184903,0,Wash_face,0.8184902179012514,retained_correct,"{""global_context"": 0.9951491636388442, ""left_interaction"": 0.00014254428884562324, ""right_interaction"": 0.0012203728889717774, ""hand_head_union"": 0.0, ""two_hand_table_context"": 0.0034879055969855364}",True,False,L11_R11|padding
train__c00__user24__7-1-1,0,Wash_face,0,Wash_face,0.8641504838626002,0,Wash_face,0.8815198471962569,retained_correct,"{""global_context"": 0.8986265120967742, ""left_interaction"": 0.003403887633354433, ""right_interaction"": 0.09313085002283897, ""hand_head_union"": 0.0, ""two_hand_table_context"": 0.004838710831057641}",True,False,L11_R11|padding
train__c00__user24__7-1-2,0,Wash_face,0,Wash_face,0.6296089334683564,0,Wash_face,0.6346159717481015,retained_correct,"{""global_context"": 0.8921353022257487, ""left_interaction"": 0.030215644836425783, ""right_interaction"": 0.07728517850240071, ""hand_head_union"": 0.0, ""two_hand_table_context"": 0.0003638868841032187}",True,False,L11_R11|padding
train__c00__user24__7-1-3,0,Wash_face,0,Wash_face,0.8258053278808936,0,Wash_face,0.8306403564285632,retained_correct,"{""global_context"": 0.8389670962379092, ""left_interaction"": 0.0031400596102078757, ""right_interaction"": 0.14276481810070218, ""hand_head_union"": 0.0, ""two_hand_table_context"": 0.01512799376533145}",True,False,L11_R11|padding
train__c00__user4__1-1-1,0,Wash_face,0,Wash_face,0.9558157513099951,0,Wash_face,0.9614929212657902,retained_correct,"{""global_context"": 0.8452608925955636, ""left_interaction"": 0.0036013626626559664, ""right_interaction"": 0.05981396493457612, ""hand_head_union"": 0.0, ""two_hand_table_context"": 0.09132380144936698}",True,False,L11_R11|padding
train__c00__user4__1-1-2,0,Wash_face,0,Wash_face,0.96009420218176,0,Wash_face,0.9655675462760949,retained_correct,"{""global_context"": 0.7932906945546468, ""left_interaction"": 0.015365625421206156, ""right_interaction"": 0.018966461221377056, ""hand_head_union"": 0.0, ""two_hand_table_context"": 0.1723771890004476}",True,False,L11_R11
train__c00__user4__1-1-3,0,Wash_face,0,Wash_face,0.9529856847906163,0,Wash_face,0.9595671648743834,retained_correct,"{""global_context"": 0.6092583440965221, ""left_interaction"": 0.06189037138415921, ""right_interaction"": 0.06904112139055806, ""hand_head_union"": 0.0, ""two_hand_table_context"": 0.25981017081968244}",True,False,L11_R11|padding
train__c01__user17__1-1-1,1,Brush_teeth,1,Brush_teeth,0.643003349944429,1,Brush_teeth,0.6530128712054075,retained_correct,"{""global_context"": 0.9349307060241699, ""left_interaction"": 0.00012846071040257813, ""right_interaction"": 0.0649407982826233, ""hand_head_union"": 0.0, ""two_hand_table_context"": 0.0}",False,False,L11_R10|L11_R11|padding
train__c01__user17__1-1-2,1,Brush_teeth,1,Brush_teeth,0.4550236461845078,1,Brush_teeth,0.4626587124433731,retained_correct,"{""global_context"": 0.2066865348815918, ""left_interaction"": 0.593537712097168, ""right_interaction"": 0.19977581024169921, ""hand_head_union"": 0.0, ""two_hand_table_context"": 0.0}",False,False,L11_R11|padding
train__c01__user17__1-1-3,1,Brush_teeth,2,Comb_hair,0.4723525406323319,2,Comb_hair,0.480166950351001,unchanged_wrong,"{""global_context"": 0.6176180044809977, ""left_interaction"": 0.03659538924694061, ""right_interaction"": 0.3457866907119751, ""hand_head_union"": 0.0, ""two_hand_table_context"": 0.0}",False,False,L11_R11|padding
train__c01__user23__1-1-1,1,Brush_teeth,2,Comb_hair,0.5419245598708387,2,Comb_hair,0.6949586946480423,unchanged_wrong,"{""global_context"": 0.17359481713710687, ""left_interaction"": 0.7548385033240685, ""right_interaction"": 0.07156671621860602, ""hand_head_union"": 0.0, ""two_hand_table_context"": 0.0}",False,False,L11_R11|padding
train__c01__user23__1-1-2,1,Brush_teeth,1,Brush_teeth,0.3017145760511584,1,Brush_teeth,0.3029273341163814,retained_correct,"{""global_context"": 0.8343987464904785, ""left_interaction"": 0.0018478985875844955, ""right_interaction"": 0.16375336050987244, ""hand_head_union"": 0.0, ""two_hand_table_context"": 0.0}",False,False,L11_R11|padding
train__c01__user23__1-1-3,1,Brush_teeth,5,Put_on_clothes,0.29908906382482214,5,Put_on_clothes,0.31107716286840476,unchanged_wrong,"{""global_context"": 0.9579554848048998, ""left_interaction"": 2.355317321970411e-05, ""right_interaction"": 0.04202114758284196, ""hand_head_union"": 0.0, ""two_hand_table_context"": 0.0}",False,False,L11_R11|padding
train__c01__user24__6-2-1,1,Brush_teeth,1,Brush_teeth,0.648380476042057,1,Brush_teeth,0.6614310854185332,retained_correct,"{""global_context"": 0.9976507333608774, ""left_interaction"": 0.002316172879475814, ""right_interaction"": 3.313078195787966e-05, ""hand_head_union"": 0.0, ""two_hand_table_context"": 0.0}",False,False,L11_R00|L11_R01|L11_R11|padding
train__c01__user24__6-2-2,1,Brush_teeth,1,Brush_teeth,0.5203741174592051,1,Brush_teeth,0.5438857377898314,retained_correct,"{""global_context"": 0.0017544255824759603, ""left_interaction"": 0.0003924775228369981, ""right_interaction"": 0.9205036759376526, ""hand_head_union"": 0.0, ""two_hand_table_context"": 0.07734940201044083}",True,False,L11_R11|padding
train__c01__user24__6-2-3,1,Brush_teeth,27,Take_a_selfie,0.1572451301380884,27,Take_a_selfie,0.31964203937402436,unchanged_wrong,"{""global_context"": 0.9956981539726257, ""left_interaction"": 5.32100159489346e-07, ""right_interaction"": 0.004059374798089266, ""hand_head_union"": 0.0, ""two_hand_table_context"": 0.0002419581142021343}",True,False,L11_R11|padding
train__c01__user24__7-1-1,1,Brush_teeth,1,Brush_teeth,0.5060576531186123,1,Brush_teeth,0.5158456450524227,retained_correct,"{""global_context"": 0.5593173503875732, ""left_interaction"": 0.002625349909067154, ""right_interaction"": 0.3935399055480957, ""hand_head_union"": 0.0, ""two_hand_table_context"": 0.0445173035065333}",True,False,L11_R11|padding
train__c01__user24__7-1-2,1,Brush_teeth,4,Wipe_hands,0.651201063721543,4,Wipe_hands,0.6812399625725873,unchanged_wrong,"{""global_context"": 0.3310558994611104, ""left_interaction"": 0.004752109758555889, ""right_interaction"": 0.6641919612884521, ""hand_head_union"": 0.0, ""two_hand_table_context"": 1.0912413491344827e-08}",True,False,L11_R11|padding
train__c01__user24__7-1-3,1,Brush_teeth,4,Wipe_hands,0.4016912500436889,4,Wipe_hands,0.41166117970119004,unchanged_wrong,"{""global_context"": 0.5408109937395368, ""left_interaction"": 0.024663754871913364, ""right_interaction"": 0.43310584340776714, ""hand_head_union"": 0.0, ""two_hand_table_context"": 0.0014194308647087642}",True,False,L11_R11|padding
train__c02__user17__1-1-1,2,Comb_hair,2,Comb_hair,0.5022296635541301,2,Comb_hair,0.5195383842636822,retained_correct,"{""global_context"": 0.37125110626220703, ""left_interaction"": 0.35095922152201336, ""right_interaction"": 0.18097170193990073, ""hand_head_union"": 0.0006221703564127287, ""two_hand_table_context"": 0.09619577725728352}",True,True,L11_R11
train__c02__user17__1-1-2,2,Comb_hair,1,Brush_teeth,0.6199336269893124,1,Brush_teeth,0.6291061246576218,unchanged_wrong,"{""global_context"": 0.68528751893477, ""left_interaction"": 0.039845845916054466, ""right_interaction"": 0.1852790659124201, ""hand_head_union"": 0.0, ""two_hand_table_context"": 0.08958757465535944}",True,False,L11_R11|padding
train__c02__user17__1-1-3,2,Comb_hair,1,Brush_teeth,0.619118918461529,1,Brush_teeth,0.6326488862612553,unchanged_wrong,"{""global_context"": 0.01889893270674206, ""left_interaction"": 0.6553470520746141, ""right_interaction"": 0.28517511912754606, ""hand_head_union"": 0.0, ""two_hand_table_context"": 0.04057889041446504}",True,False,L11_R11|padding
train__c02__user23__2-2-1,2,Comb_hair,5,Put_on_clothes,0.46739172666068274,5,Put_on_clothes,0.48162643583616177,unchanged_wrong,"{""global_context"": 0.1801454888449775, ""left_interaction"": 0.1935449176364475, ""right_interaction"": 0.3364939159817166, ""hand_head_union"": 0.0, ""two_hand_table_context"": 0.2898157437642415}",True,False,L11_R10|L11_R11|padding
train__c02__user23__2-2-2,2,Comb_hair,5,Put_on_clothes,0.6597145938033462,5,Put_on_clothes,0.668441018284149,unchanged_wrong,"{""global_context"": 0.5773697580610003, ""left_interaction"": 0.3765902519226074, ""right_interaction"": 0.04603981971740723, ""hand_head_union"": 0.0, ""two_hand_table_context"": 3.318561019633697e-07}",True,False,L11_R11|padding
train__c02__user23__2-2-3,2,Comb_hair,5,Put_on_clothes,0.3131203770131021,5,Put_on_clothes,0.33547497347064603,unchanged_wrong,"{""global_context"": 0.6971482276916504, ""left_interaction"": 0.09280220270156861, ""right_interaction"": 0.21004738807678222, ""hand_head_union"": 2.267511990794446e-06, ""two_hand_table_context"": 0.0}",False,True,L11_R11|padding
train__c02__user24__7-1-1,2,Comb_hair,2,Comb_hair,0.34317324412987105,2,Comb_hair,0.4088870807876973,retained_correct,"{""global_context"": 0.6037062498239371, ""left_interaction"": 0.0004103519738866733, ""right_interaction"": 0.39588337678175706, ""hand_head_union"": 0.0, ""two_hand_table_context"": 0.0}",False,False,L11_R00|L11_R01|L11_R11|padding
train__c02__user24__7-1-2,2,Comb_hair,2,Comb_hair,0.3579155452900208,2,Comb_hair,0.37633772668491644,retained_correct,"{""global_context"": 0.40258872509002686, ""left_interaction"": 0.13846537470817566, ""right_interaction"": 0.4589230716228485, ""hand_head_union"": 0.0, ""two_hand_table_context"": 2.2807140339864418e-05}",True,False,L11_R11|padding
train__c02__user24__7-1-3,2,Comb_hair,4,Wipe_hands,0.4671283046496248,4,Wipe_hands,0.4958852696714945,unchanged_wrong,"{""global_context"": 0.3082666794459025, ""left_interaction"": 0.00022306931593144932, ""right_interaction"": 0.6915028095245361, ""hand_head_union"": 0.0, ""two_hand_table_context"": 7.43012848640016e-06}",True,False,L11_R01|L11_R11|padding
train__c03__user17__6-1-1,3,Take_off_clothes,34,Sit_down,0.8238206645250712,34,Sit_down,0.8255382668965704,unchanged_wrong,"{""global_context"": 0.8318668267665765, ""left_interaction"": 0.03523853803292299, ""right_interaction"": 0.13286291024623773, ""hand_head_union"": 0.0, ""two_hand_table_context"": 3.1794501970020625e-05}",True,False,L11_R11|padding
train__c03__user17__6-1-2,3,Take_off_clothes,3,Take_off_clothes,0.2073662737381831,3,Take_off_clothes,0.20941927446094158,retained_correct,"{""global_context"": 0.8883804678916931, ""left_interaction"": 0.04839695990085602, ""right_interaction"": 0.05423549935221672, ""hand_head_union"": 1.018224884319352e-05, ""two_hand_table_context"": 0.008976878598332405}",True,True,L11_R11|padding
train__c03__user17__6-1-3,3,Take_off_clothes,28,Jog_in_place,0.41371343738750704,28,Jog_in_place,0.4186568928675241,unchanged_wrong,"{""global_context"": 0.8487851402976296, ""left_interaction"": 0.08880844983187589, ""right_interaction"": 0.061755608428608284, ""hand_head_union"": 0.0005691901526667855, ""two_hand_table_context"": 8.160306606441736e-05}",True,True,L11_R11|padding
train__c03__user23__4-3-1,3,Take_off_clothes,20,Check_the_time,0.7181595484147923,20,Check_the_time,0.6156323619813882,unchanged_wrong,"{""global_context"": 0.9999627431233724, ""left_interaction"": 3.164935430201392e-05, ""right_interaction"": 5.5578959290869536e-06, ""hand_head_union"": 0.0, ""two_hand_table_context"": 5.222976445414436e-08}",True,False,L11_R11|padding
train__c03__user23__4-3-2,3,Take_off_clothes,26,Play_games,0.2079329413795358,21,Read_documents,0.31312231194461126,changed_wrong,"{""global_context"": 0.9996546109517416, ""left_interaction"": 2.745941098207065e-07, ""right_interaction"": 0.0003409814089536667, ""hand_head_union"": 4.089727857111332e-06, ""two_hand_table_context"": 3.1585521235536853e-12}",True,True,L11_R11|padding
train__c03__user23__4-3-3,3,Take_off_clothes,20,Check_the_time,0.36584225119563407,20,Check_the_time,0.3173351155030061,unchanged_wrong,"{""global_context"": 0.9948555441463695, ""left_interaction"": 0.0020131698864347793, ""right_interaction"": 0.003128431737422943, ""hand_head_union"": 2.902321284636855e-06, ""two_hand_table_context"": 3.690684359432506e-08}",True,True,L11_R11|padding
train__c03__user23__5-2-1,3,Take_off_clothes,5,Put_on_clothes,0.44855598777387096,5,Put_on_clothes,0.4759357345463341,unchanged_wrong,"{""global_context"": 0.9139486948649088, ""left_interaction"": 0.07590820888678233, ""right_interaction"": 0.010142266750335693, ""hand_head_union"": 0.0, ""two_hand_table_context"": 8.890200812553909e-07}",True,False,L11_R11|padding
train__c03__user23__5-2-2,3,Take_off_clothes,5,Put_on_clothes,0.44887288429011724,5,Put_on_clothes,0.46758004747248316,unchanged_wrong,"{""global_context"": 0.8066184520721436, ""left_interaction"": 0.10181350509325664, ""right_interaction"": 0.04501081506411234, ""hand_head_union"": 0.0, ""two_hand_table_context"": 0.046557227770487465}",True,False,L11_R11|padding
train__c03__user23__5-2-3,3,Take_off_clothes,5,Put_on_clothes,0.5734450034024835,5,Put_on_clothes,0.5786070149149071,unchanged_wrong,"{""global_context"": 0.9596756421602689, ""left_interaction"": 0.0011074868245766712, ""right_interaction"": 0.01689573320058676, ""hand_head_union"": 0.0, ""two_hand_table_context"": 0.02232122650513282}",True,False,L11_R11|padding
train__c03__user4__5-2-2,3,Take_off_clothes,36,Walk,0.6780862674391775,36,Walk,0.6807441409070042,unchanged_wrong,"{""global_context"": 0.4835106134414673, ""left_interaction"": 0.13296878337860107, ""right_interaction"": 0.3830212354660034, ""hand_head_union"": 0.0, ""two_hand_table_context"": 0.0004993446636945009}",True,False,L00_R11|L10_R11|L11_R11
train__c03__user4__5-2-3,3,Take_off_clothes,31,Do_stretching_exercises,0.5877940463437051,31,Do_stretching_exercises,0.587718324030196,unchanged_wrong,"{""global_context"": 0.38757089773813885, ""left_interaction"": 0.17955003182093301, ""right_interaction"": 0.3353567123413086, ""hand_head_union"": 0.0, ""two_hand_table_context"": 0.09752237796783447}",True,False,L00_R11|L10_R11|L11_R11|padding
train__c04__user17__1-1-1,4,Wipe_hands,4,Wipe_hands,0.7229575363348397,4,Wipe_hands,0.7263857180118297,retained_correct,"{""global_context"": 0.0768210940890842, ""left_interaction"": 0.25546347300211586, ""right_interaction"": 0.4318798065185547, ""hand_head_union"": 0.0, ""two_hand_table_context"": 0.23583556281195747}",True,False,L11_R11|padding
train__c04__user17__1-1-2,4,Wipe_hands,4,Wipe_hands,0.741500269004987,4,Wipe_hands,0.7451748673705314,retained_correct,"{""global_context"": 0.02956723315375192, ""left_interaction"": 0.091134888785226, ""right_interaction"": 0.5662025724138532, ""hand_head_union"": 0.0, ""two_hand_table_context"": 0.3130952630724226}",True,False,L11_R11|padding
train__c04__user17__1-1-3,4,Wipe_hands,4,Wipe_hands,0.692828170981277,4,Wipe_hands,0.6962268838011576,retained_correct,"{""global_context"": 0.011727719257275263, ""left_interaction"": 0.15191306670506796, ""right_interaction"": 0.3224872946739197, ""hand_head_union"": 0.0, ""two_hand_table_context"": 0.5138718684514364}",True,False,L11_R11|padding
train__c04__user17__7-2-1,4,Wipe_hands,11,Peel_fruits,0.8602014319388093,11,Peel_fruits,0.9556781275271247,unchanged_wrong,"{""global_context"": 6.167323906835087e-07, ""left_interaction"": 0.57220400934634, ""right_interaction"": 0.06164422760839048, ""hand_head_union"": 0.0, ""two_hand_table_context"": 0.36615118773087213}",True,False,L11_R11|padding
train__c04__user17__7-2-2,4,Wipe_hands,11,Peel_fruits,0.9280432945274715,11,Peel_fruits,0.9812430707982228,unchanged_wrong,"{""global_context"": 2.116959348636409e-06, ""left_interaction"": 0.6467598330590033, ""right_interaction"": 0.2629341617707283, ""hand_head_union"": 0.0, ""two_hand_table_context"": 0.09030383633029077}",True,False,L11_R11|padding
train__c04__user17__7-2-3,4,Wipe_hands,14,Wipe_bowls,0.42718086423065377,11,Peel_fruits,0.5037396277883537,changed_wrong,"{""global_context"": 5.701946639946025e-06, ""left_interaction"": 0.4686943355359529, ""right_interaction"": 0.38573232449983297, ""hand_head_union"": 0.0, ""two_hand_table_context"": 0.14556766811170077}",True,False,L11_R11|padding
train__c04__user23__1-1-1,4,Wipe_hands,4,Wipe_hands,0.7558492356155385,4,Wipe_hands,0.7593825724586073,retained_correct,"{""global_context"": 0.12785989266854744, ""left_interaction"": 0.023494179602022523, ""right_interaction"": 0.1761697839807581, ""hand_head_union"": 0.0, ""two_hand_table_context"": 0.6724761680320457}",True,False,L11_R11|padding
train__c04__user23__1-1-2,4,Wipe_hands,4,Wipe_hands,0.4031666453527233,4,Wipe_hands,0.40801790442514196,retained_correct,"{""global_context"": 0.08213079770406087, ""left_interaction"": 0.03656118710835775, ""right_interaction"": 0.06991628805796306, ""hand_head_union"": 0.0, ""two_hand_table_context"": 0.8113916397094727}",True,False,L11_R11|padding
train__c04__user23__1-1-3,4,Wipe_hands,4,Wipe_hands,0.6377923087505868,4,Wipe_hands,0.6438015916232004,retained_correct,"{""global_context"": 0.19583027703421457, ""left_interaction"": 0.03270801192238217, ""right_interaction"": 0.09099087828681582, ""hand_head_union"": 0.0, ""two_hand_table_context"": 0.680470829918271}",True,False,L11_R11|padding
train__c04__user24__6-2-1,4,Wipe_hands,4,Wipe_hands,0.7355508091711108,4,Wipe_hands,0.7509083228657142,retained_correct,"{""global_context"": 0.44793507031032015, ""left_interaction"": 0.0007388898437576634, ""right_interaction"": 0.3587181568145752, ""hand_head_union"": 0.0, ""two_hand_table_context"": 0.19260784557887486}",True,False,L11_R11|padding
train__c04__user24__6-2-2,4,Wipe_hands,0,Wash_face,0.39173328472214014,0,Wash_face,0.4631456576800475,unchanged_wrong,"{""global_context"": 0.3315412521362305, ""left_interaction"": 0.07939614653587342, ""right_interaction"": 0.22004921436309816, ""hand_head_union"": 0.0, ""two_hand_table_context"": 0.36901345252990725}",True,False,L11_R11|padding
train__c04__user24__6-2-3,4,Wipe_hands,4,Wipe_hands,0.36654869112255867,4,Wipe_hands,0.4196607199029709,retained_correct,"{""global_context"": 0.2660785913467407, ""left_interaction"": 0.20269850889841715, ""right_interaction"": 0.2103708783785502, ""hand_head_union"": 0.0, ""two_hand_table_context"": 0.32085202137629193}",True,False,L11_R11|padding
train__c04__user4__1-1-1,4,Wipe_hands,0,Wash_face,0.915976188717611,0,Wash_face,0.9195320550151034,unchanged_wrong,"{""global_context"": 0.6314278892848803, ""left_interaction"": 0.2125311519788659, ""right_interaction"": 0.13283208142156186, ""hand_head_union"": 0.0, ""two_hand_table_context"": 0.02320883325908495}",True,False,L11_R11|padding
train__c04__user4__1-1-2,4,Wipe_hands,0,Wash_face,0.7491015161577222,0,Wash_face,0.7599216345576767,unchanged_wrong,"{""global_context"": 0.7450264150446112, ""left_interaction"": 0.06989131732420488, ""right_interaction"": 0.09915057095614346, ""hand_head_union"": 0.0, ""two_hand_table_context"": 0.08593178879130971}",True,False,L11_R11|padding
train__c04__user4__1-1-3,4,Wipe_hands,0,Wash_face,0.6129101731874097,0,Wash_face,0.6215497957125118,unchanged_wrong,"{""global_context"": 0.6938854518689608, ""left_interaction"": 0.10931047640348736, ""right_interaction"": 0.15474301890323036, ""hand_head_union"": 0.0, ""two_hand_table_context"": 0.04206099321967677}",True,False,L11_R11|padding
train__c05__user17__1-1-1,5,Put_on_clothes,5,Put_on_clothes,0.20251311937885905,5,Put_on_clothes,0.23846467955787584,retained_correct,"{""global_context"": 0.22526371479034424, ""left_interaction"": 0.3413182894388835, ""right_interaction"": 0.2295315464337667, ""hand_head_union"": 0.012319392214218775, ""two_hand_table_context"": 0.19156700372695923}",True,True,L11_R11
train__c05__user17__1-1-2,5,Put_on_clothes,5,Put_on_clothes,0.5827957335248586,5,Put_on_clothes,0.5947649489538822,retained_correct,"{""global_context"": 0.4483784039815267, ""left_interaction"": 0.2980062961578369, ""right_interaction"": 0.15673474470774332, ""hand_head_union"": 0.013822721938292185, ""two_hand_table_context"": 0.08305785059928894}",True,True,L11_R11
train__c05__user17__1-1-3,5,Put_on_clothes,31,Do_stretching_exercises,0.6559682799465099,31,Do_stretching_exercises,0.6670478604307926,unchanged_wrong,"{""global_context"": 0.15807427962621054, ""left_interaction"": 0.4264897108078003, ""right_interaction"": 0.17236649990081787, ""hand_head_union"": 0.023219262560208637, ""two_hand_table_context"": 0.219850222269694}",True,True,L11_R01|L11_R11
train__c05__user17__6-1-1,5,Put_on_clothes,20,Check_the_time,0.32104260370420895,20,Check_the_time,0.3329693320595646,unchanged_wrong,"{""global_context"": 0.8933767477671305, ""left_interaction"": 0.04248610635598501, ""right_interaction"": 0.04819341003894806, ""hand_head_union"": 0.015469059348106384, ""two_hand_table_context"": 0.000474641565233469}",True,True,L11_R11
train__c05__user17__6-1-2,5,Put_on_clothes,28,Jog_in_place,0.21562078220058636,28,Jog_in_place,0.2218985431719589,unchanged_wrong,"{""global_context"": 0.6918718020121256, ""left_interaction"": 0.1297338604927063, ""right_interaction"": 0.14296215772628784, ""hand_head_union"": 0.023877158761024475, ""two_hand_table_context"": 0.011555030941963196}",True,True,L11_R11
train__c05__user17__6-1-3,5,Put_on_clothes,28,Jog_in_place,0.4505238011413455,28,Jog_in_place,0.45278329835451325,unchanged_wrong,"{""global_context"": 0.7838195959726969, ""left_interaction"": 0.09971688191095988, ""right_interaction"": 0.09562496344248454, ""hand_head_union"": 0.020741314937671024, ""two_hand_table_context"": 9.718794414463143e-05}",True,True,L11_R11
train__c05__user23__4-3-1,5,Put_on_clothes,34,Sit_down,0.5081753213717466,34,Sit_down,0.5127633726421132,unchanged_wrong,"{""global_context"": 0.9796006173798533, ""left_interaction"": 0.0018939273149678202, ""right_interaction"": 0.013518752473773378, ""hand_head_union"": 0.0049607238986275415, ""two_hand_table_context"": 2.6070228848380573e-05}",True,True,L00_R00|L11_R11|padding
train__c05__user23__4-3-2,5,Put_on_clothes,23,Listen_to_music_with_headphones,0.4814747005915416,23,Listen_to_music_with_headphones,0.5828751064677438,unchanged_wrong,"{""global_context"": 0.9240896860758464, ""left_interaction"": 0.07496057351430258, ""right_interaction"": 0.0007566717142860095, ""hand_head_union"": 0.00019259201362729073, ""two_hand_table_context"": 5.732035788241774e-07}",True,True,L00_R00|L11_R11|padding
train__c05__user23__4-3-3,5,Put_on_clothes,3,Take_off_clothes,0.43796149244592947,3,Take_off_clothes,0.4579524233926694,unchanged_wrong,"{""global_context"": 0.7714709705776639, ""left_interaction"": 0.19817141691843668, ""right_interaction"": 0.024399131536483765, ""hand_head_union"": 1.3260531381496952e-05, ""two_hand_table_context"": 0.005945312066210641}",True,True,L00_R00|L11_R11|padding
train__c05__user23__5-2-1,5,Put_on_clothes,5,Put_on_clothes,0.6028110803900621,5,Put_on_clothes,0.616970228366253,retained_correct,"{""global_context"": 0.6366070412300728, ""left_interaction"": 0.10254087963619747, ""right_interaction"": 0.08865302962225836, ""hand_head_union"": 0.10161856058481578, ""two_hand_table_context"": 0.07058058558283625}",True,True,L11_R11|padding
train__c05__user23__5-2-2,5,Put_on_clothes,5,Put_on_clothes,0.7173202176987767,5,Put_on_clothes,0.7261112783558454,retained_correct,"{""global_context"": 0.6450414657592773, ""left_interaction"": 0.22008371353149414, ""right_interaction"": 0.12210769402353387, ""hand_head_union"": 0.0003454028138596761, ""two_hand_table_context"": 0.012421716984949614}",True,True,L00_R00|L11_R10|L11_R11|padding
train__c05__user23__5-2-3,5,Put_on_clothes,5,Put_on_clothes,0.4217104472387343,5,Put_on_clothes,0.43458379246207346,retained_correct,"{""global_context"": 0.9766968536376953, ""left_interaction"": 0.0031147930026054382, ""right_interaction"": 7.2873430326581e-05, ""hand_head_union"": 0.0012210992723703385, ""two_hand_table_context"": 0.018894453048706055}",True,True,L11_R11|padding
train__c05__user4__5-2-1,5,Put_on_clothes,31,Do_stretching_exercises,0.6640725360342309,31,Do_stretching_exercises,0.6646118464886909,unchanged_wrong,"{""global_context"": 0.5566840569178263, ""left_interaction"": 0.14344874024391174, ""right_interaction"": 0.29570738474527997, ""hand_head_union"": 0.004106425990660985, ""two_hand_table_context"": 5.330194350487242e-05}",True,True,L11_R00|L11_R01|L11_R11
train__c05__user4__5-2-2,5,Put_on_clothes,30,Do_jumping_jacks,0.3702461451723578,30,Do_jumping_jacks,0.37202691947671207,unchanged_wrong,"{""global_context"": 0.6413939396540324, ""left_interaction"": 0.119568665822347, ""right_interaction"": 0.20941120386123657, ""hand_head_union"": 0.005501239870985349, ""two_hand_table_context"": 0.024124865730603535}",True,True,L11_R11
train__c05__user4__5-2-3,5,Put_on_clothes,31,Do_stretching_exercises,0.7485529959610916,31,Do_stretching_exercises,0.7538069725158,unchanged_wrong,"{""global_context"": 0.8405051231384277, ""left_interaction"": 0.013188091417153677, ""right_interaction"": 0.11842932303746541, ""hand_head_union"": 0.027871390183766682, ""two_hand_table_context"": 6.08334994467441e-06}",True,True,L00_R00|L10_R11|L11_R11
train__c06__user23__5-3-3,6,Drink_water,8,Take_and_use_tableware,0.29835067362197065,7,Eat_food,0.47973304764625063,changed_wrong,"{""global_context"": 0.21090776920318605, ""left_interaction"": 0.16808613538742065, ""right_interaction"": 0.25109014511108396, ""hand_head_union"": 0.3686185836791992, ""two_hand_table_context"": 0.001297320146113634}",True,True,L11_R11|padding
train__c06__user24__2-1-1,6,Drink_water,6,Drink_water,0.8464537980889609,6,Drink_water,0.9672092056632652,retained_correct,"{""global_context"": 0.37768959045410155, ""left_interaction"": 0.21748180389404298, ""right_interaction"": 0.3644145584106445, ""hand_head_union"": 0.029500999450683595, ""two_hand_table_context"": 0.010913097858428955}",True,True,L10_R11|L11_R11|padding
train__c06__user24__2-1-2,6,Drink_water,6,Drink_water,0.8123092329886866,6,Drink_water,0.9575051509421358,retained_correct,"{""global_context"": 0.3441573248969184, ""left_interaction"": 0.1531282530890571, ""right_interaction"": 0.43258101851851855, ""hand_head_union"": 0.03150547875298394, ""two_hand_table_context"": 0.03862793798799868}",True,True,L11_R11|padding
train__c06__user24__2-1-3,6,Drink_water,6,Drink_water,0.5935021351761637,6,Drink_water,0.6707662214685209,retained_correct,"{""global_context"": 0.5520060062408447, ""left_interaction"": 0.056998678616115024, ""right_interaction"": 0.39085320063999723, ""hand_head_union"": 0.0, ""two_hand_table_context"": 0.00014215546460556134}",True,False,L11_R11|padding
train__c06__user24__4-2-1,6,Drink_water,6,Drink_water,0.5045487787878916,7,Eat_food,0.7881950514125216,harmed,"{""global_context"": 0.0034685787700471423, ""left_interaction"": 0.42103045327322824, ""right_interaction"": 0.5588479723249163, ""hand_head_union"": 0.0, ""two_hand_table_context"": 0.016652900548208328}",True,False,L11_R01|L11_R11|padding
train__c06__user24__4-2-2,6,Drink_water,37,Take_medicine,0.3779439346571175,37,Take_medicine,0.4257326120398165,unchanged_wrong,"{""global_context"": 0.12183090845743814, ""left_interaction"": 0.029915384451548257, ""right_interaction"": 0.8482536951700846, ""hand_head_union"": 0.0, ""two_hand_table_context"": 0.0}",False,False,L11_R01|L11_R11|padding
train__c06__user24__4-2-3,6,Drink_water,12,Sweep_the_floor,0.44210678443490303,12,Sweep_the_floor,0.4478107239105779,unchanged_wrong,"{""global_context"": 0.10321976156795726, ""left_interaction"": 0.14989467228160186, ""right_interaction"": 0.7468856362735524, ""hand_head_union"": 0.0, ""two_hand_table_context"": 0.0}",False,False,L11_R01|L11_R11|padding
train__c06__user4__2-1-1,6,Drink_water,6,Drink_water,0.791929574679928,6,Drink_water,0.7499743998025438,retained_correct,"{""global_context"": 0.03010198232289907, ""left_interaction"": 0.4938262217753642, ""right_interaction"": 0.000509003277968716, ""hand_head_union"": 0.47556114196777344, ""two_hand_table_context"": 1.651204444430265e-06}",True,True,L11_R11|padding
train__c06__user4__2-1-2,6,Drink_water,6,Drink_water,0.7982246760006461,6,Drink_water,0.9707042946694886,retained_correct,"{""global_context"": 0.24397704180549173, ""left_interaction"": 0.42331670312320485, ""right_interaction"": 0.00016447968835778097, ""hand_head_union"": 0.33254174625172334, ""two_hand_table_context"": 0.0}",False,True,L11_R11|padding
train__c06__user4__2-1-3,6,Drink_water,6,Drink_water,0.9043878515977484,6,Drink_water,0.9432917387383374,retained_correct,"{""global_context"": 0.16652062204149035, ""left_interaction"": 0.3304540316263835, ""right_interaction"": 0.18616165055168998, ""hand_head_union"": 0.28740819295247394, ""two_hand_table_context"": 0.02945547964837816}",True,True,L11_R11|padding
train__c06__user4__4-2-1,6,Drink_water,12,Sweep_the_floor,0.34636956864620627,12,Sweep_the_floor,0.4062146571876408,unchanged_wrong,"{""global_context"": 0.004809950478374958, ""left_interaction"": 0.0003011350442344944, ""right_interaction"": 0.9490532875061035, ""hand_head_union"": 0.04583565890789032, ""two_hand_table_context"": 0.0}",False,True,L11_R11
train__c06__user4__4-2-2,6,Drink_water,31,Do_stretching_exercises,0.5999413381298774,31,Do_stretching_exercises,0.7797526555799285,unchanged_wrong,"{""global_context"": 0.0008432687964381241, ""left_interaction"": 9.415370253164594e-05, ""right_interaction"": 0.9914157216141863, ""hand_head_union"": 0.007647028783472573, ""two_hand_table_context"": 0.0}",False,True,L11_R11|padding
train__c06__user4__4-2-3,6,Drink_water,37,Take_medicine,0.3306325256888033,37,Take_medicine,0.18678286431544128,unchanged_wrong,"{""global_context"": 3.390235007938111e-05, ""left_interaction"": 0.00014331653206185862, ""right_interaction"": 0.9998229055693655, ""hand_head_union"": 0.0, ""two_hand_table_context"": 0.0}",False,False,L11_R11|padding
train__c07__user17__1-2-1,7,Eat_food,11,Peel_fruits,0.27900113402334,8,Take_and_use_tableware,0.5634550279999275,changed_wrong,"{""global_context"": 0.32903250780972565, ""left_interaction"": 0.2773326960476962, ""right_interaction"": 0.10095317797227339, ""hand_head_union"": 0.2926718538457697, ""two_hand_table_context"": 9.786179527344013e-06}",True,True,L11_R11|padding
train__c07__user17__1-2-2,7,Eat_food,24,Use_a_mobile_phone,0.20693521212899568,8,Take_and_use_tableware,0.390975292210539,changed_wrong,"{""global_context"": 0.36687320470809937, ""left_interaction"": 0.4383474886417389, ""right_interaction"": 3.400351488380693e-06, ""hand_head_union"": 0.1942426711320877, ""two_hand_table_context"": 0.0005332305445335805}",True,True,L11_R11|padding
train__c07__user17__1-2-3,7,Eat_food,11,Peel_fruits,0.41859043408451074,8,Take_and_use_tableware,0.5221661263291913,changed_wrong,"{""global_context"": 0.6853043514749279, ""left_interaction"": 0.22470159115998642, ""right_interaction"": 0.011868843565816465, ""hand_head_union"": 0.07812524360159169, ""two_hand_table_context"": 0.0}",False,True,L11_R11|padding
train__c07__user17__2-2-1,7,Eat_food,11,Peel_fruits,0.4154954398228435,11,Peel_fruits,0.6718979937919922,unchanged_wrong,"{""global_context"": 0.21099272833930122, ""left_interaction"": 0.4157388475206163, ""right_interaction"": 0.000848213169309828, ""hand_head_union"": 0.26558041042751734, ""two_hand_table_context"": 0.10683985816107856}",True,True,L11_R11|padding
train__c07__user17__2-2-2,7,Eat_food,11,Peel_fruits,0.618702840508345,11,Peel_fruits,0.7448793048612057,unchanged_wrong,"{""global_context"": 0.1885690689086914, ""left_interaction"": 0.3621318817138672, ""right_interaction"": 0.01121537685394287, ""hand_head_union"": 0.06330089039272732, ""two_hand_table_context"": 0.3747828589545356}",True,True,L11_R11|padding
train__c07__user17__2-2-3,7,Eat_food,11,Peel_fruits,0.3310146088229009,11,Peel_fruits,0.49646707089677766,unchanged_wrong,"{""global_context"": 0.4554018020629883, ""left_interaction"": 0.3574387073516846, ""right_interaction"": 0.0006308486685156822, ""hand_head_union"": 0.0950290322303772, ""two_hand_table_context"": 0.09149959087371826}",True,True,L11_R11|padding
train__c07__user17__3-2-1,7,Eat_food,11,Peel_fruits,0.9225079546271148,11,Peel_fruits,0.9512602896558057,unchanged_wrong,"{""global_context"": 7.583439582958817e-07, ""left_interaction"": 0.5883808651485959, ""right_interaction"": 0.2567342036479228, ""hand_head_union"": 0.0, ""two_hand_table_context"": 0.1548841837290171}",True,False,L11_R11|padding
train__c07__user17__3-2-2,7,Eat_food,7,Eat_food,0.7543027926300321,7,Eat_food,0.7436067234990779,retained_correct,"{""global_context"": 1.905720872694955e-05, ""left_interaction"": 0.38049790438483744, ""right_interaction"": 0.5428931853350472, ""hand_head_union"": 0.0, ""two_hand_table_context"": 0.07658984380609848}",True,False,L11_R11|padding
train__c07__user17__3-2-3,7,Eat_food,7,Eat_food,0.6840880251398762,7,Eat_food,0.9569475912624946,retained_correct,"{""global_context"": 5.838753937636144e-06, ""left_interaction"": 0.2805025027348445, ""right_interaction"": 0.7133036393385667, ""hand_head_union"": 0.0, ""two_hand_table_context"": 0.0061879742604035596}",True,False,L11_R11|padding
train__c07__user17__5-2-1,7,Eat_food,7,Eat_food,0.534859382383495,7,Eat_food,0.919781988235828,retained_correct,"{""global_context"": 1.599307779542869e-07, ""left_interaction"": 0.30026865005493164, ""right_interaction"": 0.42691612243652344, ""hand_head_union"": 0.0001522988857080539, ""two_hand_table_context"": 0.27266276677449547}",True,True,L11_R11|padding
train__c07__user17__5-2-2,7,Eat_food,7,Eat_food,0.8180574362013091,7,Eat_food,0.8682144064370855,retained_correct,"{""global_context"": 6.955024918380121e-07, ""left_interaction"": 0.3503585595350999, ""right_interaction"": 0.5965571036705604, ""hand_head_union"": 0.001840156144820727, ""two_hand_table_context"": 0.05124345192542443}",True,True,L11_R11|padding
train__c07__user17__5-2-3,7,Eat_food,9,Pour_drinks,0.20645257743905807,9,Pour_drinks,0.2629555380010722,unchanged_wrong,"{""global_context"": 0.016980332407084377, ""left_interaction"": 0.1963808753273704, ""right_interaction"": 0.5025734034451571, ""hand_head_union"": 1.9104738219704647e-06, ""two_hand_table_context"": 0.28406349095431244}",True,True,L11_R11|padding
train__c07__user17__7-2-1,7,Eat_food,7,Eat_food,0.8172110974697846,7,Eat_food,0.862909932953921,retained_correct,"{""global_context"": 2.8812851702414698e-08, ""left_interaction"": 0.6585967654273623, ""right_interaction"": 0.258775688353039, ""hand_head_union"": 0.0009665378325042271, ""two_hand_table_context"": 0.0816609916232881}",True,True,L11_R11|padding
train__c07__user17__7-2-2,7,Eat_food,7,Eat_food,0.8823392396250906,7,Eat_food,0.9971552011938111,retained_correct,"{""global_context"": 2.084465831688119e-08, ""left_interaction"": 0.3802781105041504, ""right_interaction"": 0.3737559659140451, ""hand_head_union"": 0.16802528926304408, ""two_hand_table_context"": 0.07794065134865898}",True,True,L11_R11|padding
train__c07__user17__7-2-3,7,Eat_food,11,Peel_fruits,0.8887396367772971,11,Peel_fruits,0.9355430569030448,unchanged_wrong,"{""global_context"": 7.27198918563469e-08, ""left_interaction"": 0.47905057271321616, ""right_interaction"": 0.14912689526875814, ""hand_head_union"": 0.0, ""two_hand_table_context"": 0.3718224207560221}",True,False,L11_R11|padding
train__c07__user23__2-3-1,7,Eat_food,11,Peel_fruits,0.9199646574426622,11,Peel_fruits,0.9391056771683929,unchanged_wrong,"{""global_context"": 0.015811255862635952, ""left_interaction"": 0.6010061694729713, ""right_interaction"": 0.3542201442103232, ""hand_head_union"": 0.0, ""two_hand_table_context"": 0.028962529474689115}",True,False,L11_R11|padding
train__c07__user23__2-3-2,7,Eat_food,11,Peel_fruits,0.3890478429302805,7,Eat_food,0.4023578354845539,rescued,"{""global_context"": 2.0219705826699888e-06, ""left_interaction"": 0.689959446589152, ""right_interaction"": 0.3026511271794637, ""hand_head_union"": 0.0, ""two_hand_table_context"": 0.007387434442838033}",True,False,L11_R11|padding
train__c07__user23__2-3-3,7,Eat_food,7,Eat_food,0.9611420423005836,7,Eat_food,0.9994029964666927,retained_correct,"{""global_context"": 0.0009721779885391394, ""left_interaction"": 0.10935082038243611, ""right_interaction"": 0.8873475392659506, ""hand_head_union"": 0.0, ""two_hand_table_context"": 0.0023294431157410145}",True,False,L11_R11|padding
train__c07__user24__2-1-1,7,Eat_food,17,Tap_the_keyboard,0.3644622416760108,17,Tap_the_keyboard,0.33787371452392,unchanged_wrong,"{""global_context"": 0.9993053674697876, ""left_interaction"": 0.0006945509812794626, ""right_interaction"": 6.790839002235316e-10, ""hand_head_union"": 0.0, ""two_hand_table_context"": 1.8189781902933078e-09}",True,False,L11_R11|padding
train__c07__user24__2-1-2,7,Eat_food,20,Check_the_time,0.3877967205423296,20,Check_the_time,0.3686841538019042,unchanged_wrong,"{""global_context"": 0.9602747344970703, ""left_interaction"": 0.039706799983978275, ""right_interaction"": 1.5496163396164775e-05, ""hand_head_union"": 0.0, ""two_hand_table_context"": 3.0500185675919055e-06}",True,False,L11_R11|padding
train__c07__user24__2-1-3,7,Eat_food,20,Check_the_time,0.30369840611954046,20,Check_the_time,0.36247901083514533,unchanged_wrong,"{""global_context"": 0.8747610765344956, ""left_interaction"": 0.12523890944088206, ""right_interaction"": 7.524115082613956e-09, ""hand_head_union"": 0.0, ""two_hand_table_context"": 0.0}",False,False,L11_R11|padding
train__c07__user4__1-2-2,7,Eat_food,11,Peel_fruits,0.20632172677277227,11,Peel_fruits,0.20737381923358925,unchanged_wrong,"{""global_context"": 9.008880999103627e-07, ""left_interaction"": 0.2702499277451459, ""right_interaction"": 0.4039307201609892, ""hand_head_union"": 0.0, ""two_hand_table_context"": 0.3258184264687931}",True,False,L11_R11|padding
train__c07__user4__1-2-3,7,Eat_food,7,Eat_food,0.47302137114826714,7,Eat_food,0.9319640493613509,retained_correct,"{""global_context"": 1.0122452362406034e-05, ""left_interaction"": 0.09977631215695981, ""right_interaction"": 0.8139422381365741, ""hand_head_union"": 0.005672486843886199, ""two_hand_table_context"": 0.08059896363152398}",True,True,L11_R11|padding
train__c07__user4__2-1-1,7,Eat_food,9,Pour_drinks,0.4164901532426664,9,Pour_drinks,0.767849089158259,unchanged_wrong,"{""global_context"": 0.5303566058476766, ""left_interaction"": 0.17136621475219727, ""right_interaction"": 0.063350314895312, ""hand_head_union"": 0.0, ""two_hand_table_context"": 0.23492681980133057}",True,False,L11_R11
train__c07__user4__2-1-2,7,Eat_food,6,Drink_water,0.7605842414836502,6,Drink_water,0.9524999857381917,unchanged_wrong,"{""global_context"": 0.25260545990683814, ""left_interaction"": 0.29035852172157983, ""right_interaction"": 0.4508070945739746, ""hand_head_union"": 3.840006518823264e-07, ""two_hand_table_context"": 0.006228551268577576}",True,True,L11_R11|padding
train__c07__user4__2-1-3,7,Eat_food,6,Drink_water,0.27864120769529027,9,Pour_drinks,0.22112539225658678,changed_wrong,"{""global_context"": 0.8747658729553223, ""left_interaction"": 0.07248207926750183, ""right_interaction"": 3.213920717826113e-05, ""hand_head_union"": 0.0, ""two_hand_table_context"": 0.05271981656551361}",True,False,L11_R11|padding
train__c07__user4__5-1-1,7,Eat_food,39,Take_body_temperature,0.27990982921955554,2,Comb_hair,0.3961157635472761,changed_wrong,"{""global_context"": 7.224229556448756e-09, ""left_interaction"": 2.52465139895391e-05, ""right_interaction"": 0.9999672082754282, ""hand_head_union"": 0.0, ""two_hand_table_context"": 7.568044216336252e-06}",True,False,L11_R11|padding
train__c07__user4__5-1-2,7,Eat_food,2,Comb_hair,0.3283993589635568,2,Comb_hair,0.5137367283234222,unchanged_wrong,"{""global_context"": 1.0972460586344823e-05, ""left_interaction"": 0.12998836239178976, ""right_interaction"": 0.8448200225830078, ""hand_head_union"": 0.0, ""two_hand_table_context"": 0.02518058071533839}",True,False,L11_R11|padding
train__c07__user4__5-1-3,7,Eat_food,39,Take_body_temperature,0.3193646180905473,2,Comb_hair,0.5934867706786483,changed_wrong,"{""global_context"": 0.0002467575567689809, ""left_interaction"": 0.15306474223281397, ""right_interaction"": 0.8238888942834103, ""hand_head_union"": 0.0, ""two_hand_table_context"": 0.02279973030090332}",True,False,L11_R11|padding
train__c07__user4__7-2-1,7,Eat_food,7,Eat_food,0.7692768226606094,7,Eat_food,0.8729402664653483,retained_correct,"{""global_context"": 0.0001504414559652408, ""left_interaction"": 0.05116264820098877, ""right_interaction"": 0.4483390172322591, ""hand_head_union"": 0.367872428894043, ""two_hand_table_context"": 0.1324753999710083}",True,True,L11_R11|padding
train__c07__user4__7-2-2,7,Eat_food,7,Eat_food,0.2969946971372703,7,Eat_food,0.9611865554006119,retained_correct,"{""global_context"": 0.00017436985474298983, ""left_interaction"": 0.17935831406537225, ""right_interaction"": 0.4567703078774845, ""hand_head_union"": 0.23749803094302907, ""two_hand_table_context"": 0.12619892288656795}",True,True,L11_R11|padding
train__c07__user4__7-2-3,7,Eat_food,7,Eat_food,0.5354774904253012,7,Eat_food,0.8674387721051097,retained_correct,"{""global_context"": 2.3003955166565165e-06, ""left_interaction"": 0.00031407197405185016, ""right_interaction"": 0.7362960633777437, ""hand_head_union"": 0.253459476289295, ""two_hand_table_context"": 0.00992806184859503}",True,True,L11_R11|padding
train__c08__user17__1-2-1,8,Take_and_use_tableware,11,Peel_fruits,0.27900113402334,8,Take_and_use_tableware,0.5634550279999275,rescued,"{""global_context"": 0.32903250780972565, ""left_interaction"": 0.2773326960476962, ""right_interaction"": 0.10095317797227339, ""hand_head_union"": 0.2926718538457697, ""two_hand_table_context"": 9.786179527344013e-06}",True,True,L11_R11|padding
train__c08__user17__1-2-2,8,Take_and_use_tableware,24,Use_a_mobile_phone,0.20693521212899568,8,Take_and_use_tableware,0.390975292210539,rescued,"{""global_context"": 0.36687320470809937, ""left_interaction"": 0.4383474886417389, ""right_interaction"": 3.400351488380693e-06, ""hand_head_union"": 0.1942426711320877, ""two_hand_table_context"": 0.0005332305445335805}",True,True,L11_R11|padding
train__c08__user17__1-2-3,8,Take_and_use_tableware,11,Peel_fruits,0.41859043408451074,8,Take_and_use_tableware,0.5221661263291913,rescued,"{""global_context"": 0.6853043514749279, ""left_interaction"": 0.22470159115998642, ""right_interaction"": 0.011868843565816465, ""hand_head_union"": 0.07812524360159169, ""two_hand_table_context"": 0.0}",False,True,L11_R11|padding
train__c08__user17__2-1-1,8,Take_and_use_tableware,14,Wipe_bowls,0.3789298042130737,8,Take_and_use_tableware,0.560359549744888,rescued,"{""global_context"": 6.0251816951980196e-05, ""left_interaction"": 0.1874558793173896, ""right_interaction"": 0.30558710628085667, ""hand_head_union"": 0.0, ""two_hand_table_context"": 0.5068967077467177}",True,False,L11_R11|padding
train__c08__user17__2-1-2,8,Take_and_use_tableware,14,Wipe_bowls,0.2722652320359931,8,Take_and_use_tableware,0.46345794097517384,rescued,"{""global_context"": 0.0008104685693979263, ""left_interaction"": 0.19647041956583658, ""right_interaction"": 0.38329286928530093, ""hand_head_union"": 0.0, ""two_hand_table_context"": 0.41942628224690753}",True,False,L11_R11|padding
train__c08__user17__2-1-3,8,Take_and_use_tableware,14,Wipe_bowls,0.3779250966939368,8,Take_and_use_tableware,0.3056737310722768,rescued,"{""global_context"": 0.0003305654227733612, ""left_interaction"": 0.35396060943603513, ""right_interaction"": 0.3330665969848633, ""hand_head_union"": 0.0005963905528187752, ""two_hand_table_context"": 0.312045783996582}",True,True,L11_R11|padding
train__c08__user17__3-2-1,8,Take_and_use_tableware,15,Wipe_windows_and_tables,0.32515160209155947,15,Wipe_windows_and_tables,0.41179109539019076,unchanged_wrong,"{""global_context"": 8.518948047624335e-06, ""left_interaction"": 0.6628722729890243, ""right_interaction"": 0.254194218179454, ""hand_head_union"": 0.0, ""two_hand_table_context"": 0.08292498277581256}",True,False,L11_R11|padding
train__c08__user17__3-2-2,8,Take_and_use_tableware,14,Wipe_bowls,0.40739076050618955,10,Stir_drinks,0.4131483473854369,changed_wrong,"{""global_context"": 1.7997915384857433e-07, ""left_interaction"": 0.6478245176117996, ""right_interaction"": 0.01340765274804214, ""hand_head_union"": 0.0, ""two_hand_table_context"": 0.3387676765178812}",True,False,L11_R11|padding
train__c08__user17__3-2-3,8,Take_and_use_tableware,11,Peel_fruits,0.721323407870595,11,Peel_fruits,0.8879615465234921,unchanged_wrong,"{""global_context"": 0.00014617124169662193, ""left_interaction"": 0.7474988473428262, ""right_interaction"": 0.007341529871966387, ""hand_head_union"": 0.0, ""two_hand_table_context"": 0.24501357207427155}",True,False,L11_R11|padding
train__c08__user4__1-2-1,8,Take_and_use_tableware,15,Wipe_windows_and_tables,0.5079845047903524,15,Wipe_windows_and_tables,0.6211357553334679,unchanged_wrong,"{""global_context"": 0.6899238427480062, ""left_interaction"": 0.1979426940282186, ""right_interaction"": 0.11202675104141235, ""hand_head_union"": 0.0, ""two_hand_table_context"": 0.00010665312098960082}",True,False,L11_R11
train__c08__user4__1-2-2,8,Take_and_use_tableware,12,Sweep_the_floor,0.20973507949620615,12,Sweep_the_floor,0.24416256860031466,unchanged_wrong,"{""global_context"": 1.6860568670697673e-06, ""left_interaction"": 0.2838931290999703, ""right_interaction"": 0.47099971771240234, ""hand_head_union"": 0.0, ""two_hand_table_context"": 0.24510543242744778}",True,False,L11_R11|padding
train__c08__user4__2-1-1,8,Take_and_use_tableware,31,Do_stretching_exercises,0.4135508309848764,31,Do_stretching_exercises,0.42303679307001524,unchanged_wrong,"{""global_context"": 0.32642700797633123, ""left_interaction"": 0.2693905579416375, ""right_interaction"": 0.30284678308587326, ""hand_head_union"": 0.0, ""two_hand_table_context"": 0.10133562589946546}",True,False,L11_R11|padding
train__c08__user4__2-1-2,8,Take_and_use_tableware,32,Stand_up,0.8438610597153061,32,Stand_up,0.8480964213793569,unchanged_wrong,"{""global_context"": 0.5683082580566406, ""left_interaction"": 0.0003102728864178061, ""right_interaction"": 0.4313199043273926, ""hand_head_union"": 0.0, ""two_hand_table_context"": 6.151330890133977e-05}",True,False,L11_R11|padding
train__c08__user4__2-1-3,8,Take_and_use_tableware,32,Stand_up,0.9693683116533697,32,Stand_up,0.9714497491186386,unchanged_wrong,"{""global_context"": 0.4684804810418023, ""left_interaction"": 0.03221607539388868, ""right_interaction"": 0.4888919194539388, ""hand_head_union"": 0.0, ""two_hand_table_context"": 0.010411567158169217}",True,False,L11_R11|padding
train__c09__user17__1-2-1,9,Pour_drinks,8,Take_and_use_tableware,0.4558299738072192,8,Take_and_use_tableware,0.7342110910227856,unchanged_wrong,"{""global_context"": 0.2628716892666287, ""left_interaction"": 0.6418303030508535, ""right_interaction"": 0.05773915184868707, ""hand_head_union"": 0.0, ""two_hand_table_context"": 0.037558816097400805}",True,False,L11_R11|padding
train__c09__user17__1-2-2,9,Pour_drinks,9,Pour_drinks,0.606436410555386,9,Pour_drinks,0.7457785675525078,retained_correct,"{""global_context"": 0.12977011714662826, ""left_interaction"": 0.7576026916503906, ""right_interaction"": 0.019182537283216203, ""hand_head_union"": 0.0, ""two_hand_table_context"": 0.09344473055430821}",True,False,L11_R11|padding
train__c09__user17__1-2-3,9,Pour_drinks,17,Tap_the_keyboard,0.5788399528643199,17,Tap_the_keyboard,0.7025549056660807,unchanged_wrong,"{""global_context"": 0.7825765991210938, ""left_interaction"": 0.21629764556884765, ""right_interaction"": 0.0006327033787965774, ""hand_head_union"": 0.0, ""two_hand_table_context"": 0.0004930231720209121}",True,False,L11_R11|padding
train__c09__user17__2-1-1,9,Pour_drinks,9,Pour_drinks,0.5366643456097826,9,Pour_drinks,0.6388704674845473,retained_correct,"{""global_context"": 1.1785680193309512e-06, ""left_interaction"": 0.0722888913647882, ""right_interaction"": 0.5125713348388672, ""hand_head_union"": 0.0, ""two_hand_table_context"": 0.41513854059679756}",True,False,L11_R11|padding
train__c09__user17__2-1-2,9,Pour_drinks,15,Wipe_windows_and_tables,0.3175686746152541,15,Wipe_windows_and_tables,0.40701400459889914,unchanged_wrong,"{""global_context"": 2.1617786842398345e-05, ""left_interaction"": 0.669070053100586, ""right_interaction"": 0.22758517265319825, ""hand_head_union"": 0.0, ""two_hand_table_context"": 0.10332318544387817}",True,False,L11_R11|padding
train__c09__user17__2-1-3,9,Pour_drinks,9,Pour_drinks,0.7144776136487576,9,Pour_drinks,0.7785230800185947,retained_correct,"{""global_context"": 1.0493874120024535e-05, ""left_interaction"": 0.00011211556669038076, ""right_interaction"": 0.7012959993802584, ""hand_head_union"": 0.0, ""two_hand_table_context"": 0.2985813617706299}",True,False,L11_R11|padding
train__c09__user17__5-2-1,9,Pour_drinks,13,Mop_the_floor,0.5829436518097797,13,Mop_the_floor,0.4379982165315426,unchanged_wrong,"{""global_context"": 0.0004745192515353362, ""left_interaction"": 0.061434388160705566, ""right_interaction"": 0.747941705915663, ""hand_head_union"": 0.0, ""two_hand_table_context"": 0.19014937347835964}",True,False,L11_R11|padding
train__c09__user17__5-2-2,9,Pour_drinks,9,Pour_drinks,0.689746756542336,9,Pour_drinks,0.7607090480825425,retained_correct,"{""global_context"": 0.035358579262443214, ""left_interaction"": 0.1686139728711999, ""right_interaction"": 0.6657629013061523, ""hand_head_union"": 0.0, ""two_hand_table_context"": 0.1302645724752675}",True,False,L11_R11|padding
train__c09__user17__5-2-3,9,Pour_drinks,15,Wipe_windows_and_tables,0.6252470189543854,15,Wipe_windows_and_tables,0.7217309607584935,unchanged_wrong,"{""global_context"": 0.00036482795673821656, ""left_interaction"": 0.021194504840033396, ""right_interaction"": 0.22726588589804514, ""hand_head_union"": 0.0, ""two_hand_table_context"": 0.7511748586382184}",True,False,L11_R11|padding
train__c09__user23__5-3-3,9,Pour_drinks,10,Stir_drinks,0.3673720506139869,8,Take_and_use_tableware,0.5603635721757902,changed_wrong,"{""global_context"": 0.3981271425882975, ""left_interaction"": 0.1254256248474121, ""right_interaction"": 0.21437590916951496, ""hand_head_union"": 0.1953159968058268, ""two_hand_table_context"": 0.06675527890523275}",True,True,L11_R11|padding
train__c09__user4__1-2-1,9,Pour_drinks,9,Pour_drinks,0.6759430393258865,9,Pour_drinks,0.6140184265283503,retained_correct,"{""global_context"": 0.06547002991040547, ""left_interaction"": 0.14768731594085693, ""right_interaction"": 0.6925477981567383, ""hand_head_union"": 0.0, ""two_hand_table_context"": 0.09429485599199931}",True,False,L11_R11
train__c09__user4__1-2-2,9,Pour_drinks,10,Stir_drinks,0.6296356158371921,10,Stir_drinks,0.5470953509225036,unchanged_wrong,"{""global_context"": 0.08610535661379497, ""left_interaction"": 0.03960644950469335, ""right_interaction"": 0.8219274679819742, ""hand_head_union"": 0.0, ""two_hand_table_context"": 0.052360703547795616}",True,False,L11_R11
train__c09__user4__1-2-3,9,Pour_drinks,9,Pour_drinks,0.32074762844542887,9,Pour_drinks,0.367782281214018,retained_correct,"{""global_context"": 0.013698843618234, ""left_interaction"": 0.04169233640034994, ""right_interaction"": 0.29698793093363446, ""hand_head_union"": 0.0, ""two_hand_table_context"": 0.6476209163665771}",True,False,L11_R11
train__c09__user4__6-1-1,9,Pour_drinks,9,Pour_drinks,0.7165403390941142,9,Pour_drinks,0.8294507496543774,retained_correct,"{""global_context"": 0.06617673238118489, ""left_interaction"": 0.4542398850123088, ""right_interaction"": 0.47841020425160724, ""hand_head_union"": 0.0, ""two_hand_table_context"": 0.0011732108735789855}",True,False,L11_R11
train__c09__user4__6-1-2,9,Pour_drinks,10,Stir_drinks,0.48348030153104604,9,Pour_drinks,0.7604732907018632,rescued,"{""global_context"": 0.0747290849685669, ""left_interaction"": 0.6233680248260498, ""right_interaction"": 0.30190300941467285, ""hand_head_union"": 0.0, ""two_hand_table_context"": 0.0}",False,False,L11_R11
train__c09__user4__6-1-3,9,Pour_drinks,9,Pour_drinks,0.4802716150011036,9,Pour_drinks,0.5602137353480704,retained_correct,"{""global_context"": 0.10952106741971748, ""left_interaction"": 0.45221727947856105, ""right_interaction"": 0.4149490622586982, ""hand_head_union"": 0.0, ""two_hand_table_context"": 0.023312729458476223}",True,False,L11_R11|padding
train__c10__user17__2-1-1,10,Stir_drinks,9,Pour_drinks,0.6776886517339351,9,Pour_drinks,0.6247348867491119,unchanged_wrong,"{""global_context"": 3.127686707585147e-05, ""left_interaction"": 0.13283777236938477, ""right_interaction"": 0.5858980236631451, ""hand_head_union"": 0.0, ""two_hand_table_context"": 0.28123294945919153}",True,False,L11_R11|padding
train__c10__user17__2-1-2,10,Stir_drinks,9,Pour_drinks,0.7277412286114103,9,Pour_drinks,0.7914184070994839,unchanged_wrong,"{""global_context"": 1.8796873908805928e-06, ""left_interaction"": 0.9075450897216797, ""right_interaction"": 0.07820936611720494, ""hand_head_union"": 0.0, ""two_hand_table_context"": 0.014243655971118383}",True,False,L11_R11|padding
train__c10__user17__2-1-3,10,Stir_drinks,9,Pour_drinks,0.4766554829979333,9,Pour_drinks,0.5539262129531067,unchanged_wrong,"{""global_context"": 1.4097951035099951e-05, ""left_interaction"": 0.24241078983653674, ""right_interaction"": 0.7490025433627042, ""hand_head_union"": 0.0, ""two_hand_table_context"": 0.008572586558081886}",True,False,L11_R11|padding
train__c10__user17__2-2-1,10,Stir_drinks,15,Wipe_windows_and_tables,0.27243196118000934,15,Wipe_windows_and_tables,0.3218078140674461,unchanged_wrong,"{""global_context"": 0.9660913679334853, ""left_interaction"": 0.014563931359185113, ""right_interaction"": 0.0012691986781579476, ""hand_head_union"": 0.0, ""two_hand_table_context"": 0.018075612960038363}",True,False,L11_R11|padding
train__c10__user17__2-2-2,10,Stir_drinks,15,Wipe_windows_and_tables,0.36197329485884905,15,Wipe_windows_and_tables,0.3642704632320383,unchanged_wrong,"{""global_context"": 0.5995208876473563, ""left_interaction"": 0.21818276814052037, ""right_interaction"": 0.05922592111996242, ""hand_head_union"": 0.0, ""two_hand_table_context"": 0.12307035071509224}",True,False,L11_R11|padding
train__c10__user17__2-2-3,10,Stir_drinks,17,Tap_the_keyboard,0.37222795828061067,17,Tap_the_keyboard,0.4585282522753779,unchanged_wrong,"{""global_context"": 0.8516592979431152, ""left_interaction"": 0.04004129767417908, ""right_interaction"": 0.00011641649762168526, ""hand_head_union"": 0.0, ""two_hand_table_context"": 0.10818305015563964}",True,False,L11_R11|padding
train__c10__user17__5-2-1,10,Stir_drinks,10,Stir_drinks,0.5745905072371883,10,Stir_drinks,0.6685107345201831,retained_correct,"{""global_context"": 1.6321447963657028e-06, ""left_interaction"": 0.6606111959977583, ""right_interaction"": 0.2943750294772061, ""hand_head_union"": 0.0, ""two_hand_table_context"": 0.045012241060083565}",True,False,L11_R11|padding
train__c10__user17__5-2-2,10,Stir_drinks,10,Stir_drinks,0.7787841089141693,10,Stir_drinks,0.942994689714273,retained_correct,"{""global_context"": 2.9375719634572306e-08, ""left_interaction"": 0.14478141069412231, ""right_interaction"": 0.8545656204223633, ""hand_head_union"": 0.0, ""two_hand_table_context"": 0.0006530042737722397}",True,False,L11_R11|padding
train__c10__user17__5-2-3,10,Stir_drinks,10,Stir_drinks,0.5685094497476839,10,Stir_drinks,0.8532763815353298,retained_correct,"{""global_context"": 0.000533284991979599, ""left_interaction"": 0.009726669390996296, ""right_interaction"": 0.922770881652832, ""hand_head_union"": 0.0, ""two_hand_table_context"": 0.06696927547454834}",True,False,L11_R11|padding
train__c10__user23__5-3-3,10,Stir_drinks,9,Pour_drinks,0.46558741889966826,9,Pour_drinks,0.598447017055191,unchanged_wrong,"{""global_context"": 0.2019287177494594, ""left_interaction"": 0.6681889806474958, ""right_interaction"": 0.09687003067561559, ""hand_head_union"": 0.0, ""two_hand_table_context"": 0.033012287957327704}",True,False,L11_R11|padding
train__c10__user4__1-2-1,10,Stir_drinks,9,Pour_drinks,0.3811715893608895,8,Take_and_use_tableware,0.45368230678476584,changed_wrong,"{""global_context"": 0.02538363500074907, ""left_interaction"": 0.49802150148333924, ""right_interaction"": 0.43599264549486566, ""hand_head_union"": 0.0, ""two_hand_table_context"": 0.040602192734227036}",True,False,L11_R11|padding
train__c10__user4__1-2-2,10,Stir_drinks,37,Take_medicine,0.49015232880247805,38,Massage_oneself,0.28216942160705605,changed_wrong,"{""global_context"": 1.0966182583759195e-06, ""left_interaction"": 0.26269202483327764, ""right_interaction"": 0.7372925407008121, ""hand_head_union"": 0.0, ""two_hand_table_context"": 1.4215092003149421e-05}",True,False,L11_R11|padding
train__c10__user4__1-2-3,10,Stir_drinks,10,Stir_drinks,0.41084143895833425,10,Stir_drinks,0.4293717680142225,retained_correct,"{""global_context"": 0.024945985812407274, ""left_interaction"": 0.15027328637930062, ""right_interaction"": 0.8209205040564904, ""hand_head_union"": 0.0, ""two_hand_table_context"": 0.003860310579721744}",True,False,L11_R11|padding
train__c10__user4__5-1-1,10,Stir_drinks,37,Take_medicine,0.27891632777732317,10,Stir_drinks,0.3285784313283507,rescued,"{""global_context"": 1.0686324047881612e-10, ""left_interaction"": 6.575828592758626e-07, ""right_interaction"": 0.9999991257985433, ""hand_head_union"": 0.0, ""two_hand_table_context"": 1.6989787354759756e-07}",True,False,L11_R11
train__c10__user4__5-1-2,10,Stir_drinks,37,Take_medicine,0.2869204219121216,2,Comb_hair,0.30780616522065274,changed_wrong,"{""global_context"": 2.911295572024149e-07, ""left_interaction"": 0.005290697639187177, ""right_interaction"": 0.9946082433064779, ""hand_head_union"": 0.0, ""two_hand_table_context"": 0.00010074450983665884}",True,False,L11_R11
train__c10__user4__5-1-3,10,Stir_drinks,4,Wipe_hands,0.24170622194806374,10,Stir_drinks,0.7342353670787359,rescued,"{""global_context"": 4.893732744140725e-11, ""left_interaction"": 1.771027663616459e-08, ""right_interaction"": 0.999999858714916, ""hand_head_union"": 0.0, ""two_hand_table_context"": 1.4150476056750416e-07}",True,False,L11_R11|padding
train__c11__user17__7-2-1,11,Peel_fruits,10,Stir_drinks,0.4297136279758847,11,Peel_fruits,0.5900814453561031,rescued,"{""global_context"": 2.7842970178803294e-05, ""left_interaction"": 0.2745035683236471, ""right_interaction"": 0.6186204770716225, ""hand_head_union"": 0.0, ""two_hand_table_context"": 0.10684825152885623}",True,False,L11_R11|padding
train__c11__user17__7-2-2,11,Peel_fruits,11,Peel_fruits,0.9264324923388408,11,Peel_fruits,0.9752765804510335,retained_correct,"{""global_context"": 0.00016853313094803264, ""left_interaction"": 0.6717579977852958, ""right_interaction"": 0.15611084529331754, ""hand_head_union"": 0.0, ""two_hand_table_context"": 0.1719625745500837}",True,False,L11_R11|padding
train__c11__user17__7-2-3,11,Peel_fruits,11,Peel_fruits,0.8548175873256983,11,Peel_fruits,0.9499752984947305,retained_correct,"{""global_context"": 0.00175078112918597, ""left_interaction"": 0.5886984971853403, ""right_interaction"": 0.18277487388023964, ""hand_head_union"": 0.0, ""two_hand_table_context"": 0.2267757929288424}",True,False,L11_R11|padding
train__c11__user24__4-2-1,11,Peel_fruits,11,Peel_fruits,0.919928116335856,11,Peel_fruits,0.9727948830747046,retained_correct,"{""global_context"": 0.000410544181553026, ""left_interaction"": 0.5512118736902872, ""right_interaction"": 0.28206272919972736, ""hand_head_union"": 0.0, ""two_hand_table_context"": 0.1663148601849874}",True,False,L11_R11
train__c11__user24__4-2-2,11,Peel_fruits,11,Peel_fruits,0.9306099725367237,11,Peel_fruits,0.9752820718141094,retained_correct,"{""global_context"": 0.0018525587705274422, ""left_interaction"": 0.202763040860494, ""right_interaction"": 0.5649923086166382, ""hand_head_union"": 0.0, ""two_hand_table_context"": 0.23039209842681885}",True,False,L11_R11
train__c11__user24__4-2-3,11,Peel_fruits,11,Peel_fruits,0.8153346151122554,11,Peel_fruits,0.8848163489508107,retained_correct,"{""global_context"": 0.00032778943960483256, ""left_interaction"": 0.3350937549884503, ""right_interaction"": 0.4319769785954402, ""hand_head_union"": 0.0, ""two_hand_table_context"": 0.23260144086984488}",True,False,L11_R11|padding
train__c11__user4__1-2-1,11,Peel_fruits,8,Take_and_use_tableware,0.5172316960516724,8,Take_and_use_tableware,0.8590105658031992,unchanged_wrong,"{""global_context"": 0.027274837096532185, ""left_interaction"": 0.5192269086837769, ""right_interaction"": 0.4534984032313029, ""hand_head_union"": 0.0, ""two_hand_table_context"": 0.0}",False,False,L11_R11
train__c11__user4__1-2-2,11,Peel_fruits,10,Stir_drinks,0.6966153079097699,10,Stir_drinks,0.6240581773089655,unchanged_wrong,"{""global_context"": 0.08048158884048462, ""left_interaction"": 0.4585641225179036, ""right_interaction"": 0.3525685469309489, ""hand_head_union"": 0.0, ""two_hand_table_context"": 0.10838582118352254}",True,False,L11_R11
train__c11__user4__1-2-3,11,Peel_fruits,9,Pour_drinks,0.8411859588297316,9,Pour_drinks,0.863209211628757,unchanged_wrong,"{""global_context"": 0.43663753162730823, ""left_interaction"": 0.0908052000132474, ""right_interaction"": 0.27534662593494763, ""hand_head_union"": 0.0, ""two_hand_table_context"": 0.19721078872680664}",True,False,L11_R11|padding
train__c11__user4__2-1-1,11,Peel_fruits,10,Stir_drinks,0.8143553482578678,10,Stir_drinks,0.9620244025654742,unchanged_wrong,"{""global_context"": 0.02931265133183177, ""left_interaction"": 0.6862460345756717, ""right_interaction"": 7.014082756341384e-09, ""hand_head_union"": 0.0, ""two_hand_table_context"": 0.28444131990758387}",True,False,L11_R11|padding
train__c11__user4__2-1-2,11,Peel_fruits,6,Drink_water,0.8322715511059038,6,Drink_water,0.7806914523999579,unchanged_wrong,"{""global_context"": 0.46358251571655273, ""left_interaction"": 0.19923762480417886, ""right_interaction"": 0.05546367168426514, ""hand_head_union"": 0.0, ""two_hand_table_context"": 0.2817162407769097}",True,False,L11_R11|padding
train__c11__user4__2-1-3,11,Peel_fruits,6,Drink_water,0.7118925563808779,6,Drink_water,0.839810572879262,unchanged_wrong,"{""global_context"": 0.36222378960971174, ""left_interaction"": 0.5344297803681473, ""right_interaction"": 0.04550415483014337, ""hand_head_union"": 0.006400197230536362, ""two_hand_table_context"": 0.05144217507592563}",True,True,L11_R11|padding
train__c11__user4__6-1-1,11,Peel_fruits,11,Peel_fruits,0.5529683015465241,9,Pour_drinks,0.3333414835062021,harmed,"{""global_context"": 0.9074231928045099, ""left_interaction"": 0.047820578921924935, ""right_interaction"": 1.2322389838201078e-06, ""hand_head_union"": 0.0, ""two_hand_table_context"": 0.044755000959743156}",True,False,L11_R11|padding
train__c11__user4__6-1-2,11,Peel_fruits,10,Stir_drinks,0.39022930339186634,10,Stir_drinks,0.41591325178185334,unchanged_wrong,"{""global_context"": 0.81276535987854, ""left_interaction"": 0.12443808714548747, ""right_interaction"": 0.00021507612351949015, ""hand_head_union"": 0.0, ""two_hand_table_context"": 0.06258141497770946}",True,False,L11_R11
train__c11__user4__6-1-3,11,Peel_fruits,10,Stir_drinks,0.5758656618841345,11,Peel_fruits,0.3824529683860152,rescued,"{""global_context"": 0.3113078854300759, ""left_interaction"": 0.20795947855169122, ""right_interaction"": 0.0017559397965669632, ""hand_head_union"": 0.0, ""two_hand_table_context"": 0.4789767265319824}",True,False,L11_R11|padding
train__c11__user4__7-1-1,11,Peel_fruits,4,Wipe_hands,0.36239828282826453,4,Wipe_hands,0.42397485128189744,unchanged_wrong,"{""global_context"": 0.0004161141974770504, ""left_interaction"": 0.07456471609032672, ""right_interaction"": 0.8914615796959918, ""hand_head_union"": 0.0, ""two_hand_table_context"": 0.03355779855147652}",True,False,L11_R11|padding
train__c11__user4__7-1-2,11,Peel_fruits,39,Take_body_temperature,0.21404365851340723,31,Do_stretching_exercises,0.2819080805515923,changed_wrong,"{""global_context"": 1.7749011614035036e-05, ""left_interaction"": 0.013766929160716921, ""right_interaction"": 0.9861978042957394, ""hand_head_union"": 0.0, ""two_hand_table_context"": 1.7652347640589224e-05}",True,False,L11_R11|padding
train__c11__user4__7-1-3,11,Peel_fruits,37,Take_medicine,0.35490387721098476,38,Massage_oneself,0.44565567838733244,changed_wrong,"{""global_context"": 4.62061274916895e-05, ""left_interaction"": 0.08967600330229729, ""right_interaction"": 0.8740143314484627, ""hand_head_union"": 0.0, ""two_hand_table_context"": 0.03626343896312098}",True,False,L11_R11|padding
train__c12__user17__3-1-1,12,Sweep_the_floor,13,Mop_the_floor,0.7073461628143302,13,Mop_the_floor,0.7092911711518066,unchanged_wrong,"{""global_context"": 6.082781813650702e-06, ""left_interaction"": 0.4899070660273234, ""right_interaction"": 0.5064921379089355, ""hand_head_union"": 0.0, ""two_hand_table_context"": 0.0035947530219952264}",True,False,L11_R11
train__c12__user17__3-1-2,12,Sweep_the_floor,13,Mop_the_floor,0.5946370823911207,13,Mop_the_floor,0.5970067237791823,unchanged_wrong,"{""global_context"": 0.004241190540293853, ""left_interaction"": 0.5615158081054688, ""right_interaction"": 0.4194151560465495, ""hand_head_union"": 0.0, ""two_hand_table_context"": 0.0148277481396993}",True,False,L11_R11
train__c12__user17__3-1-3,12,Sweep_the_floor,13,Mop_the_floor,0.6473976641093543,13,Mop_the_floor,0.6496432016269532,unchanged_wrong,"{""global_context"": 5.8757421823266224e-05, ""left_interaction"": 0.6686497223682892, ""right_interaction"": 0.3289300722953601, ""hand_head_union"": 3.878449280865682e-05, ""two_hand_table_context"": 0.0023226772363369283}",True,True,L11_R11|padding
train__c12__user23__3-2-1,12,Sweep_the_floor,12,Sweep_the_floor,0.25419684853282604,12,Sweep_the_floor,0.2560739862898943,retained_correct,"{""global_context"": 0.34837865829467773, ""left_interaction"": 0.4086332321166992, ""right_interaction"": 0.13864258925120035, ""hand_head_union"": 0.0, ""two_hand_table_context"": 0.10434553027153015}",True,False,L11_R10|L11_R11
train__c12__user23__3-2-2,12,Sweep_the_floor,13,Mop_the_floor,0.5346263881849936,13,Mop_the_floor,0.536959011588452,unchanged_wrong,"{""global_context"": 0.3453190326690674, ""left_interaction"": 0.40315576394399005, ""right_interaction"": 0.2326079805692037, ""hand_head_union"": 0.0, ""two_hand_table_context"": 0.018917284905910492}",True,False,L11_R10|L11_R11
train__c12__user23__3-2-3,12,Sweep_the_floor,13,Mop_the_floor,0.6159786261776343,13,Mop_the_floor,0.6186929570485639,unchanged_wrong,"{""global_context"": 0.44645369052886963, ""left_interaction"": 0.21481619278589884, ""right_interaction"": 0.2563670078913371, ""hand_head_union"": 0.0, ""two_hand_table_context"": 0.08236309885978699}",True,False,L00_R00|L10_R11|L11_R11
train__c12__user4__2-2-1,12,Sweep_the_floor,37,Take_medicine,0.3434042637656732,38,Massage_oneself,0.4243059858448477,changed_wrong,"{""global_context"": 0.00021517657053967318, ""left_interaction"": 0.2553301652272542, ""right_interaction"": 0.7444547017415365, ""hand_head_union"": 0.0, ""two_hand_table_context"": 0.0}",False,False,L11_R11
train__c12__user4__2-2-2,12,Sweep_the_floor,2,Comb_hair,0.31957947768430867,2,Comb_hair,0.6108132892342896,unchanged_wrong,"{""global_context"": 6.12740041106008e-06, ""left_interaction"": 0.24706544478734335, ""right_interaction"": 0.46943525473276776, ""hand_head_union"": 0.28349318106969196, ""two_hand_table_context"": 0.0}",False,True,L11_R11
train__c12__user4__2-2-3,12,Sweep_the_floor,31,Do_stretching_exercises,0.6891000528898155,31,Do_stretching_exercises,0.712232172452276,unchanged_wrong,"{""global_context"": 2.9728534476210673e-05, ""left_interaction"": 0.187826136747996, ""right_interaction"": 0.6150194406509399, ""hand_head_union"": 0.1763896346092224, ""two_hand_table_context"": 0.020735067625840504}",True,True,L11_R11
train__c13__user17__3-1-1,13,Mop_the_floor,13,Mop_the_floor,0.567960582410432,13,Mop_the_floor,0.569989638851135,retained_correct,"{""global_context"": 0.0730392336845398, ""left_interaction"": 0.30428413550059, ""right_interaction"": 0.49735772609710693, ""hand_head_union"": 0.0, ""two_hand_table_context"": 0.12531898419062296}",True,False,L10_R11|L11_R11
train__c13__user17__3-1-2,13,Mop_the_floor,13,Mop_the_floor,0.6181312665748437,13,Mop_the_floor,0.6198713248415045,retained_correct,"{""global_context"": 0.021851428917476108, ""left_interaction"": 0.33307847522553946, ""right_interaction"": 0.5615621748424712, ""hand_head_union"": 0.0, ""two_hand_table_context"": 0.08350795791262672}",True,False,L10_R11|L11_R11|padding
train__c13__user17__3-1-3,13,Mop_the_floor,13,Mop_the_floor,0.7384487522132691,13,Mop_the_floor,0.7397087211045319,retained_correct,"{""global_context"": 4.028501347487758e-07, ""left_interaction"": 0.20119993774979203, ""right_interaction"": 0.6959304103144893, ""hand_head_union"": 0.0, ""two_hand_table_context"": 0.1028692987230089}",True,False,L11_R11|padding
train__c13__user4__2-2-1,13,Mop_the_floor,2,Comb_hair,0.34554969503492894,2,Comb_hair,0.35494554320217747,unchanged_wrong,"{""global_context"": 0.404916069724343, ""left_interaction"": 0.49515099958939984, ""right_interaction"": 0.09988148645921187, ""hand_head_union"": 0.0, ""two_hand_table_context"": 5.159291586923328e-05}",True,False,L11_R11|padding
train__c13__user4__2-2-2,13,Mop_the_floor,39,Take_body_temperature,0.3225685185473588,2,Comb_hair,0.29042680456073844,changed_wrong,"{""global_context"": 0.056642611821492515, ""left_interaction"": 0.6291285355885824, ""right_interaction"": 0.30383020639419556, ""hand_head_union"": 0.009591217463215193, ""two_hand_table_context"": 0.0008074358726541201}",True,True,L11_R11
train__c13__user4__2-2-3,13,Mop_the_floor,39,Take_body_temperature,0.1995528713634387,2,Comb_hair,0.19215879124468624,changed_wrong,"{""global_context"": 0.03941511809825897, ""left_interaction"": 0.6486018657684326, ""right_interaction"": 0.2988118648529053, ""hand_head_union"": 0.0, ""two_hand_table_context"": 0.01317109316587448}",True,False,L11_R11|padding
train__c14__user17__3-2-1,14,Wipe_bowls,15,Wipe_windows_and_tables,0.32515160209155947,15,Wipe_windows_and_tables,0.41179109539019076,unchanged_wrong,"{""global_context"": 8.518948047624335e-06, ""left_interaction"": 0.6628722729890243, ""right_interaction"": 0.254194218179454, ""hand_head_union"": 0.0, ""two_hand_table_context"": 0.08292498277581256}",True,False,L11_R11|padding
train__c14__user17__3-2-2,14,Wipe_bowls,14,Wipe_bowls,0.40739076050618955,10,Stir_drinks,0.4131483473854369,harmed,"{""global_context"": 1.7997915384857433e-07, ""left_interaction"": 0.6478245176117996, ""right_interaction"": 0.01340765274804214, ""hand_head_union"": 0.0, ""two_hand_table_context"": 0.3387676765178812}",True,False,L11_R11|padding
train__c14__user17__3-2-3,14,Wipe_bowls,11,Peel_fruits,0.721323407870595,11,Peel_fruits,0.8879615465234921,unchanged_wrong,"{""global_context"": 0.00014617124169662193, ""left_interaction"": 0.7474988473428262, ""right_interaction"": 0.007341529871966387, ""hand_head_union"": 0.0, ""two_hand_table_context"": 0.24501357207427155}",True,False,L11_R11|padding
train__c14__user4__4-2-1,14,Wipe_bowls,37,Take_medicine,0.21982227431521809,28,Jog_in_place,0.22173382129956007,changed_wrong,"{""global_context"": 2.0420384316821583e-07, ""left_interaction"": 0.0006605145366241535, ""right_interaction"": 0.9912588596343994, ""hand_head_union"": 0.0, ""two_hand_table_context"": 0.008080163970589638}",True,False,L11_R11
train__c14__user4__4-2-2,14,Wipe_bowls,37,Take_medicine,0.4130702643071384,2,Comb_hair,0.33329237021687425,changed_wrong,"{""global_context"": 1.2035242737814164e-05, ""left_interaction"": 0.11324553688367207, ""right_interaction"": 0.7785024642944336, ""hand_head_union"": 0.0, ""two_hand_table_context"": 0.10823996861775716}",True,False,L11_R11
train__c14__user4__4-2-3,14,Wipe_bowls,4,Wipe_hands,0.6401692247273612,4,Wipe_hands,0.706451948807371,unchanged_wrong,"{""global_context"": 7.109105917474915e-05, ""left_interaction"": 0.28272979490218625, ""right_interaction"": 0.5155852225518995, ""hand_head_union"": 0.0, ""two_hand_table_context"": 0.20161391842749812}",True,False,L11_R11|padding
train__c15__user17__2-2-1,15,Wipe_windows_and_tables,15,Wipe_windows_and_tables,0.926283571071103,15,Wipe_windows_and_tables,0.9276135127981352,retained_correct,"{""global_context"": 0.07554488182067871, ""left_interaction"": 0.3368751049041748, ""right_interaction"": 0.5875799655914307, ""hand_head_union"": 0.0, ""two_hand_table_context"": 0.0}",False,False,L11_R11|padding
train__c15__user17__2-2-2,15,Wipe_windows_and_tables,15,Wipe_windows_and_tables,0.8880368594922315,15,Wipe_windows_and_tables,0.8906982052607971,retained_correct,"{""global_context"": 0.07734364998049853, ""left_interaction"": 0.3440581298455959, ""right_interaction"": 0.4246744760652868, ""hand_head_union"": 0.0, ""two_hand_table_context"": 0.15392382551984088}",True,False,L01_R11|L11_R11|padding
train__c15__user17__2-2-3,15,Wipe_windows_and_tables,15,Wipe_windows_and_tables,0.8141120709411087,15,Wipe_windows_and_tables,0.8129477709584654,retained_correct,"{""global_context"": 0.2162374583157626, ""left_interaction"": 0.30237193541093305, ""right_interaction"": 0.37563172253695404, ""hand_head_union"": 0.0, ""two_hand_table_context"": 0.10575888373635033}",True,False,L01_R11|L11_R11|padding
train__c15__user17__3-3-1,15,Wipe_windows_and_tables,15,Wipe_windows_and_tables,0.6648006133779957,15,Wipe_windows_and_tables,0.6675675711603833,retained_correct,"{""global_context"": 0.9659892772806102, ""left_interaction"": 1.0788796222688437e-06, ""right_interaction"": 0.03390691198151687, ""hand_head_union"": 0.00010278992804473844, ""two_hand_table_context"": 0.0}",False,True,L11_R11|padding
train__c15__user17__3-3-2,15,Wipe_windows_and_tables,15,Wipe_windows_and_tables,0.7997170551558873,15,Wipe_windows_and_tables,0.8030226030399826,retained_correct,"{""global_context"": 0.8443473012823808, ""left_interaction"": 0.00032546050160339, ""right_interaction"": 0.15532723226045309, ""hand_head_union"": 0.0, ""two_hand_table_context"": 0.0}",False,False,L11_R11|padding
train__c15__user17__3-3-3,15,Wipe_windows_and_tables,15,Wipe_windows_and_tables,0.718631421195934,15,Wipe_windows_and_tables,0.7202207293306881,retained_correct,"{""global_context"": 0.857949938092913, ""left_interaction"": 2.039903899588223e-05, ""right_interaction"": 0.14202874898910522, ""hand_head_union"": 9.094958061593518e-07, ""two_hand_table_context"": 0.0}",False,True,L11_R11|padding
train__c15__user23__3-1-1,15,Wipe_windows_and_tables,31,Do_stretching_exercises,0.47394454309911144,31,Do_stretching_exercises,0.4746305613165866,unchanged_wrong,"{""global_context"": 0.8323705991109213, ""left_interaction"": 0.003308225733538469, ""right_interaction"": 0.11331925789515178, ""hand_head_union"": 0.0, ""two_hand_table_context"": 0.05100193123022715}",True,False,L11_R11
train__c15__user23__3-1-2,15,Wipe_windows_and_tables,31,Do_stretching_exercises,0.8476357901747861,31,Do_stretching_exercises,0.8476331366912504,unchanged_wrong,"{""global_context"": 0.7094871034013465, ""left_interaction"": 0.057809494911356174, ""right_interaction"": 0.19160670422493142, ""hand_head_union"": 7.187188702060821e-05, ""two_hand_table_context"": 0.041024705196948764}",True,True,L11_R00|L11_R01|L11_R11|padding
train__c15__user23__3-1-3,15,Wipe_windows_and_tables,32,Stand_up,0.21857062432500768,32,Stand_up,0.27560131001336363,unchanged_wrong,"{""global_context"": 0.9776790936787924, ""left_interaction"": 0.00760297787686189, ""right_interaction"": 0.006108105182647705, ""hand_head_union"": 0.0, ""two_hand_table_context"": 0.00860981953640779}",True,False,L11_R11
train__c16__user17__6-1-1,16,Fold_clothes,32,Stand_up,0.28377335433015477,32,Stand_up,0.29401273242180337,unchanged_wrong,"{""global_context"": 0.9646108945210775, ""left_interaction"": 0.014141485095024109, ""right_interaction"": 0.012090150266885757, ""hand_head_union"": 0.009157629062732061, ""two_hand_table_context"": 0.0}",False,True,L11_R11
train__c16__user17__6-1-2,16,Fold_clothes,35,Do_lunges,0.40083445948569557,35,Do_lunges,0.40502126330168714,unchanged_wrong,"{""global_context"": 0.9424122174580892, ""left_interaction"": 0.04564878841241201, ""right_interaction"": 0.01183907687664032, ""hand_head_union"": 0.0, ""two_hand_table_context"": 9.997971937991679e-05}",True,False,L11_R11
train__c16__user17__6-1-3,16,Fold_clothes,16,Fold_clothes,0.6545126441165142,16,Fold_clothes,0.6730864882512456,retained_correct,"{""global_context"": 0.9910373687744141, ""left_interaction"": 0.0001506895013153553, ""right_interaction"": 0.0006014306098222732, ""hand_head_union"": 0.0, ""two_hand_table_context"": 0.00821059286594391}",True,False,L11_R11|padding
train__c16__user23__4-3-1,16,Fold_clothes,27,Take_a_selfie,0.20105786671909354,38,Massage_oneself,0.19447399014094274,changed_wrong,"{""global_context"": 0.9552686782110305, ""left_interaction"": 0.004254022169680823, ""right_interaction"": 0.03917982464744931, ""hand_head_union"": 0.0010398540291048231, ""two_hand_table_context"": 0.000257577547537429}",True,True,L11_R11|padding
train__c16__user23__4-3-2,16,Fold_clothes,34,Sit_down,0.7481431411522148,34,Sit_down,0.7527039784139175,unchanged_wrong,"{""global_context"": 0.8530447342816521, ""left_interaction"": 0.05088876626070808, ""right_interaction"": 0.05529035890803618, ""hand_head_union"": 0.01280770407003515, ""two_hand_table_context"": 0.027968476800357595}",True,True,L00_R00|L11_R11|padding
train__c16__user23__4-3-3,16,Fold_clothes,23,Listen_to_music_with_headphones,0.35322022430943406,23,Listen_to_music_with_headphones,0.39068600605665493,unchanged_wrong,"{""global_context"": 0.953391847156343, ""left_interaction"": 0.04658893176487514, ""right_interaction"": 1.5949981475603724e-05, ""hand_head_union"": 0.0, ""two_hand_table_context"": 3.403098075761504e-06}",True,False,L11_R11|padding
train__c16__user24__4-1-1,16,Fold_clothes,28,Jog_in_place,0.4972657021955819,28,Jog_in_place,0.5019019348280207,unchanged_wrong,"{""global_context"": 0.3642174005508423, ""left_interaction"": 0.15294857819875082, ""right_interaction"": 0.2848956783612569, ""hand_head_union"": 0.08611995975176494, ""two_hand_table_context"": 0.1118183434009552}",True,True,L11_R11
train__c16__user24__4-1-2,16,Fold_clothes,28,Jog_in_place,0.7336315407314671,28,Jog_in_place,0.7379145059399248,unchanged_wrong,"{""global_context"": 0.6453919410705566, ""left_interaction"": 0.11743388573328654, ""right_interaction"": 0.11475383241971333, ""hand_head_union"": 0.08314944803714752, ""two_hand_table_context"": 0.03927093744277954}",True,True,L11_R00|L11_R11
train__c16__user24__4-1-3,16,Fold_clothes,28,Jog_in_place,0.4139533908977132,28,Jog_in_place,0.4163980994613471,unchanged_wrong,"{""global_context"": 0.7619711330958775, ""left_interaction"": 0.08061282123838152, ""right_interaction"": 0.15639918191092356, ""hand_head_union"": 0.0, ""two_hand_table_context"": 0.0010168887009578092}",True,False,L11_R11|padding
train__c17__user17__4-1-1,17,Tap_the_keyboard,17,Tap_the_keyboard,0.8334646122729469,17,Tap_the_keyboard,0.7140528268112154,retained_correct,"{""global_context"": 1.0, ""left_interaction"": 4.5286415358466076e-10, ""right_interaction"": 5.032962254366188e-08, ""hand_head_union"": 0.0, ""two_hand_table_context"": 8.219081896558104e-11}",True,False,L11_R11
train__c17__user17__4-1-2,17,Tap_the_keyboard,17,Tap_the_keyboard,0.902582692810491,17,Tap_the_keyboard,0.8392651006915217,retained_correct,"{""global_context"": 0.9999788602193197, ""left_interaction"": 2.117183127362902e-05, ""right_interaction"": 2.7500562012801783e-11, ""hand_head_union"": 0.0, ""two_hand_table_context"": 1.4114680489211532e-11}",True,False,L11_R11
train__c17__user17__4-1-3,17,Tap_the_keyboard,17,Tap_the_keyboard,0.9550822133264961,17,Tap_the_keyboard,0.9232084714593334,retained_correct,"{""global_context"": 1.0, ""left_interaction"": 8.892633157620011e-12, ""right_interaction"": 5.181893687293085e-13, ""hand_head_union"": 0.0, ""two_hand_table_context"": 1.6676889903755043e-12}",True,False,L11_R11
train__c17__user23__5-3-2,17,Tap_the_keyboard,33,Lie_down,0.3960861577860071,33,Lie_down,0.3872982960461219,unchanged_wrong,"{""global_context"": 1.0, ""left_interaction"": 0.0, ""right_interaction"": 0.0, ""hand_head_union"": 0.0, ""two_hand_table_context"": 0.0}",False,False,L00_R00|padding
train__c17__user23__5-3-3,17,Tap_the_keyboard,9,Pour_drinks,0.38142405704605753,9,Pour_drinks,0.7192802643890532,unchanged_wrong,"{""global_context"": 0.11894379456837972, ""left_interaction"": 0.32068169911702477, ""right_interaction"": 0.2902135213216146, ""hand_head_union"": 0.2098012924194336, ""two_hand_table_context"": 0.060359708468119305}",True,True,L11_R11|padding
train__c17__user24__1-2-1,17,Tap_the_keyboard,20,Check_the_time,0.3024504452471084,21,Read_documents,0.3242521360670956,changed_wrong,"{""global_context"": 1.0, ""left_interaction"": 1.6529130656787554e-08, ""right_interaction"": 2.041637969796284e-09, ""hand_head_union"": 0.0, ""two_hand_table_context"": 5.057462966936063e-10}",True,False,L11_R11
train__c17__user24__1-2-2,17,Tap_the_keyboard,17,Tap_the_keyboard,0.4409091596402188,17,Tap_the_keyboard,0.3399295220962424,retained_correct,"{""global_context"": 0.9999314880371094, ""left_interaction"": 1.1711962599747494e-09, ""right_interaction"": 4.6427318011410535e-07, ""hand_head_union"": 0.0, ""two_hand_table_context"": 6.802972871810198e-05}",True,False,L11_R01|L11_R10|L11_R11|padding
train__c17__user24__1-2-3,17,Tap_the_keyboard,20,Check_the_time,0.5542731440133106,20,Check_the_time,0.5697412483165923,unchanged_wrong,"{""global_context"": 0.9999980926513672, ""left_interaction"": 8.65211771475339e-08, ""right_interaction"": 1.019779090476673e-06, ""hand_head_union"": 0.0, ""two_hand_table_context"": 8.445975606352271e-07}",True,False,L11_R11|padding
train__c17__user24__7-2-1,17,Tap_the_keyboard,8,Take_and_use_tableware,0.5746649011266752,9,Pour_drinks,0.31595471898412925,changed_wrong,"{""global_context"": 0.3363212462394468, ""left_interaction"": 0.6158968402493384, ""right_interaction"": 0.03278595785940847, ""hand_head_union"": 0.0, ""two_hand_table_context"": 0.014996043136042933}",True,False,L11_R11|padding
train__c17__user24__7-2-2,17,Tap_the_keyboard,15,Wipe_windows_and_tables,0.8213923983010863,15,Wipe_windows_and_tables,0.8738361659614399,unchanged_wrong,"{""global_context"": 0.08494515168039422, ""left_interaction"": 0.8383283113178454, ""right_interaction"": 0.010208144783973694, ""hand_head_union"": 0.0, ""two_hand_table_context"": 0.06651845731233295}",True,False,L11_R11|padding
train__c17__user24__7-2-3,17,Tap_the_keyboard,15,Wipe_windows_and_tables,0.5380575265261364,15,Wipe_windows_and_tables,0.5085112136247366,unchanged_wrong,"{""global_context"": 0.29444182546515213, ""left_interaction"": 0.40357953623721476, ""right_interaction"": 0.03056419523138749, ""hand_head_union"": 0.0, ""two_hand_table_context"": 0.27141448071128443}",True,False,L11_R11|padding
train__c17__user4__4-1-1,17,Tap_the_keyboard,17,Tap_the_keyboard,0.4130786445019403,17,Tap_the_keyboard,0.44098116744561877,retained_correct,"{""global_context"": 0.9996682008107504, ""left_interaction"": 0.00013758506005009016, ""right_interaction"": 8.085679534512261e-06, ""hand_head_union"": 0.0, ""two_hand_table_context"": 0.00018620283420508107}",True,False,L11_R11
train__c17__user4__4-1-2,17,Tap_the_keyboard,17,Tap_the_keyboard,0.4219374869616649,17,Tap_the_keyboard,0.4443500514421527,retained_correct,"{""global_context"": 0.9994109581256735, ""left_interaction"": 0.00026547189416556525, ""right_interaction"": 0.0003000958340949026, ""hand_head_union"": 0.0, ""two_hand_table_context"": 2.361198180708392e-05}",True,False,L11_R11|padding
train__c17__user4__4-1-3,17,Tap_the_keyboard,17,Tap_the_keyboard,0.7095147809694873,17,Tap_the_keyboard,0.6977344829741827,retained_correct,"{""global_context"": 0.999733148619186, ""left_interaction"": 3.023071342816598e-07, ""right_interaction"": 0.00026592376187097196, ""hand_head_union"": 0.0, ""two_hand_table_context"": 7.90474925536749e-07}",True,False,L11_R11|padding
train__c17__user4__5-2-1,17,Tap_the_keyboard,9,Pour_drinks,0.5227852947524751,9,Pour_drinks,0.8158845301774285,unchanged_wrong,"{""global_context"": 0.9994591871897379, ""left_interaction"": 3.127978319146981e-05, ""right_interaction"": 0.0004997528934230407, ""hand_head_union"": 0.0, ""two_hand_table_context"": 9.773788406164385e-06}",True,False,L11_R11
train__c17__user4__5-2-2,17,Tap_the_keyboard,17,Tap_the_keyboard,0.8260022718644032,17,Tap_the_keyboard,0.7802444700564051,retained_correct,"{""global_context"": 0.9998229344685873, ""left_interaction"": 0.00015283830968352655, ""right_interaction"": 5.034876267018262e-06, ""hand_head_union"": 0.0, ""two_hand_table_context"": 1.919810165418312e-05}",True,False,L11_R11
train__c17__user4__5-2-3,17,Tap_the_keyboard,17,Tap_the_keyboard,0.7151964844238065,17,Tap_the_keyboard,0.7048301898763387,retained_correct,"{""global_context"": 0.9929365317026774, ""left_interaction"": 0.00705840935309728, ""right_interaction"": 2.1172844147561896e-06, ""hand_head_union"": 0.0, ""two_hand_table_context"": 2.90994679138142e-06}",True,False,L11_R11
train__c18__user23__4-1-1,18,Write,26,Play_games,0.49334164830496025,26,Play_games,0.6178154984955729,unchanged_wrong,"{""global_context"": 0.9997572104136149, ""left_interaction"": 5.590479759121081e-07, ""right_interaction"": 0.00024168272890771428, ""hand_head_union"": 0.0, ""two_hand_table_context"": 6.297301903638678e-07}",True,False,L11_R11
train__c18__user23__4-1-2,18,Write,26,Play_games,0.36777008009199463,21,Read_documents,0.37899519493633155,changed_wrong,"{""global_context"": 0.9968457221984863, ""left_interaction"": 0.0029461213077108064, ""right_interaction"": 0.00020675050715605417, ""hand_head_union"": 0.0, ""two_hand_table_context"": 1.3325961845112033e-06}",True,False,L11_R11
train__c18__user23__4-1-3,18,Write,17,Tap_the_keyboard,0.3262258751316856,21,Read_documents,0.38722452694519527,changed_wrong,"{""global_context"": 0.9998523394266764, ""left_interaction"": 8.750705167888857e-08, ""right_interaction"": 0.0001475658112516006, ""hand_head_union"": 0.0, ""two_hand_table_context"": 6.2597014978867565e-09}",True,False,L11_R11
train__c18__user23__7-1-1,18,Write,15,Wipe_windows_and_tables,0.9546607731169076,15,Wipe_windows_and_tables,0.9734502139956345,unchanged_wrong,"{""global_context"": 0.7668586238738029, ""left_interaction"": 0.12567130211860902, ""right_interaction"": 0.03869905779438634, ""hand_head_union"": 0.0, ""two_hand_table_context"": 0.06877098544951409}",True,False,L11_R11|padding
train__c18__user23__7-1-3,18,Write,15,Wipe_windows_and_tables,0.36309036796856914,15,Wipe_windows_and_tables,0.38442616432495375,unchanged_wrong,"{""global_context"": 0.9237741990522905, ""left_interaction"": 0.0074733983386646614, ""right_interaction"": 0.00020851848900995472, ""hand_head_union"": 0.0, ""two_hand_table_context"": 0.06854387846860019}",True,False,L11_R11|padding
train__c18__user24__1-2-1,18,Write,26,Play_games,0.6403414479074929,22,Turn_pages,0.4185951561727229,changed_wrong,"{""global_context"": 1.0, ""left_interaction"": 3.373110418431893e-09, ""right_interaction"": 1.3583469220012537e-07, ""hand_head_union"": 0.0, ""two_hand_table_context"": 1.546864910671823e-09}",True,False,L11_R11|padding
train__c18__user24__1-2-2,18,Write,26,Play_games,0.5799179513938504,27,Take_a_selfie,0.6232096484546179,changed_wrong,"{""global_context"": 0.999999015561996, ""left_interaction"": 4.041468796898581e-08, ""right_interaction"": 9.549597551437815e-07, ""hand_head_union"": 0.0, ""two_hand_table_context"": 1.0070739482480642e-07}",True,False,L11_R11|padding
train__c18__user24__1-2-3,18,Write,26,Play_games,0.5556318016168648,21,Read_documents,0.42522300206394215,changed_wrong,"{""global_context"": 0.9999995512120864, ""left_interaction"": 1.5134207612611723e-10, ""right_interaction"": 5.065700379953555e-07, ""hand_head_union"": 0.0, ""two_hand_table_context"": 0.0}",False,False,L11_R11|padding
train__c18__user4__4-1-1,18,Write,20,Check_the_time,0.4863912678160071,20,Check_the_time,0.5322455573839766,unchanged_wrong,"{""global_context"": 0.9974911597467238, ""left_interaction"": 7.49324193044055e-05, ""right_interaction"": 0.0024338633783401982, ""hand_head_union"": 0.0, ""two_hand_table_context"": 0.0}",False,False,L11_R11|padding
train__c18__user4__4-1-2,18,Write,17,Tap_the_keyboard,0.8520007368951621,17,Tap_the_keyboard,0.7548353546939846,unchanged_wrong,"{""global_context"": 0.9999802329323508, ""left_interaction"": 1.538149345750836e-05, ""right_interaction"": 2.041641354563498e-07, ""hand_head_union"": 0.0, ""two_hand_table_context"": 4.255851474061439e-06}",True,False,L11_R11|padding
train__c18__user4__4-1-3,18,Write,17,Tap_the_keyboard,0.9163546697810004,17,Tap_the_keyboard,0.8506929222297207,unchanged_wrong,"{""global_context"": 0.999941349029541, ""left_interaction"": 1.4502507110591977e-05, ""right_interaction"": 1.4508075764751994e-06, ""hand_head_union"": 0.0, ""two_hand_table_context"": 4.2742973892018196e-05}",True,False,L11_R11|padding
train__c19__user23__4-2-1,19,Make_a_phone_call,5,Put_on_clothes,0.6534734734929298,5,Put_on_clothes,0.6693184236620884,unchanged_wrong,"{""global_context"": 0.6867724765430797, ""left_interaction"": 0.18819056857715954, ""right_interaction"": 0.12419151176105846, ""hand_head_union"": 0.0, ""two_hand_table_context"": 0.0008454451506788081}",True,False,L11_R11|padding
train__c19__user23__4-2-2,19,Make_a_phone_call,5,Put_on_clothes,0.651971016451618,5,Put_on_clothes,0.6614459270974933,unchanged_wrong,"{""global_context"": 0.945491481471706, ""left_interaction"": 0.014604019152151572, ""right_interaction"": 0.017810323753872433, ""hand_head_union"": 0.00356117938015912, ""two_hand_table_context"": 0.018533054235819225}",True,True,L11_R11|padding
train__c19__user23__4-2-3,19,Make_a_phone_call,38,Massage_oneself,0.5928847558272554,38,Massage_oneself,0.6871621770625548,unchanged_wrong,"{""global_context"": 0.6231594085693359, ""left_interaction"": 0.1585602495405409, ""right_interaction"": 0.01669830580552419, ""hand_head_union"": 0.007204425003793504, ""two_hand_table_context"": 0.19437758127848306}",True,True,L11_R11|padding
train__c19__user24__3-2-1,19,Make_a_phone_call,20,Check_the_time,0.4348666884974493,20,Check_the_time,0.4714635733757087,unchanged_wrong,"{""global_context"": 0.9001881829623518, ""left_interaction"": 0.09977172983103785, ""right_interaction"": 1.2358835223933746e-05, ""hand_head_union"": 0.0, ""two_hand_table_context"": 2.767885071707183e-05}",True,False,L11_R11|padding
train__c19__user24__3-2-2,19,Make_a_phone_call,7,Eat_food,0.41116018394890236,23,Listen_to_music_with_headphones,0.6903547184251643,changed_wrong,"{""global_context"": 0.7721182505289713, ""left_interaction"": 0.22765105962753296, ""right_interaction"": 0.0002196329296566546, ""hand_head_union"": 0.0, ""two_hand_table_context"": 1.1047002772102132e-05}",True,False,L11_R11|padding
train__c19__user24__3-2-3,19,Make_a_phone_call,23,Listen_to_music_with_headphones,0.7389159375156444,23,Listen_to_music_with_headphones,0.7817740326948326,unchanged_wrong,"{""global_context"": 0.91296735017196, ""left_interaction"": 0.08699908463851265, ""right_interaction"": 3.132309622900642e-05, ""hand_head_union"": 0.0, ""two_hand_table_context"": 2.2763026367022614e-06}",True,False,L11_R11|padding
train__c19__user4__6-1-2,19,Make_a_phone_call,11,Peel_fruits,0.4816898516369042,9,Pour_drinks,0.3702756189254884,changed_wrong,"{""global_context"": 0.9641820122213924, ""left_interaction"": 0.027155464186387902, ""right_interaction"": 5.9287050081526535e-05, ""hand_head_union"": 0.0, ""two_hand_table_context"": 0.008603172267184538}",True,False,L11_R11|padding
train__c19__user4__6-1-3,19,Make_a_phone_call,7,Eat_food,0.5069181655709905,7,Eat_food,0.45146196847908204,unchanged_wrong,"{""global_context"": 0.2807044982910156, ""left_interaction"": 0.6183161484567743, ""right_interaction"": 0.012904944388489974, ""hand_head_union"": 0.0, ""two_hand_table_context"": 0.08807440180527537}",True,False,L11_R11|padding
train__c20__user17__1-2-1,20,Check_the_time,8,Take_and_use_tableware,0.4871235039431794,8,Take_and_use_tableware,0.8383705882999073,unchanged_wrong,"{""global_context"": 0.46819400787353516, ""left_interaction"": 0.4751213859109318, ""right_interaction"": 8.6256508331965e-05, ""hand_head_union"": 0.0, ""two_hand_table_context"": 0.05659830920836505}",True,False,L11_R11|padding
train__c20__user17__1-2-2,20,Check_the_time,8,Take_and_use_tableware,0.5192779842715903,8,Take_and_use_tableware,0.8069355710609283,unchanged_wrong,"{""global_context"": 0.3828516244888306, ""left_interaction"": 0.2837135076522827, ""right_interaction"": 1.57333561219275e-05, ""hand_head_union"": 0.0, ""two_hand_table_context"": 0.33341915607452394}",True,False,L11_R11|padding
train__c20__user17__1-2-3,20,Check_the_time,20,Check_the_time,0.5215579283024806,20,Check_the_time,0.5790669046557765,retained_correct,"{""global_context"": 0.9183533408425071, ""left_interaction"": 0.08162903785705566, ""right_interaction"": 1.7676322551613506e-05, ""hand_head_union"": 0.0, ""two_hand_table_context"": 0.0}",False,False,L11_R11|padding
train__c20__user17__4-1-1,20,Check_the_time,20,Check_the_time,0.8460840136802517,20,Check_the_time,0.819530061126661,retained_correct,"{""global_context"": 0.9928459439958844, ""left_interaction"": 0.007153719131435666, ""right_interaction"": 3.5604271683301446e-07, ""hand_head_union"": 0.0, ""two_hand_table_context"": 5.877381914487501e-13}",True,False,L11_R11|padding
train__c20__user17__4-1-2,20,Check_the_time,17,Tap_the_keyboard,0.5006618139743804,17,Tap_the_keyboard,0.49751179563775344,unchanged_wrong,"{""global_context"": 0.9986886382102966, ""left_interaction"": 0.0013113348977640271, ""right_interaction"": 1.7403862639236989e-12, ""hand_head_union"": 0.0, ""two_hand_table_context"": 0.0}",False,False,L11_R11|padding
train__c20__user17__4-1-3,20,Check_the_time,17,Tap_the_keyboard,0.47880592831182817,17,Tap_the_keyboard,0.4727667789028083,unchanged_wrong,"{""global_context"": 0.9999981607709613, ""left_interaction"": 1.8231238365323016e-06, ""right_interaction"": 5.8843069306036e-12, ""hand_head_union"": 0.0, ""two_hand_table_context"": 1.4009399303140003e-14}",True,False,L11_R11|padding
train__c20__user24__7-2-1,20,Check_the_time,8,Take_and_use_tableware,0.3785060990589228,8,Take_and_use_tableware,0.3541556676730856,unchanged_wrong,"{""global_context"": 0.06775328246029941, ""left_interaction"": 0.05180293863469904, ""right_interaction"": 0.7233884551308372, ""hand_head_union"": 0.10097059336575595, ""two_hand_table_context"": 0.056084746664220635}",True,True,L11_R11|padding
train__c20__user24__7-2-2,20,Check_the_time,6,Drink_water,0.4027524420733352,7,Eat_food,0.9066890847677658,changed_wrong,"{""global_context"": 0.005335607650605115, ""left_interaction"": 0.0907698544588956, ""right_interaction"": 0.5509159781716086, ""hand_head_union"": 0.2819489565762607, ""two_hand_table_context"": 0.07102964141152122}",True,True,L11_R11|padding
train__c20__user24__7-2-3,20,Check_the_time,6,Drink_water,0.3770257243608094,7,Eat_food,0.30355525669065536,changed_wrong,"{""global_context"": 0.19381166759290194, ""left_interaction"": 0.19573857909754702, ""right_interaction"": 0.4935801656622636, ""hand_head_union"": 0.06440106818550512, ""two_hand_table_context"": 0.05246845985713758}",True,True,L11_R11|padding
train__c20__user4__5-2-1,20,Check_the_time,31,Do_stretching_exercises,0.6302201451468769,31,Do_stretching_exercises,0.644836486905496,unchanged_wrong,"{""global_context"": 0.0022896440780681114, ""left_interaction"": 0.617954627327297, ""right_interaction"": 0.08173504083052925, ""hand_head_union"": 0.16031202026035474, ""two_hand_table_context"": 0.1377087054045304}",True,True,L11_R11|padding
train__c20__user4__5-2-2,20,Check_the_time,31,Do_stretching_exercises,0.3335938826128943,31,Do_stretching_exercises,0.4945998854554,unchanged_wrong,"{""global_context"": 0.08821592479944229, ""left_interaction"": 0.3597817122936249, ""right_interaction"": 0.006887172348797321, ""hand_head_union"": 0.22578145563602448, ""two_hand_table_context"": 0.3193337321281433}",True,True,L11_R11|padding
train__c20__user4__5-2-3,20,Check_the_time,39,Take_body_temperature,0.29088887242685824,31,Do_stretching_exercises,0.36759887603672387,changed_wrong,"{""global_context"": 0.0007769874381748112, ""left_interaction"": 0.7178900892084296, ""right_interaction"": 0.11751135912808505, ""hand_head_union"": 0.1030266284942627, ""two_hand_table_context"": 0.06079500371759588}",True,True,L11_R11|padding
train__c21__user17__4-1-1,21,Read_documents,22,Turn_pages,0.41904674727649016,21,Read_documents,0.5633922246216205,rescued,"{""global_context"": 0.9992187023162842, ""left_interaction"": 0.0007803260038296381, ""right_interaction"": 8.171333926535832e-07, ""hand_head_union"": 0.0, ""two_hand_table_context"": 2.331642576791637e-07}",True,False,L11_R11
train__c21__user17__4-1-2,21,Read_documents,21,Read_documents,0.3711482816989126,21,Read_documents,0.5930990636355682,retained_correct,"{""global_context"": 0.9999540646870931, ""left_interaction"": 4.535132029559463e-05, ""right_interaction"": 5.946604157240168e-07, ""hand_head_union"": 0.0, ""two_hand_table_context"": 1.0461717655137666e-07}",True,False,L11_R11
train__c21__user17__4-1-3,21,Read_documents,22,Turn_pages,0.3523218188199904,21,Read_documents,0.49365778202589683,rescued,"{""global_context"": 0.999995504106794, ""left_interaction"": 3.913341840546179e-06, ""right_interaction"": 5.272174153755518e-07, ""hand_head_union"": 0.0, ""two_hand_table_context"": 4.329221578050887e-08}",True,False,L11_R11|padding
train__c21__user23__4-1-1,21,Read_documents,22,Turn_pages,0.43842898671091257,22,Turn_pages,0.35821224464566587,unchanged_wrong,"{""global_context"": 0.9999192279318104, ""left_interaction"": 3.35773169670416e-05, ""right_interaction"": 4.7198562558902346e-05, ""hand_head_union"": 0.0, ""two_hand_table_context"": 0.0}",False,False,L00_R00|L11_R11|padding
train__c21__user23__4-1-2,21,Read_documents,22,Turn_pages,0.33051144030862956,21,Read_documents,0.4826392208317191,rescued,"{""global_context"": 0.9954450202710701, ""left_interaction"": 0.004285227620240414, ""right_interaction"": 0.0002678873468980645, ""hand_head_union"": 0.0, ""two_hand_table_context"": 1.938321722925387e-06}",True,False,L11_R11|padding
train__c21__user23__4-1-3,21,Read_documents,17,Tap_the_keyboard,0.3015015106844652,21,Read_documents,0.511286943598315,rescued,"{""global_context"": 0.9974196173928, ""left_interaction"": 0.002463341775265607, ""right_interaction"": 5.081203756741492e-08, ""hand_head_union"": 0.0, ""two_hand_table_context"": 0.00011703396343033422}",True,False,L11_R11|padding
train__c21__user24__1-2-1,21,Read_documents,21,Read_documents,0.3691636055327863,21,Read_documents,0.5022533543436831,retained_correct,"{""global_context"": 0.997032642364502, ""left_interaction"": 0.0007052986572186152, ""right_interaction"": 0.0018236739560961723, ""hand_head_union"": 0.0, ""two_hand_table_context"": 0.0004383095462496082}",True,False,L11_R00|L11_R10|L11_R11
train__c21__user24__1-2-2,21,Read_documents,17,Tap_the_keyboard,0.740894667740643,17,Tap_the_keyboard,0.5836831129485723,unchanged_wrong,"{""global_context"": 0.9999991522894965, ""left_interaction"": 2.788825036582744e-07, ""right_interaction"": 5.018317905422817e-07, ""hand_head_union"": 0.0, ""two_hand_table_context"": 1.3558683854676525e-07}",True,False,L11_R00|L11_R01|L11_R11|padding
train__c21__user24__1-2-3,21,Read_documents,21,Read_documents,0.3349059995321051,21,Read_documents,0.5364920913890857,retained_correct,"{""global_context"": 0.9998284180959066, ""left_interaction"": 2.0187764372773622e-06, ""right_interaction"": 0.000160796237954249, ""hand_head_union"": 0.0, ""two_hand_table_context"": 8.833512159374854e-06}",True,False,L11_R11
train__c21__user24__7-2-1,21,Read_documents,8,Take_and_use_tableware,0.5457592793223952,8,Take_and_use_tableware,0.8032257932996685,unchanged_wrong,"{""global_context"": 0.3191383083661397, ""left_interaction"": 0.3071828881899516, ""right_interaction"": 0.35438740253448486, ""hand_head_union"": 0.0, ""two_hand_table_context"": 0.01929142450292905}",True,False,L11_R11
train__c21__user24__7-2-2,21,Read_documents,8,Take_and_use_tableware,0.49290686216919044,11,Peel_fruits,0.18223797436080916,changed_wrong,"{""global_context"": 0.7793300204806858, ""left_interaction"": 0.19741967519124348, ""right_interaction"": 0.018696912129720054, ""hand_head_union"": 0.00025928347474998896, ""two_hand_table_context"": 0.0042940672900941635}",True,True,L11_R11|padding
train__c21__user24__7-2-3,21,Read_documents,8,Take_and_use_tableware,0.554132972967879,8,Take_and_use_tableware,0.8055470918110487,unchanged_wrong,"{""global_context"": 0.3049312233924866, ""left_interaction"": 0.44573108355204266, ""right_interaction"": 0.20736382404963175, ""hand_head_union"": 0.0, ""two_hand_table_context"": 0.04197398324807485}",True,False,L11_R11
train__c21__user4__4-1-1,21,Read_documents,11,Peel_fruits,0.6944499678732479,11,Peel_fruits,0.3633438623396547,unchanged_wrong,"{""global_context"": 0.7296430269877116, ""left_interaction"": 0.040505157576666936, ""right_interaction"": 6.903646484109534e-08, ""hand_head_union"": 0.0, ""two_hand_table_context"": 0.22985172271728516}",True,False,L11_R11|padding
train__c21__user4__4-1-2,21,Read_documents,11,Peel_fruits,0.6446742568206032,9,Pour_drinks,0.2626500413465745,changed_wrong,"{""global_context"": 0.9076294898986816, ""left_interaction"": 0.07917511959870656, ""right_interaction"": 0.0004464376252144575, ""hand_head_union"": 0.0, ""two_hand_table_context"": 0.012749054779609045}",True,False,L11_R11|padding
train__c21__user4__4-1-3,21,Read_documents,11,Peel_fruits,0.4400235709859208,11,Peel_fruits,0.6682694822737185,unchanged_wrong,"{""global_context"": 0.2639734745025635, ""left_interaction"": 0.16505653659502664, ""right_interaction"": 1.044077483432678e-05, ""hand_head_union"": 0.0, ""two_hand_table_context"": 0.5709595282872518}",True,False,L11_R11|padding
train__c22__user24__1-2-1,22,Turn_pages,22,Turn_pages,0.28545185205427526,21,Read_documents,0.35751093992112887,harmed,"{""global_context"": 0.9999976780103601, ""left_interaction"": 5.90228331060169e-07, ""right_interaction"": 1.5766822996184877e-06, ""hand_head_union"": 0.0, ""two_hand_table_context"": 3.0320317186440504e-07}",True,False,L11_R00|L11_R10|L11_R11|padding
train__c22__user24__1-2-2,22,Turn_pages,17,Tap_the_keyboard,0.3933829115749443,21,Read_documents,0.40789152998625144,changed_wrong,"{""global_context"": 0.999999015561996, ""left_interaction"": 3.238298426543723e-07, ""right_interaction"": 5.802675361572314e-07, ""hand_head_union"": 0.0, ""two_hand_table_context"": 1.5742923478096454e-07}",True,False,L11_R00|L11_R01|L11_R11|padding
train__c22__user24__1-2-3,22,Turn_pages,22,Turn_pages,0.4523607464293923,22,Turn_pages,0.4704934465109508,retained_correct,"{""global_context"": 0.9999865089974752, ""left_interaction"": 2.3567158566992275e-06, ""right_interaction"": 8.90580761223668e-07, ""hand_head_union"": 0.0, ""two_hand_table_context"": 1.0311880387456679e-05}",True,False,L11_R11|padding
train__c22__user24__7-2-1,22,Turn_pages,15,Wipe_windows_and_tables,0.62989969178073,15,Wipe_windows_and_tables,0.6484871829097224,unchanged_wrong,"{""global_context"": 0.4480241707393101, ""left_interaction"": 0.21408382483891078, ""right_interaction"": 0.19585864884512766, ""hand_head_union"": 0.0, ""two_hand_table_context"": 0.14203335557665145}",True,False,L11_R11|padding
train__c22__user24__7-2-2,22,Turn_pages,15,Wipe_windows_and_tables,0.9004793111711074,15,Wipe_windows_and_tables,0.9398207954372577,unchanged_wrong,"{""global_context"": 0.8275808606828962, ""left_interaction"": 0.13783063207353866, ""right_interaction"": 0.027924011860574995, ""hand_head_union"": 0.0004167055844196251, ""two_hand_table_context"": 0.006247685956103461}",True,True,L11_R11|padding
train__c22__user24__7-2-3,22,Turn_pages,8,Take_and_use_tableware,0.6037174743206647,8,Take_and_use_tableware,0.8340840263875143,unchanged_wrong,"{""global_context"": 0.3026387857836346, ""left_interaction"": 0.3959918798402298, ""right_interaction"": 0.254514871641647, ""hand_head_union"": 0.0, ""two_hand_table_context"": 0.0468545070914335}",True,False,L11_R11|padding
train__c22__user4__4-1-1,22,Turn_pages,11,Peel_fruits,0.44626503318702443,22,Turn_pages,0.22959492266064685,rescued,"{""global_context"": 0.9487040837605795, ""left_interaction"": 0.035307877593570285, ""right_interaction"": 1.2512876613376042e-05, ""hand_head_union"": 0.0, ""two_hand_table_context"": 0.01597558127509223}",True,False,L11_R11|padding
train__c22__user4__4-1-2,22,Turn_pages,11,Peel_fruits,0.6071607828245099,9,Pour_drinks,0.20075894793929294,changed_wrong,"{""global_context"": 0.963035359102137, ""left_interaction"": 0.01459551471121171, ""right_interaction"": 0.000947541173766641, ""hand_head_union"": 0.0, ""two_hand_table_context"": 0.021421637605218327}",True,False,L11_R11|padding
train__c22__user4__4-1-3,22,Turn_pages,22,Turn_pages,0.27114675874802124,22,Turn_pages,0.39337113979533567,retained_correct,"{""global_context"": 0.8604676781631098, ""left_interaction"": 0.03132756744943014, ""right_interaction"": 0.0922124676588105, ""hand_head_union"": 0.0, ""two_hand_table_context"": 0.01599220822497112}",True,False,L11_R11|padding
train__c23__user17__6-2-1,23,Listen_to_music_with_headphones,37,Take_medicine,0.2934401438050601,23,Listen_to_music_with_headphones,0.1850052096359274,rescued,"{""global_context"": 0.5439024386198624, ""left_interaction"": 0.008920278886090155, ""right_interaction"": 0.3785272681194803, ""hand_head_union"": 0.06832863973534625, ""two_hand_table_context"": 0.0003214005947760914}",True,True,L11_R11|padding
train__c23__user17__6-2-2,23,Listen_to_music_with_headphones,13,Mop_the_floor,0.20870362802658787,13,Mop_the_floor,0.2123651356799215,unchanged_wrong,"{""global_context"": 0.5731166390811696, ""left_interaction"": 0.1313013749964097, ""right_interaction"": 0.2847611202913172, ""hand_head_union"": 0.006588017239290125, ""two_hand_table_context"": 0.004232816836413215}",True,True,L11_R11|padding
train__c23__user17__6-2-3,23,Listen_to_music_with_headphones,28,Jog_in_place,0.3434880623897929,28,Jog_in_place,0.34555202921737493,unchanged_wrong,"{""global_context"": 0.6355838775634766, ""left_interaction"": 0.016327257667269026, ""right_interaction"": 0.34770539828709196, ""hand_head_union"": 0.0001222050964965352, ""two_hand_table_context"": 0.0002612201164343527}",True,True,L11_R11|padding
train__c23__user17__7-1-1,23,Listen_to_music_with_headphones,23,Listen_to_music_with_headphones,0.7121850714551293,23,Listen_to_music_with_headphones,0.7918696623339712,retained_correct,"{""global_context"": 0.9420309066772461, ""left_interaction"": 0.055754964550336204, ""right_interaction"": 0.0021935893843571344, ""hand_head_union"": 1.9878815995374072e-05, ""two_hand_table_context"": 7.630803035378145e-07}",True,True,L11_R11
train__c23__user17__7-1-2,23,Listen_to_music_with_headphones,23,Listen_to_music_with_headphones,0.5725338222178149,23,Listen_to_music_with_headphones,0.7130642092625182,retained_correct,"{""global_context"": 0.8647845586140951, ""left_interaction"": 0.12504014372825623, ""right_interaction"": 0.009937829027573267, ""hand_head_union"": 1.0965200969437205e-10, ""two_hand_table_context"": 0.00023750644565249482}",True,True,L11_R11
train__c23__user17__7-1-3,23,Listen_to_music_with_headphones,20,Check_the_time,0.6682124986551697,20,Check_the_time,0.7797057243161893,unchanged_wrong,"{""global_context"": 0.9999791781107584, ""left_interaction"": 1.678442640695721e-05, ""right_interaction"": 6.789789116131335e-08, ""hand_head_union"": 3.967084315566656e-06, ""two_hand_table_context"": 5.046008766385057e-08}",True,True,L11_R11
train__c23__user23__4-2-1,23,Listen_to_music_with_headphones,39,Take_body_temperature,0.3380790285575626,2,Comb_hair,0.439098677634788,changed_wrong,"{""global_context"": 0.5168459608748153, ""left_interaction"": 0.0935188628531791, ""right_interaction"": 0.37273205937565984, ""hand_head_union"": 0.0, ""two_hand_table_context"": 0.016903081455746212}",True,False,L11_R11|padding
train__c23__user23__4-2-2,23,Listen_to_music_with_headphones,27,Take_a_selfie,0.5578757742391268,27,Take_a_selfie,0.7966353334079588,unchanged_wrong,"{""global_context"": 0.42751273241910065, ""left_interaction"": 0.23030638694763184, ""right_interaction"": 0.2806283777410334, ""hand_head_union"": 0.038879085670817985, ""two_hand_table_context"": 0.022673497145826168}",True,True,L11_R11|padding
train__c23__user23__4-2-3,23,Listen_to_music_with_headphones,37,Take_medicine,0.3340777115507643,37,Take_medicine,0.3314376340426797,unchanged_wrong,"{""global_context"": 0.43657763799031574, ""left_interaction"": 0.2614068190256755, ""right_interaction"": 0.17816338274214003, ""hand_head_union"": 0.08774383862813313, ""two_hand_table_context"": 0.03610832823647393}",True,True,L11_R11|padding
train__c23__user23__5-1-1,23,Listen_to_music_with_headphones,23,Listen_to_music_with_headphones,0.6432849973963536,23,Listen_to_music_with_headphones,0.8046959604811886,retained_correct,"{""global_context"": 0.5584514935811361, ""left_interaction"": 0.17921276887257895, ""right_interaction"": 0.18377898136774698, ""hand_head_union"": 0.0027615254124005637, ""two_hand_table_context"": 0.07579525808493297}",True,True,L11_R11
train__c23__user23__5-1-2,23,Listen_to_music_with_headphones,7,Eat_food,0.4192337153738294,23,Listen_to_music_with_headphones,0.3744750068043852,rescued,"{""global_context"": 0.37351807488335503, ""left_interaction"": 0.23964462280273438, ""right_interaction"": 0.32898568047417537, ""hand_head_union"": 0.0004923419819937812, ""two_hand_table_context"": 0.05735926098293728}",True,True,L11_R11|padding
train__c23__user24__5-1-1,23,Listen_to_music_with_headphones,6,Drink_water,0.3701977523639858,6,Drink_water,0.5790460417890836,unchanged_wrong,"{""global_context"": 0.09563519737937233, ""left_interaction"": 0.5808024550929214, ""right_interaction"": 0.28740689248749707, ""hand_head_union"": 0.03563995072335908, ""two_hand_table_context"": 0.0005155651068145579}",True,True,L11_R11|padding
train__c23__user24__5-1-2,23,Listen_to_music_with_headphones,6,Drink_water,0.7096205641447626,6,Drink_water,0.9467787573135688,unchanged_wrong,"{""global_context"": 0.042852545326406304, ""left_interaction"": 0.2620794122869318, ""right_interaction"": 0.5548900257457386, ""hand_head_union"": 0.14017777009443802, ""two_hand_table_context"": 2.828423930623103e-07}",True,True,L11_R11|padding
train__c23__user24__5-1-3,23,Listen_to_music_with_headphones,6,Drink_water,0.32575178398278415,6,Drink_water,0.5952557860652206,unchanged_wrong,"{""global_context"": 0.3101361945823387, ""left_interaction"": 0.38035364504213687, ""right_interaction"": 0.22849399072152596, ""hand_head_union"": 0.08100839014406558, ""two_hand_table_context"": 7.728582002326018e-06}",True,True,L11_R11|padding
train__c23__user24__7-2-1,23,Listen_to_music_with_headphones,7,Eat_food,0.46906035341515695,7,Eat_food,0.8291685732407448,unchanged_wrong,"{""global_context"": 0.01801721565425396, ""left_interaction"": 0.21736477315425873, ""right_interaction"": 0.30412131547927856, ""hand_head_union"": 0.4130478501319885, ""two_hand_table_context"": 0.04744882136583328}",True,True,L11_R11|padding
train__c23__user24__7-2-2,23,Listen_to_music_with_headphones,6,Drink_water,0.3754932300643573,7,Eat_food,0.8222547302966159,changed_wrong,"{""global_context"": 0.0006150536860028903, ""left_interaction"": 0.23484470049540201, ""right_interaction"": 0.45404796600341796, ""hand_head_union"": 0.2379926840464274, ""two_hand_table_context"": 0.07249961694081625}",True,True,L11_R11|padding
train__c23__user24__7-2-3,23,Listen_to_music_with_headphones,6,Drink_water,0.453680256687893,7,Eat_food,0.8223406863102716,changed_wrong,"{""global_context"": 0.00904310926010734, ""left_interaction"": 0.08101532961192884, ""right_interaction"": 0.39921727933381734, ""hand_head_union"": 0.3835552115189402, ""two_hand_table_context"": 0.12716903184589587}",True,True,L11_R11|padding
train__c24__user17__1-2-3,24,Use_a_mobile_phone,20,Check_the_time,0.5535148573744554,20,Check_the_time,0.663431802494602,unchanged_wrong,"{""global_context"": 0.40242738723754884, ""left_interaction"": 0.0008995811144510905, ""right_interaction"": 0.5966730753580729, ""hand_head_union"": 0.0, ""two_hand_table_context"": 0.0}",False,False,L11_R11|padding
train__c24__user23__7-3-1,24,Use_a_mobile_phone,7,Eat_food,0.4636572287946454,7,Eat_food,0.63845539651077,unchanged_wrong,"{""global_context"": 0.24334687278384254, ""left_interaction"": 0.0692684082757859, ""right_interaction"": 0.3301427477882022, ""hand_head_union"": 0.042515743346441356, ""two_hand_table_context"": 0.31472623915899367}",True,True,L11_R11|padding
train__c24__user23__7-3-2,24,Use_a_mobile_phone,11,Peel_fruits,0.366687306261909,7,Eat_food,0.9371113946352172,changed_wrong,"{""global_context"": 0.09699112718755548, ""left_interaction"": 0.1358506354418668, ""right_interaction"": 0.5524630546569824, ""hand_head_union"": 0.0, ""two_hand_table_context"": 0.21469515020197089}",True,False,L11_R11|padding
train__c24__user23__7-3-3,24,Use_a_mobile_phone,7,Eat_food,0.18172115369160832,7,Eat_food,0.880588605054204,unchanged_wrong,"{""global_context"": 0.0005733647849410772, ""left_interaction"": 0.30105712413787844, ""right_interaction"": 0.21192030906677245, ""hand_head_union"": 0.44772634506225584, ""two_hand_table_context"": 0.03872283697128296}",True,True,L11_R11|padding
train__c24__user24__4-1-1,24,Use_a_mobile_phone,22,Turn_pages,0.28197783322533365,22,Turn_pages,0.3860819767537708,unchanged_wrong,"{""global_context"": 0.9999996532093395, ""left_interaction"": 3.373635825648142e-07, ""right_interaction"": 1.0032305329911072e-08, ""hand_head_union"": 0.0, ""two_hand_table_context"": 1.2091210134134267e-07}",True,False,L11_R11|padding
train__c24__user24__4-1-2,24,Use_a_mobile_phone,26,Play_games,0.2952988013659659,24,Use_a_mobile_phone,0.23557859930681724,rescued,"{""global_context"": 0.9999906605687635, ""left_interaction"": 8.40663942026681e-06, ""right_interaction"": 3.8179449143956e-07, ""hand_head_union"": 0.0, ""two_hand_table_context"": 6.355341987539854e-07}",True,False,L11_R11|padding
train__c24__user24__4-1-3,24,Use_a_mobile_phone,26,Play_games,0.5467746921113983,26,Play_games,0.9168760280256297,unchanged_wrong,"{""global_context"": 1.0, ""left_interaction"": 1.022883111545525e-08, ""right_interaction"": 4.820301195233394e-09, ""hand_head_union"": 0.0, ""two_hand_table_context"": 5.853534901234525e-08}",True,False,L11_R11|padding
train__c24__user24__5-1-1,24,Use_a_mobile_phone,11,Peel_fruits,0.6412712294451898,24,Use_a_mobile_phone,0.26499233533762784,rescued,"{""global_context"": 0.9740278824515964, ""left_interaction"": 0.021876394748687744, ""right_interaction"": 0.003647469955941905, ""hand_head_union"": 0.0, ""two_hand_table_context"": 0.00044819056663824165}",True,False,L11_R11|padding
train__c24__user24__5-1-2,24,Use_a_mobile_phone,10,Stir_drinks,0.6856886327747941,10,Stir_drinks,0.4303761546576951,unchanged_wrong,"{""global_context"": 0.657302729288737, ""left_interaction"": 0.14355117479960125, ""right_interaction"": 0.08701706727345784, ""hand_head_union"": 0.0, ""two_hand_table_context"": 0.11212906042734781}",True,False,L11_R11|padding
train__c24__user24__5-1-3,24,Use_a_mobile_phone,24,Use_a_mobile_phone,0.4631228357325399,24,Use_a_mobile_phone,0.5157329820705651,retained_correct,"{""global_context"": 0.977445411682129, ""left_interaction"": 0.011534354835748672, ""right_interaction"": 0.0016452958807349205, ""hand_head_union"": 0.0, ""two_hand_table_context"": 0.009374918043613433}",True,False,L11_R11|padding
train__c24__user4__3-2-1,24,Use_a_mobile_phone,11,Peel_fruits,0.6938839675510441,11,Peel_fruits,0.7495480444522739,unchanged_wrong,"{""global_context"": 0.5758413076400757, ""left_interaction"": 0.14822375774383545, ""right_interaction"": 0.0781878928343455, ""hand_head_union"": 0.0, ""two_hand_table_context"": 0.1977471113204956}",True,False,L11_R11
train__c24__user4__3-2-2,24,Use_a_mobile_phone,11,Peel_fruits,0.48225234278427154,11,Peel_fruits,0.6469540111787054,unchanged_wrong,"{""global_context"": 0.19823392232259116, ""left_interaction"": 0.433867613474528, ""right_interaction"": 0.0018940332035223644, ""hand_head_union"": 0.0, ""two_hand_table_context"": 0.36600446701049805}",True,False,L11_R11
train__c24__user4__3-2-3,24,Use_a_mobile_phone,8,Take_and_use_tableware,0.3859916799450978,9,Pour_drinks,0.8532412800020114,changed_wrong,"{""global_context"": 0.7591577370961508, ""left_interaction"": 0.06986500819524129, ""right_interaction"": 0.16997637351353964, ""hand_head_union"": 0.0, ""two_hand_table_context"": 0.0010008192621171474}",True,False,L11_R11
train__c24__user4__6-1-1,24,Use_a_mobile_phone,11,Peel_fruits,0.8444065224834567,4,Wipe_hands,0.33020430967462133,changed_wrong,"{""global_context"": 0.977219984266493, ""left_interaction"": 0.021477566825018987, ""right_interaction"": 2.4424010512626008e-06, ""hand_head_union"": 0.0, ""two_hand_table_context"": 0.0012999272180928125}",True,False,L11_R11|padding
train__c24__user4__6-1-2,24,Use_a_mobile_phone,11,Peel_fruits,0.6825098583425362,11,Peel_fruits,0.25517325079101416,unchanged_wrong,"{""global_context"": 0.9620312849680582, ""left_interaction"": 0.03112403800090154, ""right_interaction"": 1.6502936054744546e-10, ""hand_head_union"": 0.0, ""two_hand_table_context"": 0.006844844048221906}",True,False,L11_R11
train__c24__user4__6-1-3,24,Use_a_mobile_phone,10,Stir_drinks,0.44692708932269937,8,Take_and_use_tableware,0.39457355807649597,changed_wrong,"{""global_context"": 0.4044247040381798, ""left_interaction"": 0.4676627012399527, ""right_interaction"": 9.547580230691192e-09, ""hand_head_union"": 0.0, ""two_hand_table_context"": 0.12791258555192214}",True,False,L11_R11|padding
train__c25__user24__2-2-1,25,Watch_TV,23,Listen_to_music_with_headphones,0.27928683295524825,23,Listen_to_music_with_headphones,0.3503478909711228,unchanged_wrong,"{""global_context"": 0.9996400490785257, ""left_interaction"": 0.0003212448925926135, ""right_interaction"": 3.676275865962872e-05, ""hand_head_union"": 0.0, ""two_hand_table_context"": 1.8650098354555666e-06}",True,False,L11_R11|padding
train__c25__user24__2-2-2,25,Watch_TV,27,Take_a_selfie,0.49882486532141107,27,Take_a_selfie,0.7755472244174036,unchanged_wrong,"{""global_context"": 0.997866439819336, ""left_interaction"": 0.0017784808576107025, ""right_interaction"": 0.00032911639660596846, ""hand_head_union"": 0.0, ""two_hand_table_context"": 2.5956472381949424e-05}",True,False,L11_R11|padding
train__c25__user24__2-2-3,25,Watch_TV,27,Take_a_selfie,0.4501659236728952,27,Take_a_selfie,0.6626764889300134,unchanged_wrong,"{""global_context"": 0.9993499307071462, ""left_interaction"": 0.000625516616684549, ""right_interaction"": 2.4286896565600354e-05, ""hand_head_union"": 0.0, ""two_hand_table_context"": 2.8025191140306347e-07}",True,False,L11_R11|padding
train__c25__user24__5-3-1,25,Watch_TV,7,Eat_food,0.40906552259114737,7,Eat_food,0.9834831186211157,unchanged_wrong,"{""global_context"": 0.008837985673121043, ""left_interaction"": 0.00018867526003824814, ""right_interaction"": 0.9909733363560268, ""hand_head_union"": 0.0, ""two_hand_table_context"": 0.0}",False,False,L11_R11|padding
train__c25__user24__5-3-2,25,Watch_TV,6,Drink_water,0.5180139793214608,7,Eat_food,0.9278631262520679,changed_wrong,"{""global_context"": 0.009213737372694344, ""left_interaction"": 3.764921285468957e-05, ""right_interaction"": 0.9907485041125067, ""hand_head_union"": 0.0, ""two_hand_table_context"": 0.0}",False,False,L11_R11|padding
train__c25__user24__5-3-3,25,Watch_TV,6,Drink_water,0.45971921654884484,7,Eat_food,0.6545365620955714,changed_wrong,"{""global_context"": 0.07613271474838257, ""left_interaction"": 0.007077152175562722, ""right_interaction"": 0.916790212903704, ""hand_head_union"": 0.0, ""two_hand_table_context"": 0.0}",False,False,L11_R11|padding
train__c26__user23__5-1-1,26,Play_games,8,Take_and_use_tableware,0.27033051410697123,24,Use_a_mobile_phone,0.23050853710606875,changed_wrong,"{""global_context"": 0.8377113342285156, ""left_interaction"": 0.09342789095501568, ""right_interaction"": 0.020061455493749575, ""hand_head_union"": 0.0, ""two_hand_table_context"": 0.04879928189654683}",True,False,L11_R11|padding
train__c26__user23__5-1-2,26,Play_games,8,Take_and_use_tableware,0.4673067961347568,6,Drink_water,0.6107483779426611,changed_wrong,"{""global_context"": 0.26125605901082355, ""left_interaction"": 0.3600040674209595, ""right_interaction"": 0.34976617495218915, ""hand_head_union"": 0.0, ""two_hand_table_context"": 0.028973760704199474}",True,False,L11_R11
train__c26__user23__5-1-3,26,Play_games,24,Use_a_mobile_phone,0.36400338487739453,24,Use_a_mobile_phone,0.28099018714577084,unchanged_wrong,"{""global_context"": 0.6965408779325939, ""left_interaction"": 0.047081918943495976, ""right_interaction"": 0.15063280151003883, ""hand_head_union"": 0.034108173279535206, ""two_hand_table_context"": 0.07163623968760173}",True,True,L11_R11|padding
train__c26__user24__4-1-1,26,Play_games,26,Play_games,0.41578718557972233,22,Turn_pages,0.3189777921196024,harmed,"{""global_context"": 0.9999999069586033, ""left_interaction"": 3.6945510412518096e-08, ""right_interaction"": 2.4142639107395087e-09, ""hand_head_union"": 0.0, ""two_hand_table_context"": 6.193790352149447e-08}",True,False,L11_R11|padding
train__c26__user24__4-1-2,26,Play_games,24,Use_a_mobile_phone,0.26750511515775866,24,Use_a_mobile_phone,0.20211311685462374,unchanged_wrong,"{""global_context"": 0.9999984394420277, ""left_interaction"": 1.4510652280560779e-06, ""right_interaction"": 8.664759641099161e-08, ""hand_head_union"": 0.0, ""two_hand_table_context"": 1.3837026554855666e-07}",True,False,L11_R11|padding
train__c26__user24__4-1-3,26,Play_games,27,Take_a_selfie,0.30828440716776295,26,Play_games,0.43075390259687873,rescued,"{""global_context"": 0.9995470913973722, ""left_interaction"": 0.0004520427266305143, ""right_interaction"": 4.955417022177823e-07, ""hand_head_union"": 0.0, ""two_hand_table_context"": 2.2200877290081486e-07}",True,False,L11_R11|padding
train__c26__user24__4-3-1,26,Play_games,26,Play_games,0.5441908129902516,26,Play_games,0.2892417202764117,retained_correct,"{""global_context"": 0.9999555504840353, ""left_interaction"": 4.4346964189215846e-05, ""right_interaction"": 1.377581176474569e-07, ""hand_head_union"": 0.0, ""two_hand_table_context"": 1.5264846376300303e-07}",True,False,L11_R11|padding
train__c26__user24__4-3-2,26,Play_games,26,Play_games,0.538810031182003,22,Turn_pages,0.2637826376547257,harmed,"{""global_context"": 1.0, ""left_interaction"": 2.3699820011253385e-08, ""right_interaction"": 1.0423301586927534e-08, ""hand_head_union"": 0.0, ""two_hand_table_context"": 6.572050332514274e-09}",True,False,L11_R11|padding
train__c26__user24__4-3-3,26,Play_games,24,Use_a_mobile_phone,0.2492073479323193,27,Take_a_selfie,0.21265405885578698,changed_wrong,"{""global_context"": 0.9999973433358329, ""left_interaction"": 1.5142859410843812e-06, ""right_interaction"": 2.544641444858696e-07, ""hand_head_union"": 0.0, ""two_hand_table_context"": 8.927662357954042e-07}",True,False,L11_R11|padding
train__c26__user24__5-3-1,26,Play_games,10,Stir_drinks,0.3658498759067234,7,Eat_food,0.7619248148682608,changed_wrong,"{""global_context"": 0.10650647204855214, ""left_interaction"": 0.09303967849068019, ""right_interaction"": 0.6797319495159647, ""hand_head_union"": 0.0, ""two_hand_table_context"": 0.12072188957877782}",True,False,L11_R11|padding
train__c26__user24__5-3-2,26,Play_games,10,Stir_drinks,0.29559380077367603,9,Pour_drinks,0.4154056208452204,changed_wrong,"{""global_context"": 0.7227270728663394, ""left_interaction"": 0.18432167956703588, ""right_interaction"": 0.08528327941894531, ""hand_head_union"": 0.0, ""two_hand_table_context"": 0.0076678889362435596}",True,False,L11_R11|padding
train__c26__user24__5-3-3,26,Play_games,10,Stir_drinks,0.46545375074476963,8,Take_and_use_tableware,0.4255709701263184,changed_wrong,"{""global_context"": 0.5352579752604166, ""left_interaction"": 0.04241262983392786, ""right_interaction"": 0.2258613727710865, ""hand_head_union"": 0.0, ""two_hand_table_context"": 0.1964680000587746}",True,False,L11_R11|padding
train__c27__user17__1-2-1,27,Take_a_selfie,20,Check_the_time,0.2178408199499893,20,Check_the_time,0.40409448694475286,unchanged_wrong,"{""global_context"": 0.671799784121306, ""left_interaction"": 0.15078843158224356, ""right_interaction"": 0.09718417084735373, ""hand_head_union"": 0.0, ""two_hand_table_context"": 0.08022759790005891}",True,False,L11_R11|padding
train__c27__user17__1-2-2,27,Take_a_selfie,11,Peel_fruits,0.4478272291688613,11,Peel_fruits,0.4911792882048344,unchanged_wrong,"{""global_context"": 0.427883783976237, ""left_interaction"": 0.287388733455113, ""right_interaction"": 0.27686956950596403, ""hand_head_union"": 0.0, ""two_hand_table_context"": 0.007857896032787505}",True,False,L11_R11|padding
train__c27__user17__1-2-3,27,Take_a_selfie,20,Check_the_time,0.5535148573744554,20,Check_the_time,0.663431802494602,unchanged_wrong,"{""global_context"": 0.40242738723754884, ""left_interaction"": 0.0008995811144510905, ""right_interaction"": 0.5966730753580729, ""hand_head_union"": 0.0, ""two_hand_table_context"": 0.0}",False,False,L11_R11|padding
train__c27__user23__3-2-2,27,Take_a_selfie,6,Drink_water,0.451540523746316,6,Drink_water,0.8424536206357189,unchanged_wrong,"{""global_context"": 0.2529767860065807, ""left_interaction"": 0.5952309261668812, ""right_interaction"": 0.09058856964111328, ""hand_head_union"": 0.061161447655070915, ""two_hand_table_context"": 4.2289082722907715e-05}",True,True,L11_R11|padding
train__c27__user23__3-2-3,27,Take_a_selfie,31,Do_stretching_exercises,0.21559784793825026,31,Do_stretching_exercises,0.22076255719340157,unchanged_wrong,"{""global_context"": 0.3954880813072468, ""left_interaction"": 0.44082352210735454, ""right_interaction"": 0.15242131003018083, ""hand_head_union"": 0.0, ""two_hand_table_context"": 0.011267055725229198}",True,False,L10_R11|L11_R11|padding
train__c27__user23__4-2-1,27,Take_a_selfie,39,Take_body_temperature,0.3206546671622908,2,Comb_hair,0.4058787574004791,changed_wrong,"{""global_context"": 0.4717283481504859, ""left_interaction"": 0.10234138442248833, ""right_interaction"": 0.3875309781330388, ""hand_head_union"": 0.0, ""two_hand_table_context"": 0.03839926021855052}",True,False,L11_R11|padding
train__c27__user23__4-2-2,27,Take_a_selfie,27,Take_a_selfie,0.7243904545378178,27,Take_a_selfie,0.8796798745694904,retained_correct,"{""global_context"": 0.4478694370814732, ""left_interaction"": 0.2412733577546619, ""right_interaction"": 0.2463779676528204, ""hand_head_union"": 0.040730470702761694, ""two_hand_table_context"": 0.02374886047272455}",True,True,L11_R11|padding
train__c27__user23__4-2-3,27,Take_a_selfie,27,Take_a_selfie,0.6855908457087673,2,Comb_hair,0.2826939252485678,harmed,"{""global_context"": 0.22779326968722874, ""left_interaction"": 0.47135517332288956, ""right_interaction"": 0.08781447013219197, ""hand_head_union"": 0.10050565004348755, ""two_hand_table_context"": 0.1125314368142022}",True,True,L11_R11|padding
train__c27__user24__1-1-1,27,Take_a_selfie,27,Take_a_selfie,0.7091493318226889,27,Take_a_selfie,0.897544952256196,retained_correct,"{""global_context"": 0.9772284935260641, ""left_interaction"": 1.4998242540028074e-05, ""right_interaction"": 0.002097434010998956, ""hand_head_union"": 0.0, ""two_hand_table_context"": 0.02065910142043541}",True,False,L11_R11|padding
train__c27__user24__1-1-2,27,Take_a_selfie,27,Take_a_selfie,0.5274316318381513,27,Take_a_selfie,0.7188581069480788,retained_correct,"{""global_context"": 0.9350519594938859, ""left_interaction"": 0.04200896750325742, ""right_interaction"": 0.01102392958558124, ""hand_head_union"": 0.0, ""two_hand_table_context"": 0.011915217275204866}",True,False,L11_R11|padding
train__c27__user24__1-1-3,27,Take_a_selfie,27,Take_a_selfie,0.6973460052599014,27,Take_a_selfie,0.8042759796166659,retained_correct,"{""global_context"": 0.8620983958244324, ""left_interaction"": 0.00020050957391504198, ""right_interaction"": 0.011137404479086399, ""hand_head_union"": 0.0, ""two_hand_table_context"": 0.1265636533498764}",True,False,L11_R11|padding
train__c27__user4__3-2-1,27,Take_a_selfie,39,Take_body_temperature,0.28720777024396343,20,Check_the_time,0.3413274055631703,changed_wrong,"{""global_context"": 0.35584889139447895, ""left_interaction"": 0.0004020936321467161, ""right_interaction"": 0.6417679786682129, ""hand_head_union"": 0.0, ""two_hand_table_context"": 0.0019810819732291357}",True,False,L11_R11|padding
train__c27__user4__3-2-2,27,Take_a_selfie,39,Take_body_temperature,0.3036168942153907,39,Take_body_temperature,0.211335038585832,unchanged_wrong,"{""global_context"": 0.17404583784250113, ""left_interaction"": 0.003785798469415078, ""right_interaction"": 0.8221683502197266, ""hand_head_union"": 0.0, ""two_hand_table_context"": 0.0}",False,False,L11_R11|padding
train__c27__user4__3-2-3,27,Take_a_selfie,31,Do_stretching_exercises,0.6266803526921488,31,Do_stretching_exercises,0.6324364716715252,unchanged_wrong,"{""global_context"": 0.32495078444480896, ""left_interaction"": 0.0010194836650043726, ""right_interaction"": 0.6740291118621826, ""hand_head_union"": 0.0, ""two_hand_table_context"": 6.216543511072814e-07}",True,False,L11_R11|padding
train__c28__user17__3-1-1,28,Jog_in_place,28,Jog_in_place,0.60788055373722,28,Jog_in_place,0.6157380803468472,retained_correct,"{""global_context"": 0.6456698793353457, ""left_interaction"": 0.06995624484437885, ""right_interaction"": 0.2802620223074248, ""hand_head_union"": 0.0, ""two_hand_table_context"": 0.004111737012863159}",True,False,L11_R11|padding
train__c28__user17__3-1-2,28,Jog_in_place,28,Jog_in_place,0.8326215016447173,28,Jog_in_place,0.8396994480209717,retained_correct,"{""global_context"": 0.5040183934298429, ""left_interaction"": 0.34212758324363013, ""right_interaction"": 0.1399094516580755, ""hand_head_union"": 0.0, ""two_hand_table_context"": 0.013944615017284046}",True,False,L11_R11|padding
train__c28__user17__3-1-3,28,Jog_in_place,28,Jog_in_place,0.614871111553228,28,Jog_in_place,0.6183179421447975,retained_correct,"{""global_context"": 0.2157992998758952, ""left_interaction"": 0.26599488258361814, ""right_interaction"": 0.4853396733601888, ""hand_head_union"": 0.0, ""two_hand_table_context"": 0.03286612828572591}",True,False,L11_R11|padding
train__c28__user23__3-2-2,28,Jog_in_place,28,Jog_in_place,0.5367690787744762,28,Jog_in_place,0.5599992066386256,retained_correct,"{""global_context"": 0.9295806884765625, ""left_interaction"": 0.016208836010524204, ""right_interaction"": 0.0541249570392427, ""hand_head_union"": 0.0, ""two_hand_table_context"": 8.546763343647832e-05}",True,False,L11_R11|padding
train__c28__user23__3-2-3,28,Jog_in_place,36,Walk,0.38625152805412444,36,Walk,0.39192901313966966,unchanged_wrong,"{""global_context"": 0.8209824813039679, ""left_interaction"": 0.05105873471812198, ""right_interaction"": 0.12795879966334292, ""hand_head_union"": 0.0, ""two_hand_table_context"": 2.7709352940818413e-09}",True,False,L11_R11|padding
train__c28__user24__3-2-1,28,Jog_in_place,28,Jog_in_place,0.35148187923675456,28,Jog_in_place,0.3923506014443102,retained_correct,"{""global_context"": 0.6977031414325421, ""left_interaction"": 0.10401553374070388, ""right_interaction"": 0.18996695371774527, ""hand_head_union"": 0.0, ""two_hand_table_context"": 0.008314398045723256}",True,False,L11_R11|padding
train__c28__user24__3-2-2,28,Jog_in_place,28,Jog_in_place,0.37836443668622594,28,Jog_in_place,0.4357839046883564,retained_correct,"{""global_context"": 0.6960850227169875, ""left_interaction"": 0.08109559663912146, ""right_interaction"": 0.17524859963393793, ""hand_head_union"": 0.0, ""two_hand_table_context"": 0.04757077810240955}",True,False,L11_R11|padding
train__c28__user24__3-2-3,28,Jog_in_place,28,Jog_in_place,0.6851227152348993,28,Jog_in_place,0.7043227318560434,retained_correct,"{""global_context"": 0.47509535153706867, ""left_interaction"": 0.10932894547780354, ""right_interaction"": 0.39890305201212567, ""hand_head_union"": 0.0, ""two_hand_table_context"": 0.016672646005948383}",True,False,L11_R11
train__c28__user4__3-2-1,28,Jog_in_place,28,Jog_in_place,0.8024721886683858,28,Jog_in_place,0.8108440587227419,retained_correct,"{""global_context"": 0.625131897304369, ""left_interaction"": 0.11136862506037173, ""right_interaction"": 0.09611520559891411, ""hand_head_union"": 0.0, ""two_hand_table_context"": 0.16738427203634512}",True,False,L11_R11|padding
train__c28__user4__3-2-2,28,Jog_in_place,28,Jog_in_place,0.3856824365127405,28,Jog_in_place,0.3914246747147366,retained_correct,"{""global_context"": 0.4953000973432492, ""left_interaction"": 0.39412227043738735, ""right_interaction"": 0.09246497276501778, ""hand_head_union"": 0.0, ""two_hand_table_context"": 0.018112613604618952}",True,False,L11_R00|L11_R01|L11_R11|padding
train__c28__user4__3-2-3,28,Jog_in_place,36,Walk,0.5411633624627697,36,Walk,0.5495099420386177,unchanged_wrong,"{""global_context"": 0.5823257200179561, ""left_interaction"": 0.24369690495152627, ""right_interaction"": 0.16557564273957284, ""hand_head_union"": 0.0, ""two_hand_table_context"": 0.008401668840839017}",True,False,L11_R00|L11_R01|L11_R11|padding
train__c29__user17__4-1-1,29,Do_squats,20,Check_the_time,0.3604522288443111,20,Check_the_time,0.41950782111845664,unchanged_wrong,"{""global_context"": 0.9981778186300526, ""left_interaction"": 2.2842358980003905e-05, ""right_interaction"": 0.0017955662763637044, ""hand_head_union"": 0.0, ""two_hand_table_context"": 4.013233790275358e-06}",True,False,L11_R11|padding
train__c29__user17__4-1-2,29,Do_squats,3,Take_off_clothes,0.38214680955828495,3,Take_off_clothes,0.42691941290285174,unchanged_wrong,"{""global_context"": 0.9991261742331765, ""left_interaction"": 0.00015002492264929143, ""right_interaction"": 0.0007239223711869934, ""hand_head_union"": 0.0, ""two_hand_table_context"": 1.6492194276906957e-09}",True,False,L11_R11|padding
train__c29__user17__4-1-3,29,Do_squats,20,Check_the_time,0.34905762369664944,20,Check_the_time,0.3863281021014986,unchanged_wrong,"{""global_context"": 0.9968974373557351, ""left_interaction"": 3.766733491581611e-06, ""right_interaction"": 0.0030955750156532636, ""hand_head_union"": 0.0, ""two_hand_table_context"": 3.182621598667042e-06}",True,False,L11_R11|padding
train__c29__user23__1-2-1,29,Do_squats,29,Do_squats,0.9450851471990482,29,Do_squats,0.946224241763851,retained_correct,"{""global_context"": 0.9841001572147492, ""left_interaction"": 0.002354883618893162, ""right_interaction"": 0.001380970641489952, ""hand_head_union"": 1.017841690730664e-05, ""two_hand_table_context"": 0.012153840834094633}",True,True,L11_R11|padding
train__c29__user23__1-2-2,29,Do_squats,29,Do_squats,0.3615625605412297,29,Do_squats,0.3886998896318884,retained_correct,"{""global_context"": 0.9587018966674805, ""left_interaction"": 0.04003663460413615, ""right_interaction"": 0.0005883768200874329, ""hand_head_union"": 0.0, ""two_hand_table_context"": 0.0006730900456508001}",True,False,L11_R11|padding
train__c29__user23__1-2-3,29,Do_squats,29,Do_squats,0.9697555079373208,29,Do_squats,0.9701716782956871,retained_correct,"{""global_context"": 0.8566643108021129, ""left_interaction"": 0.05273462425578724, ""right_interaction"": 0.09060111370953647, ""hand_head_union"": 0.0, ""two_hand_table_context"": 0.0}",False,False,L11_R11|padding
train__c29__user23__6-1-1,29,Do_squats,3,Take_off_clothes,0.25012962557995855,3,Take_off_clothes,0.2727449790410662,unchanged_wrong,"{""global_context"": 0.9378741208244773, ""left_interaction"": 0.02774131648680743, ""right_interaction"": 0.03424455137813792, ""hand_head_union"": 0.0, ""two_hand_table_context"": 0.0001400024356210933}",True,False,L11_R11|padding
train__c29__user23__6-1-2,29,Do_squats,20,Check_the_time,0.3151576479362671,20,Check_the_time,0.35114886697251346,unchanged_wrong,"{""global_context"": 0.9059313044828528, ""left_interaction"": 0.0010159437489860197, ""right_interaction"": 0.09276343093198888, ""hand_head_union"": 0.0002806681920500363, ""two_hand_table_context"": 8.67656575899352e-06}",True,True,L11_R11|padding
train__c29__user23__6-1-3,29,Do_squats,3,Take_off_clothes,0.2540458784207564,3,Take_off_clothes,0.26557906329669195,unchanged_wrong,"{""global_context"": 0.9671716008867536, ""left_interaction"": 0.0005305876090590443, ""right_interaction"": 0.03153500812394278, ""hand_head_union"": 0.0, ""two_hand_table_context"": 0.0007627476006746292}",True,False,L11_R11|padding
train__c29__user23__6-3-1,29,Do_squats,34,Sit_down,0.5744300072179555,34,Sit_down,0.5955442350905619,unchanged_wrong,"{""global_context"": 0.9972818692525228, ""left_interaction"": 0.0004524314620842536, ""right_interaction"": 0.0022595046708981195, ""hand_head_union"": 6.066175653055931e-06, ""two_hand_table_context"": 4.139211758532232e-08}",True,True,L11_R11
train__c29__user23__6-3-2,29,Do_squats,29,Do_squats,0.8939717993345876,29,Do_squats,0.8955923822379297,retained_correct,"{""global_context"": 0.8724927594584804, ""left_interaction"": 0.11751630998426868, ""right_interaction"": 0.009989212597570112, ""hand_head_union"": 0.0, ""two_hand_table_context"": 1.7315563332710054e-06}",True,False,L11_R11|padding
train__c29__user23__6-3-3,29,Do_squats,29,Do_squats,0.8627943632766414,29,Do_squats,0.864281401315433,retained_correct,"{""global_context"": 0.9763531223420174, ""left_interaction"": 0.023506843274639498, ""right_interaction"": 0.00013948509830140297, ""hand_head_union"": 0.0, ""two_hand_table_context"": 5.864927046669406e-07}",True,False,L11_R11|padding
train__c29__user24__6-3-1,29,Do_squats,29,Do_squats,0.9236112743822864,29,Do_squats,0.9259729940845497,retained_correct,"{""global_context"": 0.9797282218933105, ""left_interaction"": 0.02022531007726987, ""right_interaction"": 4.6461059052186705e-05, ""hand_head_union"": 0.0, ""two_hand_table_context"": 0.0}",False,False,L00_R00|L11_R11
train__c29__user24__6-3-2,29,Do_squats,29,Do_squats,0.9765117238134504,29,Do_squats,0.9769761942742538,retained_correct,"{""global_context"": 0.9992372989654541, ""left_interaction"": 0.0006274951932330927, ""right_interaction"": 0.00013520677263538042, ""hand_head_union"": 0.0, ""two_hand_table_context"": 6.729054350766243e-11}",True,False,L00_R00|L11_R11
train__c29__user24__6-3-3,29,Do_squats,34,Sit_down,0.748621803337952,34,Sit_down,0.75002589130799,unchanged_wrong,"{""global_context"": 0.9999675750732422, ""left_interaction"": 1.0078498462462448e-07, ""right_interaction"": 3.22692358167842e-05, ""hand_head_union"": 5.7786024854067364e-08, ""two_hand_table_context"": 0.0}",False,True,L00_R00|L11_R10|L11_R11|padding
train__c30__user17__2-2-1,30,Do_jumping_jacks,30,Do_jumping_jacks,0.8750956106103425,30,Do_jumping_jacks,0.8754585735618802,retained_correct,"{""global_context"": 0.13147019051216743, ""left_interaction"": 0.37997665920773066, ""right_interaction"": 0.47774948944916595, ""hand_head_union"": 0.005645702014098296, ""two_hand_table_context"": 0.005157910488747261}",True,True,L11_R11|padding
train__c30__user17__2-2-2,30,Do_jumping_jacks,30,Do_jumping_jacks,0.7846922827358621,30,Do_jumping_jacks,0.7850476442160086,retained_correct,"{""global_context"": 0.1315288654593534, ""left_interaction"": 0.4648284024970476, ""right_interaction"": 0.4008443078329397, ""hand_head_union"": 9.75037204794759e-07, ""two_hand_table_context"": 0.0027973698668701703}",True,True,L11_R11|padding
train__c30__user17__2-2-3,30,Do_jumping_jacks,30,Do_jumping_jacks,0.6412450690665242,30,Do_jumping_jacks,0.6407453362785007,retained_correct,"{""global_context"": 0.0008262440233546145, ""left_interaction"": 0.5128486857694738, ""right_interaction"": 0.486325039583094, ""hand_head_union"": 0.0, ""two_hand_table_context"": 0.0}",False,False,L11_R11|padding
train__c30__user4__3-2-1,30,Do_jumping_jacks,30,Do_jumping_jacks,0.63272081309742,30,Do_jumping_jacks,0.6333596989943192,retained_correct,"{""global_context"": 0.14088241755962372, ""left_interaction"": 0.4710260033607483, ""right_interaction"": 0.38727301359176636, ""hand_head_union"": 0.0004036581376567483, ""two_hand_table_context"": 0.00041492198943160474}",True,True,L11_R11|padding
train__c30__user4__3-2-2,30,Do_jumping_jacks,30,Do_jumping_jacks,0.6909534877519364,30,Do_jumping_jacks,0.6919036229942377,retained_correct,"{""global_context"": 0.18522615866227585, ""left_interaction"": 0.2798958041451194, ""right_interaction"": 0.5348780371926047, ""hand_head_union"": 0.0, ""two_hand_table_context"": 0.0}",False,False,L11_R11|padding
train__c30__user4__3-2-3,30,Do_jumping_jacks,31,Do_stretching_exercises,0.48685862646252337,31,Do_stretching_exercises,0.48731317823021325,unchanged_wrong,"{""global_context"": 0.2547366536896804, ""left_interaction"": 0.1512080554304452, ""right_interaction"": 0.5396353622962689, ""hand_head_union"": 0.018378290636786098, ""two_hand_table_context"": 0.0360416132828285}",True,True,L11_R11|padding
train__c31__user17__3-1-1,31,Do_stretching_exercises,30,Do_jumping_jacks,0.44838894146273983,30,Do_jumping_jacks,0.44939664294613296,unchanged_wrong,"{""global_context"": 0.004309851303696632, ""left_interaction"": 0.4133274555206299, ""right_interaction"": 0.4637928485870361, ""hand_head_union"": 0.007753895968198777, ""two_hand_table_context"": 0.11081596612930297}",True,True,L11_R11|padding
train__c31__user17__3-1-2,31,Do_stretching_exercises,30,Do_jumping_jacks,0.5274893477906956,30,Do_jumping_jacks,0.5282428123052602,unchanged_wrong,"{""global_context"": 0.005937300622463226, ""left_interaction"": 0.7078899236825796, ""right_interaction"": 0.23494749802809495, ""hand_head_union"": 0.05122531377352201, ""two_hand_table_context"": 0.0}",False,True,L11_R11|padding
train__c31__user17__3-1-3,31,Do_stretching_exercises,31,Do_stretching_exercises,0.5589205887508102,31,Do_stretching_exercises,0.5602638323118986,retained_correct,"{""global_context"": 0.05125678437096732, ""left_interaction"": 0.48060267312186106, ""right_interaction"": 0.4681358337402344, ""hand_head_union"": 4.7393399914394e-06, ""two_hand_table_context"": 0.0}",False,True,L10_R11|L11_R11|padding
train__c31__user17__4-1-1,31,Do_stretching_exercises,20,Check_the_time,0.1778270734277798,20,Check_the_time,0.19571163556291657,unchanged_wrong,"{""global_context"": 0.9581785202026367, ""left_interaction"": 5.406358468462713e-06, ""right_interaction"": 0.04181603093942007, ""hand_head_union"": 0.0, ""two_hand_table_context"": 5.2769872619743787e-08}",True,False,L11_R11|padding
train__c31__user17__4-1-2,31,Do_stretching_exercises,31,Do_stretching_exercises,0.4161238853093633,31,Do_stretching_exercises,0.43375965002525246,retained_correct,"{""global_context"": 0.9801902770996094, ""left_interaction"": 0.0023377038538455962, ""right_interaction"": 0.013652040561040243, ""hand_head_union"": 0.003819949676593145, ""two_hand_table_context"": 0.0}",False,True,L11_R11|padding
train__c31__user17__4-1-3,31,Do_stretching_exercises,3,Take_off_clothes,0.3279007036319236,3,Take_off_clothes,0.3851880625094478,unchanged_wrong,"{""global_context"": 0.9981752123151507, ""left_interaction"": 0.0014161322975442523, ""right_interaction"": 0.0004086149412961233, ""hand_head_union"": 0.0, ""two_hand_table_context"": 0.0}",False,False,L11_R11|padding
train__c31__user23__6-1-1,31,Do_stretching_exercises,20,Check_the_time,0.3955923404274033,20,Check_the_time,0.5178702603870795,unchanged_wrong,"{""global_context"": 0.9276233341382898, ""left_interaction"": 0.019849126753599747, ""right_interaction"": 0.017259241446204807, ""hand_head_union"": 0.0, ""two_hand_table_context"": 0.03526826008506443}",True,False,L11_R11|padding
train__c31__user23__6-1-2,31,Do_stretching_exercises,20,Check_the_time,0.23100675161254325,20,Check_the_time,0.3379235316324909,unchanged_wrong,"{""global_context"": 0.8561215284394055, ""left_interaction"": 0.04022869249669517, ""right_interaction"": 0.10245032426787586, ""hand_head_union"": 0.0002227655225774137, ""two_hand_table_context"": 0.0009766534515997258}",True,True,L11_R11|padding
train__c31__user23__6-1-3,31,Do_stretching_exercises,20,Check_the_time,0.2629079996215173,20,Check_the_time,0.33834605115767574,unchanged_wrong,"{""global_context"": 0.9835420846939087, ""left_interaction"": 0.012435230426490307, ""right_interaction"": 0.0010432330891489983, ""hand_head_union"": 0.0027038140688091516, ""two_hand_table_context"": 0.00027571673854254186}",True,True,L11_R11|padding
train__c31__user23__7-3-1,31,Do_stretching_exercises,31,Do_stretching_exercises,0.7297248002988328,31,Do_stretching_exercises,0.7520225460985193,retained_correct,"{""global_context"": 0.36104950538048375, ""left_interaction"": 0.5034417739281287, ""right_interaction"": 0.025381106596726637, ""hand_head_union"": 0.06740768139178936, ""two_hand_table_context"": 0.04271996479768019}",True,True,L11_R11|padding
train__c31__user23__7-3-2,31,Do_stretching_exercises,31,Do_stretching_exercises,0.7209116536643313,31,Do_stretching_exercises,0.7166356218862643,retained_correct,"{""global_context"": 0.4203614166804722, ""left_interaction"": 0.40311527252197266, ""right_interaction"": 0.14560091495513916, ""hand_head_union"": 0.02906386767114912, ""two_hand_table_context"": 0.0018584829355989183}",True,True,L11_R11|padding
train__c31__user23__7-3-3,31,Do_stretching_exercises,31,Do_stretching_exercises,0.8280031048417146,31,Do_stretching_exercises,0.8245326777665729,retained_correct,"{""global_context"": 0.5062288665771484, ""left_interaction"": 0.38002586364746094, ""right_interaction"": 0.07460217952728271, ""hand_head_union"": 0.039143028259277346, ""two_hand_table_context"": 0.0}",False,True,L11_R11|padding
train__c31__user24__3-2-1,31,Do_stretching_exercises,31,Do_stretching_exercises,0.8027045328524904,31,Do_stretching_exercises,0.7956784314212191,retained_correct,"{""global_context"": 0.33349061012268066, ""left_interaction"": 0.42824339866638184, ""right_interaction"": 0.2075406312942505, ""hand_head_union"": 0.006360553825894992, ""two_hand_table_context"": 0.02436477194229762}",True,True,L11_R11
train__c31__user24__3-2-2,31,Do_stretching_exercises,31,Do_stretching_exercises,0.6722632717470748,31,Do_stretching_exercises,0.674562950901405,retained_correct,"{""global_context"": 0.20783698558807373, ""left_interaction"": 0.3647553026676178, ""right_interaction"": 0.4271710515022278, ""hand_head_union"": 0.0, ""two_hand_table_context"": 0.00023664330365136266}",True,False,L11_R11|padding
train__c31__user24__3-2-3,31,Do_stretching_exercises,31,Do_stretching_exercises,0.561205018661875,31,Do_stretching_exercises,0.5614301903987775,retained_correct,"{""global_context"": 0.4337027493645163, ""left_interaction"": 0.24351689394782572, ""right_interaction"": 0.26416952469769645, ""hand_head_union"": 1.771292505402337e-05, ""two_hand_table_context"": 0.05859308383044075}",True,True,L11_R11|padding
train__c31__user4__3-2-1,31,Do_stretching_exercises,31,Do_stretching_exercises,0.3811313776499671,31,Do_stretching_exercises,0.38301103338527404,retained_correct,"{""global_context"": 0.23363963762919107, ""left_interaction"": 0.39942415555318195, ""right_interaction"": 0.3227317730585734, ""hand_head_union"": 0.0028902596483627954, ""two_hand_table_context"": 0.041314189632733665}",True,True,L11_R11
train__c31__user4__3-2-2,31,Do_stretching_exercises,30,Do_jumping_jacks,0.6850992910350054,30,Do_jumping_jacks,0.6883106329921949,unchanged_wrong,"{""global_context"": 0.6370715227994052, ""left_interaction"": 0.2307248982516202, ""right_interaction"": 0.1321635679765181, ""hand_head_union"": 0.0, ""two_hand_table_context"": 4.0031776403669603e-05}",True,False,L11_R11|padding
train__c31__user4__3-2-3,31,Do_stretching_exercises,28,Jog_in_place,0.6109469539537908,28,Jog_in_place,0.6150346123540309,unchanged_wrong,"{""global_context"": 0.13669411838054657, ""left_interaction"": 0.17734037339687347, ""right_interaction"": 0.6598551273345947, ""hand_head_union"": 0.007761181332170963, ""two_hand_table_context"": 0.018349245190620422}",True,True,L11_R11|padding
train__c32__user17__4-1-1,32,Stand_up,32,Stand_up,0.3491960059595262,32,Stand_up,0.3601143538489821,retained_correct,"{""global_context"": 0.9993450858376243, ""left_interaction"": 9.774309133221818e-06, ""right_interaction"": 0.0006450665691359477, ""hand_head_union"": 0.0, ""two_hand_table_context"": 0.0}",False,False,L11_R11|padding
train__c32__user17__4-1-2,32,Stand_up,3,Take_off_clothes,0.35082564221159895,3,Take_off_clothes,0.3975604875195045,unchanged_wrong,"{""global_context"": 0.9971016103571112, ""left_interaction"": 0.002897649326107719, ""right_interaction"": 7.597358159149404e-07, ""hand_head_union"": 0.0, ""two_hand_table_context"": 1.8889174022908926e-08}",True,False,L11_R11|padding
train__c32__user17__4-1-3,32,Stand_up,20,Check_the_time,0.33944441800996084,20,Check_the_time,0.39971798648137186,unchanged_wrong,"{""global_context"": 0.9999496340751648, ""left_interaction"": 5.038527160650119e-05, ""right_interaction"": 9.551656354744864e-09, ""hand_head_union"": 0.0, ""two_hand_table_context"": 2.2723447743681208e-14}",True,False,L11_R11|padding
train__c32__user23__7-1-1,32,Stand_up,32,Stand_up,0.3517504536975184,32,Stand_up,0.3564512164221731,retained_correct,"{""global_context"": 0.9993966102600098, ""left_interaction"": 1.3019790458201897e-06, ""right_interaction"": 0.0005521099548786879, ""hand_head_union"": 4.9982964992523196e-05, ""two_hand_table_context"": 0.0}",False,True,L11_R11|padding
train__c32__user23__7-1-2,32,Stand_up,32,Stand_up,0.442099492767301,32,Stand_up,0.44430399219063643,retained_correct,"{""global_context"": 0.9995756149291992, ""left_interaction"": 1.9732728509956763e-05, ""right_interaction"": 0.0004046679112232394, ""hand_head_union"": 0.0, ""two_hand_table_context"": 0.0}",False,False,L11_R11|padding
train__c32__user23__7-1-3,32,Stand_up,13,Mop_the_floor,0.664689792964651,13,Mop_the_floor,0.6692993928809304,unchanged_wrong,"{""global_context"": 0.783771726820204, ""left_interaction"": 0.11181398232777913, ""right_interaction"": 0.10441421137915717, ""hand_head_union"": 0.0, ""two_hand_table_context"": 0.0}",False,False,L11_R11|padding
train__c32__user23__7-3-1,32,Stand_up,32,Stand_up,0.4976481586172969,32,Stand_up,0.49901049434939676,retained_correct,"{""global_context"": 0.8940137716440054, ""left_interaction"": 9.903396158523929e-07, ""right_interaction"": 0.10598434851719783, ""hand_head_union"": 9.551448993778859e-07, ""two_hand_table_context"": 0.0}",False,True,L11_R11|padding
train__c32__user23__7-3-2,32,Stand_up,32,Stand_up,0.5481859528073398,32,Stand_up,0.5590598273256938,retained_correct,"{""global_context"": 0.9914820988972982, ""left_interaction"": 0.001814612704846594, ""right_interaction"": 0.006700039323833253, ""hand_head_union"": 1.3236186633649695e-06, ""two_hand_table_context"": 1.831724956799816e-06}",True,True,L11_R11|padding
train__c32__user23__7-3-3,32,Stand_up,7,Eat_food,0.227733168033906,7,Eat_food,0.37216481371228416,unchanged_wrong,"{""global_context"": 0.7489886283874512, ""left_interaction"": 0.2503699064254761, ""right_interaction"": 0.000302062660921365, ""hand_head_union"": 0.0003363987198099494, ""two_hand_table_context"": 3.0269407034211326e-06}",True,True,L11_R11|padding
train__c32__user24__5-1-1,32,Stand_up,32,Stand_up,0.9530386442948927,32,Stand_up,0.9567185046013637,retained_correct,"{""global_context"": 0.9893521666526794, ""left_interaction"": 0.001069914549589157, ""right_interaction"": 0.009577922523021698, ""hand_head_union"": 0.0, ""two_hand_table_context"": 0.0}",False,False,L11_R11|padding
train__c32__user24__5-1-2,32,Stand_up,32,Stand_up,0.4097528281521769,32,Stand_up,0.4125688368587035,retained_correct,"{""global_context"": 0.8827141125996908, ""left_interaction"": 0.0034452720234791436, ""right_interaction"": 0.11384056674109565, ""hand_head_union"": 0.0, ""two_hand_table_context"": 0.0}",False,False,L11_R11|padding
train__c32__user24__5-1-3,32,Stand_up,32,Stand_up,0.925205163013255,32,Stand_up,0.8314265855629275,retained_correct,"{""global_context"": 0.20975727694375174, ""left_interaction"": 3.9705701055936515e-06, ""right_interaction"": 0.5781976154872349, ""hand_head_union"": 0.21201050281524658, ""two_hand_table_context"": 3.06463022882651e-05}",True,True,L11_R11|padding
train__c32__user24__6-3-1,32,Stand_up,32,Stand_up,0.8361392251717209,32,Stand_up,0.8540271082105956,retained_correct,"{""global_context"": 0.9983230318341937, ""left_interaction"": 0.0016344933371458734, ""right_interaction"": 4.2461224698594636e-05, ""hand_head_union"": 0.0, ""two_hand_table_context"": 0.0}",False,False,L11_R11|padding
train__c32__user24__6-3-2,32,Stand_up,32,Stand_up,0.9866915526865806,32,Stand_up,0.9882044057500162,retained_correct,"{""global_context"": 0.9933387438456217, ""left_interaction"": 0.0010596000744650762, ""right_interaction"": 0.005307848875721295, ""hand_head_union"": 0.0, ""two_hand_table_context"": 0.0002937930209251742}",True,False,L00_R00|L11_R11|padding
train__c32__user24__6-3-3,32,Stand_up,32,Stand_up,0.9894050978473066,32,Stand_up,0.9905414578358763,retained_correct,"{""global_context"": 0.9998919486999511, ""left_interaction"": 4.8929064178082624e-08, ""right_interaction"": 0.00010803180048242211, ""hand_head_union"": 6.058066048808541e-10, ""two_hand_table_context"": 0.0}",False,True,L00_R00|L11_R11|padding
train__c32__user4__2-1-1,32,Stand_up,32,Stand_up,0.3419487087464206,32,Stand_up,0.34752706441682807,retained_correct,"{""global_context"": 0.47582416534423827, ""left_interaction"": 0.001996702700853348, ""right_interaction"": 0.5216294288635254, ""hand_head_union"": 0.0, ""two_hand_table_context"": 0.0005497015547007323}",True,False,L11_R11|padding
train__c32__user4__2-1-2,32,Stand_up,32,Stand_up,0.8914023221342948,32,Stand_up,0.8950803131849626,retained_correct,"{""global_context"": 0.5837230086326599, ""left_interaction"": 0.0003866195911541581, ""right_interaction"": 0.4158134460449219, ""hand_head_union"": 0.0, ""two_hand_table_context"": 7.689163612667471e-05}",True,False,L11_R11|padding
train__c32__user4__2-1-3,32,Stand_up,32,Stand_up,0.9617463306569405,32,Stand_up,0.9637197686744526,retained_correct,"{""global_context"": 0.32156927245003836, ""left_interaction"": 0.036509186029434204, ""right_interaction"": 0.628535338810512, ""hand_head_union"": 0.0, ""two_hand_table_context"": 0.01338630063193185}",True,False,L11_R11|padding
train__c32__user4__3-2-1,32,Stand_up,32,Stand_up,0.8667368970110467,32,Stand_up,0.8693240854686198,retained_correct,"{""global_context"": 0.6235105650765556, ""left_interaction"": 0.17882813726152694, ""right_interaction"": 0.1972254684993199, ""hand_head_union"": 0.0, ""two_hand_table_context"": 0.00043592981195875576}",True,False,L11_R11|padding
train__c32__user4__3-2-2,32,Stand_up,32,Stand_up,0.8790347092053286,32,Stand_up,0.8811550043164882,retained_correct,"{""global_context"": 0.48894695440928143, ""left_interaction"": 0.1677653193473816, ""right_interaction"": 0.3432783285776774, ""hand_head_union"": 0.0, ""two_hand_table_context"": 9.399946672298634e-06}",True,False,L11_R11|padding
train__c32__user4__3-2-3,32,Stand_up,36,Walk,0.5549581501762338,36,Walk,0.5570689838490487,unchanged_wrong,"{""global_context"": 0.3051361208376677, ""left_interaction"": 0.2724703705829123, ""right_interaction"": 0.41367186670717987, ""hand_head_union"": 0.0, ""two_hand_table_context"": 0.00872162956258525}",True,False,L11_R00|L11_R11|padding
train__c32__user4__7-2-1,32,Stand_up,36,Walk,0.7371551535152937,36,Walk,0.7396986658003059,unchanged_wrong,"{""global_context"": 0.21478990146092006, ""left_interaction"": 0.1957545280456543, ""right_interaction"": 0.5894555364336286, ""hand_head_union"": 0.0, ""two_hand_table_context"": 0.0}",False,False,L11_R11|padding
train__c32__user4__7-2-2,32,Stand_up,36,Walk,0.9616576696446144,36,Walk,0.9639911349641143,unchanged_wrong,"{""global_context"": 0.1658144373642771, ""left_interaction"": 0.16100449311105827, ""right_interaction"": 0.6620691199051706, ""hand_head_union"": 0.0, ""two_hand_table_context"": 0.011111873545144734}",True,False,L11_R01|L11_R11|padding
train__c32__user4__7-2-3,32,Stand_up,36,Walk,0.49529451068723374,36,Walk,0.4957867933069793,unchanged_wrong,"{""global_context"": 0.2398492972056071, ""left_interaction"": 0.28212995529174806, ""right_interaction"": 0.44875160853068036, ""hand_head_union"": 0.0, ""two_hand_table_context"": 0.029269194602966307}",True,False,L11_R01|L11_R11|padding
train__c33__user17__2-2-1,33,Lie_down,33,Lie_down,0.9040429164270766,33,Lie_down,0.8502538997434655,retained_correct,"{""global_context"": 0.9729931272309402, ""left_interaction"": 0.011255166653929085, ""right_interaction"": 0.01574287640637365, ""hand_head_union"": 0.0, ""two_hand_table_context"": 8.823294874987212e-06}",True,False,L00_R00|L11_R11|padding
train__c33__user17__2-2-2,33,Lie_down,33,Lie_down,0.9159375967315526,33,Lie_down,0.8826188939499955,retained_correct,"{""global_context"": 0.9217542409896851, ""left_interaction"": 0.0007612498593516648, ""right_interaction"": 0.07748431712388992, ""hand_head_union"": 1.703471923519828e-07, ""two_hand_table_context"": 0.0}",False,True,L00_R00|L11_R11|padding
train__c33__user17__2-2-3,33,Lie_down,33,Lie_down,0.866744489497684,33,Lie_down,0.8085525951195986,retained_correct,"{""global_context"": 0.9724267658434416, ""left_interaction"": 0.024977917733945344, ""right_interaction"": 0.0025953907323511024, ""hand_head_union"": 0.0, ""two_hand_table_context"": 0.0}",False,False,L00_R00|L11_R11|padding
train__c33__user24__2-2-1,33,Lie_down,15,Wipe_windows_and_tables,0.38145679888722045,15,Wipe_windows_and_tables,0.33275585098093496,unchanged_wrong,"{""global_context"": 0.9999920073009673, ""left_interaction"": 1.5315850933326319e-06, ""right_interaction"": 6.5388622239143366e-06, ""hand_head_union"": 0.0, ""two_hand_table_context"": 5.84018759279085e-09}",True,False,L11_R11|padding
train__c33__user24__2-2-2,33,Lie_down,15,Wipe_windows_and_tables,0.3953301843450636,15,Wipe_windows_and_tables,0.3550919087395787,unchanged_wrong,"{""global_context"": 0.9999994039535522, ""left_interaction"": 5.245554461907886e-07, ""right_interaction"": 1.297135980848907e-07, ""hand_head_union"": 0.0, ""two_hand_table_context"": 2.0941388000853683e-13}",True,False,L11_R11|padding
train__c33__user24__2-2-3,33,Lie_down,17,Tap_the_keyboard,0.32189286080959356,21,Read_documents,0.29155766470212957,changed_wrong,"{""global_context"": 0.9999998807907104, ""left_interaction"": 1.7042921740539896e-07, ""right_interaction"": 3.948053262092799e-08, ""hand_head_union"": 0.0, ""two_hand_table_context"": 0.0}",False,False,L00_R00|L11_R11|padding
train__c34__user17__1-2-1,34,Sit_down,34,Sit_down,0.9580402737238213,34,Sit_down,0.9587815785482908,retained_correct,"{""global_context"": 0.9830379486083984, ""left_interaction"": 0.00032611782304369484, ""right_interaction"": 0.016635944063846882, ""hand_head_union"": 0.0, ""two_hand_table_context"": 0.0}",False,False,L11_R11|padding
train__c34__user17__1-2-2,34,Sit_down,34,Sit_down,0.9860580500610944,34,Sit_down,0.9869467956606953,retained_correct,"{""global_context"": 0.5844274097018771, ""left_interaction"": 0.26099681854248047, ""right_interaction"": 0.07958516147401598, ""hand_head_union"": 0.0, ""two_hand_table_context"": 0.07499063014984131}",True,False,L11_R11|padding
train__c34__user17__1-2-3,34,Sit_down,34,Sit_down,0.9289662483055232,34,Sit_down,0.9305142893955055,retained_correct,"{""global_context"": 0.6963140699598525, ""left_interaction"": 0.2878307236565484, ""right_interaction"": 0.0014886176213622093, ""hand_head_union"": 0.0, ""two_hand_table_context"": 0.014366646607716879}",True,False,L11_R11|padding
train__c34__user17__2-2-1,34,Sit_down,34,Sit_down,0.9942239027877106,34,Sit_down,0.9947130512693365,retained_correct,"{""global_context"": 0.8417479775168679, ""left_interaction"": 2.7428521372547205e-05, ""right_interaction"": 0.0909682187167081, ""hand_head_union"": 0.0, ""two_hand_table_context"": 0.06725641814145175}",True,False,L11_R11|padding
train__c34__user17__2-2-2,34,Sit_down,34,Sit_down,0.9954187165939353,34,Sit_down,0.9957454546214421,retained_correct,"{""global_context"": 0.9617722829182943, ""left_interaction"": 0.0004409620952275064, ""right_interaction"": 0.03691519300142924, ""hand_head_union"": 0.0, ""two_hand_table_context"": 0.0008715837159090572}",True,False,L11_R11|padding
train__c34__user17__2-2-3,34,Sit_down,34,Sit_down,0.9435876963853049,34,Sit_down,0.9514679423415802,retained_correct,"{""global_context"": 0.7676615185207791, ""left_interaction"": 0.08305622471703424, ""right_interaction"": 0.010008371538586087, ""hand_head_union"": 0.0, ""two_hand_table_context"": 0.13927381568484837}",True,False,L11_R11|padding
train__c34__user17__4-1-1,34,Sit_down,34,Sit_down,0.9665274151520277,34,Sit_down,0.9685625230206304,retained_correct,"{""global_context"": 0.9997298717498779, ""left_interaction"": 2.2684107629326416e-08, ""right_interaction"": 0.0002700460415023069, ""hand_head_union"": 0.0, ""two_hand_table_context"": 0.0}",False,False,L11_R11|padding
train__c34__user17__4-1-2,34,Sit_down,34,Sit_down,0.9927796761295744,34,Sit_down,0.9932940135773255,retained_correct,"{""global_context"": 0.9998445510864258, ""left_interaction"": 1.6150896239456154e-07, ""right_interaction"": 0.00015532273599611863, ""hand_head_union"": 0.0, ""two_hand_table_context"": 0.0}",False,False,L11_R11|padding
train__c34__user17__4-1-3,34,Sit_down,34,Sit_down,0.9939238143252274,34,Sit_down,0.9939916832033546,retained_correct,"{""global_context"": 0.9999263286590576, ""left_interaction"": 7.310734508791938e-05, ""right_interaction"": 5.979364345876093e-07, ""hand_head_union"": 0.0, ""two_hand_table_context"": 1.4180615015568776e-10}",True,False,L11_R11|padding
train__c34__user17__7-1-1,34,Sit_down,34,Sit_down,0.9976269117194019,34,Sit_down,0.9977893346583487,retained_correct,"{""global_context"": 0.9999995231628418, ""left_interaction"": 2.8076044267244527e-10, ""right_interaction"": 5.046859428148309e-07, ""hand_head_union"": 0.0, ""two_hand_table_context"": 2.251019466312232e-12}",True,False,L11_R11|padding
train__c34__user17__7-1-2,34,Sit_down,34,Sit_down,0.8477168391816452,34,Sit_down,0.863133432305323,retained_correct,"{""global_context"": 0.9539279937744141, ""left_interaction"": 1.9020213845318983e-05, ""right_interaction"": 4.176733117284519e-05, ""hand_head_union"": 0.0, ""two_hand_table_context"": 0.046011200972965786}",True,False,L11_R11|padding
train__c34__user17__7-1-3,34,Sit_down,34,Sit_down,0.9555243598406941,34,Sit_down,0.9610668312628224,retained_correct,"{""global_context"": 0.9996177128383091, ""left_interaction"": 0.0003818446836833443, ""right_interaction"": 2.7674855118675623e-07, ""hand_head_union"": 0.0, ""two_hand_table_context"": 1.9331724031092433e-07}",True,False,L11_R11|padding
train__c34__user23__3-2-2,34,Sit_down,34,Sit_down,0.9892640465746635,34,Sit_down,0.9897176518154093,retained_correct,"{""global_context"": 0.800565792964055, ""left_interaction"": 0.0024444664326997902, ""right_interaction"": 0.19692347599909857, ""hand_head_union"": 6.622310656194504e-05, ""two_hand_table_context"": 0.0}",False,True,L11_R11|padding
train__c34__user23__7-3-1,34,Sit_down,34,Sit_down,0.3099207887603125,34,Sit_down,0.3122277400508913,retained_correct,"{""global_context"": 0.7903453041525448, ""left_interaction"": 0.14864601808435776, ""right_interaction"": 0.0603023977840648, ""hand_head_union"": 0.0006940490840112462, ""two_hand_table_context"": 1.223636996548842e-05}",True,True,L11_R11|padding
train__c34__user23__7-3-2,34,Sit_down,36,Walk,0.9966539819956076,36,Walk,0.9967711694181736,unchanged_wrong,"{""global_context"": 0.6832256317138672, ""left_interaction"": 0.2560358728681292, ""right_interaction"": 0.0595770605972835, ""hand_head_union"": 0.0, ""two_hand_table_context"": 0.00116135978272983}",True,False,L10_R00|L11_R00|L11_R01|L11_R11|padding
train__c34__user23__7-3-3,34,Sit_down,36,Walk,0.9106473257123178,36,Walk,0.9113749104815277,unchanged_wrong,"{""global_context"": 0.7920610427856445, ""left_interaction"": 0.056680554151535036, ""right_interaction"": 0.07862879633903504, ""hand_head_union"": 0.04352031946182251, ""two_hand_table_context"": 0.029109248518943788}",True,True,L11_R11|padding
train__c34__user24__4-1-1,34,Sit_down,34,Sit_down,0.9750622840490071,34,Sit_down,0.9764664923166283,retained_correct,"{""global_context"": 0.9803460439046224, ""left_interaction"": 0.017831538120905557, ""right_interaction"": 0.0018224108964204789, ""hand_head_union"": 0.0, ""two_hand_table_context"": 7.846895281697167e-09}",True,False,L11_R00|L11_R01|L11_R11|padding
train__c34__user24__4-1-2,34,Sit_down,34,Sit_down,0.994729059511211,34,Sit_down,0.9949637010594767,retained_correct,"{""global_context"": 0.9999980926513672, ""left_interaction"": 3.2931639411386143e-07, ""right_interaction"": 3.9863078365504573e-07, ""hand_head_union"": 0.0, ""two_hand_table_context"": 1.1690605209547689e-06}",True,False,L11_R01|L11_R11|padding
train__c34__user24__4-1-3,34,Sit_down,34,Sit_down,0.9741199827854627,34,Sit_down,0.9755153273645325,retained_correct,"{""global_context"": 0.9979943169487847, ""left_interaction"": 0.001998506486415863, ""right_interaction"": 7.209003443777975e-06, ""hand_head_union"": 0.0, ""two_hand_table_context"": 2.1180747766224212e-14}",True,False,L11_R11|padding
train__c34__user24__5-1-1,34,Sit_down,15,Wipe_windows_and_tables,0.8352758574409778,15,Wipe_windows_and_tables,0.8639475231329466,unchanged_wrong,"{""global_context"": 0.7563658627596769, ""left_interaction"": 0.23967823115262119, ""right_interaction"": 0.0038702901114117017, ""hand_head_union"": 0.0, ""two_hand_table_context"": 8.56916250830347e-05}",True,False,L11_R11|padding
train__c34__user24__5-1-2,34,Sit_down,34,Sit_down,0.994340256109166,34,Sit_down,0.9946089958314097,retained_correct,"{""global_context"": 0.9167962074279785, ""left_interaction"": 0.02507369816303253, ""right_interaction"": 0.05813003182411194, ""hand_head_union"": 0.0, ""two_hand_table_context"": 3.0361437097781166e-08}",True,False,L11_R11|padding
train__c34__user24__5-1-3,34,Sit_down,34,Sit_down,0.7891491999083653,34,Sit_down,0.8004126557346355,retained_correct,"{""global_context"": 0.7903931935628256, ""left_interaction"": 0.20518464512295193, ""right_interaction"": 0.004422062800990211, ""hand_head_union"": 0.0, ""two_hand_table_context"": 6.241270966711454e-08}",True,False,L11_R11|padding
train__c34__user24__5-3-1,34,Sit_down,34,Sit_down,0.9920124343814194,34,Sit_down,0.9925814473356919,retained_correct,"{""global_context"": 0.5707094669342041, ""left_interaction"": 0.24666366577148438, ""right_interaction"": 0.15536667108535768, ""hand_head_union"": 0.02726018726825714, ""two_hand_table_context"": 0.0}",False,True,L11_R11|padding
train__c34__user24__5-3-2,34,Sit_down,34,Sit_down,0.9949720026262265,34,Sit_down,0.9952770662875627,retained_correct,"{""global_context"": 0.879473252729936, ""left_interaction"": 0.09883959726853804, ""right_interaction"": 0.02094328674403104, ""hand_head_union"": 0.0, ""two_hand_table_context"": 0.00074388019063256}",True,False,L11_R11|padding
train__c34__user24__5-3-3,34,Sit_down,15,Wipe_windows_and_tables,0.3627880425260868,15,Wipe_windows_and_tables,0.37094241118292093,unchanged_wrong,"{""global_context"": 0.25173071026802063, ""left_interaction"": 0.6690614819526672, ""right_interaction"": 0.07919098436832428, ""hand_head_union"": 0.0, ""two_hand_table_context"": 1.685154165897984e-05}",True,False,L11_R11|padding
train__c34__user24__7-2-1,34,Sit_down,34,Sit_down,0.9931480586625341,34,Sit_down,0.9939435035914743,retained_correct,"{""global_context"": 0.7053474946455522, ""left_interaction"": 0.2220898758281361, ""right_interaction"": 0.07256260243329135, ""hand_head_union"": 0.0, ""two_hand_table_context"": 3.24392432108053e-10}",True,False,L11_R11|padding
train__c34__user24__7-2-2,34,Sit_down,34,Sit_down,0.9928361284881329,34,Sit_down,0.9933145525380236,retained_correct,"{""global_context"": 0.988302018907335, ""left_interaction"": 0.00684527928630511, ""right_interaction"": 0.004818434516588847, ""hand_head_union"": 0.0, ""two_hand_table_context"": 3.431909782294598e-05}",True,False,L11_R11|padding
train__c34__user24__7-2-3,34,Sit_down,34,Sit_down,0.9871088763104892,34,Sit_down,0.9879345612396019,retained_correct,"{""global_context"": 0.9074127333504813, ""left_interaction"": 0.009982411350522722, ""right_interaction"": 0.05252792154039655, ""hand_head_union"": 0.0, ""two_hand_table_context"": 0.030076914599963596}",True,False,L11_R11|padding
train__c34__user4__7-2-1,34,Sit_down,29,Do_squats,0.5404996700372985,29,Do_squats,0.5415180613386775,unchanged_wrong,"{""global_context"": 0.6123808452061245, ""left_interaction"": 0.2650292090007237, ""right_interaction"": 0.04046681097575596, ""hand_head_union"": 0.08212313481739589, ""two_hand_table_context"": 0.0}",False,True,L11_R11|padding
train__c34__user4__7-2-2,34,Sit_down,29,Do_squats,0.4717687542341664,29,Do_squats,0.47776259601995713,unchanged_wrong,"{""global_context"": 0.6317310929298401, ""left_interaction"": 0.007721593137830496, ""right_interaction"": 0.33886775374412537, ""hand_head_union"": 0.02167954482138157, ""two_hand_table_context"": 0.0}",False,True,L11_R11|padding
train__c34__user4__7-2-3,34,Sit_down,29,Do_squats,0.5666892317405174,29,Do_squats,0.5678778991387105,unchanged_wrong,"{""global_context"": 0.5975100012386546, ""left_interaction"": 0.1645232929902918, ""right_interaction"": 0.23723433999454274, ""hand_head_union"": 0.0007323389325071784, ""two_hand_table_context"": 0.0}",False,True,L11_R11|padding
train__c35__user23__1-2-1,35,Do_lunges,34,Sit_down,0.6574857352693019,34,Sit_down,0.6720679888469144,unchanged_wrong,"{""global_context"": 0.9349868172093442, ""left_interaction"": 0.021217189337077894, ""right_interaction"": 0.03474851031052439, ""hand_head_union"": 0.0, ""two_hand_table_context"": 0.009047392951814752}",True,False,L11_R11|padding
train__c35__user23__1-2-2,35,Do_lunges,34,Sit_down,0.8540014561436632,34,Sit_down,0.8711291832366327,unchanged_wrong,"{""global_context"": 0.9969747066497803, ""left_interaction"": 0.0003156751627102494, ""right_interaction"": 0.0026550712063908577, ""hand_head_union"": 0.0, ""two_hand_table_context"": 5.4457506242518626e-05}",True,False,L11_R11|padding
train__c35__user23__1-2-3,35,Do_lunges,13,Mop_the_floor,0.3839589586417956,13,Mop_the_floor,0.3886136450865955,unchanged_wrong,"{""global_context"": 0.8244795591934867, ""left_interaction"": 0.12197721522787343, ""right_interaction"": 0.04169338941574097, ""hand_head_union"": 0.0, ""two_hand_table_context"": 0.011849829684133116}",True,False,L11_R11|padding
train__c35__user23__5-3-2,35,Do_lunges,33,Lie_down,0.3837837370302826,33,Lie_down,0.3797544823314105,unchanged_wrong,"{""global_context"": 1.0, ""left_interaction"": 0.0, ""right_interaction"": 0.0, ""hand_head_union"": 0.0, ""two_hand_table_context"": 0.0}",False,False,L00_R00|padding
train__c35__user23__5-3-3,35,Do_lunges,34,Sit_down,0.9944693022959119,34,Sit_down,0.9948835673862311,unchanged_wrong,"{""global_context"": 0.837481689453125, ""left_interaction"": 0.1023686695098877, ""right_interaction"": 0.060113844871520994, ""hand_head_union"": 0.0, ""two_hand_table_context"": 3.581093391403556e-05}",True,False,L11_R11|padding
train__c36__user17__1-2-1,36,Walk,36,Walk,0.9978830164575584,36,Walk,0.9979913150310851,retained_correct,"{""global_context"": 0.41984467893033417, ""left_interaction"": 0.30589436195992137, ""right_interaction"": 0.24797274615313555, ""hand_head_union"": 0.0, ""two_hand_table_context"": 0.026288135631664378}",True,False,L00_R11|L10_R11|L11_R00|L11_R10|L11_R11|padding
train__c36__user17__1-2-2,36,Walk,36,Walk,0.9982170583864609,36,Walk,0.9982952864212836,retained_correct,"{""global_context"": 0.3069600860277812, ""left_interaction"": 0.23073635498682657, ""right_interaction"": 0.46144358317057294, ""hand_head_union"": 0.0, ""two_hand_table_context"": 0.0008599815579752127}",True,False,L10_R11|L11_R00|L11_R10|L11_R11|padding
train__c36__user17__1-2-3,36,Walk,36,Walk,0.9986134020185291,36,Walk,0.9987480266523847,retained_correct,"{""global_context"": 0.5455927318996854, ""left_interaction"": 0.36682266659206814, ""right_interaction"": 0.08675303282561125, ""hand_head_union"": 0.0, ""two_hand_table_context"": 0.0008316020722742434}",True,False,L11_R00|L11_R10|L11_R11|padding
train__c36__user17__3-2-1,36,Walk,36,Walk,0.9988973233120458,36,Walk,0.9990335323923081,retained_correct,"{""global_context"": 0.7789976596832275, ""left_interaction"": 0.21621990203857422, ""right_interaction"": 0.004782453179359436, ""hand_head_union"": 0.0, ""two_hand_table_context"": 0.0}",False,False,L00_R00|L10_R10|L11_R11|padding
train__c36__user17__3-2-2,36,Walk,36,Walk,0.9986922418576419,36,Walk,0.9990113893777411,retained_correct,"{""global_context"": 0.7134286335536412, ""left_interaction"": 0.28656424794878277, ""right_interaction"": 7.16301760153978e-06, ""hand_head_union"": 0.0, ""two_hand_table_context"": 0.0}",False,False,L00_R00|L10_R10|L11_R10|L11_R11|padding
train__c36__user17__3-2-3,36,Walk,36,Walk,0.9988683481214119,36,Walk,0.9990532838507747,retained_correct,"{""global_context"": 0.998782237370809, ""left_interaction"": 0.0012062884246309598, ""right_interaction"": 2.1625764929922298e-06, ""hand_head_union"": 0.0, ""two_hand_table_context"": 9.299496014136821e-06}",True,False,L00_R00|L10_R00|L10_R10|L11_R11|padding
train__c36__user17__3-3-1,36,Walk,36,Walk,0.9990237313732726,36,Walk,0.9991720921042817,retained_correct,"{""global_context"": 0.953390393938337, ""left_interaction"": 0.04448987472625006, ""right_interaction"": 0.0021197347059136347, ""hand_head_union"": 0.0, ""two_hand_table_context"": 0.0}",False,False,L00_R11|L11_R00|padding
train__c36__user17__3-3-2,36,Walk,36,Walk,0.9988143790117628,36,Walk,0.9990064734383052,retained_correct,"{""global_context"": 0.8658428192138672, ""left_interaction"": 0.08175136541065417, ""right_interaction"": 0.00016116794492853316, ""hand_head_union"": 0.0, ""two_hand_table_context"": 0.052244754214035835}",True,False,L11_R00|L11_R01|L11_R10|L11_R11|padding
train__c36__user17__3-3-3,36,Walk,36,Walk,0.9987815033695774,36,Walk,0.9989716575764496,retained_correct,"{""global_context"": 0.8136149512396919, ""left_interaction"": 0.1863849957784017, ""right_interaction"": 0.0, ""hand_head_union"": 0.0, ""two_hand_table_context"": 0.0}",False,False,L11_R00|padding
train__c36__user17__4-1-1,36,Walk,36,Walk,0.9987016604954078,36,Walk,0.9987864733377805,retained_correct,"{""global_context"": 0.9966268085298085, ""left_interaction"": 0.00331315149863561, ""right_interaction"": 6.0021489237745605e-05, ""hand_head_union"": 0.0, ""two_hand_table_context"": 0.0}",False,False,L11_R11|padding
train__c36__user17__4-1-2,36,Walk,36,Walk,0.998806275600814,36,Walk,0.9989188267317632,retained_correct,"{""global_context"": 0.9980768362681071, ""left_interaction"": 0.0018799972410003345, ""right_interaction"": 4.293672100175172e-05, ""hand_head_union"": 0.0, ""two_hand_table_context"": 3.110559608406523e-07}",True,False,L11_R00|L11_R11|padding
train__c36__user17__4-1-3,36,Walk,36,Walk,0.9986844514752821,36,Walk,0.9987992470081128,retained_correct,"{""global_context"": 0.9423973219735282, ""left_interaction"": 0.018455388290541514, ""right_interaction"": 0.0391474153314318, ""hand_head_union"": 0.0, ""two_hand_table_context"": 2.1157881795781056e-09}",True,False,L11_R11|padding
train__c36__user17__5-2-1,36,Walk,36,Walk,0.9991238860206925,36,Walk,0.9992600220858309,retained_correct,"{""global_context"": 0.8371406555175781, ""left_interaction"": 0.05702279806137085, ""right_interaction"": 0.1005744457244873, ""hand_head_union"": 0.0, ""two_hand_table_context"": 0.005262124165892601}",True,False,L00_R00|L10_R10|L11_R11|padding
train__c36__user17__5-2-2,36,Walk,36,Walk,0.9988436163191741,36,Walk,0.999047538706136,retained_correct,"{""global_context"": 0.7617158889770508, ""left_interaction"": 0.17437532742818196, ""right_interaction"": 0.06390881935755412, ""hand_head_union"": 0.0, ""two_hand_table_context"": 0.0}",False,False,L00_R00|L00_R10|L10_R10|L11_R10|L11_R11|padding
train__c36__user17__5-2-3,36,Walk,36,Walk,0.999020278520459,36,Walk,0.9991250297013053,retained_correct,"{""global_context"": 0.6501831641564002, ""left_interaction"": 0.07622834810843834, ""right_interaction"": 0.2011260802929218, ""hand_head_union"": 0.0, ""two_hand_table_context"": 0.07246234325262216}",True,False,L00_R00|L00_R10|L10_R10|L10_R11|L11_R11|padding
train__c36__user17__6-1-1,36,Walk,36,Walk,0.998023284362886,36,Walk,0.9981603142569418,retained_correct,"{""global_context"": 0.9674987086543331, ""left_interaction"": 0.022953750910582365, ""right_interaction"": 0.009006621109114753, ""hand_head_union"": 0.0, ""two_hand_table_context"": 0.0005408794170728436}",True,False,L11_R11|padding
train__c36__user17__6-1-2,36,Walk,36,Walk,0.9986550870777978,36,Walk,0.9987706918067902,retained_correct,"{""global_context"": 0.8931905882699149, ""left_interaction"": 0.010767696159226554, ""right_interaction"": 0.09604142393384661, ""hand_head_union"": 0.0, ""two_hand_table_context"": 2.5350321461051604e-07}",True,False,L11_R11|padding
train__c36__user17__6-1-3,36,Walk,36,Walk,0.9980075148667367,36,Walk,0.9982137765582457,retained_correct,"{""global_context"": 0.99047513441606, ""left_interaction"": 0.003035258501768112, ""right_interaction"": 0.006222440437837081, ""hand_head_union"": 0.0, ""two_hand_table_context"": 0.0002671679989858107}",True,False,L11_R11|padding
train__c36__user23__2-2-1,36,Walk,36,Walk,0.9978877989837102,36,Walk,0.9979807079218495,retained_correct,"{""global_context"": 0.24821456995877353, ""left_interaction"": 0.3719162507490678, ""right_interaction"": 0.31859588623046875, ""hand_head_union"": 0.0, ""two_hand_table_context"": 0.06127331473610618}",True,False,L11_R10|L11_R11|padding
train__c36__user23__2-2-2,36,Walk,36,Walk,0.9971210051086162,36,Walk,0.9969153832255682,retained_correct,"{""global_context"": 0.39086549932306464, ""left_interaction"": 0.21292244304310193, ""right_interaction"": 0.38227514787153766, ""hand_head_union"": 0.0, ""two_hand_table_context"": 0.013936963948336515}",True,False,L01_R11|L11_R11|padding
train__c36__user23__2-2-3,36,Walk,36,Walk,0.9791219204095963,36,Walk,0.9817093659289634,retained_correct,"{""global_context"": 0.5908811742609198, ""left_interaction"": 0.1702071103182706, ""right_interaction"": 0.23891167207197708, ""hand_head_union"": 0.0, ""two_hand_table_context"": 0.0}",False,False,L01_R11|L11_R11|padding
train__c36__user23__2-3-1,36,Walk,36,Walk,0.9989464617626488,36,Walk,0.9990917750250677,retained_correct,"{""global_context"": 0.8907408033098493, ""left_interaction"": 0.10442931311471122, ""right_interaction"": 0.0048297542546476635, ""hand_head_union"": 0.0, ""two_hand_table_context"": 0.0}",False,False,L00_R00|L10_R00|L10_R10|L10_R11|L11_R11|padding
train__c36__user23__2-3-2,36,Walk,36,Walk,0.9989307546228646,36,Walk,0.9990855233074531,retained_correct,"{""global_context"": 0.6976902825491769, ""left_interaction"": 0.2047115961710612, ""right_interaction"": 0.0975895609174456, ""hand_head_union"": 0.0, ""two_hand_table_context"": 8.609229726495132e-06}",True,False,L00_R00|L10_R10|L11_R10|L11_R11|padding
train__c36__user23__2-3-3,36,Walk,36,Walk,0.9986920382908993,36,Walk,0.9988739685428931,retained_correct,"{""global_context"": 0.8402369817097982, ""left_interaction"": 0.04930959145228068, ""right_interaction"": 0.11045340696970622, ""hand_head_union"": 0.0, ""two_hand_table_context"": 0.0}",False,False,L00_R00|L10_R10|L11_R11|padding
train__c36__user23__3-2-1,36,Walk,36,Walk,0.998957410920227,36,Walk,0.9990661667702299,retained_correct,"{""global_context"": 0.9219294048490978, ""left_interaction"": 0.07806538967859178, ""right_interaction"": 5.220660698666636e-06, ""hand_head_union"": 0.0, ""two_hand_table_context"": 0.0}",False,False,L00_R00|L10_R00|L11_R00|L11_R10|L11_R11|padding
train__c36__user23__3-2-2,36,Walk,36,Walk,0.999003394171182,36,Walk,0.9991570285199274,retained_correct,"{""global_context"": 0.7032764174721458, ""left_interaction"": 0.29654370654713025, ""right_interaction"": 0.00017980725335126573, ""hand_head_union"": 0.0, ""two_hand_table_context"": 2.2203173764203464e-08}",True,False,L00_R00|L11_R00|L11_R11|padding
train__c36__user23__3-2-3,36,Walk,36,Walk,0.9989903844188495,36,Walk,0.9990577259125069,retained_correct,"{""global_context"": 0.721161024911063, ""left_interaction"": 0.2761794271923247, ""right_interaction"": 0.00265951720731599, ""hand_head_union"": 0.0, ""two_hand_table_context"": 0.0}",False,False,L00_R00|L10_R11|L11_R11|padding
train__c36__user23__4-2-1,36,Walk,36,Walk,0.9988308680890449,36,Walk,0.9989194667838176,retained_correct,"{""global_context"": 0.2799255507332938, ""left_interaction"": 0.19657465389796666, ""right_interaction"": 0.5234997953687396, ""hand_head_union"": 0.0, ""two_hand_table_context"": 0.0}",False,False,L00_R10|L00_R11|L11_R11|padding
train__c36__user23__4-2-2,36,Walk,36,Walk,0.997419225095659,36,Walk,0.9975153850182721,retained_correct,"{""global_context"": 0.6801119645436605, ""left_interaction"": 0.14636796712875366, ""right_interaction"": 0.17352000872294107, ""hand_head_union"": 0.0, ""two_hand_table_context"": 0.0}",False,False,L00_R11|L11_R11|padding
train__c36__user23__4-2-3,36,Walk,36,Walk,0.9932328763360074,36,Walk,0.9943514046985191,retained_correct,"{""global_context"": 0.4002656141916911, ""left_interaction"": 0.1871217687924703, ""right_interaction"": 0.3298415541648865, ""hand_head_union"": 0.0, ""two_hand_table_context"": 0.08277103801568349}",True,False,L00_R11|L01_R11|L11_R11|padding
train__c36__user23__5-3-1,36,Walk,32,Stand_up,0.8386445137021035,32,Stand_up,0.8416385850974559,unchanged_wrong,"{""global_context"": 0.9698132001436673, ""left_interaction"": 0.03011335088656499, ""right_interaction"": 6.875559651794341e-05, ""hand_head_union"": 0.0, ""two_hand_table_context"": 4.694490389038737e-06}",True,False,L11_R11|padding
train__c36__user23__5-3-3,36,Walk,36,Walk,0.9992875365189686,36,Walk,0.9993708229386191,retained_correct,"{""global_context"": 0.7376603484153748, ""left_interaction"": 0.20061762630939484, ""right_interaction"": 0.0013064045924693346, ""hand_head_union"": 0.0, ""two_hand_table_context"": 0.060415640473365784}",True,False,L10_R00|L10_R10|L11_R10|L11_R11|padding
train__c36__user23__7-3-1,36,Walk,36,Walk,0.9983963524989787,36,Walk,0.9985344602920871,retained_correct,"{""global_context"": 0.8352969941638765, ""left_interaction"": 0.10955925214858282, ""right_interaction"": 0.05514373665764218, ""hand_head_union"": 0.0, ""two_hand_table_context"": 9.7738335282292e-13}",True,False,L00_R00|L11_R00|L11_R11|padding
train__c36__user23__7-3-2,36,Walk,36,Walk,0.9989400637403762,36,Walk,0.9991214334778851,retained_correct,"{""global_context"": 0.7612265673550692, ""left_interaction"": 0.22176252711902966, ""right_interaction"": 0.016993406144055454, ""hand_head_union"": 0.0, ""two_hand_table_context"": 1.7554021641527388e-05}",True,False,L10_R00|L11_R00|L11_R01|L11_R11|padding
train__c36__user23__7-3-3,36,Walk,36,Walk,0.9983628404750251,36,Walk,0.998582582684753,retained_correct,"{""global_context"": 0.9032732645670573, ""left_interaction"": 0.09662579827838474, ""right_interaction"": 0.00010080219686238302, ""hand_head_union"": 0.0, ""two_hand_table_context"": 0.0}",False,False,L10_R00|L11_R00|L11_R10|L11_R11|padding
train__c36__user24__1-2-1,36,Walk,36,Walk,0.9974170064194413,36,Walk,0.9976011559910828,retained_correct,"{""global_context"": 0.972536849975586, ""left_interaction"": 0.012492242455482482, ""right_interaction"": 0.014970821142196656, ""hand_head_union"": 0.0, ""two_hand_table_context"": 1.0630218791144823e-07}",True,False,L00_R11|L11_R11|padding
train__c36__user24__1-2-2,36,Walk,36,Walk,0.9969716947585922,36,Walk,0.9973135643734813,retained_correct,"{""global_context"": 0.9935287328866812, ""left_interaction"": 2.0980946898746948e-05, ""right_interaction"": 0.0064485583167809704, ""hand_head_union"": 0.0, ""two_hand_table_context"": 1.6806163610174106e-06}",True,False,L11_R11|padding
train__c36__user24__1-2-3,36,Walk,36,Walk,0.9973988711385502,36,Walk,0.9976747329545964,retained_correct,"{""global_context"": 0.9974498748779297, ""left_interaction"": 4.196938728758445e-06, ""right_interaction"": 0.002545221894979477, ""hand_head_union"": 0.0, ""two_hand_table_context"": 7.004362487350591e-07}",True,False,L11_R11|padding
train__c36__user24__3-2-1,36,Walk,36,Walk,0.994388024253233,36,Walk,0.9945588280516415,retained_correct,"{""global_context"": 0.8017824958352482, ""left_interaction"": 0.19460728589226217, ""right_interaction"": 0.003605437191093669, ""hand_head_union"": 0.0, ""two_hand_table_context"": 4.7791378593127075e-06}",True,False,L00_R11|L11_R00|L11_R10|L11_R11|padding
train__c36__user24__3-2-2,36,Walk,36,Walk,0.998830521703315,36,Walk,0.9988868280775974,retained_correct,"{""global_context"": 0.7064723332722982, ""left_interaction"": 0.2935209592183431, ""right_interaction"": 6.7085158661939205e-06, ""hand_head_union"": 0.0, ""two_hand_table_context"": 0.0}",False,False,L00_R00|L11_R00|L11_R11|padding
train__c36__user24__3-2-3,36,Walk,36,Walk,0.9983961591217215,36,Walk,0.9984881029888932,retained_correct,"{""global_context"": 0.9287232081095378, ""left_interaction"": 0.07119818528493245, ""right_interaction"": 7.852421452601751e-05, ""hand_head_union"": 0.0, ""two_hand_table_context"": 0.0}",False,False,L11_R11|padding
train__c36__user24__4-2-1,36,Walk,36,Walk,0.9989775546167041,36,Walk,0.9990930302835472,retained_correct,"{""global_context"": 0.6576661666234335, ""left_interaction"": 0.2966000239054362, ""right_interaction"": 0.045733789602915444, ""hand_head_union"": 0.0, ""two_hand_table_context"": 0.0}",False,False,L10_R10|L10_R11|L11_R10|L11_R11|padding
train__c36__user24__4-2-2,36,Walk,36,Walk,0.9988910428491271,36,Walk,0.998914498083208,retained_correct,"{""global_context"": 0.609599515011436, ""left_interaction"": 0.3903539055272153, ""right_interaction"": 4.655236721430954e-05, ""hand_head_union"": 0.0, ""two_hand_table_context"": 0.0}",False,False,L00_R10|L10_R10|L10_R11|L11_R10|L11_R11|padding
train__c36__user24__4-2-3,36,Walk,36,Walk,0.9989176785934758,36,Walk,0.9989581332060152,retained_correct,"{""global_context"": 0.5137809865614947, ""left_interaction"": 0.34577397739186005, ""right_interaction"": 0.05266985472510843, ""hand_head_union"": 0.0, ""two_hand_table_context"": 0.08777530053082634}",True,False,L00_R10|L11_R11|padding
train__c36__user24__5-1-1,36,Walk,36,Walk,0.9983258323740752,36,Walk,0.9984016524116801,retained_correct,"{""global_context"": 0.923116552418676, ""left_interaction"": 0.06116080284118652, ""right_interaction"": 0.0004076882875685034, ""hand_head_union"": 0.0, ""two_hand_table_context"": 0.015314943831542442}",True,False,L00_R11|L10_R11|L11_R00|L11_R10|L11_R11|padding
train__c36__user24__5-1-2,36,Walk,36,Walk,0.9984654917568545,36,Walk,0.9985501643749196,retained_correct,"{""global_context"": 0.7970893294722946, ""left_interaction"": 0.17415327495998806, ""right_interaction"": 0.02830542899944164, ""hand_head_union"": 0.0, ""two_hand_table_context"": 0.0004519474244228116}",True,False,L00_R11|L10_R11|L11_R00|L11_R10|L11_R11|padding
train__c36__user24__5-1-3,36,Walk,36,Walk,0.9988879916361559,36,Walk,0.9989424585911804,retained_correct,"{""global_context"": 0.8818487167358399, ""left_interaction"": 0.11002241373062134, ""right_interaction"": 0.008128352463245392, ""hand_head_union"": 0.0, ""two_hand_table_context"": 5.665429853252135e-07}",True,False,L00_R11|L10_R11|L11_R00|L11_R11|padding
train__c36__user24__5-3-1,36,Walk,36,Walk,0.9970816804991224,36,Walk,0.9972009461542343,retained_correct,"{""global_context"": 0.7838022525493915, ""left_interaction"": 0.17458521402799165, ""right_interaction"": 0.0030544340037382566, ""hand_head_union"": 0.0, ""two_hand_table_context"": 0.03855813008088332}",True,False,L10_R11|L11_R00|L11_R10|L11_R11|padding
train__c36__user24__5-3-2,36,Walk,36,Walk,0.9980388381990277,36,Walk,0.9981395603870461,retained_correct,"{""global_context"": 0.8209722836812338, ""left_interaction"": 0.10171128312746684, ""right_interaction"": 0.07727407415707906, ""hand_head_union"": 0.0, ""two_hand_table_context"": 4.2395113268867135e-05}",True,False,L00_R11|L10_R11|L11_R00|L11_R11|padding
train__c36__user24__5-3-3,36,Walk,36,Walk,0.9989100620491459,36,Walk,0.9989610051743377,retained_correct,"{""global_context"": 0.7327317689594469, ""left_interaction"": 0.17878764554073936, ""right_interaction"": 0.06298550806547466, ""hand_head_union"": 0.0, ""two_hand_table_context"": 0.02549505861181962}",True,False,L00_R11|L10_R11|L11_R10|L11_R11|padding
train__c36__user24__6-2-1,36,Walk,36,Walk,0.9918266494509818,36,Walk,0.9921357069508889,retained_correct,"{""global_context"": 0.47428470187717015, ""left_interaction"": 0.37208869722154403, ""right_interaction"": 0.12079879972669813, ""hand_head_union"": 0.0, ""two_hand_table_context"": 0.03282776474952698}",True,False,L11_R00|L11_R01|L11_R10|L11_R11|padding
train__c36__user24__6-2-2,36,Walk,36,Walk,0.9987898504927021,36,Walk,0.9989265062283323,retained_correct,"{""global_context"": 0.009042959660291672, ""left_interaction"": 0.5009275674819946, ""right_interaction"": 0.15886140863100687, ""hand_head_union"": 0.0, ""two_hand_table_context"": 0.3311680555343628}",True,False,L11_R11|padding
train__c36__user24__6-2-3,36,Walk,36,Walk,0.9978507966097814,36,Walk,0.9981122764849711,retained_correct,"{""global_context"": 0.3303414583206177, ""left_interaction"": 0.006382323801517487, ""right_interaction"": 0.0028256004055341086, ""hand_head_union"": 0.0, ""two_hand_table_context"": 0.6604506572087606}",True,False,L11_R11|padding
train__c36__user24__7-2-1,36,Walk,36,Walk,0.9957556166265662,36,Walk,0.9959175375431646,retained_correct,"{""global_context"": 0.8066032550953053, ""left_interaction"": 0.19328408771091038, ""right_interaction"": 6.59950137897222e-05, ""hand_head_union"": 0.0, ""two_hand_table_context"": 4.652907416500427e-05}",True,False,L11_R00|L11_R11|padding
train__c36__user24__7-2-2,36,Walk,36,Walk,0.9985749988488617,36,Walk,0.9986410319657539,retained_correct,"{""global_context"": 0.7437076038784451, ""left_interaction"": 0.13392909367879233, ""right_interaction"": 0.11648281415303548, ""hand_head_union"": 0.0, ""two_hand_table_context"": 0.005880568590429094}",True,False,L00_R11|L11_R00|L11_R11|padding
train__c36__user24__7-2-3,36,Walk,36,Walk,0.9987663492489391,36,Walk,0.9988467300613688,retained_correct,"{""global_context"": 0.7728895707563921, ""left_interaction"": 0.1420423225923018, ""right_interaction"": 0.0539389198476618, ""hand_head_union"": 0.0, ""two_hand_table_context"": 0.031129238280383022}",True,False,L00_R11|L11_R10|L11_R11|padding
train__c36__user4__1-2-1,36,Walk,36,Walk,0.9988283012534912,36,Walk,0.9989938122631026,retained_correct,"{""global_context"": 0.8199385915483747, ""left_interaction"": 0.08061679771968297, ""right_interaction"": 0.0637328028678894, ""hand_head_union"": 0.0, ""two_hand_table_context"": 0.0357117908341544}",True,False,L00_R00|L00_R01|L00_R10|L10_R10|L11_R11|padding
train__c36__user4__1-2-2,36,Walk,36,Walk,0.9988862375989445,36,Walk,0.9990891289253585,retained_correct,"{""global_context"": 0.8649341409856622, ""left_interaction"": 0.0914882638237693, ""right_interaction"": 0.013502867384390398, ""hand_head_union"": 0.0, ""two_hand_table_context"": 0.03007466955618425}",True,False,L00_R00|L10_R00|L10_R10|L11_R00|L11_R11|padding
train__c36__user4__1-2-3,36,Walk,36,Walk,0.998913519211195,36,Walk,0.9991374585061373,retained_correct,"{""global_context"": 0.7701639533042908, ""left_interaction"": 0.1520005166530609, ""right_interaction"": 0.07783550769090652, ""hand_head_union"": 0.0, ""two_hand_table_context"": 0.0}",False,False,L00_R00|L00_R10|L00_R11|L10_R10|L10_R11|L11_R11|padding
train__c36__user4__2-2-1,36,Walk,36,Walk,0.998955206244481,36,Walk,0.9991727769250928,retained_correct,"{""global_context"": 0.8791123117719378, ""left_interaction"": 0.1177354369844709, ""right_interaction"": 0.0029975934220211847, ""hand_head_union"": 0.0, ""two_hand_table_context"": 0.00015460964225764786}",True,False,L00_R00|L00_R10|L10_R00|L10_R10|L10_R11|L11_R10|L11_R11|padding
train__c36__user4__2-2-2,36,Walk,36,Walk,0.9992622601757926,36,Walk,0.9993935080634943,retained_correct,"{""global_context"": 0.9555555071149554, ""left_interaction"": 0.03592116066387722, ""right_interaction"": 0.008523333285536085, ""hand_head_union"": 0.0, ""two_hand_table_context"": 0.0}",False,False,L00_R00|L00_R10|L10_R10|L10_R11|L11_R10|L11_R11|padding
train__c36__user4__2-2-3,36,Walk,36,Walk,0.9991586609616963,36,Walk,0.9992738786319291,retained_correct,"{""global_context"": 0.7652035493117112, ""left_interaction"": 0.1934054998251108, ""right_interaction"": 0.04139097378804134, ""hand_head_union"": 0.0, ""two_hand_table_context"": 0.0}",False,False,L00_R00|L10_R10|L10_R11|L11_R10|L11_R11|padding
train__c36__user4__4-2-1,36,Walk,36,Walk,0.999123579400916,36,Walk,0.99928109550956,retained_correct,"{""global_context"": 0.8421265528752253, ""left_interaction"": 0.12800683425023004, ""right_interaction"": 0.029866592242167547, ""hand_head_union"": 0.0, ""two_hand_table_context"": 0.0}",False,False,L00_R00|L10_R00|L10_R10|L11_R11|padding
train__c36__user4__4-2-2,36,Walk,36,Walk,0.9985057771917364,36,Walk,0.9989158081431726,retained_correct,"{""global_context"": 0.872189081632174, ""left_interaction"": 0.0166405588388443, ""right_interaction"": 0.03732076516518226, ""hand_head_union"": 0.0, ""two_hand_table_context"": 0.07384964135976937}",True,False,L00_R00|L00_R10|L10_R00|L10_R10|L11_R10|L11_R11|padding
train__c36__user4__4-2-3,36,Walk,36,Walk,0.9987631194168546,36,Walk,0.9990234022984862,retained_correct,"{""global_context"": 0.8271358353751046, ""left_interaction"": 0.17257899897439138, ""right_interaction"": 0.00028517769117440494, ""hand_head_union"": 0.0, ""two_hand_table_context"": 0.0}",False,False,L00_R00|L00_R10|L10_R00|L10_R10|L11_R11|padding
train__c36__user4__5-2-1,36,Walk,36,Walk,0.9961970737122849,36,Walk,0.99631606344659,retained_correct,"{""global_context"": 0.8379205557016226, ""left_interaction"": 0.08777274840917343, ""right_interaction"": 0.07428687046735714, ""hand_head_union"": 0.0, ""two_hand_table_context"": 1.9830762026592707e-05}",True,False,L00_R00|L00_R11|L11_R00|L11_R10|L11_R11|padding
train__c36__user4__5-2-2,36,Walk,36,Walk,0.9757337666661967,36,Walk,0.9776746500123903,retained_correct,"{""global_context"": 0.722272720336914, ""left_interaction"": 0.2536085319519043, ""right_interaction"": 0.003888689875602722, ""hand_head_union"": 0.0, ""two_hand_table_context"": 0.02023005247116089}",True,False,L11_R00|L11_R11|padding
train__c36__user4__5-2-3,36,Walk,36,Walk,0.9931279399805816,36,Walk,0.9938482358387417,retained_correct,"{""global_context"": 0.5975381306239537, ""left_interaction"": 0.24468496867588588, ""right_interaction"": 0.023561945983341763, ""hand_head_union"": 0.0, ""two_hand_table_context"": 0.13421492917197092}",True,False,L11_R11|padding
train__c36__user4__7-1-1,36,Walk,36,Walk,0.9988314654251,36,Walk,0.9990203759084798,retained_correct,"{""global_context"": 0.8744579496837798, ""left_interaction"": 0.0853997412182036, ""right_interaction"": 0.04014220124199277, ""hand_head_union"": 0.0, ""two_hand_table_context"": 0.0}",False,False,L00_R00|L00_R10|L10_R00|L10_R10|L10_R11|L11_R11|padding
train__c36__user4__7-1-2,36,Walk,36,Walk,0.9989112718241109,36,Walk,0.9992051640060226,retained_correct,"{""global_context"": 0.7777041026524135, ""left_interaction"": 0.08718383312225342, ""right_interaction"": 0.11052074602672032, ""hand_head_union"": 0.02459130116871425, ""two_hand_table_context"": 0.0}",False,True,L00_R00|L00_R10|L10_R00|L10_R10|L10_R11|L11_R00|L11_R10|L11_R11|padding
train__c36__user4__7-1-3,36,Walk,36,Walk,0.9981059908677546,36,Walk,0.9984857222373149,retained_correct,"{""global_context"": 0.9475380182266235, ""left_interaction"": 0.04863375797867775, ""right_interaction"": 0.003828172106295824, ""hand_head_union"": 0.0, ""two_hand_table_context"": 0.0}",False,False,L00_R00|L00_R01|L10_R00|L10_R10|L11_R10|L11_R11|padding
train__c37__user17__4-1-1,37,Take_medicine,39,Take_body_temperature,0.530902828242218,20,Check_the_time,0.308283576670545,changed_wrong,"{""global_context"": 0.6974990986011647, ""left_interaction"": 0.25408299763997394, ""right_interaction"": 0.02389398327580205, ""hand_head_union"": 0.00013252549494306246, ""two_hand_table_context"": 0.024391291318116366}",True,True,L11_R11|padding
train__c37__user17__4-1-2,37,Take_medicine,38,Massage_oneself,0.28669709390219383,38,Massage_oneself,0.3884245040245979,unchanged_wrong,"{""global_context"": 0.7003379490064539, ""left_interaction"": 0.1479535724805749, ""right_interaction"": 0.07721159769141156, ""hand_head_union"": 0.03509308980858844, ""two_hand_table_context"": 0.039403700310250984}",True,True,L11_R11|padding
train__c37__user17__4-1-3,37,Take_medicine,39,Take_body_temperature,0.483435925795615,20,Check_the_time,0.40109794147598343,changed_wrong,"{""global_context"": 0.9531282278207632, ""left_interaction"": 0.03955597143906813, ""right_interaction"": 0.001978267987187092, ""hand_head_union"": 0.001954116643621371, ""two_hand_table_context"": 0.0033834920479701115}",True,True,L11_R11|padding
train__c37__user23__7-1-1,37,Take_medicine,24,Use_a_mobile_phone,0.3035866885234554,24,Use_a_mobile_phone,0.39534288355608915,unchanged_wrong,"{""global_context"": 0.9004098801385789, ""left_interaction"": 0.0902474323908488, ""right_interaction"": 0.007493547740436736, ""hand_head_union"": 0.0014689891998256957, ""two_hand_table_context"": 0.00038019270591792606}",True,True,L11_R11|padding
train__c37__user23__7-1-3,37,Take_medicine,15,Wipe_windows_and_tables,0.9326510084181494,15,Wipe_windows_and_tables,0.9347145032620097,unchanged_wrong,"{""global_context"": 0.9161685943603516, ""left_interaction"": 0.008220737427473068, ""right_interaction"": 0.00021244699601083994, ""hand_head_union"": 0.0, ""two_hand_table_context"": 0.0753982424736023}",True,False,L11_R11|padding
train__c37__user23__7-2-1,37,Take_medicine,27,Take_a_selfie,0.7996883398155512,27,Take_a_selfie,0.983230040559811,unchanged_wrong,"{""global_context"": 0.9678568522135417, ""left_interaction"": 0.0010029638186097145, ""right_interaction"": 0.030237032969792684, ""hand_head_union"": 0.0007591352487603824, ""two_hand_table_context"": 0.00014409890087942282}",True,True,L11_R11|padding
train__c37__user23__7-2-2,37,Take_medicine,38,Massage_oneself,0.6000408357583846,38,Massage_oneself,0.7919592601754342,unchanged_wrong,"{""global_context"": 0.245703915754954, ""left_interaction"": 0.17589042584101358, ""right_interaction"": 0.5038351615269979, ""hand_head_union"": 0.006908768167098363, ""two_hand_table_context"": 0.06766174236933391}",True,True,L11_R11|padding
train__c37__user23__7-2-3,37,Take_medicine,27,Take_a_selfie,0.4082761846392065,38,Massage_oneself,0.3183758463712167,changed_wrong,"{""global_context"": 0.5491044998168946, ""left_interaction"": 0.1555056095123291, ""right_interaction"": 0.11879529953002929, ""hand_head_union"": 0.17658179998397827, ""two_hand_table_context"": 1.2809842883143573e-05}",True,True,L11_R11|padding
train__c37__user24__5-2-1,37,Take_medicine,27,Take_a_selfie,0.41243677092446424,2,Comb_hair,0.43555335903687187,changed_wrong,"{""global_context"": 0.5824892123540243, ""left_interaction"": 0.023468904197216034, ""right_interaction"": 0.3887060880661011, ""hand_head_union"": 0.005278879155715306, ""two_hand_table_context"": 5.686999065801501e-05}",True,True,L11_R11
train__c37__user24__5-2-2,37,Take_medicine,27,Take_a_selfie,0.5010787407272838,2,Comb_hair,0.4456845936740693,changed_wrong,"{""global_context"": 0.7193577710319968, ""left_interaction"": 0.0511242431752822, ""right_interaction"": 0.2194226769840016, ""hand_head_union"": 0.009387531701256247, ""two_hand_table_context"": 0.0007077927755958893}",True,True,L11_R11|padding
train__c37__user24__5-2-3,37,Take_medicine,27,Take_a_selfie,0.4737470703356588,2,Comb_hair,0.38061916636807447,changed_wrong,"{""global_context"": 0.8497851522345292, ""left_interaction"": 0.002067939819473969, ""right_interaction"": 0.14793470031336733, ""hand_head_union"": 0.0002121469986281897, ""two_hand_table_context"": 0.0}",False,True,L11_R11|padding
train__c37__user24__7-1-1,37,Take_medicine,2,Comb_hair,0.21949402437918542,2,Comb_hair,0.32766997192209296,unchanged_wrong,"{""global_context"": 0.602749567765456, ""left_interaction"": 0.10395339819101188, ""right_interaction"": 0.22206592559814453, ""hand_head_union"": 9.217039265562422e-06, ""two_hand_table_context"": 0.07122187431042011}",True,True,L11_R11|padding
train__c37__user24__7-1-2,37,Take_medicine,1,Brush_teeth,0.36411651707878107,1,Brush_teeth,0.3844564523943955,unchanged_wrong,"{""global_context"": 0.6764695984976632, ""left_interaction"": 0.10482063463756017, ""right_interaction"": 0.1562666722706386, ""hand_head_union"": 0.0, ""two_hand_table_context"": 0.062443090336663384}",True,False,L11_R11|padding
train__c37__user24__7-1-3,37,Take_medicine,27,Take_a_selfie,0.40252332871062463,2,Comb_hair,0.4872535740138612,changed_wrong,"{""global_context"": 0.5345240141216078, ""left_interaction"": 0.18156144493504575, ""right_interaction"": 0.24645190489919563, ""hand_head_union"": 0.0016591962622968775, ""two_hand_table_context"": 0.03580347487801}",True,True,L11_R11|padding
train__c37__user4__7-1-1,37,Take_medicine,37,Take_medicine,0.32894130187024195,2,Comb_hair,0.42122073188196296,harmed,"{""global_context"": 8.523815267835744e-06, ""left_interaction"": 0.0032313872749606767, ""right_interaction"": 0.8945442040761312, ""hand_head_union"": 0.0, ""two_hand_table_context"": 0.10221598545710246}",True,False,L11_R11
train__c37__user4__7-1-2,37,Take_medicine,31,Do_stretching_exercises,0.7816917990378324,31,Do_stretching_exercises,0.8586363779321894,unchanged_wrong,"{""global_context"": 0.01019712599615256, ""left_interaction"": 0.09392576416333516, ""right_interaction"": 0.8400539557139078, ""hand_head_union"": 0.027446697155634563, ""two_hand_table_context"": 0.028376504778862}",True,True,L11_R11
train__c37__user4__7-1-3,37,Take_medicine,39,Take_body_temperature,0.4038614541011821,2,Comb_hair,0.4504865099373346,changed_wrong,"{""global_context"": 0.00987104264398416, ""left_interaction"": 0.10098102688789368, ""right_interaction"": 0.8389323552449545, ""hand_head_union"": 0.0, ""two_hand_table_context"": 0.050215517481168113}",True,False,L11_R11
train__c38__user23__2-2-1,38,Massage_oneself,38,Massage_oneself,0.3258357027746117,39,Take_body_temperature,0.4318465684329024,harmed,"{""global_context"": 0.39451184272766116, ""left_interaction"": 0.09450973868370056, ""right_interaction"": 0.16868914365768434, ""hand_head_union"": 0.0, ""two_hand_table_context"": 0.34228925704956054}",True,False,L11_R11|padding
train__c38__user23__2-2-2,38,Massage_oneself,38,Massage_oneself,0.5252422571761465,38,Massage_oneself,0.7161712332443387,retained_correct,"{""global_context"": 0.18747988113990197, ""left_interaction"": 0.2628078277294452, ""right_interaction"": 0.3575492272010216, ""hand_head_union"": 0.0, ""two_hand_table_context"": 0.19216304558974046}",True,False,L11_R11|padding
train__c38__user23__2-2-3,38,Massage_oneself,38,Massage_oneself,0.43056779524488503,38,Massage_oneself,0.49342865119868096,retained_correct,"{""global_context"": 0.3891177177429199, ""left_interaction"": 0.08536178469657899, ""right_interaction"": 0.2903678178787231, ""hand_head_union"": 0.0, ""two_hand_table_context"": 0.23515262603759765}",True,False,L11_R11|padding
train__c38__user23__7-1-1,38,Massage_oneself,23,Listen_to_music_with_headphones,0.540631532560349,23,Listen_to_music_with_headphones,0.8424554480292527,unchanged_wrong,"{""global_context"": 0.2992883750370571, ""left_interaction"": 0.09733067240033831, ""right_interaction"": 0.5946373258318219, ""hand_head_union"": 0.008690020335572106, ""two_hand_table_context"": 5.350748376388635e-05}",True,True,L11_R11|padding
train__c38__user23__7-1-2,38,Massage_oneself,7,Eat_food,0.863149054699867,7,Eat_food,0.6703730465367098,unchanged_wrong,"{""global_context"": 0.3804473876953125, ""left_interaction"": 0.11907972608293806, ""right_interaction"": 0.413526489621117, ""hand_head_union"": 0.06204828761872791, ""two_hand_table_context"": 0.024898143041701543}",True,True,L11_R11|padding
train__c38__user23__7-1-3,38,Massage_oneself,7,Eat_food,0.7476606960779048,7,Eat_food,0.32712747118595065,unchanged_wrong,"{""global_context"": 0.5527033194517478, ""left_interaction"": 0.12077781481620593, ""right_interaction"": 0.1826181411743164, ""hand_head_union"": 0.14356751319689628, ""two_hand_table_context"": 0.0003331945731471746}",True,True,L11_R11|padding
train__c38__user24__4-3-1,38,Massage_oneself,24,Use_a_mobile_phone,0.2065861269593518,24,Use_a_mobile_phone,0.19554837355764537,unchanged_wrong,"{""global_context"": 0.9986238981548109, ""left_interaction"": 3.468802223276151e-05, ""right_interaction"": 0.0013372091282355157, ""hand_head_union"": 0.0, ""two_hand_table_context"": 4.0876609426432926e-06}",True,False,L11_R11|padding
train__c38__user24__4-3-2,38,Massage_oneself,22,Turn_pages,0.4068911168579262,21,Read_documents,0.4692339562085993,changed_wrong,"{""global_context"": 1.0, ""left_interaction"": 1.7475825231372255e-08, ""right_interaction"": 3.87188912043257e-08, ""hand_head_union"": 0.0, ""two_hand_table_context"": 1.7755205306002608e-08}",True,False,L11_R11|padding
train__c38__user24__4-3-3,38,Massage_oneself,22,Turn_pages,0.4636792122536258,22,Turn_pages,0.4821581983979249,unchanged_wrong,"{""global_context"": 0.9999999133023348, ""left_interaction"": 3.5178735076483877e-09, ""right_interaction"": 9.168588183621812e-08, ""hand_head_union"": 0.0, ""two_hand_table_context"": 6.702539937205901e-09}",True,False,L11_R11|padding
train__c38__user24__7-1-1,38,Massage_oneself,27,Take_a_selfie,0.5642086121078072,2,Comb_hair,0.32041547427676736,changed_wrong,"{""global_context"": 0.8189747102798954, ""left_interaction"": 0.004395460890185448, ""right_interaction"": 0.09446114878500661, ""hand_head_union"": 0.0, ""two_hand_table_context"": 0.08216866370170348}",True,False,L11_R11|padding
train__c38__user24__7-1-2,38,Massage_oneself,27,Take_a_selfie,0.565053287347345,2,Comb_hair,0.2836556590397526,changed_wrong,"{""global_context"": 0.911018180847168, ""left_interaction"": 0.027601423859596252, ""right_interaction"": 0.05177932381629944, ""hand_head_union"": 0.0, ""two_hand_table_context"": 0.009601105749607087}",True,False,L11_R11|padding
train__c38__user24__7-1-3,38,Massage_oneself,27,Take_a_selfie,0.6010099544405345,27,Take_a_selfie,0.5590994857178267,unchanged_wrong,"{""global_context"": 0.7089101314544678, ""left_interaction"": 0.0006789764855057001, ""right_interaction"": 0.17938385009765626, ""hand_head_union"": 0.0, ""two_hand_table_context"": 0.1110270857810974}",True,False,L11_R11|padding
train__c39__user17__4-1-1,39,Take_body_temperature,5,Put_on_clothes,0.301955353519958,5,Put_on_clothes,0.3324490888509175,unchanged_wrong,"{""global_context"": 0.8585231304168701, ""left_interaction"": 0.11025106906890869, ""right_interaction"": 0.008580284814039866, ""hand_head_union"": 2.3688609265567113e-05, ""two_hand_table_context"": 0.02262188494205475}",True,True,L11_R11
train__c39__user17__4-1-2,39,Take_body_temperature,39,Take_body_temperature,0.3973990129435797,38,Massage_oneself,0.2661828120226329,harmed,"{""global_context"": 0.8446219044346963, ""left_interaction"": 0.09678092310505529, ""right_interaction"": 0.008197265286599436, ""hand_head_union"": 0.0, ""two_hand_table_context"": 0.050399972546485164}",True,False,L11_R11|padding
train__c39__user17__4-1-3,39,Take_body_temperature,39,Take_body_temperature,0.5944603970129286,39,Take_body_temperature,0.289256886394966,retained_correct,"{""global_context"": 0.575961369734544, ""left_interaction"": 0.26989434315608096, ""right_interaction"": 0.0373618511053232, ""hand_head_union"": 0.0, ""two_hand_table_context"": 0.1167824726838332}",True,False,L11_R11|padding
train__c39__user17__7-1-1,39,Take_body_temperature,23,Listen_to_music_with_headphones,0.726023942141826,23,Listen_to_music_with_headphones,0.8080733628704213,unchanged_wrong,"{""global_context"": 0.9992899772448417, ""left_interaction"": 9.834041030934224e-06, ""right_interaction"": 0.0007002102449918404, ""hand_head_union"": 0.0, ""two_hand_table_context"": 2.168060903456465e-08}",True,False,L11_R11|padding
train__c39__user17__7-1-2,39,Take_body_temperature,38,Massage_oneself,0.3370472748193223,38,Massage_oneself,0.44730513600954613,unchanged_wrong,"{""global_context"": 0.9504675183977399, ""left_interaction"": 0.023583280188696727, ""right_interaction"": 0.025933116674423218, ""hand_head_union"": 0.0, ""two_hand_table_context"": 1.605890117519136e-05}",True,False,L11_R11|padding
train__c39__user17__7-1-3,39,Take_body_temperature,20,Check_the_time,0.36878592790035647,20,Check_the_time,0.3822303860508839,unchanged_wrong,"{""global_context"": 0.9143029088559358, ""left_interaction"": 0.07842927393705948, ""right_interaction"": 0.007231860705043959, ""hand_head_union"": 0.0, ""two_hand_table_context"": 3.596414487970912e-05}",True,False,L11_R11|padding
train__c39__user23__7-2-1,39,Take_body_temperature,38,Massage_oneself,0.3237608642933352,38,Massage_oneself,0.37995633859938255,unchanged_wrong,"{""global_context"": 0.7980894724527995, ""left_interaction"": 0.08952805995941163, ""right_interaction"": 0.08491050402323405, ""hand_head_union"": 0.0, ""two_hand_table_context"": 0.027471997340520225}",True,False,L11_R11|padding
train__c39__user23__7-2-2,39,Take_body_temperature,38,Massage_oneself,0.2975687532228893,38,Massage_oneself,0.337807286686322,unchanged_wrong,"{""global_context"": 0.6443220335861732, ""left_interaction"": 0.13444483691248402, ""right_interaction"": 0.0460160518514699, ""hand_head_union"": 0.0, ""two_hand_table_context"": 0.1752171023138638}",True,False,L11_R11|padding
train__c39__user23__7-2-3,39,Take_body_temperature,38,Massage_oneself,0.5203015161532423,38,Massage_oneself,0.6254017141286419,unchanged_wrong,"{""global_context"": 0.8035190446036202, ""left_interaction"": 0.07896313496998378, ""right_interaction"": 0.06716424652508327, ""hand_head_union"": 0.0, ""two_hand_table_context"": 0.050353595188685825}",True,False,L11_R11|padding
train__c39__user24__5-2-1,39,Take_body_temperature,39,Take_body_temperature,0.34178359632442784,2,Comb_hair,0.2896718519406442,harmed,"{""global_context"": 0.8095920426504952, ""left_interaction"": 0.03765274371419634, ""right_interaction"": 0.1527552264077323, ""hand_head_union"": 0.0, ""two_hand_table_context"": 0.0}",False,False,L11_R11|padding
train__c39__user24__5-2-2,39,Take_body_temperature,3,Take_off_clothes,0.3386905091602138,3,Take_off_clothes,0.3619025137925047,unchanged_wrong,"{""global_context"": 0.7969254580411044, ""left_interaction"": 0.05057272044095126, ""right_interaction"": 0.15250182151794434, ""hand_head_union"": 0.0, ""two_hand_table_context"": 0.0}",False,False,L11_R11|padding
train__c39__user24__5-2-3,39,Take_body_temperature,3,Take_off_clothes,0.3823515411422852,3,Take_off_clothes,0.4141259286943189,unchanged_wrong,"{""global_context"": 0.9355840682983398, ""left_interaction"": 0.04129493662289211, ""right_interaction"": 0.02312100146497999, ""hand_head_union"": 0.0, ""two_hand_table_context"": 0.0}",False,False,L11_R11|padding
train__c39__user24__7-1-1,39,Take_body_temperature,2,Comb_hair,0.2230304978287326,2,Comb_hair,0.26338060398413193,unchanged_wrong,"{""global_context"": 0.6602338489733244, ""left_interaction"": 0.03422666223425614, ""right_interaction"": 0.2501339912414551, ""hand_head_union"": 0.0, ""two_hand_table_context"": 0.055405466180098686}",True,False,L11_R11|padding
train__c39__user24__7-1-2,39,Take_body_temperature,2,Comb_hair,0.4395200858526541,2,Comb_hair,0.5259023468677403,unchanged_wrong,"{""global_context"": 0.20235681533813477, ""left_interaction"": 0.33676996231079104, ""right_interaction"": 0.28563992977142333, ""hand_head_union"": 0.0, ""two_hand_table_context"": 0.1752333164215088}",True,False,L11_R11|padding
train__c39__user24__7-1-3,39,Take_body_temperature,38,Massage_oneself,0.34248463025835063,38,Massage_oneself,0.4639092991457412,unchanged_wrong,"{""global_context"": 0.00039400171058682294, ""left_interaction"": 0.4923156958359938, ""right_interaction"": 0.23759812575120193, ""hand_head_union"": 0.0, ""two_hand_table_context"": 0.26969212752122146}",True,False,L11_R11|padding
