sample_id,user_id,fold,label,e1_prediction,e2_prediction,e1_correct,e2_correct,outcome
train__c00__user16__1-1-1,user16,1,0,0,0,True,True,both_correct
train__c00__user16__1-1-2,user16,1,0,0,0,True,True,both_correct
train__c00__user16__1-1-3,user16,1,0,0,0,True,True,both_correct
train__c00__user18__7-1-1,user18,0,0,0,0,True,True,both_correct
train__c00__user18__7-1-2,user18,0,0,0,0,True,True,both_correct
train__c00__user18__7-1-3,user18,0,0,0,0,True,True,both_correct
train__c00__user20__4-2-1,user20,0,0,0,0,True,True,both_correct
train__c00__user20__4-2-2,user20,0,0,0,0,True,True,both_correct
train__c00__user20__4-2-3,user20,0,0,0,0,True,True,both_correct
train__c00__user21__1-1-1,user21,0,0,6,6,False,False,both_wrong
train__c00__user21__1-1-2,user21,0,0,6,6,False,False,both_wrong
train__c00__user21__1-1-3,user21,0,0,6,6,False,False,both_wrong
train__c00__user21__4-2-1,user21,0,0,6,6,False,False,both_wrong
train__c00__user21__4-2-2,user21,0,0,6,6,False,False,both_wrong
train__c00__user21__4-2-3,user21,0,0,6,6,False,False,both_wrong
train__c00__user22__1-1-2,user22,2,0,0,0,True,True,both_correct
train__c00__user22__1-1-3,user22,2,0,0,0,True,True,both_correct
train__c00__user22__2-2-1,user22,2,0,0,0,True,True,both_correct
train__c00__user22__2-2-2,user22,2,0,0,0,True,True,both_correct
train__c00__user22__2-2-3,user22,2,0,0,0,True,True,both_correct
train__c00__user5__1-1-1,user5,2,0,0,0,True,True,both_correct
train__c00__user5__1-1-2,user5,2,0,0,0,True,True,both_correct
train__c00__user5__1-1-3,user5,2,0,0,0,True,True,both_correct
train__c00__user6__1-1-1,user6,2,0,0,0,True,True,both_correct
train__c00__user6__1-1-2,user6,2,0,0,0,True,True,both_correct
train__c00__user6__1-1-3,user6,2,0,0,0,True,True,both_correct
train__c00__user8__1-1-1,user8,1,0,4,4,False,False,both_wrong
train__c00__user8__1-1-2,user8,1,0,9,4,False,False,both_wrong
train__c00__user8__1-1-3,user8,1,0,9,9,False,False,both_wrong
train__c00__user8__7-1-1,user8,1,0,4,4,False,False,both_wrong
train__c00__user8__7-1-2,user8,1,0,9,9,False,False,both_wrong
train__c00__user8__7-1-3,user8,1,0,9,9,False,False,both_wrong
train__c01__user16__1-1-1,user16,1,1,1,1,True,True,both_correct
train__c01__user16__1-1-2,user16,1,1,1,1,True,True,both_correct
train__c01__user16__1-1-3,user16,1,1,1,1,True,True,both_correct
train__c01__user18__1-1-1,user18,0,1,11,9,False,False,both_wrong
train__c01__user18__1-1-2,user18,0,1,7,11,False,False,both_wrong
train__c01__user18__1-1-3,user18,0,1,7,11,False,False,both_wrong
train__c01__user18__7-1-1,user18,0,1,7,11,False,False,both_wrong
train__c01__user18__7-1-2,user18,0,1,7,7,False,False,both_wrong
train__c01__user18__7-1-3,user18,0,1,2,2,False,False,both_wrong
train__c01__user19__1-1-1,user19,2,1,2,1,False,True,e2_only
train__c01__user19__1-1-2,user19,2,1,7,1,False,True,e2_only
train__c01__user19__1-1-3,user19,2,1,1,1,True,True,both_correct
train__c01__user20__4-2-1,user20,0,1,7,9,False,False,both_wrong
train__c01__user20__4-2-2,user20,0,1,6,6,False,False,both_wrong
train__c01__user20__4-2-3,user20,0,1,6,6,False,False,both_wrong
train__c01__user21__4-2-1,user21,0,1,8,8,False,False,both_wrong
train__c01__user21__4-2-2,user21,0,1,5,5,False,False,both_wrong
train__c01__user21__4-2-3,user21,0,1,7,9,False,False,both_wrong
train__c01__user22__1-1-2,user22,2,1,0,1,False,True,e2_only
train__c01__user22__1-1-3,user22,2,1,0,1,False,True,e2_only
train__c01__user22__2-2-1,user22,2,1,0,0,False,False,both_wrong
train__c01__user22__2-2-2,user22,2,1,0,0,False,False,both_wrong
train__c01__user22__2-2-3,user22,2,1,0,0,False,False,both_wrong
train__c01__user6__1-1-1,user6,2,1,8,9,False,False,both_wrong
train__c01__user6__1-1-2,user6,2,1,8,8,False,False,both_wrong
train__c01__user6__1-1-3,user6,2,1,0,0,False,False,both_wrong
train__c01__user7__1-1-1,user7,2,1,0,0,False,False,both_wrong
train__c01__user7__1-1-2,user7,2,1,0,0,False,False,both_wrong
train__c01__user7__1-1-3,user7,2,1,0,0,False,False,both_wrong
train__c01__user8__1-1-1,user8,1,1,7,1,False,True,e2_only
train__c01__user8__1-1-2,user8,1,1,1,1,True,True,both_correct
train__c01__user8__1-1-3,user8,1,1,6,1,False,True,e2_only
train__c01__user8__7-1-1,user8,1,1,10,10,False,False,both_wrong
train__c01__user8__7-1-2,user8,1,1,6,37,False,False,both_wrong
train__c01__user8__7-1-3,user8,1,1,8,1,False,True,e2_only
train__c01__user9__1-1-1,user9,0,1,8,8,False,False,both_wrong
train__c02__user16__2-2-1,user16,1,2,1,1,False,False,both_wrong
train__c02__user16__2-2-2,user16,1,2,6,6,False,False,both_wrong
train__c02__user16__2-2-3,user16,1,2,2,6,True,False,e1_only
train__c02__user18__7-1-1,user18,0,2,8,8,False,False,both_wrong
train__c02__user18__7-1-2,user18,0,2,5,5,False,False,both_wrong
train__c02__user18__7-1-3,user18,0,2,5,6,False,False,both_wrong
train__c02__user19__1-1-1,user19,2,2,2,2,True,True,both_correct
train__c02__user19__1-1-2,user19,2,2,2,2,True,True,both_correct
train__c02__user19__1-1-3,user19,2,2,2,2,True,True,both_correct
train__c02__user1__1-1-1,user1,1,2,23,23,False,False,both_wrong
train__c02__user1__1-1-2,user1,1,2,23,6,False,False,both_wrong
train__c02__user1__1-1-3,user1,1,2,31,23,False,False,both_wrong
train__c02__user20__1-1-1,user20,0,2,6,6,False,False,both_wrong
train__c02__user20__1-1-2,user20,0,2,31,31,False,False,both_wrong
train__c02__user20__1-1-3,user20,0,2,6,6,False,False,both_wrong
train__c02__user20__4-2-1,user20,0,2,31,31,False,False,both_wrong
train__c02__user20__4-2-2,user20,0,2,31,31,False,False,both_wrong
train__c02__user20__4-2-3,user20,0,2,6,31,False,False,both_wrong
train__c02__user21__4-2-1,user21,0,2,11,11,False,False,both_wrong
train__c02__user21__4-2-2,user21,0,2,36,8,False,False,both_wrong
train__c02__user21__4-2-3,user21,0,2,7,9,False,False,both_wrong
train__c02__user22__1-2-1,user22,2,2,6,38,False,False,both_wrong
train__c02__user22__1-2-2,user22,2,2,23,23,False,False,both_wrong
train__c02__user22__1-2-3,user22,2,2,20,20,False,False,both_wrong
train__c02__user22__2-2-1,user22,2,2,6,6,False,False,both_wrong
train__c02__user22__2-2-2,user22,2,2,7,0,False,False,both_wrong
train__c02__user22__2-2-3,user22,2,2,7,1,False,False,both_wrong
train__c02__user3__1-2-1,user3,0,2,6,6,False,False,both_wrong
train__c02__user3__1-2-3,user3,0,2,6,6,False,False,both_wrong
train__c02__user5__1-1-1,user5,2,2,7,7,False,False,both_wrong
train__c02__user5__1-1-2,user5,2,2,7,7,False,False,both_wrong
train__c02__user5__1-1-3,user5,2,2,7,7,False,False,both_wrong
train__c02__user5__7-1-1,user5,2,2,23,26,False,False,both_wrong
train__c02__user5__7-1-2,user5,2,2,23,26,False,False,both_wrong
train__c02__user5__7-1-3,user5,2,2,23,23,False,False,both_wrong
train__c02__user6__2-2-1,user6,2,2,1,1,False,False,both_wrong
train__c02__user6__2-2-2,user6,2,2,0,1,False,False,both_wrong
train__c02__user7__1-1-1,user7,2,2,7,7,False,False,both_wrong
train__c02__user7__1-1-2,user7,2,2,37,2,False,True,e2_only
train__c02__user7__1-1-3,user7,2,2,6,2,False,True,e2_only
train__c02__user8__7-1-2,user8,1,2,2,2,True,True,both_correct
train__c02__user8__7-1-3,user8,1,2,6,5,False,False,both_wrong
train__c02__user9__1-1-1,user9,0,2,8,8,False,False,both_wrong
train__c02__user9__1-1-2,user9,0,2,6,8,False,False,both_wrong
train__c02__user9__1-1-3,user9,0,2,8,8,False,False,both_wrong
train__c03__user18__6-1-1,user18,0,3,36,36,False,False,both_wrong
train__c03__user18__6-1-2,user18,0,3,36,36,False,False,both_wrong
train__c03__user18__6-1-3,user18,0,3,36,36,False,False,both_wrong
train__c03__user18__7-1-1,user18,0,3,31,5,False,False,both_wrong
train__c03__user18__7-1-2,user18,0,3,31,3,False,True,e2_only
train__c03__user18__7-1-3,user18,0,3,31,5,False,False,both_wrong
train__c03__user19__3-1-1,user19,2,3,21,21,False,False,both_wrong
train__c03__user19__3-1-2,user19,2,3,23,21,False,False,both_wrong
train__c03__user19__3-1-3,user19,2,3,3,3,True,True,both_correct
train__c03__user22__6-1-1,user22,2,3,5,3,False,True,e2_only
train__c03__user22__6-1-2,user22,2,3,36,36,False,False,both_wrong
train__c03__user22__6-1-3,user22,2,3,36,36,False,False,both_wrong
train__c03__user22__7-2-1,user22,2,3,12,12,False,False,both_wrong
train__c03__user22__7-2-2,user22,2,3,12,12,False,False,both_wrong
train__c03__user22__7-2-3,user22,2,3,31,13,False,False,both_wrong
train__c03__user7__5-1-1,user7,2,3,20,3,False,True,e2_only
train__c03__user7__5-1-2,user7,2,3,30,3,False,True,e2_only
train__c03__user7__5-1-3,user7,2,3,20,3,False,True,e2_only
train__c03__user7__6-1-1,user7,2,3,28,28,False,False,both_wrong
train__c03__user7__6-1-2,user7,2,3,28,28,False,False,both_wrong
train__c03__user7__6-1-3,user7,2,3,31,31,False,False,both_wrong
train__c03__user8__6-1-1,user8,1,3,36,36,False,False,both_wrong
train__c03__user8__6-1-2,user8,1,3,36,3,False,True,e2_only
train__c03__user8__6-1-3,user8,1,3,36,36,False,False,both_wrong
train__c03__user8__7-1-1,user8,1,3,36,36,False,False,both_wrong
train__c03__user8__7-1-2,user8,1,3,36,3,False,True,e2_only
train__c03__user8__7-1-3,user8,1,3,36,36,False,False,both_wrong
train__c03__user9__3-1-1,user9,0,3,27,27,False,False,both_wrong
train__c03__user9__3-1-2,user9,0,3,33,27,False,False,both_wrong
train__c03__user9__3-1-3,user9,0,3,27,27,False,False,both_wrong
train__c04__user16__2-2-1,user16,1,4,4,9,True,False,e1_only
train__c04__user16__2-2-2,user16,1,4,11,11,False,False,both_wrong
train__c04__user16__2-2-3,user16,1,4,11,11,False,False,both_wrong
train__c04__user18__1-1-1,user18,0,4,9,11,False,False,both_wrong
train__c04__user18__1-1-2,user18,0,4,9,9,False,False,both_wrong
train__c04__user18__1-1-3,user18,0,4,8,8,False,False,both_wrong
train__c04__user18__7-1-1,user18,0,4,9,11,False,False,both_wrong
train__c04__user18__7-1-2,user18,0,4,11,11,False,False,both_wrong
train__c04__user18__7-1-3,user18,0,4,11,11,False,False,both_wrong
train__c04__user19__1-1-1,user19,2,4,4,4,True,True,both_correct
train__c04__user19__1-1-2,user19,2,4,4,4,True,True,both_correct
train__c04__user19__1-1-3,user19,2,4,4,4,True,True,both_correct
train__c04__user19__5-2-1,user19,2,4,9,9,False,False,both_wrong
train__c04__user19__5-2-2,user19,2,4,9,11,False,False,both_wrong
train__c04__user19__5-2-3,user19,2,4,9,14,False,False,both_wrong
train__c04__user1__1-1-1,user1,1,4,7,23,False,False,both_wrong
train__c04__user20__6-2-1,user20,0,4,9,9,False,False,both_wrong
train__c04__user20__6-2-2,user20,0,4,9,9,False,False,both_wrong
train__c04__user20__6-2-3,user20,0,4,9,9,False,False,both_wrong
train__c04__user21__1-1-1,user21,0,4,9,9,False,False,both_wrong
train__c04__user21__1-1-2,user21,0,4,9,9,False,False,both_wrong
train__c04__user21__1-1-3,user21,0,4,9,9,False,False,both_wrong
train__c04__user21__7-2-1,user21,0,4,9,11,False,False,both_wrong
train__c04__user21__7-2-2,user21,0,4,9,9,False,False,both_wrong
train__c04__user21__7-2-3,user21,0,4,9,9,False,False,both_wrong
train__c04__user22__1-1-2,user22,2,4,4,4,True,True,both_correct
train__c04__user22__1-1-3,user22,2,4,4,4,True,True,both_correct
train__c04__user22__6-2-1,user22,2,4,28,28,False,False,both_wrong
train__c04__user22__6-2-2,user22,2,4,28,28,False,False,both_wrong
train__c04__user22__6-2-3,user22,2,4,28,28,False,False,both_wrong
train__c04__user2__2-2-1,user2,1,4,10,21,False,False,both_wrong
train__c04__user2__2-2-2,user2,1,4,10,10,False,False,both_wrong
train__c04__user2__2-2-3,user2,1,4,21,17,False,False,both_wrong
train__c04__user2__7-3-3,user2,1,4,38,38,False,False,both_wrong
train__c04__user6__2-2-1,user6,2,4,4,8,True,False,e1_only
train__c04__user6__2-2-2,user6,2,4,9,2,False,False,both_wrong
train__c04__user6__2-2-3,user6,2,4,8,8,False,False,both_wrong
train__c04__user7__1-1-1,user7,2,4,4,1,True,False,e1_only
train__c04__user7__1-1-2,user7,2,4,37,2,False,False,both_wrong
train__c04__user7__1-1-3,user7,2,4,9,37,False,False,both_wrong
train__c04__user7__7-2-1,user7,2,4,9,11,False,False,both_wrong
train__c04__user7__7-2-2,user7,2,4,4,8,True,False,e1_only
train__c04__user7__7-2-3,user7,2,4,36,36,False,False,both_wrong
train__c04__user8__1-1-1,user8,1,4,4,4,True,True,both_correct
train__c04__user8__1-1-2,user8,1,4,9,4,False,True,e2_only
train__c04__user8__1-1-3,user8,1,4,9,9,False,False,both_wrong
train__c04__user8__7-1-1,user8,1,4,4,4,True,True,both_correct
train__c04__user8__7-1-2,user8,1,4,9,9,False,False,both_wrong
train__c04__user8__7-1-3,user8,1,4,9,9,False,False,both_wrong
train__c04__user9__1-1-1,user9,0,4,9,9,False,False,both_wrong
train__c04__user9__1-1-2,user9,0,4,8,4,False,True,e2_only
train__c04__user9__1-1-3,user9,0,4,8,8,False,False,both_wrong
train__c04__user9__5-2-1,user9,0,4,7,14,False,False,both_wrong
train__c04__user9__5-2-2,user9,0,4,7,14,False,False,both_wrong
train__c04__user9__5-2-3,user9,0,4,14,14,False,False,both_wrong
train__c05__user18__6-1-1,user18,0,5,5,3,True,False,e1_only
train__c05__user18__6-1-2,user18,0,5,31,5,False,True,e2_only
train__c05__user18__6-1-3,user18,0,5,5,5,True,True,both_correct
train__c05__user18__7-1-1,user18,0,5,5,5,True,True,both_correct
train__c05__user18__7-1-2,user18,0,5,31,31,False,False,both_wrong
train__c05__user18__7-1-3,user18,0,5,31,5,False,True,e2_only
train__c05__user19__1-1-1,user19,2,5,5,5,True,True,both_correct
train__c05__user19__1-1-2,user19,2,5,5,5,True,True,both_correct
train__c05__user19__1-1-3,user19,2,5,5,5,True,True,both_correct
train__c05__user1__1-1-1,user1,1,5,31,31,False,False,both_wrong
train__c05__user1__1-1-2,user1,1,5,31,31,False,False,both_wrong
train__c05__user1__1-1-3,user1,1,5,31,31,False,False,both_wrong
train__c05__user21__6-1-1,user21,0,5,5,5,True,True,both_correct
train__c05__user21__6-1-2,user21,0,5,31,5,False,True,e2_only
train__c05__user21__6-1-3,user21,0,5,36,36,False,False,both_wrong
train__c05__user22__2-2-1,user22,2,5,5,5,True,True,both_correct
train__c05__user22__2-2-2,user22,2,5,2,2,False,False,both_wrong
train__c05__user22__2-2-3,user22,2,5,5,5,True,True,both_correct
train__c05__user22__6-1-1,user22,2,5,31,2,False,False,both_wrong
train__c05__user22__6-1-2,user22,2,5,5,5,True,True,both_correct
train__c05__user22__6-1-3,user22,2,5,5,5,True,True,both_correct
train__c05__user22__7-2-1,user22,2,5,31,31,False,False,both_wrong
train__c05__user22__7-2-2,user22,2,5,31,31,False,False,both_wrong
train__c05__user22__7-2-3,user22,2,5,31,31,False,False,both_wrong
train__c05__user3__1-1-1,user3,0,5,6,31,False,False,both_wrong
train__c05__user3__1-1-2,user3,0,5,31,31,False,False,both_wrong
train__c05__user3__1-1-3,user3,0,5,31,31,False,False,both_wrong
train__c05__user7__1-1-1,user7,2,5,5,5,True,True,both_correct
train__c05__user7__1-1-2,user7,2,5,5,2,True,False,e1_only
train__c05__user7__1-1-3,user7,2,5,5,2,True,False,e1_only
train__c05__user7__6-1-1,user7,2,5,31,31,False,False,both_wrong
train__c05__user7__6-1-2,user7,2,5,28,28,False,False,both_wrong
train__c05__user7__6-1-3,user7,2,5,31,31,False,False,both_wrong
train__c05__user8__6-1-1,user8,1,5,5,5,True,True,both_correct
train__c05__user8__6-1-2,user8,1,5,5,5,True,True,both_correct
train__c05__user8__6-1-3,user8,1,5,8,15,False,False,both_wrong
train__c05__user8__7-1-1,user8,1,5,5,5,True,True,both_correct
train__c05__user8__7-1-2,user8,1,5,5,5,True,True,both_correct
train__c05__user8__7-1-3,user8,1,5,5,5,True,True,both_correct
train__c05__user9__1-1-1,user9,0,5,2,5,False,True,e2_only
train__c05__user9__1-1-2,user9,0,5,5,5,True,True,both_correct
train__c05__user9__1-1-3,user9,0,5,36,36,False,False,both_wrong
train__c06__user16__1-2-1,user16,1,6,7,6,False,True,e2_only
train__c06__user16__1-2-2,user16,1,6,6,6,True,True,both_correct
train__c06__user16__1-2-3,user16,1,6,6,6,True,True,both_correct
train__c06__user16__3-2-1,user16,1,6,39,1,False,False,both_wrong
train__c06__user16__3-2-2,user16,1,6,6,6,True,True,both_correct
train__c06__user16__3-2-3,user16,1,6,39,39,False,False,both_wrong
train__c06__user16__5-3-1,user16,1,6,11,7,False,False,both_wrong
train__c06__user16__5-3-2,user16,1,6,19,19,False,False,both_wrong
train__c06__user16__5-3-3,user16,1,6,19,23,False,False,both_wrong
train__c06__user16__6-2-1,user16,1,6,6,6,True,True,both_correct
train__c06__user16__6-2-2,user16,1,6,39,39,False,False,both_wrong
train__c06__user16__6-2-3,user16,1,6,6,6,True,True,both_correct
train__c06__user18__6-2-1,user18,0,6,6,39,True,False,e1_only
train__c06__user18__6-2-3,user18,0,6,6,39,True,False,e1_only
train__c06__user19__3-2-1,user19,2,6,2,20,False,False,both_wrong
train__c06__user19__3-2-2,user19,2,6,20,20,False,False,both_wrong
train__c06__user19__3-2-3,user19,2,6,20,20,False,False,both_wrong
train__c06__user19__7-2-1,user19,2,6,31,2,False,False,both_wrong
train__c06__user19__7-2-2,user19,2,6,31,31,False,False,both_wrong
train__c06__user19__7-2-3,user19,2,6,31,31,False,False,both_wrong
train__c06__user1__4-1-1,user1,1,6,6,6,True,True,both_correct
train__c06__user1__4-1-2,user1,1,6,6,23,True,False,e1_only
train__c06__user1__4-1-3,user1,1,6,23,23,False,False,both_wrong
train__c06__user1__5-1-1,user1,1,6,23,23,False,False,both_wrong
train__c06__user1__5-1-2,user1,1,6,6,23,True,False,e1_only
train__c06__user1__5-1-3,user1,1,6,23,23,False,False,both_wrong
train__c06__user20__2-1-1,user20,0,6,6,6,True,True,both_correct
train__c06__user20__2-1-2,user20,0,6,9,9,False,False,both_wrong
train__c06__user20__2-1-3,user20,0,6,8,6,False,True,e2_only
train__c06__user20__4-1-1,user20,0,6,7,7,False,False,both_wrong
train__c06__user20__4-1-2,user20,0,6,7,39,False,False,both_wrong
train__c06__user20__4-1-3,user20,0,6,7,7,False,False,both_wrong
train__c06__user21__6-2-1,user21,0,6,7,7,False,False,both_wrong
train__c06__user21__6-2-2,user21,0,6,7,7,False,False,both_wrong
train__c06__user21__6-2-3,user21,0,6,7,7,False,False,both_wrong
train__c06__user21__7-1-1,user21,0,6,6,6,True,True,both_correct
train__c06__user21__7-1-2,user21,0,6,6,6,True,True,both_correct
train__c06__user21__7-1-3,user21,0,6,6,6,True,True,both_correct
train__c06__user22__2-1-1,user22,2,6,7,6,False,True,e2_only
train__c06__user22__2-1-2,user22,2,6,7,6,False,True,e2_only
train__c06__user22__2-1-3,user22,2,6,7,31,False,False,both_wrong
train__c06__user22__4-3-1,user22,2,6,20,20,False,False,both_wrong
train__c06__user22__4-3-2,user22,2,6,23,27,False,False,both_wrong
train__c06__user22__4-3-3,user22,2,6,23,23,False,False,both_wrong
train__c06__user22__6-2-1,user22,2,6,23,23,False,False,both_wrong
train__c06__user22__6-2-2,user22,2,6,23,23,False,False,both_wrong
train__c06__user22__6-2-3,user22,2,6,23,23,False,False,both_wrong
train__c06__user2__1-2-1,user2,1,6,6,27,True,False,e1_only
train__c06__user2__1-2-2,user2,1,6,6,6,True,True,both_correct
train__c06__user2__1-2-3,user2,1,6,6,6,True,True,both_correct
train__c06__user2__2-1-1,user2,1,6,6,6,True,True,both_correct
train__c06__user2__2-1-2,user2,1,6,2,2,False,False,both_wrong
train__c06__user2__2-1-3,user2,1,6,7,10,False,False,both_wrong
train__c06__user2__2-2-1,user2,1,6,6,20,True,False,e1_only
train__c06__user2__2-2-2,user2,1,6,6,23,True,False,e1_only
train__c06__user2__2-2-3,user2,1,6,6,6,True,True,both_correct
train__c06__user2__4-2-1,user2,1,6,6,6,True,True,both_correct
train__c06__user2__4-2-2,user2,1,6,6,6,True,True,both_correct
train__c06__user2__4-2-3,user2,1,6,6,6,True,True,both_correct
train__c06__user3__1-2-1,user3,0,6,6,6,True,True,both_correct
train__c06__user3__1-2-2,user3,0,6,6,6,True,True,both_correct
train__c06__user3__1-2-3,user3,0,6,7,7,False,False,both_wrong
train__c06__user3__4-1-1,user3,0,6,6,6,True,True,both_correct
train__c06__user3__4-1-2,user3,0,6,7,7,False,False,both_wrong
train__c06__user3__4-1-3,user3,0,6,6,6,True,True,both_correct
train__c06__user3__5-1-1,user3,0,6,7,7,False,False,both_wrong
train__c06__user3__5-1-2,user3,0,6,7,7,False,False,both_wrong
train__c06__user3__5-1-3,user3,0,6,6,6,True,True,both_correct
train__c06__user5__1-2-1,user5,2,6,6,0,True,False,e1_only
train__c06__user5__1-2-2,user5,2,6,6,0,True,False,e1_only
train__c06__user5__1-2-3,user5,2,6,6,6,True,True,both_correct
train__c06__user5__2-1-1,user5,2,6,19,19,False,False,both_wrong
train__c06__user5__2-1-2,user5,2,6,20,20,False,False,both_wrong
train__c06__user5__2-1-3,user5,2,6,6,19,True,False,e1_only
train__c06__user5__3-2-1,user5,2,6,6,37,True,False,e1_only
train__c06__user5__3-2-2,user5,2,6,37,0,False,False,both_wrong
train__c06__user5__3-2-3,user5,2,6,0,0,False,False,both_wrong
train__c06__user5__6-2-1,user5,2,6,7,7,False,False,both_wrong
train__c06__user5__6-2-2,user5,2,6,6,6,True,True,both_correct
train__c06__user5__6-2-3,user5,2,6,6,6,True,True,both_correct
train__c06__user5__7-2-1,user5,2,6,6,0,True,False,e1_only
train__c06__user5__7-2-2,user5,2,6,0,0,False,False,both_wrong
train__c06__user5__7-2-3,user5,2,6,0,0,False,False,both_wrong
train__c06__user6__1-2-1,user6,2,6,2,2,False,False,both_wrong
train__c06__user6__1-2-2,user6,2,6,6,6,True,True,both_correct
train__c06__user6__1-2-3,user6,2,6,2,2,False,False,both_wrong
train__c06__user6__3-2-1,user6,2,6,6,6,True,True,both_correct
train__c06__user6__3-2-2,user6,2,6,6,6,True,True,both_correct
train__c06__user6__3-2-3,user6,2,6,37,37,False,False,both_wrong
train__c06__user6__5-3-1,user6,2,6,29,15,False,False,both_wrong
train__c06__user6__5-3-2,user6,2,6,29,29,False,False,both_wrong
train__c06__user6__5-3-3,user6,2,6,13,13,False,False,both_wrong
train__c06__user6__6-2-1,user6,2,6,6,6,True,True,both_correct
train__c06__user6__6-2-2,user6,2,6,37,37,False,False,both_wrong
train__c06__user6__6-2-3,user6,2,6,37,37,False,False,both_wrong
train__c06__user7__5-2-1,user7,2,6,6,6,True,True,both_correct
train__c06__user7__5-2-2,user7,2,6,6,6,True,True,both_correct
train__c06__user7__5-2-3,user7,2,6,6,6,True,True,both_correct
train__c06__user8__6-2-1,user8,1,6,6,38,True,False,e1_only
train__c06__user8__6-2-2,user8,1,6,6,6,True,True,both_correct
train__c06__user8__6-2-3,user8,1,6,6,38,True,False,e1_only
train__c06__user9__3-2-1,user9,0,6,6,6,True,True,both_correct
train__c06__user9__3-2-2,user9,0,6,6,6,True,True,both_correct
train__c06__user9__3-2-3,user9,0,6,6,6,True,True,both_correct
train__c06__user9__7-2-1,user9,0,6,6,6,True,True,both_correct
train__c06__user9__7-2-2,user9,0,6,6,6,True,True,both_correct
train__c06__user9__7-2-3,user9,0,6,6,6,True,True,both_correct
train__c07__user16__1-2-1,user16,1,7,7,11,True,False,e1_only
train__c07__user16__1-2-2,user16,1,7,7,11,True,False,e1_only
train__c07__user16__1-2-3,user16,1,7,7,11,True,False,e1_only
train__c07__user16__5-2-1,user16,1,7,7,11,True,False,e1_only
train__c07__user16__5-2-2,user16,1,7,7,11,True,False,e1_only
train__c07__user16__5-2-3,user16,1,7,7,38,True,False,e1_only
train__c07__user16__6-2-1,user16,1,7,7,11,True,False,e1_only
train__c07__user16__6-2-2,user16,1,7,7,11,True,False,e1_only
train__c07__user16__6-2-3,user16,1,7,7,7,True,True,both_correct
train__c07__user16__7-2-1,user16,1,7,7,11,True,False,e1_only
train__c07__user16__7-2-2,user16,1,7,7,11,True,False,e1_only
train__c07__user16__7-2-3,user16,1,7,7,10,True,False,e1_only
train__c07__user18__7-2-1,user18,0,7,7,7,True,True,both_correct
train__c07__user18__7-2-2,user18,0,7,7,7,True,True,both_correct
train__c07__user18__7-2-3,user18,0,7,7,7,True,True,both_correct
train__c07__user19__7-2-1,user19,2,7,7,7,True,True,both_correct
train__c07__user19__7-2-2,user19,2,7,7,7,True,True,both_correct
train__c07__user19__7-2-3,user19,2,7,10,7,False,True,e2_only
train__c07__user1__1-2-1,user1,1,7,7,11,True,False,e1_only
train__c07__user1__1-2-2,user1,1,7,7,11,True,False,e1_only
train__c07__user1__3-1-1,user1,1,7,6,6,False,False,both_wrong
train__c07__user1__3-1-2,user1,1,7,6,6,False,False,both_wrong
train__c07__user1__3-1-3,user1,1,7,6,20,False,False,both_wrong
train__c07__user1__4-1-1,user1,1,7,6,6,False,False,both_wrong
train__c07__user1__4-1-2,user1,1,7,6,23,False,False,both_wrong
train__c07__user1__4-1-3,user1,1,7,6,23,False,False,both_wrong
train__c07__user1__6-1-1,user1,1,7,7,7,True,True,both_correct
train__c07__user1__6-1-2,user1,1,7,7,11,True,False,e1_only
train__c07__user1__6-1-3,user1,1,7,6,6,False,False,both_wrong
train__c07__user20__2-1-1,user20,0,7,6,6,False,False,both_wrong
train__c07__user20__2-1-2,user20,0,7,6,6,False,False,both_wrong
train__c07__user20__2-1-3,user20,0,7,6,6,False,False,both_wrong
train__c07__user20__3-1-1,user20,0,7,6,6,False,False,both_wrong
train__c07__user20__3-1-2,user20,0,7,6,6,False,False,both_wrong
train__c07__user20__3-1-3,user20,0,7,6,6,False,False,both_wrong
train__c07__user20__7-1-1,user20,0,7,7,7,True,True,both_correct
train__c07__user20__7-1-2,user20,0,7,7,7,True,True,both_correct
train__c07__user20__7-1-3,user20,0,7,6,6,False,False,both_wrong
train__c07__user21__7-1-1,user21,0,7,9,9,False,False,both_wrong
train__c07__user21__7-1-2,user21,0,7,6,6,False,False,both_wrong
train__c07__user21__7-1-3,user21,0,7,6,6,False,False,both_wrong
train__c07__user22__3-1-1,user22,2,7,4,37,False,False,both_wrong
train__c07__user22__3-1-2,user22,2,7,7,37,True,False,e1_only
train__c07__user22__3-3-1,user22,2,7,7,7,True,True,both_correct
train__c07__user22__3-3-2,user22,2,7,7,7,True,True,both_correct
train__c07__user22__3-3-3,user22,2,7,7,7,True,True,both_correct
train__c07__user22__4-3-1,user22,2,7,6,6,False,False,both_wrong
train__c07__user22__4-3-2,user22,2,7,6,23,False,False,both_wrong
train__c07__user22__4-3-3,user22,2,7,23,23,False,False,both_wrong
train__c07__user22__6-2-1,user22,2,7,6,23,False,False,both_wrong
train__c07__user22__6-2-2,user22,2,7,6,24,False,False,both_wrong
train__c07__user22__6-2-3,user22,2,7,6,23,False,False,both_wrong
train__c07__user2__1-2-1,user2,1,7,8,4,False,False,both_wrong
train__c07__user2__1-2-2,user2,1,7,8,10,False,False,both_wrong
train__c07__user2__1-2-3,user2,1,7,8,9,False,False,both_wrong
train__c07__user2__2-1-1,user2,1,7,11,7,False,True,e2_only
train__c07__user2__2-1-2,user2,1,7,10,10,False,False,both_wrong
train__c07__user2__2-1-3,user2,1,7,11,10,False,False,both_wrong
train__c07__user2__2-2-1,user2,1,7,23,23,False,False,both_wrong
train__c07__user2__2-2-2,user2,1,7,6,23,False,False,both_wrong
train__c07__user2__2-2-3,user2,1,7,23,23,False,False,both_wrong
train__c07__user2__4-2-1,user2,1,7,7,1,True,False,e1_only
train__c07__user2__4-2-2,user2,1,7,9,10,False,False,both_wrong
train__c07__user2__4-2-3,user2,1,7,1,1,False,False,both_wrong
train__c07__user2__7-2-1,user2,1,7,7,11,True,False,e1_only
train__c07__user2__7-2-2,user2,1,7,7,7,True,True,both_correct
train__c07__user2__7-2-3,user2,1,7,7,6,True,False,e1_only
train__c07__user3__4-1-1,user3,0,7,7,26,True,False,e1_only
train__c07__user3__4-1-2,user3,0,7,26,26,False,False,both_wrong
train__c07__user3__4-1-3,user3,0,7,7,26,True,False,e1_only
train__c07__user3__5-2-1,user3,0,7,11,26,False,False,both_wrong
train__c07__user3__5-2-2,user3,0,7,7,26,True,False,e1_only
train__c07__user3__5-2-3,user3,0,7,7,7,True,True,both_correct
train__c07__user3__6-1-1,user3,0,7,7,6,True,False,e1_only
train__c07__user3__6-1-2,user3,0,7,7,7,True,True,both_correct
train__c07__user3__6-1-3,user3,0,7,6,6,False,False,both_wrong
train__c07__user3__7-1-1,user3,0,7,7,7,True,True,both_correct
train__c07__user3__7-1-2,user3,0,7,7,7,True,True,both_correct
train__c07__user3__7-1-3,user3,0,7,7,7,True,True,both_correct
train__c07__user5__1-2-1,user5,2,7,7,7,True,True,both_correct
train__c07__user5__1-2-2,user5,2,7,7,7,True,True,both_correct
train__c07__user5__1-2-3,user5,2,7,7,0,True,False,e1_only
train__c07__user5__2-1-1,user5,2,7,17,18,False,False,both_wrong
train__c07__user5__2-1-2,user5,2,7,17,17,False,False,both_wrong
train__c07__user5__2-1-3,user5,2,7,17,17,False,False,both_wrong
train__c07__user5__3-2-1,user5,2,7,7,7,True,True,both_correct
train__c07__user5__3-2-2,user5,2,7,7,7,True,True,both_correct
train__c07__user5__3-2-3,user5,2,7,7,7,True,True,both_correct
train__c07__user5__6-2-1,user5,2,7,7,7,True,True,both_correct
train__c07__user5__6-2-2,user5,2,7,7,7,True,True,both_correct
train__c07__user5__6-2-3,user5,2,7,7,7,True,True,both_correct
train__c07__user6__1-2-1,user6,2,7,11,4,False,False,both_wrong
train__c07__user6__1-2-2,user6,2,7,11,7,False,True,e2_only
train__c07__user6__1-2-3,user6,2,7,37,7,False,True,e2_only
train__c07__user6__5-2-1,user6,2,7,7,7,True,True,both_correct
train__c07__user6__5-2-2,user6,2,7,7,7,True,True,both_correct
train__c07__user6__5-2-3,user6,2,7,7,7,True,True,both_correct
train__c07__user6__6-2-1,user6,2,7,1,1,False,False,both_wrong
train__c07__user6__6-2-3,user6,2,7,1,1,False,False,both_wrong
train__c07__user6__7-2-1,user6,2,7,8,2,False,False,both_wrong
train__c07__user6__7-2-2,user6,2,7,8,2,False,False,both_wrong
train__c07__user6__7-2-3,user6,2,7,8,8,False,False,both_wrong
train__c07__user7__1-2-1,user7,2,7,6,20,False,False,both_wrong
train__c07__user7__1-2-2,user7,2,7,23,23,False,False,both_wrong
train__c07__user7__1-2-3,user7,2,7,19,19,False,False,both_wrong
train__c07__user7__2-2-1,user7,2,7,26,26,False,False,both_wrong
train__c07__user7__2-2-2,user7,2,7,19,26,False,False,both_wrong
train__c07__user7__2-2-3,user7,2,7,26,26,False,False,both_wrong
train__c07__user7__3-2-1,user7,2,7,7,7,True,True,both_correct
train__c07__user7__3-2-2,user7,2,7,7,7,True,True,both_correct
train__c07__user7__3-2-3,user7,2,7,8,8,False,False,both_wrong
train__c07__user7__5-3-1,user7,2,7,21,21,False,False,both_wrong
train__c07__user7__5-3-2,user7,2,7,19,19,False,False,both_wrong
train__c07__user7__5-3-3,user7,2,7,11,11,False,False,both_wrong
train__c07__user7__7-2-1,user7,2,7,7,7,True,True,both_correct
train__c07__user7__7-2-2,user7,2,7,6,6,False,False,both_wrong
train__c07__user8__7-2-1,user8,1,7,6,6,False,False,both_wrong
train__c07__user8__7-2-2,user8,1,7,6,6,False,False,both_wrong
train__c07__user8__7-2-3,user8,1,7,6,6,False,False,both_wrong
train__c07__user9__7-2-1,user9,0,7,10,11,False,False,both_wrong
train__c07__user9__7-2-2,user9,0,7,10,10,False,False,both_wrong
train__c07__user9__7-2-3,user9,0,7,10,10,False,False,both_wrong
train__c08__user16__6-2-1,user16,1,8,10,10,False,False,both_wrong
train__c08__user16__6-2-2,user16,1,8,10,10,False,False,both_wrong
train__c08__user16__6-2-3,user16,1,8,9,9,False,False,both_wrong
train__c08__user19__7-2-1,user19,2,8,9,9,False,False,both_wrong
train__c08__user19__7-2-2,user19,2,8,9,9,False,False,both_wrong
train__c08__user19__7-2-3,user19,2,8,11,11,False,False,both_wrong
train__c08__user1__1-2-1,user1,1,8,4,4,False,False,both_wrong
train__c08__user1__1-2-2,user1,1,8,4,4,False,False,both_wrong
train__c08__user1__2-1-1,user1,1,8,9,9,False,False,both_wrong
train__c08__user1__2-1-2,user1,1,8,9,9,False,False,both_wrong
train__c08__user1__2-1-3,user1,1,8,9,9,False,False,both_wrong
train__c08__user1__4-1-1,user1,1,8,11,17,False,False,both_wrong
train__c08__user1__4-1-2,user1,1,8,11,11,False,False,both_wrong
train__c08__user1__5-1-1,user1,1,8,29,29,False,False,both_wrong
train__c08__user1__5-1-2,user1,1,8,17,18,False,False,both_wrong
train__c08__user1__5-1-3,user1,1,8,34,17,False,False,both_wrong
train__c08__user20__2-1-1,user20,0,8,6,6,False,False,both_wrong
train__c08__user20__2-1-2,user20,0,8,6,6,False,False,both_wrong
train__c08__user20__2-1-3,user20,0,8,6,6,False,False,both_wrong
train__c08__user21__2-1-1,user21,0,8,8,6,True,False,e1_only
train__c08__user21__2-1-2,user21,0,8,8,6,True,False,e1_only
train__c08__user21__2-1-3,user21,0,8,6,6,False,False,both_wrong
train__c08__user21__3-1-1,user21,0,8,36,9,False,False,both_wrong
train__c08__user21__7-1-1,user21,0,8,9,9,False,False,both_wrong
train__c08__user21__7-1-2,user21,0,8,9,9,False,False,both_wrong
train__c08__user21__7-1-3,user21,0,8,9,9,False,False,both_wrong
train__c08__user22__2-1-1,user22,2,8,8,8,True,True,both_correct
train__c08__user22__2-1-2,user22,2,8,0,0,False,False,both_wrong
train__c08__user22__2-1-3,user22,2,8,8,0,True,False,e1_only
train__c08__user22__6-2-1,user22,2,8,9,15,False,False,both_wrong
train__c08__user22__6-2-2,user22,2,8,15,15,False,False,both_wrong
train__c08__user22__6-2-3,user22,2,8,9,11,False,False,both_wrong
train__c08__user2__1-2-1,user2,1,8,8,4,True,False,e1_only
train__c08__user2__1-2-2,user2,1,8,4,4,False,False,both_wrong
train__c08__user2__1-2-3,user2,1,8,9,9,False,False,both_wrong
train__c08__user2__2-1-1,user2,1,8,38,6,False,False,both_wrong
train__c08__user2__2-1-2,user2,1,8,10,10,False,False,both_wrong
train__c08__user2__2-1-3,user2,1,8,38,6,False,False,both_wrong
train__c08__user2__2-2-1,user2,1,8,17,17,False,False,both_wrong
train__c08__user2__2-2-2,user2,1,8,22,17,False,False,both_wrong
train__c08__user2__2-2-3,user2,1,8,22,22,False,False,both_wrong
train__c08__user2__4-2-1,user2,1,8,4,4,False,False,both_wrong
train__c08__user2__4-2-2,user2,1,8,4,4,False,False,both_wrong
train__c08__user2__4-2-3,user2,1,8,9,9,False,False,both_wrong
train__c08__user3__4-1-1,user3,0,8,26,26,False,False,both_wrong
train__c08__user3__4-1-2,user3,0,8,26,26,False,False,both_wrong
train__c08__user3__4-1-3,user3,0,8,26,26,False,False,both_wrong
train__c08__user3__5-1-1,user3,0,8,7,9,False,False,both_wrong
train__c08__user3__5-1-2,user3,0,8,7,8,False,True,e2_only
train__c08__user3__5-1-3,user3,0,8,9,9,False,False,both_wrong
train__c08__user3__5-2-1,user3,0,8,11,26,False,False,both_wrong
train__c08__user3__5-2-2,user3,0,8,11,26,False,False,both_wrong
train__c08__user3__5-2-3,user3,0,8,11,26,False,False,both_wrong
train__c08__user3__6-1-1,user3,0,8,7,8,False,True,e2_only
train__c08__user3__6-1-2,user3,0,8,10,9,False,False,both_wrong
train__c08__user3__6-1-3,user3,0,8,9,9,False,False,both_wrong
train__c08__user6__1-2-1,user6,2,8,9,8,False,True,e2_only
train__c08__user6__1-2-2,user6,2,8,9,9,False,False,both_wrong
train__c08__user6__1-2-3,user6,2,8,9,9,False,False,both_wrong
train__c08__user6__2-1-1,user6,2,8,10,10,False,False,both_wrong
train__c08__user6__2-1-2,user6,2,8,9,9,False,False,both_wrong
train__c08__user6__2-1-3,user6,2,8,9,1,False,False,both_wrong
train__c08__user6__2-3-1,user6,2,8,11,4,False,False,both_wrong
train__c08__user6__2-3-2,user6,2,8,7,7,False,False,both_wrong
train__c08__user6__2-3-3,user6,2,8,11,4,False,False,both_wrong
train__c08__user6__6-2-1,user6,2,8,8,2,True,False,e1_only
train__c08__user6__6-2-2,user6,2,8,8,8,True,True,both_correct
train__c08__user6__6-2-3,user6,2,8,8,1,True,False,e1_only
train__c08__user6__7-2-1,user6,2,8,4,4,False,False,both_wrong
train__c08__user6__7-2-2,user6,2,8,9,4,False,False,both_wrong
train__c08__user6__7-2-3,user6,2,8,9,4,False,False,both_wrong
train__c08__user7__1-2-1,user7,2,8,9,15,False,False,both_wrong
train__c08__user7__1-2-2,user7,2,8,20,20,False,False,both_wrong
train__c08__user7__1-2-3,user7,2,8,20,20,False,False,both_wrong
train__c08__user7__2-1-1,user7,2,8,5,5,False,False,both_wrong
train__c08__user7__2-1-2,user7,2,8,5,5,False,False,both_wrong
train__c08__user7__2-1-3,user7,2,8,5,5,False,False,both_wrong
train__c08__user7__3-2-1,user7,2,8,8,8,True,True,both_correct
train__c08__user7__3-2-2,user7,2,8,8,8,True,True,both_correct
train__c08__user7__3-2-3,user7,2,8,36,36,False,False,both_wrong
train__c08__user7__5-3-1,user7,2,8,11,11,False,False,both_wrong
train__c08__user7__5-3-2,user7,2,8,11,11,False,False,both_wrong
train__c08__user7__5-3-3,user7,2,8,9,11,False,False,both_wrong
train__c09__user16__1-2-1,user16,1,9,9,9,True,True,both_correct
train__c09__user16__1-2-2,user16,1,9,9,9,True,True,both_correct
train__c09__user16__1-2-3,user16,1,9,9,9,True,True,both_correct
train__c09__user16__2-1-1,user16,1,9,10,10,False,False,both_wrong
train__c09__user16__2-1-2,user16,1,9,10,10,False,False,both_wrong
train__c09__user16__2-1-3,user16,1,9,10,10,False,False,both_wrong
train__c09__user16__7-2-1,user16,1,9,10,10,False,False,both_wrong
train__c09__user16__7-2-2,user16,1,9,10,10,False,False,both_wrong
train__c09__user16__7-2-3,user16,1,9,10,10,False,False,both_wrong
train__c09__user18__3-2-1,user18,0,9,9,9,True,True,both_correct
train__c09__user18__3-2-2,user18,0,9,9,9,True,True,both_correct
train__c09__user18__3-2-3,user18,0,9,9,10,True,False,e1_only
train__c09__user18__4-2-1,user18,0,9,9,9,True,True,both_correct
train__c09__user18__4-2-2,user18,0,9,9,9,True,True,both_correct
train__c09__user18__4-2-3,user18,0,9,9,9,True,True,both_correct
train__c09__user18__7-2-1,user18,0,9,9,9,True,True,both_correct
train__c09__user18__7-2-2,user18,0,9,9,9,True,True,both_correct
train__c09__user18__7-2-3,user18,0,9,9,9,True,True,both_correct
train__c09__user19__2-1-1,user19,2,9,9,9,True,True,both_correct
train__c09__user19__2-1-2,user19,2,9,9,9,True,True,both_correct
train__c09__user19__2-1-3,user19,2,9,9,9,True,True,both_correct
train__c09__user19__3-2-1,user19,2,9,9,9,True,True,both_correct
train__c09__user19__3-2-2,user19,2,9,9,9,True,True,both_correct
train__c09__user19__3-2-3,user19,2,9,9,9,True,True,both_correct
train__c09__user19__7-2-1,user19,2,9,9,9,True,True,both_correct
train__c09__user19__7-2-2,user19,2,9,9,9,True,True,both_correct
train__c09__user19__7-2-3,user19,2,9,9,9,True,True,both_correct
train__c09__user1__2-1-1,user1,1,9,8,9,False,True,e2_only
train__c09__user1__2-1-2,user1,1,9,9,9,True,True,both_correct
train__c09__user1__2-1-3,user1,1,9,9,1,True,False,e1_only
train__c09__user1__4-1-1,user1,1,9,6,6,False,False,both_wrong
train__c09__user1__4-1-2,user1,1,9,6,6,False,False,both_wrong
train__c09__user1__4-1-3,user1,1,9,8,19,False,False,both_wrong
train__c09__user20__2-1-1,user20,0,9,9,9,True,True,both_correct
train__c09__user20__2-1-2,user20,0,9,9,9,True,True,both_correct
train__c09__user20__2-1-3,user20,0,9,9,9,True,True,both_correct
train__c09__user20__3-1-1,user20,0,9,9,9,True,True,both_correct
train__c09__user20__3-1-2,user20,0,9,9,9,True,True,both_correct
train__c09__user20__3-1-3,user20,0,9,9,9,True,True,both_correct
train__c09__user20__5-1-1,user20,0,9,21,21,False,False,both_wrong
train__c09__user20__5-1-2,user20,0,9,21,22,False,False,both_wrong
train__c09__user20__5-1-3,user20,0,9,21,22,False,False,both_wrong
train__c09__user20__6-3-1,user20,0,9,32,13,False,False,both_wrong
train__c09__user20__6-3-2,user20,0,9,13,13,False,False,both_wrong
train__c09__user20__6-3-3,user20,0,9,32,35,False,False,both_wrong
train__c09__user20__7-1-1,user20,0,9,9,9,True,True,both_correct
train__c09__user20__7-1-2,user20,0,9,9,9,True,True,both_correct
train__c09__user20__7-1-3,user20,0,9,9,9,True,True,both_correct
train__c09__user21__6-2-1,user21,0,9,8,10,False,False,both_wrong
train__c09__user21__6-2-2,user21,0,9,8,10,False,False,both_wrong
train__c09__user21__6-2-3,user21,0,9,10,10,False,False,both_wrong
train__c09__user22__2-1-1,user22,2,9,9,9,True,True,both_correct
train__c09__user22__2-1-2,user22,2,9,9,9,True,True,both_correct
train__c09__user22__2-1-3,user22,2,9,9,9,True,True,both_correct
train__c09__user22__4-3-1,user22,2,9,9,15,True,False,e1_only
train__c09__user22__4-3-2,user22,2,9,20,20,False,False,both_wrong
train__c09__user22__4-3-3,user22,2,9,15,15,False,False,both_wrong
train__c09__user2__2-1-1,user2,1,9,4,4,False,False,both_wrong
train__c09__user2__2-1-2,user2,1,9,4,4,False,False,both_wrong
train__c09__user2__2-1-3,user2,1,9,9,9,True,True,both_correct
train__c09__user2__6-1-1,user2,1,9,15,15,False,False,both_wrong
train__c09__user3__5-1-1,user3,0,9,9,9,True,True,both_correct
train__c09__user3__5-1-2,user3,0,9,9,9,True,True,both_correct
train__c09__user3__5-1-3,user3,0,9,9,9,True,True,both_correct
train__c09__user3__7-1-1,user3,0,9,26,26,False,False,both_wrong
train__c09__user3__7-1-2,user3,0,9,20,26,False,False,both_wrong
train__c09__user3__7-1-3,user3,0,9,6,26,False,False,both_wrong
train__c09__user5__1-2-1,user5,2,9,9,4,True,False,e1_only
train__c09__user5__1-2-2,user5,2,9,7,8,False,False,both_wrong
train__c09__user5__1-2-3,user5,2,9,8,8,False,False,both_wrong
train__c09__user5__3-2-1,user5,2,9,9,8,True,False,e1_only
train__c09__user5__3-2-2,user5,2,9,8,8,False,False,both_wrong
train__c09__user5__3-2-3,user5,2,9,8,8,False,False,both_wrong
train__c09__user5__4-2-1,user5,2,9,8,0,False,False,both_wrong
train__c09__user5__4-2-2,user5,2,9,7,8,False,False,both_wrong
train__c09__user5__4-2-3,user5,2,9,9,8,True,False,e1_only
train__c09__user5__7-2-1,user5,2,9,8,8,False,False,both_wrong
train__c09__user5__7-2-2,user5,2,9,8,8,False,False,both_wrong
train__c09__user5__7-2-3,user5,2,9,0,8,False,False,both_wrong
train__c09__user6__1-2-1,user6,2,9,9,9,True,True,both_correct
train__c09__user6__1-2-2,user6,2,9,9,4,True,False,e1_only
train__c09__user6__1-2-3,user6,2,9,9,9,True,True,both_correct
train__c09__user6__2-1-1,user6,2,9,9,9,True,True,both_correct
train__c09__user6__2-1-2,user6,2,9,9,9,True,True,both_correct
train__c09__user6__2-1-3,user6,2,9,9,9,True,True,both_correct
train__c09__user6__7-2-1,user6,2,9,9,9,True,True,both_correct
train__c09__user6__7-2-2,user6,2,9,4,4,False,False,both_wrong
train__c09__user6__7-2-3,user6,2,9,8,4,False,False,both_wrong
train__c09__user7__1-2-1,user7,2,9,15,15,False,False,both_wrong
train__c09__user7__1-2-2,user7,2,9,15,15,False,False,both_wrong
train__c09__user7__1-2-3,user7,2,9,15,15,False,False,both_wrong
train__c09__user7__2-1-1,user7,2,9,9,9,True,True,both_correct
train__c09__user7__2-1-2,user7,2,9,9,1,True,False,e1_only
train__c09__user7__2-1-3,user7,2,9,22,22,False,False,both_wrong
train__c09__user7__5-2-1,user7,2,9,11,11,False,False,both_wrong
train__c09__user7__5-2-2,user7,2,9,9,4,True,False,e1_only
train__c09__user7__5-2-3,user7,2,9,8,9,False,True,e2_only
train__c09__user8__3-2-1,user8,1,9,15,14,False,False,both_wrong
train__c09__user8__3-2-2,user8,1,9,15,15,False,False,both_wrong
train__c09__user8__3-2-3,user8,1,9,14,14,False,False,both_wrong
train__c09__user8__4-2-1,user8,1,9,9,9,True,True,both_correct
train__c09__user8__4-2-2,user8,1,9,9,9,True,True,both_correct
train__c09__user8__4-2-3,user8,1,9,10,10,False,False,both_wrong
train__c09__user8__7-2-1,user8,1,9,9,9,True,True,both_correct
train__c09__user8__7-2-2,user8,1,9,9,9,True,True,both_correct
train__c09__user8__7-2-3,user8,1,9,9,9,True,True,both_correct
train__c09__user9__2-1-1,user9,0,9,9,9,True,True,both_correct
train__c09__user9__2-1-2,user9,0,9,10,8,False,False,both_wrong
train__c09__user9__2-1-3,user9,0,9,10,8,False,False,both_wrong
train__c09__user9__3-2-1,user9,0,9,22,8,False,False,both_wrong
train__c09__user9__3-2-2,user9,0,9,22,8,False,False,both_wrong
train__c09__user9__3-2-3,user9,0,9,8,8,False,False,both_wrong
train__c09__user9__7-2-1,user9,0,9,10,10,False,False,both_wrong
train__c09__user9__7-2-2,user9,0,9,10,11,False,False,both_wrong
train__c09__user9__7-2-3,user9,0,9,10,11,False,False,both_wrong
train__c10__user16__1-2-1,user16,1,10,7,11,False,False,both_wrong
train__c10__user16__1-2-2,user16,1,10,11,10,False,True,e2_only
train__c10__user16__1-2-3,user16,1,10,10,10,True,True,both_correct
train__c10__user16__2-1-1,user16,1,10,7,10,False,True,e2_only
train__c10__user16__2-1-2,user16,1,10,7,11,False,False,both_wrong
train__c10__user16__2-1-3,user16,1,10,7,11,False,False,both_wrong
train__c10__user16__7-2-1,user16,1,10,10,10,True,True,both_correct
train__c10__user16__7-2-2,user16,1,10,7,11,False,False,both_wrong
train__c10__user16__7-2-3,user16,1,10,7,11,False,False,both_wrong
train__c10__user18__3-2-1,user18,0,10,9,9,False,False,both_wrong
train__c10__user18__3-2-2,user18,0,10,10,10,True,True,both_correct
train__c10__user18__3-2-3,user18,0,10,10,10,True,True,both_correct
train__c10__user18__4-2-1,user18,0,10,9,9,False,False,both_wrong
train__c10__user18__4-2-2,user18,0,10,9,9,False,False,both_wrong
train__c10__user18__4-2-3,user18,0,10,10,10,True,True,both_correct
train__c10__user18__7-2-1,user18,0,10,9,9,False,False,both_wrong
train__c10__user18__7-2-2,user18,0,10,9,9,False,False,both_wrong
train__c10__user18__7-2-3,user18,0,10,10,10,True,True,both_correct
train__c10__user19__2-1-1,user19,2,10,11,11,False,False,both_wrong
train__c10__user19__2-1-2,user19,2,10,11,11,False,False,both_wrong
train__c10__user19__2-1-3,user19,2,10,11,11,False,False,both_wrong
train__c10__user19__3-2-1,user19,2,10,11,11,False,False,both_wrong
train__c10__user19__3-2-2,user19,2,10,9,8,False,False,both_wrong
train__c10__user19__3-2-3,user19,2,10,10,10,True,True,both_correct
train__c10__user19__7-2-1,user19,2,10,11,11,False,False,both_wrong
train__c10__user19__7-2-2,user19,2,10,10,10,True,True,both_correct
train__c10__user19__7-2-3,user19,2,10,10,10,True,True,both_correct
train__c10__user1__2-1-1,user1,1,10,7,7,False,False,both_wrong
train__c10__user1__2-1-2,user1,1,10,11,11,False,False,both_wrong
train__c10__user1__2-1-3,user1,1,10,11,11,False,False,both_wrong
train__c10__user1__3-1-1,user1,1,10,7,6,False,False,both_wrong
train__c10__user1__3-1-2,user1,1,10,11,10,False,True,e2_only
train__c10__user1__3-1-3,user1,1,10,20,20,False,False,both_wrong
train__c10__user1__4-1-1,user1,1,10,6,6,False,False,both_wrong
train__c10__user20__3-1-1,user20,0,10,9,9,False,False,both_wrong
train__c10__user20__3-1-2,user20,0,10,9,9,False,False,both_wrong
train__c10__user20__3-1-3,user20,0,10,9,9,False,False,both_wrong
train__c10__user20__5-1-1,user20,0,10,21,21,False,False,both_wrong
train__c10__user20__5-1-2,user20,0,10,21,22,False,False,both_wrong
train__c10__user20__5-1-3,user20,0,10,21,22,False,False,both_wrong
train__c10__user20__6-3-1,user20,0,10,13,13,False,False,both_wrong
train__c10__user20__6-3-2,user20,0,10,13,13,False,False,both_wrong
train__c10__user20__6-3-3,user20,0,10,13,13,False,False,both_wrong
train__c10__user20__7-1-1,user20,0,10,11,7,False,False,both_wrong
train__c10__user20__7-1-2,user20,0,10,10,10,True,True,both_correct
train__c10__user20__7-1-3,user20,0,10,9,9,False,False,both_wrong
train__c10__user22__4-3-1,user22,2,10,9,15,False,False,both_wrong
train__c10__user22__4-3-2,user22,2,10,20,20,False,False,both_wrong
train__c10__user22__4-3-3,user22,2,10,15,15,False,False,both_wrong
train__c10__user2__6-1-1,user2,1,10,15,16,False,False,both_wrong
train__c10__user2__6-1-2,user2,1,10,15,15,False,False,both_wrong
train__c10__user3__4-1-1,user3,0,10,7,26,False,False,both_wrong
train__c10__user3__4-1-2,user3,0,10,7,26,False,False,both_wrong
train__c10__user3__4-1-3,user3,0,10,7,7,False,False,both_wrong
train__c10__user3__5-1-1,user3,0,10,11,11,False,False,both_wrong
train__c10__user3__5-1-2,user3,0,10,9,9,False,False,both_wrong
train__c10__user3__5-1-3,user3,0,10,11,11,False,False,both_wrong
train__c10__user3__7-1-1,user3,0,10,7,26,False,False,both_wrong
train__c10__user3__7-1-2,user3,0,10,7,26,False,False,both_wrong
train__c10__user3__7-1-3,user3,0,10,7,39,False,False,both_wrong
train__c10__user5__1-2-1,user5,2,10,7,7,False,False,both_wrong
train__c10__user5__1-2-2,user5,2,10,7,7,False,False,both_wrong
train__c10__user5__4-2-1,user5,2,10,7,7,False,False,both_wrong
train__c10__user5__4-2-2,user5,2,10,7,7,False,False,both_wrong
train__c10__user5__4-2-3,user5,2,10,0,0,False,False,both_wrong
train__c10__user6__1-2-1,user6,2,10,9,8,False,False,both_wrong
train__c10__user6__1-2-2,user6,2,10,9,9,False,False,both_wrong
train__c10__user6__1-2-3,user6,2,10,9,9,False,False,both_wrong
train__c10__user6__2-1-1,user6,2,10,10,10,True,True,both_correct
train__c10__user6__2-1-2,user6,2,10,9,9,False,False,both_wrong
train__c10__user6__2-1-3,user6,2,10,9,1,False,False,both_wrong
train__c10__user6__7-2-1,user6,2,10,4,4,False,False,both_wrong
train__c10__user6__7-2-2,user6,2,10,9,4,False,False,both_wrong
train__c10__user6__7-2-3,user6,2,10,9,4,False,False,both_wrong
train__c10__user7__2-1-1,user7,2,10,9,1,False,False,both_wrong
train__c10__user7__2-1-2,user7,2,10,9,9,False,False,both_wrong
train__c10__user7__2-1-3,user7,2,10,9,1,False,False,both_wrong
train__c10__user7__2-2-1,user7,2,10,20,15,False,False,both_wrong
train__c10__user7__2-2-2,user7,2,10,9,15,False,False,both_wrong
train__c10__user7__2-2-3,user7,2,10,20,15,False,False,both_wrong
train__c10__user7__5-2-1,user7,2,10,11,11,False,False,both_wrong
train__c10__user7__5-2-2,user7,2,10,11,11,False,False,both_wrong
train__c10__user7__5-2-3,user7,2,10,11,11,False,False,both_wrong
train__c10__user8__3-2-1,user8,1,10,14,14,False,False,both_wrong
train__c10__user8__3-2-2,user8,1,10,15,14,False,False,both_wrong
train__c10__user8__3-2-3,user8,1,10,6,6,False,False,both_wrong
train__c10__user8__4-2-1,user8,1,10,10,9,True,False,e1_only
train__c10__user8__4-2-2,user8,1,10,8,1,False,False,both_wrong
train__c10__user8__4-2-3,user8,1,10,10,10,True,True,both_correct
train__c10__user8__7-2-1,user8,1,10,10,8,True,False,e1_only
train__c10__user8__7-2-2,user8,1,10,9,9,False,False,both_wrong
train__c10__user8__7-2-3,user8,1,10,9,9,False,False,both_wrong
train__c10__user9__2-1-1,user9,0,10,11,11,False,False,both_wrong
train__c10__user9__2-1-2,user9,0,10,10,11,True,False,e1_only
train__c10__user9__2-1-3,user9,0,10,10,10,True,True,both_correct
train__c10__user9__3-2-1,user9,0,10,10,11,True,False,e1_only
train__c10__user9__3-2-2,user9,0,10,11,11,False,False,both_wrong
train__c10__user9__3-2-3,user9,0,10,10,10,True,True,both_correct
train__c10__user9__7-2-1,user9,0,10,11,11,False,False,both_wrong
train__c10__user9__7-2-2,user9,0,10,11,11,False,False,both_wrong
train__c10__user9__7-2-3,user9,0,10,7,7,False,False,both_wrong
train__c11__user16__1-2-1,user16,1,11,10,10,False,False,both_wrong
train__c11__user16__1-2-2,user16,1,11,10,10,False,False,both_wrong
train__c11__user16__1-2-3,user16,1,11,10,10,False,False,both_wrong
train__c11__user16__3-2-1,user16,1,11,10,10,False,False,both_wrong
train__c11__user16__3-2-2,user16,1,11,10,10,False,False,both_wrong
train__c11__user16__3-2-3,user16,1,11,10,10,False,False,both_wrong
train__c11__user16__5-2-1,user16,1,11,10,10,False,False,both_wrong
train__c11__user16__5-2-2,user16,1,11,10,10,False,False,both_wrong
train__c11__user16__5-2-3,user16,1,11,10,10,False,False,both_wrong
train__c11__user18__4-2-1,user18,0,11,9,9,False,False,both_wrong
train__c11__user18__4-2-2,user18,0,11,34,32,False,False,both_wrong
train__c11__user18__4-2-3,user18,0,11,10,10,False,False,both_wrong
train__c11__user18__6-2-1,user18,0,11,26,26,False,False,both_wrong
train__c11__user18__6-2-2,user18,0,11,26,26,False,False,both_wrong
train__c11__user18__6-2-3,user18,0,11,23,26,False,False,both_wrong
train__c11__user18__7-2-1,user18,0,11,10,10,False,False,both_wrong
train__c11__user18__7-2-2,user18,0,11,9,9,False,False,both_wrong
train__c11__user18__7-2-3,user18,0,11,34,34,False,False,both_wrong
train__c11__user19__2-3-1,user19,2,11,10,11,False,True,e2_only
train__c11__user19__2-3-2,user19,2,11,10,11,False,True,e2_only
train__c11__user19__2-3-3,user19,2,11,10,10,False,False,both_wrong
train__c11__user1__1-2-1,user1,1,11,4,4,False,False,both_wrong
train__c11__user1__1-2-2,user1,1,11,4,4,False,False,both_wrong
train__c11__user1__4-1-1,user1,1,11,7,6,False,False,both_wrong
train__c11__user1__4-1-2,user1,1,11,7,22,False,False,both_wrong
train__c11__user1__4-1-3,user1,1,11,7,6,False,False,both_wrong
train__c11__user1__6-1-1,user1,1,11,7,11,False,True,e2_only
train__c11__user1__6-1-2,user1,1,11,7,11,False,True,e2_only
train__c11__user1__6-1-3,user1,1,11,7,10,False,False,both_wrong
train__c11__user21__5-2-1,user21,0,11,7,7,False,False,both_wrong
train__c11__user21__5-2-2,user21,0,11,7,24,False,False,both_wrong
train__c11__user21__5-2-3,user21,0,11,22,22,False,False,both_wrong
train__c11__user22__3-3-1,user22,2,11,7,7,False,False,both_wrong
train__c11__user22__3-3-2,user22,2,11,7,7,False,False,both_wrong
train__c11__user22__3-3-3,user22,2,11,7,7,False,False,both_wrong
train__c11__user22__4-3-1,user22,2,11,10,11,False,True,e2_only
train__c11__user22__4-3-2,user22,2,11,23,27,False,False,both_wrong
train__c11__user22__4-3-3,user22,2,11,19,24,False,False,both_wrong
train__c11__user22__5-2-1,user22,2,11,19,19,False,False,both_wrong
train__c11__user22__5-2-2,user22,2,11,11,24,True,False,e1_only
train__c11__user22__5-2-3,user22,2,11,11,24,True,False,e1_only
train__c11__user2__5-2-1,user2,1,11,10,10,False,False,both_wrong
train__c11__user2__5-2-2,user2,1,11,11,10,True,False,e1_only
train__c11__user2__5-2-3,user2,1,11,11,11,True,True,both_correct
train__c11__user2__7-2-1,user2,1,11,11,11,True,True,both_correct
train__c11__user2__7-2-2,user2,1,11,11,11,True,True,both_correct
train__c11__user2__7-2-3,user2,1,11,4,1,False,False,both_wrong
train__c11__user3__3-1-1,user3,0,11,11,11,True,True,both_correct
train__c11__user3__3-1-2,user3,0,11,11,11,True,True,both_correct
train__c11__user3__3-1-3,user3,0,11,9,11,False,True,e2_only
train__c11__user3__4-1-1,user3,0,11,26,26,False,False,both_wrong
train__c11__user3__4-1-2,user3,0,11,26,26,False,False,both_wrong
train__c11__user5__1-2-1,user5,2,11,7,7,False,False,both_wrong
train__c11__user5__1-2-2,user5,2,11,7,7,False,False,both_wrong
train__c11__user5__1-2-3,user5,2,11,7,4,False,False,both_wrong
train__c11__user5__2-1-1,user5,2,11,7,19,False,False,both_wrong
train__c11__user5__2-1-2,user5,2,11,19,19,False,False,both_wrong
train__c11__user5__2-1-3,user5,2,11,19,19,False,False,both_wrong
train__c11__user5__3-2-1,user5,2,11,7,7,False,False,both_wrong
train__c11__user5__3-2-2,user5,2,11,7,7,False,False,both_wrong
train__c11__user5__3-2-3,user5,2,11,7,7,False,False,both_wrong
train__c11__user5__6-2-1,user5,2,11,7,7,False,False,both_wrong
train__c11__user5__6-2-2,user5,2,11,7,7,False,False,both_wrong
train__c11__user5__6-2-3,user5,2,11,7,7,False,False,both_wrong
train__c11__user6__1-2-1,user6,2,11,11,4,True,False,e1_only
train__c11__user6__1-2-2,user6,2,11,11,11,True,True,both_correct
train__c11__user6__1-2-3,user6,2,11,11,4,True,False,e1_only
train__c11__user6__3-2-1,user6,2,11,7,4,False,False,both_wrong
train__c11__user6__3-2-2,user6,2,11,7,38,False,False,both_wrong
train__c11__user6__3-2-3,user6,2,11,37,1,False,False,both_wrong
train__c11__user6__5-2-1,user6,2,11,7,6,False,False,both_wrong
train__c11__user6__5-2-2,user6,2,11,7,38,False,False,both_wrong
train__c11__user6__5-2-3,user6,2,11,7,7,False,False,both_wrong
train__c11__user7__7-2-1,user7,2,11,11,11,True,True,both_correct
train__c11__user7__7-2-2,user7,2,11,4,4,False,False,both_wrong
train__c11__user7__7-2-3,user7,2,11,7,4,False,False,both_wrong
train__c11__user8__4-2-1,user8,1,11,10,10,False,False,both_wrong
train__c11__user8__4-2-2,user8,1,11,9,9,False,False,both_wrong
train__c11__user8__4-2-3,user8,1,11,10,10,False,False,both_wrong
train__c11__user8__6-2-1,user8,1,11,9,11,False,True,e2_only
train__c11__user8__6-2-2,user8,1,11,8,8,False,False,both_wrong
train__c11__user8__6-2-3,user8,1,11,10,7,False,False,both_wrong
train__c11__user8__7-2-1,user8,1,11,10,10,False,False,both_wrong
train__c11__user8__7-2-2,user8,1,11,4,4,False,False,both_wrong
train__c11__user8__7-2-3,user8,1,11,10,10,False,False,both_wrong
train__c11__user9__2-3-1,user9,0,11,11,11,True,True,both_correct
train__c11__user9__2-3-2,user9,0,11,11,11,True,True,both_correct
train__c11__user9__2-3-3,user9,0,11,7,7,False,False,both_wrong
train__c12__user16__3-1-1,user16,1,12,12,12,True,True,both_correct
train__c12__user16__3-1-2,user16,1,12,12,12,True,True,both_correct
train__c12__user16__3-1-3,user16,1,12,12,12,True,True,both_correct
train__c12__user16__6-2-1,user16,1,12,12,13,True,False,e1_only
train__c12__user16__6-2-2,user16,1,12,12,12,True,True,both_correct
train__c12__user16__6-2-3,user16,1,12,12,13,True,False,e1_only
train__c12__user18__3-1-1,user18,0,12,9,9,False,False,both_wrong
train__c12__user18__3-1-2,user18,0,12,13,13,False,False,both_wrong
train__c12__user18__3-1-3,user18,0,12,13,13,False,False,both_wrong
train__c12__user19__3-3-1,user19,2,12,12,12,True,True,both_correct
train__c12__user19__3-3-2,user19,2,12,12,12,True,True,both_correct
train__c12__user19__3-3-3,user19,2,12,12,12,True,True,both_correct
train__c12__user19__7-2-1,user19,2,12,12,12,True,True,both_correct
train__c12__user19__7-2-2,user19,2,12,12,12,True,True,both_correct
train__c12__user19__7-2-3,user19,2,12,9,12,False,True,e2_only
train__c12__user1__6-2-1,user1,1,12,12,12,True,True,both_correct
train__c12__user1__6-2-2,user1,1,12,12,16,True,False,e1_only
train__c12__user1__6-2-3,user1,1,12,12,16,True,False,e1_only
train__c12__user20__2-1-1,user20,0,12,20,28,False,False,both_wrong
train__c12__user20__2-1-2,user20,0,12,20,28,False,False,both_wrong
train__c12__user20__2-1-3,user20,0,12,20,20,False,False,both_wrong
train__c12__user20__3-2-1,user20,0,12,20,20,False,False,both_wrong
train__c12__user20__3-2-2,user20,0,12,20,20,False,False,both_wrong
train__c12__user20__3-2-3,user20,0,12,33,32,False,False,both_wrong
train__c12__user21__2-1-1,user21,0,12,9,9,False,False,both_wrong
train__c12__user21__2-1-2,user21,0,12,9,9,False,False,both_wrong
train__c12__user21__2-1-3,user21,0,12,9,9,False,False,both_wrong
train__c12__user2__3-1-1,user2,1,12,13,13,False,False,both_wrong
train__c12__user2__3-1-2,user2,1,12,13,12,False,True,e2_only
train__c12__user2__3-1-3,user2,1,12,12,12,True,True,both_correct
train__c12__user3__6-2-1,user3,0,12,12,12,True,True,both_correct
train__c12__user3__6-2-2,user3,0,12,13,13,False,False,both_wrong
train__c12__user3__6-2-3,user3,0,12,32,35,False,False,both_wrong
train__c12__user5__3-1-1,user5,2,12,13,13,False,False,both_wrong
train__c12__user5__3-1-2,user5,2,12,13,13,False,False,both_wrong
train__c12__user5__3-1-3,user5,2,12,13,13,False,False,both_wrong
train__c12__user6__3-1-1,user6,2,12,12,12,True,True,both_correct
train__c12__user6__3-1-2,user6,2,12,12,12,True,True,both_correct
train__c12__user6__3-1-3,user6,2,12,13,13,False,False,both_wrong
train__c12__user6__6-2-1,user6,2,12,36,36,False,False,both_wrong
train__c12__user6__6-2-2,user6,2,12,15,15,False,False,both_wrong
train__c12__user6__6-2-3,user6,2,12,15,15,False,False,both_wrong
train__c12__user7__3-1-1,user7,2,12,13,13,False,False,both_wrong
train__c12__user7__3-1-2,user7,2,12,13,13,False,False,both_wrong
train__c12__user7__3-1-3,user7,2,12,13,13,False,False,both_wrong
train__c12__user8__3-1-1,user8,1,12,0,36,False,False,both_wrong
train__c12__user8__3-1-2,user8,1,12,0,0,False,False,both_wrong
train__c12__user8__3-1-3,user8,1,12,0,0,False,False,both_wrong
train__c12__user9__3-3-1,user9,0,12,36,35,False,False,both_wrong
train__c12__user9__3-3-2,user9,0,12,36,36,False,False,both_wrong
train__c12__user9__3-3-3,user9,0,12,12,12,True,True,both_correct
train__c12__user9__7-2-1,user9,0,12,12,12,True,True,both_correct
train__c12__user9__7-2-2,user9,0,12,12,29,True,False,e1_only
train__c12__user9__7-2-3,user9,0,12,29,29,False,False,both_wrong
train__c13__user16__3-1-1,user16,1,13,13,13,True,True,both_correct
train__c13__user16__3-1-2,user16,1,13,13,13,True,True,both_correct
train__c13__user16__3-1-3,user16,1,13,13,13,True,True,both_correct
train__c13__user18__3-1-1,user18,0,13,13,13,True,True,both_correct
train__c13__user18__3-1-2,user18,0,13,13,13,True,True,both_correct
train__c13__user18__3-1-3,user18,0,13,13,13,True,True,both_correct
train__c13__user19__3-3-1,user19,2,13,13,13,True,True,both_correct
train__c13__user19__3-3-2,user19,2,13,13,13,True,True,both_correct
train__c13__user19__3-3-3,user19,2,13,13,13,True,True,both_correct
train__c13__user19__7-2-1,user19,2,13,12,12,False,False,both_wrong
train__c13__user19__7-2-2,user19,2,13,13,12,True,False,e1_only
train__c13__user19__7-2-3,user19,2,13,13,12,True,False,e1_only
train__c13__user1__3-2-1,user1,1,13,13,13,True,True,both_correct
train__c13__user1__3-2-2,user1,1,13,13,13,True,True,both_correct
train__c13__user1__3-2-3,user1,1,13,13,16,True,False,e1_only
train__c13__user20__2-1-1,user20,0,13,20,20,False,False,both_wrong
train__c13__user20__2-1-2,user20,0,13,20,20,False,False,both_wrong
train__c13__user20__2-1-3,user20,0,13,29,12,False,False,both_wrong
train__c13__user20__3-2-1,user20,0,13,20,20,False,False,both_wrong
train__c13__user20__3-2-2,user20,0,13,20,20,False,False,both_wrong
train__c13__user20__3-2-3,user20,0,13,33,20,False,False,both_wrong
train__c13__user20__6-3-1,user20,0,13,12,12,False,False,both_wrong
train__c13__user20__6-3-2,user20,0,13,12,12,False,False,both_wrong
train__c13__user20__6-3-3,user20,0,13,29,12,False,False,both_wrong
train__c13__user21__2-1-1,user21,0,13,9,9,False,False,both_wrong
train__c13__user21__2-1-2,user21,0,13,9,9,False,False,both_wrong
train__c13__user21__2-1-3,user21,0,13,9,9,False,False,both_wrong
train__c13__user2__3-1-1,user2,1,13,31,31,False,False,both_wrong
train__c13__user2__3-1-2,user2,1,13,29,29,False,False,both_wrong
train__c13__user2__3-1-3,user2,1,13,29,29,False,False,both_wrong
train__c13__user5__5-1-1,user5,2,13,0,8,False,False,both_wrong
train__c13__user5__5-1-2,user5,2,13,0,0,False,False,both_wrong
train__c13__user5__5-1-3,user5,2,13,0,0,False,False,both_wrong
train__c13__user5__7-2-1,user5,2,13,0,8,False,False,both_wrong
train__c13__user5__7-2-2,user5,2,13,0,0,False,False,both_wrong
train__c13__user5__7-2-3,user5,2,13,0,0,False,False,both_wrong
train__c13__user6__3-1-1,user6,2,13,12,12,False,False,both_wrong
train__c13__user6__3-1-2,user6,2,13,36,13,False,True,e2_only
train__c13__user6__3-1-3,user6,2,13,13,12,True,False,e1_only
train__c13__user7__3-1-1,user7,2,13,13,13,True,True,both_correct
train__c13__user7__3-1-2,user7,2,13,13,13,True,True,both_correct
train__c13__user7__3-1-3,user7,2,13,13,13,True,True,both_correct
train__c13__user8__3-1-1,user8,1,13,0,0,False,False,both_wrong
train__c13__user8__3-1-3,user8,1,13,0,34,False,False,both_wrong
train__c13__user9__3-3-1,user9,0,13,36,36,False,False,both_wrong
train__c13__user9__3-3-2,user9,0,13,13,13,True,True,both_correct
train__c13__user9__3-3-3,user9,0,13,13,13,True,True,both_correct
train__c13__user9__7-2-1,user9,0,13,34,34,False,False,both_wrong
train__c13__user9__7-2-2,user9,0,13,12,12,False,False,both_wrong
train__c13__user9__7-2-3,user9,0,13,34,34,False,False,both_wrong
train__c14__user16__3-2-1,user16,1,14,9,9,False,False,both_wrong
train__c14__user16__3-2-2,user16,1,14,9,10,False,False,both_wrong
train__c14__user16__3-2-3,user16,1,14,9,9,False,False,both_wrong
train__c14__user18__3-2-1,user18,0,14,9,9,False,False,both_wrong
train__c14__user18__3-2-2,user18,0,14,9,9,False,False,both_wrong
train__c14__user18__3-2-3,user18,0,14,9,9,False,False,both_wrong
train__c14__user1__1-2-1,user1,1,14,4,10,False,False,both_wrong
train__c14__user1__1-2-2,user1,1,14,10,10,False,False,both_wrong
train__c14__user1__4-1-1,user1,1,14,7,19,False,False,both_wrong
train__c14__user1__4-1-2,user1,1,14,6,6,False,False,both_wrong
train__c14__user1__4-1-3,user1,1,14,6,6,False,False,both_wrong
train__c14__user20__3-1-1,user20,0,14,11,11,False,False,both_wrong
train__c14__user20__3-1-2,user20,0,14,7,6,False,False,both_wrong
train__c14__user20__3-1-3,user20,0,14,7,39,False,False,both_wrong
train__c14__user22__2-1-1,user22,2,14,9,9,False,False,both_wrong
train__c14__user22__2-1-2,user22,2,14,9,9,False,False,both_wrong
train__c14__user22__2-1-3,user22,2,14,9,9,False,False,both_wrong
train__c14__user3__3-1-1,user3,0,14,7,8,False,False,both_wrong
train__c14__user3__3-1-2,user3,0,14,11,11,False,False,both_wrong
train__c14__user3__3-1-3,user3,0,14,9,9,False,False,both_wrong
train__c14__user6__3-2-1,user6,2,14,6,2,False,False,both_wrong
train__c14__user6__3-2-2,user6,2,14,6,3,False,False,both_wrong
train__c14__user6__3-2-3,user6,2,14,5,3,False,False,both_wrong
train__c14__user7__3-2-1,user7,2,14,14,5,True,False,e1_only
train__c14__user7__3-2-2,user7,2,14,6,2,False,False,both_wrong
train__c14__user7__3-2-3,user7,2,14,14,14,True,True,both_correct
train__c14__user8__3-2-1,user8,1,14,20,20,False,False,both_wrong
train__c14__user8__3-2-2,user8,1,14,15,15,False,False,both_wrong
train__c14__user8__3-2-3,user8,1,14,4,4,False,False,both_wrong
train__c15__user16__3-3-1,user16,1,15,17,34,False,False,both_wrong
train__c15__user16__3-3-2,user16,1,15,10,34,False,False,both_wrong
train__c15__user16__3-3-3,user16,1,15,17,16,False,False,both_wrong
train__c15__user16__6-2-1,user16,1,15,9,9,False,False,both_wrong
train__c15__user16__6-2-2,user16,1,15,9,9,False,False,both_wrong
train__c15__user16__6-2-3,user16,1,15,9,9,False,False,both_wrong
train__c15__user18__2-2-1,user18,0,15,9,9,False,False,both_wrong
train__c15__user18__2-2-2,user18,0,15,15,15,True,True,both_correct
train__c15__user18__2-2-3,user18,0,15,15,15,True,True,both_correct
train__c15__user18__3-3-1,user18,0,15,11,11,False,False,both_wrong
train__c15__user18__3-3-2,user18,0,15,11,10,False,False,both_wrong
train__c15__user18__3-3-3,user18,0,15,11,11,False,False,both_wrong
train__c15__user19__7-2-1,user19,2,15,0,0,False,False,both_wrong
train__c15__user19__7-2-2,user19,2,15,12,12,False,False,both_wrong
train__c15__user19__7-2-3,user19,2,15,0,0,False,False,both_wrong
train__c15__user20__3-2-1,user20,0,15,2,6,False,False,both_wrong
train__c15__user20__3-2-2,user20,0,15,8,2,False,False,both_wrong
train__c15__user20__3-2-3,user20,0,15,6,6,False,False,both_wrong
train__c15__user22__2-1-1,user22,2,15,9,9,False,False,both_wrong
train__c15__user22__2-1-2,user22,2,15,9,9,False,False,both_wrong
train__c15__user22__2-1-3,user22,2,15,9,9,False,False,both_wrong
train__c15__user5__5-1-1,user5,2,15,8,8,False,False,both_wrong
train__c15__user5__5-1-2,user5,2,15,8,0,False,False,both_wrong
train__c15__user5__5-1-3,user5,2,15,0,0,False,False,both_wrong
train__c15__user6__3-3-1,user6,2,15,9,15,False,True,e2_only
train__c15__user6__3-3-3,user6,2,15,15,15,True,True,both_correct
train__c15__user6__6-2-1,user6,2,15,5,3,False,False,both_wrong
train__c15__user6__6-2-2,user6,2,15,5,3,False,False,both_wrong
train__c15__user6__6-2-3,user6,2,15,5,5,False,False,both_wrong
train__c15__user7__2-2-1,user7,2,15,9,15,False,True,e2_only
train__c15__user7__2-2-2,user7,2,15,9,15,False,True,e2_only
train__c15__user7__2-2-3,user7,2,15,15,15,True,True,both_correct
train__c15__user7__3-3-1,user7,2,15,15,15,True,True,both_correct
train__c15__user7__3-3-3,user7,2,15,15,15,True,True,both_correct
train__c15__user8__2-2-1,user8,1,15,0,0,False,False,both_wrong
train__c15__user8__2-2-2,user8,1,15,0,0,False,False,both_wrong
train__c15__user8__2-2-3,user8,1,15,0,0,False,False,both_wrong
train__c15__user8__3-3-1,user8,1,15,15,15,True,True,both_correct
train__c15__user8__3-3-2,user8,1,15,15,15,True,True,both_correct
train__c15__user8__3-3-3,user8,1,15,15,15,True,True,both_correct
train__c15__user9__7-2-1,user9,0,15,10,14,False,False,both_wrong
train__c15__user9__7-2-2,user9,0,15,10,14,False,False,both_wrong
train__c15__user9__7-2-3,user9,0,15,10,14,False,False,both_wrong
train__c16__user18__2-1-1,user18,0,16,20,20,False,False,both_wrong
train__c16__user18__2-1-2,user18,0,16,20,20,False,False,both_wrong
train__c16__user18__2-1-3,user18,0,16,20,20,False,False,both_wrong
train__c16__user22__3-2-1,user22,2,16,13,15,False,False,both_wrong
train__c16__user22__3-2-2,user22,2,16,13,36,False,False,both_wrong
train__c16__user22__3-2-3,user22,2,16,13,15,False,False,both_wrong
train__c16__user2__1-1-1,user2,1,16,31,31,False,False,both_wrong
train__c16__user2__1-1-2,user2,1,16,31,31,False,False,both_wrong
train__c16__user2__1-1-3,user2,1,16,31,31,False,False,both_wrong
train__c16__user7__6-1-1,user7,2,16,13,13,False,False,both_wrong
train__c16__user7__6-1-2,user7,2,16,13,13,False,False,both_wrong
train__c16__user7__6-1-3,user7,2,16,13,13,False,False,both_wrong
train__c16__user8__2-1-1,user8,1,16,0,0,False,False,both_wrong
train__c16__user8__2-1-2,user8,1,16,33,0,False,False,both_wrong
train__c16__user8__2-1-3,user8,1,16,33,0,False,False,both_wrong
train__c17__user16__4-1-1,user16,1,17,17,17,True,True,both_correct
train__c17__user16__4-1-2,user16,1,17,17,17,True,True,both_correct
train__c17__user16__4-1-3,user16,1,17,17,17,True,True,both_correct
train__c17__user18__5-1-1,user18,0,17,17,17,True,True,both_correct
train__c17__user18__5-1-2,user18,0,17,17,17,True,True,both_correct
train__c17__user18__5-1-3,user18,0,17,17,32,True,False,e1_only
train__c17__user19__1-2-1,user19,2,17,17,17,True,True,both_correct
train__c17__user19__1-2-2,user19,2,17,17,17,True,True,both_correct
train__c17__user19__1-2-3,user19,2,17,17,17,True,True,both_correct
train__c17__user19__4-1-1,user19,2,17,17,17,True,True,both_correct
train__c17__user19__4-1-2,user19,2,17,17,17,True,True,both_correct
train__c17__user19__4-1-3,user19,2,17,17,17,True,True,both_correct
train__c17__user19__4-3-1,user19,2,17,17,17,True,True,both_correct
train__c17__user19__4-3-2,user19,2,17,21,21,False,False,both_wrong
train__c17__user19__4-3-3,user19,2,17,17,17,True,True,both_correct
train__c17__user19__6-1-1,user19,2,17,17,17,True,True,both_correct
train__c17__user19__6-1-2,user19,2,17,17,17,True,True,both_correct
train__c17__user19__6-1-3,user19,2,17,17,17,True,True,both_correct
train__c17__user1__2-2-1,user1,1,17,17,17,True,True,both_correct
train__c17__user1__2-2-2,user1,1,17,17,17,True,True,both_correct
train__c17__user1__2-2-3,user1,1,17,17,18,True,False,e1_only
train__c17__user1__3-2-1,user1,1,17,17,17,True,True,both_correct
train__c17__user1__3-2-2,user1,1,17,17,17,True,True,both_correct
train__c17__user1__3-2-3,user1,1,17,17,17,True,True,both_correct
train__c17__user20__2-2-1,user20,0,17,17,17,True,True,both_correct
train__c17__user20__2-2-2,user20,0,17,17,17,True,True,both_correct
train__c17__user20__2-2-3,user20,0,17,17,17,True,True,both_correct
train__c17__user20__4-1-1,user20,0,17,26,26,False,False,both_wrong
train__c17__user20__4-1-2,user20,0,17,26,26,False,False,both_wrong
train__c17__user20__4-1-3,user20,0,17,26,26,False,False,both_wrong
train__c17__user20__5-1-1,user20,0,17,17,17,True,True,both_correct
train__c17__user20__5-1-2,user20,0,17,17,17,True,True,both_correct
train__c17__user20__5-1-3,user20,0,17,17,17,True,True,both_correct
train__c17__user22__1-2-1,user22,2,17,22,22,False,False,both_wrong
train__c17__user22__1-2-2,user22,2,17,22,22,False,False,both_wrong
train__c17__user22__1-2-3,user22,2,17,17,17,True,True,both_correct
train__c17__user22__4-1-1,user22,2,17,15,15,False,False,both_wrong
train__c17__user22__4-1-2,user22,2,17,15,15,False,False,both_wrong
train__c17__user22__4-1-3,user22,2,17,15,15,False,False,both_wrong
train__c17__user3__3-2-1,user3,0,17,17,26,True,False,e1_only
train__c17__user3__3-2-2,user3,0,17,17,26,True,False,e1_only
train__c17__user3__3-2-3,user3,0,17,17,26,True,False,e1_only
train__c17__user3__4-1-1,user3,0,17,26,26,False,False,both_wrong
train__c17__user3__4-1-2,user3,0,17,17,26,True,False,e1_only
train__c17__user3__4-1-3,user3,0,17,17,26,True,False,e1_only
train__c17__user5__4-1-1,user5,2,17,22,22,False,False,both_wrong
train__c17__user5__4-1-2,user5,2,17,22,22,False,False,both_wrong
train__c17__user5__4-1-3,user5,2,17,22,18,False,False,both_wrong
train__c17__user6__4-1-1,user6,2,17,22,22,False,False,both_wrong
train__c17__user6__4-1-2,user6,2,17,22,22,False,False,both_wrong
train__c17__user6__4-1-3,user6,2,17,21,21,False,False,both_wrong
train__c17__user7__4-1-1,user7,2,17,17,17,True,True,both_correct
train__c17__user7__4-1-2,user7,2,17,17,17,True,True,both_correct
train__c17__user7__4-1-3,user7,2,17,9,15,False,False,both_wrong
train__c17__user7__6-3-1,user7,2,17,17,26,True,False,e1_only
train__c17__user8__5-1-1,user8,1,17,24,24,False,False,both_wrong
train__c17__user8__5-1-2,user8,1,17,24,26,False,False,both_wrong
train__c17__user8__5-1-3,user8,1,17,24,24,False,False,both_wrong
train__c17__user9__1-2-2,user9,0,17,17,17,True,True,both_correct
train__c17__user9__1-2-3,user9,0,17,34,34,False,False,both_wrong
train__c17__user9__4-1-1,user9,0,17,34,34,False,False,both_wrong
train__c17__user9__4-1-2,user9,0,17,34,34,False,False,both_wrong
train__c17__user9__4-1-3,user9,0,17,20,20,False,False,both_wrong
train__c17__user9__4-3-1,user9,0,17,34,17,False,True,e2_only
train__c17__user9__4-3-2,user9,0,17,34,34,False,False,both_wrong
train__c17__user9__4-3-3,user9,0,17,34,20,False,False,both_wrong
train__c17__user9__6-1-1,user9,0,17,17,17,True,True,both_correct
train__c17__user9__6-1-2,user9,0,17,17,21,True,False,e1_only
train__c17__user9__6-1-3,user9,0,17,34,32,False,False,both_wrong
train__c18__user18__4-1-1,user18,0,18,22,22,False,False,both_wrong
train__c18__user18__4-1-2,user18,0,18,22,22,False,False,both_wrong
train__c18__user18__4-1-3,user18,0,18,8,38,False,False,both_wrong
train__c18__user18__6-2-1,user18,0,18,26,26,False,False,both_wrong
train__c18__user18__6-2-2,user18,0,18,17,26,False,False,both_wrong
train__c18__user18__6-2-3,user18,0,18,17,26,False,False,both_wrong
train__c18__user20__2-2-1,user20,0,18,17,17,False,False,both_wrong
train__c18__user20__2-2-2,user20,0,18,17,17,False,False,both_wrong
train__c18__user20__2-2-3,user20,0,18,17,17,False,False,both_wrong
train__c18__user22__3-1-1,user22,2,18,9,9,False,False,both_wrong
train__c18__user22__3-1-2,user22,2,18,9,9,False,False,both_wrong
train__c18__user2__4-1-2,user2,1,18,24,21,False,False,both_wrong
train__c18__user2__4-1-3,user2,1,18,21,21,False,False,both_wrong
train__c18__user2__4-3-1,user2,1,18,22,21,False,False,both_wrong
train__c18__user2__4-3-2,user2,1,18,18,18,True,True,both_correct
train__c18__user2__4-3-3,user2,1,18,18,18,True,True,both_correct
train__c18__user3__3-2-1,user3,0,18,17,18,False,True,e2_only
train__c18__user3__3-2-2,user3,0,18,17,18,False,True,e2_only
train__c18__user3__3-2-3,user3,0,18,8,17,False,False,both_wrong
train__c18__user5__4-3-1,user5,2,18,22,22,False,False,both_wrong
train__c18__user5__4-3-3,user5,2,18,18,18,True,True,both_correct
train__c18__user6__4-1-1,user6,2,18,22,22,False,False,both_wrong
train__c18__user6__4-1-2,user6,2,18,22,22,False,False,both_wrong
train__c18__user6__4-1-3,user6,2,18,21,21,False,False,both_wrong
train__c18__user8__6-2-1,user8,1,18,8,7,False,False,both_wrong
train__c18__user8__6-2-2,user8,1,18,8,7,False,False,both_wrong
train__c18__user8__6-2-3,user8,1,18,24,24,False,False,both_wrong
train__c19__user16__4-1-1,user16,1,19,19,20,True,False,e1_only
train__c19__user16__4-1-2,user16,1,19,22,22,False,False,both_wrong
train__c19__user16__4-1-3,user16,1,19,10,10,False,False,both_wrong
train__c19__user18__1-2-1,user18,0,19,23,27,False,False,both_wrong
train__c19__user18__1-2-2,user18,0,19,23,23,False,False,both_wrong
train__c19__user18__1-2-3,user18,0,19,20,29,False,False,both_wrong
train__c19__user18__2-1-1,user18,0,19,23,23,False,False,both_wrong
train__c19__user18__2-1-2,user18,0,19,27,33,False,False,both_wrong
train__c19__user18__2-1-3,user18,0,19,27,33,False,False,both_wrong
train__c19__user21__4-1-1,user21,0,19,24,26,False,False,both_wrong
train__c19__user21__4-1-2,user21,0,19,7,7,False,False,both_wrong
train__c19__user21__4-1-3,user21,0,19,7,7,False,False,both_wrong
train__c19__user22__4-1-1,user22,2,19,6,6,False,False,both_wrong
train__c19__user22__4-1-2,user22,2,19,24,24,False,False,both_wrong
train__c19__user22__4-1-3,user22,2,19,24,24,False,False,both_wrong
train__c19__user2__4-1-1,user2,1,19,7,20,False,False,both_wrong
train__c19__user2__4-1-2,user2,1,19,6,6,False,False,both_wrong
train__c19__user2__4-1-3,user2,1,19,10,38,False,False,both_wrong
train__c19__user3__3-2-1,user3,0,19,7,26,False,False,both_wrong
train__c19__user3__3-2-2,user3,0,19,7,26,False,False,both_wrong
train__c19__user3__3-2-3,user3,0,19,7,26,False,False,both_wrong
train__c19__user3__4-1-1,user3,0,19,7,7,False,False,both_wrong
train__c19__user3__4-1-2,user3,0,19,7,26,False,False,both_wrong
train__c19__user3__4-1-3,user3,0,19,7,26,False,False,both_wrong
train__c19__user5__4-1-1,user5,2,19,22,19,False,True,e2_only
train__c19__user5__4-1-2,user5,2,19,19,19,True,True,both_correct
train__c19__user5__4-1-3,user5,2,19,22,18,False,False,both_wrong
train__c19__user6__4-1-1,user6,2,19,23,22,False,False,both_wrong
train__c19__user6__4-1-2,user6,2,19,22,22,False,False,both_wrong
train__c19__user6__4-1-3,user6,2,19,23,22,False,False,both_wrong
train__c19__user8__1-2-1,user8,1,19,24,26,False,False,both_wrong
train__c19__user8__1-2-2,user8,1,19,26,26,False,False,both_wrong
train__c19__user8__1-2-3,user8,1,19,27,7,False,False,both_wrong
train__c19__user8__2-1-1,user8,1,19,33,33,False,False,both_wrong
train__c19__user8__2-1-3,user8,1,19,8,34,False,False,both_wrong
train__c20__user16__4-1-1,user16,1,20,21,20,False,True,e2_only
train__c20__user16__4-1-2,user16,1,20,20,20,True,True,both_correct
train__c20__user16__4-1-3,user16,1,20,20,20,True,True,both_correct
train__c20__user16__5-3-1,user16,1,20,20,20,True,True,both_correct
train__c20__user16__5-3-2,user16,1,20,23,20,False,True,e2_only
train__c20__user16__5-3-3,user16,1,20,23,23,False,False,both_wrong
train__c20__user16__7-3-1,user16,1,20,20,20,True,True,both_correct
train__c20__user16__7-3-2,user16,1,20,20,20,True,True,both_correct
train__c20__user16__7-3-3,user16,1,20,20,20,True,True,both_correct
train__c20__user18__2-1-1,user18,0,20,6,23,False,False,both_wrong
train__c20__user18__2-1-2,user18,0,20,6,6,False,False,both_wrong
train__c20__user18__2-1-3,user18,0,20,6,27,False,False,both_wrong
train__c20__user18__5-1-1,user18,0,20,23,26,False,False,both_wrong
train__c20__user18__5-1-2,user18,0,20,6,23,False,False,both_wrong
train__c20__user18__5-1-3,user18,0,20,23,23,False,False,both_wrong
train__c20__user18__6-2-1,user18,0,20,31,23,False,False,both_wrong
train__c20__user18__6-2-2,user18,0,20,31,27,False,False,both_wrong
train__c20__user18__6-2-3,user18,0,20,31,23,False,False,both_wrong
train__c20__user19__4-1-1,user19,2,20,20,20,True,True,both_correct
train__c20__user19__4-1-2,user19,2,20,20,20,True,True,both_correct
train__c20__user19__4-1-3,user19,2,20,20,20,True,True,both_correct
train__c20__user19__5-3-1,user19,2,20,20,28,True,False,e1_only
train__c20__user19__5-3-2,user19,2,20,20,31,True,False,e1_only
train__c20__user19__5-3-3,user19,2,20,20,20,True,True,both_correct
train__c20__user1__3-2-1,user1,1,20,11,11,False,False,both_wrong
train__c20__user1__3-2-2,user1,1,20,11,17,False,False,both_wrong
train__c20__user1__3-2-3,user1,1,20,17,18,False,False,both_wrong
train__c20__user1__5-1-1,user1,1,20,6,6,False,False,both_wrong
train__c20__user1__5-1-2,user1,1,20,20,21,True,False,e1_only
train__c20__user1__5-1-3,user1,1,20,6,20,False,True,e2_only
train__c20__user20__1-1-1,user20,0,20,6,6,False,False,both_wrong
train__c20__user20__1-1-2,user20,0,20,31,31,False,False,both_wrong
train__c20__user20__1-1-3,user20,0,20,6,6,False,False,both_wrong
train__c20__user20__2-2-1,user20,0,20,20,23,True,False,e1_only
train__c20__user20__2-2-2,user20,0,20,23,23,False,False,both_wrong
train__c20__user20__2-2-3,user20,0,20,20,20,True,True,both_correct
train__c20__user20__4-1-1,user20,0,20,23,23,False,False,both_wrong
train__c20__user20__4-1-2,user20,0,20,23,23,False,False,both_wrong
train__c20__user20__4-1-3,user20,0,20,6,23,False,False,both_wrong
train__c20__user20__5-1-1,user20,0,20,20,20,True,True,both_correct
train__c20__user20__5-1-2,user20,0,20,20,20,True,True,both_correct
train__c20__user20__5-1-3,user20,0,20,20,23,True,False,e1_only
train__c20__user21__2-2-1,user21,0,20,9,9,False,False,both_wrong
train__c20__user21__2-2-2,user21,0,20,9,9,False,False,both_wrong
train__c20__user21__2-2-3,user21,0,20,6,38,False,False,both_wrong
train__c20__user21__6-2-1,user21,0,20,7,7,False,False,both_wrong
train__c20__user21__6-2-2,user21,0,20,7,7,False,False,both_wrong
train__c20__user21__6-2-3,user21,0,20,7,7,False,False,both_wrong
train__c20__user22__6-1-1,user22,2,20,6,6,False,False,both_wrong
train__c20__user22__6-1-2,user22,2,20,38,6,False,False,both_wrong
train__c20__user22__6-1-3,user22,2,20,7,6,False,False,both_wrong
train__c20__user5__4-1-1,user5,2,20,22,22,False,False,both_wrong
train__c20__user5__4-1-2,user5,2,20,22,22,False,False,both_wrong
train__c20__user5__4-1-3,user5,2,20,22,22,False,False,both_wrong
train__c20__user6__4-1-1,user6,2,20,21,21,False,False,both_wrong
train__c20__user6__4-1-2,user6,2,20,21,21,False,False,both_wrong
train__c20__user6__4-1-3,user6,2,20,21,21,False,False,both_wrong
train__c20__user6__5-3-1,user6,2,20,19,24,False,False,both_wrong
train__c20__user6__5-3-2,user6,2,20,19,26,False,False,both_wrong
train__c20__user6__5-3-3,user6,2,20,15,15,False,False,both_wrong
train__c20__user6__6-2-1,user6,2,20,4,4,False,False,both_wrong
train__c20__user6__6-2-2,user6,2,20,4,4,False,False,both_wrong
train__c20__user6__6-2-3,user6,2,20,4,4,False,False,both_wrong
train__c20__user6__7-3-1,user6,2,20,31,3,False,False,both_wrong
train__c20__user6__7-3-2,user6,2,20,31,3,False,False,both_wrong
train__c20__user6__7-3-3,user6,2,20,34,34,False,False,both_wrong
train__c20__user7__4-1-1,user7,2,20,20,20,True,True,both_correct
train__c20__user7__4-1-2,user7,2,20,20,20,True,True,both_correct
train__c20__user7__4-1-3,user7,2,20,29,29,False,False,both_wrong
train__c20__user8__2-1-1,user8,1,20,8,15,False,False,both_wrong
train__c20__user8__2-1-2,user8,1,20,10,15,False,False,both_wrong
train__c20__user8__2-1-3,user8,1,20,15,8,False,False,both_wrong
train__c20__user8__5-1-1,user8,1,20,7,7,False,False,both_wrong
train__c20__user8__5-1-2,user8,1,20,26,26,False,False,both_wrong
train__c20__user8__5-1-3,user8,1,20,12,16,False,False,both_wrong
train__c20__user8__6-2-1,user8,1,20,12,12,False,False,both_wrong
train__c20__user9__5-3-1,user9,0,20,20,28,True,False,e1_only
train__c20__user9__5-3-2,user9,0,20,20,28,True,False,e1_only
train__c20__user9__5-3-3,user9,0,20,29,29,False,False,both_wrong
train__c20__user9__6-1-1,user9,0,20,20,20,True,True,both_correct
train__c20__user9__6-1-2,user9,0,20,21,21,False,False,both_wrong
train__c20__user9__6-1-3,user9,0,20,32,20,False,True,e2_only
train__c21__user16__4-1-1,user16,1,21,10,21,False,True,e2_only
train__c21__user16__4-1-2,user16,1,21,22,21,False,True,e2_only
train__c21__user16__4-1-3,user16,1,21,21,21,True,True,both_correct
train__c21__user16__7-3-1,user16,1,21,22,22,False,False,both_wrong
train__c21__user16__7-3-2,user16,1,21,22,21,False,True,e2_only
train__c21__user16__7-3-3,user16,1,21,22,22,False,False,both_wrong
train__c21__user18__1-2-1,user18,0,21,29,35,False,False,both_wrong
train__c21__user18__1-2-2,user18,0,21,34,34,False,False,both_wrong
train__c21__user18__1-2-3,user18,0,21,34,35,False,False,both_wrong
train__c21__user18__4-1-1,user18,0,21,17,17,False,False,both_wrong
train__c21__user18__4-1-2,user18,0,21,17,22,False,False,both_wrong
train__c21__user18__4-1-3,user18,0,21,22,22,False,False,both_wrong
train__c21__user19__4-1-1,user19,2,21,21,22,True,False,e1_only
train__c21__user19__4-1-2,user19,2,21,21,22,True,False,e1_only
train__c21__user19__4-1-3,user19,2,21,23,19,False,False,both_wrong
train__c21__user1__6-2-1,user1,1,21,17,17,False,False,both_wrong
train__c21__user1__6-2-2,user1,1,21,10,17,False,False,both_wrong
train__c21__user1__6-2-3,user1,1,21,9,9,False,False,both_wrong
train__c21__user20__4-1-1,user20,0,21,23,26,False,False,both_wrong
train__c21__user20__4-1-2,user20,0,21,23,23,False,False,both_wrong
train__c21__user20__4-1-3,user20,0,21,23,23,False,False,both_wrong
train__c21__user22__1-2-1,user22,2,21,21,21,True,True,both_correct
train__c21__user22__1-2-2,user22,2,21,21,21,True,True,both_correct
train__c21__user22__1-2-3,user22,2,21,21,21,True,True,both_correct
train__c21__user22__4-1-1,user22,2,21,17,11,False,False,both_wrong
train__c21__user22__4-1-2,user22,2,21,32,32,False,False,both_wrong
train__c21__user22__4-1-3,user22,2,21,17,11,False,False,both_wrong
train__c21__user2__3-2-2,user2,1,21,21,21,True,True,both_correct
train__c21__user2__3-2-3,user2,1,21,6,10,False,False,both_wrong
train__c21__user3__4-1-1,user3,0,21,26,26,False,False,both_wrong
train__c21__user3__4-1-2,user3,0,21,22,26,False,False,both_wrong
train__c21__user3__4-1-3,user3,0,21,22,26,False,False,both_wrong
train__c21__user3__5-2-1,user3,0,21,26,26,False,False,both_wrong
train__c21__user3__5-2-2,user3,0,21,26,26,False,False,both_wrong
train__c21__user3__5-2-3,user3,0,21,22,26,False,False,both_wrong
train__c21__user3__6-2-2,user3,0,21,7,7,False,False,both_wrong
train__c21__user3__6-2-3,user3,0,21,20,20,False,False,both_wrong
train__c21__user6__4-1-1,user6,2,21,21,22,True,False,e1_only
train__c21__user6__4-1-2,user6,2,21,21,22,True,False,e1_only
train__c21__user6__4-1-3,user6,2,21,22,22,False,False,both_wrong
train__c21__user6__7-3-1,user6,2,21,22,22,False,False,both_wrong
train__c21__user6__7-3-2,user6,2,21,22,22,False,False,both_wrong
train__c21__user6__7-3-3,user6,2,21,22,22,False,False,both_wrong
train__c21__user7__4-1-1,user7,2,21,21,21,True,True,both_correct
train__c21__user7__4-1-2,user7,2,21,21,21,True,True,both_correct
train__c21__user7__4-1-3,user7,2,21,29,35,False,False,both_wrong
train__c21__user8__1-2-1,user8,1,21,24,24,False,False,both_wrong
train__c21__user8__1-2-2,user8,1,21,24,24,False,False,both_wrong
train__c21__user8__1-2-3,user8,1,21,24,24,False,False,both_wrong
train__c21__user8__4-1-1,user8,1,21,21,21,True,True,both_correct
train__c21__user8__4-1-2,user8,1,21,21,21,True,True,both_correct
train__c21__user8__4-1-3,user8,1,21,22,21,False,True,e2_only
train__c21__user9__4-1-1,user9,0,21,21,21,True,True,both_correct
train__c21__user9__4-1-2,user9,0,21,21,21,True,True,both_correct
train__c21__user9__4-1-3,user9,0,21,32,29,False,False,both_wrong
train__c21__user9__6-1-1,user9,0,21,21,21,True,True,both_correct
train__c21__user9__6-1-2,user9,0,21,21,21,True,True,both_correct
train__c21__user9__6-1-3,user9,0,21,21,21,True,True,both_correct
train__c22__user16__4-1-1,user16,1,22,21,21,False,False,both_wrong
train__c22__user16__4-1-2,user16,1,22,22,21,True,False,e1_only
train__c22__user16__4-1-3,user16,1,22,21,21,False,False,both_wrong
train__c22__user16__7-3-1,user16,1,22,22,22,True,True,both_correct
train__c22__user16__7-3-2,user16,1,22,22,21,True,False,e1_only
train__c22__user16__7-3-3,user16,1,22,22,21,True,False,e1_only
train__c22__user18__1-2-1,user18,0,22,6,6,False,False,both_wrong
train__c22__user18__1-2-2,user18,0,22,34,34,False,False,both_wrong
train__c22__user18__1-2-3,user18,0,22,23,27,False,False,both_wrong
train__c22__user18__4-1-1,user18,0,22,17,17,False,False,both_wrong
train__c22__user18__4-1-2,user18,0,22,17,22,False,True,e2_only
train__c22__user18__4-1-3,user18,0,22,22,22,True,True,both_correct
train__c22__user1__6-2-1,user1,1,22,17,17,False,False,both_wrong
train__c22__user1__6-2-2,user1,1,22,10,17,False,False,both_wrong
train__c22__user1__6-2-3,user1,1,22,9,10,False,False,both_wrong
train__c22__user20__2-2-1,user20,0,22,17,21,False,False,both_wrong
train__c22__user20__2-2-2,user20,0,22,21,21,False,False,both_wrong
train__c22__user20__2-2-3,user20,0,22,21,21,False,False,both_wrong
train__c22__user20__4-1-1,user20,0,22,23,26,False,False,both_wrong
train__c22__user20__4-1-2,user20,0,22,23,26,False,False,both_wrong
train__c22__user20__4-1-3,user20,0,22,22,26,True,False,e1_only
train__c22__user21__2-2-1,user21,0,22,8,8,False,False,both_wrong
train__c22__user21__2-2-2,user21,0,22,8,8,False,False,both_wrong
train__c22__user21__2-2-3,user21,0,22,8,8,False,False,both_wrong
train__c22__user22__4-1-1,user22,2,22,11,11,False,False,both_wrong
train__c22__user22__4-1-2,user22,2,22,11,11,False,False,both_wrong
train__c22__user22__4-1-3,user22,2,22,11,24,False,False,both_wrong
train__c22__user2__3-2-2,user2,1,22,21,21,False,False,both_wrong
train__c22__user2__3-2-3,user2,1,22,38,10,False,False,both_wrong
train__c22__user3__4-1-1,user3,0,22,22,26,True,False,e1_only
train__c22__user3__4-1-2,user3,0,22,22,26,True,False,e1_only
train__c22__user3__4-1-3,user3,0,22,22,26,True,False,e1_only
train__c22__user3__5-2-1,user3,0,22,26,26,False,False,both_wrong
train__c22__user3__5-2-2,user3,0,22,26,26,False,False,both_wrong
train__c22__user3__5-2-3,user3,0,22,22,26,True,False,e1_only
train__c22__user5__2-1-1,user5,2,22,22,22,True,True,both_correct
train__c22__user5__2-1-2,user5,2,22,17,17,False,False,both_wrong
train__c22__user5__2-1-3,user5,2,22,17,17,False,False,both_wrong
train__c22__user6__4-1-1,user6,2,22,21,22,False,True,e2_only
train__c22__user6__4-1-2,user6,2,22,21,22,False,True,e2_only
train__c22__user6__4-1-3,user6,2,22,22,22,True,True,both_correct
train__c22__user6__7-3-1,user6,2,22,22,22,True,True,both_correct
train__c22__user6__7-3-2,user6,2,22,22,22,True,True,both_correct
train__c22__user6__7-3-3,user6,2,22,22,22,True,True,both_correct
train__c22__user8__4-1-1,user8,1,22,21,21,False,False,both_wrong
train__c22__user8__4-1-2,user8,1,22,21,21,False,False,both_wrong
train__c22__user8__4-1-3,user8,1,22,22,21,True,False,e1_only
train__c22__user8__6-2-1,user8,1,22,24,24,False,False,both_wrong
train__c22__user8__6-2-2,user8,1,22,24,24,False,False,both_wrong
train__c22__user8__6-2-3,user8,1,22,24,24,False,False,both_wrong
train__c23__user16__4-1-1,user16,1,23,23,23,True,True,both_correct
train__c23__user16__4-1-2,user16,1,23,23,23,True,True,both_correct
train__c23__user16__4-1-3,user16,1,23,23,23,True,True,both_correct
train__c23__user16__5-1-1,user16,1,23,26,33,False,False,both_wrong
train__c23__user16__5-1-2,user16,1,23,26,19,False,False,both_wrong
train__c23__user16__5-1-3,user16,1,23,26,19,False,False,both_wrong
train__c23__user18__1-2-1,user18,0,23,29,29,False,False,both_wrong
train__c23__user18__1-2-2,user18,0,23,23,33,True,False,e1_only
train__c23__user18__1-2-3,user18,0,23,23,27,True,False,e1_only
train__c23__user19__1-2-1,user19,2,23,23,23,True,True,both_correct
train__c23__user19__1-2-2,user19,2,23,23,23,True,True,both_correct
train__c23__user19__1-2-3,user19,2,23,23,23,True,True,both_correct
train__c23__user19__3-3-1,user19,2,23,23,23,True,True,both_correct
train__c23__user19__3-3-2,user19,2,23,23,23,True,True,both_correct
train__c23__user19__3-3-3,user19,2,23,23,19,True,False,e1_only
train__c23__user1__5-1-1,user1,1,23,21,21,False,False,both_wrong
train__c23__user1__5-1-2,user1,1,23,32,17,False,False,both_wrong
train__c23__user1__5-1-3,user1,1,23,17,17,False,False,both_wrong
train__c23__user20__6-3-1,user20,0,23,23,23,True,True,both_correct
train__c23__user20__6-3-2,user20,0,23,23,23,True,True,both_correct
train__c23__user20__6-3-3,user20,0,23,6,6,False,False,both_wrong
train__c23__user21__1-2-1,user21,0,23,6,6,False,False,both_wrong
train__c23__user21__1-2-2,user21,0,23,23,23,True,True,both_correct
train__c23__user21__1-2-3,user21,0,23,6,6,False,False,both_wrong
train__c23__user21__5-2-1,user21,0,23,6,6,False,False,both_wrong
train__c23__user21__5-2-2,user21,0,23,6,7,False,False,both_wrong
train__c23__user21__5-2-3,user21,0,23,6,7,False,False,both_wrong
train__c23__user22__1-2-1,user22,2,23,23,23,True,True,both_correct
train__c23__user22__1-2-2,user22,2,23,23,23,True,True,both_correct
train__c23__user22__1-2-3,user22,2,23,23,23,True,True,both_correct
train__c23__user2__6-1-2,user2,1,23,23,23,True,True,both_correct
train__c23__user2__7-3-1,user2,1,23,23,23,True,True,both_correct
train__c23__user2__7-3-2,user2,1,23,23,23,True,True,both_correct
train__c23__user2__7-3-3,user2,1,23,23,23,True,True,both_correct
train__c23__user3__1-2-1,user3,0,23,36,36,False,False,both_wrong
train__c23__user3__1-2-2,user3,0,23,36,36,False,False,both_wrong
train__c23__user3__3-2-1,user3,0,23,7,26,False,False,both_wrong
train__c23__user3__3-2-2,user3,0,23,7,26,False,False,both_wrong
train__c23__user3__3-2-3,user3,0,23,7,26,False,False,both_wrong
train__c23__user6__4-1-1,user6,2,23,23,23,True,True,both_correct
train__c23__user6__4-1-2,user6,2,23,23,23,True,True,both_correct
train__c23__user6__4-1-3,user6,2,23,23,23,True,True,both_correct
train__c23__user7__6-2-1,user7,2,23,31,31,False,False,both_wrong
train__c23__user7__6-2-2,user7,2,23,20,20,False,False,both_wrong
train__c23__user7__6-2-3,user7,2,23,31,31,False,False,both_wrong
train__c23__user7__7-1-1,user7,2,23,31,31,False,False,both_wrong
train__c23__user7__7-1-2,user7,2,23,20,23,False,True,e2_only
train__c23__user7__7-1-3,user7,2,23,31,31,False,False,both_wrong
train__c23__user8__2-1-1,user8,1,23,7,7,False,False,both_wrong
train__c23__user8__2-1-2,user8,1,23,27,27,False,False,both_wrong
train__c23__user8__2-1-3,user8,1,23,7,7,False,False,both_wrong
train__c23__user8__4-1-3,user8,1,23,22,22,False,False,both_wrong
train__c23__user9__1-2-1,user9,0,23,23,23,True,True,both_correct
train__c23__user9__1-2-2,user9,0,23,23,23,True,True,both_correct
train__c23__user9__1-2-3,user9,0,23,23,23,True,True,both_correct
train__c23__user9__3-3-1,user9,0,23,6,31,False,False,both_wrong
train__c23__user9__3-3-2,user9,0,23,6,6,False,False,both_wrong
train__c23__user9__3-3-3,user9,0,23,6,6,False,False,both_wrong
train__c24__user16__6-2-1,user16,1,24,11,11,False,False,both_wrong
train__c24__user16__6-2-2,user16,1,24,11,11,False,False,both_wrong
train__c24__user16__6-2-3,user16,1,24,7,11,False,False,both_wrong
train__c24__user20__4-1-1,user20,0,24,6,26,False,False,both_wrong
train__c24__user20__4-1-2,user20,0,24,23,26,False,False,both_wrong
train__c24__user20__4-1-3,user20,0,24,23,23,False,False,both_wrong
train__c24__user21__1-2-1,user21,0,24,8,8,False,False,both_wrong
train__c24__user21__1-2-2,user21,0,24,22,22,False,False,both_wrong
train__c24__user21__1-2-3,user21,0,24,6,8,False,False,both_wrong
train__c24__user21__4-1-1,user21,0,24,26,26,False,False,both_wrong
train__c24__user21__4-1-2,user21,0,24,7,19,False,False,both_wrong
train__c24__user21__4-1-3,user21,0,24,19,19,False,False,both_wrong
train__c24__user21__5-2-1,user21,0,24,7,7,False,False,both_wrong
train__c24__user21__5-2-2,user21,0,24,7,24,False,True,e2_only
train__c24__user21__5-2-3,user21,0,24,7,19,False,False,both_wrong
train__c24__user22__5-2-1,user22,2,24,19,19,False,False,both_wrong
train__c24__user22__5-2-2,user22,2,24,24,24,True,True,both_correct
train__c24__user22__5-2-3,user22,2,24,24,24,True,True,both_correct
train__c24__user2__6-1-1,user2,1,24,22,22,False,False,both_wrong
train__c24__user2__6-1-2,user2,1,24,22,22,False,False,both_wrong
train__c24__user2__7-3-1,user2,1,24,7,22,False,False,both_wrong
train__c24__user2__7-3-2,user2,1,24,10,10,False,False,both_wrong
train__c24__user2__7-3-3,user2,1,24,10,22,False,False,both_wrong
train__c24__user6__5-1-1,user6,2,24,33,33,False,False,both_wrong
train__c24__user6__5-1-2,user6,2,24,21,26,False,False,both_wrong
train__c24__user6__5-1-3,user6,2,24,11,15,False,False,both_wrong
train__c24__user6__6-2-1,user6,2,24,4,4,False,False,both_wrong
train__c24__user6__6-2-2,user6,2,24,4,4,False,False,both_wrong
train__c24__user6__6-2-3,user6,2,24,4,4,False,False,both_wrong
train__c24__user7__1-2-1,user7,2,24,19,26,False,False,both_wrong
train__c24__user7__1-2-2,user7,2,24,20,3,False,False,both_wrong
train__c24__user7__1-2-3,user7,2,24,27,3,False,False,both_wrong
train__c25__user1__5-1-1,user1,1,25,20,20,False,False,both_wrong
train__c25__user1__5-1-2,user1,1,25,17,17,False,False,both_wrong
train__c25__user1__5-1-3,user1,1,25,10,39,False,False,both_wrong
train__c25__user7__5-1-1,user7,2,25,20,27,False,False,both_wrong
train__c25__user7__5-1-2,user7,2,25,20,27,False,False,both_wrong
train__c25__user7__5-1-3,user7,2,25,20,27,False,False,both_wrong
train__c26__user16__5-3-1,user16,1,26,21,11,False,False,both_wrong
train__c26__user16__5-3-2,user16,1,26,7,19,False,False,both_wrong
train__c26__user16__5-3-3,user16,1,26,7,19,False,False,both_wrong
train__c26__user19__3-1-1,user19,2,26,17,17,False,False,both_wrong
train__c26__user19__3-1-2,user19,2,26,17,17,False,False,both_wrong
train__c26__user19__3-1-3,user19,2,26,17,17,False,False,both_wrong
train__c26__user19__5-1-1,user19,2,26,22,22,False,False,both_wrong
train__c26__user19__5-1-2,user19,2,26,22,22,False,False,both_wrong
train__c26__user19__5-1-3,user19,2,26,22,22,False,False,both_wrong
train__c26__user19__5-3-1,user19,2,26,22,22,False,False,both_wrong
train__c26__user19__5-3-2,user19,2,26,23,22,False,False,both_wrong
train__c26__user19__6-2-1,user19,2,26,33,33,False,False,both_wrong
train__c26__user19__6-2-2,user19,2,26,33,33,False,False,both_wrong
train__c26__user19__6-2-3,user19,2,26,33,33,False,False,both_wrong
train__c26__user6__5-3-1,user6,2,26,19,24,False,False,both_wrong
train__c26__user6__5-3-2,user6,2,26,19,24,False,False,both_wrong
train__c26__user9__3-1-1,user9,0,26,24,24,False,False,both_wrong
train__c26__user9__3-1-2,user9,0,26,19,19,False,False,both_wrong
train__c26__user9__3-1-3,user9,0,26,19,19,False,False,both_wrong
train__c26__user9__5-1-1,user9,0,26,22,22,False,False,both_wrong
train__c26__user9__5-1-2,user9,0,26,22,22,False,False,both_wrong
train__c26__user9__5-1-3,user9,0,26,22,22,False,False,both_wrong
train__c26__user9__5-3-1,user9,0,26,22,22,False,False,both_wrong
train__c26__user9__5-3-2,user9,0,26,22,22,False,False,both_wrong
train__c26__user9__5-3-3,user9,0,26,22,22,False,False,both_wrong
train__c26__user9__6-2-1,user9,0,26,27,27,False,False,both_wrong
train__c26__user9__6-2-2,user9,0,26,19,19,False,False,both_wrong
train__c26__user9__6-2-3,user9,0,26,19,19,False,False,both_wrong
train__c27__user18__1-2-1,user18,0,27,6,6,False,False,both_wrong
train__c27__user18__1-2-2,user18,0,27,31,31,False,False,both_wrong
train__c27__user18__1-2-3,user18,0,27,29,35,False,False,both_wrong
train__c27__user19__6-2-1,user19,2,27,33,33,False,False,both_wrong
train__c27__user19__6-2-2,user19,2,27,33,33,False,False,both_wrong
train__c27__user19__6-2-3,user19,2,27,33,33,False,False,both_wrong
train__c27__user1__5-1-1,user1,1,27,20,20,False,False,both_wrong
train__c27__user1__5-1-2,user1,1,27,20,20,False,False,both_wrong
train__c27__user1__5-1-3,user1,1,27,6,20,False,False,both_wrong
train__c27__user20__7-2-1,user20,0,27,6,6,False,False,both_wrong
train__c27__user20__7-2-2,user20,0,27,6,6,False,False,both_wrong
train__c27__user20__7-2-3,user20,0,27,6,6,False,False,both_wrong
train__c27__user21__5-1-1,user21,0,27,6,6,False,False,both_wrong
train__c27__user21__5-1-2,user21,0,27,7,7,False,False,both_wrong
train__c27__user21__5-1-3,user21,0,27,7,7,False,False,both_wrong
train__c27__user22__4-2-1,user22,2,27,0,4,False,False,both_wrong
train__c27__user22__4-2-2,user22,2,27,0,0,False,False,both_wrong
train__c27__user22__4-2-3,user22,2,27,1,27,False,True,e2_only
train__c27__user7__1-2-1,user7,2,27,26,26,False,False,both_wrong
train__c27__user7__1-2-2,user7,2,27,20,26,False,False,both_wrong
train__c27__user7__1-2-3,user7,2,27,27,27,True,True,both_correct
train__c27__user8__1-2-1,user8,1,27,27,27,True,True,both_correct
train__c27__user8__1-2-2,user8,1,27,27,27,True,True,both_correct
train__c27__user8__1-2-3,user8,1,27,27,27,True,True,both_correct
train__c27__user9__6-2-1,user9,0,27,27,27,True,True,both_correct
train__c27__user9__6-2-2,user9,0,27,27,27,True,True,both_correct
train__c27__user9__6-2-3,user9,0,27,23,27,False,True,e2_only
train__c28__user16__4-1-1,user16,1,28,36,3,False,False,both_wrong
train__c28__user16__4-1-2,user16,1,28,32,28,False,True,e2_only
train__c28__user16__4-1-3,user16,1,28,36,28,False,True,e2_only
train__c28__user18__5-1-1,user18,0,28,28,28,True,True,both_correct
train__c28__user18__5-1-2,user18,0,28,28,28,True,True,both_correct
train__c28__user18__5-1-3,user18,0,28,36,36,False,False,both_wrong
train__c28__user22__7-2-1,user22,2,28,28,28,True,True,both_correct
train__c28__user22__7-2-2,user22,2,28,28,28,True,True,both_correct
train__c28__user22__7-2-3,user22,2,28,28,28,True,True,both_correct
train__c28__user2__5-1-1,user2,1,28,28,28,True,True,both_correct
train__c28__user2__5-1-2,user2,1,28,28,28,True,True,both_correct
train__c28__user2__5-1-3,user2,1,28,28,28,True,True,both_correct
train__c28__user2__6-1-1,user2,1,28,28,28,True,True,both_correct
train__c28__user2__6-1-2,user2,1,28,28,28,True,True,both_correct
train__c28__user3__2-1-1,user3,0,28,28,28,True,True,both_correct
train__c28__user3__2-1-2,user3,0,28,30,30,False,False,both_wrong
train__c28__user3__2-1-3,user3,0,28,28,28,True,True,both_correct
train__c28__user6__4-1-1,user6,2,28,12,13,False,False,both_wrong
train__c28__user6__4-1-2,user6,2,28,31,38,False,False,both_wrong
train__c28__user6__4-1-3,user6,2,28,31,31,False,False,both_wrong
train__c28__user7__3-1-1,user7,2,28,28,28,True,True,both_correct
train__c28__user7__3-1-2,user7,2,28,28,28,True,True,both_correct
train__c28__user7__3-1-3,user7,2,28,28,28,True,True,both_correct
train__c28__user8__5-1-1,user8,1,28,28,28,True,True,both_correct
train__c28__user8__5-1-2,user8,1,28,28,28,True,True,both_correct
train__c28__user8__5-1-3,user8,1,28,28,28,True,True,both_correct
train__c29__user16__3-1-1,user16,1,29,6,6,False,False,both_wrong
train__c29__user16__3-1-2,user16,1,29,6,6,False,False,both_wrong
train__c29__user16__3-1-3,user16,1,29,29,29,True,True,both_correct
train__c29__user18__6-1-1,user18,0,29,34,32,False,False,both_wrong
train__c29__user18__6-1-2,user18,0,29,34,34,False,False,both_wrong
train__c29__user18__6-1-3,user18,0,29,34,34,False,False,both_wrong
train__c29__user19__2-2-1,user19,2,29,12,35,False,False,both_wrong
train__c29__user19__2-2-2,user19,2,29,29,29,True,True,both_correct
train__c29__user19__2-2-3,user19,2,29,29,29,True,True,both_correct
train__c29__user19__3-3-1,user19,2,29,29,29,True,True,both_correct
train__c29__user19__3-3-2,user19,2,29,29,29,True,True,both_correct
train__c29__user19__3-3-3,user19,2,29,29,29,True,True,both_correct
train__c29__user19__4-2-1,user19,2,29,29,29,True,True,both_correct
train__c29__user19__4-2-2,user19,2,29,29,29,True,True,both_correct
train__c29__user19__4-2-3,user19,2,29,29,29,True,True,both_correct
train__c29__user19__5-3-1,user19,2,29,29,29,True,True,both_correct
train__c29__user19__5-3-2,user19,2,29,29,35,True,False,e1_only
train__c29__user19__5-3-3,user19,2,29,29,29,True,True,both_correct
train__c29__user1__1-1-1,user1,1,29,5,5,False,False,both_wrong
train__c29__user1__1-1-2,user1,1,29,3,3,False,False,both_wrong
train__c29__user1__1-1-3,user1,1,29,3,3,False,False,both_wrong
train__c29__user1__3-2-1,user1,1,29,36,36,False,False,both_wrong
train__c29__user1__3-2-2,user1,1,29,36,36,False,False,both_wrong
train__c29__user1__3-2-3,user1,1,29,3,3,False,False,both_wrong
train__c29__user20__1-2-1,user20,0,29,29,29,True,True,both_correct
train__c29__user20__1-2-2,user20,0,29,29,29,True,True,both_correct
train__c29__user20__1-2-3,user20,0,29,29,29,True,True,both_correct
train__c29__user20__6-1-1,user20,0,29,36,36,False,False,both_wrong
train__c29__user20__6-1-2,user20,0,29,29,29,True,True,both_correct
train__c29__user20__6-1-3,user20,0,29,29,29,True,True,both_correct
train__c29__user21__3-2-1,user21,0,29,34,34,False,False,both_wrong
train__c29__user21__3-2-2,user21,0,29,32,32,False,False,both_wrong
train__c29__user21__3-2-3,user21,0,29,29,34,True,False,e1_only
train__c29__user22__6-2-1,user22,2,29,29,29,True,True,both_correct
train__c29__user22__6-2-2,user22,2,29,29,28,True,False,e1_only
train__c29__user22__6-2-3,user22,2,29,23,29,False,True,e2_only
train__c29__user2__2-2-1,user2,1,29,15,15,False,False,both_wrong
train__c29__user2__2-2-2,user2,1,29,34,34,False,False,both_wrong
train__c29__user2__2-2-3,user2,1,29,34,34,False,False,both_wrong
train__c29__user2__5-1-1,user2,1,29,29,31,True,False,e1_only
train__c29__user2__5-1-2,user2,1,29,29,31,True,False,e1_only
train__c29__user2__5-1-3,user2,1,29,29,29,True,True,both_correct
train__c29__user3__2-1-1,user3,0,29,29,29,True,True,both_correct
train__c29__user3__2-1-2,user3,0,29,29,29,True,True,both_correct
train__c29__user3__2-1-3,user3,0,29,29,29,True,True,both_correct
train__c29__user6__3-1-1,user6,2,29,35,35,False,False,both_wrong
train__c29__user6__3-1-2,user6,2,29,29,29,True,True,both_correct
train__c29__user6__3-1-3,user6,2,29,29,29,True,True,both_correct
train__c29__user7__4-1-1,user7,2,29,29,29,True,True,both_correct
train__c29__user7__4-1-2,user7,2,29,34,29,False,True,e2_only
train__c29__user7__4-1-3,user7,2,29,29,29,True,True,both_correct
train__c29__user9__2-2-1,user9,0,29,32,34,False,False,both_wrong
train__c29__user9__2-2-2,user9,0,29,32,34,False,False,both_wrong
train__c29__user9__2-2-3,user9,0,29,34,34,False,False,both_wrong
train__c29__user9__3-3-1,user9,0,29,29,29,True,True,both_correct
train__c29__user9__3-3-2,user9,0,29,23,31,False,False,both_wrong
train__c29__user9__3-3-3,user9,0,29,23,31,False,False,both_wrong
train__c29__user9__4-2-2,user9,0,29,29,29,True,True,both_correct
train__c29__user9__4-2-3,user9,0,29,29,29,True,True,both_correct
train__c29__user9__5-3-1,user9,0,29,29,29,True,True,both_correct
train__c29__user9__5-3-2,user9,0,29,29,29,True,True,both_correct
train__c29__user9__5-3-3,user9,0,29,29,29,True,True,both_correct
train__c30__user16__6-1-1,user16,1,30,30,30,True,True,both_correct
train__c30__user16__6-1-2,user16,1,30,30,30,True,True,both_correct
train__c30__user16__6-1-3,user16,1,30,30,30,True,True,both_correct
train__c30__user18__6-2-1,user18,0,30,30,30,True,True,both_correct
train__c30__user18__6-2-2,user18,0,30,30,30,True,True,both_correct
train__c30__user18__6-2-3,user18,0,30,30,30,True,True,both_correct
train__c30__user19__2-2-1,user19,2,30,30,30,True,True,both_correct
train__c30__user19__2-2-2,user19,2,30,30,30,True,True,both_correct
train__c30__user19__2-2-3,user19,2,30,30,30,True,True,both_correct
train__c30__user1__1-1-1,user1,1,30,31,5,False,False,both_wrong
train__c30__user1__1-1-2,user1,1,30,3,5,False,False,both_wrong
train__c30__user1__1-1-3,user1,1,30,31,30,False,True,e2_only
train__c30__user20__6-1-1,user20,0,30,30,30,True,True,both_correct
train__c30__user20__6-1-2,user20,0,30,30,30,True,True,both_correct
train__c30__user20__6-1-3,user20,0,30,30,30,True,True,both_correct
train__c30__user21__3-2-1,user21,0,30,31,31,False,False,both_wrong
train__c30__user21__3-2-2,user21,0,30,30,30,True,True,both_correct
train__c30__user21__3-2-3,user21,0,30,31,31,False,False,both_wrong
train__c30__user22__6-2-1,user22,2,30,30,30,True,True,both_correct
train__c30__user22__6-2-2,user22,2,30,30,30,True,True,both_correct
train__c30__user22__6-2-3,user22,2,30,30,30,True,True,both_correct
train__c30__user2__5-1-1,user2,1,30,30,30,True,True,both_correct
train__c30__user2__5-1-2,user2,1,30,30,30,True,True,both_correct
train__c30__user2__5-1-3,user2,1,30,31,31,False,False,both_wrong
train__c30__user2__6-1-1,user2,1,30,30,30,True,True,both_correct
train__c30__user2__6-1-2,user2,1,30,30,30,True,True,both_correct
train__c30__user6__6-1-1,user6,2,30,30,30,True,True,both_correct
train__c30__user6__6-1-2,user6,2,30,30,30,True,True,both_correct
train__c30__user6__6-1-3,user6,2,30,30,30,True,True,both_correct
train__c30__user7__2-2-1,user7,2,30,30,30,True,True,both_correct
train__c30__user7__2-2-2,user7,2,30,30,30,True,True,both_correct
train__c30__user7__2-2-3,user7,2,30,30,30,True,True,both_correct
train__c30__user8__6-2-1,user8,1,30,30,30,True,True,both_correct
train__c30__user8__6-2-2,user8,1,30,30,30,True,True,both_correct
train__c30__user8__6-2-3,user8,1,30,30,30,True,True,both_correct
train__c30__user9__2-2-1,user9,0,30,30,30,True,True,both_correct
train__c30__user9__2-2-2,user9,0,30,30,30,True,True,both_correct
train__c30__user9__2-2-3,user9,0,30,31,31,False,False,both_wrong
train__c31__user18__5-1-1,user18,0,31,31,31,True,True,both_correct
train__c31__user18__5-1-2,user18,0,31,31,31,True,True,both_correct
train__c31__user18__5-1-3,user18,0,31,30,29,False,False,both_wrong
train__c31__user18__6-1-1,user18,0,31,6,31,False,True,e2_only
train__c31__user18__6-1-2,user18,0,31,31,31,True,True,both_correct
train__c31__user18__6-1-3,user18,0,31,31,31,True,True,both_correct
train__c31__user18__6-2-1,user18,0,31,31,31,True,True,both_correct
train__c31__user18__6-2-2,user18,0,31,31,31,True,True,both_correct
train__c31__user18__6-2-3,user18,0,31,31,31,True,True,both_correct
train__c31__user19__1-1-1,user19,2,31,31,5,True,False,e1_only
train__c31__user19__1-1-2,user19,2,31,31,5,True,False,e1_only
train__c31__user19__1-1-3,user19,2,31,5,2,False,False,both_wrong
train__c31__user19__4-2-1,user19,2,31,31,31,True,True,both_correct
train__c31__user19__4-2-2,user19,2,31,31,31,True,True,both_correct
train__c31__user19__4-2-3,user19,2,31,31,31,True,True,both_correct
train__c31__user1__7-1-1,user1,1,31,31,23,True,False,e1_only
train__c31__user1__7-1-2,user1,1,31,31,31,True,True,both_correct
train__c31__user1__7-1-3,user1,1,31,31,31,True,True,both_correct
train__c31__user20__1-2-1,user20,0,31,31,31,True,True,both_correct
train__c31__user20__1-2-2,user20,0,31,31,31,True,True,both_correct
train__c31__user20__1-2-3,user20,0,31,31,31,True,True,both_correct
train__c31__user22__3-2-1,user22,2,31,31,31,True,True,both_correct
train__c31__user22__3-2-2,user22,2,31,31,31,True,True,both_correct
train__c31__user22__3-2-3,user22,2,31,31,31,True,True,both_correct
train__c31__user22__6-2-1,user22,2,31,31,31,True,True,both_correct
train__c31__user22__6-2-2,user22,2,31,31,31,True,True,both_correct
train__c31__user22__6-2-3,user22,2,31,31,31,True,True,both_correct
train__c31__user22__7-3-1,user22,2,31,31,31,True,True,both_correct
train__c31__user22__7-3-2,user22,2,31,31,31,True,True,both_correct
train__c31__user22__7-3-3,user22,2,31,31,31,True,True,both_correct
train__c31__user2__1-2-1,user2,1,31,5,5,False,False,both_wrong
train__c31__user2__1-2-2,user2,1,31,5,5,False,False,both_wrong
train__c31__user2__1-2-3,user2,1,31,5,5,False,False,both_wrong
train__c31__user2__2-2-1,user2,1,31,31,31,True,True,both_correct
train__c31__user2__2-2-2,user2,1,31,30,30,False,False,both_wrong
train__c31__user2__2-2-3,user2,1,31,31,31,True,True,both_correct
train__c31__user2__6-1-1,user2,1,31,31,31,True,True,both_correct
train__c31__user2__6-1-2,user2,1,31,31,31,True,True,both_correct
train__c31__user2__7-3-1,user2,1,31,31,31,True,True,both_correct
train__c31__user2__7-3-2,user2,1,31,31,31,True,True,both_correct
train__c31__user2__7-3-3,user2,1,31,31,31,True,True,both_correct
train__c31__user3__2-1-1,user3,0,31,31,31,True,True,both_correct
train__c31__user3__2-1-2,user3,0,31,31,31,True,True,both_correct
train__c31__user3__2-1-3,user3,0,31,31,31,True,True,both_correct
train__c31__user3__7-1-1,user3,0,31,31,31,True,True,both_correct
train__c31__user3__7-1-2,user3,0,31,31,31,True,True,both_correct
train__c31__user3__7-1-3,user3,0,31,31,31,True,True,both_correct
train__c31__user7__2-2-1,user7,2,31,30,30,False,False,both_wrong
train__c31__user7__2-2-2,user7,2,31,30,30,False,False,both_wrong
train__c31__user7__2-2-3,user7,2,31,30,30,False,False,both_wrong
train__c31__user7__4-1-1,user7,2,31,31,31,True,True,both_correct
train__c31__user7__4-1-2,user7,2,31,31,5,True,False,e1_only
train__c31__user7__4-1-3,user7,2,31,31,31,True,True,both_correct
train__c31__user8__5-1-1,user8,1,31,31,31,True,True,both_correct
train__c31__user8__5-1-2,user8,1,31,31,31,True,True,both_correct
train__c31__user8__5-1-3,user8,1,31,31,31,True,True,both_correct
train__c31__user8__6-1-1,user8,1,31,8,15,False,False,both_wrong
train__c31__user8__6-1-2,user8,1,31,36,36,False,False,both_wrong
train__c31__user8__6-1-3,user8,1,31,5,15,False,False,both_wrong
train__c31__user8__6-2-1,user8,1,31,31,31,True,True,both_correct
train__c31__user8__6-2-2,user8,1,31,31,31,True,True,both_correct
train__c31__user8__6-2-3,user8,1,31,31,31,True,True,both_correct
train__c31__user9__1-1-1,user9,0,31,6,2,False,False,both_wrong
train__c31__user9__1-1-2,user9,0,31,6,6,False,False,both_wrong
train__c31__user9__1-1-3,user9,0,31,6,2,False,False,both_wrong
train__c31__user9__4-2-2,user9,0,31,31,31,True,True,both_correct
train__c31__user9__4-2-3,user9,0,31,31,31,True,True,both_correct
train__c32__user16__3-1-1,user16,1,32,12,35,False,False,both_wrong
train__c32__user16__3-1-2,user16,1,32,12,35,False,False,both_wrong
train__c32__user16__3-1-3,user16,1,32,13,32,False,True,e2_only
train__c32__user16__4-1-1,user16,1,32,32,32,True,True,both_correct
train__c32__user16__4-1-2,user16,1,32,32,32,True,True,both_correct
train__c32__user16__4-1-3,user16,1,32,32,32,True,True,both_correct
train__c32__user18__5-1-1,user18,0,32,32,32,True,True,both_correct
train__c32__user18__5-1-2,user18,0,32,32,32,True,True,both_correct
train__c32__user18__6-2-1,user18,0,32,32,32,True,True,both_correct
train__c32__user18__6-2-2,user18,0,32,32,32,True,True,both_correct
train__c32__user18__6-2-3,user18,0,32,32,32,True,True,both_correct
train__c32__user19__5-1-1,user19,2,32,32,32,True,True,both_correct
train__c32__user19__5-1-2,user19,2,32,32,32,True,True,both_correct
train__c32__user19__5-1-3,user19,2,32,32,32,True,True,both_correct
train__c32__user1__2-2-1,user1,1,32,36,32,False,True,e2_only
train__c32__user1__2-2-2,user1,1,32,36,36,False,False,both_wrong
train__c32__user1__2-2-3,user1,1,32,36,32,False,True,e2_only
train__c32__user1__3-2-1,user1,1,32,32,32,True,True,both_correct
train__c32__user1__3-2-2,user1,1,32,32,32,True,True,both_correct
train__c32__user1__3-2-3,user1,1,32,32,32,True,True,both_correct
train__c32__user1__6-2-1,user1,1,32,32,32,True,True,both_correct
train__c32__user1__6-2-2,user1,1,32,32,32,True,True,both_correct
train__c32__user1__6-2-3,user1,1,32,32,32,True,True,both_correct
train__c32__user20__6-3-1,user20,0,32,32,32,True,True,both_correct
train__c32__user20__6-3-2,user20,0,32,32,32,True,True,both_correct
train__c32__user20__6-3-3,user20,0,32,32,32,True,True,both_correct
train__c32__user21__2-2-1,user21,0,32,32,32,True,True,both_correct
train__c32__user21__2-2-2,user21,0,32,34,32,False,True,e2_only
train__c32__user21__2-2-3,user21,0,32,34,34,False,False,both_wrong
train__c32__user21__4-1-1,user21,0,32,32,32,True,True,both_correct
train__c32__user21__4-1-2,user21,0,32,32,32,True,True,both_correct
train__c32__user21__4-1-3,user21,0,32,32,32,True,True,both_correct
train__c32__user22__7-2-1,user22,2,32,12,28,False,False,both_wrong
train__c32__user22__7-2-2,user22,2,32,32,32,True,True,both_correct
train__c32__user22__7-3-1,user22,2,32,32,32,True,True,both_correct
train__c32__user22__7-3-2,user22,2,32,32,32,True,True,both_correct
train__c32__user2__4-1-1,user2,1,32,32,32,True,True,both_correct
train__c32__user2__4-1-2,user2,1,32,32,32,True,True,both_correct
train__c32__user2__4-1-3,user2,1,32,6,6,False,False,both_wrong
train__c32__user2__4-3-3,user2,1,32,5,6,False,False,both_wrong
train__c32__user2__7-3-1,user2,1,32,6,6,False,False,both_wrong
train__c32__user2__7-3-2,user2,1,32,38,20,False,False,both_wrong
train__c32__user2__7-3-3,user2,1,32,17,17,False,False,both_wrong
train__c32__user3__2-1-1,user3,0,32,32,32,True,True,both_correct
train__c32__user3__2-1-2,user3,0,32,32,32,True,True,both_correct
train__c32__user3__2-1-3,user3,0,32,32,32,True,True,both_correct
train__c32__user3__7-1-1,user3,0,32,32,32,True,True,both_correct
train__c32__user3__7-1-2,user3,0,32,32,32,True,True,both_correct
train__c32__user3__7-1-3,user3,0,32,32,32,True,True,both_correct
train__c32__user6__4-1-1,user6,2,32,32,32,True,True,both_correct
train__c32__user6__4-1-2,user6,2,32,32,32,True,True,both_correct
train__c32__user6__4-1-3,user6,2,32,16,3,False,False,both_wrong
train__c32__user7__4-1-1,user7,2,32,32,32,True,True,both_correct
train__c32__user7__4-1-2,user7,2,32,30,29,False,False,both_wrong
train__c32__user7__4-1-3,user7,2,32,32,32,True,True,both_correct
train__c32__user8__5-1-1,user8,1,32,29,29,False,False,both_wrong
train__c32__user8__5-1-2,user8,1,32,29,29,False,False,both_wrong
train__c32__user9__5-1-1,user9,0,32,34,34,False,False,both_wrong
train__c32__user9__5-1-2,user9,0,32,32,32,True,True,both_correct
train__c32__user9__5-1-3,user9,0,32,32,32,True,True,both_correct
train__c33__user16__5-3-1,user16,1,33,33,33,True,True,both_correct
train__c33__user16__5-3-2,user16,1,33,33,33,True,True,both_correct
train__c33__user16__5-3-3,user16,1,33,33,33,True,True,both_correct
train__c33__user16__6-1-1,user16,1,33,33,33,True,True,both_correct
train__c33__user16__6-1-2,user16,1,33,34,33,False,True,e2_only
train__c33__user16__6-1-3,user16,1,33,34,34,False,False,both_wrong
train__c33__user19__3-3-1,user19,2,33,32,32,False,False,both_wrong
train__c33__user19__3-3-2,user19,2,33,33,33,True,True,both_correct
train__c33__user19__3-3-3,user19,2,33,29,32,False,False,both_wrong
train__c33__user3__2-1-1,user3,0,33,33,33,True,True,both_correct
train__c33__user3__2-1-2,user3,0,33,36,36,False,False,both_wrong
train__c33__user3__2-1-3,user3,0,33,33,33,True,True,both_correct
train__c33__user6__5-3-1,user6,2,33,33,33,True,True,both_correct
train__c33__user6__5-3-2,user6,2,33,33,33,True,True,both_correct
train__c33__user6__5-3-3,user6,2,33,33,33,True,True,both_correct
train__c33__user6__6-1-1,user6,2,33,33,33,True,True,both_correct
train__c33__user6__6-1-2,user6,2,33,33,33,True,True,both_correct
train__c33__user6__6-1-3,user6,2,33,33,33,True,True,both_correct
train__c33__user7__2-2-1,user7,2,33,33,33,True,True,both_correct
train__c33__user7__2-2-2,user7,2,33,33,33,True,True,both_correct
train__c33__user7__2-2-3,user7,2,33,33,33,True,True,both_correct
train__c33__user9__3-3-1,user9,0,33,33,27,True,False,e1_only
train__c33__user9__3-3-2,user9,0,33,33,33,True,True,both_correct
train__c33__user9__3-3-3,user9,0,33,33,33,True,True,both_correct
train__c33__user9__6-2-1,user9,0,33,33,33,True,True,both_correct
train__c33__user9__6-2-2,user9,0,33,33,33,True,True,both_correct
train__c33__user9__6-2-3,user9,0,33,33,33,True,True,both_correct
train__c34__user16__4-1-1,user16,1,34,34,34,True,True,both_correct
train__c34__user16__4-1-2,user16,1,34,34,34,True,True,both_correct
train__c34__user16__4-1-3,user16,1,34,34,34,True,True,both_correct
train__c34__user16__7-1-1,user16,1,34,34,34,True,True,both_correct
train__c34__user16__7-1-2,user16,1,34,34,34,True,True,both_correct
train__c34__user16__7-1-3,user16,1,34,34,34,True,True,both_correct
train__c34__user16__7-3-1,user16,1,34,34,34,True,True,both_correct
train__c34__user16__7-3-2,user16,1,34,34,34,True,True,both_correct
train__c34__user16__7-3-3,user16,1,34,34,34,True,True,both_correct
train__c34__user18__4-1-2,user18,0,34,9,9,False,False,both_wrong
train__c34__user18__4-1-3,user18,0,34,8,9,False,False,both_wrong
train__c34__user18__5-1-3,user18,0,34,20,26,False,False,both_wrong
train__c34__user19__1-2-1,user19,2,34,34,34,True,True,both_correct
train__c34__user19__1-2-2,user19,2,34,34,34,True,True,both_correct
train__c34__user19__1-2-3,user19,2,34,34,34,True,True,both_correct
train__c34__user19__5-3-1,user19,2,34,34,34,True,True,both_correct
train__c34__user19__5-3-2,user19,2,34,34,34,True,True,both_correct
train__c34__user19__5-3-3,user19,2,34,34,34,True,True,both_correct
train__c34__user19__6-1-1,user19,2,34,34,34,True,True,both_correct
train__c34__user19__6-1-2,user19,2,34,34,34,True,True,both_correct
train__c34__user19__6-1-3,user19,2,34,34,34,True,True,both_correct
train__c34__user1__2-2-1,user1,1,34,34,34,True,True,both_correct
train__c34__user1__2-2-2,user1,1,34,34,34,True,True,both_correct
train__c34__user1__2-2-3,user1,1,34,34,34,True,True,both_correct
train__c34__user1__3-2-1,user1,1,34,34,34,True,True,both_correct
train__c34__user1__3-2-2,user1,1,34,34,34,True,True,both_correct
train__c34__user1__3-2-3,user1,1,34,34,34,True,True,both_correct
train__c34__user1__6-2-1,user1,1,34,34,34,True,True,both_correct
train__c34__user1__6-2-2,user1,1,34,34,34,True,True,both_correct
train__c34__user1__6-2-3,user1,1,34,34,34,True,True,both_correct
train__c34__user1__7-1-1,user1,1,34,34,34,True,True,both_correct
train__c34__user1__7-1-2,user1,1,34,34,34,True,True,both_correct
train__c34__user1__7-1-3,user1,1,34,31,31,False,False,both_wrong
train__c34__user22__1-2-2,user22,2,34,34,34,True,True,both_correct
train__c34__user22__1-2-3,user22,2,34,34,34,True,True,both_correct
train__c34__user22__4-3-1,user22,2,34,32,32,False,False,both_wrong
train__c34__user22__4-3-2,user22,2,34,29,29,False,False,both_wrong
train__c34__user22__4-3-3,user22,2,34,32,32,False,False,both_wrong
train__c34__user22__5-2-1,user22,2,34,32,32,False,False,both_wrong
train__c34__user22__5-2-2,user22,2,34,17,24,False,False,both_wrong
train__c34__user22__5-2-3,user22,2,34,17,29,False,False,both_wrong
train__c34__user22__6-2-1,user22,2,34,35,35,False,False,both_wrong
train__c34__user22__6-2-2,user22,2,34,35,35,False,False,both_wrong
train__c34__user22__6-2-3,user22,2,34,29,35,False,False,both_wrong
train__c34__user22__7-1-1,user22,2,34,35,35,False,False,both_wrong
train__c34__user22__7-1-2,user22,2,34,35,35,False,False,both_wrong
train__c34__user22__7-1-3,user22,2,34,32,35,False,False,both_wrong
train__c34__user2__4-3-1,user2,1,34,34,34,True,True,both_correct
train__c34__user2__4-3-2,user2,1,34,34,34,True,True,both_correct
train__c34__user2__4-3-3,user2,1,34,34,34,True,True,both_correct
train__c34__user2__6-1-1,user2,1,34,34,34,True,True,both_correct
train__c34__user2__6-1-2,user2,1,34,34,34,True,True,both_correct
train__c34__user2__7-1-1,user2,1,34,34,34,True,True,both_correct
train__c34__user2__7-1-2,user2,1,34,34,34,True,True,both_correct
train__c34__user2__7-1-3,user2,1,34,34,34,True,True,both_correct
train__c34__user2__7-3-1,user2,1,34,34,34,True,True,both_correct
train__c34__user2__7-3-2,user2,1,34,34,34,True,True,both_correct
train__c34__user2__7-3-3,user2,1,34,34,34,True,True,both_correct
train__c34__user3__3-2-1,user3,0,34,34,34,True,True,both_correct
train__c34__user3__3-2-2,user3,0,34,34,34,True,True,both_correct
train__c34__user3__3-2-3,user3,0,34,34,34,True,True,both_correct
train__c34__user3__5-2-1,user3,0,34,34,34,True,True,both_correct
train__c34__user3__5-2-2,user3,0,34,34,34,True,True,both_correct
train__c34__user3__5-2-3,user3,0,34,34,34,True,True,both_correct
train__c34__user3__6-2-2,user3,0,34,7,26,False,False,both_wrong
train__c34__user5__3-1-1,user5,2,34,17,17,False,False,both_wrong
train__c34__user5__3-1-2,user5,2,34,34,34,True,True,both_correct
train__c34__user5__3-1-3,user5,2,34,34,34,True,True,both_correct
train__c34__user5__7-1-1,user5,2,34,34,29,True,False,e1_only
train__c34__user5__7-1-2,user5,2,34,36,36,False,False,both_wrong
train__c34__user5__7-1-3,user5,2,34,36,36,False,False,both_wrong
train__c34__user6__4-1-1,user6,2,34,34,34,True,True,both_correct
train__c34__user6__4-1-2,user6,2,34,34,34,True,True,both_correct
train__c34__user6__4-1-3,user6,2,34,34,34,True,True,both_correct
train__c34__user6__5-1-2,user6,2,34,21,26,False,False,both_wrong
train__c34__user6__5-3-1,user6,2,34,36,36,False,False,both_wrong
train__c34__user6__5-3-2,user6,2,34,32,36,False,False,both_wrong
train__c34__user6__5-3-3,user6,2,34,29,29,False,False,both_wrong
train__c34__user6__7-1-1,user6,2,34,34,34,True,True,both_correct
train__c34__user6__7-1-2,user6,2,34,34,34,True,True,both_correct
train__c34__user6__7-1-3,user6,2,34,34,34,True,True,both_correct
train__c34__user6__7-3-1,user6,2,34,36,3,False,False,both_wrong
train__c34__user6__7-3-2,user6,2,34,34,34,True,True,both_correct
train__c34__user6__7-3-3,user6,2,34,34,34,True,True,both_correct
train__c34__user7__1-2-1,user7,2,34,36,34,False,True,e2_only
train__c34__user7__1-2-2,user7,2,34,29,29,False,False,both_wrong
train__c34__user7__1-2-3,user7,2,34,29,29,False,False,both_wrong
train__c34__user7__2-2-1,user7,2,34,32,36,False,False,both_wrong
train__c34__user7__2-2-2,user7,2,34,36,15,False,False,both_wrong
train__c34__user7__2-2-3,user7,2,34,32,34,False,True,e2_only
train__c34__user7__4-1-1,user7,2,34,34,34,True,True,both_correct
train__c34__user7__4-1-2,user7,2,34,35,35,False,False,both_wrong
train__c34__user7__4-1-3,user7,2,34,17,35,False,False,both_wrong
train__c34__user7__5-3-1,user7,2,34,17,18,False,False,both_wrong
train__c34__user7__5-3-2,user7,2,34,34,34,True,True,both_correct
train__c34__user7__5-3-3,user7,2,34,29,29,False,False,both_wrong
train__c34__user7__6-3-1,user7,2,34,36,29,False,False,both_wrong
train__c34__user7__6-3-3,user7,2,34,36,36,False,False,both_wrong
train__c34__user7__7-1-1,user7,2,34,34,34,True,True,both_correct
train__c34__user7__7-1-2,user7,2,34,34,34,True,True,both_correct
train__c34__user7__7-1-3,user7,2,34,34,34,True,True,both_correct
train__c34__user8__4-1-1,user8,1,34,34,34,True,True,both_correct
train__c34__user8__4-1-2,user8,1,34,34,34,True,True,both_correct
train__c34__user8__4-1-3,user8,1,34,34,34,True,True,both_correct
train__c34__user8__5-1-1,user8,1,34,34,34,True,True,both_correct
train__c34__user8__5-1-2,user8,1,34,34,34,True,True,both_correct
train__c34__user8__5-1-3,user8,1,34,34,34,True,True,both_correct
train__c34__user9__1-2-1,user9,0,34,34,34,True,True,both_correct
train__c34__user9__1-2-2,user9,0,34,34,34,True,True,both_correct
train__c34__user9__1-2-3,user9,0,34,34,34,True,True,both_correct
train__c34__user9__5-3-1,user9,0,34,34,34,True,True,both_correct
train__c34__user9__5-3-2,user9,0,34,34,34,True,True,both_correct
train__c34__user9__5-3-3,user9,0,34,34,34,True,True,both_correct
train__c34__user9__6-1-1,user9,0,34,34,34,True,True,both_correct
train__c34__user9__6-1-2,user9,0,34,34,34,True,True,both_correct
train__c34__user9__6-1-3,user9,0,34,34,34,True,True,both_correct
train__c35__user16__6-1-1,user16,1,35,13,29,False,False,both_wrong
train__c35__user16__6-1-2,user16,1,35,29,29,False,False,both_wrong
train__c35__user16__6-1-3,user16,1,35,29,29,False,False,both_wrong
train__c35__user18__5-1-1,user18,0,35,12,12,False,False,both_wrong
train__c35__user18__5-1-2,user18,0,35,12,12,False,False,both_wrong
train__c35__user18__5-1-3,user18,0,35,12,12,False,False,both_wrong
train__c35__user1__3-2-1,user1,1,35,36,36,False,False,both_wrong
train__c35__user1__3-2-2,user1,1,35,36,36,False,False,both_wrong
train__c35__user1__3-2-3,user1,1,35,36,36,False,False,both_wrong
train__c35__user20__1-2-1,user20,0,35,32,32,False,False,both_wrong
train__c35__user20__1-2-2,user20,0,35,29,29,False,False,both_wrong
train__c35__user20__1-2-3,user20,0,35,12,12,False,False,both_wrong
train__c35__user5__6-1-1,user5,2,35,36,36,False,False,both_wrong
train__c35__user5__6-1-2,user5,2,35,36,36,False,False,both_wrong
train__c35__user5__6-1-3,user5,2,35,36,36,False,False,both_wrong
train__c35__user6__6-1-1,user6,2,35,32,32,False,False,both_wrong
train__c35__user6__6-1-2,user6,2,35,36,36,False,False,both_wrong
train__c35__user6__6-1-3,user6,2,35,34,32,False,False,both_wrong
train__c35__user8__5-1-1,user8,1,35,12,12,False,False,both_wrong
train__c35__user8__5-1-2,user8,1,35,12,12,False,False,both_wrong
train__c35__user8__5-1-3,user8,1,35,13,12,False,False,both_wrong
train__c36__user16__1-1-1,user16,1,36,36,36,True,True,both_correct
train__c36__user16__1-1-2,user16,1,36,36,36,True,True,both_correct
train__c36__user16__1-1-3,user16,1,36,36,36,True,True,both_correct
train__c36__user16__2-3-1,user16,1,36,36,36,True,True,both_correct
train__c36__user16__2-3-2,user16,1,36,36,36,True,True,both_correct
train__c36__user16__2-3-3,user16,1,36,36,36,True,True,both_correct
train__c36__user16__3-1-1,user16,1,36,36,36,True,True,both_correct
train__c36__user16__3-1-2,user16,1,36,12,36,False,True,e2_only
train__c36__user16__3-1-3,user16,1,36,36,36,True,True,both_correct
train__c36__user16__3-3-1,user16,1,36,10,13,False,False,both_wrong
train__c36__user16__3-3-2,user16,1,36,13,13,False,False,both_wrong
train__c36__user16__3-3-3,user16,1,36,17,34,False,False,both_wrong
train__c36__user16__5-2-1,user16,1,36,36,36,True,True,both_correct
train__c36__user16__5-2-2,user16,1,36,36,36,True,True,both_correct
train__c36__user16__5-2-3,user16,1,36,36,36,True,True,both_correct
train__c36__user16__5-3-1,user16,1,36,36,36,True,True,both_correct
train__c36__user16__5-3-2,user16,1,36,36,36,True,True,both_correct
train__c36__user16__5-3-3,user16,1,36,36,36,True,True,both_correct
train__c36__user16__7-3-1,user16,1,36,36,36,True,True,both_correct
train__c36__user16__7-3-2,user16,1,36,36,36,True,True,both_correct
train__c36__user16__7-3-3,user16,1,36,36,36,True,True,both_correct
train__c36__user18__1-2-1,user18,0,36,36,36,True,True,both_correct
train__c36__user18__1-2-2,user18,0,36,36,36,True,True,both_correct
train__c36__user18__1-2-3,user18,0,36,36,36,True,True,both_correct
train__c36__user18__2-2-1,user18,0,36,36,36,True,True,both_correct
train__c36__user18__2-2-2,user18,0,36,36,36,True,True,both_correct
train__c36__user18__2-2-3,user18,0,36,36,36,True,True,both_correct
train__c36__user18__3-3-1,user18,0,36,36,36,True,True,both_correct
train__c36__user18__3-3-2,user18,0,36,36,36,True,True,both_correct
train__c36__user18__3-3-3,user18,0,36,36,36,True,True,both_correct
train__c36__user18__4-2-1,user18,0,36,36,36,True,True,both_correct
train__c36__user18__4-2-2,user18,0,36,36,36,True,True,both_correct
train__c36__user18__4-2-3,user18,0,36,36,36,True,True,both_correct
train__c36__user18__6-2-1,user18,0,36,36,36,True,True,both_correct
train__c36__user18__6-2-2,user18,0,36,36,36,True,True,both_correct
train__c36__user18__6-2-3,user18,0,36,36,36,True,True,both_correct
train__c36__user19__1-2-1,user19,2,36,36,36,True,True,both_correct
train__c36__user19__1-2-2,user19,2,36,34,34,False,False,both_wrong
train__c36__user19__1-2-3,user19,2,36,36,36,True,True,both_correct
train__c36__user19__2-2-1,user19,2,36,36,12,True,False,e1_only
train__c36__user19__2-2-2,user19,2,36,36,35,True,False,e1_only
train__c36__user19__2-2-3,user19,2,36,36,36,True,True,both_correct
train__c36__user19__2-3-1,user19,2,36,36,36,True,True,both_correct
train__c36__user19__2-3-2,user19,2,36,36,36,True,True,both_correct
train__c36__user19__2-3-3,user19,2,36,36,36,True,True,both_correct
train__c36__user19__3-2-1,user19,2,36,36,36,True,True,both_correct
train__c36__user19__3-2-2,user19,2,36,36,36,True,True,both_correct
train__c36__user19__3-2-3,user19,2,36,36,36,True,True,both_correct
train__c36__user19__3-3-1,user19,2,36,36,36,True,True,both_correct
train__c36__user19__3-3-2,user19,2,36,36,36,True,True,both_correct
train__c36__user19__4-2-1,user19,2,36,36,36,True,True,both_correct
train__c36__user19__4-2-2,user19,2,36,36,36,True,True,both_correct
train__c36__user19__4-2-3,user19,2,36,36,36,True,True,both_correct
train__c36__user19__4-3-1,user19,2,36,36,36,True,True,both_correct
train__c36__user19__4-3-2,user19,2,36,36,36,True,True,both_correct
train__c36__user19__4-3-3,user19,2,36,36,36,True,True,both_correct
train__c36__user19__5-3-1,user19,2,36,36,35,True,False,e1_only
train__c36__user19__5-3-2,user19,2,36,12,35,False,False,both_wrong
train__c36__user19__5-3-3,user19,2,36,35,35,False,False,both_wrong
train__c36__user19__7-2-1,user19,2,36,36,36,True,True,both_correct
train__c36__user19__7-2-2,user19,2,36,36,36,True,True,both_correct
train__c36__user19__7-2-3,user19,2,36,36,36,True,True,both_correct
train__c36__user1__1-2-1,user1,1,36,36,36,True,True,both_correct
train__c36__user1__1-2-2,user1,1,36,36,36,True,True,both_correct
train__c36__user1__2-1-1,user1,1,36,36,36,True,True,both_correct
train__c36__user1__2-1-2,user1,1,36,36,36,True,True,both_correct
train__c36__user1__2-1-3,user1,1,36,36,36,True,True,both_correct
train__c36__user1__2-2-1,user1,1,36,36,36,True,True,both_correct
train__c36__user1__2-2-2,user1,1,36,36,36,True,True,both_correct
train__c36__user1__2-2-3,user1,1,36,36,36,True,True,both_correct
train__c36__user1__3-2-1,user1,1,36,36,36,True,True,both_correct
train__c36__user1__3-2-2,user1,1,36,36,36,True,True,both_correct
train__c36__user1__3-2-3,user1,1,36,36,36,True,True,both_correct
train__c36__user1__6-1-1,user1,1,36,36,36,True,True,both_correct
train__c36__user1__6-1-2,user1,1,36,36,36,True,True,both_correct
train__c36__user1__6-1-3,user1,1,36,36,36,True,True,both_correct
train__c36__user1__6-2-1,user1,1,36,36,36,True,True,both_correct
train__c36__user1__6-2-2,user1,1,36,36,36,True,True,both_correct
train__c36__user1__6-2-3,user1,1,36,36,36,True,True,both_correct
train__c36__user20__2-2-1,user20,0,36,36,36,True,True,both_correct
train__c36__user20__2-2-2,user20,0,36,36,36,True,True,both_correct
train__c36__user20__2-2-3,user20,0,36,36,36,True,True,both_correct
train__c36__user20__4-2-1,user20,0,36,36,36,True,True,both_correct
train__c36__user20__4-2-2,user20,0,36,36,36,True,True,both_correct
train__c36__user20__4-2-3,user20,0,36,36,36,True,True,both_correct
train__c36__user20__7-2-1,user20,0,36,36,36,True,True,both_correct
train__c36__user20__7-2-2,user20,0,36,36,30,True,False,e1_only
train__c36__user20__7-2-3,user20,0,36,30,30,False,False,both_wrong
train__c36__user21__1-1-1,user21,0,36,36,36,True,True,both_correct
train__c36__user21__1-1-2,user21,0,36,36,36,True,True,both_correct
train__c36__user21__1-1-3,user21,0,36,36,36,True,True,both_correct
train__c36__user21__1-2-1,user21,0,36,36,36,True,True,both_correct
train__c36__user21__1-2-2,user21,0,36,36,36,True,True,both_correct
train__c36__user21__1-2-3,user21,0,36,36,36,True,True,both_correct
train__c36__user21__2-2-1,user21,0,36,36,36,True,True,both_correct
train__c36__user21__2-2-2,user21,0,36,36,36,True,True,both_correct
train__c36__user21__2-2-3,user21,0,36,36,36,True,True,both_correct
train__c36__user21__3-2-1,user21,0,36,36,36,True,True,both_correct
train__c36__user21__3-2-2,user21,0,36,36,36,True,True,both_correct
train__c36__user21__3-2-3,user21,0,36,36,36,True,True,both_correct
train__c36__user21__4-1-1,user21,0,36,36,36,True,True,both_correct
train__c36__user21__4-1-2,user21,0,36,36,36,True,True,both_correct
train__c36__user21__4-1-3,user21,0,36,36,36,True,True,both_correct
train__c36__user21__5-1-1,user21,0,36,36,36,True,True,both_correct
train__c36__user21__5-1-2,user21,0,36,36,36,True,True,both_correct
train__c36__user21__5-1-3,user21,0,36,34,34,False,False,both_wrong
train__c36__user21__5-2-1,user21,0,36,36,36,True,True,both_correct
train__c36__user21__5-2-2,user21,0,36,36,36,True,True,both_correct
train__c36__user21__5-2-3,user21,0,36,36,36,True,True,both_correct
train__c36__user21__6-2-1,user21,0,36,36,36,True,True,both_correct
train__c36__user21__6-2-2,user21,0,36,36,36,True,True,both_correct
train__c36__user21__6-2-3,user21,0,36,36,36,True,True,both_correct
train__c36__user22__1-2-1,user22,2,36,36,36,True,True,both_correct
train__c36__user22__1-2-2,user22,2,36,36,35,True,False,e1_only
train__c36__user22__1-2-3,user22,2,36,36,36,True,True,both_correct
train__c36__user22__2-1-1,user22,2,36,36,36,True,True,both_correct
train__c36__user22__2-1-2,user22,2,36,36,36,True,True,both_correct
train__c36__user22__2-1-3,user22,2,36,36,36,True,True,both_correct
train__c36__user22__2-2-1,user22,2,36,36,36,True,True,both_correct
train__c36__user22__2-2-2,user22,2,36,36,36,True,True,both_correct
train__c36__user22__2-2-3,user22,2,36,36,36,True,True,both_correct
train__c36__user22__3-1-1,user22,2,36,36,36,True,True,both_correct
train__c36__user22__3-1-2,user22,2,36,36,36,True,True,both_correct
train__c36__user22__3-2-1,user22,2,36,36,36,True,True,both_correct
train__c36__user22__3-2-2,user22,2,36,36,36,True,True,both_correct
train__c36__user22__3-2-3,user22,2,36,36,36,True,True,both_correct
train__c36__user22__4-2-1,user22,2,36,36,36,True,True,both_correct
train__c36__user22__4-2-2,user22,2,36,36,36,True,True,both_correct
train__c36__user22__4-2-3,user22,2,36,36,36,True,True,both_correct
train__c36__user22__5-2-1,user22,2,36,36,36,True,True,both_correct
train__c36__user22__5-2-2,user22,2,36,36,36,True,True,both_correct
train__c36__user22__5-2-3,user22,2,36,36,36,True,True,both_correct
train__c36__user22__6-2-1,user22,2,36,36,36,True,True,both_correct
train__c36__user22__6-2-2,user22,2,36,36,36,True,True,both_correct
train__c36__user2__1-2-1,user2,1,36,36,36,True,True,both_correct
train__c36__user2__1-2-2,user2,1,36,36,36,True,True,both_correct
train__c36__user2__1-2-3,user2,1,36,36,36,True,True,both_correct
train__c36__user2__2-1-1,user2,1,36,36,36,True,True,both_correct
train__c36__user2__2-1-2,user2,1,36,36,36,True,True,both_correct
train__c36__user2__2-1-3,user2,1,36,34,34,False,False,both_wrong
train__c36__user2__3-2-2,user2,1,36,36,36,True,True,both_correct
train__c36__user2__3-2-3,user2,1,36,5,23,False,False,both_wrong
train__c36__user2__4-1-1,user2,1,36,36,36,True,True,both_correct
train__c36__user2__4-1-2,user2,1,36,36,36,True,True,both_correct
train__c36__user2__4-1-3,user2,1,36,36,36,True,True,both_correct
train__c36__user2__4-3-1,user2,1,36,36,36,True,True,both_correct
train__c36__user2__4-3-2,user2,1,36,36,36,True,True,both_correct
train__c36__user2__4-3-3,user2,1,36,5,5,False,False,both_wrong
train__c36__user2__5-2-1,user2,1,36,36,36,True,True,both_correct
train__c36__user2__5-2-2,user2,1,36,36,36,True,True,both_correct
train__c36__user2__5-2-3,user2,1,36,36,36,True,True,both_correct
train__c36__user2__6-1-1,user2,1,36,36,36,True,True,both_correct
train__c36__user2__6-1-2,user2,1,36,36,36,True,True,both_correct
train__c36__user2__7-2-1,user2,1,36,36,36,True,True,both_correct
train__c36__user2__7-2-2,user2,1,36,36,36,True,True,both_correct
train__c36__user2__7-2-3,user2,1,36,36,36,True,True,both_correct
train__c36__user2__7-3-1,user2,1,36,36,36,True,True,both_correct
train__c36__user2__7-3-2,user2,1,36,36,36,True,True,both_correct
train__c36__user2__7-3-3,user2,1,36,36,36,True,True,both_correct
train__c36__user3__1-2-1,user3,0,36,36,36,True,True,both_correct
train__c36__user3__1-2-2,user3,0,36,36,36,True,True,both_correct
train__c36__user3__1-2-3,user3,0,36,36,36,True,True,both_correct
train__c36__user3__2-2-1,user3,0,36,36,36,True,True,both_correct
train__c36__user3__2-2-2,user3,0,36,36,36,True,True,both_correct
train__c36__user3__2-2-3,user3,0,36,36,36,True,True,both_correct
train__c36__user3__3-2-1,user3,0,36,36,36,True,True,both_correct
train__c36__user3__3-2-2,user3,0,36,36,36,True,True,both_correct
train__c36__user3__3-2-3,user3,0,36,36,36,True,True,both_correct
train__c36__user3__5-2-1,user3,0,36,36,36,True,True,both_correct
train__c36__user3__5-2-2,user3,0,36,36,36,True,True,both_correct
train__c36__user3__5-2-3,user3,0,36,36,36,True,True,both_correct
train__c36__user3__6-1-1,user3,0,36,36,36,True,True,both_correct
train__c36__user3__6-1-2,user3,0,36,36,36,True,True,both_correct
train__c36__user3__6-1-3,user3,0,36,36,36,True,True,both_correct
train__c36__user3__6-2-1,user3,0,36,36,13,True,False,e1_only
train__c36__user3__6-2-2,user3,0,36,15,15,False,False,both_wrong
train__c36__user3__6-2-3,user3,0,36,13,13,False,False,both_wrong
train__c36__user3__7-1-1,user3,0,36,36,36,True,True,both_correct
train__c36__user3__7-1-2,user3,0,36,36,36,True,True,both_correct
train__c36__user3__7-1-3,user3,0,36,36,36,True,True,both_correct
train__c36__user6__1-1-1,user6,2,36,36,29,True,False,e1_only
train__c36__user6__1-1-2,user6,2,36,36,36,True,True,both_correct
train__c36__user6__1-1-3,user6,2,36,5,31,False,False,both_wrong
train__c36__user6__2-3-1,user6,2,36,36,36,True,True,both_correct
train__c36__user6__2-3-2,user6,2,36,36,36,True,True,both_correct
train__c36__user6__2-3-3,user6,2,36,36,36,True,True,both_correct
train__c36__user6__3-1-1,user6,2,36,36,36,True,True,both_correct
train__c36__user6__3-1-2,user6,2,36,36,12,True,False,e1_only
train__c36__user6__3-1-3,user6,2,36,28,28,False,False,both_wrong
train__c36__user6__3-3-1,user6,2,36,36,36,True,True,both_correct
train__c36__user6__3-3-2,user6,2,36,36,36,True,True,both_correct
train__c36__user6__3-3-3,user6,2,36,29,29,False,False,both_wrong
train__c36__user6__5-2-1,user6,2,36,36,36,True,True,both_correct
train__c36__user6__5-2-2,user6,2,36,36,36,True,True,both_correct
train__c36__user6__5-2-3,user6,2,36,36,36,True,True,both_correct
train__c36__user6__5-3-1,user6,2,36,36,36,True,True,both_correct
train__c36__user6__5-3-2,user6,2,36,36,36,True,True,both_correct
train__c36__user6__5-3-3,user6,2,36,36,36,True,True,both_correct
train__c36__user6__7-3-1,user6,2,36,36,36,True,True,both_correct
train__c36__user6__7-3-2,user6,2,36,36,36,True,True,both_correct
train__c36__user6__7-3-3,user6,2,36,36,36,True,True,both_correct
train__c36__user7__1-2-1,user7,2,36,36,36,True,True,both_correct
train__c36__user7__1-2-2,user7,2,36,36,36,True,True,both_correct
train__c36__user7__1-2-3,user7,2,36,36,36,True,True,both_correct
train__c36__user7__3-2-1,user7,2,36,36,36,True,True,both_correct
train__c36__user7__3-2-2,user7,2,36,36,36,True,True,both_correct
train__c36__user7__3-2-3,user7,2,36,36,36,True,True,both_correct
train__c36__user7__3-3-1,user7,2,36,36,36,True,True,both_correct
train__c36__user7__3-3-3,user7,2,36,36,36,True,True,both_correct
train__c36__user7__4-1-1,user7,2,36,36,36,True,True,both_correct
train__c36__user7__4-1-2,user7,2,36,36,36,True,True,both_correct
train__c36__user7__4-1-3,user7,2,36,36,36,True,True,both_correct
train__c36__user7__5-2-1,user7,2,36,36,36,True,True,both_correct
train__c36__user7__5-2-2,user7,2,36,36,36,True,True,both_correct
train__c36__user7__5-2-3,user7,2,36,36,36,True,True,both_correct
train__c36__user7__5-3-1,user7,2,36,36,36,True,True,both_correct
train__c36__user7__5-3-2,user7,2,36,36,36,True,True,both_correct
train__c36__user7__5-3-3,user7,2,36,36,36,True,True,both_correct
train__c36__user7__6-1-1,user7,2,36,36,36,True,True,both_correct
train__c36__user7__6-1-2,user7,2,36,36,36,True,True,both_correct
train__c36__user7__6-1-3,user7,2,36,36,36,True,True,both_correct
train__c36__user7__6-3-1,user7,2,36,36,36,True,True,both_correct
train__c36__user7__6-3-3,user7,2,36,36,36,True,True,both_correct
train__c36__user8__1-2-1,user8,1,36,36,36,True,True,both_correct
train__c36__user8__1-2-2,user8,1,36,36,36,True,True,both_correct
train__c36__user8__1-2-3,user8,1,36,36,36,True,True,both_correct
train__c36__user8__2-2-1,user8,1,36,36,36,True,True,both_correct
train__c36__user8__2-2-2,user8,1,36,36,36,True,True,both_correct
train__c36__user8__2-2-3,user8,1,36,36,36,True,True,both_correct
train__c36__user8__3-3-1,user8,1,36,36,36,True,True,both_correct
train__c36__user8__3-3-2,user8,1,36,36,36,True,True,both_correct
train__c36__user8__3-3-3,user8,1,36,36,36,True,True,both_correct
train__c36__user8__4-2-1,user8,1,36,36,36,True,True,both_correct
train__c36__user8__4-2-2,user8,1,36,36,36,True,True,both_correct
train__c36__user8__4-2-3,user8,1,36,36,36,True,True,both_correct
train__c36__user8__6-2-1,user8,1,36,36,36,True,True,both_correct
train__c36__user8__6-2-2,user8,1,36,36,36,True,True,both_correct
train__c36__user9__1-2-1,user9,0,36,36,36,True,True,both_correct
train__c36__user9__1-2-2,user9,0,36,36,36,True,True,both_correct
train__c36__user9__1-2-3,user9,0,36,36,36,True,True,both_correct
train__c36__user9__2-2-1,user9,0,36,36,36,True,True,both_correct
train__c36__user9__2-2-2,user9,0,36,36,36,True,True,both_correct
train__c36__user9__2-2-3,user9,0,36,36,36,True,True,both_correct
train__c36__user9__2-3-1,user9,0,36,36,36,True,True,both_correct
train__c36__user9__2-3-2,user9,0,36,36,36,True,True,both_correct
train__c36__user9__2-3-3,user9,0,36,36,36,True,True,both_correct
train__c36__user9__3-2-1,user9,0,36,36,36,True,True,both_correct
train__c36__user9__3-2-2,user9,0,36,36,36,True,True,both_correct
train__c36__user9__3-2-3,user9,0,36,36,36,True,True,both_correct
train__c36__user9__3-3-1,user9,0,36,36,36,True,True,both_correct
train__c36__user9__3-3-2,user9,0,36,36,36,True,True,both_correct
train__c36__user9__3-3-3,user9,0,36,36,36,True,True,both_correct
train__c36__user9__4-2-1,user9,0,36,36,36,True,True,both_correct
train__c36__user9__4-2-2,user9,0,36,36,36,True,True,both_correct
train__c36__user9__4-2-3,user9,0,36,36,36,True,True,both_correct
train__c36__user9__4-3-1,user9,0,36,36,36,True,True,both_correct
train__c36__user9__4-3-2,user9,0,36,36,36,True,True,both_correct
train__c36__user9__4-3-3,user9,0,36,36,36,True,True,both_correct
train__c36__user9__5-3-1,user9,0,36,36,36,True,True,both_correct
train__c36__user9__5-3-2,user9,0,36,36,36,True,True,both_correct
train__c36__user9__5-3-3,user9,0,36,36,36,True,True,both_correct
train__c36__user9__7-2-1,user9,0,36,36,36,True,True,both_correct
train__c36__user9__7-2-2,user9,0,36,36,36,True,True,both_correct
train__c36__user9__7-2-3,user9,0,36,36,36,True,True,both_correct
train__c37__user16__6-2-1,user16,1,37,7,7,False,False,both_wrong
train__c37__user16__6-2-2,user16,1,37,7,7,False,False,both_wrong
train__c37__user16__6-2-3,user16,1,37,7,7,False,False,both_wrong
train__c37__user18__7-1-1,user18,0,37,4,4,False,False,both_wrong
train__c37__user18__7-1-2,user18,0,37,6,2,False,False,both_wrong
train__c37__user18__7-1-3,user18,0,37,6,4,False,False,both_wrong
train__c37__user18__7-2-1,user18,0,37,6,39,False,False,both_wrong
train__c37__user18__7-2-2,user18,0,37,8,8,False,False,both_wrong
train__c37__user18__7-2-3,user18,0,37,5,39,False,False,both_wrong
train__c37__user19__6-2-1,user19,2,37,6,19,False,False,both_wrong
train__c37__user19__6-2-2,user19,2,37,8,8,False,False,both_wrong
train__c37__user19__6-2-3,user19,2,37,8,17,False,False,both_wrong
train__c37__user19__7-1-1,user19,2,37,2,2,False,False,both_wrong
train__c37__user19__7-1-2,user19,2,37,8,8,False,False,both_wrong
train__c37__user19__7-1-3,user19,2,37,2,2,False,False,both_wrong
train__c37__user20__7-1-1,user20,0,37,11,11,False,False,both_wrong
train__c37__user20__7-1-2,user20,0,37,11,11,False,False,both_wrong
train__c37__user20__7-1-3,user20,0,37,7,7,False,False,both_wrong
train__c37__user21__7-1-1,user21,0,37,6,6,False,False,both_wrong
train__c37__user21__7-1-2,user21,0,37,6,6,False,False,both_wrong
train__c37__user21__7-1-3,user21,0,37,6,6,False,False,both_wrong
train__c37__user22__7-1-1,user22,2,37,6,6,False,False,both_wrong
train__c37__user22__7-1-2,user22,2,37,6,6,False,False,both_wrong
train__c37__user22__7-1-3,user22,2,37,6,6,False,False,both_wrong
train__c37__user2__7-1-1,user2,1,37,6,6,False,False,both_wrong
train__c37__user2__7-1-2,user2,1,37,6,6,False,False,both_wrong
train__c37__user2__7-1-3,user2,1,37,38,6,False,False,both_wrong
train__c37__user3__2-2-1,user3,0,37,6,6,False,False,both_wrong
train__c37__user3__2-2-2,user3,0,37,6,6,False,False,both_wrong
train__c37__user3__2-2-3,user3,0,37,6,6,False,False,both_wrong
train__c37__user3__7-1-1,user3,0,37,6,6,False,False,both_wrong
train__c37__user3__7-1-2,user3,0,37,6,26,False,False,both_wrong
train__c37__user3__7-1-3,user3,0,37,6,26,False,False,both_wrong
train__c37__user6__6-2-1,user6,2,37,8,37,False,True,e2_only
train__c37__user6__6-2-2,user6,2,37,0,0,False,False,both_wrong
train__c37__user6__6-2-3,user6,2,37,8,2,False,False,both_wrong
train__c37__user7__4-1-1,user7,2,37,20,28,False,False,both_wrong
train__c37__user7__4-1-2,user7,2,37,6,39,False,False,both_wrong
train__c37__user7__4-1-3,user7,2,37,20,15,False,False,both_wrong
train__c37__user8__7-1-1,user8,1,37,37,38,True,False,e1_only
train__c37__user8__7-1-2,user8,1,37,1,1,False,False,both_wrong
train__c37__user8__7-1-3,user8,1,37,0,1,False,False,both_wrong
train__c37__user8__7-2-1,user8,1,37,10,10,False,False,both_wrong
train__c37__user8__7-2-2,user8,1,37,2,2,False,False,both_wrong
train__c37__user8__7-2-3,user8,1,37,10,10,False,False,both_wrong
train__c37__user9__6-2-1,user9,0,37,7,24,False,False,both_wrong
train__c37__user9__6-2-2,user9,0,37,23,19,False,False,both_wrong
train__c37__user9__6-2-3,user9,0,37,23,27,False,False,both_wrong
train__c37__user9__7-1-1,user9,0,37,6,6,False,False,both_wrong
train__c37__user9__7-1-2,user9,0,37,6,6,False,False,both_wrong
train__c37__user9__7-1-3,user9,0,37,8,8,False,False,both_wrong
train__c38__user16__7-1-1,user16,1,38,29,38,False,True,e2_only
train__c38__user16__7-1-2,user16,1,38,22,21,False,False,both_wrong
train__c38__user16__7-1-3,user16,1,38,9,9,False,False,both_wrong
train__c38__user18__7-1-1,user18,0,38,8,6,False,False,both_wrong
train__c38__user18__7-1-2,user18,0,38,5,6,False,False,both_wrong
train__c38__user18__7-1-3,user18,0,38,5,6,False,False,both_wrong
train__c38__user19__5-3-1,user19,2,38,6,38,False,True,e2_only
train__c38__user19__5-3-2,user19,2,38,6,38,False,True,e2_only
train__c38__user19__5-3-3,user19,2,38,23,38,False,True,e2_only
train__c38__user19__7-1-1,user19,2,38,11,11,False,False,both_wrong
train__c38__user19__7-1-2,user19,2,38,10,11,False,False,both_wrong
train__c38__user1__7-1-1,user1,1,38,6,23,False,False,both_wrong
train__c38__user1__7-1-2,user1,1,38,6,23,False,False,both_wrong
train__c38__user1__7-1-3,user1,1,38,23,23,False,False,both_wrong
train__c38__user20__6-2-1,user20,0,38,11,11,False,False,both_wrong
train__c38__user20__6-2-2,user20,0,38,11,11,False,False,both_wrong
train__c38__user20__6-2-3,user20,0,38,11,11,False,False,both_wrong
train__c38__user20__7-1-1,user20,0,38,6,6,False,False,both_wrong
train__c38__user20__7-1-2,user20,0,38,7,7,False,False,both_wrong
train__c38__user20__7-1-3,user20,0,38,6,6,False,False,both_wrong
train__c38__user21__3-2-1,user21,0,38,20,20,False,False,both_wrong
train__c38__user21__3-2-2,user21,0,38,20,20,False,False,both_wrong
train__c38__user21__3-2-3,user21,0,38,20,20,False,False,both_wrong
train__c38__user21__7-1-1,user21,0,38,9,9,False,False,both_wrong
train__c38__user21__7-1-2,user21,0,38,9,9,False,False,both_wrong
train__c38__user21__7-1-3,user21,0,38,9,9,False,False,both_wrong
train__c38__user21__7-2-1,user21,0,38,7,7,False,False,both_wrong
train__c38__user21__7-2-2,user21,0,38,11,11,False,False,both_wrong
train__c38__user21__7-2-3,user21,0,38,7,9,False,False,both_wrong
train__c38__user22__5-1-1,user22,2,38,10,10,False,False,both_wrong
train__c38__user22__5-1-2,user22,2,38,7,38,False,True,e2_only
train__c38__user22__5-1-3,user22,2,38,11,10,False,False,both_wrong
train__c38__user22__6-2-1,user22,2,38,28,28,False,False,both_wrong
train__c38__user22__6-2-2,user22,2,38,31,28,False,False,both_wrong
train__c38__user22__6-2-3,user22,2,38,28,28,False,False,both_wrong
train__c38__user2__2-2-1,user2,1,38,23,38,False,True,e2_only
train__c38__user2__2-2-2,user2,1,38,38,38,True,True,both_correct
train__c38__user2__2-2-3,user2,1,38,23,38,False,True,e2_only
train__c38__user2__7-3-1,user2,1,38,6,6,False,False,both_wrong
train__c38__user2__7-3-2,user2,1,38,6,6,False,False,both_wrong
train__c38__user2__7-3-3,user2,1,38,6,38,False,True,e2_only
train__c38__user3__2-2-1,user3,0,38,6,6,False,False,both_wrong
train__c38__user3__2-2-2,user3,0,38,7,7,False,False,both_wrong
train__c38__user3__2-2-3,user3,0,38,7,8,False,False,both_wrong
train__c38__user3__7-1-1,user3,0,38,7,39,False,False,both_wrong
train__c38__user3__7-1-2,user3,0,38,26,26,False,False,both_wrong
train__c38__user3__7-1-3,user3,0,38,7,39,False,False,both_wrong
train__c38__user6__7-1-1,user6,2,38,9,9,False,False,both_wrong
train__c38__user6__7-1-2,user6,2,38,9,5,False,False,both_wrong
train__c38__user6__7-1-3,user6,2,38,38,37,True,False,e1_only
train__c39__user16__6-2-1,user16,1,39,7,11,False,False,both_wrong
train__c39__user16__6-2-2,user16,1,39,7,39,False,True,e2_only
train__c39__user16__6-2-3,user16,1,39,7,7,False,False,both_wrong
train__c39__user18__7-1-1,user18,0,39,6,6,False,False,both_wrong
train__c39__user18__7-1-2,user18,0,39,6,6,False,False,both_wrong
train__c39__user18__7-1-3,user18,0,39,6,6,False,False,both_wrong
train__c39__user19__6-2-1,user19,2,39,23,23,False,False,both_wrong
train__c39__user19__6-2-2,user19,2,39,23,38,False,False,both_wrong
train__c39__user19__6-2-3,user19,2,39,23,38,False,False,both_wrong
train__c39__user19__7-1-1,user19,2,39,37,37,False,False,both_wrong
train__c39__user19__7-1-2,user19,2,39,7,7,False,False,both_wrong
train__c39__user19__7-1-3,user19,2,39,1,1,False,False,both_wrong
train__c39__user21__3-2-1,user21,0,39,20,20,False,False,both_wrong
train__c39__user21__3-2-2,user21,0,39,20,20,False,False,both_wrong
train__c39__user21__3-2-3,user21,0,39,20,20,False,False,both_wrong
train__c39__user21__6-1-1,user21,0,39,8,8,False,False,both_wrong
train__c39__user21__6-1-2,user21,0,39,8,8,False,False,both_wrong
train__c39__user21__6-1-3,user21,0,39,31,31,False,False,both_wrong
train__c39__user22__5-1-1,user22,2,39,10,7,False,False,both_wrong
train__c39__user22__5-1-2,user22,2,39,10,7,False,False,both_wrong
train__c39__user22__5-1-3,user22,2,39,10,10,False,False,both_wrong
train__c39__user2__2-2-1,user2,1,39,39,39,True,True,both_correct
train__c39__user2__2-2-2,user2,1,39,39,39,True,True,both_correct
train__c39__user2__2-2-3,user2,1,39,39,39,True,True,both_correct
train__c39__user3__2-2-2,user3,0,39,8,7,False,False,both_wrong
train__c39__user3__2-2-3,user3,0,39,8,8,False,False,both_wrong
train__c39__user6__6-2-1,user6,2,39,4,37,False,False,both_wrong
train__c39__user6__6-2-2,user6,2,39,37,2,False,False,both_wrong
train__c39__user6__6-2-3,user6,2,39,37,38,False,False,both_wrong
train__c39__user7__4-1-1,user7,2,39,31,39,False,True,e2_only
train__c39__user7__4-1-3,user7,2,39,31,39,False,True,e2_only
train__c39__user7__7-1-1,user7,2,39,6,6,False,False,both_wrong
train__c39__user7__7-1-2,user7,2,39,31,6,False,False,both_wrong
train__c39__user7__7-1-3,user7,2,39,23,31,False,False,both_wrong
train__c39__user9__6-2-1,user9,0,39,27,27,False,False,both_wrong
train__c39__user9__6-2-2,user9,0,39,23,24,False,False,both_wrong
train__c39__user9__6-2-3,user9,0,39,23,24,False,False,both_wrong
train__c39__user9__7-1-1,user9,0,39,6,6,False,False,both_wrong
train__c39__user9__7-1-2,user9,0,39,7,11,False,False,both_wrong
train__c39__user9__7-1-3,user9,0,39,7,11,False,False,both_wrong
