mode,sample_id,class_id,action_name,user_id,trial_id,frames,best_shift_frames,coverage,rmse,pck,angle_correlation,velocity_correlation,matching_score,rank,gallery_size,retrieval_top1,retrieval_top5,reciprocal_rank
2d,train__c02__user1__1-1-1,2,Comb_hair,user1,1-1-1,56,-1,0.6378787878787879,0.23078453902007973,0.7458432304038005,0.1933098336266129,0.03142889388177841,0.6706898059137638,25.0,143.0,0.0,0.0,0.04
25d,train__c02__user1__1-1-1,2,Comb_hair,user1,1-1-1,56,-2,0.6358024691358025,0.3774221516540159,0.4587378640776699,0.1521370971386166,0.07481252709589944,0.5117107214023529,27.0,143.0,0.0,0.0,0.037037037037037035
2d,train__c02__user1__1-1-2,2,Comb_hair,user1,1-1-2,53,-1,0.655448717948718,0.21927030379211096,0.7408312958435208,0.4353860870377943,0.16495341974198044,0.7039121996932363,14.0,143.0,0.0,0.0,0.07142857142857142
25d,train__c02__user1__1-1-2,2,Comb_hair,user1,1-1-2,53,-2,0.6666666666666666,0.5144582252298576,0.3799019607843137,0.4114634200437995,0.05898158651075219,0.49618270609072557,10.0,143.0,0.0,0.0,0.1
2d,train__c02__user1__1-1-3,2,Comb_hair,user1,1-1-3,16,0,0.6041666666666666,0.2291220784849812,0.7413793103448276,0.8186495570858715,0.08657139819610012,0.7315330979296165,21.0,143.0,0.0,0.0,0.047619047619047616
25d,train__c02__user1__1-1-3,2,Comb_hair,user1,1-1-3,16,-1,0.5777777777777777,0.4208575844753964,0.33653846153846156,0.7392673397701053,0.2548193507105947,0.5109121169042368,29.0,143.0,0.0,0.0,0.034482758620689655
2d,train__c04__user1__1-1-1,4,Wipe_hands,user1,1-1-1,46,-1,0.9166666666666666,0.2336515594292021,0.6868686868686869,0.747692948321738,0.03956211003024404,0.7221808975288866,4.0,143.0,0.0,1.0,0.25
25d,train__c04__user1__1-1-1,4,Wipe_hands,user1,1-1-1,46,0,0.9184782608695652,0.5211749692378943,0.013806706114398421,0.39460712627665745,0.06508996675561501,0.31878397458421254,44.0,143.0,0.0,0.0,0.022727272727272728
2d,train__c05__user1__1-1-1,5,Put_on_clothes,user1,1-1-1,125,0,0.6953333333333334,0.29264565893127875,0.7286673058485139,0.730164612281866,0.240939613545297,0.7363872837940999,1.0,143.0,1.0,1.0,1.0
25d,train__c05__user1__1-1-1,5,Put_on_clothes,user1,1-1-1,125,0,0.6866666666666666,0.5243019528002407,0.4650485436893204,0.6048604081478183,0.1911429389184396,0.5742651269294576,1.0,143.0,1.0,1.0,1.0
2d,train__c05__user1__1-1-2,5,Put_on_clothes,user1,1-1-2,53,0,0.8176100628930818,0.20961134302494,0.7134615384615385,0.7516454010662976,0.33352262275673167,0.749343589256539,1.0,143.0,1.0,1.0,1.0
25d,train__c05__user1__1-1-2,5,Put_on_clothes,user1,1-1-2,53,0,0.800314465408805,0.5114053309335642,0.381139489194499,0.6093569390110827,0.10484422603116343,0.5334571764513005,1.0,143.0,1.0,1.0,1.0
2d,train__c05__user1__1-1-3,5,Put_on_clothes,user1,1-1-3,39,0,0.8995726495726496,0.3371851656397351,0.6413301662707839,0.6569637172233778,0.20674834223645433,0.698891353796268,1.0,143.0,1.0,1.0,1.0
25d,train__c05__user1__1-1-3,5,Put_on_clothes,user1,1-1-3,39,0,0.8974358974358975,0.6083917713745899,0.35714285714285715,0.6134165139232848,0.05422469398343921,0.5265806646132476,2.0,143.0,0.0,1.0,0.5
2d,train__c06__user1__4-1-1,6,Drink_water,user1,4-1-1,61,2,0.4929378531073446,0.1461147671302383,0.8997134670487106,0.31400102396886725,0.1093018447452078,0.7587339329403027,12.0,143.0,0.0,0.0,0.08333333333333333
25d,train__c06__user1__4-1-1,6,Drink_water,user1,4-1-1,61,-1,0.5,0.4324502351021066,0.325,-0.010403902642376197,0.26090351333064965,0.42227737323556114,11.0,143.0,0.0,0.0,0.09090909090909091
2d,train__c06__user1__4-1-2,6,Drink_water,user1,4-1-2,47,-2,0.562962962962963,0.21368585064547763,0.7236842105263158,-0.20029902285442777,0.3193539714169103,0.6332442576565955,3.0,143.0,0.0,1.0,0.3333333333333333
25d,train__c06__user1__4-1-2,6,Drink_water,user1,4-1-2,47,0,0.5407801418439716,0.48919392277448953,0.3704918032786885,-0.12356721514360561,0.30658208293140027,0.4434854406931703,8.0,143.0,0.0,0.0,0.125
2d,train__c06__user1__4-1-3,6,Drink_water,user1,4-1-3,22,0,0.9128787878787878,0.2732124764926096,0.6639004149377593,0.632285598095599,-0.03522617492929197,0.6920197036935095,33.0,143.0,0.0,0.0,0.030303030303030304
25d,train__c06__user1__4-1-3,6,Drink_water,user1,4-1-3,22,-1,0.8690476190476191,1.0389357223957971,0.273972602739726,0.7057052186839996,0.25233796907398626,0.5020855629605602,47.0,143.0,0.0,0.0,0.02127659574468085
2d,train__c06__user1__5-1-1,6,Drink_water,user1,5-1-1,34,0,0.8848039215686274,0.22606111388270494,0.6869806094182825,0.34649017104853436,0.24185775995441183,0.6941080764383525,1.0,143.0,1.0,1.0,1.0
25d,train__c06__user1__5-1-1,6,Drink_water,user1,5-1-1,34,-2,0.8697916666666666,0.9343966526703832,0.2934131736526946,0.4790004167187151,0.18995540828620738,0.4855031094689858,2.0,143.0,0.0,1.0,0.5
2d,train__c06__user1__5-1-2,6,Drink_water,user1,5-1-2,29,-1,0.9851190476190477,0.2806451803795734,0.5981873111782477,0.26125898050207985,0.1403285418107588,0.6391654645959559,11.0,143.0,0.0,0.0,0.09090909090909091
25d,train__c06__user1__5-1-2,6,Drink_water,user1,5-1-2,29,0,0.9827586206896551,0.9415401349572475,0.39766081871345027,0.3878812492077426,0.13839875728249207,0.5411573440783244,9.0,143.0,0.0,0.0,0.1111111111111111
2d,train__c06__user1__5-1-3,6,Drink_water,user1,5-1-3,15,0,0.7222222222222222,0.29514558606745867,0.6538461538461539,0.05777503818245236,-0.04980767915246568,0.6088795347194171,7.0,143.0,0.0,0.0,0.14285714285714285
25d,train__c06__user1__5-1-3,6,Drink_water,user1,5-1-3,15,2,0.75,0.8435013489177133,0.29914529914529914,0.17888998770905704,0.20486894192391056,0.44778408394511354,1.0,143.0,1.0,1.0,1.0
2d,train__c07__user1__1-2-1,7,Eat_food,user1,1-2-1,55,-1,0.7469135802469136,0.1230224643039934,0.8863636363636364,0.9683946010095117,0.5695371238242203,0.8767461024124592,1.0,143.0,1.0,1.0,1.0
25d,train__c07__user1__1-2-1,7,Eat_food,user1,1-2-1,55,-1,0.7469135802469136,0.2625770327507836,0.5640495867768595,0.9495883601110151,0.35770027552386285,0.6817049874273553,1.0,143.0,1.0,1.0,1.0
2d,train__c07__user1__1-2-2,7,Eat_food,user1,1-2-2,55,-1,0.8225308641975309,0.11315826916087933,0.8780487804878049,0.9964403051035119,0.6484520816342915,0.888457852320969,1.0,143.0,1.0,1.0,1.0
25d,train__c07__user1__1-2-2,7,Eat_food,user1,1-2-2,55,0,0.8196969696969697,0.2030775281515161,0.6414048059149723,0.989966918776799,0.5293550920077335,0.7484406640011916,2.0,143.0,0.0,1.0,0.5
2d,train__c07__user1__3-1-1,7,Eat_food,user1,3-1-1,37,-1,0.7731481481481481,0.08710632367648923,0.9431137724550899,0.9979522080650208,0.21662823037207515,0.8870697277495221,2.0,143.0,0.0,1.0,0.5
25d,train__c07__user1__3-1-1,7,Eat_food,user1,3-1-1,37,-1,0.7731481481481481,0.1590203413688225,0.7275449101796407,0.9956329272677049,0.21073852115894792,0.7678331972273088,3.0,143.0,0.0,1.0,0.3333333333333333
2d,train__c07__user1__3-1-2,7,Eat_food,user1,3-1-2,29,0,0.8275862068965517,0.09520712483456178,0.9166666666666666,0.999224375202423,0.2720972637385599,0.8822550196569561,1.0,143.0,1.0,1.0,1.0
25d,train__c07__user1__3-1-2,7,Eat_food,user1,3-1-2,29,0,0.8275862068965517,0.18239865489621082,0.6458333333333334,0.9941041306189091,0.24156057766454708,0.7304944104097206,2.0,143.0,0.0,1.0,0.5
2d,train__c07__user1__3-1-3,7,Eat_food,user1,3-1-3,15,0,0.8277777777777777,0.09658517310443676,0.9798657718120806,0.9974878133042206,0.5599441227582255,0.9384485428117111,1.0,143.0,1.0,1.0,1.0
25d,train__c07__user1__3-1-3,7,Eat_food,user1,3-1-3,15,1,0.8273809523809523,0.4244055054476007,0.3237410071942446,0.9962671597597381,0.4865484513694927,0.5719134990236155,1.0,143.0,1.0,1.0,1.0
2d,train__c07__user1__4-1-1,7,Eat_food,user1,4-1-1,92,0,0.7373188405797102,0.2447569101803792,0.7358722358722358,-0.5315506659091217,0.2469541203292553,0.6188281062214828,19.0,143.0,0.0,0.0,0.05263157894736842
25d,train__c07__user1__4-1-1,7,Eat_food,user1,4-1-1,92,2,0.7148148148148148,0.39658820661963096,0.35621761658031087,-0.27518168658721576,0.2258146860935706,0.4318191033989487,13.0,143.0,0.0,0.0,0.07692307692307693
2d,train__c07__user1__4-1-2,7,Eat_food,user1,4-1-2,84,-1,0.7831325301204819,0.24548241604275794,0.6256410256410256,-0.5156301328116597,0.11844970616753957,0.5547365317960118,9.0,143.0,0.0,0.0,0.1111111111111111
25d,train__c07__user1__4-1-2,7,Eat_food,user1,4-1-2,84,-2,0.774390243902439,0.3692339408796843,0.33989501312335957,-0.37129535490712434,0.18431878629867235,0.4160756550897797,14.0,143.0,0.0,0.0,0.07142857142857142
2d,train__c07__user1__4-1-3,7,Eat_food,user1,4-1-3,45,0,0.774074074074074,0.2564741376826004,0.6889952153110048,0.04192939212187014,0.0424257294366975,0.6387296447483994,11.0,143.0,0.0,0.0,0.09090909090909091
25d,train__c07__user1__4-1-3,7,Eat_food,user1,4-1-3,45,-1,0.759469696969697,0.5896786259490229,0.23940149625935161,0.08678221969477429,0.351585231856824,0.41766490699835235,18.0,143.0,0.0,0.0,0.05555555555555555
2d,train__c07__user1__6-1-1,7,Eat_food,user1,6-1-1,27,0,0.8333333333333334,0.09543120233953893,0.9888888888888889,0.999216308696423,0.18654650199701428,0.9161348407416408,1.0,143.0,1.0,1.0,1.0
25d,train__c07__user1__6-1-1,7,Eat_food,user1,6-1-1,27,0,0.8333333333333334,0.17213524997051644,0.7,0.990781842390969,0.16979700677740403,0.7551462930807357,1.0,143.0,1.0,1.0,1.0
2d,train__c07__user1__6-1-2,7,Eat_food,user1,6-1-2,33,0,0.8333333333333334,0.10155125827143398,0.9393939393939394,0.9977740405135563,0.27471458317173053,0.8953809977892355,2.0,143.0,0.0,1.0,0.5
25d,train__c07__user1__6-1-2,7,Eat_food,user1,6-1-2,33,0,0.8333333333333334,0.1534050337746164,0.803030303030303,0.9930043236027442,0.3395982052097417,0.8247702977510051,2.0,143.0,0.0,1.0,0.5
2d,train__c07__user1__6-1-3,7,Eat_food,user1,6-1-3,19,0,0.8333333333333334,0.1091576449627322,0.8894736842105263,0.9966320402771385,0.34083145016888083,0.8727694224395027,1.0,143.0,1.0,1.0,1.0
25d,train__c07__user1__6-1-3,7,Eat_food,user1,6-1-3,19,0,0.8333333333333334,0.177893198233015,0.7,0.996826694644639,0.2610016255751915,0.7625911247159366,1.0,143.0,1.0,1.0,1.0
2d,train__c08__user1__1-2-1,8,Take_and_use_tableware,user1,1-2-1,27,0,0.691358024691358,0.13186829785889054,0.8973214285714286,0.9456531415328657,0.48643814162112,0.8687107629582921,1.0,143.0,1.0,1.0,1.0
25d,train__c08__user1__1-2-1,8,Take_and_use_tableware,user1,1-2-1,27,0,0.691358024691358,0.311493618396476,0.5848214285714286,0.899308384383374,0.33611161088996017,0.6809267974385059,1.0,143.0,1.0,1.0,1.0
2d,train__c08__user1__1-2-2,8,Take_and_use_tableware,user1,1-2-2,25,0,0.7233333333333334,0.1302011315452474,0.8894009216589862,0.93991542922807,0.33396269673987644,0.8555425854240737,1.0,143.0,1.0,1.0,1.0
25d,train__c08__user1__1-2-2,8,Take_and_use_tableware,user1,1-2-2,25,1,0.7222222222222222,0.2803386453027615,0.6298076923076923,0.9209097770138909,0.34731477999495464,0.7117560391924638,1.0,143.0,1.0,1.0,1.0
2d,train__c08__user1__2-1-2,8,Take_and_use_tableware,user1,2-1-2,32,0,0.6744791666666666,0.0996881165820915,0.9613899613899614,0.6614777768220577,0.589526454658734,0.8815746572127563,1.0,143.0,1.0,1.0,1.0
25d,train__c08__user1__2-1-2,8,Take_and_use_tableware,user1,2-1-2,32,0,0.6744791666666666,0.31172615570895645,0.4749034749034749,0.3462302562451145,0.3290588009125037,0.5629472635565271,1.0,143.0,1.0,1.0,1.0
2d,train__c08__user1__2-1-3,8,Take_and_use_tableware,user1,2-1-3,43,0,0.6666666666666666,0.12097890603786718,0.9622093023255814,0.6446350521051092,0.6603091099175609,0.8848684714000644,1.0,143.0,1.0,1.0,1.0
25d,train__c08__user1__2-1-3,8,Take_and_use_tableware,user1,2-1-3,43,0,0.6666666666666666,0.25088115046836784,0.436046511627907,0.30229687385199405,0.5839157956359136,0.5555156201199085,1.0,143.0,1.0,1.0,1.0
2d,train__c08__user1__4-1-1,8,Take_and_use_tableware,user1,4-1-1,23,-2,0.5158730158730159,0.1683721347579087,0.8153846153846154,0.5924887252323935,0.2275124648117733,0.7513611474329625,1.0,143.0,1.0,1.0,1.0
25d,train__c08__user1__4-1-1,8,Take_and_use_tableware,user1,4-1-1,23,1,0.5643939393939394,0.8476318819772249,0.26174496644295303,0.41315030592056196,0.2129045222147956,0.432681995241184,7.0,143.0,0.0,0.0,0.14285714285714285
2d,train__c08__user1__4-1-2,8,Take_and_use_tableware,user1,4-1-2,22,-2,0.2791666666666667,0.1305533610453463,0.8656716417910447,0.7821559935342278,0.32492067296434307,0.7816207194774899,2.0,143.0,0.0,1.0,0.5
25d,train__c08__user1__4-1-2,8,Take_and_use_tableware,user1,4-1-2,22,1,0.3253968253968254,0.44616314445567357,0.34146341463414637,0.5671401697411809,0.4341062584591196,0.4846165469470151,12.0,143.0,0.0,0.0,0.08333333333333333
2d,train__c08__user1__5-1-1,8,Take_and_use_tableware,user1,5-1-1,22,1,0.8809523809523809,0.2868622992615495,0.45495495495495497,-0.18655216698563293,0.3439804563264246,0.5204637808463819,40.0,143.0,0.0,0.0,0.025
25d,train__c08__user1__5-1-1,8,Take_and_use_tableware,user1,5-1-1,22,0,0.8333333333333334,0.9938483999278293,0.1318181818181818,-0.07087348942922757,0.21447521760949464,0.3398316257111227,47.0,143.0,0.0,0.0,0.02127659574468085
2d,train__c08__user1__5-1-2,8,Take_and_use_tableware,user1,5-1-2,15,-1,1.0,0.23710727652556293,0.5714285714285714,0.7400602650531802,0.1790905191858654,0.6767235297299722,2.0,143.0,0.0,1.0,0.5
25d,train__c08__user1__5-1-2,8,Take_and_use_tableware,user1,5-1-2,15,-2,0.9935897435897436,1.5203024342408902,0.2709677419354839,-0.5097211275829259,-0.01723063329377832,0.3711268221681645,68.0,143.0,0.0,0.0,0.014705882352941176
2d,train__c08__user1__5-1-3,8,Take_and_use_tableware,user1,5-1-3,13,-1,1.0,0.19658919996042323,0.6458333333333334,0.5841482313523345,0.3759422786773748,0.71681882736937,7.0,143.0,0.0,0.0,0.14285714285714285
25d,train__c08__user1__5-1-3,8,Take_and_use_tableware,user1,5-1-3,13,0,0.967948717948718,1.2875927277989065,0.2781456953642384,0.17263368981356256,0.11654501019621849,0.4507792489912756,43.0,143.0,0.0,0.0,0.023255813953488372
2d,train__c09__user1__2-1-2,9,Pour_drinks,user1,2-1-2,37,0,0.6666666666666666,0.10351770310505891,0.9831081081081081,-0.39980276608602705,0.4533741823243509,0.7763989131918497,1.0,143.0,1.0,1.0,1.0
25d,train__c09__user1__2-1-2,9,Pour_drinks,user1,2-1-2,37,0,0.6666666666666666,0.16444727415408483,0.7533783783783784,0.3043522655419349,0.3296274995792515,0.7111820637974121,1.0,143.0,1.0,1.0,1.0
2d,train__c09__user1__2-1-3,9,Pour_drinks,user1,2-1-3,33,0,0.7045454545454546,0.1779149561668968,0.7813620071684588,0.7397941558399869,0.2973711099474825,0.7714858982272577,1.0,143.0,1.0,1.0,1.0
25d,train__c09__user1__2-1-3,9,Pour_drinks,user1,2-1-3,33,-1,0.7057291666666666,0.490637075798542,0.45387453874538747,0.4699216751093057,0.18043847339749833,0.5557289659923728,1.0,143.0,1.0,1.0,1.0
2d,train__c09__user1__4-1-1,9,Pour_drinks,user1,4-1-1,75,0,0.6733333333333333,0.27627112469250653,0.570957095709571,0.06545241610842413,0.11817614378564419,0.5717681883683632,8.0,143.0,0.0,0.0,0.125
25d,train__c09__user1__4-1-1,9,Pour_drinks,user1,4-1-1,75,-1,0.6632882882882883,0.674963411069668,0.26485568760611206,0.11601830179871062,0.0862982914170734,0.4050736590483421,24.0,143.0,0.0,0.0,0.041666666666666664
2d,train__c09__user1__4-1-2,9,Pour_drinks,user1,4-1-2,72,1,0.7570422535211268,0.3311956085228626,0.5782945736434109,-0.13267947227408441,0.15553865375150053,0.5671636926599428,1.0,143.0,1.0,1.0,1.0
25d,train__c09__user1__4-1-2,9,Pour_drinks,user1,4-1-2,72,0,0.7141203703703703,0.8198415003459348,0.24473257698541329,-0.06445418277782497,0.11251312464229174,0.38300802044940374,15.0,143.0,0.0,0.0,0.06666666666666667
2d,train__c09__user1__4-1-3,9,Pour_drinks,user1,4-1-3,71,-1,0.6238095238095238,0.25300142614592785,0.5190839694656488,0.11264068291506159,0.09992350352351137,0.5416354666428288,2.0,143.0,0.0,1.0,0.5
25d,train__c09__user1__4-1-3,9,Pour_drinks,user1,4-1-3,71,0,0.5833333333333334,1.0403775571516969,0.2676056338028169,0.14084585866688856,0.10367652560955448,0.4023767572122881,6.0,143.0,0.0,0.0,0.16666666666666666
2d,train__c10__user1__2-1-2,10,Stir_drinks,user1,2-1-2,24,0,0.6666666666666666,0.11892960301274169,0.953125,0.9166273894164932,0.5827968816973593,0.901257921735618,1.0,143.0,1.0,1.0,1.0
25d,train__c10__user1__2-1-2,10,Stir_drinks,user1,2-1-2,24,0,0.6666666666666666,0.1677276706656585,0.734375,0.3194509322371934,0.480035235276985,0.7135206525361599,1.0,143.0,1.0,1.0,1.0
2d,train__c10__user1__2-1-3,10,Stir_drinks,user1,2-1-3,25,0,0.7533333333333333,0.08144875617195134,0.9867256637168141,0.9740573843576764,0.41988620670149845,0.9219296523159612,1.0,143.0,1.0,1.0,1.0
25d,train__c10__user1__2-1-3,10,Stir_drinks,user1,2-1-3,25,0,0.7533333333333333,0.22608256885280095,0.5442477876106194,0.9674594199059672,0.41206359671392806,0.6773203282633153,1.0,143.0,1.0,1.0,1.0
2d,train__c10__user1__3-1-1,10,Stir_drinks,user1,3-1-1,36,0,0.8055555555555556,0.0979273430305438,0.9166666666666666,0.9970242407841969,0.38223543903684387,0.8880923042284053,1.0,143.0,1.0,1.0,1.0
25d,train__c10__user1__3-1-1,10,Stir_drinks,user1,3-1-1,36,0,0.8055555555555556,0.14968463356940245,0.7902298850574713,0.993372104654618,0.4510020556520402,0.8233443569765297,4.0,143.0,0.0,1.0,0.25
2d,train__c10__user1__3-1-2,10,Stir_drinks,user1,3-1-2,37,0,0.7995495495495496,0.08903222934441903,1.0,0.9651000467432996,0.1358319182832544,0.9116523535005291,1.0,143.0,1.0,1.0,1.0
25d,train__c10__user1__3-1-2,10,Stir_drinks,user1,3-1-2,37,2,0.7976190476190477,0.17891854944737626,0.7343283582089553,0.9141381716922047,0.06827094928044733,0.7551766401420842,4.0,143.0,0.0,1.0,0.25
2d,train__c10__user1__3-1-3,10,Stir_drinks,user1,3-1-3,17,-1,0.8333333333333334,0.08849670445935755,0.99375,0.9832396542019401,0.5323133391866866,0.9431432991925289,1.0,143.0,1.0,1.0,1.0
25d,train__c10__user1__3-1-3,10,Stir_drinks,user1,3-1-3,17,0,0.8284313725490197,0.2514822643219574,0.5029585798816568,0.9863206012101672,0.5599970084387657,0.6751021919437374,1.0,143.0,1.0,1.0,1.0
2d,train__c10__user1__4-1-1,10,Stir_drinks,user1,4-1-1,26,-2,0.3923611111111111,0.18990227470971854,0.7433628318584071,0.6339559351592122,0.17270416095492813,0.699434074220776,21.0,143.0,0.0,0.0,0.047619047619047616
25d,train__c10__user1__4-1-1,10,Stir_drinks,user1,4-1-1,26,-2,0.3333333333333333,0.6891532057537978,0.3229166666666667,0.6230545439419352,0.09721788012651078,0.45553429540368184,26.0,143.0,0.0,0.0,0.038461538461538464
2d,train__c11__user1__1-2-1,11,Peel_fruits,user1,1-2-1,38,-1,0.6779279279279279,0.11357700157888524,0.9534883720930233,0.809089810695338,0.4111168026943375,0.8789541387155648,1.0,143.0,1.0,1.0,1.0
25d,train__c11__user1__1-2-1,11,Peel_fruits,user1,1-2-1,38,-1,0.6779279279279279,0.32056712683307903,0.574750830564784,0.7841382864503933,0.13525544614825208,0.6474637367095822,1.0,143.0,1.0,1.0,1.0
2d,train__c11__user1__1-2-2,11,Peel_fruits,user1,1-2-2,49,-1,0.6736111111111112,0.10223743878849886,0.9922680412371134,0.7304245229540933,0.24761027578495234,0.8797217567708043,1.0,143.0,1.0,1.0,1.0
25d,train__c11__user1__1-2-2,11,Peel_fruits,user1,1-2-2,49,0,0.6717687074829932,0.2407860091123886,0.8556962025316456,0.6331666406079347,0.11147578021106164,0.7844871297173275,1.0,143.0,1.0,1.0,1.0
2d,train__c11__user1__4-1-1,11,Peel_fruits,user1,4-1-1,108,1,0.9244548286604362,0.2309645467958297,0.603201347935973,-0.07564006942775382,0.08109680122043442,0.597724477379586,3.0,143.0,0.0,1.0,0.3333333333333333
25d,train__c11__user1__4-1-1,11,Peel_fruits,user1,4-1-1,108,1,0.9057632398753894,0.6746598635501315,0.40842648323301806,-0.03477424536940566,0.10190458651517331,0.49437630921739634,3.0,143.0,0.0,1.0,0.3333333333333333
2d,train__c11__user1__4-1-2,11,Peel_fruits,user1,4-1-2,109,2,0.7967289719626168,0.23371519665467172,0.678396871945259,-0.6565411834669979,0.06745233798505681,0.5671959837683336,14.0,143.0,0.0,0.0,0.07142857142857142
25d,train__c11__user1__4-1-2,11,Peel_fruits,user1,4-1-2,109,1,0.7885802469135802,0.42266503611745193,0.34637964774951074,-0.4809020627821944,0.011398339605948493,0.39713150014581566,13.0,143.0,0.0,0.0,0.07692307692307693
2d,train__c11__user1__4-1-3,11,Peel_fruits,user1,4-1-3,36,-1,0.6571428571428571,0.17767471624251563,0.8369565217391305,-0.2415264284722092,0.02633587895947588,0.6788629207455473,2.0,143.0,0.0,1.0,0.5
25d,train__c11__user1__4-1-3,11,Peel_fruits,user1,4-1-3,36,-1,0.6523809523809524,0.42567411609192124,0.33941605839416056,-0.28040293783362186,0.019900852041100998,0.400369197474604,7.0,143.0,0.0,0.0,0.14285714285714285
2d,train__c11__user1__6-1-1,11,Peel_fruits,user1,6-1-1,36,1,0.8333333333333334,0.10750853488251806,0.9114285714285715,0.985148126400577,0.17935267367539395,0.87158531078476,1.0,143.0,1.0,1.0,1.0
25d,train__c11__user1__6-1-1,11,Peel_fruits,user1,6-1-1,36,1,0.8333333333333334,0.22743306646148412,0.6685714285714286,0.9618377468587498,0.09447255055386125,0.7293168350250337,1.0,143.0,1.0,1.0,1.0
2d,train__c11__user1__6-1-2,11,Peel_fruits,user1,6-1-2,29,0,0.8333333333333334,0.10001250893458423,0.9137931034482759,0.9918146877259781,0.6586609886611907,0.9095005831520723,1.0,143.0,1.0,1.0,1.0
25d,train__c11__user1__6-1-2,11,Peel_fruits,user1,6-1-2,29,0,0.8333333333333334,0.16510217258994803,0.7517241379310344,0.9801575755615767,0.45297030436020147,0.8037701395785751,1.0,143.0,1.0,1.0,1.0
2d,train__c11__user1__6-1-3,11,Peel_fruits,user1,6-1-3,12,0,0.8333333333333334,0.10867102855598482,0.9,0.9774973402118484,0.5477242116830007,0.8921623832307433,1.0,143.0,1.0,1.0,1.0
25d,train__c11__user1__6-1-3,11,Peel_fruits,user1,6-1-3,12,0,0.8333333333333334,0.2592559224749833,0.6166666666666667,0.9551026889074868,0.40014731652212854,0.7230213176299085,1.0,143.0,1.0,1.0,1.0
2d,train__c12__user1__6-2-1,12,Sweep_the_floor,user1,6-2-1,106,0,0.9913522012578616,0.1686392920334416,0.8033306899286281,0.7343026803099458,0.4222785448598343,0.8210682584820138,1.0,143.0,1.0,1.0,1.0
25d,train__c12__user1__6-2-1,12,Sweep_the_floor,user1,6-2-1,106,0,0.9834905660377359,0.514713695612043,0.416466826538769,0.5185843080708344,0.04404777255646838,0.5575678249489151,1.0,143.0,1.0,1.0,1.0
2d,train__c12__user1__6-2-2,12,Sweep_the_floor,user1,6-2-2,94,0,0.9973404255319149,0.24071126399817372,0.6248888888888889,0.5955862206674741,0.32465807176614647,0.7023309088912889,1.0,143.0,1.0,1.0,1.0
25d,train__c12__user1__6-2-2,12,Sweep_the_floor,user1,6-2-2,94,0,0.9902482269503546,0.5411203491904476,0.3393017009847807,0.43970272964046875,0.07394338419274146,0.5101567850151674,1.0,143.0,1.0,1.0,1.0
2d,train__c12__user1__6-2-3,12,Sweep_the_floor,user1,6-2-3,67,0,0.9925373134328358,0.19772280978941195,0.6754385964912281,0.7722006952240351,0.3653646213727466,0.7503673755388185,1.0,143.0,1.0,1.0,1.0
25d,train__c12__user1__6-2-3,12,Sweep_the_floor,user1,6-2-3,67,0,0.9888059701492538,0.5740189074389846,0.3270440251572327,0.5261612256066887,0.18006365938346222,0.5198757078658319,2.0,143.0,0.0,1.0,0.5
2d,train__c13__user1__3-2-1,13,Mop_the_floor,user1,3-2-1,105,0,1.0,0.30358043643295285,0.4626984126984127,0.4391156578431081,0.3026677646669293,0.5960957751184576,1.0,143.0,1.0,1.0,1.0
25d,train__c13__user1__3-2-1,13,Mop_the_floor,user1,3-2-1,105,0,0.9825396825396825,0.8378796314056637,0.23505654281098545,0.4787404836152139,0.16343050575742027,0.4626664030933382,1.0,143.0,1.0,1.0,1.0
2d,train__c13__user1__3-2-2,13,Mop_the_floor,user1,3-2-2,124,0,1.0,0.28064735921334727,0.5685483870967742,0.5134586426899778,0.24307281699277603,0.6572779384466818,1.0,143.0,1.0,1.0,1.0
25d,train__c13__user1__3-2-2,13,Mop_the_floor,user1,3-2-2,124,-1,0.9857723577235772,0.9064055743603637,0.24673539518900345,0.48915613302830374,0.10456003847838556,0.46603931931501896,2.0,143.0,0.0,1.0,0.5
2d,train__c13__user1__3-2-3,13,Mop_the_floor,user1,3-2-3,80,0,0.96875,0.3078625783096074,0.4290322580645161,0.3093292733802877,0.2675237442517063,0.5588399500923906,1.0,143.0,1.0,1.0,1.0
25d,train__c13__user1__3-2-3,13,Mop_the_floor,user1,3-2-3,80,0,0.9572916666666667,0.8091896528290655,0.2535364526659412,0.28613899222416406,0.18070210717052307,0.45234077289314,1.0,143.0,1.0,1.0,1.0
2d,train__c14__user1__1-2-1,14,Wipe_bowls,user1,1-2-1,32,-1,0.75,0.1251514258855074,0.8960573476702509,0.9378423172520289,0.09541002372408348,0.8437715247231472,1.0,143.0,1.0,1.0,1.0
25d,train__c14__user1__1-2-1,14,Wipe_bowls,user1,1-2-1,32,-1,0.75,0.1605852249276225,0.8351254480286738,0.905747318965659,0.14268665209174605,0.8105952272192174,2.0,143.0,0.0,1.0,0.5
2d,train__c14__user1__1-2-2,14,Wipe_bowls,user1,1-2-2,19,0,0.75,0.09929309251649664,1.0,0.9874212713804496,0.3032473005205438,0.9214856746770859,1.0,143.0,1.0,1.0,1.0
25d,train__c14__user1__1-2-2,14,Wipe_bowls,user1,1-2-2,19,0,0.75,0.1422028896192867,0.8947368421052632,0.9557210044835689,0.34343397996526126,0.8634349121036462,1.0,143.0,1.0,1.0,1.0
2d,train__c14__user1__4-1-1,14,Wipe_bowls,user1,4-1-1,30,2,0.7291666666666666,0.1607643572177813,0.7591836734693878,0.6603834330364607,0.35202127785171744,0.7579076262173547,6.0,143.0,0.0,0.0,0.16666666666666666
25d,train__c14__user1__4-1-1,14,Wipe_bowls,user1,4-1-1,30,0,0.7222222222222222,0.5927415385197286,0.38846153846153847,0.5783074485194,0.4145824887663926,0.5498004998854878,8.0,143.0,0.0,0.0,0.125
2d,train__c14__user1__4-1-2,14,Wipe_bowls,user1,4-1-2,32,-2,0.18888888888888888,0.3064495637374241,0.5441176470588235,-0.1711288948262597,,0.47604070528861586,13.0,143.0,0.0,0.0,0.07692307692307693
25d,train__c14__user1__4-1-2,14,Wipe_bowls,user1,4-1-2,32,-1,0.1827956989247312,0.6014171861643125,0.4264705882352941,0.023211488082638995,,0.43015954223014885,25.0,143.0,0.0,0.0,0.04
2d,train__c14__user1__4-1-3,14,Wipe_bowls,user1,4-1-3,23,-1,0.7651515151515151,0.18223008221466708,0.7623762376237624,0.4712166497385759,0.2632403697833194,0.7376867749158275,1.0,143.0,1.0,1.0,1.0
25d,train__c14__user1__4-1-3,14,Wipe_bowls,user1,4-1-3,23,-1,0.7348484848484849,0.7969727843247951,0.3402061855670103,0.2305105776475274,0.23983404125353713,0.47663686140547223,1.0,143.0,1.0,1.0,1.0
2d,train__c17__user1__2-2-1,17,Tap_the_keyboard,user1,2-2-1,100,2,0.9370748299319728,0.1659863484019528,0.7186932849364791,0.7276838368501274,0.14041019313984174,0.7472879378787617,5.0,143.0,0.0,1.0,0.2
25d,train__c17__user1__2-2-1,17,Tap_the_keyboard,user1,2-2-1,100,1,0.9183501683501684,0.889849939361705,0.383134738771769,-0.2441356628539693,0.13648917240460337,0.4633822448044381,8.0,143.0,0.0,0.0,0.125
2d,train__c17__user1__2-2-2,17,Tap_the_keyboard,user1,2-2-2,114,1,0.8532448377581121,0.1974264249458567,0.581676750216076,0.4478546075354308,0.1749420228312486,0.6381528088605398,14.0,143.0,0.0,0.0,0.07142857142857142
25d,train__c17__user1__2-2-2,17,Tap_the_keyboard,user1,2-2-2,114,0,0.777046783625731,0.5348342426122934,0.35747883349012227,-0.493316873409641,0.2615005858720243,0.4195988933815781,45.0,143.0,0.0,0.0,0.022222222222222223
2d,train__c17__user1__2-2-3,17,Tap_the_keyboard,user1,2-2-3,75,0,0.4855555555555556,0.22957453459780033,0.4805491990846682,0.8176118032837801,0.24004356551098205,0.5876220627938248,22.0,143.0,0.0,0.0,0.045454545454545456
25d,train__c17__user1__2-2-3,17,Tap_the_keyboard,user1,2-2-3,75,-1,0.49099099099099097,0.5788196454477922,0.2545871559633027,-0.11122808358089045,0.24962587822622098,0.37172116738779315,28.0,143.0,0.0,0.0,0.03571428571428571
2d,train__c17__user1__3-2-1,17,Tap_the_keyboard,user1,3-2-1,67,-2,0.0,,,,,0.175,,,,,
25d,train__c17__user1__3-2-1,17,Tap_the_keyboard,user1,3-2-1,67,-2,0.0,,,,,0.175,,,,,
2d,train__c17__user1__3-2-2,17,Tap_the_keyboard,user1,3-2-2,66,-2,0.0,,,,,0.175,,,,,
25d,train__c17__user1__3-2-2,17,Tap_the_keyboard,user1,3-2-2,66,-2,0.0,,,,,0.175,,,,,
2d,train__c17__user1__3-2-3,17,Tap_the_keyboard,user1,3-2-3,29,1,0.11607142857142858,0.24257842163144747,0.5384615384615384,0.7633386105637628,,0.5590948500673653,,,,,
25d,train__c17__user1__3-2-3,17,Tap_the_keyboard,user1,3-2-3,29,2,0.08333333333333333,0.8896475301038757,0.37037037037037035,-0.4307757540261311,,0.343959461634424,,,,,
2d,train__c20__user1__3-2-1,20,Check_the_time,user1,3-2-1,13,-2,0.0,,,,,0.175,,,,,
25d,train__c20__user1__3-2-1,20,Check_the_time,user1,3-2-1,13,-2,0.0,,,,,0.175,,,,,
2d,train__c20__user1__3-2-2,20,Check_the_time,user1,3-2-2,9,-2,0.0,,,,,0.175,,,,,
25d,train__c20__user1__3-2-2,20,Check_the_time,user1,3-2-2,9,-2,0.0,,,,,0.175,,,,,
2d,train__c20__user1__5-1-1,20,Check_the_time,user1,5-1-1,17,-1,0.9635416666666666,0.19356040783637285,0.7189189189189189,0.3289919252749297,0.23698335455954012,0.7174325161915306,5.0,143.0,0.0,1.0,0.2
25d,train__c20__user1__5-1-1,20,Check_the_time,user1,5-1-1,17,-1,0.9583333333333334,1.304237417413233,0.266304347826087,0.016445034789976238,0.21847473699412046,0.43533083339123785,17.0,143.0,0.0,0.0,0.058823529411764705
2d,train__c20__user1__5-1-2,20,Check_the_time,user1,5-1-2,40,0,0.9916666666666667,0.16531205415797892,0.8319327731092437,0.45392666503233076,0.407625521379367,0.8076942724834364,1.0,143.0,1.0,1.0,1.0
25d,train__c20__user1__5-1-2,20,Check_the_time,user1,5-1-2,40,1,0.9764957264957265,1.4188519345756916,0.29540481400437635,-0.11356092597337994,0.3419337083186429,0.44941115587853986,56.0,143.0,0.0,0.0,0.017857142857142856
2d,train__c20__user1__5-1-3,20,Check_the_time,user1,5-1-3,25,-1,0.2638888888888889,0.20933731377728523,0.6578947368421053,0.351330134256868,0.8322513691646596,0.6607828602650831,3.0,143.0,0.0,1.0,0.3333333333333333
25d,train__c20__user1__5-1-3,20,Check_the_time,user1,5-1-3,25,-1,0.2638888888888889,1.1450755023134664,0.34210526315789475,-0.3930596932270166,0.6434487531051516,0.39849947078591574,19.0,143.0,0.0,0.0,0.05263157894736842
2d,train__c21__user1__6-2-1,21,Read_documents,user1,6-2-1,30,1,0.3563218390804598,0.15572453753418775,0.8225806451612904,0.293166120649924,0.1337306624431394,0.7023979504949837,1.0,143.0,1.0,1.0,1.0
25d,train__c21__user1__6-2-1,21,Read_documents,user1,6-2-1,30,1,0.35344827586206895,1.2153165333029188,0.4796747967479675,0.3166386576617712,0.009918735444379571,0.5065737367220946,26.0,143.0,0.0,0.0,0.038461538461538464
2d,train__c21__user1__6-2-2,21,Read_documents,user1,6-2-2,11,-2,0.0,,,,,0.175,,,,,
25d,train__c21__user1__6-2-2,21,Read_documents,user1,6-2-2,11,-2,0.0,,,,,0.175,,,,,
2d,train__c21__user1__6-2-3,21,Read_documents,user1,6-2-3,10,-2,0.0,,,,,0.175,,,,,
25d,train__c21__user1__6-2-3,21,Read_documents,user1,6-2-3,10,-2,0.0,,,,,0.175,,,,,
2d,train__c22__user1__6-2-1,22,Turn_pages,user1,6-2-1,30,-2,0.19642857142857142,0.14116383805641938,0.8939393939393939,0.6713766359925823,0.14656257906725792,0.7644393808388266,2.0,143.0,0.0,1.0,0.5
25d,train__c22__user1__6-2-1,22,Turn_pages,user1,6-2-1,30,1,0.15804597701149425,1.4005394267596285,0.5272727272727272,0.27367087061875695,,0.5081716847630251,32.0,143.0,0.0,0.0,0.03125
2d,train__c22__user1__6-2-2,22,Turn_pages,user1,6-2-2,19,-2,0.0,,,,,0.175,,,,,
25d,train__c22__user1__6-2-2,22,Turn_pages,user1,6-2-2,19,-2,0.0,,,,,0.175,,,,,
2d,train__c22__user1__6-2-3,22,Turn_pages,user1,6-2-3,37,2,0.02619047619047619,0.16049166484102487,0.7272727272727273,0.020862887136408968,,0.5797053363326885,,,,,
25d,train__c22__user1__6-2-3,22,Turn_pages,user1,6-2-3,37,0,0.04504504504504504,1.5041066431425791,0.35,0.22880635496160803,,0.3948851400006653,,,,,
2d,train__c23__user1__5-1-1,23,Listen_to_music_with_headphones,user1,5-1-1,48,-1,0.7216312056737588,0.22641608297655913,0.6461916461916462,0.16841263066586987,0.09263228348498544,0.6263572103007422,2.0,143.0,0.0,1.0,0.5
25d,train__c23__user1__5-1-1,23,Listen_to_music_with_headphones,user1,5-1-1,48,2,0.7318840579710145,0.719480142270673,0.40594059405940597,0.12563068635474178,0.12007768330009347,0.493024627412756,12.0,143.0,0.0,0.0,0.08333333333333333
2d,train__c23__user1__5-1-2,23,Listen_to_music_with_headphones,user1,5-1-2,16,-1,0.9555555555555556,0.201327453952951,0.6686046511627907,0.5851070192311321,0.08833777066392585,0.7034241484179982,1.0,143.0,1.0,1.0,1.0
25d,train__c23__user1__5-1-2,23,Listen_to_music_with_headphones,user1,5-1-2,16,2,0.9404761904761905,1.2529301413563636,0.2848101265822785,-0.30163291454386426,0.07780206725726392,0.4013650522577806,48.0,143.0,0.0,0.0,0.020833333333333332
2d,train__c25__user1__5-1-1,25,Watch_TV,user1,5-1-1,58,0,0.9482758620689655,0.3108788766615901,0.5696969696969697,-0.12085513540375602,0.2864628754578636,0.592560121659194,6.0,143.0,0.0,0.0,0.16666666666666666
25d,train__c25__user1__5-1-1,25,Watch_TV,user1,5-1-1,58,0,0.9468390804597702,1.8080801124643517,0.30652503793626706,0.006602784398524538,0.25631182797011315,0.45815634444853487,27.0,143.0,0.0,0.0,0.037037037037037035
2d,train__c25__user1__5-1-2,25,Watch_TV,user1,5-1-2,37,0,0.7184684684684685,0.19463726478726825,0.7147335423197492,0.5822674433947806,0.2068877684091537,0.7136936220928736,2.0,143.0,0.0,1.0,0.5
25d,train__c25__user1__5-1-2,25,Watch_TV,user1,5-1-2,37,-1,0.7106481481481481,1.2177573843618539,0.30944625407166126,0.04340417942963366,0.3444387596116263,0.4464335794680639,84.0,143.0,0.0,0.0,0.011904761904761904
2d,train__c25__user1__5-1-3,25,Watch_TV,user1,5-1-3,40,0,0.9875,0.3655524066784391,0.49156118143459915,0.18881073095616993,0.19951042385061013,0.5779530046734423,42.0,143.0,0.0,0.0,0.023809523809523808
25d,train__c25__user1__5-1-3,25,Watch_TV,user1,5-1-3,40,0,0.9875,0.6225828707676239,0.379746835443038,0.0008836979588415315,0.07776665338620663,0.4885316282935206,3.0,143.0,0.0,1.0,0.3333333333333333
2d,train__c27__user1__5-1-1,27,Take_a_selfie,user1,5-1-1,76,-1,0.27555555555555555,0.2674163218461723,0.7137096774193549,0.33807363990267003,0.14015219081455477,0.6394146564375595,25.0,143.0,0.0,0.0,0.04
25d,train__c27__user1__5-1-1,27,Take_a_selfie,user1,5-1-1,76,0,0.2850877192982456,0.9718859498128013,0.2230769230769231,0.25289277031618557,0.06054765706294296,0.3560314309334715,67.0,143.0,0.0,0.0,0.014925373134328358
2d,train__c27__user1__5-1-2,27,Take_a_selfie,user1,5-1-2,153,-1,0.8695175438596491,0.19822601881461185,0.7711223203026482,0.47011616527692907,0.09346573783342975,0.7400905774176215,1.0,143.0,1.0,1.0,1.0
25d,train__c27__user1__5-1-2,27,Take_a_selfie,user1,5-1-2,153,-2,0.8636865342163356,1.4143326766879802,0.26517571884984026,0.366744270125378,0.10195748783797716,0.4515365373894318,32.0,143.0,0.0,0.0,0.03125
2d,train__c27__user1__5-1-3,27,Take_a_selfie,user1,5-1-3,105,-2,0.6262135922330098,0.22821393275272292,0.7932816537467701,-0.03612365677313991,0.23837352666748993,0.6881919176067723,28.0,143.0,0.0,0.0,0.03571428571428571
25d,train__c27__user1__5-1-3,27,Take_a_selfie,user1,5-1-3,105,-2,0.6173139158576052,0.35379181102438184,0.5150720838794234,0.5377819988862771,0.28299525279870874,0.5950238815679743,19.0,143.0,0.0,0.0,0.05263157894736842
2d,train__c29__user1__1-1-1,29,Do_squats,user1,1-1-1,50,0,0.9883333333333333,0.19813289170924597,0.7352445193929174,0.7063291507740171,0.10535188236565739,0.7567521252542639,1.0,143.0,1.0,1.0,1.0
25d,train__c29__user1__1-1-1,29,Do_squats,user1,1-1-1,50,0,0.9666666666666667,0.6008248526873439,0.27586206896551724,0.7080659639693021,0.10137860762560309,0.5018007965665516,1.0,143.0,1.0,1.0,1.0
2d,train__c29__user1__1-1-2,29,Do_squats,user1,1-1-2,54,0,0.8626543209876543,0.1816232251651239,0.817531305903399,0.8448210213021451,0.37124074469693474,0.8232328083281195,1.0,143.0,1.0,1.0,1.0
25d,train__c29__user1__1-1-2,29,Do_squats,user1,1-1-2,54,0,0.8626543209876543,0.2500280059747498,0.5098389982110912,0.8695466863606377,0.3554517675535416,0.6552904323174451,1.0,143.0,1.0,1.0,1.0
2d,train__c29__user1__1-1-3,29,Do_squats,user1,1-1-3,26,0,0.7916666666666666,0.26131180630836703,0.7125506072874493,0.8007565816425747,0.2301913040414417,0.7434095066421293,1.0,143.0,1.0,1.0,1.0
25d,train__c29__user1__1-1-3,29,Do_squats,user1,1-1-3,26,0,0.7916666666666666,0.4159687850133101,0.4008097165991903,0.6769981179137515,0.29383459389974403,0.5643494171300774,1.0,143.0,1.0,1.0,1.0
2d,train__c29__user1__3-2-1,29,Do_squats,user1,3-2-1,34,0,0.9705882352941176,0.19925240028342098,0.7651515151515151,0.9446674478032505,0.3824589505541361,0.8160433229346303,1.0,143.0,1.0,1.0,1.0
25d,train__c29__user1__3-2-1,29,Do_squats,user1,3-2-1,34,0,0.9705882352941176,0.4747357326162716,0.4621212121212121,0.8695736503012486,0.15304195607657653,0.6246610019319465,1.0,143.0,1.0,1.0,1.0
2d,train__c29__user1__3-2-2,29,Do_squats,user1,3-2-2,64,0,0.9947916666666666,0.19733758978370572,0.7198952879581152,0.9572472334507707,0.47389824520137497,0.8016886667788102,1.0,143.0,1.0,1.0,1.0
25d,train__c29__user1__3-2-2,29,Do_squats,user1,3-2-2,64,0,0.9934895833333334,0.5993307551601461,0.4941022280471822,0.8700797792754242,0.16046546360147276,0.6451480714569364,1.0,143.0,1.0,1.0,1.0
2d,train__c29__user1__3-2-3,29,Do_squats,user1,3-2-3,51,0,0.9771241830065359,0.1917319454723193,0.7357859531772575,0.9219487596083535,0.5542573222951637,0.8111588676811178,1.0,143.0,1.0,1.0,1.0
25d,train__c29__user1__3-2-3,29,Do_squats,user1,3-2-3,51,0,0.9722222222222222,0.5941470072632999,0.4016806722689076,0.8592229166286524,0.33843058400692655,0.6044511774335061,1.0,143.0,1.0,1.0,1.0
2d,train__c30__user1__1-1-1,30,Do_jumping_jacks,user1,1-1-1,52,0,0.9775641025641025,0.17203118629896802,0.8032786885245902,0.5285076941649749,0.2780867224431535,0.788266962544669,1.0,143.0,1.0,1.0,1.0
25d,train__c30__user1__1-1-1,30,Do_jumping_jacks,user1,1-1-1,52,0,0.9775641025641025,0.479583783266965,0.37868852459016394,0.3722603205993684,0.05972396334317725,0.5227404280916756,1.0,143.0,1.0,1.0,1.0
2d,train__c30__user1__1-1-2,30,Do_jumping_jacks,user1,1-1-2,57,0,0.9722222222222222,0.2523383488637844,0.7233082706766917,0.24382270933466896,0.2760061805033807,0.7151245055656231,1.0,143.0,1.0,1.0,1.0
25d,train__c30__user1__1-1-2,30,Do_jumping_jacks,user1,1-1-2,57,0,0.9722222222222222,0.5431800588754555,0.3443609022556391,0.3699429368156794,0.14888456732689503,0.5097813546939088,1.0,143.0,1.0,1.0,1.0
2d,train__c30__user1__1-1-3,30,Do_jumping_jacks,user1,1-1-3,34,0,0.9852941176470589,0.2192605331900919,0.753731343283582,0.40449534335255316,0.13417550321273608,0.7385943476468865,1.0,143.0,1.0,1.0,1.0
25d,train__c30__user1__1-1-3,30,Do_jumping_jacks,user1,1-1-3,34,0,0.9852941176470589,0.5027401699366117,0.35572139303482586,0.38584433754952563,-0.009813755913408271,0.507024579995307,1.0,143.0,1.0,1.0,1.0
2d,train__c31__user1__7-1-1,31,Do_stretching_exercises,user1,7-1-1,50,2,0.7847222222222222,0.2947215150017893,0.5176991150442478,-0.0734452507100109,0.13584952273366765,0.5410509246305825,6.0,143.0,0.0,0.0,0.16666666666666666
25d,train__c31__user1__7-1-1,31,Do_stretching_exercises,user1,7-1-1,50,2,0.7829861111111112,1.130681455261647,0.30598669623059865,0.09445053789623853,-0.017243454965051353,0.4297430887051854,18.0,143.0,0.0,0.0,0.05555555555555555
2d,train__c31__user1__7-1-2,31,Do_stretching_exercises,user1,7-1-2,70,0,0.8940476190476191,0.4151667500073059,0.4766977363515313,-0.3568546106753536,0.036395570073227634,0.49363272358606086,97.0,143.0,0.0,0.0,0.010309278350515464
25d,train__c31__user1__7-1-2,31,Do_stretching_exercises,user1,7-1-2,70,0,0.875,1.3204517474824975,0.3020408163265306,-0.3153385716474932,0.017917612896004135,0.3984324127820429,88.0,143.0,0.0,0.0,0.011363636363636364
2d,train__c31__user1__7-1-3,31,Do_stretching_exercises,user1,7-1-3,39,0,0.8867521367521367,0.29670269729326015,0.5132530120481927,-0.3343502350417926,0.33683303059731456,0.537791824092339,2.0,143.0,0.0,1.0,0.5
25d,train__c31__user1__7-1-3,31,Do_stretching_exercises,user1,7-1-3,39,0,0.8717948717948718,1.1138688839427306,0.22549019607843138,-0.17572883092657057,0.08283214394219952,0.3748386227256324,11.0,143.0,0.0,0.0,0.09090909090909091
2d,train__c32__user1__2-2-1,32,Stand_up,user1,2-2-1,12,0,1.0,0.17028255713927837,0.7638888888888888,0.9055560528803521,0.616156260223334,0.8319062136936741,2.0,143.0,0.0,1.0,0.5
25d,train__c32__user1__2-2-1,32,Stand_up,user1,2-2-1,12,0,0.9791666666666666,0.262655842552279,0.524822695035461,0.7705386957052178,0.580796076810151,0.6821827242674534,2.0,143.0,0.0,1.0,0.5
2d,train__c32__user1__2-2-2,32,Stand_up,user1,2-2-2,21,-1,1.0,0.12494385737849262,0.925,0.9297758047727626,0.3246128285376023,0.9010735426175964,1.0,143.0,1.0,1.0,1.0
25d,train__c32__user1__2-2-2,32,Stand_up,user1,2-2-2,21,-1,1.0,0.23975965574997601,0.5541666666666667,0.70016781992943,0.4066374490038822,0.6803062573349008,1.0,143.0,1.0,1.0,1.0
2d,train__c32__user1__2-2-3,32,Stand_up,user1,2-2-3,11,-1,1.0,0.13538162045308233,0.9083333333333333,0.6998588245054507,0.3897074682414641,0.8737972759019882,2.0,143.0,0.0,1.0,0.5
25d,train__c32__user1__2-2-3,32,Stand_up,user1,2-2-3,11,0,0.9924242424242424,0.25498348828832246,0.4580152671755725,0.8035146394498177,0.5700115223197706,0.6492531493079537,2.0,143.0,0.0,1.0,0.5
2d,train__c32__user1__3-2-1,32,Stand_up,user1,3-2-1,14,-2,0.5486111111111112,0.1748819819187244,0.7848101265822784,-0.03263132284593216,0.04699016711032456,0.6617678109800456,12.0,143.0,0.0,0.0,0.08333333333333333
25d,train__c32__user1__3-2-1,32,Stand_up,user1,3-2-1,14,0,0.6071428571428571,0.9935627955490953,0.27450980392156865,-0.006505712985847777,0.25823270015241834,0.40541155908399507,29.0,143.0,0.0,0.0,0.034482758620689655
2d,train__c32__user1__3-2-2,32,Stand_up,user1,3-2-2,14,-1,0.5384615384615384,0.1795408190191956,0.7380952380952381,0.429305573626859,0.49499399383975967,0.7148536416992027,9.0,143.0,0.0,0.0,0.1111111111111111
25d,train__c32__user1__3-2-2,32,Stand_up,user1,3-2-2,14,0,0.5714285714285714,0.7506361485103786,0.4583333333333333,0.37676907008303595,0.01952068897122979,0.5233671491573363,20.0,143.0,0.0,0.0,0.05
2d,train__c32__user1__3-2-3,32,Stand_up,user1,3-2-3,14,0,0.6666666666666666,0.22106404067608038,0.7767857142857143,0.05175793840470018,0.25760809251401323,0.6933952103028305,1.0,143.0,1.0,1.0,1.0
25d,train__c32__user1__3-2-3,32,Stand_up,user1,3-2-3,14,1,0.717948717948718,0.9480699940998732,0.3482142857142857,-0.20642910546848273,0.25350224653452286,0.4366824868809699,10.0,143.0,0.0,0.0,0.1
2d,train__c32__user1__6-2-1,32,Stand_up,user1,6-2-1,15,-2,0.5705128205128205,0.2899321055408587,0.7191011235955056,0.14408240427584468,0.022452502751817146,0.6436490781627809,6.0,143.0,0.0,0.0,0.16666666666666666
25d,train__c32__user1__6-2-1,32,Stand_up,user1,6-2-1,15,1,0.6666666666666666,1.0465528929980483,0.08928571428571429,0.2619700971561741,0.2817154217703845,0.3380994758722058,97.0,143.0,0.0,0.0,0.010309278350515464
2d,train__c32__user1__6-2-2,32,Stand_up,user1,6-2-2,13,-2,0.36363636363636365,0.21595370065841604,0.75,-0.23812555843029415,,0.600051080520607,15.0,143.0,0.0,0.0,0.06666666666666667
25d,train__c32__user1__6-2-2,32,Stand_up,user1,6-2-2,13,2,0.5378787878787878,1.1353414950466725,0.30985915492957744,0.02314978559824532,0.09437974411372808,0.40860387336750054,30.0,143.0,0.0,0.0,0.03333333333333333
2d,train__c32__user1__6-2-3,32,Stand_up,user1,6-2-3,10,-2,0.7916666666666666,0.16800233381675134,0.7631578947368421,0.20897474928214896,-0.04056800584982031,0.6917583832614083,7.0,143.0,0.0,0.0,0.14285714285714285
25d,train__c32__user1__6-2-3,32,Stand_up,user1,6-2-3,10,0,0.825,0.9324664825234797,0.43434343434343436,0.6183930748748658,0.35248841050659396,0.5846648271643701,19.0,143.0,0.0,0.0,0.05263157894736842
2d,train__c34__user1__2-2-1,34,Sit_down,user1,2-2-1,14,0,0.8869047619047619,0.2602373818300712,0.7248322147651006,0.5310908471374663,0.0369627171131243,0.7182294828085125,5.0,143.0,0.0,1.0,0.2
25d,train__c34__user1__2-2-1,34,Sit_down,user1,2-2-1,14,2,0.8611111111111112,0.5827677380723634,0.3709677419354839,0.5841203125956013,-0.1846275408254642,0.5097083348732776,3.0,143.0,0.0,1.0,0.3333333333333333
2d,train__c34__user1__2-2-2,34,Sit_down,user1,2-2-2,17,0,1.0,0.24188916080558956,0.6666666666666666,0.323329394437221,0.25612361546859896,0.6932088772705337,1.0,143.0,1.0,1.0,1.0
25d,train__c34__user1__2-2-2,34,Sit_down,user1,2-2-2,17,2,0.9833333333333333,0.6550054290142862,0.3389830508474576,0.26546512857261445,0.027309848795854585,0.4883687628163855,1.0,143.0,1.0,1.0,1.0
2d,train__c34__user1__2-2-3,34,Sit_down,user1,2-2-3,9,0,0.9074074074074074,0.2692885908721738,0.5918367346938775,0.5509310055513202,0.4930201876166087,0.6833205594487511,5.0,143.0,0.0,1.0,0.2
25d,train__c34__user1__2-2-3,34,Sit_down,user1,2-2-3,9,0,0.8796296296296297,0.7745380659871985,0.25263157894736843,0.06338204010070941,0.04123481886198404,0.41134114680873535,3.0,143.0,0.0,1.0,0.3333333333333333
2d,train__c34__user1__3-2-1,34,Sit_down,user1,3-2-1,13,2,0.7045454545454546,0.2640007507238048,0.6451612903225806,0.576795993976995,0.30670464956268106,0.6809757032468654,7.0,143.0,0.0,0.0,0.14285714285714285
25d,train__c34__user1__3-2-1,34,Sit_down,user1,3-2-1,13,2,0.696969696969697,0.5209455591473502,0.34782608695652173,0.40865217994049263,0.07739831498315818,0.4826714091408428,7.0,143.0,0.0,0.0,0.14285714285714285
2d,train__c34__user1__3-2-2,34,Sit_down,user1,3-2-2,14,1,0.6858974358974359,0.267685203479116,0.5514018691588785,0.15416163783027725,0.09114666192465933,0.5691129350545039,8.0,143.0,0.0,0.0,0.125
25d,train__c34__user1__3-2-2,34,Sit_down,user1,3-2-2,14,-1,0.6025641025641025,0.8112405412874807,0.2978723404255319,-0.13404311405081631,0.16755489343519692,0.39824850309301096,14.0,143.0,0.0,0.0,0.07142857142857142
2d,train__c34__user1__3-2-3,34,Sit_down,user1,3-2-3,9,1,0.9166666666666666,0.20433107114686455,0.7272727272727273,0.6893718146931707,0.13485643951373807,0.7457180810995142,5.0,143.0,0.0,1.0,0.2
25d,train__c34__user1__3-2-3,34,Sit_down,user1,3-2-3,9,0,0.9074074074074074,0.9562295961766023,0.3163265306122449,-0.018259681786210513,-0.044380475115518764,0.4345658287651905,19.0,143.0,0.0,0.0,0.05263157894736842
2d,train__c34__user1__6-2-1,34,Sit_down,user1,6-2-1,9,0,0.7592592592592593,0.3143354190068141,0.47560975609756095,0.2402524815608687,0.2012506936415423,0.551630341958787,22.0,143.0,0.0,0.0,0.045454545454545456
25d,train__c34__user1__6-2-1,34,Sit_down,user1,6-2-1,9,1,0.7395833333333334,0.8845046053771162,0.18309859154929578,0.13488218049785605,0.1503886089076047,0.374429922403302,18.0,143.0,0.0,0.0,0.05555555555555555
2d,train__c34__user1__6-2-2,34,Sit_down,user1,6-2-2,15,2,0.7756410256410257,0.2600663251070482,0.5702479338842975,0.3828403837750433,0.24260991546214009,0.622680248237631,4.0,143.0,0.0,1.0,0.25
25d,train__c34__user1__6-2-2,34,Sit_down,user1,6-2-2,15,2,0.7756410256410257,1.0212009630899526,0.2975206611570248,0.16504464538540553,0.10615235612838904,0.44066635744863597,12.0,143.0,0.0,0.0,0.08333333333333333
2d,train__c34__user1__6-2-3,34,Sit_down,user1,6-2-3,8,-1,0.7857142857142857,0.238466292102757,0.5757575757575758,0.5248627843793955,0.42912901745007254,0.6549090499847903,1.0,143.0,1.0,1.0,1.0
25d,train__c34__user1__6-2-3,34,Sit_down,user1,6-2-3,8,-2,0.625,0.7729931919004968,0.2222222222222222,0.6553486968118838,,0.4252570919034106,2.0,143.0,0.0,1.0,0.5
2d,train__c34__user1__7-1-1,34,Sit_down,user1,7-1-1,17,2,0.9666666666666667,0.23307797913126863,0.7183908045977011,0.7492003006269601,0.07606200727719868,0.7474062898038882,4.0,143.0,0.0,1.0,0.25
25d,train__c34__user1__7-1-1,34,Sit_down,user1,7-1-1,17,1,0.9635416666666666,1.0338811481281576,0.3675675675675676,0.21503116080656612,0.16884316372910202,0.5076826821891681,27.0,143.0,0.0,0.0,0.037037037037037035
2d,train__c34__user1__7-1-2,34,Sit_down,user1,7-1-2,20,1,0.9868421052631579,0.20644171224874602,0.6355555555555555,0.7136710767267296,0.07915114546650763,0.7005432096645324,1.0,143.0,1.0,1.0,1.0
25d,train__c34__user1__7-1-2,34,Sit_down,user1,7-1-2,20,2,0.9861111111111112,1.115180516439083,0.3004694835680751,0.04360782762627822,0.03605960289077644,0.44593458005298847,17.0,143.0,0.0,0.0,0.058823529411764705
2d,train__c34__user1__7-1-3,34,Sit_down,user1,7-1-3,11,-1,1.0,0.26549984455552905,0.6666666666666666,0.6481402137500583,0.3525967630120108,0.7329254452675733,1.0,143.0,1.0,1.0,1.0
25d,train__c34__user1__7-1-3,34,Sit_down,user1,7-1-3,11,-2,0.9907407407407407,0.9218488973292219,0.35514018691588783,0.6108356645785119,0.07728337925597688,0.5362809967798619,2.0,143.0,0.0,1.0,0.5
2d,train__c35__user1__3-2-1,35,Do_lunges,user1,3-2-1,56,0,0.9985119047619048,0.1384431904331654,0.9076005961251863,0.5921065578460194,0.2361795116553714,0.8509556375037979,1.0,143.0,1.0,1.0,1.0
25d,train__c35__user1__3-2-1,35,Do_lunges,user1,3-2-1,56,0,0.9955357142857143,0.27428520745931917,0.6696562032884903,0.3754002774089529,0.14566376205004725,0.69132929313189,1.0,143.0,1.0,1.0,1.0
2d,train__c35__user1__3-2-2,35,Do_lunges,user1,3-2-2,44,0,0.9943181818181818,0.13801791321454793,0.8742857142857143,0.48551413308222613,0.3052226564416914,0.8267320735803105,1.0,143.0,1.0,1.0,1.0
25d,train__c35__user1__3-2-2,35,Do_lunges,user1,3-2-2,44,0,0.9943181818181818,0.25696848689613333,0.6723809523809524,0.2880190428124611,0.18265151336328622,0.6867421097748345,2.0,143.0,0.0,1.0,0.5
2d,train__c35__user1__3-2-3,35,Do_lunges,user1,3-2-3,35,0,0.930952380952381,0.15168985608807767,0.8184143222506394,0.5078198290264959,0.3079418739347277,0.792100738780844,1.0,143.0,1.0,1.0,1.0
25d,train__c35__user1__3-2-3,35,Do_lunges,user1,3-2-3,35,0,0.930952380952381,0.3988041288251552,0.6368286445012787,0.23087268305012631,0.1878929932427871,0.6555302353691631,1.0,143.0,1.0,1.0,1.0
2d,train__c36__user1__1-2-1,36,Walk,user1,1-2-1,14,-2,0.04861111111111111,0.09343739418681483,1.0,,,0.7298611111111111,,,,,
25d,train__c36__user1__1-2-1,36,Walk,user1,1-2-1,14,0,0.09523809523809523,0.19644019304816948,0.5625,0.9945840619483037,,0.5933572157186399,,,,,
2d,train__c36__user1__1-2-2,36,Walk,user1,1-2-2,16,0,0.16666666666666666,0.24249610096617036,0.65625,0.2675232379601891,,0.5793564904626857,5.0,143.0,0.0,1.0,0.2
25d,train__c36__user1__1-2-2,36,Walk,user1,1-2-2,16,0,0.16666666666666666,0.2325187927393118,0.625,0.19574043263427435,,0.5549907099300941,3.0,143.0,0.0,1.0,0.3333333333333333
2d,train__c36__user1__2-1-2,36,Walk,user1,2-1-2,19,-1,0.18055555555555555,0.19100733536475517,0.7435897435897436,0.8539927831192231,0.6629230049241664,0.7371484182111494,1.0,143.0,1.0,1.0,1.0
25d,train__c36__user1__2-1-2,36,Walk,user1,2-1-2,19,-1,0.17592592592592593,0.24073406539355063,0.5,0.5950668617138067,0.6921572464455693,0.5790110722473909,1.0,143.0,1.0,1.0,1.0
2d,train__c36__user1__2-1-3,36,Walk,user1,2-1-3,10,-1,0.2222222222222222,0.3368707881685585,0.5833333333333334,0.27689536226755634,,0.5457450917823112,1.0,143.0,1.0,1.0,1.0
25d,train__c36__user1__2-1-3,36,Walk,user1,2-1-3,10,-1,0.21296296296296297,0.3176917713820079,0.5217391304347826,0.8024713296521091,,0.5634999510006375,1.0,143.0,1.0,1.0,1.0
2d,train__c36__user1__2-2-1,36,Walk,user1,2-2-1,47,0,0.9627659574468085,0.14943863044498204,0.852670349907919,0.2280908010356615,0.3450501157064274,0.7889331269755845,1.0,143.0,1.0,1.0,1.0
25d,train__c36__user1__2-2-1,36,Walk,user1,2-2-1,47,-1,0.9565217391304348,0.4332782438859425,0.4810606060606061,0.044836060735829346,0.29972892742496965,0.5621987828768324,1.0,143.0,1.0,1.0,1.0
2d,train__c36__user1__2-2-2,36,Walk,user1,2-2-2,52,-1,0.9640522875816994,0.1823776181350805,0.7745762711864407,0.3742737812346577,0.33469456495934313,0.7599516484061288,1.0,143.0,1.0,1.0,1.0
25d,train__c36__user1__2-2-2,36,Walk,user1,2-2-2,52,-1,0.9428104575163399,0.4604696795918079,0.48353552859618715,0.3542389640467681,0.12414824645411386,0.5799606013682723,2.0,143.0,0.0,1.0,0.5
2d,train__c36__user1__2-2-3,36,Walk,user1,2-2-3,20,0,0.9791666666666666,0.1717410328501112,0.8170212765957446,0.25466331960870014,0.4035529499006795,0.7780111719977473,1.0,143.0,1.0,1.0,1.0
25d,train__c36__user1__2-2-3,36,Walk,user1,2-2-3,20,-1,0.9736842105263158,0.4863880754587508,0.46846846846846846,0.3012990821109165,0.09355755828623831,0.5671728037928487,1.0,143.0,1.0,1.0,1.0
2d,train__c36__user1__3-2-1,36,Walk,user1,3-2-1,31,0,0.9946236559139785,0.16801335432753275,0.827027027027027,0.135623582520018,0.4605084634661787,0.777427723468228,1.0,143.0,1.0,1.0,1.0
25d,train__c36__user1__3-2-1,36,Walk,user1,3-2-1,31,0,0.9838709677419355,0.6412610981382776,0.4098360655737705,-0.025182475683968652,0.12836239334873656,0.5059058647725256,2.0,143.0,0.0,1.0,0.5
2d,train__c36__user1__3-2-2,36,Walk,user1,3-2-2,36,0,0.9884259259259259,0.15335065644462256,0.8524590163934426,0.2885826823373034,0.47655271018977935,0.8072947731069497,1.0,143.0,1.0,1.0,1.0
25d,train__c36__user1__3-2-2,36,Walk,user1,3-2-2,36,0,0.9814814814814815,0.5347241376881439,0.4339622641509434,0.04955801637788737,0.16993494358079908,0.5295283158375157,1.0,143.0,1.0,1.0,1.0
2d,train__c36__user1__3-2-3,36,Walk,user1,3-2-3,14,0,0.9166666666666666,0.19653196204012346,0.7532467532467533,0.2591432301407332,0.27037212806822974,0.7271446135715716,1.0,143.0,1.0,1.0,1.0
25d,train__c36__user1__3-2-3,36,Walk,user1,3-2-3,14,-1,0.8205128205128205,0.5700689548156331,0.4140625,0.12660849564100032,0.35467499626451365,0.5240471313352206,1.0,143.0,1.0,1.0,1.0
2d,train__c36__user1__6-1-1,36,Walk,user1,6-1-1,17,-1,0.08333333333333333,0.12668695203946578,0.9375,0.40215926525809875,,0.7391742598591431,,,,,
25d,train__c36__user1__6-1-1,36,Walk,user1,6-1-1,17,0,0.11274509803921569,0.18899049956638095,0.6086956521739131,0.3831679618955833,,0.5593739146891321,,,,,
2d,train__c36__user1__6-1-2,36,Walk,user1,6-1-2,12,1,0.12121212121212122,0.16424803981300953,0.8125,0.8405393335406487,,0.7180501454752769,,,,,
25d,train__c36__user1__6-1-2,36,Walk,user1,6-1-2,12,0,0.10416666666666667,0.1817303840010949,0.6,,,0.5154166666666666,,,,,
2d,train__c36__user1__6-1-3,36,Walk,user1,6-1-3,9,0,0.21296296296296297,0.25139853909844895,0.6956521739130435,0.7922473591303302,,0.6581297278615031,1.0,143.0,1.0,1.0,1.0
25d,train__c36__user1__6-1-3,36,Walk,user1,6-1-3,9,0,0.2037037037037037,0.45901966835052566,0.3181818181818182,0.6943009845414112,,0.43980046882451157,1.0,143.0,1.0,1.0,1.0
2d,train__c36__user1__6-2-1,36,Walk,user1,6-2-1,30,0,0.9722222222222222,0.16882760695043575,0.84,0.034663523460033076,0.4676249897120585,0.7727604487966299,1.0,143.0,1.0,1.0,1.0
25d,train__c36__user1__6-2-1,36,Walk,user1,6-2-1,30,2,0.9702380952380952,0.38380318724263335,0.4815950920245399,0.1431702192866945,0.07047686520780805,0.5565038969565616,1.0,143.0,1.0,1.0,1.0
2d,train__c36__user1__6-2-2,36,Walk,user1,6-2-2,24,0,0.9756944444444444,0.18144582228611558,0.7900355871886121,-0.0034524067779953473,0.4804214854807325,0.7427753881314365,3.0,143.0,0.0,1.0,0.3333333333333333
25d,train__c36__user1__6-2-2,36,Walk,user1,6-2-2,24,0,0.9756944444444444,0.5272439127552743,0.37722419928825623,-0.10453563429986243,-0.06806096675582812,0.46448461811631203,1.0,143.0,1.0,1.0,1.0
2d,train__c36__user1__6-2-3,36,Walk,user1,6-2-3,16,0,0.984375,0.1970663968227325,0.7566137566137566,0.581092804765594,0.29461610290358675,0.7697805543318945,1.0,143.0,1.0,1.0,1.0
25d,train__c36__user1__6-2-3,36,Walk,user1,6-2-3,16,0,0.96875,0.5894435795851021,0.34946236559139787,0.24720558051220207,0.052161388067186405,0.49271196323152805,1.0,143.0,1.0,1.0,1.0
2d,train__c38__user1__7-1-1,38,Massage_oneself,user1,7-1-1,67,0,0.9925373134328358,0.2626189136848979,0.581453634085213,0.8711977592431757,0.30823974697657464,0.7042909870377114,12.0,143.0,0.0,0.0,0.08333333333333333
25d,train__c38__user1__7-1-1,38,Massage_oneself,user1,7-1-1,67,-1,0.9924242424242424,1.381912056811331,0.3524173027989822,0.753361521778271,0.22570124890037271,0.5603356866272196,40.0,143.0,0.0,0.0,0.025
2d,train__c38__user1__7-1-2,38,Massage_oneself,user1,7-1-2,57,0,0.9824561403508771,0.2913366824083812,0.5476190476190477,0.4128793928514525,0.11550464574188707,0.6243868779413507,22.0,143.0,0.0,0.0,0.045454545454545456
25d,train__c38__user1__7-1-2,38,Massage_oneself,user1,7-1-2,57,0,0.9809941520467836,1.3834265195623212,0.4157973174366617,0.4250553109663164,0.07531835648285197,0.5499423476276879,51.0,143.0,0.0,0.0,0.0196078431372549
2d,train__c38__user1__7-1-3,38,Massage_oneself,user1,7-1-3,50,0,0.8333333333333334,0.22856662772497052,0.698,0.8093000922791951,0.15144706426038199,0.7345218723807815,2.0,143.0,0.0,1.0,0.5
25d,train__c38__user1__7-1-3,38,Massage_oneself,user1,7-1-3,50,0,0.8216666666666667,1.2989783184423123,0.34279918864097364,0.6815718457967811,0.14989537387806218,0.5251055580397349,14.0,143.0,0.0,0.0,0.07142857142857142
2d,train__c00__user16__1-1-1,0,Wash_face,user16,1-1-1,47,2,0.8333333333333334,0.332411485527396,0.46,0.6744230787242903,0.19221204490347948,0.5931915445735234,2.0,183.0,0.0,1.0,0.5
25d,train__c00__user16__1-1-1,0,Wash_face,user16,1-1-1,47,1,0.8333333333333334,1.1915102956901227,0.24347826086956523,0.6432715153242782,0.09830439383394422,0.4639463578815679,2.0,183.0,0.0,1.0,0.5
2d,train__c00__user16__1-1-2,0,Wash_face,user16,1-1-2,55,0,0.8333333333333334,0.23274527476393644,0.5854545454545454,0.9688137003888527,0.2486686207977457,0.6958648499320496,3.0,183.0,0.0,1.0,0.3333333333333333
25d,train__c00__user16__1-1-2,0,Wash_face,user16,1-1-2,55,-1,0.8333333333333334,0.9688596198627233,0.29814814814814816,0.8031496077451585,0.2298478578708954,0.5198683649296478,1.0,183.0,1.0,1.0,1.0
2d,train__c00__user16__1-1-3,0,Wash_face,user16,1-1-3,22,0,0.8295454545454546,0.20419543628936337,0.730593607305936,0.9605603467220953,0.3642849953476526,0.7831584387960938,1.0,183.0,1.0,1.0,1.0
25d,train__c00__user16__1-1-3,0,Wash_face,user16,1-1-3,22,1,0.8293650793650794,0.7844737380823524,0.36363636363636365,0.8734812180721913,0.18540067378314493,0.559189680277463,1.0,183.0,1.0,1.0,1.0
2d,train__c01__user16__1-1-1,1,Brush_teeth,user16,1-1-1,32,0,0.8203125,0.26433240223449056,0.6190476190476191,0.8051524224990186,0.11354855573428804,0.686538824406164,25.0,183.0,0.0,0.0,0.04
25d,train__c01__user16__1-1-1,1,Brush_teeth,user16,1-1-1,32,0,0.8203125,0.29857596744379356,0.5650793650793651,0.4057048772403289,0.12544743998938152,0.6178039465168872,74.0,183.0,0.0,0.0,0.013513513513513514
2d,train__c01__user16__1-1-2,1,Brush_teeth,user16,1-1-2,58,0,0.7385057471264368,0.20285548344852297,0.6964980544747081,0.9238290158958042,0.18396022950767438,0.7381044234763892,4.0,183.0,0.0,1.0,0.25
25d,train__c01__user16__1-1-2,1,Brush_teeth,user16,1-1-2,58,-1,0.7397660818713451,0.23686496632687032,0.5059288537549407,0.7924394178830952,0.2684276623493097,0.6266134942168596,7.0,183.0,0.0,0.0,0.14285714285714285
2d,train__c01__user16__1-1-3,1,Brush_teeth,user16,1-1-3,19,0,0.8333333333333334,0.2148443372835116,0.631578947368421,0.9101435330754879,0.3284192897088779,0.7213475544216795,8.0,183.0,0.0,0.0,0.125
25d,train__c01__user16__1-1-3,1,Brush_teeth,user16,1-1-3,19,0,0.8333333333333334,0.34087621951903047,0.5789473684210527,0.7466441191598217,0.33126434441584485,0.6762636237120829,6.0,183.0,0.0,0.0,0.16666666666666666
2d,train__c02__user16__2-2-1,2,Comb_hair,user16,2-2-1,32,2,0.7916666666666666,0.16633218898677093,0.7508771929824561,0.9867294129282187,0.16252480355777715,0.7780114243666727,1.0,183.0,1.0,1.0,1.0
25d,train__c02__user16__2-2-1,2,Comb_hair,user16,2-2-1,32,-1,0.7768817204301075,0.4047504251006129,0.3633217993079585,0.9557171751262418,0.11032794329603468,0.5563614749222148,1.0,183.0,1.0,1.0,1.0
2d,train__c02__user16__2-2-2,2,Comb_hair,user16,2-2-2,45,0,0.7962962962962963,0.34769561705337454,0.6372093023255814,0.5845133420764328,0.5244117745429238,0.7028769632070619,60.0,183.0,0.0,0.0,0.016666666666666666
25d,train__c02__user16__2-2-2,2,Comb_hair,user16,2-2-2,45,0,0.7907407407407407,0.38974725783991643,0.3325526932084309,0.5352161953231034,0.11242076788823825,0.4989312324626393,65.0,183.0,0.0,0.0,0.015384615384615385
2d,train__c02__user16__2-2-3,2,Comb_hair,user16,2-2-3,17,0,0.8137254901960784,0.2087375801404994,0.7409638554216867,0.9321212308772656,0.39306449241264113,0.7865946295202103,1.0,183.0,1.0,1.0,1.0
25d,train__c02__user16__2-2-3,2,Comb_hair,user16,2-2-3,17,0,0.8137254901960784,0.38830169078325116,0.40963855421686746,0.8921257112782165,0.3904459233557579,0.6001697692183885,8.0,183.0,0.0,0.0,0.125
2d,train__c04__user16__2-2-1,4,Wipe_hands,user16,2-2-1,34,0,0.7769607843137255,0.1516256271245071,0.8548895899053628,0.9894505295552125,0.46053413622761374,0.8563704660519142,2.0,183.0,0.0,1.0,0.5
25d,train__c04__user16__2-2-1,4,Wipe_hands,user16,2-2-1,34,0,0.7769607843137255,0.38956778607906767,0.4069400630914827,0.9633139850644058,0.4052277763478963,0.6032365948642209,1.0,183.0,1.0,1.0,1.0
2d,train__c04__user16__2-2-2,4,Wipe_hands,user16,2-2-2,31,1,0.75,0.16633224442452366,0.8518518518518519,0.9946247240801097,0.22779850556916761,0.8350658788442171,10.0,183.0,0.0,0.0,0.1
25d,train__c04__user16__2-2-2,4,Wipe_hands,user16,2-2-2,31,1,0.75,0.34736569159721203,0.35185185185185186,0.9925441647426063,0.2064075425266974,0.5582535006822815,5.0,183.0,0.0,1.0,0.2
2d,train__c04__user16__2-2-3,4,Wipe_hands,user16,2-2-3,24,0,0.7465277777777778,0.15617382950831066,0.8744186046511628,0.9943748551906252,0.23410308745473873,0.8475782274140853,3.0,183.0,0.0,1.0,0.3333333333333333
25d,train__c04__user16__2-2-3,4,Wipe_hands,user16,2-2-3,24,-1,0.7391304347826086,0.3171223647315237,0.3480392156862745,0.9944475154111354,0.2384949094463521,0.5576664818553018,1.0,183.0,1.0,1.0,1.0
2d,train__c06__user16__1-2-1,6,Drink_water,user16,1-2-1,25,-2,1.0,0.14363040887103432,0.8333333333333334,0.9957926888117998,0.22879045555106503,0.8500718863808433,1.0,183.0,1.0,1.0,1.0
25d,train__c06__user16__1-2-1,6,Drink_water,user16,1-2-1,25,1,1.0,0.2790112097185302,0.3680555555555556,0.8584898519386822,0.29247383811225613,0.585215078607843,52.0,183.0,0.0,0.0,0.019230769230769232
2d,train__c06__user16__1-2-2,6,Drink_water,user16,1-2-2,29,2,0.8919753086419753,0.16584737311408917,0.7474048442906575,0.9974400375242081,0.2605951233631734,0.794558833228718,6.0,183.0,0.0,0.0,0.16666666666666666
25d,train__c06__user16__1-2-2,6,Drink_water,user16,1-2-2,29,-1,0.8958333333333334,0.27233915872404446,0.4950166112956811,0.9889218909751937,0.2712662051558128,0.6560796240301633,7.0,183.0,0.0,0.0,0.14285714285714285
2d,train__c06__user16__1-2-3,6,Drink_water,user16,1-2-3,20,0,0.8416666666666667,0.10838011753330468,0.9158415841584159,0.9977570989340474,0.5435243237343694,0.903419572127278,2.0,183.0,0.0,1.0,0.5
25d,train__c06__user16__1-2-3,6,Drink_water,user16,1-2-3,20,-1,0.8421052631578947,0.21696349593900563,0.5625,0.9298986693525533,0.43419402409636126,0.694139945058272,17.0,183.0,0.0,0.0,0.058823529411764705
2d,train__c06__user16__3-2-1,6,Drink_water,user16,3-2-1,31,-2,0.8908045977011494,0.21875873327957834,0.7419354838709677,0.9827796613381959,0.3759439775285745,0.7986187403476099,1.0,183.0,1.0,1.0,1.0
25d,train__c06__user16__3-2-1,6,Drink_water,user16,3-2-1,31,-2,0.8879310344827587,0.6199912434255752,0.4336569579288026,0.9416600156886706,0.34033880661902116,0.621995842374411,1.0,183.0,1.0,1.0,1.0
2d,train__c06__user16__3-2-2,6,Drink_water,user16,3-2-2,25,0,0.9233333333333333,0.14315745533954796,0.7833935018050542,0.9929677333529995,0.6060425837945259,0.8429497264460026,2.0,183.0,0.0,1.0,0.5
25d,train__c06__user16__3-2-2,6,Drink_water,user16,3-2-2,25,0,0.9233333333333333,0.31127013783482516,0.37545126353790614,0.7872384188090945,0.5605979994195361,0.5946002201165563,58.0,183.0,0.0,0.0,0.017241379310344827
2d,train__c06__user16__3-2-3,6,Drink_water,user16,3-2-3,13,0,0.8397435897435898,0.13901338636134167,0.7938931297709924,0.9930535834976768,0.45201214280947105,0.8288218494088828,1.0,183.0,1.0,1.0,1.0
25d,train__c06__user16__3-2-3,6,Drink_water,user16,3-2-3,13,0,0.8397435897435898,0.35163645873910215,0.5725190839694656,0.9445300713298013,0.20422341297057162,0.6836296182633381,2.0,183.0,0.0,1.0,0.5
2d,train__c06__user16__5-3-1,6,Drink_water,user16,5-3-1,138,0,1.0,0.23060974095515946,0.6274154589371981,0.262411266241976,0.3145328910369731,0.6699095958674295,9.0,183.0,0.0,0.0,0.1111111111111111
25d,train__c06__user16__5-3-1,6,Drink_water,user16,5-3-1,138,0,0.9873188405797102,1.3085419993921825,0.22629969418960244,0.13535182158424694,0.16593780722486612,0.424177233562542,90.0,183.0,0.0,0.0,0.011111111111111112
2d,train__c06__user16__5-3-2,6,Drink_water,user16,5-3-2,78,-1,1.0,0.1985166195724284,0.7207792207792207,0.9079400917813182,0.20304224593665074,0.7774507490519521,1.0,183.0,1.0,1.0,1.0
25d,train__c06__user16__5-3-2,6,Drink_water,user16,5-3-2,78,-1,0.9989177489177489,0.9593640969554504,0.38136511375947996,0.6194748142213204,0.19299615736034803,0.5610647806836471,1.0,183.0,1.0,1.0,1.0
2d,train__c06__user16__5-3-3,6,Drink_water,user16,5-3-3,32,0,1.0,0.23553638514434708,0.6614583333333334,0.887441932621054,0.4510046876771028,0.7613716281712214,1.0,183.0,1.0,1.0,1.0
25d,train__c06__user16__5-3-3,6,Drink_water,user16,5-3-3,32,0,1.0,0.6487431939675321,0.3255208333333333,0.8021371229076724,0.35843948191963776,0.5611331317680734,1.0,183.0,1.0,1.0,1.0
2d,train__c06__user16__6-2-1,6,Drink_water,user16,6-2-1,16,0,1.0,0.1299614942210975,0.9010416666666666,0.9882027876717866,0.41087747079265674,0.9002090057432947,1.0,183.0,1.0,1.0,1.0
25d,train__c06__user16__6-2-1,6,Drink_water,user16,6-2-1,16,0,1.0,0.3293641105053562,0.4010416666666667,0.8316480604856227,0.2742659501539279,0.5993076689767736,42.0,183.0,0.0,0.0,0.023809523809523808
2d,train__c06__user16__6-2-2,6,Drink_water,user16,6-2-2,13,0,0.9807692307692307,0.1057234508944503,0.9803921568627451,0.9893667576826852,0.4593389999149397,0.9456797101133219,1.0,183.0,1.0,1.0,1.0
25d,train__c06__user16__6-2-2,6,Drink_water,user16,6-2-2,13,1,0.9791666666666666,0.3461451037882156,0.49645390070921985,0.8016581953965496,0.4093717147433495,0.6568350102021437,1.0,183.0,1.0,1.0,1.0
2d,train__c06__user16__6-2-3,6,Drink_water,user16,6-2-3,19,1,1.0,0.19086462886921363,0.6157407407407407,0.9952346027230073,0.20297563801872862,0.7284040405311129,3.0,183.0,0.0,1.0,0.3333333333333333
25d,train__c06__user16__6-2-3,6,Drink_water,user16,6-2-3,19,0,1.0,0.4262893126850089,0.3684210526315789,0.7184472464846765,0.3277913731757999,0.5740606565840211,144.0,183.0,0.0,0.0,0.006944444444444444
2d,train__c07__user16__1-2-1,7,Eat_food,user16,1-2-1,22,0,0.8901515151515151,0.18173283631013554,0.6851063829787234,0.9173787153603147,0.44004160613852045,0.76556465414987,2.0,183.0,0.0,1.0,0.5
25d,train__c07__user16__1-2-1,7,Eat_food,user16,1-2-1,22,2,0.8958333333333334,0.3233868886576595,0.5906976744186047,0.7427884596835422,0.3837203048408356,0.6925249230949828,2.0,183.0,0.0,1.0,0.5
2d,train__c07__user16__1-2-2,7,Eat_food,user16,1-2-2,26,2,0.9513888888888888,0.18344959221650645,0.708029197080292,0.7001189768020036,0.12603182764616885,0.7390192320367125,34.0,183.0,0.0,0.0,0.029411764705882353
25d,train__c07__user16__1-2-2,7,Eat_food,user16,1-2-2,26,-2,0.9513888888888888,0.24193804299909763,0.6496350364963503,0.38036958164861406,0.06913181862239202,0.6706600035234225,24.0,183.0,0.0,0.0,0.041666666666666664
2d,train__c07__user16__1-2-3,7,Eat_food,user16,1-2-3,23,-2,0.8333333333333334,0.11065323938039466,0.9,0.9992588682577757,-0.059100488370030055,0.8488266835313587,13.0,183.0,0.0,0.0,0.07692307692307693
25d,train__c07__user16__1-2-3,7,Eat_food,user16,1-2-3,23,-1,0.8333333333333334,0.1860458254690758,0.6136363636363636,0.997228531247586,0.10042364061959941,0.703087959504562,13.0,183.0,0.0,0.0,0.07692307692307693
2d,train__c07__user16__5-2-1,7,Eat_food,user16,5-2-1,28,-2,0.9166666666666666,0.14658921950408152,0.7937062937062938,0.8563448155816729,0.09172883111211799,0.7957192720967045,12.0,183.0,0.0,0.0,0.08333333333333333
25d,train__c07__user16__5-2-1,7,Eat_food,user16,5-2-1,28,-1,0.9166666666666666,0.23055913465335745,0.5925925925925926,0.735442543538713,0.02348973249916787,0.6678985768839015,20.0,183.0,0.0,0.0,0.05
2d,train__c07__user16__5-2-2,7,Eat_food,user16,5-2-2,32,0,0.9114583333333334,0.12018429261735691,0.8942857142857142,0.9858474222748445,0.1923159687952645,0.8710114160776056,2.0,183.0,0.0,1.0,0.5
25d,train__c07__user16__5-2-2,7,Eat_food,user16,5-2-2,32,-2,0.9055555555555556,0.17841398260009952,0.7300613496932515,0.9153361190439976,0.11488811567228527,0.7672395184666652,3.0,183.0,0.0,1.0,0.3333333333333333
2d,train__c07__user16__5-2-3,7,Eat_food,user16,5-2-3,16,2,0.9166666666666666,0.10247555343157623,0.9805194805194806,0.9965076444593627,0.1211577672337202,0.9146899779408463,1.0,183.0,1.0,1.0,1.0
25d,train__c07__user16__5-2-3,7,Eat_food,user16,5-2-3,16,-2,0.8988095238095238,0.23150567573160402,0.5960264900662252,0.9273523463734961,0.07507827276146901,0.691061627011836,3.0,183.0,0.0,1.0,0.3333333333333333
2d,train__c07__user16__6-2-1,7,Eat_food,user16,6-2-1,23,0,1.0,0.11272655662776813,0.9239130434782609,0.9949762974218753,0.2500532369660203,0.9014037964276826,2.0,183.0,0.0,1.0,0.5
25d,train__c07__user16__6-2-1,7,Eat_food,user16,6-2-1,23,0,1.0,0.3831513926239583,0.4384057971014493,0.8788224442787407,0.10600678398478793,0.6119559416325303,6.0,183.0,0.0,0.0,0.16666666666666666
2d,train__c07__user16__6-2-2,7,Eat_food,user16,6-2-2,29,0,1.0,0.13193775512418818,0.8591954022988506,0.9972940771025905,0.25651409547386783,0.866525436135167,3.0,183.0,0.0,1.0,0.3333333333333333
25d,train__c07__user16__6-2-2,7,Eat_food,user16,6-2-2,29,1,1.0,0.39318221693458205,0.48214285714285715,0.9523701400317198,0.2665706669167525,0.6554083854504998,2.0,183.0,0.0,1.0,0.5
2d,train__c07__user16__6-2-3,7,Eat_food,user16,6-2-3,35,2,1.0,0.1364962171780925,0.8863636363636364,0.9919183140201585,0.17364652062064523,0.8747153204485641,1.0,183.0,1.0,1.0,1.0
25d,train__c07__user16__6-2-3,7,Eat_food,user16,6-2-3,35,2,1.0,0.3075902126631291,0.5429292929292929,0.921977152273936,0.14253508444535745,0.6764989576719066,1.0,183.0,1.0,1.0,1.0
2d,train__c07__user16__7-2-1,7,Eat_food,user16,7-2-1,41,0,0.9146341463414634,0.10467556391947432,0.9533333333333334,0.9961453362209008,0.20714666609874555,0.9059472815469758,4.0,183.0,0.0,1.0,0.25
25d,train__c07__user16__7-2-1,7,Eat_food,user16,7-2-1,41,0,0.9146341463414634,0.34392323103711336,0.5444444444444444,0.9005949324061209,0.07480881264514656,0.6615780132675889,22.0,183.0,0.0,0.0,0.045454545454545456
2d,train__c07__user16__7-2-2,7,Eat_food,user16,7-2-2,21,0,0.9880952380952381,0.09664868707070344,1.0,0.9973043877760173,0.0022673476969006004,0.9237100136643931,1.0,183.0,1.0,1.0,1.0
25d,train__c07__user16__7-2-2,7,Eat_food,user16,7-2-2,21,2,0.9868421052631579,0.43948158039894414,0.5733333333333334,0.9203303325808777,0.023166311996046057,0.6827880505174405,30.0,183.0,0.0,0.0,0.03333333333333333
2d,train__c07__user16__7-2-3,7,Eat_food,user16,7-2-3,27,0,0.8611111111111112,0.11835034795034763,0.8817204301075269,0.9959098935970234,0.2464808990981184,0.8641344044623122,10.0,183.0,0.0,0.0,0.1
25d,train__c07__user16__7-2-3,7,Eat_food,user16,7-2-3,27,0,0.8611111111111112,0.42801080595208174,0.4157706093189964,0.9692139672119824,0.26949772484378126,0.606918672321041,6.0,183.0,0.0,0.0,0.16666666666666666
2d,train__c08__user16__6-2-1,8,Take_and_use_tableware,user16,6-2-1,19,1,0.9768518518518519,0.1518579105717406,0.8246445497630331,0.9762157903833449,0.5053876849575089,0.8617653429650012,1.0,183.0,1.0,1.0,1.0
25d,train__c08__user16__6-2-1,8,Take_and_use_tableware,user16,6-2-1,19,-1,0.9768518518518519,0.34234800393189546,0.44075829383886256,0.7966438647417086,0.38674407385600745,0.623772438809931,1.0,183.0,1.0,1.0,1.0
2d,train__c08__user16__6-2-2,8,Take_and_use_tableware,user16,6-2-2,17,1,0.9947916666666666,0.1647887213786585,0.7591623036649214,0.9703806939409378,0.3987953727262871,0.8189661560309388,1.0,183.0,1.0,1.0,1.0
25d,train__c08__user16__6-2-2,8,Take_and_use_tableware,user16,6-2-2,17,0,0.9950980392156863,0.3202529742720384,0.39408866995073893,0.8423886179315165,0.27148428375549727,0.595858755469289,1.0,183.0,1.0,1.0,1.0
2d,train__c08__user16__6-2-3,8,Take_and_use_tableware,user16,6-2-3,41,1,0.9770833333333333,0.17400497305534499,0.8336886993603412,0.9378918192558371,0.2748720732332395,0.8456417053995977,1.0,183.0,1.0,1.0,1.0
25d,train__c08__user16__6-2-3,8,Take_and_use_tableware,user16,6-2-3,41,1,0.9770833333333333,0.443734876239103,0.31769722814498935,0.5003948476032446,0.17652811588330167,0.5107209022646496,1.0,183.0,1.0,1.0,1.0
2d,train__c09__user16__1-2-1,9,Pour_drinks,user16,1-2-1,37,0,0.8783783783783784,0.19775588480349723,0.7564102564102564,0.9230975964389277,0.22745206741025623,0.7882321435631409,2.0,183.0,0.0,1.0,0.5
25d,train__c09__user16__1-2-1,9,Pour_drinks,user16,1-2-1,37,0,0.8761261261261262,0.4919226943781378,0.30077120822622105,0.8033286514866995,0.17384085226767682,0.52140770620578,2.0,183.0,0.0,1.0,0.5
2d,train__c09__user16__1-2-2,9,Pour_drinks,user16,1-2-2,56,-1,0.9772727272727273,0.21147098238139955,0.6542635658914728,0.9619613173339422,0.17456131096944694,0.7418604640236856,1.0,183.0,1.0,1.0,1.0
25d,train__c09__user16__1-2-2,9,Pour_drinks,user16,1-2-2,56,-2,0.9783950617283951,0.35732460510939773,0.4195583596214511,0.7434155178667491,0.19184927242764427,0.5923268511833859,2.0,183.0,0.0,1.0,0.5
2d,train__c09__user16__1-2-3,9,Pour_drinks,user16,1-2-3,31,2,0.8879310344827587,0.1352463793316625,0.8122977346278317,0.8893934653648758,0.4051825255304593,0.8298848934448553,1.0,183.0,1.0,1.0,1.0
25d,train__c09__user16__1-2-3,9,Pour_drinks,user16,1-2-3,31,-2,0.867816091954023,0.5376493054018942,0.5695364238410596,0.8648597770191677,0.17743764057116668,0.6748204430527395,3.0,183.0,0.0,1.0,0.3333333333333333
2d,train__c09__user16__2-1-1,9,Pour_drinks,user16,2-1-1,41,0,0.9024390243902439,0.17637638109965356,0.7680180180180181,0.9123008329642809,0.42892077916650173,0.81105295408285,1.0,183.0,1.0,1.0,1.0
25d,train__c09__user16__2-1-1,9,Pour_drinks,user16,2-1-1,41,-2,0.8995726495726496,0.3543349326119414,0.6318289786223278,0.8317624145882463,0.32994845422486,0.7203855787252345,1.0,183.0,1.0,1.0,1.0
2d,train__c09__user16__2-1-2,9,Pour_drinks,user16,2-1-2,20,-1,0.8903508771929824,0.13648260224661665,0.8275862068965517,0.9828233303885916,0.6251010964016319,0.8643724167813833,7.0,183.0,0.0,0.0,0.14285714285714285
25d,train__c09__user16__2-1-2,9,Pour_drinks,user16,2-1-2,20,1,0.8771929824561403,0.29343374467691113,0.565,0.8360102517994495,0.6045512371431973,0.7024116662112987,1.0,183.0,1.0,1.0,1.0
2d,train__c09__user16__2-1-3,9,Pour_drinks,user16,2-1-3,24,1,0.9057971014492754,0.15156404647107555,0.78,0.9886943736404246,0.32676435114699065,0.8179564738449945,21.0,183.0,0.0,0.0,0.047619047619047616
25d,train__c09__user16__2-1-3,9,Pour_drinks,user16,2-1-3,24,0,0.90625,0.35338207251217124,0.5670498084291188,0.8989567593129775,0.41079392438123963,0.698207614895906,5.0,183.0,0.0,1.0,0.2
2d,train__c09__user16__7-2-1,9,Pour_drinks,user16,7-2-1,32,0,0.9036458333333334,0.1707549693769072,0.729106628242075,0.9646046707390603,0.596508172829338,0.807571808902581,1.0,183.0,1.0,1.0,1.0
25d,train__c09__user16__7-2-1,9,Pour_drinks,user16,7-2-1,32,0,0.9010416666666666,0.4068602831534703,0.569364161849711,0.8221336161890485,0.3016674761073794,0.683092878010966,1.0,183.0,1.0,1.0,1.0
2d,train__c09__user16__7-2-2,9,Pour_drinks,user16,7-2-2,30,1,0.9166666666666666,0.18953522327902106,0.7335423197492164,0.9822410964050327,0.5692785397049992,0.8110349426471138,1.0,183.0,1.0,1.0,1.0
25d,train__c09__user16__7-2-2,9,Pour_drinks,user16,7-2-2,30,0,0.9194444444444444,0.38411877864691846,0.6132930513595166,0.9333432670529022,0.3286830242312944,0.722241176214816,1.0,183.0,1.0,1.0,1.0
2d,train__c09__user16__7-2-3,9,Pour_drinks,user16,7-2-3,25,0,0.8866666666666667,0.1683492008590448,0.7706766917293233,0.9786505700995444,0.246641481386912,0.8039020152317674,11.0,183.0,0.0,0.0,0.09090909090909091
25d,train__c09__user16__7-2-3,9,Pour_drinks,user16,7-2-3,25,-2,0.8804347826086957,0.3531078594335032,0.4567901234567901,0.8624426602284737,0.3348200827824962,0.6256338183936387,5.0,183.0,0.0,1.0,0.2
2d,train__c10__user16__1-2-1,10,Stir_drinks,user16,1-2-1,21,1,0.9416666666666667,0.10132000523371021,0.9734513274336283,0.9948181814196634,-0.023428898327839287,0.9022895475225408,1.0,183.0,1.0,1.0,1.0
25d,train__c10__user16__1-2-1,10,Stir_drinks,user16,1-2-1,21,1,0.9416666666666667,0.2970088588518877,0.5265486725663717,0.8877539487433471,0.1270099242146138,0.6570695757686018,18.0,183.0,0.0,0.0,0.05555555555555555
2d,train__c10__user16__1-2-2,10,Stir_drinks,user16,1-2-2,26,2,0.8993055555555556,0.12893615703904157,0.8764478764478765,0.9716819963088735,0.28602965125576496,0.8655973110769575,12.0,183.0,0.0,0.0,0.08333333333333333
25d,train__c10__user16__1-2-2,10,Stir_drinks,user16,1-2-2,26,0,0.8942307692307693,0.18563516358703192,0.7849462365591398,0.8401052758511716,0.1790077555286054,0.7935796162803664,3.0,183.0,0.0,1.0,0.3333333333333333
2d,train__c10__user16__1-2-3,10,Stir_drinks,user16,1-2-3,15,-1,0.8333333333333334,0.08524916873910972,1.0,0.9966412719475348,0.15390617019791727,0.9195404232929306,2.0,183.0,0.0,1.0,0.5
25d,train__c10__user16__1-2-3,10,Stir_drinks,user16,1-2-3,15,2,0.8333333333333334,0.1708238282952169,0.7153846153846154,0.9536663554251247,0.07039792371090056,0.7524413516157019,3.0,183.0,0.0,1.0,0.3333333333333333
2d,train__c10__user16__2-1-1,10,Stir_drinks,user16,2-1-1,31,0,0.8521505376344086,0.07649491836152468,0.9968454258675079,0.9968038757233882,0.2300349905643999,0.9254130498552391,1.0,183.0,1.0,1.0,1.0
25d,train__c10__user16__2-1-1,10,Stir_drinks,user16,2-1-1,31,1,0.85,0.24919591332187857,0.6045751633986928,0.8998655569256324,0.2181243705110513,0.6988622233501731,15.0,183.0,0.0,0.0,0.06666666666666667
2d,train__c10__user16__2-1-2,10,Stir_drinks,user16,2-1-2,18,-2,1.0,0.13792485426661133,0.7916666666666666,0.9878317657986468,0.19941291241661893,0.8241558116777777,13.0,183.0,0.0,0.0,0.07692307692307693
25d,train__c10__user16__2-1-2,10,Stir_drinks,user16,2-1-2,18,-1,1.0,0.24952053341793004,0.5049019607843137,0.8233656419652571,0.08830380311979401,0.6416554278618828,15.0,183.0,0.0,0.0,0.06666666666666667
2d,train__c10__user16__2-1-3,10,Stir_drinks,user16,2-1-3,14,2,1.0,0.12628345702468674,0.8819444444444444,0.9814231804926511,0.24514010438208836,0.8765972703223662,15.0,183.0,0.0,0.0,0.06666666666666667
25d,train__c10__user16__2-1-3,10,Stir_drinks,user16,2-1-3,14,2,1.0,0.21026123894196413,0.5972222222222222,0.8776949826167496,0.4205532667846354,0.7227832154927448,9.0,183.0,0.0,0.0,0.1111111111111111
2d,train__c10__user16__7-2-1,10,Stir_drinks,user16,7-2-1,39,1,0.9013157894736842,0.12800864254145866,0.8613138686131386,0.9756932086267058,0.10914257941848828,0.844609221003652,1.0,183.0,1.0,1.0,1.0
25d,train__c10__user16__7-2-1,10,Stir_drinks,user16,7-2-1,39,1,0.9013157894736842,0.2471229001593291,0.5815085158150851,0.7704659160150464,0.10485119312192656,0.6698716937313144,7.0,183.0,0.0,0.0,0.14285714285714285
2d,train__c10__user16__7-2-2,10,Stir_drinks,user16,7-2-2,38,0,0.9714912280701754,0.10591774839851709,0.9571106094808126,0.9910236956375423,0.4766103032854212,0.9334081003316255,1.0,183.0,1.0,1.0,1.0
25d,train__c10__user16__7-2-2,10,Stir_drinks,user16,7-2-2,38,0,0.9714912280701754,0.2675018787544537,0.5733634311512416,0.8715822168406083,0.22442628034221987,0.6914892026499277,15.0,183.0,0.0,0.0,0.06666666666666667
2d,train__c10__user16__7-2-3,10,Stir_drinks,user16,7-2-3,20,0,0.9291666666666667,0.10045932716795686,0.9820627802690582,0.9924437491648634,0.16628631601261235,0.919767044432081,6.0,183.0,0.0,0.0,0.16666666666666666
25d,train__c10__user16__7-2-3,10,Stir_drinks,user16,7-2-3,20,-2,0.9212962962962963,0.33642274641980896,0.46733668341708545,0.9196531930462498,0.220685460897972,0.6326815343809996,27.0,183.0,0.0,0.0,0.037037037037037035
2d,train__c11__user16__1-2-1,11,Peel_fruits,user16,1-2-1,50,0,0.9183333333333333,0.16486179075201585,0.7277676950998185,0.9800217449033675,0.08917348338544641,0.7717957513824788,8.0,183.0,0.0,0.0,0.125
25d,train__c11__user16__1-2-1,11,Peel_fruits,user16,1-2-1,50,-1,0.9183673469387755,0.24502158364484708,0.5722222222222222,0.6944284378820835,0.10426704805994783,0.6588218293088043,3.0,183.0,0.0,1.0,0.3333333333333333
2d,train__c11__user16__1-2-2,11,Peel_fruits,user16,1-2-2,52,0,0.9423076923076923,0.1543172489616202,0.7959183673469388,0.9717979606550697,0.15942877884004983,0.8161228257500963,19.0,183.0,0.0,0.0,0.05263157894736842
25d,train__c11__user16__1-2-2,11,Peel_fruits,user16,1-2-2,52,0,0.9423076923076923,0.18100692050021255,0.6445578231292517,0.7949956154133486,0.14843476255723773,0.7143697406849854,2.0,183.0,0.0,1.0,0.5
2d,train__c11__user16__1-2-3,11,Peel_fruits,user16,1-2-3,24,-1,0.8804347826086957,0.13316402065427607,0.8559670781893004,0.9458434503750364,0.11224021025745136,0.8368277320717974,14.0,183.0,0.0,0.0,0.07142857142857142
25d,train__c11__user16__1-2-3,11,Peel_fruits,user16,1-2-3,24,0,0.8819444444444444,0.1845752246334297,0.6614173228346457,0.8163702573388929,0.31332253915285185,0.7321101881738528,3.0,183.0,0.0,1.0,0.3333333333333333
2d,train__c11__user16__3-2-1,11,Peel_fruits,user16,3-2-1,17,-1,0.8645833333333334,0.1654871387979269,0.7710843373493976,0.9943892418590995,0.13017540463761815,0.7947567984092334,4.0,183.0,0.0,1.0,0.25
25d,train__c11__user16__3-2-1,11,Peel_fruits,user16,3-2-1,17,1,0.8645833333333334,0.20119590939256085,0.5060240963855421,0.9342415057600667,0.08332631245748301,0.6394452103556995,7.0,183.0,0.0,0.0,0.14285714285714285
2d,train__c11__user16__3-2-2,11,Peel_fruits,user16,3-2-2,21,0,0.9682539682539683,0.10810735696719385,0.889344262295082,0.8566377568893363,0.49457227373796203,0.8837214373069727,3.0,183.0,0.0,1.0,0.3333333333333333
25d,train__c11__user16__3-2-2,11,Peel_fruits,user16,3-2-2,21,-1,0.9666666666666667,0.2269415097848778,0.5560344827586207,0.6295914273400557,0.40351372874522523,0.6707083045738056,1.0,183.0,1.0,1.0,1.0
2d,train__c11__user16__3-2-3,11,Peel_fruits,user16,3-2-3,14,0,0.8809523809523809,0.12105391859836628,0.8581081081081081,0.8524638194961514,0.3385329722068276,0.8456910524198249,8.0,183.0,0.0,0.0,0.125
25d,train__c11__user16__3-2-3,11,Peel_fruits,user16,3-2-3,14,0,0.875,0.23834804479116212,0.5510204081632653,0.7528372323578248,0.3046873471115686,0.6636964987589461,2.0,183.0,0.0,1.0,0.5
2d,train__c11__user16__5-2-1,11,Peel_fruits,user16,5-2-1,38,-1,0.8400900900900901,0.1601329708602257,0.7935656836461126,0.9898517191976492,0.07401166337838286,0.8000061816875147,1.0,183.0,1.0,1.0,1.0
25d,train__c11__user16__5-2-1,11,Peel_fruits,user16,5-2-1,38,-1,0.8400900900900901,0.20038571947906833,0.5898123324396782,0.9230174807435709,0.10303200199586748,0.6834349400748791,1.0,183.0,1.0,1.0,1.0
2d,train__c11__user16__5-2-2,11,Peel_fruits,user16,5-2-2,27,0,0.9506172839506173,0.11838818129510734,0.8571428571428571,0.9307615102985253,0.38189476892846236,0.8632085585231204,9.0,183.0,0.0,0.0,0.1111111111111111
25d,train__c11__user16__5-2-2,11,Peel_fruits,user16,5-2-2,27,0,0.9506172839506173,0.2180637331487214,0.5324675324675324,0.8243760541899641,0.2771247319663624,0.6661408315686782,2.0,183.0,0.0,1.0,0.5
2d,train__c11__user16__5-2-3,11,Peel_fruits,user16,5-2-3,11,-2,0.9166666666666666,0.10450791951806779,0.9292929292929293,0.8828326956039567,0.42892811074330894,0.8982306556439217,3.0,183.0,0.0,1.0,0.3333333333333333
25d,train__c11__user16__5-2-3,11,Peel_fruits,user16,5-2-3,11,2,0.8981481481481481,0.2272792376487297,0.5567010309278351,0.9023539787157587,0.2389387891760956,0.6791561888849071,6.0,183.0,0.0,0.0,0.16666666666666666
2d,train__c12__user16__3-1-1,12,Sweep_the_floor,user16,3-1-1,102,0,1.0,0.1491114120450778,0.8799019607843137,0.9303729739485388,0.282536340583478,0.8731736013699873,1.0,183.0,1.0,1.0,1.0
25d,train__c12__user16__3-1-1,12,Sweep_the_floor,user16,3-1-1,102,0,0.9983660130718954,0.46803924627417126,0.4541734860883797,0.37740626693683,0.2016983373338336,0.5775000206495189,2.0,183.0,0.0,1.0,0.5
2d,train__c12__user16__3-1-2,12,Sweep_the_floor,user16,3-1-2,114,0,1.0,0.15231355903226337,0.8538011695906432,0.8847131552957535,0.2911277587004335,0.8548965407069616,1.0,183.0,1.0,1.0,1.0
25d,train__c12__user16__3-1-2,12,Sweep_the_floor,user16,3-1-2,114,1,0.9985250737463127,0.3253669078826665,0.5059084194977843,0.6892211852945495,0.16162743060916157,0.6341463139235547,1.0,183.0,1.0,1.0,1.0
2d,train__c12__user16__3-1-3,12,Sweep_the_floor,user16,3-1-3,66,0,1.0,0.12012351870216004,0.9318181818181818,0.8593185476741546,0.32612972644678745,0.8978915842509246,1.0,183.0,1.0,1.0,1.0
25d,train__c12__user16__3-1-3,12,Sweep_the_floor,user16,3-1-3,66,0,0.9987373737373737,0.5850526963749327,0.4336283185840708,0.29918155199081337,0.09450339623916697,0.5503752225119952,1.0,183.0,1.0,1.0,1.0
2d,train__c12__user16__6-2-1,12,Sweep_the_floor,user16,6-2-1,67,0,0.9950248756218906,0.12824843921247964,0.90125,0.9543198251681085,0.36032430902625556,0.8926462932559691,1.0,183.0,1.0,1.0,1.0
25d,train__c12__user16__6-2-1,12,Sweep_the_floor,user16,6-2-1,67,-1,0.9924242424242424,0.41015974732329213,0.30916030534351147,0.5005415452819628,0.18844642988842575,0.5084682289511837,1.0,183.0,1.0,1.0,1.0
2d,train__c12__user16__6-2-2,12,Sweep_the_floor,user16,6-2-2,45,0,0.9740740740740741,0.1461516412604413,0.8726235741444867,0.9639557302898314,0.4494176656312241,0.8824522711382,1.0,183.0,1.0,1.0,1.0
25d,train__c12__user16__6-2-2,12,Sweep_the_floor,user16,6-2-2,45,0,0.9740740740740741,0.4527066378921956,0.2832699619771863,0.47227063735482383,0.12267029167546017,0.4846332221060018,1.0,183.0,1.0,1.0,1.0
2d,train__c12__user16__6-2-3,12,Sweep_the_floor,user16,6-2-3,45,0,1.0,0.13669218623097684,0.8777777777777778,0.9383065836042238,0.2611512103411501,0.8711947769137864,2.0,183.0,0.0,1.0,0.5
25d,train__c12__user16__6-2-3,12,Sweep_the_floor,user16,6-2-3,45,0,0.9962962962962963,0.46268382487929904,0.29182156133828996,0.36248164085970896,0.05948221919704832,0.47584081889143864,1.0,183.0,1.0,1.0,1.0
2d,train__c13__user16__3-1-1,13,Mop_the_floor,user16,3-1-1,78,0,1.0,0.1329455182368967,0.9027777777777778,0.9768160947180514,0.24065768730010942,0.8872587137970912,1.0,183.0,1.0,1.0,1.0
25d,train__c13__user16__3-1-1,13,Mop_the_floor,user16,3-1-1,78,-1,1.0,0.5214437515504965,0.4231601731601732,0.7496195079451298,0.07432107461108693,0.5882741266284397,1.0,183.0,1.0,1.0,1.0
2d,train__c13__user16__3-1-2,13,Mop_the_floor,user16,3-1-2,89,0,1.0,0.19836304545560823,0.7453183520599251,0.8525535484620824,0.1769439924973398,0.7834512479164676,2.0,183.0,0.0,1.0,0.5
25d,train__c13__user16__3-1-2,13,Mop_the_floor,user16,3-1-2,89,0,0.9962546816479401,0.5751587280495877,0.3082706766917293,0.6110023178856767,0.182224492577257,0.5189414090771071,1.0,183.0,1.0,1.0,1.0
2d,train__c13__user16__3-1-3,13,Mop_the_floor,user16,3-1-3,42,0,1.0,0.15579758060799814,0.8809523809523809,0.8947707038243162,0.3302686141180808,0.8737710259650973,1.0,183.0,1.0,1.0,1.0
25d,train__c13__user16__3-1-3,13,Mop_the_floor,user16,3-1-3,42,0,0.998015873015873,0.7600521956299497,0.3817097415506958,0.4220175537268083,0.0679454744795669,0.5320396111131184,1.0,183.0,1.0,1.0,1.0
2d,train__c14__user16__3-2-1,14,Wipe_bowls,user16,3-2-1,32,0,0.921875,0.2024271672339676,0.7175141242937854,0.9776052603659563,0.15221951561098834,0.7709972580690017,1.0,183.0,1.0,1.0,1.0
25d,train__c14__user16__3-2-1,14,Wipe_bowls,user16,3-2-1,32,-1,0.9220430107526881,0.26018015341972034,0.4606413994169096,0.9477967249973892,0.0486077007944695,0.6189823208138933,1.0,183.0,1.0,1.0,1.0
2d,train__c14__user16__3-2-2,14,Wipe_bowls,user16,3-2-2,39,0,0.8418803418803419,0.179503737280018,0.7893401015228426,0.9906942992019933,0.3220223274073213,0.8165461945013461,1.0,183.0,1.0,1.0,1.0
25d,train__c14__user16__3-2-2,14,Wipe_bowls,user16,3-2-2,39,0,0.8376068376068376,0.3467265361754151,0.49744897959183676,0.9389001698960757,0.24674827178720554,0.644753759909842,1.0,183.0,1.0,1.0,1.0
2d,train__c14__user16__3-2-3,14,Wipe_bowls,user16,3-2-3,26,0,0.8237179487179487,0.15553602366255354,0.7665369649805448,0.9921301454729664,0.5160920554509741,0.8168870443172143,1.0,183.0,1.0,1.0,1.0
25d,train__c14__user16__3-2-3,14,Wipe_bowls,user16,3-2-3,26,-2,0.8229166666666666,0.2988502361616881,0.4810126582278481,0.9457780677040892,0.17922575757258524,0.6298683672803359,1.0,183.0,1.0,1.0,1.0
2d,train__c15__user16__3-3-1,15,Wipe_windows_and_tables,user16,3-3-1,41,1,1.0,0.2804378066372652,0.36875,0.8990003308657171,0.1477467576022881,0.5787935399067433,2.0,183.0,0.0,1.0,0.5
25d,train__c15__user16__3-3-1,15,Wipe_windows_and_tables,user16,3-3-1,41,0,0.9878048780487805,0.7299619432449724,0.1522633744855967,-0.30005631141331585,0.1169029433598212,0.33628743338261124,9.0,183.0,0.0,0.0,0.1111111111111111
2d,train__c15__user16__3-3-2,15,Wipe_windows_and_tables,user16,3-3-2,21,0,1.0,0.2830206442619283,0.39285714285714285,0.9613431068034134,0.180514447988168,0.6007443228508825,1.0,183.0,1.0,1.0,1.0
25d,train__c15__user16__3-3-2,15,Wipe_windows_and_tables,user16,3-3-2,21,0,0.996031746031746,0.744893567051677,0.08764940239043825,-0.3799433771182264,0.28066613180731786,0.3058659680916419,2.0,183.0,0.0,1.0,0.5
2d,train__c15__user16__3-3-3,15,Wipe_windows_and_tables,user16,3-3-3,14,0,1.0,0.2222464257298418,0.5,0.9048606957706031,0.3621925874837775,0.6676505136383436,1.0,183.0,1.0,1.0,1.0
25d,train__c15__user16__3-3-3,15,Wipe_windows_and_tables,user16,3-3-3,14,0,0.9940476190476191,0.7294469191090436,0.10778443113772455,-0.08659894934055828,0.07500115465109052,0.3306513906952864,1.0,183.0,1.0,1.0,1.0
2d,train__c15__user16__6-2-1,15,Wipe_windows_and_tables,user16,6-2-1,53,0,0.9465408805031447,0.2553633109676598,0.7541528239202658,0.8688467303227475,0.16141346163184947,0.7834288238611242,1.0,183.0,1.0,1.0,1.0
25d,train__c15__user16__6-2-1,15,Wipe_windows_and_tables,user16,6-2-1,53,0,0.9465408805031447,0.4538263442583592,0.5132890365448505,0.7107295299937958,0.12661368794228683,0.6325320377450333,1.0,183.0,1.0,1.0,1.0
2d,train__c15__user16__6-2-2,15,Wipe_windows_and_tables,user16,6-2-2,35,0,0.9785714285714285,0.365500529009645,0.7566909975669099,0.8308792445163087,0.19148745055697747,0.7864866747623476,26.0,183.0,0.0,0.0,0.038461538461538464
25d,train__c15__user16__6-2-2,15,Wipe_windows_and_tables,user16,6-2-2,35,0,0.9785714285714285,0.5081347035146099,0.38686131386861317,0.5614658480564059,0.2317350984261969,0.5591575826724855,14.0,183.0,0.0,0.0,0.07142857142857142
2d,train__c15__user16__6-2-3,15,Wipe_windows_and_tables,user16,6-2-3,47,0,0.9113475177304965,0.287445356864513,0.7587548638132295,0.7837864613813655,0.17210761419164752,0.774736644072836,3.0,183.0,0.0,1.0,0.3333333333333333
25d,train__c15__user16__6-2-3,15,Wipe_windows_and_tables,user16,6-2-3,47,0,0.9113475177304965,0.7221233294452286,0.22957198443579765,0.09149080662577141,0.05485195551566322,0.4056623205389902,14.0,183.0,0.0,0.0,0.07142857142857142
2d,train__c17__user16__4-1-1,17,Tap_the_keyboard,user16,4-1-1,79,-1,0.8333333333333334,0.28108730831143874,0.7051282051282052,-0.17550962257966943,0.14577095775029542,0.6395357057271515,28.0,183.0,0.0,0.0,0.03571428571428571
25d,train__c17__user16__4-1-1,17,Tap_the_keyboard,user16,4-1-1,79,0,0.8333333333333334,0.5920442370504948,0.23417721518987342,0.24429977720995222,0.04954718169116767,0.4152768180355966,32.0,183.0,0.0,0.0,0.03125
2d,train__c17__user16__4-1-2,17,Tap_the_keyboard,user16,4-1-2,65,1,0.8333333333333334,0.32134918428823545,0.4078125,-0.34759859804231086,0.014612086087776699,0.44896625498568554,75.0,183.0,0.0,0.0,0.013333333333333334
25d,train__c17__user16__4-1-2,17,Tap_the_keyboard,user16,4-1-2,65,1,0.8333333333333334,0.6874211142897872,0.09375,0.141281096902634,0.048980362874851836,0.3276974702392106,48.0,183.0,0.0,0.0,0.020833333333333332
2d,train__c17__user16__4-1-3,17,Tap_the_keyboard,user16,4-1-3,63,0,0.9973544973544973,0.367200616594456,0.6273209549071618,0.5669709767441413,0.09732745658356708,0.6837586318525704,8.0,183.0,0.0,0.0,0.125
25d,train__c17__user16__4-1-3,17,Tap_the_keyboard,user16,4-1-3,63,2,0.9986338797814208,0.516727136237806,0.36114911080711354,0.40330551901145356,0.06120623943179949,0.5184164187805849,3.0,183.0,0.0,1.0,0.3333333333333333
2d,train__c19__user16__4-1-1,19,Make_a_phone_call,user16,4-1-1,41,0,0.9491869918699187,0.3030230006430154,0.6488222698072805,0.18287699983932598,0.233376731500386,0.6625619024274578,1.0,183.0,1.0,1.0,1.0
25d,train__c19__user16__4-1-1,19,Make_a_phone_call,user16,4-1-1,41,0,0.8861788617886179,0.44662591062743795,0.27293577981651373,0.05538098089814875,0.24945810085182749,0.43798002073164627,1.0,183.0,1.0,1.0,1.0
2d,train__c19__user16__4-1-2,19,Make_a_phone_call,user16,4-1-2,27,0,0.9722222222222222,0.2494368634151623,0.4857142857142857,-0.4308319334733331,0.5760299575562529,0.5394841328344651,9.0,183.0,0.0,0.0,0.1111111111111111
25d,train__c19__user16__4-1-2,19,Make_a_phone_call,user16,4-1-2,27,1,0.8910256410256411,0.3246012086779874,0.4316546762589928,-0.26807429576373326,0.3148891642326754,0.4983218937860875,1.0,183.0,1.0,1.0,1.0
2d,train__c19__user16__4-1-3,19,Make_a_phone_call,user16,4-1-3,32,0,0.8984375,0.21663094267722294,0.6608695652173913,-0.30081701367430813,0.4922815542044141,0.6351614260674655,2.0,183.0,0.0,1.0,0.5
25d,train__c19__user16__4-1-3,19,Make_a_phone_call,user16,4-1-3,32,-1,0.8172043010752689,0.3459576457773381,0.46710526315789475,-0.22060271182135438,0.26976429002747493,0.5118003754142941,4.0,183.0,0.0,1.0,0.25
2d,train__c20__user16__4-1-1,20,Check_the_time,user16,4-1-1,16,-1,0.8333333333333334,0.3609600478863935,0.6666666666666666,0.2166113581687641,0.4525701007203125,0.6806038933708999,55.0,183.0,0.0,0.0,0.01818181818181818
25d,train__c20__user16__4-1-1,20,Check_the_time,user16,4-1-1,16,2,0.8452380952380952,0.5536476687047673,0.19718309859154928,0.44526748916348674,0.5462864473647697,0.45347274621786804,68.0,183.0,0.0,0.0,0.014705882352941176
2d,train__c20__user16__4-1-2,20,Check_the_time,user16,4-1-2,26,0,0.7628205128205128,0.2591947541077768,0.5714285714285714,0.3110527025265196,0.5307374153332217,0.6364783419704092,6.0,183.0,0.0,0.0,0.16666666666666666
25d,train__c20__user16__4-1-2,20,Check_the_time,user16,4-1-2,26,0,0.7628205128205128,0.548314013845733,0.2184873949579832,-0.13798887347866215,0.4458642702511909,0.3910910514299151,24.0,183.0,0.0,0.0,0.041666666666666664
2d,train__c20__user16__4-1-3,20,Check_the_time,user16,4-1-3,26,0,0.7852564102564102,0.2247022194589564,0.7551020408163265,0.9036058264606719,0.23819716086233272,0.7770571331853628,4.0,183.0,0.0,1.0,0.25
25d,train__c20__user16__4-1-3,20,Check_the_time,user16,4-1-3,26,0,0.7852564102564102,0.508068164173882,0.22040816326530613,0.7795700917926034,0.16057514774351622,0.4647502760815835,31.0,183.0,0.0,0.0,0.03225806451612903
2d,train__c20__user16__5-3-1,20,Check_the_time,user16,5-3-1,42,0,0.9821428571428571,0.19237250708945666,0.6262626262626263,0.8029301595909102,0.25927931892036177,0.7173976950368484,13.0,183.0,0.0,0.0,0.07692307692307693
25d,train__c20__user16__5-3-1,20,Check_the_time,user16,5-3-1,42,2,0.9791666666666666,1.4020160625768183,0.20638297872340425,0.5061787058678965,0.038016312902210976,0.43989639901899447,72.0,183.0,0.0,0.0,0.013888888888888888
2d,train__c20__user16__5-3-2,20,Check_the_time,user16,5-3-2,26,1,1.0,0.2160640606105669,0.6133333333333333,0.39900615725942545,0.255068236314523,0.6713640667828651,1.0,183.0,1.0,1.0,1.0
25d,train__c20__user16__5-3-2,20,Check_the_time,user16,5-3-2,26,2,1.0,0.9883776042142852,0.4201388888888889,0.4268031150407958,0.06886016087087916,0.5539212124582844,2.0,183.0,0.0,1.0,0.5
2d,train__c20__user16__5-3-3,20,Check_the_time,user16,5-3-3,28,0,1.0,0.24035941697219257,0.6071428571428571,0.8232921961682631,0.2649000379335911,0.711125293890417,1.0,183.0,1.0,1.0,1.0
25d,train__c20__user16__5-3-3,20,Check_the_time,user16,5-3-3,28,0,1.0,0.7191542435335484,0.25595238095238093,0.48131526192241736,0.11366127266482347,0.47242993116591303,4.0,183.0,0.0,1.0,0.25
2d,train__c20__user16__7-3-1,20,Check_the_time,user16,7-3-1,26,0,1.0,0.1745594082676622,0.7243589743589743,0.9831907703978551,0.5245244918453431,0.8110558498256221,1.0,183.0,1.0,1.0,1.0
25d,train__c20__user16__7-3-1,20,Check_the_time,user16,7-3-1,26,0,0.9775641025641025,0.5077762646847338,0.5836065573770491,0.7978898349265691,0.3906185035554253,0.7028253880731011,5.0,183.0,0.0,1.0,0.2
2d,train__c20__user16__7-3-2,20,Check_the_time,user16,7-3-2,34,0,1.0,0.17348444043994693,0.7279411764705882,0.9780484759796886,0.34069914402814905,0.7987249304589036,2.0,183.0,0.0,1.0,0.5
25d,train__c20__user16__7-3-2,20,Check_the_time,user16,7-3-2,34,0,0.9975490196078431,0.5411552694503932,0.4692874692874693,0.8241056488467408,0.24428983948003036,0.6335953129145688,14.0,183.0,0.0,0.0,0.07142857142857142
2d,train__c20__user16__7-3-3,20,Check_the_time,user16,7-3-3,22,0,1.0,0.1854940575199615,0.7234848484848485,0.9406169706837219,0.7050579292280706,0.8198577084271441,1.0,183.0,1.0,1.0,1.0
25d,train__c20__user16__7-3-3,20,Check_the_time,user16,7-3-3,22,0,0.9924242424242424,0.5784225853518856,0.5076335877862596,0.7305849140013162,0.5272491550527809,0.6660430755539573,5.0,183.0,0.0,1.0,0.2
2d,train__c21__user16__4-1-1,21,Read_documents,user16,4-1-1,25,-1,1.0,0.16573152912465053,0.75,0.4786301938027004,0.29619498295437124,0.7575776431018479,1.0,183.0,1.0,1.0,1.0
25d,train__c21__user16__4-1-1,21,Read_documents,user16,4-1-1,25,-1,1.0,0.45605336741519814,0.5104166666666666,0.0061232623443644085,0.29288449438522807,0.5783078299799952,2.0,183.0,0.0,1.0,0.5
2d,train__c21__user16__4-1-2,21,Read_documents,user16,4-1-2,18,2,0.8958333333333334,0.17565499675257437,0.6976744186046512,0.47637876622372793,0.10115213788903711,0.7035285505299421,4.0,183.0,0.0,1.0,0.25
25d,train__c21__user16__4-1-2,21,Read_documents,user16,4-1-2,18,0,0.8842592592592593,0.4544035915441348,0.4397905759162304,0.4878694658914865,0.1892145145543036,0.5682887778605741,1.0,183.0,1.0,1.0,1.0
2d,train__c21__user16__7-3-1,21,Read_documents,user16,7-3-1,17,0,0.9019607843137255,0.2030052998011548,0.6195652173913043,0.6861714271593785,0.4046499758982683,0.7049228389048979,1.0,183.0,1.0,1.0,1.0
25d,train__c21__user16__7-3-1,21,Read_documents,user16,7-3-1,17,-1,0.8958333333333334,0.29628156916132065,0.4941860465116279,0.5266914287789628,0.3901348923617544,0.6183149187197566,2.0,183.0,0.0,1.0,0.5
2d,train__c21__user16__7-3-2,21,Read_documents,user16,7-3-2,18,0,0.8333333333333334,0.2068965977412899,0.6333333333333333,0.6356965367967663,0.04619176029619125,0.6737007023685576,1.0,183.0,1.0,1.0,1.0
25d,train__c21__user16__7-3-2,21,Read_documents,user16,7-3-2,18,-1,0.803921568627451,0.28000284825145955,0.5304878048780488,0.4693789260941964,0.16583401004573858,0.6065358929085221,2.0,183.0,0.0,1.0,0.5
2d,train__c22__user16__4-1-1,22,Turn_pages,user16,4-1-1,47,0,0.9556737588652482,0.24202700408248795,0.647495361781076,0.4554378158254049,0.12530109373436235,0.6816311884787344,3.0,183.0,0.0,1.0,0.3333333333333333
25d,train__c22__user16__4-1-1,22,Turn_pages,user16,4-1-1,47,0,0.9060283687943262,0.45453593230021444,0.40117416829745595,0.3411535632186292,0.19466868232685675,0.5349641369394106,2.0,183.0,0.0,1.0,0.5
2d,train__c22__user16__4-1-2,22,Turn_pages,user16,4-1-2,33,2,0.8844086021505376,0.2162434924786771,0.6109422492401215,0.3291971206839491,0.10854189065143122,0.6405194511643728,5.0,183.0,0.0,1.0,0.2
25d,train__c22__user16__4-1-2,22,Turn_pages,user16,4-1-2,33,-1,0.8776041666666666,0.4311419060968916,0.35014836795252224,0.5455257483260082,0.3146238701930777,0.5334913841376356,7.0,183.0,0.0,0.0,0.14285714285714285
2d,train__c22__user16__4-1-3,22,Turn_pages,user16,4-1-3,48,0,0.9496527777777778,0.19565867411225865,0.6745886654478976,0.7161259063544948,0.1696616850756978,0.7253262607902483,1.0,183.0,1.0,1.0,1.0
25d,train__c22__user16__4-1-3,22,Turn_pages,user16,4-1-3,48,0,0.9427083333333334,0.41511127228389005,0.429097605893186,0.46580919225704254,0.30923147503956744,0.5750477964282574,4.0,183.0,0.0,1.0,0.25
2d,train__c22__user16__7-3-1,22,Turn_pages,user16,7-3-1,64,-2,0.8776881720430108,0.22087087255098392,0.6140888208269525,0.5970260872345494,0.2094922684463082,0.6759321975160532,2.0,183.0,0.0,1.0,0.5
25d,train__c22__user16__7-3-1,22,Turn_pages,user16,7-3-1,64,0,0.8541666666666666,0.2733783081044194,0.46189024390243905,0.5736443050115281,0.20735537432533685,0.5873723843885613,1.0,183.0,1.0,1.0,1.0
2d,train__c22__user16__7-3-2,22,Turn_pages,user16,7-3-2,68,0,0.7769607843137255,0.19422178690167943,0.6608832807570978,0.8526363288852338,0.19239155048361462,0.7158748820225709,2.0,183.0,0.0,1.0,0.5
25d,train__c22__user16__7-3-2,22,Turn_pages,user16,7-3-2,68,-1,0.7686567164179104,0.304516413210016,0.46116504854368934,0.6584902486750273,0.10255338395674336,0.5790469770050787,1.0,183.0,1.0,1.0,1.0
2d,train__c22__user16__7-3-3,22,Turn_pages,user16,7-3-3,48,1,0.8457446808510638,0.22886625541758363,0.549266247379455,0.8185463219180245,0.09216837640741256,0.650438164566165,4.0,183.0,0.0,1.0,0.25
25d,train__c22__user16__7-3-3,22,Turn_pages,user16,7-3-3,48,0,0.8454861111111112,0.31319526343961296,0.37166324435318276,0.584110324408359,0.08832683742999832,0.5289989407534474,3.0,183.0,0.0,1.0,0.3333333333333333
2d,train__c23__user16__4-1-1,23,Listen_to_music_with_headphones,user16,4-1-1,51,-1,0.9033333333333333,0.3175439667147332,0.7011070110701108,0.5568810390364923,0.08654579896528715,0.7131212282479401,1.0,183.0,1.0,1.0,1.0
25d,train__c23__user16__4-1-1,23,Listen_to_music_with_headphones,user16,4-1-1,51,0,0.8758169934640523,0.440943381010118,0.29850746268656714,0.567984456238798,0.19410961215236047,0.498117470359324,1.0,183.0,1.0,1.0,1.0
2d,train__c23__user16__4-1-2,23,Listen_to_music_with_headphones,user16,4-1-2,33,0,0.98989898989899,0.21452385784749614,0.75,0.6603083423743938,0.2930322799114851,0.7744981542206998,1.0,183.0,1.0,1.0,1.0
25d,train__c23__user16__4-1-2,23,Listen_to_music_with_headphones,user16,4-1-2,33,0,0.9671717171717171,0.3384217185714366,0.5300261096605744,0.8052214977571619,0.21424325559555277,0.6598219259758703,1.0,183.0,1.0,1.0,1.0
2d,train__c23__user16__4-1-3,23,Listen_to_music_with_headphones,user16,4-1-3,34,0,0.9901960784313726,0.2224388950130613,0.8168316831683168,0.7147060685250268,0.1519316440422649,0.8061425137413841,2.0,183.0,0.0,1.0,0.5
25d,train__c23__user16__4-1-3,23,Listen_to_music_with_headphones,user16,4-1-3,34,0,0.9558823529411765,0.32110555744358893,0.4461538461538462,0.5807909123240085,0.13184683771767608,0.5839404547399596,2.0,183.0,0.0,1.0,0.5
2d,train__c23__user16__5-1-1,23,Listen_to_music_with_headphones,user16,5-1-1,19,1,1.0,0.18656645732818003,0.7268518518518519,0.8194916274823829,0.13133166575931815,0.7665675561987056,1.0,183.0,1.0,1.0,1.0
25d,train__c23__user16__5-1-1,23,Listen_to_music_with_headphones,user16,5-1-1,19,-2,0.9313725490196079,0.36953554847158804,0.3684210526315789,0.6859682885841251,0.2555981808055855,0.5585355262681606,1.0,183.0,1.0,1.0,1.0
2d,train__c23__user16__5-1-2,23,Listen_to_music_with_headphones,user16,5-1-2,23,-2,1.0,0.19417343335501605,0.6904761904761905,0.5207553793841587,0.12547454839949676,0.716248033830283,1.0,183.0,1.0,1.0,1.0
25d,train__c23__user16__5-1-2,23,Listen_to_music_with_headphones,user16,5-1-2,23,0,1.0,0.3383770326272733,0.3695652173913043,0.5848711940771982,0.19658732195451978,0.5514920381195262,1.0,183.0,1.0,1.0,1.0
2d,train__c23__user16__5-1-3,23,Listen_to_music_with_headphones,user16,5-1-3,37,0,0.972972972972973,0.19961961554268506,0.7407407407407407,0.8616858248875084,0.24307296023155123,0.784103759210822,1.0,183.0,1.0,1.0,1.0
25d,train__c23__user16__5-1-3,23,Listen_to_music_with_headphones,user16,5-1-3,37,0,0.9391891891891891,0.44791990517154556,0.4148681055155875,0.7248909284219701,0.29782591185629675,0.5919224131839114,1.0,183.0,1.0,1.0,1.0
2d,train__c24__user16__6-2-1,24,Use_a_mobile_phone,user16,6-2-1,25,0,0.9066666666666666,0.11121445664157507,0.8933823529411765,0.9842147509986914,0.5599179369451897,0.8974422811550722,2.0,183.0,0.0,1.0,0.5
25d,train__c24__user16__6-2-1,24,Use_a_mobile_phone,user16,6-2-1,25,0,0.9066666666666666,0.23339127404423368,0.5992647058823529,0.8712219311628989,0.46920125717429284,0.7175745423063227,2.0,183.0,0.0,1.0,0.5
2d,train__c24__user16__6-2-2,24,Use_a_mobile_phone,user16,6-2-2,10,-2,0.8958333333333334,0.08859840969808268,0.9767441860465116,0.9956296480190034,0.3566558009401455,0.928104785531326,4.0,183.0,0.0,1.0,0.25
25d,train__c24__user16__6-2-2,24,Use_a_mobile_phone,user16,6-2-2,10,0,0.8833333333333333,0.23578068525022775,0.6981132075471698,0.811183540244018,0.5775750458241322,0.7717320799454884,9.0,183.0,0.0,0.0,0.1111111111111111
2d,train__c24__user16__6-2-3,24,Use_a_mobile_phone,user16,6-2-3,25,-1,1.0,0.098857060179858,0.9895833333333334,0.9968301339222057,0.3708138663375053,0.9467648867008669,1.0,183.0,1.0,1.0,1.0
25d,train__c24__user16__6-2-3,24,Use_a_mobile_phone,user16,6-2-3,25,-1,1.0,0.3849204929966168,0.5347222222222222,0.9511411806085063,0.18923207114470952,0.6784037456189261,24.0,183.0,0.0,0.0,0.041666666666666664
2d,train__c26__user16__5-3-1,26,Play_games,user16,5-3-1,129,1,0.9947916666666666,0.1829063542433276,0.6695026178010471,0.7412355409908968,0.23763458204368604,0.7346517542096088,12.0,183.0,0.0,0.0,0.08333333333333333
25d,train__c26__user16__5-3-1,26,Play_games,user16,5-3-1,129,1,0.994140625,1.4000312597284572,0.2383759004584152,0.19971474621284743,0.08368814337982987,0.43176889312690037,84.0,183.0,0.0,0.0,0.011904761904761904
2d,train__c26__user16__5-3-2,26,Play_games,user16,5-3-2,61,0,1.0,0.19630971387570256,0.7131147540983607,0.7835088677176615,0.36008527831676834,0.7725703973996222,1.0,183.0,1.0,1.0,1.0
25d,train__c26__user16__5-3-2,26,Play_games,user16,5-3-2,61,0,1.0,1.0437373175988747,0.44672131147540983,0.3948416602790858,0.16802518091461371,0.5727827759079801,1.0,183.0,1.0,1.0,1.0
2d,train__c26__user16__5-3-3,26,Play_games,user16,5-3-3,40,0,1.0,0.18346437671512028,0.6916666666666667,0.6801126336995376,0.36533515502116726,0.7508280666632079,2.0,183.0,0.0,1.0,0.5
25d,train__c26__user16__5-3-3,26,Play_games,user16,5-3-3,40,2,1.0,0.5985434309483961,0.23684210526315788,0.29513375106682466,0.13025150566644308,0.4445453959264025,2.0,183.0,0.0,1.0,0.5
2d,train__c28__user16__4-1-1,28,Jog_in_place,user16,4-1-1,38,0,0.993421052631579,0.24850567069445,0.6512141280353201,0.7882774173256321,0.4676847727598971,0.7464139753721396,3.0,183.0,0.0,1.0,0.3333333333333333
25d,train__c28__user16__4-1-1,28,Jog_in_place,user16,4-1-1,38,0,0.9868421052631579,0.7827718191890175,0.32,0.45550197583282886,0.1652438915967411,0.5076276999793543,6.0,183.0,0.0,0.0,0.16666666666666666
2d,train__c28__user16__4-1-2,28,Jog_in_place,user16,4-1-2,39,0,1.0,0.186481263303464,0.6965811965811965,0.9537363905875899,0.30922665038535796,0.7766852959573189,7.0,183.0,0.0,0.0,0.14285714285714285
25d,train__c28__user16__4-1-2,28,Jog_in_place,user16,4-1-2,39,0,0.9722222222222222,0.9750945117134575,0.389010989010989,0.6954147199428864,0.1498055503320024,0.566955154447455,24.0,183.0,0.0,0.0,0.041666666666666664
2d,train__c28__user16__4-1-3,28,Jog_in_place,user16,4-1-3,42,0,1.0,0.20306840863459438,0.6845238095238095,0.8419967622912646,0.5654728855281276,0.7780982378818314,5.0,183.0,0.0,1.0,0.2
25d,train__c28__user16__4-1-3,28,Jog_in_place,user16,4-1-3,42,0,0.9325396825396826,0.8661879286268851,0.32978723404255317,0.5037140865771016,0.14890958027306875,0.5111765741555628,5.0,183.0,0.0,1.0,0.2
2d,train__c29__user16__3-1-1,29,Do_squats,user16,3-1-1,70,-1,1.0,0.1432286730480928,0.8381642512077294,0.9983821772331268,0.33011941581622545,0.8605875120737808,1.0,183.0,1.0,1.0,1.0
25d,train__c29__user16__3-1-1,29,Do_squats,user16,3-1-1,70,-2,1.0,0.5687723992069267,0.2977941176470588,0.9644727592934833,0.1890654453890692,0.5494139490394109,2.0,183.0,0.0,1.0,0.5
2d,train__c29__user16__3-1-2,29,Do_squats,user16,3-1-2,59,-1,1.0,0.13916716234407922,0.896551724137931,0.9906782781639545,0.3061502535507774,0.8901325451085659,1.0,183.0,1.0,1.0,1.0
25d,train__c29__user16__3-1-2,29,Do_squats,user16,3-1-2,59,-1,1.0,0.6168039831311818,0.2916666666666667,0.9143137085854772,0.14854153246109827,0.5379886524597968,2.0,183.0,0.0,1.0,0.5
2d,train__c29__user16__3-1-3,29,Do_squats,user16,3-1-3,32,0,1.0,0.18178935361338258,0.8255208333333334,0.9188269302326206,0.4167468388726247,0.8521751642720423,1.0,183.0,1.0,1.0,1.0
25d,train__c29__user16__3-1-3,29,Do_squats,user16,3-1-3,32,0,0.9947916666666666,0.6477395725227246,0.31151832460732987,0.8478286292604427,0.19219859746340215,0.5450120029364975,2.0,183.0,0.0,1.0,0.5
2d,train__c30__user16__6-1-1,30,Do_jumping_jacks,user16,6-1-1,31,0,1.0,0.14184827059969154,0.8602150537634409,0.7824429553799876,0.5021249598901744,0.8640219470996543,1.0,183.0,1.0,1.0,1.0
25d,train__c30__user16__6-1-1,30,Do_jumping_jacks,user16,6-1-1,31,0,0.9946236559139785,0.4848210518110929,0.43243243243243246,0.47708647244843316,0.007433860640224951,0.5605663902220959,1.0,183.0,1.0,1.0,1.0
2d,train__c30__user16__6-1-2,30,Do_jumping_jacks,user16,6-1-2,45,0,1.0,0.13432705533350958,0.9018518518518519,0.7552720858139508,0.4742560895843743,0.8821149338187417,1.0,183.0,1.0,1.0,1.0
25d,train__c30__user16__6-1-2,30,Do_jumping_jacks,user16,6-1-2,45,0,0.9796296296296296,0.49258158225087934,0.43478260869565216,0.4420289872941484,0.28217798716945625,0.5774596455126957,1.0,183.0,1.0,1.0,1.0
2d,train__c30__user16__6-1-3,30,Do_jumping_jacks,user16,6-1-3,36,0,1.0,0.1390685492424603,0.8888888888888888,0.8817610754325838,0.5980901033976763,0.8969217541869731,1.0,183.0,1.0,1.0,1.0
25d,train__c30__user16__6-1-3,30,Do_jumping_jacks,user16,6-1-3,36,0,0.9837962962962963,0.5835336395122462,0.4541176470588235,0.5278698165554112,0.04133436494945047,0.5790313945387324,1.0,183.0,1.0,1.0,1.0
2d,train__c32__user16__3-1-1,32,Stand_up,user16,3-1-1,12,0,1.0,0.10623334600010903,0.9305555555555556,0.8984053892231606,0.44182203959824745,0.9097827474477402,1.0,183.0,1.0,1.0,1.0
25d,train__c32__user16__3-1-1,32,Stand_up,user16,3-1-1,12,0,1.0,0.3562285783075003,0.4097222222222222,0.7312326831400584,0.6320244082306027,0.6208723211535232,1.0,183.0,1.0,1.0,1.0
2d,train__c32__user16__3-1-2,32,Stand_up,user16,3-1-2,38,0,1.0,0.1258290516714203,0.8991228070175439,0.9567716127884183,0.5705852160944044,0.9079885963455713,1.0,183.0,1.0,1.0,1.0
25d,train__c32__user16__3-1-2,32,Stand_up,user16,3-1-2,38,0,0.9978070175438597,0.46724743829801724,0.38461538461538464,0.8671464594912289,0.2912956342237007,0.5948809818087479,1.0,183.0,1.0,1.0,1.0
2d,train__c32__user16__3-1-3,32,Stand_up,user16,3-1-3,10,0,1.0,0.11660311030138812,0.9166666666666666,0.979140488744116,0.4314839541557654,0.9094420121027605,1.0,183.0,1.0,1.0,1.0
25d,train__c32__user16__3-1-3,32,Stand_up,user16,3-1-3,10,0,1.0,0.5341830191392377,0.2833333333333333,0.6944252614347506,0.41263834547502637,0.5312237353874354,1.0,183.0,1.0,1.0,1.0
2d,train__c32__user16__4-1-1,32,Stand_up,user16,4-1-1,8,-1,1.0,0.20292968726753902,0.7023809523809523,0.7928389675498052,0.537457943800683,0.7809027663495556,5.0,183.0,0.0,1.0,0.2
25d,train__c32__user16__4-1-1,32,Stand_up,user16,4-1-1,8,0,0.84375,0.6186447276462561,0.3333333333333333,0.28814506426911407,0.6610181585097756,0.5210992016484779,16.0,183.0,0.0,0.0,0.0625
2d,train__c32__user16__4-1-2,32,Stand_up,user16,4-1-2,11,0,0.9166666666666666,0.18038881680156774,0.7272727272727273,0.8012883487024968,0.4594487551304512,0.7812541581717002,1.0,183.0,1.0,1.0,1.0
25d,train__c32__user16__4-1-2,32,Stand_up,user16,4-1-2,11,0,0.8939393939393939,0.6538251312166296,0.3813559322033898,0.2930438556143488,0.09884895301085152,0.5108577591430525,1.0,183.0,1.0,1.0,1.0
2d,train__c32__user16__4-1-3,32,Stand_up,user16,4-1-3,14,-1,0.9038461538461539,0.1722159208879374,0.7872340425531915,0.8834101691702663,0.3673246613305848,0.8142537053056913,1.0,183.0,1.0,1.0,1.0
25d,train__c32__user16__4-1-3,32,Stand_up,user16,4-1-3,14,-1,0.8782051282051282,0.6936425477804331,0.40145985401459855,0.3620767419502156,0.1095274324010601,0.5280456641536431,3.0,183.0,0.0,1.0,0.3333333333333333
2d,train__c33__user16__5-3-1,33,Lie_down,user16,5-3-1,122,-2,0.3,0.15536717337968503,0.8402777777777778,0.5693416059821154,0.052706518431194095,0.728039927258329,1.0,183.0,1.0,1.0,1.0
25d,train__c33__user16__5-3-1,33,Lie_down,user16,5-3-1,122,-1,0.29476584022038566,1.117234576710177,0.3037383177570093,0.2969888472665139,-0.10369002141337184,0.39345479190904226,25.0,183.0,0.0,0.0,0.04
2d,train__c33__user16__5-3-2,33,Lie_down,user16,5-3-2,60,-1,0.4576271186440678,0.19763372349146333,0.6759259259259259,0.6573769289044638,0.28373490230668735,0.679539781687114,1.0,183.0,1.0,1.0,1.0
25d,train__c33__user16__5-3-2,33,Lie_down,user16,5-3-2,60,-2,0.4482758620689655,0.834139272884691,0.21474358974358973,0.10516466343547647,0.0658435785517784,0.35339129530080193,3.0,183.0,0.0,1.0,0.3333333333333333
2d,train__c33__user16__5-3-3,33,Lie_down,user16,5-3-3,38,-1,0.6711711711711712,0.20272234104603457,0.7214765100671141,0.33396412986418095,0.1005228217944582,0.6798648222750323,1.0,183.0,1.0,1.0,1.0
25d,train__c33__user16__5-3-3,33,Lie_down,user16,5-3-3,38,0,0.6776315789473685,0.7765960424112973,0.20711974110032363,0.144690851318044,0.14219153093782763,0.3818124654520564,5.0,183.0,0.0,1.0,0.2
2d,train__c33__user16__6-1-1,33,Lie_down,user16,6-1-1,56,-1,0.5272727272727272,0.19461494041021166,0.7413793103448276,0.5885280455488355,0.1201214508468806,0.7033478067853276,1.0,183.0,1.0,1.0,1.0
25d,train__c33__user16__6-1-1,33,Lie_down,user16,6-1-1,56,0,0.5178571428571429,0.7348439043928633,0.28448275862068967,0.25354189255838017,0.2176337194455872,0.4249279497413506,2.0,183.0,0.0,1.0,0.5
2d,train__c33__user16__6-1-2,33,Lie_down,user16,6-1-2,26,0,0.5064102564102564,0.2310235304390164,0.6392405063291139,0.6418201478440394,0.056409583861547506,0.6456360376960584,1.0,183.0,1.0,1.0,1.0
25d,train__c33__user16__6-1-2,33,Lie_down,user16,6-1-2,26,1,0.5,0.8310821480027258,0.17333333333333334,0.40679551464364266,0.34697516258583017,0.38703602199163484,1.0,183.0,1.0,1.0,1.0
2d,train__c33__user16__6-1-3,33,Lie_down,user16,6-1-3,29,-1,0.48214285714285715,0.20231057742004752,0.654320987654321,0.7244790113607786,0.0540252806937106,0.6595906261122686,1.0,183.0,1.0,1.0,1.0
25d,train__c33__user16__6-1-3,33,Lie_down,user16,6-1-3,29,-2,0.5,0.7870555249624823,0.29012345679012347,0.3023416204516628,-0.0889077878932717,0.40813397918773886,17.0,183.0,0.0,0.0,0.058823529411764705
2d,train__c34__user16__4-1-1,34,Sit_down,user16,4-1-1,16,0,0.921875,0.21596710629859364,0.7288135593220338,0.7025894471164321,0.19960962578878838,0.753264624272921,1.0,183.0,1.0,1.0,1.0
25d,train__c34__user16__4-1-1,34,Sit_down,user16,4-1-1,16,0,0.8541666666666666,0.6570784864577398,0.3353658536585366,0.13155510265369164,0.03388891880378451,0.4605650653545148,1.0,183.0,1.0,1.0,1.0
2d,train__c34__user16__4-1-2,34,Sit_down,user16,4-1-2,14,0,0.9404761904761905,0.16885490041802814,0.7848101265822784,0.8215994821373894,0.2175835556865567,0.799171903558103,1.0,183.0,1.0,1.0,1.0
25d,train__c34__user16__4-1-2,34,Sit_down,user16,4-1-2,14,1,0.9294871794871795,0.7442341458168774,0.42758620689655175,0.322222777596875,0.19118915073461626,0.5496825958066052,12.0,183.0,0.0,0.0,0.08333333333333333
2d,train__c34__user16__4-1-3,34,Sit_down,user16,4-1-3,9,0,0.9814814814814815,0.23489704897332914,0.7547169811320755,0.7195858368558798,0.3181327578992749,0.7840610282988234,1.0,183.0,1.0,1.0,1.0
25d,train__c34__user16__4-1-3,34,Sit_down,user16,4-1-3,9,-1,0.9791666666666666,0.6469357567450159,0.4787234042553192,0.38158820377224195,0.3159765233435517,0.5980715986350829,2.0,183.0,0.0,1.0,0.5
2d,train__c34__user16__7-1-1,34,Sit_down,user16,7-1-1,8,0,0.9270833333333334,0.17643567405640392,0.7752808988764045,0.6571676255423429,0.1601461768503161,0.7718405535333639,1.0,183.0,1.0,1.0,1.0
25d,train__c34__user16__7-1-1,34,Sit_down,user16,7-1-1,8,0,0.8958333333333334,0.3234665228019718,0.46511627906976744,0.5093081374118944,0.5582453404311616,0.613196501095232,1.0,183.0,1.0,1.0,1.0
2d,train__c34__user16__7-1-2,34,Sit_down,user16,7-1-2,26,0,0.9423076923076923,0.19387240315683996,0.6666666666666666,0.8386822481110606,0.6049187232767377,0.7651345649542973,1.0,183.0,1.0,1.0,1.0
25d,train__c34__user16__7-1-2,34,Sit_down,user16,7-1-2,26,0,0.9358974358974359,0.5219609120845023,0.3321917808219178,0.3825159076234633,0.4116014838320306,0.520416925091547,1.0,183.0,1.0,1.0,1.0
2d,train__c34__user16__7-1-3,34,Sit_down,user16,7-1-3,13,1,0.9513888888888888,0.1756183268669289,0.7153284671532847,0.6134416530635074,0.5454532448788473,0.7658227044954599,1.0,183.0,1.0,1.0,1.0
25d,train__c34__user16__7-1-3,34,Sit_down,user16,7-1-3,13,1,0.9305555555555556,0.5968253048684259,0.41044776119402987,0.18991298320310707,0.34554082678192755,0.5387086845412272,2.0,183.0,0.0,1.0,0.5
2d,train__c34__user16__7-3-1,34,Sit_down,user16,7-3-1,16,2,0.9285714285714286,0.20053503274331036,0.75,0.8082611401073662,0.2024276776191501,0.7763653326893157,2.0,183.0,0.0,1.0,0.5
25d,train__c34__user16__7-3-1,34,Sit_down,user16,7-3-1,16,2,0.8988095238095238,0.42386613609091406,0.4503311258278146,0.645230860386215,-0.020641222094793653,0.5755380659677625,1.0,183.0,1.0,1.0,1.0
2d,train__c34__user16__7-3-2,34,Sit_down,user16,7-3-2,11,-1,0.9333333333333333,0.2643906442822654,0.6517857142857143,0.6014987277811388,0.6155912288933395,0.7331346911355907,4.0,183.0,0.0,1.0,0.25
25d,train__c34__user16__7-3-2,34,Sit_down,user16,7-3-2,11,1,0.925,0.5483598291424816,0.36936936936936937,0.4528113198200742,0.23970505659129768,0.533912164379508,17.0,183.0,0.0,0.0,0.058823529411764705
2d,train__c34__user16__7-3-3,34,Sit_down,user16,7-3-3,10,1,0.9351851851851852,0.3364451338015353,0.7425742574257426,0.6094492971795474,0.17002539873709224,0.7506311947259137,23.0,183.0,0.0,0.0,0.043478260869565216
25d,train__c34__user16__7-3-3,34,Sit_down,user16,7-3-3,10,1,0.8796296296296297,0.4834591717031721,0.4421052631578947,0.6662702074670493,0.07349303635193431,0.5782598561729051,4.0,183.0,0.0,1.0,0.25
2d,train__c35__user16__6-1-1,35,Do_lunges,user16,6-1-1,79,0,1.0,0.16814374962976272,0.79957805907173,0.4806862166979727,0.15857447512003925,0.7747296397932516,1.0,183.0,1.0,1.0,1.0
25d,train__c35__user16__6-1-1,35,Do_lunges,user16,6-1-1,79,-1,1.0,0.6192272554024982,0.4775641025641026,0.1165736283289825,0.17561167832723965,0.5624884951176976,6.0,183.0,0.0,0.0,0.16666666666666666
2d,train__c35__user16__6-1-2,35,Do_lunges,user16,6-1-2,26,-1,0.9733333333333334,0.14486880592108592,0.8527397260273972,0.7714765450363713,0.052708217097126385,0.8224409534343236,1.0,183.0,1.0,1.0,1.0
25d,train__c35__user16__6-1-2,35,Do_lunges,user16,6-1-2,26,0,0.9743589743589743,0.47621376832923273,0.5427631578947368,0.40434671120260457,0.10513457067554972,0.6192753981989294,4.0,183.0,0.0,1.0,0.25
2d,train__c35__user16__6-1-3,35,Do_lunges,user16,6-1-3,42,0,0.9761904761904762,0.1342125366829641,0.9126016260162602,0.7325358688257784,0.20091013796742266,0.8628717891581252,1.0,183.0,1.0,1.0,1.0
25d,train__c35__user16__6-1-3,35,Do_lunges,user16,6-1-3,42,0,0.9761904761904762,0.28770067215097966,0.6219512195121951,0.29910537011817484,0.08064539328618156,0.650651159859036,1.0,183.0,1.0,1.0,1.0
2d,train__c36__user16__1-1-1,36,Walk,user16,1-1-1,43,0,0.7848837209302325,0.1624800762037795,0.7753086419753087,0.8804767844503618,0.7230451418511612,0.8221841892633164,1.0,183.0,1.0,1.0,1.0
25d,train__c36__user16__1-1-1,36,Walk,user16,1-1-1,43,0,0.7848837209302325,0.20698817819708296,0.6469135802469136,0.5266030008701466,0.5560434329078785,0.7036543987839313,1.0,183.0,1.0,1.0,1.0
2d,train__c36__user16__1-1-2,36,Walk,user16,1-1-2,12,-1,0.75,0.14381160318080316,0.8383838383838383,0.8512469314301145,0.567548420773465,0.8388019358121326,1.0,183.0,1.0,1.0,1.0
25d,train__c36__user16__1-1-2,36,Walk,user16,1-1-2,12,-1,0.7424242424242424,0.21563474353087894,0.6020408163265306,0.660300125448543,0.4054805425991527,0.6768059264618068,1.0,183.0,1.0,1.0,1.0
2d,train__c36__user16__1-1-3,36,Walk,user16,1-1-3,11,0,0.7424242424242424,0.12072074723798448,0.8979591836734694,0.9009114221442951,0.14818439117996396,0.8443249468157592,1.0,183.0,1.0,1.0,1.0
25d,train__c36__user16__1-1-3,36,Walk,user16,1-1-3,11,0,0.7424242424242424,0.27731072372055227,0.673469387755102,0.7119457642702047,0.20335704188579923,0.7060969420761858,3.0,183.0,0.0,1.0,0.3333333333333333
2d,train__c36__user16__2-3-1,36,Walk,user16,2-3-1,28,0,0.6339285714285714,0.15429151255468845,0.8544600938967136,0.5310794392470092,0.3088795759621058,0.7846198209079085,1.0,183.0,1.0,1.0,1.0
25d,train__c36__user16__2-3-1,36,Walk,user16,2-3-1,28,1,0.3611111111111111,0.19161426361294856,0.6666666666666666,0.4196509817769309,0.21084424918386765,0.6355561946442609,2.0,183.0,0.0,1.0,0.5
2d,train__c36__user16__2-3-2,36,Walk,user16,2-3-2,23,1,0.6022727272727273,0.2041930113097095,0.7924528301886793,0.4643770527136128,0.32174912658493915,0.741645219096278,3.0,183.0,0.0,1.0,0.3333333333333333
25d,train__c36__user16__2-3-2,36,Walk,user16,2-3-2,23,1,0.29924242424242425,0.2553150591548243,0.6075949367088608,0.313235233091214,-0.17552454972153092,0.5572606396941224,2.0,183.0,0.0,1.0,0.5
2d,train__c36__user16__2-3-3,36,Walk,user16,2-3-3,15,0,0.6277777777777778,0.14245871547286956,0.8495575221238938,0.8393950427528676,0.3664796738870941,0.8164598947627383,1.0,183.0,1.0,1.0,1.0
25d,train__c36__user16__2-3-3,36,Walk,user16,2-3-3,15,-1,0.39285714285714285,0.31062760715565707,0.6363636363636364,0.4944554551950478,0.09910617072347054,0.6211642226094793,1.0,183.0,1.0,1.0,1.0
2d,train__c36__user16__3-1-2,36,Walk,user16,3-1-2,10,-1,1.0,0.12960273060215755,0.9166666666666666,0.7293619329761858,0.38463234573398214,0.8809502858943339,1.0,183.0,1.0,1.0,1.0
25d,train__c36__user16__3-1-2,36,Walk,user16,3-1-2,10,2,1.0,0.5434793258093121,0.5104166666666666,0.5096485963759256,0.05012488324177614,0.6104533925473924,1.0,183.0,1.0,1.0,1.0
2d,train__c36__user16__3-1-3,36,Walk,user16,3-1-3,8,0,1.0,0.18787934206329662,0.7395833333333334,0.5014902904796945,0.26012133271351373,0.7514289623348163,1.0,183.0,1.0,1.0,1.0
25d,train__c36__user16__3-1-3,36,Walk,user16,3-1-3,8,0,1.0,0.7015703858701006,0.375,0.14956718755379433,0.24610453484979652,0.5146645588691142,1.0,183.0,1.0,1.0,1.0
2d,train__c36__user16__3-3-1,36,Walk,user16,3-3-1,18,-1,1.0,0.2296859657267807,0.5147058823529411,0.9441196668719131,0.3598853819966896,0.6794916056310606,1.0,183.0,1.0,1.0,1.0
25d,train__c36__user16__3-3-1,36,Walk,user16,3-3-1,18,-1,0.9901960784313726,0.7010179257761581,0.1188118811881188,-0.10287853810359585,0.21534433319693905,0.3452291136760135,2.0,183.0,0.0,1.0,0.5
2d,train__c36__user16__3-3-2,36,Walk,user16,3-3-2,18,-1,0.9901960784313726,0.2356300328836617,0.5643564356435643,0.9321050814650227,0.376478578137824,0.7058620489539367,1.0,183.0,1.0,1.0,1.0
25d,train__c36__user16__3-3-2,36,Walk,user16,3-3-2,18,0,0.9907407407407407,0.7511083457604452,0.2383177570093458,0.08857953072420174,-0.06632861418823767,0.40903214743751665,1.0,183.0,1.0,1.0,1.0
2d,train__c36__user16__3-3-3,36,Walk,user16,3-3-3,11,0,1.0,0.26646327851720125,0.3787878787878788,0.9244519366825202,0.0568029971656343,0.580038751789008,1.0,183.0,1.0,1.0,1.0
25d,train__c36__user16__3-3-3,36,Walk,user16,3-3-3,11,-1,0.9916666666666667,0.937258072587001,0.07563025210084033,-0.23141248143741255,0.14801955197331831,0.3037235235763865,1.0,183.0,1.0,1.0,1.0
2d,train__c36__user16__5-2-1,36,Walk,user16,5-2-1,21,-1,0.5791666666666667,0.13940110373831333,0.9064748201438849,0.4635427346716931,0.49309320564882836,0.8148140816366347,1.0,183.0,1.0,1.0,1.0
25d,train__c36__user16__5-2-1,36,Walk,user16,5-2-1,21,-2,0.2850877192982456,0.16433017392327362,0.7846153846153846,0.619981640836931,0.0007480789100211604,0.6971015034702309,1.0,183.0,1.0,1.0,1.0
2d,train__c36__user16__5-2-2,36,Walk,user16,5-2-2,21,0,0.6071428571428571,0.13579924584987324,0.869281045751634,0.6276648055946102,0.41748536374845663,0.8078967437182797,1.0,183.0,1.0,1.0,1.0
25d,train__c36__user16__5-2-2,36,Walk,user16,5-2-2,21,0,0.3888888888888889,0.3364679235543647,0.6938775510204082,0.46382847823393447,0.18691174832707977,0.6559227708980379,1.0,183.0,1.0,1.0,1.0
2d,train__c36__user16__5-2-3,36,Walk,user16,5-2-3,17,0,0.5441176470588235,0.14349754268302545,0.8558558558558559,0.8199227195221018,0.5439557422980993,0.8229214380511709,2.0,183.0,0.0,1.0,0.5
25d,train__c36__user16__5-2-3,36,Walk,user16,5-2-3,17,0,0.31862745098039214,0.3564008318762972,0.7076923076923077,0.5531512784193996,0.09287493509657052,0.6583742623029912,2.0,183.0,0.0,1.0,0.5
2d,train__c36__user16__5-3-1,36,Walk,user16,5-3-1,48,0,0.9236111111111112,0.13730565437533715,0.8703007518796992,0.4942907871297602,0.39450238829570794,0.8250432824801,1.0,183.0,1.0,1.0,1.0
25d,train__c36__user16__5-3-1,36,Walk,user16,5-3-1,48,0,0.9079861111111112,0.28549540825567377,0.5200764818355641,0.2708623214187149,0.1412779310360046,0.5895227530902432,1.0,183.0,1.0,1.0,1.0
2d,train__c36__user16__5-3-2,36,Walk,user16,5-3-2,50,0,0.93,0.13880356468786326,0.8799283154121864,0.4949011182946055,0.4606887235277812,0.8360023395707467,1.0,183.0,1.0,1.0,1.0
25d,train__c36__user16__5-3-2,36,Walk,user16,5-3-2,50,0,0.9083333333333333,0.4344913696633534,0.5174311926605505,0.2670352616789605,0.12861491801743574,0.5867701343158399,1.0,183.0,1.0,1.0,1.0
2d,train__c36__user16__5-3-3,36,Walk,user16,5-3-3,32,0,0.9322916666666666,0.16191340730816828,0.8435754189944135,0.5513911227563058,0.7117484611876091,0.8407158939782954,1.0,183.0,1.0,1.0,1.0
25d,train__c36__user16__5-3-3,36,Walk,user16,5-3-3,32,-1,0.9005376344086021,0.4132166790312511,0.4626865671641791,0.19788667705861368,-0.0041206673309679975,0.5390109930371976,3.0,183.0,0.0,1.0,0.3333333333333333
2d,train__c36__user16__7-3-1,36,Walk,user16,7-3-1,38,0,0.8267543859649122,0.19786180118833813,0.7559681697612732,0.40219470931859014,0.551149191584718,0.7550135922659045,4.0,183.0,0.0,1.0,0.25
25d,train__c36__user16__7-3-1,36,Walk,user16,7-3-1,38,1,0.7342342342342343,0.6832044643139503,0.3619631901840491,0.0666190851874825,0.2984725348663036,0.4765505266583715,8.0,183.0,0.0,0.0,0.125
2d,train__c36__user16__7-3-2,36,Walk,user16,7-3-2,32,0,0.7864583333333334,0.20025898811826012,0.7549668874172185,0.7122716618510904,0.4172460914067444,0.7713982444534184,4.0,183.0,0.0,1.0,0.25
25d,train__c36__user16__7-3-2,36,Walk,user16,7-3-2,32,0,0.6380208333333334,0.668628137724359,0.37551020408163266,0.16709023671910775,0.3256301356160808,0.4864639794213482,8.0,183.0,0.0,0.0,0.125
2d,train__c36__user16__7-3-3,36,Walk,user16,7-3-3,18,0,0.8657407407407407,0.20872792502085605,0.7647058823529411,0.643665097883852,0.46821741973022585,0.7816451256363439,2.0,183.0,0.0,1.0,0.5
25d,train__c36__user16__7-3-3,36,Walk,user16,7-3-3,18,0,0.7175925925925926,0.6876673470414268,0.4064516129032258,-0.01712712799070382,0.2503370656893461,0.487370213483664,7.0,183.0,0.0,0.0,0.14285714285714285
2d,train__c37__user16__6-2-1,37,Take_medicine,user16,6-2-1,27,0,0.8487654320987654,0.13832689011904528,0.8218181818181818,0.9687429002007207,0.5409139049039786,0.8493193760977471,1.0,183.0,1.0,1.0,1.0
25d,train__c37__user16__6-2-1,37,Take_medicine,user16,6-2-1,27,-2,0.8166666666666667,0.37244597216625724,0.46938775510204084,0.8300352959102114,0.25770686705578216,0.617161476592994,10.0,183.0,0.0,0.0,0.1
2d,train__c37__user16__6-2-2,37,Take_medicine,user16,6-2-2,25,0,0.8366666666666667,0.15348462753160588,0.8127490039840638,0.9591884554075123,0.4844866363342117,0.8379339621237188,1.0,183.0,1.0,1.0,1.0
25d,train__c37__user16__6-2-2,37,Take_medicine,user16,6-2-2,25,1,0.8333333333333334,0.3491989637773448,0.475,0.7170806854978049,0.4502492928731289,0.6250600988485985,8.0,183.0,0.0,0.0,0.125
2d,train__c37__user16__6-2-3,37,Take_medicine,user16,6-2-3,30,0,0.9361111111111111,0.1903231951571289,0.7002967359050445,0.9703278234192968,0.29042053330324663,0.7725886381985588,3.0,183.0,0.0,1.0,0.3333333333333333
25d,train__c37__user16__6-2-3,37,Take_medicine,user16,6-2-3,30,0,0.9361111111111111,0.3634479613668485,0.3768545994065282,0.859668692111541,0.28071285881203917,0.5829014744067587,6.0,183.0,0.0,0.0,0.16666666666666666
2d,train__c38__user16__7-1-1,38,Massage_oneself,user16,7-1-1,61,1,1.0,0.2559402273578023,0.6180555555555556,0.7029924709818741,0.18695021008505594,0.6992510684101222,1.0,183.0,1.0,1.0,1.0
25d,train__c38__user16__7-1-1,38,Massage_oneself,user16,7-1-1,61,0,0.9439890710382514,0.24318433356023084,0.5455861070911722,0.3242130198107605,0.17147766576383414,0.6147533929173334,1.0,183.0,1.0,1.0,1.0
2d,train__c38__user16__7-1-2,38,Massage_oneself,user16,7-1-2,40,0,1.0,0.31857875500829036,0.47708333333333336,0.5957110995523613,0.011576091956919629,0.5978351501853385,3.0,183.0,0.0,1.0,0.3333333333333333
25d,train__c38__user16__7-1-2,38,Massage_oneself,user16,7-1-2,40,0,0.9979166666666667,0.49311687783977554,0.20876826722338204,0.5234285005121058,0.040752989657674744,0.445013537915063,2.0,183.0,0.0,1.0,0.5
2d,train__c38__user16__7-1-3,38,Massage_oneself,user16,7-1-3,25,-1,0.9826388888888888,0.3348148453915179,0.3674911660777385,0.5147125124165034,0.21143546702839575,0.5427129415004252,2.0,183.0,0.0,1.0,0.5
25d,train__c38__user16__7-1-3,38,Massage_oneself,user16,7-1-3,25,1,0.9791666666666666,0.4865450591571555,0.3120567375886525,0.49234600838205334,0.14859637209882123,0.5049272010860425,1.0,183.0,1.0,1.0,1.0
2d,train__c39__user16__6-2-1,39,Take_body_temperature,user16,6-2-1,39,-1,0.9320175438596491,0.17669025354378984,0.7152941176470589,0.5751726710679446,0.2819225156556819,0.740274974872818,1.0,183.0,1.0,1.0,1.0
25d,train__c39__user16__6-2-1,39,Take_body_temperature,user16,6-2-1,39,1,0.9298245614035088,0.3354982037392469,0.5778301886792453,0.6665701616470752,0.275287843886733,0.6730926643701483,8.0,183.0,0.0,0.0,0.125
2d,train__c39__user16__6-2-2,39,Take_body_temperature,user16,6-2-2,33,1,0.8619791666666666,0.16188646952567964,0.743202416918429,0.5891304832120865,0.35809605063018957,0.7557294980902756,1.0,183.0,1.0,1.0,1.0
25d,train__c39__user16__6-2-2,39,Take_body_temperature,user16,6-2-2,33,-1,0.8359375,0.32032278575684614,0.6074766355140186,0.6781987682993247,0.014260285195019552,0.6615952977522692,1.0,183.0,1.0,1.0,1.0
2d,train__c39__user16__6-2-3,39,Take_body_temperature,user16,6-2-3,45,0,0.8814814814814815,0.15609288257949422,0.7941176470588235,0.6459790077415288,0.4205643197444489,0.7960530787854877,1.0,183.0,1.0,1.0,1.0
25d,train__c39__user16__6-2-3,39,Take_body_temperature,user16,6-2-3,45,-1,0.8806818181818182,0.3456533204858086,0.5010752688172043,0.5877393496839418,0.22575828060970887,0.6143653856817666,2.0,183.0,0.0,1.0,0.5
2d,train__c00__user18__7-1-1,0,Wash_face,user18,7-1-1,20,0,0.6416666666666667,0.1996886633226789,0.7402597402597403,0.17709251536294282,0.10596082147042521,0.6719658369561,1.0,155.0,1.0,1.0,1.0
25d,train__c00__user18__7-1-1,0,Wash_face,user18,7-1-1,20,0,0.6416666666666667,0.5505459992799783,0.44805194805194803,0.20541614509557451,0.08485599456123266,0.512501052196888,1.0,155.0,1.0,1.0,1.0
2d,train__c00__user18__7-1-2,0,Wash_face,user18,7-1-2,13,1,0.7361111111111112,0.16089218459408383,0.8301886792452831,0.80399322802087,0.08428757670713913,0.7919357757511392,1.0,155.0,1.0,1.0,1.0
25d,train__c00__user18__7-1-2,0,Wash_face,user18,7-1-2,13,0,0.7307692307692307,0.6097321636714815,0.543859649122807,0.7628844740759114,0.031207947555240194,0.6258287735687011,1.0,155.0,1.0,1.0,1.0
2d,train__c01__user18__1-1-1,1,Brush_teeth,user18,1-1-1,41,-1,0.7270833333333333,0.10964839167464853,0.9598853868194842,0.9236461441479554,0.06792166093206815,0.8731040350687503,1.0,155.0,1.0,1.0,1.0
25d,train__c01__user18__1-1-1,1,Brush_teeth,user18,1-1-1,41,-1,0.7270833333333333,0.2549230453004232,0.6131805157593123,0.8387728285676024,0.08819964536638933,0.6754498732601946,4.0,155.0,0.0,1.0,0.25
2d,train__c01__user18__1-1-2,1,Brush_teeth,user18,1-1-2,35,-2,0.7196969696969697,0.1323924511827412,0.8947368421052632,0.9253410283146312,0.20053901906084576,0.8466494893886184,3.0,155.0,0.0,1.0,0.3333333333333333
25d,train__c01__user18__1-1-2,1,Brush_teeth,user18,1-1-2,35,2,0.7196969696969697,0.2738036563199945,0.624561403508772,0.9034959680518011,0.11926904529857459,0.6897732441020948,11.0,155.0,0.0,0.0,0.09090909090909091
2d,train__c01__user18__1-1-3,1,Brush_teeth,user18,1-1-3,31,0,0.7446236559139785,0.11709035300057008,0.8844765342960289,0.9497493809342765,0.25774271070149024,0.8502301008502532,1.0,155.0,1.0,1.0,1.0
25d,train__c01__user18__1-1-3,1,Brush_teeth,user18,1-1-3,31,-1,0.7444444444444445,0.31596502256461156,0.6194029850746269,0.9814062361865981,0.12999238577841676,0.6980061387875303,1.0,155.0,1.0,1.0,1.0
2d,train__c01__user18__7-1-1,1,Brush_teeth,user18,7-1-1,23,0,0.6666666666666666,0.19134930610696788,0.875,-0.8435961930193702,0.21507848656994574,0.6546879338574757,19.0,155.0,0.0,0.0,0.05263157894736842
25d,train__c01__user18__7-1-1,1,Brush_teeth,user18,7-1-1,23,-2,0.6666666666666666,0.28920743810761035,0.6488095238095238,-0.7866977324619936,0.0734257368793722,0.5253490617816584,36.0,155.0,0.0,0.0,0.027777777777777776
2d,train__c01__user18__7-1-2,1,Brush_teeth,user18,7-1-2,13,-1,0.6944444444444444,0.23230661925599919,0.72,0.7146111709931294,0.34075900023643024,0.7374624865614897,19.0,155.0,0.0,0.0,0.05263157894736842
25d,train__c01__user18__7-1-2,1,Brush_teeth,user18,7-1-2,13,-1,0.6944444444444444,0.4984593826940779,0.54,0.6340014797807771,0.24181179607231654,0.6229804771279459,10.0,155.0,0.0,0.0,0.1
2d,train__c02__user18__7-1-1,2,Comb_hair,user18,7-1-1,24,0,0.7013888888888888,0.1824775462780089,0.8366336633663366,0.09866800531629866,0.2173537779447593,0.7314557376178609,2.0,155.0,0.0,1.0,0.5
25d,train__c02__user18__7-1-1,2,Comb_hair,user18,7-1-1,24,0,0.7013888888888888,0.29363356551842656,0.5297029702970297,0.47891178508351323,0.2981900538563673,0.6067309550998341,1.0,155.0,1.0,1.0,1.0
2d,train__c02__user18__7-1-2,2,Comb_hair,user18,7-1-2,13,0,0.6987179487179487,0.18904927815576666,0.8256880733944955,0.7772017178640585,0.18281819650260914,0.7904317717628689,18.0,155.0,0.0,0.0,0.05555555555555555
25d,train__c02__user18__7-1-2,2,Comb_hair,user18,7-1-2,13,-2,0.6818181818181818,0.32944240984493606,0.7222222222222222,0.6792208843635064,0.11011428027537343,0.7165846998610441,29.0,155.0,0.0,0.0,0.034482758620689655
2d,train__c03__user18__6-1-1,3,Take_off_clothes,user18,6-1-1,35,1,0.9093137254901961,0.4123169201320711,0.4716981132075472,0.24711886288868892,0.15902530968587333,0.5620041193284799,1.0,155.0,1.0,1.0,1.0
25d,train__c03__user18__6-1-1,3,Take_off_clothes,user18,6-1-1,35,1,0.9044117647058824,0.5373420986288532,0.3035230352303523,0.2720424170167621,0.2017326322560049,0.4747130349681586,1.0,155.0,1.0,1.0,1.0
2d,train__c03__user18__6-1-2,3,Take_off_clothes,user18,6-1-2,11,0,0.7878787878787878,0.3171828808421413,0.5384615384615384,0.6260665916312,0.46860131242928604,0.6476934825370415,1.0,155.0,1.0,1.0,1.0
25d,train__c03__user18__6-1-2,3,Take_off_clothes,user18,6-1-2,11,-1,0.775,0.46152171664250824,0.24731182795698925,0.3606980191020471,-0.05553760760262786,0.4204259867163518,2.0,155.0,0.0,1.0,0.5
2d,train__c03__user18__6-1-3,3,Take_off_clothes,user18,6-1-3,22,0,0.8068181818181818,0.2938740439666505,0.6150234741784038,0.6666366391074577,0.4457226050414933,0.694037588268798,1.0,155.0,1.0,1.0,1.0
25d,train__c03__user18__6-1-3,3,Take_off_clothes,user18,6-1-3,22,0,0.7916666666666666,0.4557207659908945,0.3349282296650718,0.525392439632977,0.20662333765312235,0.506413187269738,1.0,155.0,1.0,1.0,1.0
2d,train__c03__user18__7-1-1,3,Take_off_clothes,user18,7-1-1,16,0,0.671875,0.22732836196969194,0.7441860465116279,0.4623404529798052,0.2646613869123276,0.7175734748978004,1.0,155.0,1.0,1.0,1.0
25d,train__c03__user18__7-1-1,3,Take_off_clothes,user18,7-1-1,16,0,0.671875,0.3529267117296218,0.40310077519379844,0.4981192788750365,0.21990553705545865,0.5301977695232521,1.0,155.0,1.0,1.0,1.0
2d,train__c03__user18__7-1-2,3,Take_off_clothes,user18,7-1-2,10,0,0.675,0.21052994199499195,0.654320987654321,0.8048381251856833,0.12195594899777856,0.6920070519032784,1.0,155.0,1.0,1.0,1.0
25d,train__c03__user18__7-1-2,3,Take_off_clothes,user18,7-1-2,10,1,0.6666666666666666,0.28510032098751054,0.4166666666666667,0.8355501876891087,0.16503549096177703,0.5667660139243775,7.0,155.0,0.0,0.0,0.14285714285714285
2d,train__c03__user18__7-1-3,3,Take_off_clothes,user18,7-1-3,11,0,0.6893939393939394,0.2303865142394962,0.6483516483516484,0.4279163792348916,0.31830561696291637,0.6671973597285085,2.0,155.0,0.0,1.0,0.5
25d,train__c03__user18__7-1-3,3,Take_off_clothes,user18,7-1-3,11,0,0.6893939393939394,0.3311584574648707,0.45054945054945056,0.4948790325403679,0.3004546388639953,0.5637635929104282,12.0,155.0,0.0,0.0,0.08333333333333333
2d,train__c04__user18__1-1-1,4,Wipe_hands,user18,1-1-1,40,0,0.7375,0.10715700159136918,0.9096045197740112,0.9901392142431468,0.1980220971278988,0.8628980645846134,2.0,155.0,0.0,1.0,0.5
25d,train__c04__user18__1-1-1,4,Wipe_hands,user18,1-1-1,40,1,0.7371794871794872,0.2918907624508872,0.6144927536231884,0.8704259645964071,0.21319761837252754,0.6897213810482826,1.0,155.0,1.0,1.0,1.0
2d,train__c04__user18__1-1-2,4,Wipe_hands,user18,1-1-2,25,0,0.76,0.12117961739368066,0.8771929824561403,0.937601435497612,0.14475027583491673,0.8380725545882572,1.0,155.0,1.0,1.0,1.0
25d,train__c04__user18__1-1-2,4,Wipe_hands,user18,1-1-2,25,-2,0.7608695652173914,0.2886384657108305,0.5380952380952381,0.857063456466528,0.031045988730251092,0.6350741322755417,5.0,155.0,0.0,1.0,0.2
2d,train__c04__user18__1-1-3,4,Wipe_hands,user18,1-1-3,24,0,0.7465277777777778,0.12494626637124737,0.8604651162790697,0.933873331154698,0.3183070844815181,0.8401689561828499,2.0,155.0,0.0,1.0,0.5
25d,train__c04__user18__1-1-3,4,Wipe_hands,user18,1-1-3,24,0,0.7465277777777778,0.2720568667306387,0.6046511627906976,0.8420651589424384,0.26094388724858664,0.6859882247505494,2.0,155.0,0.0,1.0,0.5
2d,train__c04__user18__7-1-1,4,Wipe_hands,user18,7-1-1,20,-1,0.7105263157894737,0.11170894742468063,0.9382716049382716,0.961259447223752,0.2004844878002532,0.8732642956023909,1.0,155.0,1.0,1.0,1.0
25d,train__c04__user18__7-1-1,4,Wipe_hands,user18,7-1-1,20,0,0.7083333333333334,0.2716002389808953,0.6235294117647059,0.8949071185530685,0.2257290538734963,0.6951949006997407,3.0,155.0,0.0,1.0,0.3333333333333333
2d,train__c04__user18__7-1-2,4,Wipe_hands,user18,7-1-2,13,0,0.75,0.13123682448664614,0.8888888888888888,0.9970229082949605,0.39325331442605027,0.8680851783003387,1.0,155.0,1.0,1.0,1.0
25d,train__c04__user18__7-1-2,4,Wipe_hands,user18,7-1-2,13,-1,0.75,0.2579746930792433,0.5,0.9620900098649606,0.22519451875884025,0.6380985898934091,1.0,155.0,1.0,1.0,1.0
2d,train__c05__user18__6-1-1,5,Put_on_clothes,user18,6-1-1,43,0,0.8604651162790697,0.30392142672115885,0.5,0.21636174260547936,0.0704770555982311,0.5629684650583223,1.0,155.0,1.0,1.0,1.0
25d,train__c05__user18__6-1-1,5,Put_on_clothes,user18,6-1-1,43,-1,0.8611111111111112,0.4874642405171075,0.2926267281105991,0.15439053516837709,0.2163710235318975,0.45372269185367065,12.0,155.0,0.0,0.0,0.08333333333333333
2d,train__c05__user18__6-1-2,5,Put_on_clothes,user18,6-1-2,47,0,0.9166666666666666,0.3719489407516278,0.5667311411992263,0.6312573336566163,0.05801003705661967,0.6458452804711493,1.0,155.0,1.0,1.0,1.0
25d,train__c05__user18__6-1-2,5,Put_on_clothes,user18,6-1-2,47,-1,0.8913043478260869,0.632441844040808,0.2926829268292683,0.4781685855865706,0.21142975437562325,0.488780134675535,7.0,155.0,0.0,0.0,0.14285714285714285
2d,train__c05__user18__6-1-3,5,Put_on_clothes,user18,6-1-3,39,0,0.8525641025641025,0.40063340794649993,0.49122807017543857,0.2654661134150576,-0.033965175130676005,0.5544310720596065,1.0,155.0,1.0,1.0,1.0
25d,train__c05__user18__6-1-3,5,Put_on_clothes,user18,6-1-3,39,0,0.7863247863247863,0.628650407113814,0.28532608695652173,0.15530617608834554,0.05293079972838294,0.4300622540470289,4.0,155.0,0.0,1.0,0.25
2d,train__c05__user18__7-1-1,5,Put_on_clothes,user18,7-1-1,56,0,0.6994047619047619,0.29336751510359327,0.6595744680851063,0.6016015663980805,0.32392902055042805,0.6921612668183749,1.0,155.0,1.0,1.0,1.0
25d,train__c05__user18__7-1-1,5,Put_on_clothes,user18,7-1-1,56,0,0.6949404761904762,0.5008289997904869,0.37901498929336186,0.5733235268915301,0.16481417071970966,0.5226457072235279,1.0,155.0,1.0,1.0,1.0
2d,train__c05__user18__7-1-2,5,Put_on_clothes,user18,7-1-2,39,0,0.7435897435897436,0.2783411978255621,0.6982758620689655,0.6438570639397303,0.3538215631148528,0.7243330221244925,1.0,155.0,1.0,1.0,1.0
25d,train__c05__user18__7-1-2,5,Put_on_clothes,user18,7-1-2,39,0,0.688034188034188,0.4467072123167145,0.453416149068323,0.6075668164151182,0.10478704448712362,0.5617980107690426,25.0,155.0,0.0,0.0,0.04
2d,train__c05__user18__7-1-3,5,Put_on_clothes,user18,7-1-3,42,0,0.75,0.23500162901666283,0.6534391534391535,0.7777956492607395,0.4417173956181048,0.7202999039889664,1.0,155.0,1.0,1.0,1.0
25d,train__c05__user18__7-1-3,5,Put_on_clothes,user18,7-1-3,42,-1,0.7378048780487805,0.542746434687164,0.3526170798898072,0.4675738558866963,0.3187437350164898,0.5133830474591784,8.0,155.0,0.0,0.0,0.125
2d,train__c06__user18__6-2-1,6,Drink_water,user18,6-2-1,9,1,0.8333333333333334,0.1769578192701024,0.8,0.9191406831004503,0.1335623861507615,0.8002645806046855,1.0,155.0,1.0,1.0,1.0
25d,train__c06__user18__6-2-1,6,Drink_water,user18,6-2-1,9,-2,0.8333333333333334,0.5066181335153888,0.21428571428571427,0.9058799732693902,-0.06899946289619681,0.4616035138002005,17.0,155.0,0.0,0.0,0.058823529411764705
2d,train__c07__user18__7-2-1,7,Eat_food,user18,7-2-1,19,0,0.956140350877193,0.19153511109352295,0.7018348623853211,0.9489080029650985,0.2556998286977081,0.7706914968484838,1.0,155.0,1.0,1.0,1.0
25d,train__c07__user18__7-2-1,7,Eat_food,user18,7-2-1,19,-2,0.9509803921568627,0.39162371151828884,0.3711340206185567,0.6255029232456755,0.10258907790615525,0.5444662237234217,22.0,155.0,0.0,0.0,0.045454545454545456
2d,train__c07__user18__7-2-2,7,Eat_food,user18,7-2-2,12,0,0.875,0.1739581396830841,0.7619047619047619,0.9690240438039868,0.5166342096946924,0.8171975891551196,2.0,155.0,0.0,1.0,0.5
25d,train__c07__user18__7-2-2,7,Eat_food,user18,7-2-2,12,0,0.8680555555555556,0.35503148270377866,0.608,0.8415945937444299,0.45194496083586644,0.7142608869926886,2.0,155.0,0.0,1.0,0.5
2d,train__c07__user18__7-2-3,7,Eat_food,user18,7-2-3,26,0,0.967948717948718,0.1914268033370435,0.6887417218543046,0.9746790007028737,0.4696427335640421,0.7832939239023299,6.0,155.0,0.0,0.0,0.16666666666666666
25d,train__c07__user18__7-2-3,7,Eat_food,user18,7-2-3,26,1,0.97,0.4802559692515037,0.4639175257731959,0.6569898075531126,0.20272432524886952,0.6080579443242342,12.0,155.0,0.0,0.0,0.08333333333333333
2d,train__c09__user18__3-2-1,9,Pour_drinks,user18,3-2-1,31,0,0.956989247311828,0.24183743973108743,0.6601123595505618,0.9582125943496268,0.42156435756671834,0.7611993087364584,1.0,155.0,1.0,1.0,1.0
25d,train__c09__user18__3-2-1,9,Pour_drinks,user18,3-2-1,31,1,0.9583333333333334,0.4038914442643897,0.45217391304347826,0.7978864025771918,0.3532983525840987,0.625815002208773,1.0,155.0,1.0,1.0,1.0
2d,train__c09__user18__3-2-2,9,Pour_drinks,user18,3-2-2,14,0,0.9940476190476191,0.26114568752655304,0.5808383233532934,0.8299749446672791,0.17488381845578801,0.6899796205999853,1.0,155.0,1.0,1.0,1.0
25d,train__c09__user18__3-2-2,9,Pour_drinks,user18,3-2-2,14,1,0.9935897435897436,0.5400505192098377,0.23225806451612904,0.8751321287040724,0.133833180561006,0.4996516112553281,3.0,155.0,0.0,1.0,0.3333333333333333
2d,train__c09__user18__3-2-3,9,Pour_drinks,user18,3-2-3,10,0,0.925,0.135828183706323,0.8198198198198198,0.9893466839442056,0.4595629140362515,0.8518027878480404,1.0,155.0,1.0,1.0,1.0
25d,train__c09__user18__3-2-3,9,Pour_drinks,user18,3-2-3,10,0,0.925,0.2503436256802102,0.43243243243243246,0.8289372088553558,0.4626541322439996,0.6229306186416734,5.0,155.0,0.0,1.0,0.2
2d,train__c09__user18__4-2-3,9,Pour_drinks,user18,4-2-3,8,2,0.9166666666666666,0.17236434212423613,0.7272727272727273,0.9660168842379755,0.2786059119614052,0.7841637984875697,1.0,155.0,1.0,1.0,1.0
25d,train__c09__user18__4-2-3,9,Pour_drinks,user18,4-2-3,8,-1,0.9285714285714286,0.49705043364763013,0.48717948717948717,0.8104425226049864,0.2753547297104114,0.6375017177946403,4.0,155.0,0.0,1.0,0.25
2d,train__c09__user18__7-2-1,9,Pour_drinks,user18,7-2-1,8,-1,0.8333333333333334,0.18394260536276716,0.8,0.9916755165498469,0.31068372283986945,0.8208021642013082,2.0,155.0,0.0,1.0,0.5
25d,train__c09__user18__7-2-1,9,Pour_drinks,user18,7-2-1,8,2,0.8333333333333334,0.459932583043512,0.2833333333333333,0.462962576317384,0.1142831110753471,0.4690341576290561,5.0,155.0,0.0,1.0,0.2
2d,train__c10__user18__3-2-1,10,Stir_drinks,user18,3-2-1,38,-2,1.0,0.22413010986630533,0.6666666666666666,0.9539633837057665,0.08048971275760802,0.743099733494064,4.0,155.0,0.0,1.0,0.25
25d,train__c10__user18__3-2-1,10,Stir_drinks,user18,3-2-1,38,-2,1.0,0.46428493742716676,0.3958333333333333,0.7888098893761663,0.10153558618742402,0.5792044912350067,1.0,155.0,1.0,1.0,1.0
2d,train__c10__user18__3-2-2,10,Stir_drinks,user18,3-2-2,17,0,0.9901960784313726,0.15840914278695803,0.7524752475247525,0.9056062331946374,0.5836851181592196,0.8222180011631564,1.0,155.0,1.0,1.0,1.0
25d,train__c10__user18__3-2-2,10,Stir_drinks,user18,3-2-2,17,-2,0.9888888888888889,0.35378890078507585,0.25280898876404495,0.8053989956931668,0.482960399097946,0.5296957622107763,8.0,155.0,0.0,0.0,0.125
2d,train__c10__user18__3-2-3,10,Stir_drinks,user18,3-2-3,18,-1,0.9019607843137255,0.13920347187225812,0.8641304347826086,0.9053348086841737,-0.00801640316607751,0.830400068192769,1.0,155.0,1.0,1.0,1.0
25d,train__c10__user18__3-2-3,10,Stir_drinks,user18,3-2-3,18,1,0.9019607843137255,0.42966947676076506,0.2554347826086957,0.7445125786203481,0.027747058514291222,0.4822174961167619,9.0,155.0,0.0,0.0,0.1111111111111111
2d,train__c10__user18__4-2-1,10,Stir_drinks,user18,4-2-1,33,0,0.9924242424242424,0.18836068989375992,0.6615776081424937,0.77833439321223,0.19298099776502634,0.7304171228743958,3.0,155.0,0.0,1.0,0.3333333333333333
25d,train__c10__user18__4-2-1,10,Stir_drinks,user18,4-2-1,33,-1,0.9869791666666666,0.43520510404582907,0.48548812664907653,0.909849570606996,0.116205813029857,0.6404167793615976,5.0,155.0,0.0,1.0,0.2
2d,train__c10__user18__4-2-2,10,Stir_drinks,user18,4-2-2,10,0,0.9666666666666667,0.1526831408687619,0.7586206896551724,0.9692535752056883,0.4480631157425965,0.8194381371782751,1.0,155.0,1.0,1.0,1.0
25d,train__c10__user18__4-2-2,10,Stir_drinks,user18,4-2-2,10,0,0.9666666666666667,0.382504662198981,0.35344827586206895,0.5861036266482172,0.21538617374360436,0.5408275440863968,1.0,155.0,1.0,1.0,1.0
2d,train__c10__user18__4-2-3,10,Stir_drinks,user18,4-2-3,14,-1,0.967948717948718,0.1396374321483396,0.8079470198675497,0.8229079233527028,0.1087749915207944,0.8066146494213541,2.0,155.0,0.0,1.0,0.5
25d,train__c10__user18__4-2-3,10,Stir_drinks,user18,4-2-3,14,-2,0.9722222222222222,0.30919236247853005,0.25,0.6214108100182654,-0.0272083101928345,0.46982267995958615,9.0,155.0,0.0,0.0,0.1111111111111111
2d,train__c10__user18__7-2-1,10,Stir_drinks,user18,7-2-1,13,2,0.8333333333333334,0.17754375825493598,0.8,0.9759068922695833,0.2951350224886645,0.8180591492469416,1.0,155.0,1.0,1.0,1.0
25d,train__c10__user18__7-2-1,10,Stir_drinks,user18,7-2-1,13,-2,0.8333333333333334,0.30929367869641416,0.35454545454545455,0.6161036769739606,0.07290921857536663,0.5204118924238819,1.0,155.0,1.0,1.0,1.0
2d,train__c10__user18__7-2-2,10,Stir_drinks,user18,7-2-2,18,0,0.8425925925925926,0.142165309726052,0.7967032967032966,0.8888918377320669,0.4704069229408505,0.821615775439843,4.0,155.0,0.0,1.0,0.25
25d,train__c10__user18__7-2-2,10,Stir_drinks,user18,7-2-2,18,1,0.8431372549019608,0.38721770478787637,0.37209302325581395,0.8391870604477177,0.2821093235735985,0.5690417935936855,2.0,155.0,0.0,1.0,0.5
2d,train__c10__user18__7-2-3,10,Stir_drinks,user18,7-2-3,14,-1,0.9871794871794872,0.13303475530128755,0.8246753246753247,0.976823485176741,0.23291887827457414,0.8424406416776444,1.0,155.0,1.0,1.0,1.0
25d,train__c10__user18__7-2-3,10,Stir_drinks,user18,7-2-3,14,-2,0.9861111111111112,0.3900641972771109,0.38028169014084506,0.9124272692860781,-0.0931239098154804,0.5670244743810227,13.0,155.0,0.0,0.0,0.07692307692307693
2d,train__c11__user18__4-2-1,11,Peel_fruits,user18,4-2-1,25,0,0.99,0.19571266661289674,0.6767676767676768,0.9665103938031371,0.1694401816946602,0.7555812752296356,6.0,155.0,0.0,0.0,0.16666666666666666
25d,train__c11__user18__4-2-1,11,Peel_fruits,user18,4-2-1,25,0,0.99,0.3013751884760691,0.5185185185185185,0.7038995613368397,0.17943660851179555,0.6430328869572539,6.0,155.0,0.0,0.0,0.16666666666666666
2d,train__c11__user18__4-2-2,11,Peel_fruits,user18,4-2-2,12,1,0.8863636363636364,0.12161672711049694,0.905982905982906,0.9420118274865638,0.09801007080369822,0.8634788999858958,1.0,155.0,1.0,1.0,1.0
25d,train__c11__user18__4-2-2,11,Peel_fruits,user18,4-2-2,12,1,0.8863636363636364,0.4120093696944547,0.358974358974359,-0.03344987394158637,0.3945496591851782,0.4873184981169908,1.0,155.0,1.0,1.0,1.0
2d,train__c11__user18__4-2-3,11,Peel_fruits,user18,4-2-3,16,1,0.8333333333333334,0.10801620933665983,0.9,0.9744901767470054,0.49027179799672005,0.8875527358577879,1.0,155.0,1.0,1.0,1.0
25d,train__c11__user18__4-2-3,11,Peel_fruits,user18,4-2-3,16,1,0.8333333333333334,0.177779086207534,0.6933333333333334,0.6171795656874874,0.4499653614089646,0.7351320253410878,2.0,155.0,0.0,1.0,0.5
2d,train__c11__user18__6-2-1,11,Peel_fruits,user18,6-2-1,92,0,0.7418478260869565,0.2808552069148799,0.5238095238095238,-0.3027648582172901,0.27589344775389685,0.527695543463747,31.0,155.0,0.0,0.0,0.03225806451612903
25d,train__c11__user18__6-2-1,11,Peel_fruits,user18,6-2-1,92,1,0.7362637362637363,0.6028998688404115,0.19776119402985073,-0.03743359003810408,0.17449971442023382,0.3667391499204987,53.0,155.0,0.0,0.0,0.018867924528301886
2d,train__c11__user18__6-2-2,11,Peel_fruits,user18,6-2-2,21,-1,0.9791666666666666,0.18724953779686945,0.7787234042553192,0.2299185866014585,0.29541901123814623,0.7463628235100991,1.0,155.0,1.0,1.0,1.0
25d,train__c11__user18__6-2-2,11,Peel_fruits,user18,6-2-2,21,0,0.9761904761904762,0.4319817256135872,0.3252032520325203,0.019698333394499692,0.22848971972663548,0.4705873985558814,2.0,155.0,0.0,1.0,0.5
2d,train__c11__user18__6-2-3,11,Peel_fruits,user18,6-2-3,23,0,0.8623188405797102,0.14235972299436295,0.8865546218487395,0.5952297565627015,0.2240940019687036,0.8251669518787007,1.0,155.0,1.0,1.0,1.0
25d,train__c11__user18__6-2-3,11,Peel_fruits,user18,6-2-3,23,0,0.8623188405797102,0.4784793236783007,0.2689075630252101,0.36634855892372675,0.09066205303694831,0.45256555359198036,7.0,155.0,0.0,0.0,0.14285714285714285
2d,train__c11__user18__7-2-1,11,Peel_fruits,user18,7-2-1,25,1,1.0,0.17711395984608844,0.7430555555555556,0.9757593351328855,0.25726155344123797,0.8005511055769371,1.0,155.0,1.0,1.0,1.0
25d,train__c11__user18__7-2-1,11,Peel_fruits,user18,7-2-1,25,1,1.0,0.33805767753290566,0.3229166666666667,0.7151954700114391,0.19859019333958805,0.5390179781682797,4.0,155.0,0.0,1.0,0.25
2d,train__c11__user18__7-2-2,11,Peel_fruits,user18,7-2-2,20,0,0.8666666666666667,0.1406317110163697,0.7884615384615384,0.9578285148910967,0.3915908246500413,0.8204726761583756,2.0,155.0,0.0,1.0,0.5
25d,train__c11__user18__7-2-2,11,Peel_fruits,user18,7-2-2,20,2,0.8611111111111112,0.4431288863691056,0.4731182795698925,0.20711497228085063,-0.16668104107264523,0.5295365840221886,1.0,155.0,1.0,1.0,1.0
2d,train__c11__user18__7-2-3,11,Peel_fruits,user18,7-2-3,19,0,0.8596491228070176,0.12163383851378519,0.8673469387755102,0.953759753906111,0.30449983193255353,0.856219191392785,1.0,155.0,1.0,1.0,1.0
25d,train__c11__user18__7-2-3,11,Peel_fruits,user18,7-2-3,19,0,0.8596491228070176,0.38138976606810426,0.3622448979591837,0.16460945356524181,0.038674625324053025,0.479561148414081,1.0,155.0,1.0,1.0,1.0
2d,train__c12__user18__3-1-1,12,Sweep_the_floor,user18,3-1-1,46,0,0.9963768115942029,0.18023653311026966,0.7490909090909091,0.7723844331248887,0.25896720669402334,0.783298664973961,2.0,155.0,0.0,1.0,0.5
25d,train__c12__user18__3-1-1,12,Sweep_the_floor,user18,3-1-1,46,0,0.9963768115942029,0.7102729111875009,0.37454545454545457,0.7443233626762676,0.07537611557672656,0.5607232260953016,1.0,155.0,1.0,1.0,1.0
2d,train__c12__user18__3-1-2,12,Sweep_the_floor,user18,3-1-2,15,0,1.0,0.17502884628522034,0.8166666666666667,0.7185514905070833,0.3772372897602248,0.8243146124493919,1.0,155.0,1.0,1.0,1.0
25d,train__c12__user18__3-1-2,12,Sweep_the_floor,user18,3-1-2,15,0,1.0,0.8723664465540754,0.39444444444444443,0.8275862088313205,0.25474226669601635,0.5938087353297777,1.0,155.0,1.0,1.0,1.0
2d,train__c12__user18__3-1-3,12,Sweep_the_floor,user18,3-1-3,29,1,1.0,0.11753308917118632,0.9464285714285714,0.8473830761177232,0.18903490368105935,0.8944516396735661,1.0,155.0,1.0,1.0,1.0
25d,train__c12__user18__3-1-3,12,Sweep_the_floor,user18,3-1-3,29,0,1.0,0.5635593554429678,0.46839080459770116,0.8341033803734457,0.09262237297609459,0.6229719585392873,3.0,155.0,0.0,1.0,0.3333333333333333
2d,train__c13__user18__3-1-1,13,Mop_the_floor,user18,3-1-1,38,0,1.0,0.19928659655535436,0.75,0.6087391711505872,0.251456088214218,0.7672331237311251,1.0,155.0,1.0,1.0,1.0
25d,train__c13__user18__3-1-1,13,Mop_the_floor,user18,3-1-1,38,0,0.9210526315789473,0.7125231594911977,0.35,0.5414241367800757,-0.04761858159017315,0.5101762832166394,1.0,155.0,1.0,1.0,1.0
2d,train__c13__user18__3-1-2,13,Mop_the_floor,user18,3-1-2,30,0,1.0,0.21894171517045907,0.7083333333333334,0.48050889071201436,0.16959322893305107,0.7253537145745137,1.0,155.0,1.0,1.0,1.0
25d,train__c13__user18__3-1-2,13,Mop_the_floor,user18,3-1-2,30,0,0.9611111111111111,0.7576587706286615,0.3468208092485549,0.4488418258411932,0.12460789787821773,0.516092331122802,1.0,155.0,1.0,1.0,1.0
2d,train__c13__user18__3-1-3,13,Mop_the_floor,user18,3-1-3,33,0,1.0,0.16063051567344738,0.803030303030303,0.8717152443878846,0.2598715628495255,0.8233285583191695,1.0,155.0,1.0,1.0,1.0
25d,train__c13__user18__3-1-3,13,Mop_the_floor,user18,3-1-3,33,0,1.0,0.6697041843135896,0.4090909090909091,0.5490989412552777,0.1474666868773139,0.5659698956413263,1.0,155.0,1.0,1.0,1.0
2d,train__c14__user18__3-2-1,14,Wipe_bowls,user18,3-2-1,27,1,0.8942307692307693,0.25209673286495593,0.7419354838709677,0.9789188523194342,0.1564110676206638,0.7821103083556025,5.0,155.0,0.0,1.0,0.2
25d,train__c14__user18__3-2-1,14,Wipe_bowls,user18,3-2-1,27,0,0.8919753086419753,0.4375395876300729,0.42560553633217996,0.7784697486813141,0.1514184507909734,0.587483934524351,9.0,155.0,0.0,0.0,0.1111111111111111
2d,train__c14__user18__3-2-2,14,Wipe_bowls,user18,3-2-2,25,0,0.8966666666666666,0.23860174769201464,0.7434944237918215,0.94383284677821,0.18575517436845754,0.7819035225076238,9.0,155.0,0.0,0.0,0.1111111111111111
25d,train__c14__user18__3-2-2,14,Wipe_bowls,user18,3-2-2,25,0,0.8933333333333333,0.4279515129809606,0.4552238805970149,0.65949503635903,0.07892618587691182,0.586575435238363,11.0,155.0,0.0,0.0,0.09090909090909091
2d,train__c14__user18__3-2-3,14,Wipe_bowls,user18,3-2-3,28,2,0.8173076923076923,0.22268959418651824,0.8117647058823529,0.9692222280093356,0.1249976999508512,0.8094984077633108,6.0,155.0,0.0,0.0,0.16666666666666666
25d,train__c14__user18__3-2-3,14,Wipe_bowls,user18,3-2-3,28,0,0.8154761904761905,0.32790714321805287,0.4489051094890511,0.8581625247708927,0.1544405348889931,0.600844721860361,12.0,155.0,0.0,0.0,0.08333333333333333
2d,train__c15__user18__2-2-1,15,Wipe_windows_and_tables,user18,2-2-1,36,0,0.9976851851851852,0.18250108816286562,0.6821345707656613,0.9385152534970034,0.2764454474218487,0.7645274663459714,2.0,155.0,0.0,1.0,0.5
25d,train__c15__user18__2-2-1,15,Wipe_windows_and_tables,user18,2-2-1,36,0,0.9976851851851852,0.3717784353070508,0.44779582366589327,0.5390007840246333,0.03186621063553267,0.5773462657348881,7.0,155.0,0.0,0.0,0.14285714285714285
2d,train__c15__user18__2-2-2,15,Wipe_windows_and_tables,user18,2-2-2,36,0,0.9861111111111112,0.1354154944841951,0.8215962441314554,0.9389588430275018,0.012009459764512944,0.8202856391685002,1.0,155.0,1.0,1.0,1.0
25d,train__c15__user18__2-2-2,15,Wipe_windows_and_tables,user18,2-2-2,36,2,0.9852941176470589,0.3707574388433736,0.5099502487562189,0.6645993779354736,0.055306195251073276,0.6246099510180042,1.0,155.0,1.0,1.0,1.0
2d,train__c15__user18__2-2-3,15,Wipe_windows_and_tables,user18,2-2-3,25,0,1.0,0.27035420150912615,0.39,0.9300312293382295,0.1687621382879024,0.5951602833054156,1.0,155.0,1.0,1.0,1.0
25d,train__c15__user18__2-2-3,15,Wipe_windows_and_tables,user18,2-2-3,25,-2,1.0,0.4185458688065968,0.2608695652173913,0.6064515695930238,0.1371844395743065,0.4894122507969406,1.0,155.0,1.0,1.0,1.0
2d,train__c15__user18__3-3-1,15,Wipe_windows_and_tables,user18,3-3-1,42,1,0.9939024390243902,0.2810088717435388,0.5419222903885481,0.4563522386954736,0.06145584471406259,0.6226919158392425,1.0,155.0,1.0,1.0,1.0
25d,train__c15__user18__3-3-1,15,Wipe_windows_and_tables,user18,3-3-1,42,2,0.975,0.8001528385548657,0.16880341880341881,0.21867365773831807,-0.004315824854026914,0.3868855592516601,1.0,155.0,1.0,1.0,1.0
2d,train__c15__user18__3-3-2,15,Wipe_windows_and_tables,user18,3-3-2,27,-2,0.9933333333333333,0.23043354963901508,0.5436241610738255,0.698631001415798,-0.12879145366548186,0.633530363040606,3.0,155.0,0.0,1.0,0.3333333333333333
25d,train__c15__user18__3-3-2,15,Wipe_windows_and_tables,user18,3-3-2,27,0,0.9907407407407407,0.9944305949062652,0.08411214953271028,0.056863492005885086,0.007692237423588014,0.3265990233244223,9.0,155.0,0.0,0.0,0.1111111111111111
2d,train__c15__user18__3-3-3,15,Wipe_windows_and_tables,user18,3-3-3,45,2,0.9767441860465116,0.31770052947333705,0.43452380952380953,0.6019968077384265,0.0564584741427987,0.5760965801772989,5.0,155.0,0.0,1.0,0.2
25d,train__c15__user18__3-3-3,15,Wipe_windows_and_tables,user18,3-3-3,45,1,0.9526515151515151,0.7189348199070138,0.1312127236580517,0.05769104829646135,0.13868662320337605,0.3586027510969793,2.0,155.0,0.0,1.0,0.5
2d,train__c16__user18__2-1-1,16,Fold_clothes,user18,2-1-1,105,0,0.9857142857142858,0.5090911028123106,0.4025764895330113,0.16433593899575913,0.11966944029279573,0.5203972997361204,46.0,155.0,0.0,0.0,0.021739130434782608
25d,train__c16__user18__2-1-1,16,Fold_clothes,user18,2-1-1,105,0,0.984920634920635,0.60829306681694,0.1780821917808219,0.10283725905256644,0.11468443843787786,0.39032232775961306,25.0,155.0,0.0,0.0,0.04
2d,train__c16__user18__2-1-2,16,Fold_clothes,user18,2-1-2,108,0,1.0,0.25305029333374046,0.5817901234567902,0.28730064539472244,0.1437376183007666,0.6344949538132644,1.0,155.0,1.0,1.0,1.0
25d,train__c16__user18__2-1-2,16,Fold_clothes,user18,2-1-2,108,-2,1.0,0.4192364390336714,0.29009433962264153,0.33488385823458866,0.11495803875230719,0.4766621255223348,2.0,155.0,0.0,1.0,0.5
2d,train__c16__user18__2-1-3,16,Fold_clothes,user18,2-1-3,43,0,1.0,0.3727072835960483,0.42441860465116277,0.30024655800515304,0.031509896756399876,0.5408181306153849,2.0,155.0,0.0,1.0,0.5
25d,train__c16__user18__2-1-3,16,Fold_clothes,user18,2-1-3,43,0,1.0,0.48212733994414675,0.18992248062015504,0.46948598217933907,0.05016129683462015,0.43016805982161566,1.0,155.0,1.0,1.0,1.0
2d,train__c17__user18__5-1-1,17,Tap_the_keyboard,user18,5-1-1,82,2,0.8854166666666666,0.3563362625764238,0.23176470588235293,0.5742301327955553,0.020192699788750212,0.4499497206656726,54.0,155.0,0.0,0.0,0.018518518518518517
25d,train__c17__user18__5-1-1,17,Tap_the_keyboard,user18,5-1-1,82,2,0.8854166666666666,0.6245547508960206,0.2223529411764706,0.11068545882294954,0.014098297888835497,0.39796170253768315,104.0,155.0,0.0,0.0,0.009615384615384616
2d,train__c17__user18__5-1-2,17,Tap_the_keyboard,user18,5-1-2,37,0,0.8671171171171171,0.33347402549704713,0.2883116883116883,0.7969852897327085,0.23841254309598092,0.5178626099886097,45.0,155.0,0.0,0.0,0.022222222222222223
25d,train__c17__user18__5-1-2,17,Tap_the_keyboard,user18,5-1-2,37,-1,0.8680555555555556,0.6217250816507123,0.25333333333333335,0.08773691872590832,0.0660797253513825,0.41486856016283347,95.0,155.0,0.0,0.0,0.010526315789473684
2d,train__c17__user18__5-1-3,17,Tap_the_keyboard,user18,5-1-3,21,-1,0.8625,0.3586921288365985,0.30917874396135264,0.3111357359537439,0.3526754271742579,0.4888625398121877,45.0,155.0,0.0,0.0,0.022222222222222223
25d,train__c17__user18__5-1-3,17,Tap_the_keyboard,user18,5-1-3,21,-2,0.8640350877192983,0.6632586683368522,0.15736040609137056,0.13721996979000448,0.047117316784586236,0.3652075278600281,98.0,155.0,0.0,0.0,0.01020408163265306
2d,train__c18__user18__4-1-1,18,Write,user18,4-1-1,36,0,0.7199074074074074,0.16943683348169458,0.7170418006430869,0.790502932823999,0.5248611836144066,0.759778613147919,1.0,155.0,1.0,1.0,1.0
25d,train__c18__user18__4-1-1,18,Write,user18,4-1-1,36,2,0.6691176470588235,0.27499188119789536,0.5604395604395604,0.7542855100506158,0.40187380401845013,0.655722609254086,3.0,155.0,0.0,1.0,0.3333333333333333
2d,train__c18__user18__4-1-3,18,Write,user18,4-1-3,31,0,0.7876344086021505,0.2201359350558251,0.6621160409556314,0.8780360315535635,0.5050051582435019,0.7436062534094313,1.0,155.0,1.0,1.0,1.0
25d,train__c18__user18__4-1-3,18,Write,user18,4-1-3,31,-1,0.7777777777777778,0.27247066134019476,0.5464285714285714,0.8403820268652361,0.24490921750103517,0.6557198860625935,1.0,155.0,1.0,1.0,1.0
2d,train__c18__user18__6-2-1,18,Write,user18,6-2-1,16,0,0.7604166666666666,0.2492281571408312,0.4520547945205479,0.8524325041165416,0.3380770753217923,0.6102708347137566,23.0,155.0,0.0,0.0,0.043478260869565216
25d,train__c18__user18__6-2-1,18,Write,user18,6-2-1,16,0,0.7604166666666666,0.6081540978307803,0.07534246575342465,0.7511179375546247,0.2949406705246346,0.3897123668758603,47.0,155.0,0.0,0.0,0.02127659574468085
2d,train__c18__user18__6-2-3,18,Write,user18,6-2-3,11,0,0.8333333333333334,0.22302403004202026,0.4818181818181818,0.3602185381815782,0.4908152622749079,0.5961663318221093,7.0,155.0,0.0,0.0,0.14285714285714285
25d,train__c18__user18__6-2-3,18,Write,user18,6-2-3,11,0,0.8333333333333334,0.5549477720763077,0.10909090909090909,0.015985634951927914,0.45255240205551306,0.3538733269826896,62.0,155.0,0.0,0.0,0.016129032258064516
2d,train__c19__user18__1-2-1,19,Make_a_phone_call,user18,1-2-1,34,-1,0.9494949494949495,0.38680195338709505,0.4867021276595745,0.4431518413227553,0.030229319890153348,0.584218048286298,3.0,155.0,0.0,1.0,0.3333333333333333
25d,train__c19__user18__1-2-1,19,Make_a_phone_call,user18,1-2-1,34,-1,0.946969696969697,0.5000587138815001,0.344,0.23992703761255255,0.10204094200946136,0.4905427441089346,9.0,155.0,0.0,0.0,0.1111111111111111
2d,train__c19__user18__1-2-2,19,Make_a_phone_call,user18,1-2-2,45,0,0.9333333333333333,0.4196833940657703,0.5496031746031746,0.8398067999598463,0.3707563045184464,0.6824024821999476,4.0,155.0,0.0,1.0,0.25
25d,train__c19__user18__1-2-2,19,Make_a_phone_call,user18,1-2-2,45,0,0.9333333333333333,1.1001371006823149,0.35912698412698413,0.8415085876170592,0.3771353242647552,0.5782891826847373,1.0,155.0,1.0,1.0,1.0
2d,train__c19__user18__1-2-3,19,Make_a_phone_call,user18,1-2-3,37,1,0.9560185185185185,0.4744047009092545,0.513317191283293,0.5029063935591773,0.10840561698073431,0.6113473676871358,5.0,155.0,0.0,1.0,0.2
25d,train__c19__user18__1-2-3,19,Make_a_phone_call,user18,1-2-3,37,1,0.9560185185185185,0.9504084744425725,0.3196125907990315,0.5910773106936439,0.144532517988705,0.5163364467098365,5.0,155.0,0.0,1.0,0.2
2d,train__c19__user18__2-1-1,19,Make_a_phone_call,user18,2-1-1,19,1,1.0,0.23260655835788857,0.6388888888888888,-0.08850113679318732,0.2856556272825827,0.6389629472557639,1.0,155.0,1.0,1.0,1.0
25d,train__c19__user18__2-1-1,19,Make_a_phone_call,user18,2-1-1,19,0,1.0,0.37130649656614684,0.38596491228070173,-0.17057198764255008,0.23623405968290276,0.48794105746634864,1.0,155.0,1.0,1.0,1.0
2d,train__c19__user18__2-1-2,19,Make_a_phone_call,user18,2-1-2,21,2,1.0,0.258713364264487,0.6228070175438597,0.8705479454080426,0.39180218500658626,0.7339838180654211,2.0,155.0,0.0,1.0,0.5
25d,train__c19__user18__2-1-2,19,Make_a_phone_call,user18,2-1-2,21,2,0.9429824561403509,0.43774853462141106,0.2651162790697674,0.863976041501343,0.3189061610980659,0.5254277653348964,1.0,155.0,1.0,1.0,1.0
2d,train__c19__user18__2-1-3,19,Make_a_phone_call,user18,2-1-3,21,-1,1.0,0.26274412535480257,0.5625,0.7595901387586801,0.30188796914816807,0.6829756115619806,3.0,155.0,0.0,1.0,0.3333333333333333
25d,train__c19__user18__2-1-3,19,Make_a_phone_call,user18,2-1-3,21,2,1.0,0.3791414035456037,0.2675438596491228,0.6538611444628143,0.1596612263419638,0.49950982922894627,2.0,155.0,0.0,1.0,0.5
2d,train__c20__user18__2-1-1,20,Check_the_time,user18,2-1-1,19,-1,1.0,0.15708743198245853,0.8287037037037037,0.33642183401324854,0.3096450348852271,0.787652598054754,1.0,155.0,1.0,1.0,1.0
25d,train__c20__user18__2-1-1,20,Check_the_time,user18,2-1-1,19,-1,1.0,0.29179491419482145,0.5046296296296297,0.5267596221141467,0.49575863643608215,0.6424041562404171,1.0,155.0,1.0,1.0,1.0
2d,train__c20__user18__2-1-2,20,Check_the_time,user18,2-1-2,12,2,1.0,0.22322089111385096,0.525,0.9517810296055337,0.4776350481262612,0.694750731570023,1.0,155.0,1.0,1.0,1.0
25d,train__c20__user18__2-1-2,20,Check_the_time,user18,2-1-2,12,1,0.9924242424242424,0.4946179783399131,0.12213740458015267,0.8714141134105076,0.39235549053477664,0.4579860698926672,5.0,155.0,0.0,1.0,0.2
2d,train__c20__user18__2-1-3,20,Check_the_time,user18,2-1-3,13,0,1.0,0.24788153924809192,0.5,0.3621211320715969,-0.04802280622226588,0.5826104027404898,3.0,155.0,0.0,1.0,0.3333333333333333
25d,train__c20__user18__2-1-3,20,Check_the_time,user18,2-1-3,13,0,1.0,0.48209228607859383,0.21794871794871795,0.2823436763033065,0.13001398961658397,0.43285721172336933,2.0,155.0,0.0,1.0,0.5
2d,train__c20__user18__5-1-1,20,Check_the_time,user18,5-1-1,21,0,0.9603174603174603,0.2968312293817005,0.5537190082644629,-0.10387226324883717,0.18202735578383392,0.5788420259361045,19.0,155.0,0.0,0.0,0.05263157894736842
25d,train__c20__user18__5-1-1,20,Check_the_time,user18,5-1-1,21,0,0.9603174603174603,0.5401541654550505,0.35537190082644626,0.0007811419342365053,0.4108942744101031,0.4973814762604729,51.0,155.0,0.0,0.0,0.0196078431372549
2d,train__c20__user18__5-1-2,20,Check_the_time,user18,5-1-2,22,1,0.9920634920634921,0.19573020767705784,0.776,0.5958850771699805,0.3512135283450728,0.7869358715492277,2.0,155.0,0.0,1.0,0.5
25d,train__c20__user18__5-1-2,20,Check_the_time,user18,5-1-2,22,0,0.9924242424242424,0.3447246774513108,0.38549618320610685,0.6335746660938767,0.40770724309094336,0.5802008348469915,4.0,155.0,0.0,1.0,0.25
2d,train__c20__user18__5-1-3,20,Check_the_time,user18,5-1-3,16,0,0.9895833333333334,0.22908467575706257,0.7263157894736842,0.39602139268930786,0.5324636172193734,0.7529689281042435,2.0,155.0,0.0,1.0,0.5
25d,train__c20__user18__5-1-3,20,Check_the_time,user18,5-1-3,16,0,0.9895833333333334,0.4267192453771377,0.3631578947368421,0.5063923305683171,0.47647202063006455,0.5600698100426831,25.0,155.0,0.0,0.0,0.04
2d,train__c20__user18__6-2-1,20,Check_the_time,user18,6-2-1,14,0,0.875,0.31778305680901003,0.6190476190476191,0.10781135070840739,0.3925197026723415,0.6431963032474569,30.0,155.0,0.0,0.0,0.03333333333333333
25d,train__c20__user18__6-2-1,20,Check_the_time,user18,6-2-1,14,0,0.875,0.6252268594975889,0.12244897959183673,0.09615619149143362,0.20917297866817539,0.3551505313247667,70.0,155.0,0.0,0.0,0.014285714285714285
2d,train__c20__user18__6-2-3,20,Check_the_time,user18,6-2-3,9,2,1.0,0.25568946992724356,0.5952380952380952,0.3813813838524715,0.34908064391983773,0.6667001390601873,2.0,155.0,0.0,1.0,0.5
25d,train__c20__user18__6-2-3,20,Check_the_time,user18,6-2-3,9,1,1.0,0.5684847229805677,0.21875,-0.16373759990171463,0.4469194454944229,0.41245769842191027,4.0,155.0,0.0,1.0,0.25
2d,train__c21__user18__1-2-1,21,Read_documents,user18,1-2-1,54,0,0.9027777777777778,0.29185794447551144,0.5811965811965812,0.3736749730039005,0.08542103611262779,0.6287099724447346,2.0,155.0,0.0,1.0,0.5
25d,train__c21__user18__1-2-1,21,Read_documents,user18,1-2-1,54,2,0.8958333333333334,0.6513082344299703,0.2110912343470483,-0.11345139165756335,0.011610166389081985,0.37020913553763474,4.0,155.0,0.0,1.0,0.25
2d,train__c21__user18__1-2-2,21,Read_documents,user18,1-2-2,40,0,0.9520833333333333,0.33597756122951683,0.6323851203501094,0.32081385178099847,0.20965583269219976,0.6658257221559084,1.0,155.0,1.0,1.0,1.0
25d,train__c21__user18__1-2-2,21,Read_documents,user18,1-2-2,40,0,0.9520833333333333,0.668773620505563,0.15317286652078774,0.15244671965509543,0.08997608716123362,0.37644628842236866,1.0,155.0,1.0,1.0,1.0
2d,train__c21__user18__1-2-3,21,Read_documents,user18,1-2-3,48,-2,0.9981884057971014,0.42409740760158765,0.32123411978221417,0.5209166824951185,0.2847857276281978,0.5249482042815546,5.0,155.0,0.0,1.0,0.2
25d,train__c21__user18__1-2-3,21,Read_documents,user18,1-2-3,48,1,0.9964539007092199,0.8137923296149946,0.2793594306049822,0.23877200948091437,0.17490027690365703,0.46528779861952785,3.0,155.0,0.0,1.0,0.3333333333333333
2d,train__c21__user18__4-1-1,21,Read_documents,user18,4-1-1,68,-1,0.6654228855721394,0.18913293041748092,0.6429906542056075,0.6375536148077345,0.2815296733555844,0.6800572353527403,6.0,155.0,0.0,0.0,0.16666666666666666
25d,train__c21__user18__4-1-1,21,Read_documents,user18,4-1-1,68,-1,0.6206467661691543,0.20821195444399754,0.6913827655310621,0.6399488374093978,0.21815212638396106,0.6976814908787364,4.0,155.0,0.0,1.0,0.25
2d,train__c21__user18__4-1-2,21,Read_documents,user18,4-1-2,32,-1,0.7311827956989247,0.2035697159985022,0.6066176470588235,-0.10772842822877056,0.2618593124596412,0.5906245910638414,3.0,155.0,0.0,1.0,0.3333333333333333
25d,train__c21__user18__4-1-2,21,Read_documents,user18,4-1-2,32,2,0.7222222222222222,0.255170631733176,0.45384615384615384,0.5728854867424701,0.15288451097765396,0.565592493835178,3.0,155.0,0.0,1.0,0.3333333333333333
2d,train__c21__user18__4-1-3,21,Read_documents,user18,4-1-3,65,1,0.7018229166666666,0.20854747718458008,0.6307977736549165,0.6155247898538561,0.2477406109055616,0.6722540919801735,1.0,155.0,1.0,1.0,1.0
25d,train__c21__user18__4-1-3,21,Read_documents,user18,4-1-3,65,0,0.7,0.24613141959738258,0.48534798534798534,0.4453417962493665,0.15711974977310458,0.5682595527993114,1.0,155.0,1.0,1.0,1.0
2d,train__c22__user18__1-2-1,22,Turn_pages,user18,1-2-1,22,-1,1.0,0.23681395659166032,0.7817460317460317,0.8632446710575916,0.04116217973937075,0.7943719480465294,1.0,155.0,1.0,1.0,1.0
25d,train__c22__user18__1-2-1,22,Turn_pages,user18,1-2-1,22,1,1.0,0.8135256912860007,0.3373015873015873,0.7037256358247651,0.5489639543057053,0.5720607331712775,11.0,155.0,0.0,0.0,0.09090909090909091
2d,train__c22__user18__1-2-2,22,Turn_pages,user18,1-2-2,21,0,1.0,0.2936091909850854,0.6865079365079365,0.48867914606535606,0.22989317757235542,0.7186892680038274,1.0,155.0,1.0,1.0,1.0
25d,train__c22__user18__1-2-2,22,Turn_pages,user18,1-2-2,21,0,0.9484126984126984,0.7399118805753443,0.1506276150627615,0.24628081544721167,-0.07892681487512059,0.3713950285548758,1.0,155.0,1.0,1.0,1.0
2d,train__c22__user18__1-2-3,22,Turn_pages,user18,1-2-3,23,2,0.9880952380952381,0.2847879704950374,0.5943775100401606,0.8201076450883716,0.09889535256876225,0.6901450702831065,1.0,155.0,1.0,1.0,1.0
25d,train__c22__user18__1-2-3,22,Turn_pages,user18,1-2-3,23,1,0.9886363636363636,0.6839007341939302,0.31800766283524906,0.6218507284180222,0.13574879283451805,0.5211340832274145,1.0,155.0,1.0,1.0,1.0
2d,train__c22__user18__4-1-1,22,Turn_pages,user18,4-1-1,63,-1,0.678763440860215,0.19160088541771786,0.6316831683168317,0.6320343693805607,0.2779427136362242,0.6743512271210519,5.0,155.0,0.0,1.0,0.2
25d,train__c22__user18__4-1-1,22,Turn_pages,user18,4-1-1,63,-2,0.6338797814207651,0.20884513782740424,0.6853448275862069,0.7027543777475946,0.2053330955900401,0.7010030532585029,7.0,155.0,0.0,0.0,0.14285714285714285
2d,train__c22__user18__4-1-2,22,Turn_pages,user18,4-1-2,15,0,0.7555555555555555,0.19389004278988434,0.5661764705882353,0.1390619302540688,0.2792408874314334,0.5968018739618494,4.0,155.0,0.0,1.0,0.25
25d,train__c22__user18__4-1-2,22,Turn_pages,user18,4-1-2,15,1,0.7559523809523809,0.24793155023737462,0.48031496062992124,0.7287127037878849,0.2102102656309377,0.6034055067428037,3.0,155.0,0.0,1.0,0.3333333333333333
2d,train__c22__user18__4-1-3,22,Turn_pages,user18,4-1-3,31,0,0.7365591397849462,0.21634102524335835,0.5693430656934306,0.9380445480554905,0.17963353728829543,0.6690715702120527,2.0,155.0,0.0,1.0,0.5
25d,train__c22__user18__4-1-3,22,Turn_pages,user18,4-1-3,31,0,0.7365591397849462,0.24623686959838048,0.45985401459854014,0.5573332733339535,0.15933809378282293,0.5692593063747987,2.0,155.0,0.0,1.0,0.5
2d,train__c23__user18__1-2-1,23,Listen_to_music_with_headphones,user18,1-2-1,231,-1,0.9217391304347826,0.29009362241840947,0.6474056603773585,0.7507341200001743,0.07356690490572583,0.7038379561189725,1.0,155.0,1.0,1.0,1.0
25d,train__c23__user18__1-2-1,23,Listen_to_music_with_headphones,user18,1-2-1,231,0,0.8917748917748918,0.7815867047279974,0.30461165048543687,0.4772234692014213,0.1660718064509731,0.4918916293484446,1.0,155.0,1.0,1.0,1.0
2d,train__c23__user18__1-2-2,23,Listen_to_music_with_headphones,user18,1-2-2,175,0,0.9738095238095238,0.32420456715865587,0.6308068459657702,0.7899555962582185,0.2649497799948861,0.7181915107875643,1.0,155.0,1.0,1.0,1.0
25d,train__c23__user18__1-2-2,23,Listen_to_music_with_headphones,user18,1-2-2,175,0,0.9638095238095238,0.918964728424412,0.2890316205533597,0.6159547773311167,0.16480864036049142,0.5043044694454487,1.0,155.0,1.0,1.0,1.0
2d,train__c23__user18__1-2-3,23,Listen_to_music_with_headphones,user18,1-2-3,188,-1,0.9487522281639929,0.365825208243678,0.5129168623767026,0.6534927116063356,0.2507554300369471,0.6361354255369903,1.0,155.0,1.0,1.0,1.0
25d,train__c23__user18__1-2-3,23,Listen_to_music_with_headphones,user18,1-2-3,188,-1,0.9425133689839572,0.751345447617341,0.33900709219858155,0.450902768138758,0.18243700906936547,0.5144782901016938,1.0,155.0,1.0,1.0,1.0
2d,train__c27__user18__1-2-1,27,Take_a_selfie,user18,1-2-1,35,1,0.9583333333333334,0.2950806384920692,0.6265984654731458,0.7994772348111375,0.3580703117373219,0.7222654862049763,2.0,155.0,0.0,1.0,0.5
25d,train__c27__user18__1-2-1,27,Take_a_selfie,user18,1-2-1,35,1,0.9534313725490197,1.044411869357319,0.30848329048843187,0.6000006870748035,0.41840206319410206,0.5313891704705775,1.0,155.0,1.0,1.0,1.0
2d,train__c27__user18__1-2-2,27,Take_a_selfie,user18,1-2-2,49,1,1.0,0.3011115169333786,0.6579861111111112,0.8328599127609037,0.3590979021646337,0.7471106950495491,1.0,155.0,1.0,1.0,1.0
25d,train__c27__user18__1-2-2,27,Take_a_selfie,user18,1-2-2,49,-1,0.9895833333333334,1.0074832876358366,0.3719298245614035,0.6531909285262606,0.33086948863180055,0.5686540413421164,3.0,155.0,0.0,1.0,0.3333333333333333
2d,train__c27__user18__1-2-3,27,Take_a_selfie,user18,1-2-3,23,0,0.9456521739130435,0.31518455541910223,0.6896551724137931,0.4835772514590812,0.12291881640403306,0.7064521985951011,1.0,155.0,1.0,1.0,1.0
25d,train__c27__user18__1-2-3,27,Take_a_selfie,user18,1-2-3,23,-2,0.9365079365079365,0.6642638027077954,0.4194915254237288,0.3337311882072539,0.08074294880599746,0.5387999726150197,1.0,155.0,1.0,1.0,1.0
2d,train__c28__user18__5-1-1,28,Jog_in_place,user18,5-1-1,26,0,1.0,0.12592940534456576,0.9455128205128205,0.47754459744506383,0.20546580739403797,0.8581964465811106,1.0,155.0,1.0,1.0,1.0
25d,train__c28__user18__5-1-1,28,Jog_in_place,user18,5-1-1,26,0,0.9903846153846154,0.6255246997432556,0.6537216828478964,0.5825850212529515,0.24329369631607167,0.7100909164538052,1.0,155.0,1.0,1.0,1.0
2d,train__c28__user18__5-1-2,28,Jog_in_place,user18,5-1-2,34,0,1.0,0.11475004413284533,0.9632352941176471,0.5115549531370467,0.2488946408320251,0.8746020051408124,1.0,155.0,1.0,1.0,1.0
25d,train__c28__user18__5-1-2,28,Jog_in_place,user18,5-1-2,34,0,0.9926470588235294,0.7514057229557058,0.6567901234567901,0.6685744039986679,0.09618668936606045,0.7095707158859088,2.0,155.0,0.0,1.0,0.5
2d,train__c28__user18__5-1-3,28,Jog_in_place,user18,5-1-3,16,0,1.0,0.11449030648862592,0.953125,0.5887118245130167,0.23190356953072877,0.8754827001661064,2.0,155.0,0.0,1.0,0.5
25d,train__c28__user18__5-1-3,28,Jog_in_place,user18,5-1-3,16,0,0.9947916666666666,0.7180948742089441,0.6492146596858639,0.7486275349106556,0.18255009609676023,0.7201012401922144,1.0,155.0,1.0,1.0,1.0
2d,train__c29__user18__6-1-1,29,Do_squats,user18,6-1-1,39,0,0.8504273504273504,0.1655245434481693,0.7562814070351759,0.9103603859882721,0.527658344580216,0.8066079233544253,1.0,155.0,1.0,1.0,1.0
25d,train__c29__user18__6-1-1,29,Do_squats,user18,6-1-1,39,0,0.8504273504273504,0.7876231955841766,0.32160804020100503,0.6356503937333663,0.3915433356957862,0.5298579467038085,21.0,155.0,0.0,0.0,0.047619047619047616
2d,train__c29__user18__6-1-2,29,Do_squats,user18,6-1-2,31,0,0.8172043010752689,0.16479175185000824,0.805921052631579,0.7303485376129466,0.484880055701584,0.8093778669938088,1.0,155.0,1.0,1.0,1.0
25d,train__c29__user18__6-1-2,29,Do_squats,user18,6-1-2,31,0,0.8172043010752689,0.6612856781109492,0.4473684210526316,0.6075745748901039,0.3303770752121509,0.588308799816396,1.0,155.0,1.0,1.0,1.0
2d,train__c29__user18__6-1-3,29,Do_squats,user18,6-1-3,28,0,0.7976190476190477,0.13411371549553072,0.8656716417910447,0.7932744036231644,0.5714689432474633,0.8530689188528556,1.0,155.0,1.0,1.0,1.0
25d,train__c29__user18__6-1-3,29,Do_squats,user18,6-1-3,28,0,0.7976190476190477,0.6277528960123415,0.5,0.6012059570315557,0.3061263828196604,0.6128419791765349,6.0,155.0,0.0,0.0,0.16666666666666666
2d,train__c30__user18__6-2-1,30,Do_jumping_jacks,user18,6-2-1,19,0,1.0,0.12054378525309915,0.9078947368421053,0.6211419350381843,0.5423285922460681,0.8771309431854315,1.0,155.0,1.0,1.0,1.0
25d,train__c30__user18__6-2-1,30,Do_jumping_jacks,user18,6-2-1,19,0,0.9956140350877193,0.7582089147783873,0.5110132158590308,0.2573673569282044,0.20152116195224926,0.5964694950704781,2.0,155.0,0.0,1.0,0.5
2d,train__c30__user18__6-2-2,30,Do_jumping_jacks,user18,6-2-2,15,0,1.0,0.13220941095691097,0.9,0.6279836628758069,0.5088245136617802,0.8709602048122143,1.0,155.0,1.0,1.0,1.0
25d,train__c30__user18__6-2-2,30,Do_jumping_jacks,user18,6-2-2,15,0,0.9833333333333333,0.664363621551576,0.4971751412429379,0.06388063522352698,0.20662094040781653,0.5686642950698881,1.0,155.0,1.0,1.0,1.0
2d,train__c30__user18__6-2-3,30,Do_jumping_jacks,user18,6-2-3,17,0,1.0,0.12955108195347015,0.8823529411764706,0.7507577421725404,0.486015720020703,0.8718210708658657,1.0,155.0,1.0,1.0,1.0
25d,train__c30__user18__6-2-3,30,Do_jumping_jacks,user18,6-2-3,17,1,0.9895833333333334,0.5884902319816193,0.4842105263157895,0.2521314808000935,0.16045180636287115,0.5775211563642423,1.0,155.0,1.0,1.0,1.0
2d,train__c31__user18__5-1-1,31,Do_stretching_exercises,user18,5-1-1,14,0,1.0,0.12161152041622342,0.9285714285714286,0.9129885335783472,0.2216751058232839,0.8936387720088668,1.0,155.0,1.0,1.0,1.0
25d,train__c31__user18__5-1-1,31,Do_stretching_exercises,user18,5-1-1,14,-1,1.0,0.6187989866278653,0.46794871794871795,0.8298753796895331,0.18799182787897006,0.629458719931671,1.0,155.0,1.0,1.0,1.0
2d,train__c31__user18__5-1-2,31,Do_stretching_exercises,user18,5-1-2,21,0,1.0,0.11951079133123303,0.9285714285714286,0.9152350865381106,0.3158445469021075,0.9009261353857548,1.0,155.0,1.0,1.0,1.0
25d,train__c31__user18__5-1-2,31,Do_stretching_exercises,user18,5-1-2,21,0,0.9880952380952381,0.5697965228759987,0.46586345381526106,0.8789738609851115,0.22291235294430642,0.6346502359772516,1.0,155.0,1.0,1.0,1.0
2d,train__c31__user18__5-1-3,31,Do_stretching_exercises,user18,5-1-3,10,0,0.9833333333333333,0.1443040815861909,0.8559322033898306,0.8018725576811693,0.3456832745396797,0.8502095465563331,1.0,155.0,1.0,1.0,1.0
25d,train__c31__user18__5-1-3,31,Do_stretching_exercises,user18,5-1-3,10,0,0.9833333333333333,0.6650356208633306,0.3135593220338983,0.7689159495137784,0.25565383180450135,0.5418565927886929,7.0,155.0,0.0,0.0,0.14285714285714285
2d,train__c31__user18__6-1-1,31,Do_stretching_exercises,user18,6-1-1,37,0,0.9977477477477478,0.16366602007514772,0.7471783295711061,0.9256110046578431,0.39353405431332367,0.8077990105781667,1.0,155.0,1.0,1.0,1.0
25d,train__c31__user18__6-1-1,31,Do_stretching_exercises,user18,6-1-1,37,0,0.9977477477477478,0.8418425850789701,0.3860045146726862,0.67150689671331,0.32034580616812697,0.5782538829786927,21.0,155.0,0.0,0.0,0.047619047619047616
2d,train__c31__user18__6-1-2,31,Do_stretching_exercises,user18,6-1-2,46,0,0.9728260869565217,0.17081006708621752,0.7113594040968343,0.9089535373284934,0.29250415905545823,0.7763634466109198,1.0,155.0,1.0,1.0,1.0
25d,train__c31__user18__6-1-2,31,Do_stretching_exercises,user18,6-1-2,46,-1,0.9611111111111111,0.7288233443501824,0.3159922928709056,0.8284437122719941,0.2102405632389703,0.5435192856602314,26.0,155.0,0.0,0.0,0.038461538461538464
2d,train__c31__user18__6-1-3,31,Do_stretching_exercises,user18,6-1-3,35,0,0.9880952380952381,0.18417155859034567,0.8578313253012049,0.8432523022618124,0.15533827077657364,0.8415923532596109,1.0,155.0,1.0,1.0,1.0
25d,train__c31__user18__6-1-3,31,Do_stretching_exercises,user18,6-1-3,35,0,0.9857142857142858,0.7609498074262961,0.37681159420289856,0.6348646612440831,0.12947700952952396,0.5540150472221455,5.0,155.0,0.0,1.0,0.2
2d,train__c31__user18__6-2-1,31,Do_stretching_exercises,user18,6-2-1,22,0,0.9545454545454546,0.1441693393838569,0.8214285714285714,0.9249648264375965,0.08086350701480323,0.8208015054101296,1.0,155.0,1.0,1.0,1.0
25d,train__c31__user18__6-2-1,31,Do_stretching_exercises,user18,6-2-1,22,0,0.9545454545454546,0.4212936291257207,0.4007936507936508,0.8642916023651959,-0.00813020902219933,0.5767104479509081,1.0,155.0,1.0,1.0,1.0
2d,train__c31__user18__6-2-2,31,Do_stretching_exercises,user18,6-2-2,22,0,1.0,0.15395513013780943,0.8068181818181818,0.9002349715147088,0.2285231199099703,0.8259127311447186,1.0,155.0,1.0,1.0,1.0
25d,train__c31__user18__6-2-2,31,Do_stretching_exercises,user18,6-2-2,22,0,1.0,0.47906307858129793,0.4128787878787879,0.8801695241103491,0.06769591489779662,0.5951774793617031,1.0,155.0,1.0,1.0,1.0
2d,train__c31__user18__6-2-3,31,Do_stretching_exercises,user18,6-2-3,32,0,1.0,0.1302532152574429,0.8645833333333334,0.9031178684486968,0.3457222865457166,0.8667617916691318,1.0,155.0,1.0,1.0,1.0
25d,train__c31__user18__6-2-3,31,Do_stretching_exercises,user18,6-2-3,32,0,1.0,0.5067382043962083,0.5052083333333334,0.8845861613617516,0.1671957956422774,0.6538628841426793,1.0,155.0,1.0,1.0,1.0
2d,train__c32__user18__6-2-3,32,Stand_up,user18,6-2-3,11,1,1.0,0.17595992848303282,0.775,0.632416957541373,0.572119150440311,0.8074006320371607,1.0,155.0,1.0,1.0,1.0
25d,train__c32__user18__6-2-3,32,Stand_up,user18,6-2-3,11,0,0.9772727272727273,0.4570300055373183,0.3023255813953488,0.5158592564433868,0.3199215974480509,0.5145863879476572,3.0,155.0,0.0,1.0,0.3333333333333333
2d,train__c34__user18__5-1-3,34,Sit_down,user18,5-1-3,39,-1,0.918859649122807,0.30422101228110005,0.5059665871121718,0.29646911385124214,0.40810830302775103,0.6054226219361808,18.0,155.0,0.0,0.0,0.05555555555555555
25d,train__c34__user18__5-1-3,34,Sit_down,user18,5-1-3,39,-1,0.918859649122807,0.5773490582036255,0.2529832935560859,0.26551861774536684,0.3223853172572287,0.45675753693695675,67.0,155.0,0.0,0.0,0.014925373134328358
2d,train__c35__user18__5-1-1,35,Do_lunges,user18,5-1-1,21,0,1.0,0.16286284468145448,0.8690476190476191,0.5613600782952658,0.295639738863624,0.8312851787204889,2.0,155.0,0.0,1.0,0.5
25d,train__c35__user18__5-1-1,35,Do_lunges,user18,5-1-1,21,0,1.0,0.5838244044048819,0.373015873015873,0.39396449983293724,0.1296443614745307,0.5292785072526137,2.0,155.0,0.0,1.0,0.5
2d,train__c35__user18__5-1-2,35,Do_lunges,user18,5-1-2,38,0,1.0,0.17018205058069344,0.8574561403508771,0.38897274730824644,0.335768113661895,0.8106807604484492,2.0,155.0,0.0,1.0,0.5
25d,train__c35__user18__5-1-2,35,Do_lunges,user18,5-1-2,38,1,1.0,0.5110339523362403,0.41216216216216217,0.5797919164021059,0.18098550154825413,0.5732422934455189,3.0,155.0,0.0,1.0,0.3333333333333333
2d,train__c35__user18__5-1-3,35,Do_lunges,user18,5-1-3,9,0,1.0,0.14189520890593865,0.8981481481481481,0.5486991153407018,0.11837420653541303,0.8327294585057077,1.0,155.0,1.0,1.0,1.0
25d,train__c35__user18__5-1-3,35,Do_lunges,user18,5-1-3,9,0,1.0,0.3985627813415492,0.5648148148148148,0.7307529701690001,0.20677383836244348,0.6742314830422315,1.0,155.0,1.0,1.0,1.0
2d,train__c36__user18__1-2-1,36,Walk,user18,1-2-1,26,0,0.8910256410256411,0.10899001712097918,0.9532374100719424,0.6958973939929648,0.4644798237000005,0.8928088658189292,1.0,155.0,1.0,1.0,1.0
25d,train__c36__user18__1-2-1,36,Walk,user18,1-2-1,26,0,0.7948717948717948,0.3237890177367989,0.6088709677419355,0.3553959336128535,0.29191904871316765,0.6467997337600169,1.0,155.0,1.0,1.0,1.0
2d,train__c36__user18__1-2-2,36,Walk,user18,1-2-2,16,-1,0.8777777777777778,0.12230288984975951,0.9430379746835443,0.658311869317081,0.3675891645338721,0.8748490381254757,1.0,155.0,1.0,1.0,1.0
25d,train__c36__user18__1-2-2,36,Walk,user18,1-2-2,16,0,0.7708333333333334,0.3524785367942957,0.6081081081081081,0.2879515883133133,0.5243179889818778,0.6546618007977649,4.0,155.0,0.0,1.0,0.25
2d,train__c36__user18__1-2-3,36,Walk,user18,1-2-3,28,0,0.8720238095238095,0.10907069347797546,0.9419795221843004,0.6977403340607632,0.5345141841202649,0.8901537153688425,1.0,155.0,1.0,1.0,1.0
25d,train__c36__user18__1-2-3,36,Walk,user18,1-2-3,28,0,0.7708333333333334,0.48129711723758456,0.5945945945945946,0.41907624393236786,0.25594129328318327,0.640213581749836,2.0,155.0,0.0,1.0,0.5
2d,train__c36__user18__2-2-1,36,Walk,user18,2-2-1,25,-1,0.5763888888888888,0.11244472951619226,0.927710843373494,0.8273362313050711,0.23628986075798258,0.8433352154316665,1.0,155.0,1.0,1.0,1.0
25d,train__c36__user18__2-2-1,36,Walk,user18,2-2-1,25,-2,0.39492753623188404,0.18187205699250328,0.7431192660550459,0.6470852015518657,0.030955286642928893,0.6902385166068699,1.0,155.0,1.0,1.0,1.0
2d,train__c36__user18__2-2-2,36,Walk,user18,2-2-2,21,0,0.6111111111111112,0.25750130149609146,0.8311688311688312,0.5984768137461522,0.6545306838829082,0.8021914509198017,1.0,155.0,1.0,1.0,1.0
25d,train__c36__user18__2-2-2,36,Walk,user18,2-2-2,21,0,0.46825396825396826,0.25398200351213257,0.6440677966101694,0.4820062848901652,0.6926363896796358,0.6762110426759793,2.0,155.0,0.0,1.0,0.5
2d,train__c36__user18__2-2-3,36,Walk,user18,2-2-3,15,0,0.49444444444444446,0.12978475958826938,0.9438202247191011,0.591711376571786,0.568075253894428,0.8453223497392107,1.0,155.0,1.0,1.0,1.0
25d,train__c36__user18__2-2-3,36,Walk,user18,2-2-3,15,0,0.4222222222222222,0.42687916329570086,0.6973684210526315,0.7258056132753801,0.06227817546469874,0.6780262782885601,1.0,155.0,1.0,1.0,1.0
2d,train__c36__user18__3-3-1,36,Walk,user18,3-3-1,25,-1,0.8923611111111112,0.11450212940306465,0.9494163424124513,0.6755839358314316,0.43429551948160183,0.8865456569822228,1.0,155.0,1.0,1.0,1.0
25d,train__c36__user18__3-3-1,36,Walk,user18,3-3-1,25,-2,0.7934782608695652,0.38033584062422304,0.6073059360730594,0.25315299050014356,0.3075607831809579,0.6367484487157254,1.0,155.0,1.0,1.0,1.0
2d,train__c36__user18__3-3-2,36,Walk,user18,3-3-2,18,0,0.9074074074074074,0.11102091278756747,0.9285714285714286,0.691444264514015,0.5031940481462054,0.8833390065173935,1.0,155.0,1.0,1.0,1.0
25d,train__c36__user18__3-3-2,36,Walk,user18,3-3-2,18,0,0.8333333333333334,0.42213060418540277,0.6222222222222222,0.3442707294648223,0.25438859879071224,0.6540617734113413,1.0,155.0,1.0,1.0,1.0
2d,train__c36__user18__3-3-3,36,Walk,user18,3-3-3,25,0,0.87,0.12555312603055632,0.9118773946360154,0.5236136306546982,0.5677780928792074,0.858477287081219,1.0,155.0,1.0,1.0,1.0
25d,train__c36__user18__3-3-3,36,Walk,user18,3-3-3,25,0,0.7866666666666666,0.32116810081064967,0.6016949152542372,0.6267385982652836,0.39152621845205826,0.6766371962669299,1.0,155.0,1.0,1.0,1.0
2d,train__c36__user18__4-2-1,36,Walk,user18,4-2-1,24,0,0.625,0.12650551752563313,0.8777777777777778,0.7173860753587961,0.4690484858079754,0.8271950217492556,1.0,155.0,1.0,1.0,1.0
25d,train__c36__user18__4-2-1,36,Walk,user18,4-2-1,24,-1,0.5036231884057971,0.2248791045158727,0.6402877697841727,0.3600682974238856,0.2901626713396911,0.6352896223147401,1.0,155.0,1.0,1.0,1.0
2d,train__c36__user18__4-2-2,36,Walk,user18,4-2-2,20,0,0.6333333333333333,0.16374646521358857,0.7828947368421053,0.8712366013735616,0.4977111495126925,0.7933774349472994,1.0,155.0,1.0,1.0,1.0
25d,train__c36__user18__4-2-2,36,Walk,user18,4-2-2,20,0,0.5666666666666667,0.6579109771911112,0.5147058823529411,0.7395123486905215,0.23206235245004017,0.6061108132635895,1.0,155.0,1.0,1.0,1.0
2d,train__c36__user18__4-2-3,36,Walk,user18,4-2-3,24,-1,0.6195652173913043,0.13639271128533587,0.8771929824561403,0.8634031164075691,0.1323091531353021,0.8156761602159122,1.0,155.0,1.0,1.0,1.0
25d,train__c36__user18__4-2-3,36,Walk,user18,4-2-3,24,-1,0.5,0.24273763304399532,0.6231884057971014,0.463537566944298,-0.061406367825547495,0.6095019022959196,1.0,155.0,1.0,1.0,1.0
2d,train__c36__user18__6-2-1,36,Walk,user18,6-2-1,22,0,0.8863636363636364,0.12669576731507345,0.9145299145299145,0.5443416005330665,0.37024918030817106,0.8488306652042361,1.0,155.0,1.0,1.0,1.0
25d,train__c36__user18__6-2-1,36,Walk,user18,6-2-1,22,0,0.8825757575757576,0.27168284043811575,0.6223175965665236,0.13823998420469602,0.22121555089547137,0.6359474186067937,3.0,155.0,0.0,1.0,0.3333333333333333
2d,train__c36__user18__6-2-2,36,Walk,user18,6-2-2,15,0,0.9055555555555556,0.15004425437969204,0.8588957055214724,0.40625262784343136,0.2518239186114857,0.7974602502725701,1.0,155.0,1.0,1.0,1.0
25d,train__c36__user18__6-2-2,36,Walk,user18,6-2-2,15,0,0.8888888888888888,0.33410682893409077,0.59375,0.08973101423141464,0.2549657326643621,0.6185469202618575,1.0,155.0,1.0,1.0,1.0
2d,train__c36__user18__6-2-3,36,Walk,user18,6-2-3,16,0,0.9010416666666666,0.1424857598953711,0.8786127167630058,0.7522276219471825,0.288998733749869,0.8452388281122784,2.0,155.0,0.0,1.0,0.5
25d,train__c36__user18__6-2-3,36,Walk,user18,6-2-3,16,-1,0.9,0.3260507134937091,0.5617283950617284,0.30970561277802644,0.30878718996606613,0.6280802178092083,1.0,155.0,1.0,1.0,1.0
2d,train__c37__user18__7-2-1,37,Take_medicine,user18,7-2-1,9,0,0.8888888888888888,0.19021094033961838,0.71875,0.9549395054639548,0.18772600469257672,0.7687747897872276,1.0,155.0,1.0,1.0,1.0
25d,train__c37__user18__7-2-1,37,Take_medicine,user18,7-2-1,9,0,0.8888888888888888,0.3919300513989746,0.34375,0.7877251613396482,0.40901662736241995,0.5624001520750352,5.0,155.0,0.0,1.0,0.2
2d,train__c38__user18__7-1-1,38,Massage_oneself,user18,7-1-1,35,1,0.6666666666666666,0.16568725801720935,0.8786764705882353,-0.522466181005252,0.20440042992722618,0.6880221396342129,2.0,155.0,0.0,1.0,0.5
25d,train__c38__user18__7-1-1,38,Massage_oneself,user18,7-1-1,35,0,0.6666666666666666,0.2547438487165231,0.6107142857142858,0.04734601932659148,0.08519388486476548,0.5886836671070405,1.0,155.0,1.0,1.0,1.0
2d,train__c38__user18__7-1-2,38,Massage_oneself,user18,7-1-2,25,0,0.6566666666666666,0.12328677175958942,0.8781725888324873,0.2632127913997136,0.07999976762495468,0.7559828522363776,1.0,155.0,1.0,1.0,1.0
25d,train__c38__user18__7-1-2,38,Massage_oneself,user18,7-1-2,25,2,0.6557971014492754,0.27824173922244405,0.4143646408839779,0.5572341312650467,-0.17614766512752544,0.5109926008730556,1.0,155.0,1.0,1.0,1.0
2d,train__c38__user18__7-1-3,38,Massage_oneself,user18,7-1-3,24,0,0.6666666666666666,0.23203761803537018,0.71875,0.10211830421559046,0.03961061900868762,0.6501617935138773,3.0,155.0,0.0,1.0,0.3333333333333333
25d,train__c38__user18__7-1-3,38,Massage_oneself,user18,7-1-3,24,2,0.6666666666666666,0.5604121830772572,0.3806818181818182,0.22864871736428632,0.15637251536727612,0.485634477055641,6.0,155.0,0.0,0.0,0.16666666666666666
2d,train__c39__user18__7-1-1,39,Take_body_temperature,user18,7-1-1,43,0,0.6918604651162791,0.13766238287755433,0.896358543417367,0.554689713667031,0.39233473000346997,0.8220773215081432,1.0,155.0,1.0,1.0,1.0
25d,train__c39__user18__7-1-1,39,Take_body_temperature,user18,7-1-1,43,-1,0.6924603174603174,0.40769548698895547,0.498567335243553,0.7053687141411948,0.20990241025407752,0.6047376183131612,1.0,155.0,1.0,1.0,1.0
2d,train__c39__user18__7-1-2,39,Take_body_temperature,user18,7-1-2,23,-1,0.6628787878787878,0.13753238215125888,0.8742857142857143,0.8983723649602963,0.35884529875718385,0.8388956555478402,1.0,155.0,1.0,1.0,1.0
25d,train__c39__user18__7-1-2,39,Take_body_temperature,user18,7-1-2,23,2,0.6706349206349206,0.38345583771195496,0.6390532544378699,0.8101251074732873,0.23580275591521094,0.69224049944529,1.0,155.0,1.0,1.0,1.0
2d,train__c39__user18__7-1-3,39,Take_body_temperature,user18,7-1-3,16,0,0.65625,0.10878458725746647,0.9761904761904762,0.909974363210037,0.11290766965820893,0.8769952734501314,1.0,155.0,1.0,1.0,1.0
25d,train__c39__user18__7-1-3,39,Take_body_temperature,user18,7-1-3,16,2,0.6547619047619048,0.381727405428049,0.5272727272727272,0.3664711308073959,0.00010931375623431105,0.5671315020886476,1.0,155.0,1.0,1.0,1.0
2d,train__c01__user19__1-1-1,1,Brush_teeth,user19,1-1-1,18,-2,0.8333333333333334,0.15595833436441547,0.8,0.9931644506256847,0.2674016952808135,0.817704905541963,1.0,171.0,1.0,1.0,1.0
25d,train__c01__user19__1-1-1,1,Brush_teeth,user19,1-1-1,18,1,0.8333333333333334,0.31143581513115604,0.49411764705882355,0.9498735129960237,0.01972810307007376,0.6265649982455442,2.0,171.0,0.0,1.0,0.5
2d,train__c01__user19__1-1-3,1,Brush_teeth,user19,1-1-3,14,-2,0.6666666666666666,0.16198475784381336,0.9583333333333334,0.7048038328452817,0.34799911399190697,0.8653303168339213,1.0,171.0,1.0,1.0,1.0
25d,train__c01__user19__1-1-3,1,Brush_teeth,user19,1-1-3,14,-2,0.6666666666666666,0.30468781045513166,0.6145833333333334,0.8138933968600847,0.30251463021420527,0.6837654369520739,1.0,171.0,1.0,1.0,1.0
2d,train__c02__user19__1-1-1,2,Comb_hair,user19,1-1-1,11,0,0.7727272727272727,0.283264801557133,0.6274509803921569,0.8665227643658573,0.16193736580619666,0.696168345360464,3.0,171.0,0.0,1.0,0.3333333333333333
25d,train__c02__user19__1-1-1,2,Comb_hair,user19,1-1-1,11,0,0.7727272727272727,0.5651130454824861,0.3333333333333333,0.7936453291522502,0.10662025126540318,0.5229671123661909,28.0,171.0,0.0,0.0,0.03571428571428571
2d,train__c02__user19__1-1-2,2,Comb_hair,user19,1-1-2,10,0,0.7916666666666666,0.2683043390657539,0.5894736842105263,0.8229948422576566,0.3293211325012036,0.6853757621458121,1.0,171.0,1.0,1.0,1.0
25d,train__c02__user19__1-1-2,2,Comb_hair,user19,1-1-2,10,-2,0.6979166666666666,0.5419681452678353,0.3283582089552239,0.7154797509422314,0.12805468546111726,0.5065407580958468,27.0,171.0,0.0,0.0,0.037037037037037035
2d,train__c02__user19__1-1-3,2,Comb_hair,user19,1-1-3,13,2,0.8333333333333334,0.4416678808321572,0.5363636363636364,0.6473176779558372,0.013830895421644113,0.6191024182855405,15.0,171.0,0.0,0.0,0.06666666666666667
25d,train__c02__user19__1-1-3,2,Comb_hair,user19,1-1-3,13,-2,0.8333333333333334,0.5021744399228215,0.22727272727272727,0.6458290877406978,0.4698566958455218,0.4831554942958173,21.0,171.0,0.0,0.0,0.047619047619047616
2d,train__c03__user19__3-1-1,3,Take_off_clothes,user19,3-1-1,49,-1,0.9947916666666666,0.26123205144587974,0.6003490401396161,0.21209463532906678,0.24256989545872024,0.6440733444357662,1.0,171.0,1.0,1.0,1.0
25d,train__c03__user19__3-1-1,3,Take_off_clothes,user19,3-1-1,49,1,0.9947916666666666,0.3103730935412606,0.47469458987783597,0.1877206460148147,0.2504004230068704,0.5731132874264733,1.0,171.0,1.0,1.0,1.0
2d,train__c03__user19__3-1-2,3,Take_off_clothes,user19,3-1-2,35,0,1.0,0.22293729000210463,0.6547619047619048,0.2935003671443503,0.30088817856989963,0.6870356977262251,1.0,171.0,1.0,1.0,1.0
25d,train__c03__user19__3-1-2,3,Take_off_clothes,user19,3-1-2,35,0,1.0,0.33114049932110035,0.430952380952381,0.17552877462926128,0.10405780167310441,0.5373810221122185,1.0,171.0,1.0,1.0,1.0
2d,train__c03__user19__3-1-3,3,Take_off_clothes,user19,3-1-3,20,0,0.9833333333333333,0.2561490295155284,0.5635593220338984,0.8140342737492311,0.279480726807386,0.6856554423374546,1.0,171.0,1.0,1.0,1.0
25d,train__c03__user19__3-1-3,3,Take_off_clothes,user19,3-1-3,20,0,0.9333333333333333,0.3193262662037364,0.4330357142857143,0.7449344461515265,0.19695552004089376,0.5957680848086959,1.0,171.0,1.0,1.0,1.0
2d,train__c04__user19__1-1-1,4,Wipe_hands,user19,1-1-1,21,0,0.7222222222222222,0.12569984610778662,0.9230769230769231,0.9722772975418363,0.35892097136335455,0.8790613325209652,3.0,171.0,0.0,1.0,0.3333333333333333
25d,train__c04__user19__1-1-1,4,Wipe_hands,user19,1-1-1,21,1,0.7166666666666667,0.2520948129957252,0.686046511627907,0.8793609344274202,0.15961396335383704,0.7238993887562954,5.0,171.0,0.0,1.0,0.2
2d,train__c04__user19__1-1-2,4,Wipe_hands,user19,1-1-2,18,0,0.7870370370370371,0.17984212485164877,0.8352941176470589,0.9884457872954742,0.1257641285851878,0.8213923567830226,5.0,171.0,0.0,1.0,0.2
25d,train__c04__user19__1-1-2,4,Wipe_hands,user19,1-1-2,18,-1,0.7843137254901961,0.294220474503871,0.5625,0.9546594589922947,0.16668920664292636,0.6707740089464687,10.0,171.0,0.0,0.0,0.1
2d,train__c04__user19__1-1-3,4,Wipe_hands,user19,1-1-3,20,0,0.7583333333333333,0.14039690421589646,0.8791208791208791,0.9876949236860109,0.3077228927325593,0.8561985261733599,4.0,171.0,0.0,1.0,0.25
25d,train__c04__user19__1-1-3,4,Wipe_hands,user19,1-1-3,20,0,0.7583333333333333,0.2427697538744993,0.5824175824175825,0.9502822917393506,0.27456099039550924,0.686783307116602,6.0,171.0,0.0,0.0,0.16666666666666666
2d,train__c04__user19__5-2-1,4,Wipe_hands,user19,5-2-1,35,0,0.8428571428571429,0.13378539708981307,0.847457627118644,0.9834177007458628,0.3794823115459642,0.8521903526415021,1.0,171.0,1.0,1.0,1.0
25d,train__c04__user19__5-2-1,4,Wipe_hands,user19,5-2-1,35,0,0.8428571428571429,0.18599246511210304,0.7175141242937854,0.8193155307579126,0.17046677342408242,0.7486350437298938,1.0,171.0,1.0,1.0,1.0
2d,train__c04__user19__5-2-2,4,Wipe_hands,user19,5-2-2,30,2,0.9375,0.13754532051208793,0.8317460317460318,0.9476550061113145,0.2604308451669493,0.8405081314589702,1.0,171.0,1.0,1.0,1.0
25d,train__c04__user19__5-2-2,4,Wipe_hands,user19,5-2-2,30,-1,0.9367816091954023,0.2526366229502365,0.5920245398773006,0.3020025811741079,0.20734438121048573,0.6400427445602528,2.0,171.0,0.0,1.0,0.5
2d,train__c04__user19__5-2-3,4,Wipe_hands,user19,5-2-3,23,0,0.8478260869565217,0.12678384857994499,0.8205128205128205,0.9492473867593575,0.5542813772108787,0.8475605019444552,2.0,171.0,0.0,1.0,0.5
25d,train__c04__user19__5-2-3,4,Wipe_hands,user19,5-2-3,23,-2,0.8452380952380952,0.263533218463299,0.6995305164319249,0.4376480650714325,0.03981079907123336,0.691016209998854,3.0,171.0,0.0,1.0,0.3333333333333333
2d,train__c05__user19__1-1-1,5,Put_on_clothes,user19,1-1-1,117,0,0.7421652421652422,0.25522268386473085,0.7207293666026872,0.7170942445751447,0.14282223215957596,0.7280387677174849,1.0,171.0,1.0,1.0,1.0
25d,train__c05__user19__1-1-1,5,Put_on_clothes,user19,1-1-1,117,0,0.7407407407407407,0.3331722562841999,0.4701923076923077,0.5991918357275265,0.08237106385281003,0.5737768566665566,1.0,171.0,1.0,1.0,1.0
2d,train__c05__user19__1-1-2,5,Put_on_clothes,user19,1-1-2,88,0,0.7320075757575758,0.2918789457917875,0.6778783958602846,0.6674552240496927,0.16336413891059803,0.7000317081221783,1.0,171.0,1.0,1.0,1.0
25d,train__c05__user19__1-1-2,5,Put_on_clothes,user19,1-1-2,88,0,0.7291666666666666,0.41897314631390437,0.34935064935064936,0.5374920167046765,0.018351978936319242,0.49518512390021546,1.0,171.0,1.0,1.0,1.0
2d,train__c05__user19__1-1-3,5,Put_on_clothes,user19,1-1-3,59,0,0.7570621468926554,0.23235093603124565,0.7033582089552238,0.881019786520267,0.19332413635916673,0.7401545184936029,1.0,171.0,1.0,1.0,1.0
25d,train__c05__user19__1-1-3,5,Put_on_clothes,user19,1-1-3,59,0,0.7288135593220338,0.45703907697945056,0.3624031007751938,0.6807223848312569,0.07202195075158366,0.5206769461480545,1.0,171.0,1.0,1.0,1.0
2d,train__c06__user19__3-2-1,6,Drink_water,user19,3-2-1,13,2,0.8863636363636364,0.3744151339105704,0.5897435897435898,0.5743379088105658,-0.10482415104726002,0.63756731754785,13.0,171.0,0.0,0.0,0.07692307692307693
25d,train__c06__user19__3-2-1,6,Drink_water,user19,3-2-1,13,1,0.7430555555555556,0.6308634276569979,0.37383177570093457,0.2907659120134856,0.24530406793577528,0.5023874284876012,69.0,171.0,0.0,0.0,0.014492753623188406
2d,train__c06__user19__3-2-2,6,Drink_water,user19,3-2-2,11,2,0.8518518518518519,0.3171660227804963,0.6739130434782609,0.5308313946287261,0.10339034061961713,0.6916747741075726,6.0,171.0,0.0,0.0,0.16666666666666666
25d,train__c06__user19__3-2-2,6,Drink_water,user19,3-2-2,11,1,0.5666666666666667,0.5394217630938409,0.29411764705882354,0.48689920910156376,0.10436176387632151,0.4499484257499001,70.0,171.0,0.0,0.0,0.014285714285714285
2d,train__c06__user19__3-2-3,6,Drink_water,user19,3-2-3,17,0,0.8333333333333334,0.09512012908545008,0.9647058823529412,0.9856840987022127,0.27925883616574454,0.9084343912101032,1.0,171.0,1.0,1.0,1.0
25d,train__c06__user19__3-2-3,6,Drink_water,user19,3-2-3,17,-1,0.8072916666666666,0.4196220747174028,0.36774193548387096,0.7221776017582752,0.1519009929643787,0.5415975658309516,16.0,171.0,0.0,0.0,0.0625
2d,train__c06__user19__7-2-1,6,Drink_water,user19,7-2-1,16,0,0.8333333333333334,0.10842242100527069,0.95,0.9361807132022494,0.4178876242068997,0.9057929764690758,1.0,171.0,1.0,1.0,1.0
25d,train__c06__user19__7-2-1,6,Drink_water,user19,7-2-1,16,2,0.8333333333333334,0.29252800820476893,0.5071428571428571,0.7456275377416631,0.2151570548923491,0.6279614376529973,1.0,171.0,1.0,1.0,1.0
2d,train__c06__user19__7-2-2,6,Drink_water,user19,7-2-2,20,1,0.8377192982456141,0.1292500361677831,0.8691099476439791,0.9748070377540311,0.39767286116327133,0.8640885693913984,1.0,171.0,1.0,1.0,1.0
25d,train__c06__user19__7-2-2,6,Drink_water,user19,7-2-2,20,0,0.8458333333333333,0.3519777581167634,0.32019704433497537,0.6929319558481338,0.2582283561356652,0.524352030012558,5.0,171.0,0.0,1.0,0.2
2d,train__c06__user19__7-2-3,6,Drink_water,user19,7-2-3,20,0,0.8333333333333334,0.12256110898001255,0.885,0.9904452895829893,0.48010972785401557,0.8801360918806835,1.0,171.0,1.0,1.0,1.0
25d,train__c06__user19__7-2-3,6,Drink_water,user19,7-2-3,20,-1,0.8289473684210527,0.2761417601328393,0.48677248677248675,0.9012467315906126,0.40088643318211936,0.6458107602146932,1.0,171.0,1.0,1.0,1.0
2d,train__c07__user19__7-2-1,7,Eat_food,user19,7-2-1,23,0,0.9094202898550725,0.10184869060991024,0.9203187250996016,0.9991301206411118,0.5604818497340204,0.9140664785844508,1.0,171.0,1.0,1.0,1.0
25d,train__c07__user19__7-2-1,7,Eat_food,user19,7-2-1,23,1,0.9053030303030303,0.2947090766734025,0.4351464435146444,0.8790733261989466,0.3474286025171021,0.6188253247720348,3.0,171.0,0.0,1.0,0.3333333333333333
2d,train__c07__user19__7-2-2,7,Eat_food,user19,7-2-2,26,1,0.92,0.12102581451500961,0.8840579710144928,0.9961562557578887,0.46857242433844726,0.8879904414591434,1.0,171.0,1.0,1.0,1.0
25d,train__c07__user19__7-2-2,7,Eat_food,user19,7-2-2,26,2,0.9166666666666666,0.32182997715776146,0.3522727272727273,0.9145423632103465,0.3754476375409576,0.5800294758032732,1.0,171.0,1.0,1.0,1.0
2d,train__c07__user19__7-2-3,7,Eat_food,user19,7-2-3,20,1,0.9736842105263158,0.14479873556908926,0.7612612612612613,0.9849104881568326,0.05646603678825266,0.7937881163211276,2.0,171.0,0.0,1.0,0.5
25d,train__c07__user19__7-2-3,7,Eat_food,user19,7-2-3,20,-2,0.9814814814814815,0.24258122684205588,0.5377358490566038,0.791533782570855,-0.030324782440764652,0.6457818847033083,5.0,171.0,0.0,1.0,0.2
2d,train__c08__user19__7-2-1,8,Take_and_use_tableware,user19,7-2-1,25,1,0.8368055555555556,0.1532365929339431,0.7717842323651453,0.9663067935007363,0.3121024742708823,0.8032002482767753,1.0,171.0,1.0,1.0,1.0
25d,train__c08__user19__7-2-1,8,Take_and_use_tableware,user19,7-2-1,25,0,0.8366666666666667,0.29810495629382544,0.5378486055776892,0.881747359809722,0.13099383469868414,0.6524826733177692,1.0,171.0,1.0,1.0,1.0
2d,train__c08__user19__7-2-2,8,Take_and_use_tableware,user19,7-2-2,21,0,0.8849206349206349,0.1547540160780331,0.726457399103139,0.9719016834499319,0.6051516123574854,0.8056201722705946,1.0,171.0,1.0,1.0,1.0
25d,train__c08__user19__7-2-2,8,Take_and_use_tableware,user19,7-2-2,21,1,0.8833333333333333,0.37264475430965993,0.49056603773584906,0.8032839483780027,0.2407447907905568,0.6315289082351424,1.0,171.0,1.0,1.0,1.0
2d,train__c08__user19__7-2-3,8,Take_and_use_tableware,user19,7-2-3,16,0,0.9375,0.1397604269287938,0.7555555555555555,0.9700333542467933,0.7193736178213626,0.835261912316837,1.0,171.0,1.0,1.0,1.0
25d,train__c08__user19__7-2-3,8,Take_and_use_tableware,user19,7-2-3,16,2,0.9404761904761905,0.24663667535991934,0.5379746835443038,0.6786899188825718,0.7149475978427217,0.6864237567234475,1.0,171.0,1.0,1.0,1.0
2d,train__c09__user19__2-1-1,9,Pour_drinks,user19,2-1-1,45,0,0.8833333333333333,0.19694737334461754,0.7148846960167715,0.9663772911237366,0.4353777508224148,0.7858109765666125,1.0,171.0,1.0,1.0,1.0
25d,train__c09__user19__2-1-1,9,Pour_drinks,user19,2-1-1,45,1,0.8825757575757576,0.3151630341443218,0.48283261802575106,0.7228440625391928,0.24790768222708276,0.6196929980926893,9.0,171.0,0.0,0.0,0.1111111111111111
2d,train__c09__user19__2-1-2,9,Pour_drinks,user19,2-1-2,40,0,0.8833333333333333,0.17949620501755809,0.7358490566037735,0.9590310496278592,0.466106429269225,0.7989114016233867,1.0,171.0,1.0,1.0,1.0
25d,train__c09__user19__2-1-2,9,Pour_drinks,user19,2-1-2,40,0,0.8833333333333333,0.2827357694827517,0.6179245283018868,0.7806758727695214,0.3462584679476956,0.7072287962724004,1.0,171.0,1.0,1.0,1.0
2d,train__c09__user19__2-1-3,9,Pour_drinks,user19,2-1-3,33,0,0.8686868686868687,0.19139861120308227,0.7209302325581395,0.9632822699121791,0.2988415205155887,0.7771216558055507,1.0,171.0,1.0,1.0,1.0
25d,train__c09__user19__2-1-3,9,Pour_drinks,user19,2-1-3,33,-2,0.8709677419354839,0.3086298176506516,0.5246913580246914,0.8864278984753274,0.08648068247391193,0.6458058621402047,1.0,171.0,1.0,1.0,1.0
2d,train__c09__user19__3-2-1,9,Pour_drinks,user19,3-2-1,38,0,0.8333333333333334,0.15135499447863277,0.7921052631578948,0.9810142831619659,0.44519114262029447,0.8254819920828942,4.0,171.0,0.0,1.0,0.25
25d,train__c09__user19__3-2-1,9,Pour_drinks,user19,3-2-1,38,2,0.8310185185185185,0.34833169373953915,0.45403899721448465,0.4714744311734729,0.21619324762847142,0.571185237009301,1.0,171.0,1.0,1.0,1.0
2d,train__c09__user19__3-2-2,9,Pour_drinks,user19,3-2-2,33,-1,0.8802083333333334,0.1861596270174768,0.6923076923076923,0.96247368078961,0.29516517523918173,0.7621748203244638,3.0,171.0,0.0,1.0,0.3333333333333333
25d,train__c09__user19__3-2-2,9,Pour_drinks,user19,3-2-2,33,-1,0.8802083333333334,0.33533581547246716,0.5295857988165681,0.7755769324664566,0.11396487784751642,0.6403980817676552,3.0,171.0,0.0,1.0,0.3333333333333333
2d,train__c09__user19__3-2-3,9,Pour_drinks,user19,3-2-3,23,-1,0.8939393939393939,0.16160444399069404,0.7415254237288136,0.9775154436400999,0.4588377640596957,0.804397299113274,1.0,171.0,1.0,1.0,1.0
25d,train__c09__user19__3-2-3,9,Pour_drinks,user19,3-2-3,23,-1,0.8939393939393939,0.3112126889669096,0.4915254237288136,0.8671095092590538,0.43300889548078414,0.653919540531751,4.0,171.0,0.0,1.0,0.25
2d,train__c09__user19__7-2-1,9,Pour_drinks,user19,7-2-1,29,0,0.8505747126436781,0.15709757833529786,0.7702702702702703,0.9653739264275837,0.37307637151651,0.8082242404195131,1.0,171.0,1.0,1.0,1.0
25d,train__c09__user19__7-2-1,9,Pour_drinks,user19,7-2-1,29,0,0.8505747126436781,0.4304724252142753,0.47635135135135137,0.682901340334992,0.39352421913696695,0.6198551649763828,3.0,171.0,0.0,1.0,0.3333333333333333
2d,train__c09__user19__7-2-2,9,Pour_drinks,user19,7-2-2,21,1,0.8333333333333334,0.14072955259812595,0.805,0.9502654137514618,0.20609974299806785,0.8115673554333347,1.0,171.0,1.0,1.0,1.0
25d,train__c09__user19__7-2-2,9,Pour_drinks,user19,7-2-2,21,0,0.8333333333333334,0.35390745380095284,0.37142857142857144,0.6042388919591032,-0.09925517599488694,0.5155987986153414,1.0,171.0,1.0,1.0,1.0
2d,train__c09__user19__7-2-3,9,Pour_drinks,user19,7-2-3,32,-1,0.8763440860215054,0.1846774098479165,0.7116564417177914,0.8614532395481739,0.43670405738726875,0.7729435798057983,1.0,171.0,1.0,1.0,1.0
25d,train__c09__user19__7-2-3,9,Pour_drinks,user19,7-2-3,32,-1,0.8736559139784946,0.3419268063678001,0.46153846153846156,0.49497002702746257,0.33568004748956104,0.5908847515084668,2.0,171.0,0.0,1.0,0.5
2d,train__c10__user19__2-1-1,10,Stir_drinks,user19,2-1-1,41,-2,0.8461538461538461,0.13245058787164682,0.8257575757575758,0.9266894076994457,0.1755467959616938,0.819617001749123,3.0,171.0,0.0,1.0,0.3333333333333333
25d,train__c10__user19__2-1-1,10,Stir_drinks,user19,2-1-1,41,-1,0.8458333333333333,0.21762250997378574,0.5394088669950738,0.7794125472518846,0.1330413243954048,0.6441775642354678,2.0,171.0,0.0,1.0,0.5
2d,train__c10__user19__2-1-2,10,Stir_drinks,user19,2-1-2,30,0,0.8694444444444445,0.13325428448666374,0.8338658146964856,0.9730600557918896,0.3682214786415534,0.8454932590048171,2.0,171.0,0.0,1.0,0.5
25d,train__c10__user19__2-1-2,10,Stir_drinks,user19,2-1-2,30,0,0.8694444444444445,0.28947318291531055,0.43130990415335463,0.58982446722761,0.2229139096468849,0.5748658816750669,10.0,171.0,0.0,0.0,0.1
2d,train__c10__user19__2-1-3,10,Stir_drinks,user19,2-1-3,8,0,0.8333333333333334,0.12808125705026208,0.85,0.989001376359362,0.37431310124366846,0.8528069535625447,3.0,171.0,0.0,1.0,0.3333333333333333
25d,train__c10__user19__2-1-3,10,Stir_drinks,user19,2-1-3,8,0,0.8229166666666666,0.26251047746474954,0.5949367088607594,0.5391116526845411,0.23488021136753345,0.6560340376611035,2.0,171.0,0.0,1.0,0.5
2d,train__c10__user19__3-2-1,10,Stir_drinks,user19,3-2-1,13,0,0.8846153846153846,0.13652821053033265,0.8115942028985508,0.9960570244567716,0.5114790526049847,0.8478049814467925,1.0,171.0,1.0,1.0,1.0
25d,train__c10__user19__3-2-1,10,Stir_drinks,user19,3-2-1,13,0,0.8846153846153846,0.241005382057194,0.5362318840579711,0.8478807880302632,0.35291484929935013,0.6696457671939002,7.0,171.0,0.0,0.0,0.14285714285714285
2d,train__c10__user19__7-2-1,10,Stir_drinks,user19,7-2-1,15,0,0.8388888888888889,0.10328473054043642,0.8874172185430463,0.9660510007915528,0.547518849283138,0.8846373728629551,2.0,171.0,0.0,1.0,0.5
25d,train__c10__user19__7-2-1,10,Stir_drinks,user19,7-2-1,15,1,0.8035714285714286,0.24756427596843028,0.562962962962963,0.7408829376905137,0.3973803635597731,0.668878593522807,1.0,171.0,1.0,1.0,1.0
2d,train__c10__user19__7-2-2,10,Stir_drinks,user19,7-2-2,20,2,0.8472222222222222,0.08478723900463854,0.9508196721311475,0.9732484895995784,0.3776388947435053,0.9083208079600742,1.0,171.0,1.0,1.0,1.0
25d,train__c10__user19__7-2-2,10,Stir_drinks,user19,7-2-2,20,0,0.8541666666666666,0.23339753475303537,0.5658536585365853,0.8880297724913734,0.5199459557897598,0.699435102795158,1.0,171.0,1.0,1.0,1.0
2d,train__c10__user19__7-2-3,10,Stir_drinks,user19,7-2-3,16,2,0.8928571428571429,0.10671347253493568,0.9066666666666666,0.9460596771425118,0.27394003857709065,0.878103851559914,1.0,171.0,1.0,1.0,1.0
25d,train__c10__user19__7-2-3,10,Stir_drinks,user19,7-2-3,16,2,0.875,0.2723536563843243,0.5238095238095238,0.7646598357770363,0.17722163115203107,0.6403528440093441,1.0,171.0,1.0,1.0,1.0
2d,train__c11__user19__2-3-1,11,Peel_fruits,user19,2-3-1,53,0,0.8364779874213837,0.11039907304647473,0.8947368421052632,0.9905638289875426,0.28583850160297514,0.8712473324190104,3.0,171.0,0.0,1.0,0.3333333333333333
25d,train__c11__user19__2-3-1,11,Peel_fruits,user19,2-3-1,53,0,0.8333333333333334,0.1731585875438225,0.7716981132075472,0.8017352512008414,0.2673176642302947,0.7829896455348406,1.0,171.0,1.0,1.0,1.0
2d,train__c11__user19__2-3-2,11,Peel_fruits,user19,2-3-2,44,0,0.8333333333333334,0.10520477964958018,0.9022727272727272,0.9554480245062243,0.20009418756226988,0.865135199851126,4.0,171.0,0.0,1.0,0.25
25d,train__c11__user19__2-3-2,11,Peel_fruits,user19,2-3-2,44,0,0.8333333333333334,0.17786945619685224,0.6704545454545454,0.8990483031212484,0.21837217273923545,0.7333660766009008,2.0,171.0,0.0,1.0,0.5
2d,train__c11__user19__2-3-3,11,Peel_fruits,user19,2-3-3,31,0,0.8333333333333334,0.09661197328668916,0.9129032258064517,0.9876837666638495,0.37839448154264677,0.8875780703089653,2.0,171.0,0.0,1.0,0.5
25d,train__c11__user19__2-3-3,11,Peel_fruits,user19,2-3-3,31,0,0.8306451612903226,0.16489536560100154,0.7184466019417476,0.9399124180421919,0.4469451304664397,0.7807222737861956,2.0,171.0,0.0,1.0,0.5
2d,train__c12__user19__3-3-1,12,Sweep_the_floor,user19,3-3-1,33,0,1.0,0.14916681294949694,0.8737373737373737,0.925158193597617,0.5444157962209709,0.88890255963189,1.0,171.0,1.0,1.0,1.0
25d,train__c12__user19__3-3-1,12,Sweep_the_floor,user19,3-3-1,33,0,1.0,0.2753651847624202,0.3383838383838384,0.6660033034584696,0.4668884532289091,0.5627280754491263,1.0,171.0,1.0,1.0,1.0
2d,train__c12__user19__3-3-2,12,Sweep_the_floor,user19,3-3-2,30,0,0.9694444444444444,0.17229190015329843,0.7048710601719198,0.9202301246689012,0.4348057012103929,0.78425696759667,1.0,171.0,1.0,1.0,1.0
25d,train__c12__user19__3-3-2,12,Sweep_the_floor,user19,3-3-2,30,0,0.9694444444444444,0.35121902274435474,0.32664756446991405,0.6756877139836935,0.3838696427121277,0.5479595995046762,1.0,171.0,1.0,1.0,1.0
2d,train__c12__user19__3-3-3,12,Sweep_the_floor,user19,3-3-3,16,0,0.8958333333333334,0.1357281376950469,0.872093023255814,0.7067358611079891,0.325309052491395,0.8393062611716846,1.0,171.0,1.0,1.0,1.0
25d,train__c12__user19__3-3-3,12,Sweep_the_floor,user19,3-3-3,16,0,0.8958333333333334,0.2876196954259307,0.4069767441860465,0.7244624326426573,0.26786747747846334,0.5809568467108094,1.0,171.0,1.0,1.0,1.0
2d,train__c12__user19__7-2-1,12,Sweep_the_floor,user19,7-2-1,51,0,0.8496732026143791,0.10789040801459289,0.9115384615384615,0.8790029891142934,0.2236946116610133,0.8659908688935971,1.0,171.0,1.0,1.0,1.0
25d,train__c12__user19__7-2-1,12,Sweep_the_floor,user19,7-2-1,51,0,0.8496732026143791,0.40184878617518427,0.25961538461538464,0.7151326345278041,0.17972680528062404,0.48774855564872666,1.0,171.0,1.0,1.0,1.0
2d,train__c12__user19__7-2-2,12,Sweep_the_floor,user19,7-2-2,32,0,0.9921875,0.13044454661098964,0.8346456692913385,0.7367817340859327,0.5473452245950869,0.848002933363461,1.0,171.0,1.0,1.0,1.0
25d,train__c12__user19__7-2-2,12,Sweep_the_floor,user19,7-2-2,32,0,0.9921875,0.3918744858584996,0.32808398950131235,0.24654580583939836,-0.05774037546271107,0.4749889966499583,2.0,171.0,0.0,1.0,0.5
2d,train__c12__user19__7-2-3,12,Sweep_the_floor,user19,7-2-3,24,-1,1.0,0.1257410010715887,0.8731884057971014,0.8638685338752834,0.24200861750428979,0.8597911228887559,1.0,171.0,1.0,1.0,1.0
25d,train__c12__user19__7-2-3,12,Sweep_the_floor,user19,7-2-3,24,2,1.0,0.4270648870409457,0.25,0.4740450234668133,0.3861718222697403,0.48886738901691185,3.0,171.0,0.0,1.0,0.3333333333333333
2d,train__c13__user19__3-3-1,13,Mop_the_floor,user19,3-3-1,35,0,0.9785714285714285,0.1486124363917622,0.8418491484184915,0.9518803759385873,0.38852409328851856,0.8602015190778108,1.0,171.0,1.0,1.0,1.0
25d,train__c13__user19__3-3-1,13,Mop_the_floor,user19,3-3-1,35,0,0.9761904761904762,0.4393830051096316,0.33170731707317075,0.767972132484797,0.2900191873082072,0.5536067243058868,1.0,171.0,1.0,1.0,1.0
2d,train__c13__user19__3-3-2,13,Mop_the_floor,user19,3-3-2,45,0,0.9962962962962963,0.16857654644290002,0.724907063197026,0.954637149881694,0.4071084241106351,0.799325361184461,1.0,171.0,1.0,1.0,1.0
25d,train__c13__user19__3-3-2,13,Mop_the_floor,user19,3-3-2,45,0,0.9962962962962963,0.4990591139660632,0.34386617100371747,0.8258702248435263,0.22606387880703757,0.5632978370765548,1.0,171.0,1.0,1.0,1.0
2d,train__c13__user19__3-3-3,13,Mop_the_floor,user19,3-3-3,19,0,0.9868421052631579,0.17521845198863997,0.7333333333333333,0.9389036804352852,0.4709738894860427,0.8062309536146309,1.0,171.0,1.0,1.0,1.0
25d,train__c13__user19__3-3-3,13,Mop_the_floor,user19,3-3-3,19,0,0.9824561403508771,0.4768541772109174,0.3125,0.8121441462701168,0.216572738727932,0.5425779840666943,1.0,171.0,1.0,1.0,1.0
2d,train__c13__user19__7-2-1,13,Mop_the_floor,user19,7-2-1,69,0,0.8792270531400966,0.1860563392368568,0.7376373626373627,0.567034789426557,0.25140259458083236,0.7441819283007773,1.0,171.0,1.0,1.0,1.0
25d,train__c13__user19__7-2-1,13,Mop_the_floor,user19,7-2-1,69,0,0.8780193236714976,0.4659779236199722,0.3741403026134801,0.395883069596996,-0.093250572244383,0.5011736128459346,1.0,171.0,1.0,1.0,1.0
2d,train__c13__user19__7-2-2,13,Mop_the_floor,user19,7-2-2,26,0,0.9743589743589743,0.23851342325279126,0.555921052631579,0.5805904730330883,0.22287886242305865,0.6529674383683041,1.0,171.0,1.0,1.0,1.0
25d,train__c13__user19__7-2-2,13,Mop_the_floor,user19,7-2-2,26,0,0.9743589743589743,0.587560577393421,0.24671052631578946,0.3821795884399147,0.05891010236233929,0.45076290343074854,1.0,171.0,1.0,1.0,1.0
2d,train__c13__user19__7-2-3,13,Mop_the_floor,user19,7-2-3,24,-1,0.9746376811594203,0.19640608809245153,0.6728624535315985,0.27156757369457507,0.18383983740761115,0.6834828627333496,2.0,171.0,0.0,1.0,0.5
25d,train__c13__user19__7-2-3,13,Mop_the_floor,user19,7-2-3,24,-2,0.9734848484848485,0.4906088995855146,0.245136186770428,0.11277440815972352,0.08554412413199981,0.4248666376980926,2.0,171.0,0.0,1.0,0.5
2d,train__c15__user19__7-2-1,15,Wipe_windows_and_tables,user19,7-2-1,16,0,0.8385416666666666,0.2163633170849788,0.5527950310559007,0.7867137424988864,0.2689079967630409,0.6617309077545288,3.0,171.0,0.0,1.0,0.3333333333333333
25d,train__c15__user19__7-2-1,15,Wipe_windows_and_tables,user19,7-2-1,16,1,0.8388888888888889,0.5265785154639783,0.4503311258278146,0.745400916459734,0.1448804583197989,0.5919771341141452,3.0,171.0,0.0,1.0,0.3333333333333333
2d,train__c15__user19__7-2-2,15,Wipe_windows_and_tables,user19,7-2-2,39,0,0.8910256410256411,0.35686211774542526,0.3908872901678657,0.551182052863214,0.2607904029833508,0.553768059204963,2.0,171.0,0.0,1.0,0.5
25d,train__c15__user19__7-2-2,15,Wipe_windows_and_tables,user19,7-2-2,39,0,0.8910256410256411,0.5503688206820487,0.27817745803357313,0.6167272362993406,0.14117721175335002,0.4893611805324647,2.0,171.0,0.0,1.0,0.5
2d,train__c15__user19__7-2-3,15,Wipe_windows_and_tables,user19,7-2-3,31,0,0.8387096774193549,0.36700387828661907,0.34935897435897434,0.23057397809546426,0.29852804744207334,0.49646540500707337,1.0,171.0,1.0,1.0,1.0
25d,train__c15__user19__7-2-3,15,Wipe_windows_and_tables,user19,7-2-3,31,0,0.8387096774193549,0.5184470108524931,0.28846153846153844,0.5257802218842209,0.18858577496530698,0.48424676920660176,1.0,171.0,1.0,1.0,1.0
2d,train__c17__user19__1-2-1,17,Tap_the_keyboard,user19,1-2-1,23,-1,0.9848484848484849,0.23717268758756085,0.7692307692307693,0.5412827367196281,0.0972661934247196,0.7579850097405884,4.0,171.0,0.0,1.0,0.25
25d,train__c17__user19__1-2-1,17,Tap_the_keyboard,user19,1-2-1,23,0,0.9855072463768116,0.4769747040883227,0.36764705882352944,0.16814524595028846,-0.002451201630193703,0.4923872914633867,5.0,171.0,0.0,1.0,0.2
2d,train__c17__user19__1-2-2,17,Tap_the_keyboard,user19,1-2-2,13,0,0.9807692307692307,0.2352538001997864,0.7973856209150327,0.5637415375202959,0.4880046913743657,0.8046135201852981,4.0,171.0,0.0,1.0,0.25
25d,train__c17__user19__1-2-2,17,Tap_the_keyboard,user19,1-2-2,13,0,0.9743589743589743,0.4027886508076769,0.4407894736842105,0.37607423916742005,0.3135556895688094,0.575994208596616,4.0,171.0,0.0,1.0,0.25
2d,train__c17__user19__1-2-3,17,Tap_the_keyboard,user19,1-2-3,24,0,0.9895833333333334,0.2574459271689743,0.743859649122807,0.55097347173226,0.16372029136089447,0.7504575093761703,3.0,171.0,0.0,1.0,0.3333333333333333
25d,train__c17__user19__1-2-3,17,Tap_the_keyboard,user19,1-2-3,24,2,0.9886363636363636,0.3600358064978381,0.4367816091954023,0.42353178031157135,0.1650858175417178,0.5688281357678937,2.0,171.0,0.0,1.0,0.5
2d,train__c17__user19__4-1-1,17,Tap_the_keyboard,user19,4-1-1,26,0,0.9326923076923077,0.264862743424495,0.8075601374570447,0.5118810093665214,0.09893963560125563,0.7710358799773518,13.0,171.0,0.0,0.0,0.07692307692307693
25d,train__c17__user19__4-1-1,17,Tap_the_keyboard,user19,4-1-1,26,0,0.9326923076923077,0.31206998423763427,0.46735395189003437,0.2677803910385191,0.2218457420610216,0.5687303740671783,8.0,171.0,0.0,0.0,0.125
2d,train__c17__user19__4-1-2,17,Tap_the_keyboard,user19,4-1-2,23,1,0.8712121212121212,0.2039104453690344,0.8347826086956521,0.684856784029955,0.19488183965795042,0.8043534632811628,4.0,171.0,0.0,1.0,0.25
25d,train__c17__user19__4-1-2,17,Tap_the_keyboard,user19,4-1-2,23,0,0.8768115942028986,0.3597581709368759,0.48760330578512395,0.3876264032876405,0.23702546081553147,0.5874025274920369,10.0,171.0,0.0,0.0,0.1
2d,train__c17__user19__4-1-3,17,Tap_the_keyboard,user19,4-1-3,13,1,0.8472222222222222,0.15768306820572103,0.8524590163934426,0.7628736003680111,0.4079970102077969,0.8354618170410015,2.0,171.0,0.0,1.0,0.5
25d,train__c17__user19__4-1-3,17,Tap_the_keyboard,user19,4-1-3,13,0,0.8461538461538461,0.3463968516292707,0.6742424242424242,0.663016177961807,0.27862443068141374,0.7176471680460047,10.0,171.0,0.0,0.0,0.1
2d,train__c17__user19__4-3-1,17,Tap_the_keyboard,user19,4-3-1,29,-1,0.9047619047619048,0.22578600536470061,0.7664473684210527,0.5532356322073966,0.119634373480209,0.7513183843395248,7.0,171.0,0.0,0.0,0.14285714285714285
25d,train__c17__user19__4-3-1,17,Tap_the_keyboard,user19,4-3-1,29,-1,0.9047619047619048,0.3482227267352116,0.5098684210526315,0.3837767691248939,0.13742304073572512,0.5945882270228066,3.0,171.0,0.0,1.0,0.3333333333333333
2d,train__c17__user19__4-3-2,17,Tap_the_keyboard,user19,4-3-2,53,-1,0.8333333333333334,0.18802788713514706,0.8076923076923077,0.8426805610891603,0.1874918721739986,0.8008940490860685,15.0,171.0,0.0,0.0,0.06666666666666667
25d,train__c17__user19__4-3-2,17,Tap_the_keyboard,user19,4-3-2,53,2,0.8333333333333334,0.4286333985353386,0.611764705882353,0.5958313147428722,0.15768196928476313,0.666213200739272,22.0,171.0,0.0,0.0,0.045454545454545456
2d,train__c17__user19__4-3-3,17,Tap_the_keyboard,user19,4-3-3,18,0,1.0,0.3114095497487047,0.75,0.5948458782532641,0.12103865406370605,0.7560624868801044,19.0,171.0,0.0,0.0,0.05263157894736842
25d,train__c17__user19__4-3-3,17,Tap_the_keyboard,user19,4-3-3,18,0,1.0,0.33088119118619996,0.5046296296296297,0.5335580299155191,0.047410869155395996,0.6094579144745029,8.0,171.0,0.0,0.0,0.125
2d,train__c17__user19__6-1-1,17,Tap_the_keyboard,user19,6-1-1,17,-1,1.0,0.2461130139933886,0.7552083333333334,0.5344074467202441,0.18745320067497598,0.757864318055981,11.0,171.0,0.0,0.0,0.09090909090909091
25d,train__c17__user19__6-1-1,17,Tap_the_keyboard,user19,6-1-1,17,2,1.0,0.4140244788346918,0.5,0.3135696587726393,0.21017931893323497,0.5971204147972566,11.0,171.0,0.0,0.0,0.09090909090909091
2d,train__c17__user19__6-1-2,17,Tap_the_keyboard,user19,6-1-2,8,0,1.0,0.303152781320365,0.7604166666666666,0.46335261536869043,0.5467506253182316,0.7805707251024031,18.0,171.0,0.0,0.0,0.05555555555555555
25d,train__c17__user19__6-1-2,17,Tap_the_keyboard,user19,6-1-2,8,-1,1.0,0.459943566304492,0.42857142857142855,0.6103345178418423,0.478429360860024,0.6076299395629717,10.0,171.0,0.0,0.0,0.1
2d,train__c17__user19__6-1-3,17,Tap_the_keyboard,user19,6-1-3,24,0,1.0,0.29085416403631653,0.7534722222222222,0.44224696057331764,0.24535996594569917,0.7520364157254815,15.0,171.0,0.0,0.0,0.06666666666666667
25d,train__c17__user19__6-1-3,17,Tap_the_keyboard,user19,6-1-3,24,0,1.0,0.4544464925599767,0.4236111111111111,0.3691516594470631,0.31095441824761233,0.5682228584243884,12.0,171.0,0.0,0.0,0.08333333333333333
2d,train__c20__user19__4-1-1,20,Check_the_time,user19,4-1-1,11,0,1.0,0.22698582419742885,0.8257575757575758,0.6909159463320003,0.3613511595087698,0.8253595982630244,1.0,171.0,1.0,1.0,1.0
25d,train__c20__user19__4-1-1,20,Check_the_time,user19,4-1-1,11,-1,1.0,0.574976608567464,0.48333333333333334,0.20061139974901954,0.25270538300320905,0.579847377033476,11.0,171.0,0.0,0.0,0.09090909090909091
2d,train__c20__user19__4-1-2,20,Check_the_time,user19,4-1-2,9,-2,1.0,0.2449905319111154,0.7976190476190477,0.5792736839171752,0.21731995277995875,0.7879168410406906,1.0,171.0,1.0,1.0,1.0
25d,train__c20__user19__4-1-2,20,Check_the_time,user19,4-1-2,9,-1,1.0,0.5524985173063348,0.5208333333333334,0.5985532746703832,0.1268729165629911,0.6308291295425961,9.0,171.0,0.0,0.0,0.1111111111111111
2d,train__c20__user19__5-3-1,20,Check_the_time,user19,5-3-1,12,-1,0.9696969696969697,0.17372434901930947,0.71875,0.9100375957852047,0.35215915972828427,0.7846978935278388,1.0,171.0,1.0,1.0,1.0
25d,train__c20__user19__5-3-1,20,Check_the_time,user19,5-3-1,12,-1,0.9696969696969697,0.9185688073892974,0.390625,0.693429949043061,0.19126293316030749,0.5705011618610263,17.0,171.0,0.0,0.0,0.058823529411764705
2d,train__c20__user19__5-3-2,20,Check_the_time,user19,5-3-2,14,0,0.9226190476190477,0.1661921511914569,0.7612903225806451,0.929964100825705,0.2609249118034365,0.7985373606490879,1.0,171.0,1.0,1.0,1.0
25d,train__c20__user19__5-3-2,20,Check_the_time,user19,5-3-2,14,0,0.9226190476190477,0.7324644257665681,0.3548387096774194,0.7023717554487753,0.13486508232967342,0.5427752518040885,3.0,171.0,0.0,1.0,0.3333333333333333
2d,train__c21__user19__4-1-2,21,Read_documents,user19,4-1-2,8,-1,0.9523809523809523,0.28958973858922843,0.475,-0.20961665094497237,0.10330535264459366,0.5182743315919425,7.0,171.0,0.0,0.0,0.14285714285714285
25d,train__c21__user19__4-1-2,21,Read_documents,user19,4-1-2,8,-1,0.9523809523809523,0.4582829501261328,0.425,-0.12870737253665038,0.0724211196876357,0.4965489419610029,3.0,171.0,0.0,1.0,0.3333333333333333
2d,train__c23__user19__1-2-1,23,Listen_to_music_with_headphones,user19,1-2-1,17,-2,1.0,0.22772070419975085,0.7666666666666667,0.7336488590613598,0.012592477642011353,0.7709759883959536,1.0,171.0,1.0,1.0,1.0
25d,train__c23__user19__1-2-1,23,Listen_to_music_with_headphones,user19,1-2-1,17,1,1.0,0.6679973213578833,0.3645833333333333,0.7928406046664102,0.18536844035337896,0.5687075268264778,1.0,171.0,1.0,1.0,1.0
2d,train__c23__user19__1-2-2,23,Listen_to_music_with_headphones,user19,1-2-2,23,-1,0.9621212121212122,0.2708821679425704,0.5511811023622047,0.42138308548308245,0.2823770529188033,0.6376783150285523,1.0,171.0,1.0,1.0,1.0
25d,train__c23__user19__1-2-2,23,Listen_to_music_with_headphones,user19,1-2-2,23,-1,0.9545454545454546,0.6471623840194437,0.29365079365079366,0.41726985592644145,0.3264719789043841,0.49817486597295496,1.0,171.0,1.0,1.0,1.0
2d,train__c23__user19__1-2-3,23,Listen_to_music_with_headphones,user19,1-2-3,18,-2,0.9166666666666666,0.31156614183714787,0.5681818181818182,0.23299965814256204,0.36701324935671714,0.6299926261826767,3.0,171.0,0.0,1.0,0.3333333333333333
25d,train__c23__user19__1-2-3,23,Listen_to_music_with_headphones,user19,1-2-3,18,-2,0.9166666666666666,0.6904309776165862,0.42045454545454547,0.330672998221215,0.2703902179899062,0.5512632328380311,1.0,171.0,1.0,1.0,1.0
2d,train__c23__user19__3-3-1,23,Listen_to_music_with_headphones,user19,3-3-1,35,2,1.0,0.19658493970113078,0.6641414141414141,0.9124790984705223,0.19643908164417434,0.746258618748143,2.0,171.0,0.0,1.0,0.5
25d,train__c23__user19__3-3-1,23,Listen_to_music_with_headphones,user19,3-3-1,35,2,1.0,0.38671842480855306,0.36363636363636365,0.9304170806749144,0.14220836751083063,0.5787073356308038,1.0,171.0,1.0,1.0,1.0
2d,train__c23__user19__3-3-2,23,Listen_to_music_with_headphones,user19,3-3-2,11,-2,1.0,0.16339126320999695,0.7962962962962963,0.9720082532250547,0.17460939857827548,0.8232594931788392,1.0,171.0,1.0,1.0,1.0
25d,train__c23__user19__3-3-2,23,Listen_to_music_with_headphones,user19,3-3-2,11,0,0.9924242424242424,0.4466824276758241,0.3893129770992366,0.9183186679259314,0.26531775274579944,0.6000952598955325,1.0,171.0,1.0,1.0,1.0
2d,train__c23__user19__3-3-3,23,Listen_to_music_with_headphones,user19,3-3-3,10,-2,1.0,0.20241186440017525,0.6979166666666666,0.9648725488131704,0.1904303507474876,0.7696236978540453,2.0,171.0,0.0,1.0,0.5
25d,train__c23__user19__3-3-3,23,Listen_to_music_with_headphones,user19,3-3-3,10,2,1.0,0.3869089828952353,0.3020833333333333,0.9152951059448206,0.3326690564615427,0.5576255231624311,2.0,171.0,0.0,1.0,0.5
2d,train__c26__user19__3-1-1,26,Play_games,user19,3-1-1,32,0,1.0,0.23588043721991392,0.71875,0.512082893031759,0.10036969320991947,0.7290485162939199,3.0,171.0,0.0,1.0,0.3333333333333333
25d,train__c26__user19__3-1-1,26,Play_games,user19,3-1-1,32,1,1.0,0.32894786456091496,0.40591397849462363,0.853031819012813,0.32035580270221414,0.6075825552759904,4.0,171.0,0.0,1.0,0.25
2d,train__c26__user19__3-1-2,26,Play_games,user19,3-1-2,48,0,1.0,0.22689272317369252,0.8194444444444444,0.40565207295198064,0.09849490419134878,0.7736467695539936,2.0,171.0,0.0,1.0,0.5
25d,train__c26__user19__3-1-2,26,Play_games,user19,3-1-2,48,0,1.0,0.3343486180847001,0.4305555555555556,0.7926518672531324,0.07876528825871391,0.5969781389002724,4.0,171.0,0.0,1.0,0.25
2d,train__c26__user19__3-1-3,26,Play_games,user19,3-1-3,28,2,0.8653846153846154,0.1481722762473295,0.8777777777777778,0.6670433278507301,0.029747159928873477,0.8132516090959778,1.0,171.0,1.0,1.0,1.0
25d,train__c26__user19__3-1-3,26,Play_games,user19,3-1-3,28,2,0.8653846153846154,0.255708421302366,0.42592592592592593,0.7479691760945882,-0.005767137763795714,0.570162103074895,1.0,171.0,1.0,1.0,1.0
2d,train__c26__user19__5-1-1,26,Play_games,user19,5-1-1,59,0,0.9180790960451978,0.19942720688345997,0.7292307692307692,0.5476854914297746,0.1447128297908866,0.7335068440587368,3.0,171.0,0.0,1.0,0.3333333333333333
25d,train__c26__user19__5-1-1,26,Play_games,user19,5-1-1,59,-1,0.9181034482758621,0.6669456140743028,0.4460093896713615,0.7103067624600187,0.10441753371007989,0.5909775004210929,13.0,171.0,0.0,0.0,0.07692307692307693
2d,train__c26__user19__5-1-2,26,Play_games,user19,5-1-2,43,2,0.8902439024390244,0.15332243226642123,0.8287671232876712,0.8398835195803454,0.0854632690038784,0.810244405185447,1.0,171.0,1.0,1.0,1.0
25d,train__c26__user19__5-1-2,26,Play_games,user19,5-1-2,43,0,0.8914728682170543,0.6049232330667209,0.5347826086956522,0.441027402434821,0.11224294582645297,0.6107986827847802,1.0,171.0,1.0,1.0,1.0
2d,train__c26__user19__5-1-3,26,Play_games,user19,5-1-3,39,0,0.9957264957264957,0.23338994063502197,0.7145922746781116,0.12019284176088532,0.1913411289307304,0.6939682694915043,7.0,171.0,0.0,0.0,0.14285714285714285
25d,train__c26__user19__5-1-3,26,Play_games,user19,5-1-3,39,-2,0.9954954954954955,0.3608424036236725,0.4502262443438914,0.03712061248932369,0.0520795902834462,0.5297920144588807,5.0,171.0,0.0,1.0,0.2
2d,train__c26__user19__5-3-1,26,Play_games,user19,5-3-1,32,0,1.0,0.18360640086856952,0.7604166666666666,0.6312149884279797,0.15111278108091417,0.7676841240905332,1.0,171.0,1.0,1.0,1.0
25d,train__c26__user19__5-3-1,26,Play_games,user19,5-3-1,32,0,1.0,0.5781876217056691,0.2994791666666667,0.5050969618203929,0.19516557196381135,0.5048606557459918,5.0,171.0,0.0,1.0,0.2
2d,train__c26__user19__5-3-2,26,Play_games,user19,5-3-2,24,-1,0.8876811594202898,0.1675691790843091,0.8448979591836735,0.9131433556018713,0.01748442324539906,0.8210876607966415,1.0,171.0,1.0,1.0,1.0
25d,train__c26__user19__5-3-2,26,Play_games,user19,5-3-2,24,-1,0.8876811594202898,0.562435810066132,0.4489795918367347,0.8176355008369373,0.09140080282044272,0.5993255017474601,3.0,171.0,0.0,1.0,0.3333333333333333
2d,train__c26__user19__6-2-1,26,Play_games,user19,6-2-1,19,1,0.027777777777777776,0.5814296485911997,0.3333333333333333,,,0.3611111111111111,,,,,
25d,train__c26__user19__6-2-1,26,Play_games,user19,6-2-1,19,1,0.027777777777777776,0.6481773141288549,0.3333333333333333,,,0.3611111111111111,,,,,
2d,train__c26__user19__6-2-3,26,Play_games,user19,6-2-3,16,-2,0.0,,,,,0.175,,,,,
25d,train__c26__user19__6-2-3,26,Play_games,user19,6-2-3,16,-2,0.0,,,,,0.175,,,,,
2d,train__c27__user19__6-2-1,27,Take_a_selfie,user19,6-2-1,33,2,0.13440860215053763,0.3692433154836371,0.56,-0.13019352393905023,0.28773434584445834,0.5050015837594831,,,,,
25d,train__c27__user19__6-2-1,27,Take_a_selfie,user19,6-2-1,33,0,0.12626262626262627,0.5273646798108624,0.2,-0.4991891302950516,0.3160882301660049,0.2714139668592079,,,,,
2d,train__c27__user19__6-2-2,27,Take_a_selfie,user19,6-2-2,17,2,0.08888888888888889,0.5223095717829411,0.375,0.5904033627480221,,0.44917922516369113,,,,,
25d,train__c27__user19__6-2-2,27,Take_a_selfie,user19,6-2-2,17,-2,0.08888888888888889,0.5874774287451502,0.25,0.1036527961574424,,0.3317541685046332,,,,,
2d,train__c27__user19__6-2-3,27,Take_a_selfie,user19,6-2-3,18,-2,0.0,,,,,0.175,,,,,
25d,train__c27__user19__6-2-3,27,Take_a_selfie,user19,6-2-3,18,-2,0.0,,,,,0.175,,,,,
2d,train__c29__user19__2-2-1,29,Do_squats,user19,2-2-1,38,0,0.9364035087719298,0.11949589748795902,0.9344262295081968,0.877685653845599,0.28611864294091965,0.8918022407118301,1.0,171.0,1.0,1.0,1.0
25d,train__c29__user19__2-2-1,29,Do_squats,user19,2-2-1,38,0,0.9298245614035088,0.7425245950162467,0.35377358490566035,0.22467604971098928,0.3555425547725006,0.5116912244175006,2.0,171.0,0.0,1.0,0.5
2d,train__c29__user19__2-2-2,29,Do_squats,user19,2-2-2,33,1,0.859375,0.15355331663297722,0.8393939393939394,0.7232906986189691,0.4020467554882107,0.8250867431901794,5.0,171.0,0.0,1.0,0.2
25d,train__c29__user19__2-2-2,29,Do_squats,user19,2-2-2,33,0,0.8585858585858586,0.6132377599870688,0.3029411764705882,0.4572562309777861,0.2551563001394997,0.49233857852565044,11.0,171.0,0.0,0.0,0.09090909090909091
2d,train__c29__user19__2-2-3,29,Do_squats,user19,2-2-3,18,0,0.8009259259259259,0.16857362429949974,0.7398843930635838,0.8462564263450635,0.4841045749513645,0.7829624945334224,11.0,171.0,0.0,0.0,0.09090909090909091
25d,train__c29__user19__2-2-3,29,Do_squats,user19,2-2-3,18,0,0.8009259259259259,0.7099926303322437,0.3583815028901734,0.4131345663863381,0.4374763300262773,0.5263266005727927,22.0,171.0,0.0,0.0,0.045454545454545456
2d,train__c29__user19__3-3-1,29,Do_squats,user19,3-3-1,39,0,1.0,0.12775844861797445,0.9123931623931624,0.9405160774550084,0.5710070506145629,0.9136933758578323,1.0,171.0,1.0,1.0,1.0
25d,train__c29__user19__3-3-1,29,Do_squats,user19,3-3-1,39,0,1.0,0.4347405773188967,0.5235042735042735,0.8413738681401487,0.3966883292071315,0.6768163619319002,1.0,171.0,1.0,1.0,1.0
2d,train__c29__user19__3-3-2,29,Do_squats,user19,3-3-2,21,0,1.0,0.15154818959700322,0.8928571428571429,0.9406810772702242,0.46216894204904674,0.8948022069521296,1.0,171.0,1.0,1.0,1.0
25d,train__c29__user19__3-3-2,29,Do_squats,user19,3-3-2,21,0,0.9523809523809523,0.4998162878571035,0.5583333333333333,0.6964448357077087,0.3302006479799418,0.6717309607406952,1.0,171.0,1.0,1.0,1.0
2d,train__c29__user19__3-3-3,29,Do_squats,user19,3-3-3,14,0,1.0,0.1181023707691031,0.9523809523809523,0.9414809283300699,0.42540529661337173,0.9248630138885338,1.0,171.0,1.0,1.0,1.0
25d,train__c29__user19__3-3-3,29,Do_squats,user19,3-3-3,14,0,1.0,0.2286662315227298,0.6964285714285714,0.8010831027202321,0.49680495672623676,0.7754043963122053,1.0,171.0,1.0,1.0,1.0
2d,train__c29__user19__4-2-1,29,Do_squats,user19,4-2-1,22,0,1.0,0.13381661981451087,0.9128787878787878,0.9321049450317298,0.546652152620549,0.9112927392830474,1.0,171.0,1.0,1.0,1.0
25d,train__c29__user19__4-2-1,29,Do_squats,user19,4-2-1,22,0,1.0,0.34122373387204985,0.571969696969697,0.7936123428421121,0.38351206292073736,0.6977079723365999,1.0,171.0,1.0,1.0,1.0
2d,train__c29__user19__4-2-2,29,Do_squats,user19,4-2-2,21,0,1.0,0.1678815714371623,0.8888888888888888,0.9416776675039372,0.5590893603701311,0.8999883576670424,1.0,171.0,1.0,1.0,1.0
25d,train__c29__user19__4-2-2,29,Do_squats,user19,4-2-2,21,0,0.9523809523809523,0.46515481842922307,0.5833333333333334,0.7485311056554809,0.34585989899732006,0.6918640315617757,1.0,171.0,1.0,1.0,1.0
2d,train__c29__user19__4-2-3,29,Do_squats,user19,4-2-3,16,0,1.0,0.18510953711161782,0.828125,0.8935440251076332,0.33873778642949043,0.8452284864929751,1.0,171.0,1.0,1.0,1.0
25d,train__c29__user19__4-2-3,29,Do_squats,user19,4-2-3,16,0,1.0,0.48057158665920074,0.53125,0.6269680104062793,0.22808395615692498,0.6469905977523973,2.0,171.0,0.0,1.0,0.5
2d,train__c29__user19__5-3-1,29,Do_squats,user19,5-3-1,27,0,0.8641975308641975,0.1902919537188581,0.7107142857142857,0.9253080362894921,0.5612110479844544,0.7869342424570602,15.0,171.0,0.0,0.0,0.06666666666666667
25d,train__c29__user19__5-3-1,29,Do_squats,user19,5-3-1,27,0,0.8641975308641975,0.95313384524961,0.3607142857142857,0.056823054563410656,0.2675224977336984,0.4855591030156453,23.0,171.0,0.0,0.0,0.043478260869565216
2d,train__c29__user19__5-3-2,29,Do_squats,user19,5-3-2,28,1,0.8858024691358025,0.13569739831272803,0.8850174216027874,0.8217903171090275,0.16906371528943784,0.845198639152724,2.0,171.0,0.0,1.0,0.5
25d,train__c29__user19__5-3-2,29,Do_squats,user19,5-3-2,28,0,0.8898809523809523,0.7656813423502317,0.3745819397993311,0.11978428832681963,0.08526600291563668,0.4883815411790821,8.0,171.0,0.0,0.0,0.125
2d,train__c29__user19__5-3-3,29,Do_squats,user19,5-3-3,15,0,0.9111111111111111,0.1826561390120919,0.7621951219512195,0.8164287728537466,0.4491510513002772,0.8006476343171773,8.0,171.0,0.0,0.0,0.125
25d,train__c29__user19__5-3-3,29,Do_squats,user19,5-3-3,15,0,0.9111111111111111,0.9468517328039165,0.4146341463414634,0.16598415392366409,0.23879487397164578,0.5286679225391558,20.0,171.0,0.0,0.0,0.05
2d,train__c30__user19__2-2-1,30,Do_jumping_jacks,user19,2-2-1,41,0,0.9634146341463414,0.15307405025048484,0.8417721518987342,0.523906090634883,0.42887404673578433,0.8188723095276101,1.0,171.0,1.0,1.0,1.0
25d,train__c30__user19__2-2-1,30,Do_jumping_jacks,user19,2-2-1,41,0,0.959349593495935,0.721558727292949,0.3877118644067797,-0.07988821341620099,0.29063275746016437,0.49798512024121455,12.0,171.0,0.0,0.0,0.08333333333333333
2d,train__c30__user19__2-2-2,30,Do_jumping_jacks,user19,2-2-2,32,0,0.9557291666666666,0.155168648499618,0.7956403269754768,0.4154376435433965,0.23344514569968275,0.7672272467849949,1.0,171.0,1.0,1.0,1.0
25d,train__c30__user19__2-2-2,30,Do_jumping_jacks,user19,2-2-2,32,0,0.9557291666666666,0.731411239130773,0.34877384196185285,0.07823627309596734,0.14211920792491228,0.4808810976496509,13.0,171.0,0.0,0.0,0.07692307692307693
2d,train__c30__user19__2-2-3,30,Do_jumping_jacks,user19,2-2-3,19,0,0.9736842105263158,0.1675169491733856,0.7522522522522522,0.5508577799615888,0.11233122615109693,0.7496177797488615,1.0,171.0,1.0,1.0,1.0
25d,train__c30__user19__2-2-3,30,Do_jumping_jacks,user19,2-2-3,19,0,0.9649122807017544,0.6386563123886305,0.23636363636363636,-0.04892465429863138,0.12591576629000673,0.40604244511206283,21.0,171.0,0.0,0.0,0.047619047619047616
2d,train__c31__user19__1-1-1,31,Do_stretching_exercises,user19,1-1-1,26,0,0.7083333333333334,0.1346754177758288,0.9140271493212669,0.7489798647332104,0.35336862052315143,0.8499488984725876,1.0,171.0,1.0,1.0,1.0
25d,train__c31__user19__1-1-1,31,Do_stretching_exercises,user19,1-1-1,26,-1,0.6633333333333333,0.31664941234571714,0.45226130653266333,0.7817435730432514,0.45422514973091166,0.6023182954604418,1.0,171.0,1.0,1.0,1.0
2d,train__c31__user19__1-1-2,31,Do_stretching_exercises,user19,1-1-2,37,0,0.6846846846846847,0.25427103534961976,0.8421052631578947,0.7759559094128489,0.3247501267177796,0.8085782136504289,1.0,171.0,1.0,1.0,1.0
25d,train__c31__user19__1-1-2,31,Do_stretching_exercises,user19,1-1-2,37,0,0.6756756756756757,0.4448285158935645,0.38333333333333336,0.6188155164002792,0.1400570004863388,0.5257867275774043,1.0,171.0,1.0,1.0,1.0
2d,train__c31__user19__1-1-3,31,Do_stretching_exercises,user19,1-1-3,63,0,0.7195767195767195,0.2961409599620265,0.8198529411764706,0.8452861719181984,0.31577818699498983,0.8060887708211749,1.0,171.0,1.0,1.0,1.0
25d,train__c31__user19__1-1-3,31,Do_stretching_exercises,user19,1-1-3,63,0,0.7156084656084656,0.510295959641794,0.47504621072088726,0.5952719989617363,0.029948669842147186,0.5696096125916693,13.0,171.0,0.0,0.0,0.07692307692307693
2d,train__c31__user19__4-2-1,31,Do_stretching_exercises,user19,4-2-1,31,0,1.0,0.1443858987291447,0.8413978494623656,0.9746988173700712,0.34378935938389277,0.8610229008951001,1.0,171.0,1.0,1.0,1.0
25d,train__c31__user19__4-2-1,31,Do_stretching_exercises,user19,4-2-1,31,0,0.9973118279569892,0.37467318726549687,0.39622641509433965,0.9317030854712279,0.14601186086588014,0.5967769092096495,1.0,171.0,1.0,1.0,1.0
2d,train__c31__user19__4-2-2,31,Do_stretching_exercises,user19,4-2-2,46,0,1.0,0.15645118670828534,0.8206521739130435,0.9439038305594408,0.45471028219223214,0.8548523498725354,1.0,171.0,1.0,1.0,1.0
25d,train__c31__user19__4-2-2,31,Do_stretching_exercises,user19,4-2-2,46,0,0.9963768115942029,0.4273610145628944,0.42727272727272725,0.8687559378969871,0.28868036835453587,0.6181643025757092,1.0,171.0,1.0,1.0,1.0
2d,train__c31__user19__4-2-3,31,Do_stretching_exercises,user19,4-2-3,19,0,1.0,0.15802681276993485,0.7675438596491229,0.9586259920428486,0.33252037323263334,0.81795075000375,1.0,171.0,1.0,1.0,1.0
25d,train__c31__user19__4-2-3,31,Do_stretching_exercises,user19,4-2-3,19,0,0.9956140350877193,0.48932252386308667,0.3832599118942731,0.8604761379596451,0.09025596594357073,0.5781711662923545,1.0,171.0,1.0,1.0,1.0
2d,train__c32__user19__5-1-1,32,Stand_up,user19,5-1-1,16,0,0.9270833333333334,0.20521518030324543,0.7078651685393258,0.9097163552464728,0.3218439888495558,0.7721441107183267,1.0,171.0,1.0,1.0,1.0
25d,train__c32__user19__5-1-1,32,Stand_up,user19,5-1-1,16,1,0.9222222222222223,0.7846187889356118,0.42771084337349397,0.5828800075139393,0.27125446930931685,0.5810952720272367,3.0,171.0,0.0,1.0,0.3333333333333333
2d,train__c32__user19__5-1-2,32,Stand_up,user19,5-1-2,9,-2,0.9166666666666666,0.17736608216090982,0.8181818181818182,0.7922774269817312,0.3296414098038105,0.8206175151001256,1.0,171.0,1.0,1.0,1.0
25d,train__c32__user19__5-1-2,32,Stand_up,user19,5-1-2,9,0,0.9351851851851852,0.6384484235127478,0.5445544554455446,0.05623163869688828,0.43498326991498204,0.6062703781268806,3.0,171.0,0.0,1.0,0.3333333333333333
2d,train__c32__user19__5-1-3,32,Stand_up,user19,5-1-3,8,0,0.875,0.22894315258193762,0.7023809523809523,0.8075451697037638,0.21263992720732636,0.7455120353204496,1.0,171.0,1.0,1.0,1.0
25d,train__c32__user19__5-1-3,32,Stand_up,user19,5-1-3,8,0,0.875,0.5946457247722732,0.5119047619047619,0.40514799536114704,0.1207663710594135,0.5936198964131898,2.0,171.0,0.0,1.0,0.5
2d,train__c33__user19__3-3-1,33,Lie_down,user19,3-3-1,17,1,0.65625,0.20335825175510538,0.7619047619047619,0.4659074277111406,0.025299381046041732,0.7081608153971862,1.0,171.0,1.0,1.0,1.0
25d,train__c33__user19__3-3-1,33,Lie_down,user19,3-3-1,17,1,0.65625,0.4801743091755481,0.3253968253968254,0.273814042722645,0.20045815883074233,0.4620090201528242,23.0,171.0,0.0,0.0,0.043478260869565216
2d,train__c33__user19__3-3-2,33,Lie_down,user19,3-3-2,16,1,0.8611111111111112,0.24193303826061469,0.5612903225806452,-0.015957123218356017,0.09679891393902458,0.5754849947540572,1.0,171.0,1.0,1.0,1.0
25d,train__c33__user19__3-3-2,33,Lie_down,user19,3-3-2,16,-2,0.8690476190476191,0.4849897529864612,0.2465753424657534,-0.15115122507584391,0.1837789163945957,0.3961894964829366,42.0,171.0,0.0,0.0,0.023809523809523808
2d,train__c34__user19__1-2-1,34,Sit_down,user19,1-2-1,12,0,0.9930555555555556,0.2515577212556264,0.7202797202797203,0.7368090975799941,0.2977983359233524,0.7664751866616526,1.0,171.0,1.0,1.0,1.0
25d,train__c34__user19__1-2-1,34,Sit_down,user19,1-2-1,12,0,0.9930555555555556,0.6434675012106726,0.3776223776223776,0.5841413186575217,0.21536398068678694,0.5565642936651245,2.0,171.0,0.0,1.0,0.5
2d,train__c34__user19__1-2-2,34,Sit_down,user19,1-2-2,13,0,0.9807692307692307,0.2362173587828913,0.7320261437908496,0.6836728445148021,0.2807614610005181,0.7651156961884095,1.0,171.0,1.0,1.0,1.0
25d,train__c34__user19__1-2-2,34,Sit_down,user19,1-2-2,13,-1,0.9791666666666666,0.5947805092382213,0.40425531914893614,0.1873457897671272,0.3270176048627709,0.5385179915400021,1.0,171.0,1.0,1.0,1.0
2d,train__c34__user19__1-2-3,34,Sit_down,user19,1-2-3,9,1,1.0,0.24694698309733212,0.6666666666666666,0.8982207257284568,0.2876031692814011,0.7530589769356174,4.0,171.0,0.0,1.0,0.25
25d,train__c34__user19__1-2-3,34,Sit_down,user19,1-2-3,9,0,0.8888888888888888,0.6868623134976655,0.3020833333333333,0.19240960776490462,0.2495730767182107,0.4679936637525785,16.0,171.0,0.0,0.0,0.0625
2d,train__c34__user19__5-3-1,34,Sit_down,user19,5-3-1,11,0,0.8333333333333334,0.21699594050739573,0.7454545454545455,0.7093123736774114,0.3549503585047754,0.7658858475889327,1.0,171.0,1.0,1.0,1.0
25d,train__c34__user19__5-3-1,34,Sit_down,user19,5-3-1,11,0,0.8333333333333334,0.6688416202571237,0.44545454545454544,0.7086475651112782,0.15922790850161145,0.5861401829820821,3.0,171.0,0.0,1.0,0.3333333333333333
2d,train__c34__user19__5-3-2,34,Sit_down,user19,5-3-2,9,0,0.8425925925925926,0.2295752454846537,0.7912087912087912,0.8457632743357598,0.4753945213168263,0.8146550109564323,1.0,171.0,1.0,1.0,1.0
25d,train__c34__user19__5-3-2,34,Sit_down,user19,5-3-2,9,0,0.8425925925925926,0.6294175776437287,0.5494505494505495,0.38634702007737726,0.15148276666843769,0.6114529709649321,3.0,171.0,0.0,1.0,0.3333333333333333
2d,train__c34__user19__5-3-3,34,Sit_down,user19,5-3-3,9,-1,0.875,0.211547666424171,0.8452380952380952,0.7649527143549429,0.21610129535425865,0.820083820968016,1.0,171.0,1.0,1.0,1.0
25d,train__c34__user19__5-3-3,34,Sit_down,user19,5-3-3,9,0,0.8611111111111112,0.6784889086116734,0.46236559139784944,0.4116300523009447,-0.07015067029588261,0.5513138913378316,4.0,171.0,0.0,1.0,0.25
2d,train__c34__user19__6-1-1,34,Sit_down,user19,6-1-1,10,-1,0.8981481481481481,0.18911335825922185,0.7525773195876289,0.918447768863183,0.15832528936565024,0.7824515141767528,1.0,171.0,1.0,1.0,1.0
25d,train__c34__user19__6-1-1,34,Sit_down,user19,6-1-1,10,-1,0.8981481481481481,0.6739745897123206,0.422680412371134,0.5395076976605863,0.22572796466816727,0.5681694087351097,6.0,171.0,0.0,0.0,0.16666666666666666
2d,train__c34__user19__6-1-3,34,Sit_down,user19,6-1-3,9,0,0.9814814814814815,0.20594845198152045,0.7452830188679245,0.9317253323935164,0.49672461753715,0.8134806880801444,1.0,171.0,1.0,1.0,1.0
25d,train__c34__user19__6-1-3,34,Sit_down,user19,6-1-3,9,0,0.9722222222222222,0.6602053142378032,0.4666666666666667,0.8177115444332154,0.12960026285368634,0.6203800630462369,18.0,171.0,0.0,0.0,0.05555555555555555
2d,train__c36__user19__1-2-1,36,Walk,user19,1-2-1,14,0,0.9821428571428571,0.16927713970943092,0.8121212121212121,0.36107867450955844,0.16115201385632508,0.7680752208711327,11.0,171.0,0.0,0.0,0.09090909090909091
25d,train__c36__user19__1-2-1,36,Walk,user19,1-2-1,14,0,0.6369047619047619,0.6724176402706449,0.22429906542056074,-0.09643244129016351,0.1643319665411389,0.3647366155333537,21.0,171.0,0.0,0.0,0.047619047619047616
2d,train__c36__user19__1-2-3,36,Walk,user19,1-2-3,10,0,0.9666666666666667,0.18253805619114813,0.7931034482758621,0.35657547648325466,0.3172555023714985,0.7673252735445787,12.0,171.0,0.0,0.0,0.08333333333333333
25d,train__c36__user19__1-2-3,36,Walk,user19,1-2-3,10,-2,0.4895833333333333,0.7648510889313993,0.2978723404255319,0.03358741235598037,,0.3911468618029739,22.0,171.0,0.0,0.0,0.045454545454545456
2d,train__c36__user19__2-2-1,36,Walk,user19,2-2-1,23,0,0.9565217391304348,0.10368665796658594,0.9734848484848485,0.513253955923572,0.5558464917386023,0.8990827230524626,1.0,171.0,1.0,1.0,1.0
25d,train__c36__user19__2-2-1,36,Walk,user19,2-2-1,23,1,0.9962121212121212,0.504503480927456,0.6083650190114068,0.08218438567748179,0.4149523505915849,0.6485618374396029,3.0,171.0,0.0,1.0,0.3333333333333333
2d,train__c36__user19__2-2-2,36,Walk,user19,2-2-2,13,0,1.0,0.1130299527645619,0.9615384615384616,0.4414274737118824,0.6245505337150882,0.8948301912459737,1.0,171.0,1.0,1.0,1.0
25d,train__c36__user19__2-2-2,36,Walk,user19,2-2-2,13,0,0.9871794871794872,0.5749705227727521,0.564935064935065,-0.05087281784931252,0.624092721666692,0.6261519067723051,1.0,171.0,1.0,1.0,1.0
2d,train__c36__user19__2-2-3,36,Walk,user19,2-2-3,12,0,0.9930555555555556,0.13821855100196642,0.8811188811188811,0.6385149069647733,0.5006007908862354,0.8603174901838851,6.0,171.0,0.0,0.0,0.16666666666666666
25d,train__c36__user19__2-2-3,36,Walk,user19,2-2-3,12,0,0.9791666666666666,0.7135349878978613,0.49645390070921985,0.037650231080696824,0.42310986082567564,0.581464574726733,6.0,171.0,0.0,0.0,0.16666666666666666
2d,train__c36__user19__2-3-1,36,Walk,user19,2-3-1,16,1,0.6555555555555556,0.12661805276392765,0.9322033898305084,0.04727616940229237,0.7156352022050042,0.8116676770679397,1.0,171.0,1.0,1.0,1.0
25d,train__c36__user19__2-3-1,36,Walk,user19,2-3-1,16,0,0.20833333333333334,0.12124409290568357,0.95,0.7313407980162842,0.5979083337909987,0.8363105381692867,3.0,171.0,0.0,1.0,0.3333333333333333
2d,train__c36__user19__2-3-2,36,Walk,user19,2-3-2,15,0,0.6944444444444444,0.16827444894463353,0.864,0.620409172567903,0.3604524898859556,0.8087192984426814,1.0,171.0,1.0,1.0,1.0
25d,train__c36__user19__2-3-2,36,Walk,user19,2-3-2,15,-2,0.22435897435897437,0.4786386495606381,0.7428571428571429,0.6007942421529191,,0.666086750222618,3.0,171.0,0.0,1.0,0.3333333333333333
2d,train__c36__user19__2-3-3,36,Walk,user19,2-3-3,10,0,0.6416666666666667,0.12426669532737677,0.8831168831168831,0.5319191360652519,0.43191617685488504,0.810466579251594,1.0,171.0,1.0,1.0,1.0
25d,train__c36__user19__2-3-3,36,Walk,user19,2-3-3,10,-1,0.2222222222222222,0.17686514591670954,0.6666666666666666,0.6126503304909753,,0.6251539219379865,1.0,171.0,1.0,1.0,1.0
2d,train__c36__user19__3-2-1,36,Walk,user19,3-2-1,18,1,0.7156862745098039,0.12822147698214734,0.8698630136986302,0.04574902114232014,0.19676358553531473,0.7443254560146075,1.0,171.0,1.0,1.0,1.0
25d,train__c36__user19__3-2-1,36,Walk,user19,3-2-1,18,-1,0.38235294117647056,0.1613383227088073,0.7435897435897436,0.5011632497479017,0.18365687982249781,0.6861002440534836,2.0,171.0,0.0,1.0,0.5
2d,train__c36__user19__3-2-2,36,Walk,user19,3-2-2,14,0,0.6785714285714286,0.18156504031586035,0.868421052631579,0.30572759946915246,0.8228945333836568,0.8127785717552007,5.0,171.0,0.0,1.0,0.2
25d,train__c36__user19__3-2-2,36,Walk,user19,3-2-2,14,0,0.26785714285714285,0.16470918374988064,0.8444444444444444,0.493562072733727,0.6381794268954459,0.7634498230206899,1.0,171.0,1.0,1.0,1.0
2d,train__c36__user19__3-2-3,36,Walk,user19,3-2-3,8,0,0.6979166666666666,0.1453635729848841,0.8805970149253731,0.3862999902338633,0.46885367369141906,0.8029140494258648,1.0,171.0,1.0,1.0,1.0
25d,train__c36__user19__3-2-3,36,Walk,user19,3-2-3,8,-1,0.39285714285714285,0.22430803134640587,0.8181818181818182,0.7614147322076166,,0.740427187506476,1.0,171.0,1.0,1.0,1.0
2d,train__c36__user19__4-2-1,36,Walk,user19,4-2-1,17,0,0.8382352941176471,0.14490124925626624,0.8245614035087719,0.7672488819345229,0.5664279588983083,0.8315392864524147,1.0,171.0,1.0,1.0,1.0
25d,train__c36__user19__4-2-1,36,Walk,user19,4-2-1,17,0,0.7598039215686274,0.28291538666878324,0.49032258064516127,0.5461271083397187,0.40667632866064923,0.6057712469952221,1.0,171.0,1.0,1.0,1.0
2d,train__c36__user19__4-2-2,36,Walk,user19,4-2-2,10,0,0.8,0.14015444952354106,0.8333333333333334,0.8761445305419995,0.3346158689772308,0.8260439765608256,1.0,171.0,1.0,1.0,1.0
25d,train__c36__user19__4-2-2,36,Walk,user19,4-2-2,10,0,0.7416666666666667,0.2834254688021464,0.5056179775280899,0.6240054370832,0.3350828433043274,0.6147883112632607,1.0,171.0,1.0,1.0,1.0
2d,train__c36__user19__4-3-1,36,Walk,user19,4-3-1,12,0,0.8888888888888888,0.16458380447595858,0.8125,0.45111023394311334,0.2595578607361505,0.7753417518384116,8.0,171.0,0.0,0.0,0.125
25d,train__c36__user19__4-3-1,36,Walk,user19,4-3-1,12,-2,0.5416666666666666,0.8512502958088242,0.36923076923076925,0.1593402307360319,-0.03137621141218449,0.44582439696127907,19.0,171.0,0.0,0.0,0.05263157894736842
2d,train__c36__user19__4-3-2,36,Walk,user19,4-3-2,9,0,0.9629629629629629,0.1574319204990743,0.8269230769230769,0.2096165913380402,0.1308558206013907,0.756879834282897,5.0,171.0,0.0,1.0,0.2
25d,train__c36__user19__4-3-2,36,Walk,user19,4-3-2,9,-2,0.6547619047619048,0.903729659540592,0.41818181818181815,0.3116024877862531,0.3663320841331571,0.5291113455648025,16.0,171.0,0.0,0.0,0.0625
2d,train__c36__user19__5-3-1,36,Walk,user19,5-3-1,13,0,0.9935897435897436,0.14261210128599067,0.9096774193548387,0.6060526692950001,0.06823953908079607,0.8404047873646955,4.0,171.0,0.0,1.0,0.25
25d,train__c36__user19__5-3-1,36,Walk,user19,5-3-1,13,-1,0.9583333333333334,0.6050598183573854,0.5144927536231884,-0.03402938709543352,0.1516903762456088,0.5617781873349643,3.0,171.0,0.0,1.0,0.3333333333333333
2d,train__c36__user19__5-3-2,36,Walk,user19,5-3-2,17,0,1.0,0.12143143781739846,0.9509803921568627,0.47354248729505755,0.4847301577813749,0.8817482262493834,1.0,171.0,1.0,1.0,1.0
25d,train__c36__user19__5-3-2,36,Walk,user19,5-3-2,17,-1,0.9947916666666666,0.5820133249948327,0.5654450261780105,-0.1833042454511893,0.13229590362615617,0.5770656992914153,2.0,171.0,0.0,1.0,0.5
2d,train__c36__user19__5-3-3,36,Walk,user19,5-3-3,9,-1,1.0,0.12701239955202545,0.9583333333333334,0.6503635500027296,0.25243502219828284,0.8860523149984775,2.0,171.0,0.0,1.0,0.5
25d,train__c36__user19__5-3-3,36,Walk,user19,5-3-3,9,2,0.9642857142857143,0.8142930631901506,0.4691358024691358,-0.04443230569823773,0.6907853963022376,0.5768189369394402,2.0,171.0,0.0,1.0,0.5
2d,train__c36__user19__7-2-1,36,Walk,user19,7-2-1,17,0,0.43137254901960786,0.13306329269095296,0.9090909090909091,0.2945288943236819,0.5066031974359122,0.7855853841420224,1.0,171.0,1.0,1.0,1.0
25d,train__c36__user19__7-2-1,36,Walk,user19,7-2-1,17,-1,0.08333333333333333,0.15131475817576764,0.75,0.5737089915266476,,0.6532042324859981,,,,,
2d,train__c36__user19__7-2-2,36,Walk,user19,7-2-2,14,1,0.6025641025641025,0.20499021015802668,0.7978723404255319,0.4296940393800713,0.6612995220557927,0.7666530655826445,4.0,171.0,0.0,1.0,0.25
25d,train__c36__user19__7-2-2,36,Walk,user19,7-2-2,14,1,0.4423076923076923,0.18064822757078575,0.6811594202898551,0.7345113643759669,0.2550877214701651,0.6864511659380486,1.0,171.0,1.0,1.0,1.0
2d,train__c36__user19__7-2-3,36,Walk,user19,7-2-3,16,0,0.5416666666666666,0.12061344532849574,0.8846153846153846,0.8130281385518939,0.843407241507435,0.8602634851733754,1.0,171.0,1.0,1.0,1.0
25d,train__c36__user19__7-2-3,36,Walk,user19,7-2-3,16,0,0.359375,0.1855738703908829,0.6376811594202898,0.859068922747607,0.7071019171260369,0.7006016737403729,2.0,171.0,0.0,1.0,0.5
2d,train__c37__user19__6-2-1,37,Take_medicine,user19,6-2-1,19,0,1.0,0.20414185570105736,0.8114035087719298,0.5392990156197186,0.2079227728687799,0.7907960393516917,1.0,171.0,1.0,1.0,1.0
25d,train__c37__user19__6-2-1,37,Take_medicine,user19,6-2-1,19,0,1.0,0.4020646507977083,0.40350877192982454,0.4342427289399796,0.3260739535203736,0.5648096439694295,6.0,171.0,0.0,0.0,0.16666666666666666
2d,train__c37__user19__6-2-2,37,Take_medicine,user19,6-2-2,17,0,1.0,0.18784416655200908,0.7450980392156863,0.5699647848981326,0.2573389201718028,0.761100819071326,1.0,171.0,1.0,1.0,1.0
25d,train__c37__user19__6-2-2,37,Take_medicine,user19,6-2-2,17,-1,1.0,0.4413980179003325,0.34375,0.25336333013281664,0.26573133901509277,0.5093286834394136,1.0,171.0,1.0,1.0,1.0
2d,train__c37__user19__6-2-3,37,Take_medicine,user19,6-2-3,17,0,1.0,0.15901396152453315,0.8137254901960784,0.6737976337950992,0.24534644005066839,0.8083297659911532,1.0,171.0,1.0,1.0,1.0
25d,train__c37__user19__6-2-3,37,Take_medicine,user19,6-2-3,17,0,1.0,0.4162759062318685,0.3137254901960784,0.5839981510358365,0.19754684170304335,0.5207648478391551,3.0,171.0,0.0,1.0,0.3333333333333333
2d,train__c37__user19__7-1-1,37,Take_medicine,user19,7-1-1,34,0,0.7941176470588235,0.1714285057276763,0.7716049382716049,0.9538462724402017,0.35673907280596573,0.8009345384597328,1.0,171.0,1.0,1.0,1.0
25d,train__c37__user19__7-1-1,37,Take_medicine,user19,7-1-1,34,0,0.7916666666666666,0.4026864126291625,0.35294117647058826,0.9539480090466281,0.16081669607187804,0.5557403668355438,1.0,171.0,1.0,1.0,1.0
2d,train__c37__user19__7-1-2,37,Take_medicine,user19,7-1-2,18,0,0.7268518518518519,0.16821021946767148,0.8152866242038217,0.9432176085998325,0.4113138646243886,0.8212631292040996,1.0,171.0,1.0,1.0,1.0
25d,train__c37__user19__7-1-2,37,Take_medicine,user19,7-1-2,18,0,0.7268518518518519,0.3455586185523337,0.43312101910828027,0.921378567844104,0.22366778560754869,0.5948146863997159,1.0,171.0,1.0,1.0,1.0
2d,train__c37__user19__7-1-3,37,Take_medicine,user19,7-1-3,21,0,0.7698412698412699,0.19483064475465545,0.7783505154639175,0.9513589885586776,0.13390249133110502,0.7852554961949822,1.0,171.0,1.0,1.0,1.0
25d,train__c37__user19__7-1-3,37,Take_medicine,user19,7-1-3,21,-1,0.7666666666666667,0.39406721188395594,0.375,0.8726639546850824,0.13368815255658967,0.5552096735769192,1.0,171.0,1.0,1.0,1.0
2d,train__c38__user19__5-3-1,38,Massage_oneself,user19,5-3-1,24,0,0.9513888888888888,0.21171768716632935,0.8029197080291971,0.6250177900969835,0.16087304757877213,0.7863119858830536,3.0,171.0,0.0,1.0,0.3333333333333333
25d,train__c38__user19__5-3-1,38,Massage_oneself,user19,5-3-1,24,0,0.9340277777777778,0.7100027498332685,0.4200743494423792,0.6763824774049666,0.1782508308832034,0.5804507300278232,8.0,171.0,0.0,0.0,0.125
2d,train__c38__user19__5-3-2,38,Massage_oneself,user19,5-3-2,29,0,0.9080459770114943,0.16563614500827303,0.7658227848101266,0.7689203011534828,0.06850493971042003,0.7690370299403488,1.0,171.0,1.0,1.0,1.0
25d,train__c38__user19__5-3-2,38,Massage_oneself,user19,5-3-2,29,2,0.904320987654321,0.6208418511884979,0.39590443686006827,0.6837136429332658,0.04503694301907694,0.554928674058227,1.0,171.0,1.0,1.0,1.0
2d,train__c38__user19__5-3-3,38,Massage_oneself,user19,5-3-3,17,0,0.8431372549019608,0.15733070881352262,0.8372093023255814,0.8537091982171736,0.3759368847308514,0.8333450279457972,1.0,171.0,1.0,1.0,1.0
25d,train__c38__user19__5-3-3,38,Massage_oneself,user19,5-3-3,17,0,0.8431372549019608,0.5283233754161527,0.45930232558139533,0.7992519806701831,0.33099167905351623,0.6166795785559956,2.0,171.0,0.0,1.0,0.5
2d,train__c38__user19__7-1-1,38,Massage_oneself,user19,7-1-1,55,0,0.7606060606060606,0.11084821604227448,0.896414342629482,0.9671231969379593,0.14982982252479649,0.8520380508899769,1.0,171.0,1.0,1.0,1.0
25d,train__c38__user19__7-1-1,38,Massage_oneself,user19,7-1-1,55,0,0.7545454545454545,0.211602381788209,0.5823293172690763,0.8787664854371317,0.12006078677558492,0.6676168775044194,3.0,171.0,0.0,1.0,0.3333333333333333
2d,train__c38__user19__7-1-2,38,Massage_oneself,user19,7-1-2,70,0,0.7547619047619047,0.0933312046281034,0.9463722397476341,0.9239366466802525,0.35771301216224494,0.890203062917583,2.0,171.0,0.0,1.0,0.5
25d,train__c38__user19__7-1-2,38,Massage_oneself,user19,7-1-2,70,-1,0.751207729468599,0.23637979240087456,0.6511254019292605,0.8529154377303056,0.22116504958695,0.7101186665000051,10.0,171.0,0.0,0.0,0.1
2d,train__c39__user19__6-2-1,39,Take_body_temperature,user19,6-2-1,22,0,0.9962121212121212,0.164923045481289,0.8212927756653993,0.6245394304737483,0.39339325541593045,0.8182906759407513,1.0,171.0,1.0,1.0,1.0
25d,train__c39__user19__6-2-1,39,Take_body_temperature,user19,6-2-1,22,0,0.9962121212121212,0.37166543050032463,0.4372623574144487,0.3001754353494459,0.34764759863224687,0.5712066221315221,2.0,171.0,0.0,1.0,0.5
2d,train__c39__user19__6-2-2,39,Take_body_temperature,user19,6-2-2,12,0,1.0,0.16880784906206853,0.8472222222222222,0.743708983744017,0.5163259441724153,0.8540675664095551,1.0,171.0,1.0,1.0,1.0
25d,train__c39__user19__6-2-2,39,Take_body_temperature,user19,6-2-2,12,0,1.0,0.4195983799966357,0.4722222222222222,0.4758197827828969,0.3765667535776464,0.6105467070188354,2.0,171.0,0.0,1.0,0.5
2d,train__c39__user19__6-2-3,39,Take_body_temperature,user19,6-2-3,26,0,1.0,0.135194954884188,0.8846153846153846,0.7449943113305899,0.38295389080051206,0.864759434481559,1.0,171.0,1.0,1.0,1.0
25d,train__c39__user19__6-2-3,39,Take_body_temperature,user19,6-2-3,26,0,1.0,0.36637094288715,0.5512820512820513,0.6521586267453695,0.2356632299165917,0.6610957331234095,1.0,171.0,1.0,1.0,1.0
2d,train__c39__user19__7-1-1,39,Take_body_temperature,user19,7-1-1,43,0,0.7771317829457365,0.23054220131063896,0.685785536159601,0.8017953788121176,0.3449813562355211,0.7359483627812302,1.0,171.0,1.0,1.0,1.0
25d,train__c39__user19__7-1-1,39,Take_body_temperature,user19,7-1-1,43,-2,0.7723577235772358,0.40922490132285466,0.3973684210526316,0.7701091437484996,0.09080986708052959,0.5546100583425606,1.0,171.0,1.0,1.0,1.0
2d,train__c39__user19__7-1-2,39,Take_body_temperature,user19,7-1-2,27,0,0.8148148148148148,0.13665048978589686,0.8181818181818182,0.980599938949926,0.6493872592617124,0.8532455198211026,1.0,171.0,1.0,1.0,1.0
25d,train__c39__user19__7-1-2,39,Take_body_temperature,user19,7-1-2,27,0,0.8148148148148148,0.3047152644428102,0.6136363636363636,0.7635276903867629,0.47420911560553647,0.705899934190573,2.0,171.0,0.0,1.0,0.5
2d,train__c39__user19__7-1-3,39,Take_body_temperature,user19,7-1-3,21,0,0.7936507936507936,0.1351885071076893,0.845,0.9737150934873693,0.6438670387907852,0.8647766166231252,1.0,171.0,1.0,1.0,1.0
25d,train__c39__user19__7-1-3,39,Take_body_temperature,user19,7-1-3,21,1,0.7958333333333333,0.3217858543486756,0.6282722513089005,0.9033152471853694,0.2419477948087451,0.7086106808824215,3.0,171.0,0.0,1.0,0.3333333333333333
2d,train__c04__user2__2-2-1,4,Wipe_hands,user2,2-2-1,34,1,0.9166666666666666,0.18071305008507063,0.721763085399449,0.6654834517535035,0.19240897890084155,0.7446153822292771,6.0,153.0,0.0,0.0,0.16666666666666666
25d,train__c04__user2__2-2-1,4,Wipe_hands,user2,2-2-1,34,0,0.9117647058823529,1.0088437126836938,0.3763440860215054,0.5060887893391086,0.1437220204371538,0.5345537483667606,25.0,153.0,0.0,0.0,0.04
2d,train__c04__user2__2-2-2,4,Wipe_hands,user2,2-2-2,37,0,0.990990990990991,0.18372368652890614,0.7431818181818182,0.6363441973190687,0.35119213704226904,0.7728229291091762,6.0,153.0,0.0,0.0,0.16666666666666666
25d,train__c04__user2__2-2-2,4,Wipe_hands,user2,2-2-2,37,0,0.9864864864864865,0.9378157864206941,0.5365296803652968,0.4959023361785483,0.22954665846913566,0.6355462058526019,15.0,153.0,0.0,0.0,0.06666666666666667
2d,train__c04__user2__2-2-3,4,Wipe_hands,user2,2-2-3,8,0,1.0,0.1800234479980302,0.6979166666666666,0.662230352648584,0.5065810345513043,0.7630707795228729,6.0,153.0,0.0,0.0,0.16666666666666666
25d,train__c04__user2__2-2-3,4,Wipe_hands,user2,2-2-3,8,2,0.9861111111111112,0.9998826369541116,0.5070422535211268,0.29070565063312975,0.16558199900259452,0.5939735655362384,11.0,153.0,0.0,0.0,0.09090909090909091
2d,train__c04__user2__7-3-3,4,Wipe_hands,user2,7-3-3,29,0,1.0,0.10745352797800048,0.9683908045977011,0.9773098777704292,0.7101618771684505,0.9586080710934123,1.0,153.0,1.0,1.0,1.0
25d,train__c04__user2__7-3-3,4,Wipe_hands,user2,7-3-3,29,0,0.9626436781609196,0.3263225386007487,0.47761194029850745,0.9251126601830975,0.3609417176551717,0.6535328298227187,1.0,153.0,1.0,1.0,1.0
2d,train__c06__user2__1-2-1,6,Drink_water,user2,1-2-1,30,0,0.6666666666666666,0.1831607196717753,0.7416666666666667,-0.2151132322303245,0.3772212934352852,0.6563636071179473,3.0,153.0,0.0,1.0,0.3333333333333333
25d,train__c06__user2__1-2-1,6,Drink_water,user2,1-2-1,30,0,0.6666666666666666,0.5001665983772118,0.2833333333333333,-0.2924279934920133,0.21739293394050996,0.38456167069633695,2.0,153.0,0.0,1.0,0.5
2d,train__c06__user2__1-2-2,6,Drink_water,user2,1-2-2,24,2,0.6666666666666666,0.18454769385699213,0.7329545454545454,-0.20731301246008813,0.14779104324001258,0.6351446936636588,2.0,153.0,0.0,1.0,0.5
25d,train__c06__user2__1-2-2,6,Drink_water,user2,1-2-2,24,-2,0.6439393939393939,0.3840676386601972,0.34705882352941175,-0.271766532329255,0.21422950270055294,0.41916685180473184,1.0,153.0,1.0,1.0,1.0
2d,train__c06__user2__1-2-3,6,Drink_water,user2,1-2-3,18,0,0.6435185185185185,0.11826935539187314,0.920863309352518,0.9570048368854506,0.3831656657868225,0.8702645806182937,1.0,153.0,1.0,1.0,1.0
25d,train__c06__user2__1-2-3,6,Drink_water,user2,1-2-3,18,0,0.6388888888888888,0.3120883733816893,0.4782608695652174,0.5578425225413302,0.22889996447256866,0.5748841167393342,2.0,153.0,0.0,1.0,0.5
2d,train__c06__user2__2-1-1,6,Drink_water,user2,2-1-1,15,2,0.6666666666666666,0.2735454971411432,0.7596153846153846,0.26442760206370236,0.36977486359776846,0.713631003181331,7.0,153.0,0.0,0.0,0.14285714285714285
25d,train__c06__user2__2-1-1,6,Drink_water,user2,2-1-1,15,1,0.6666666666666666,0.43811186579351835,0.30357142857142855,0.14885678547093795,0.4295637858776511,0.45573391486887005,7.0,153.0,0.0,0.0,0.14285714285714285
2d,train__c06__user2__2-1-2,6,Drink_water,user2,2-1-2,19,1,0.6666666666666666,0.17086050766818253,0.8263888888888888,0.644707691499428,0.07369229254180332,0.7661782466461335,7.0,153.0,0.0,0.0,0.14285714285714285
25d,train__c06__user2__2-1-2,6,Drink_water,user2,2-1-2,19,1,0.6666666666666666,0.39738173667273907,0.5069444444444444,0.3509963196102687,0.2685446644351047,0.5757265929047708,3.0,153.0,0.0,1.0,0.3333333333333333
2d,train__c06__user2__2-1-3,6,Drink_water,user2,2-1-3,19,0,0.6666666666666666,0.18178676634906527,0.8421052631578947,0.09176437560371536,0.16907706390527477,0.7266817787567759,5.0,153.0,0.0,1.0,0.2
25d,train__c06__user2__2-1-3,6,Drink_water,user2,2-1-3,19,-1,0.6666666666666666,0.3650018737997809,0.5069444444444444,0.2148076407964498,0.30767858647746,0.5650427691765656,1.0,153.0,1.0,1.0,1.0
2d,train__c06__user2__2-2-1,6,Drink_water,user2,2-2-1,40,-2,0.9978070175438597,0.20815268627274683,0.7934065934065934,0.2948403539421792,0.2532008135177681,0.7596284245360629,4.0,153.0,0.0,1.0,0.25
25d,train__c06__user2__2-2-1,6,Drink_water,user2,2-2-1,40,0,0.9666666666666667,0.7310012260638922,0.375,0.324654438540458,0.3014169337398978,0.5329883805512048,11.0,153.0,0.0,0.0,0.09090909090909091
2d,train__c06__user2__2-2-2,6,Drink_water,user2,2-2-2,24,-2,1.0,0.24077284136056923,0.5795454545454546,0.7432157102565621,0.5544101078380562,0.7096523291135104,2.0,153.0,0.0,1.0,0.5
25d,train__c06__user2__2-2-2,6,Drink_water,user2,2-2-2,24,-2,1.0,0.7975983289588074,0.32196969696969696,0.6396043203379673,0.34665759002265,0.5420430846188289,1.0,153.0,1.0,1.0,1.0
2d,train__c06__user2__2-2-3,6,Drink_water,user2,2-2-3,16,-1,0.8,0.27014566837538173,0.6319444444444444,0.3132846731543883,0.16490215010074205,0.6462655730174389,1.0,153.0,1.0,1.0,1.0
25d,train__c06__user2__2-2-3,6,Drink_water,user2,2-2-3,16,-1,0.7944444444444444,0.9045496641466332,0.2867132867132867,0.3831038241487776,0.1499170090884405,0.461690910233263,7.0,153.0,0.0,0.0,0.14285714285714285
2d,train__c06__user2__4-2-1,6,Drink_water,user2,4-2-1,14,0,0.6845238095238095,0.12367488170439223,0.9565217391304348,0.9813922957227915,0.510450012790409,0.90596231800568,2.0,153.0,0.0,1.0,0.5
25d,train__c06__user2__4-2-1,6,Drink_water,user2,4-2-1,14,0,0.6845238095238095,0.26459126758888757,0.46956521739130436,0.9894787962419463,0.42919659759985795,0.6328508749617824,2.0,153.0,0.0,1.0,0.5
2d,train__c06__user2__4-2-2,6,Drink_water,user2,4-2-2,9,0,0.6666666666666666,0.2991306181307096,0.75,0.8575283519312169,0.3953304617811905,0.7695692864933777,13.0,153.0,0.0,0.0,0.07692307692307693
25d,train__c06__user2__4-2-2,6,Drink_water,user2,4-2-2,9,0,0.6666666666666666,0.3409240960970279,0.4444444444444444,0.13212401806566,0.3809743512187291,0.5278965892590818,9.0,153.0,0.0,0.0,0.1111111111111111
2d,train__c06__user2__4-2-3,6,Drink_water,user2,4-2-3,10,0,0.6916666666666667,0.2103147936158699,0.7710843373493976,0.6573695429607699,0.2597375042313045,0.7534803193222602,6.0,153.0,0.0,0.0,0.16666666666666666
25d,train__c06__user2__4-2-3,6,Drink_water,user2,4-2-3,10,-1,0.6944444444444444,0.2967081188540386,0.3333333333333333,0.6246078495726838,0.14885795081788294,0.5014029090463874,5.0,153.0,0.0,1.0,0.2
2d,train__c07__user2__1-2-1,7,Eat_food,user2,1-2-1,26,1,0.6666666666666666,0.13981570662144743,0.875,0.5364233414382704,0.2667290728885737,0.7965636812771367,2.0,153.0,0.0,1.0,0.5
25d,train__c07__user2__1-2-1,7,Eat_food,user2,1-2-1,26,1,0.6666666666666666,0.23834098949601645,0.49,0.0984305231476429,0.3037680266851137,0.5437923209828145,3.0,153.0,0.0,1.0,0.3333333333333333
2d,train__c07__user2__2-1-1,7,Eat_food,user2,2-1-1,9,1,0.6666666666666666,0.12128005604607094,0.921875,0.8921239371251508,0.22074058130523078,0.8544658539770741,1.0,153.0,1.0,1.0,1.0
25d,train__c07__user2__2-1-1,7,Eat_food,user2,2-1-1,9,-1,0.6666666666666666,0.2481908741326811,0.5,0.762898926683065,0.40432938966660387,0.6232812635599685,1.0,153.0,1.0,1.0,1.0
2d,train__c07__user2__2-2-1,7,Eat_food,user2,2-2-1,17,2,0.9777777777777777,0.2713044728065142,0.42045454545454547,0.7943780290117324,0.1670287421370464,0.5959927363392296,12.0,153.0,0.0,0.0,0.08333333333333333
25d,train__c07__user2__2-2-1,7,Eat_food,user2,2-2-1,17,2,0.9722222222222222,1.1434659945775731,0.28,0.797102890952187,0.06615809632633511,0.510894368541916,7.0,153.0,0.0,0.0,0.14285714285714285
2d,train__c07__user2__2-2-2,7,Eat_food,user2,2-2-2,18,-1,0.6666666666666666,0.4253627290029993,0.3897058823529412,-0.4404484381881693,0.19584645033603082,0.4266485419171697,63.0,153.0,0.0,0.0,0.015873015873015872
25d,train__c07__user2__2-2-2,7,Eat_food,user2,2-2-2,18,0,0.6296296296296297,0.6701218674421848,0.19117647058823528,-0.44057962868406714,0.33539901860048427,0.324206985313122,56.0,153.0,0.0,0.0,0.017857142857142856
2d,train__c07__user2__2-2-3,7,Eat_food,user2,2-2-3,11,2,0.9629629629629629,0.28980917991134286,0.5288461538461539,0.8403698742629079,0.414925560861472,0.6773180854025821,1.0,153.0,1.0,1.0,1.0
25d,train__c07__user2__2-2-3,7,Eat_food,user2,2-2-3,11,1,0.9666666666666667,0.9140602593135287,0.31896551724137934,0.5568341336002514,0.23852439015955937,0.5206704437714174,1.0,153.0,1.0,1.0,1.0
2d,train__c07__user2__4-2-1,7,Eat_food,user2,4-2-1,9,-1,0.8333333333333334,0.10332446331449963,0.9375,0.996895424497491,0.20192197975111653,0.8887920242644162,1.0,153.0,1.0,1.0,1.0
25d,train__c07__user2__4-2-1,7,Eat_food,user2,4-2-1,9,1,0.8333333333333334,0.18003631120570981,0.7,0.9818612908250525,0.18360772364112918,0.7552900416889233,2.0,153.0,0.0,1.0,0.5
2d,train__c07__user2__4-2-2,7,Eat_food,user2,4-2-2,12,1,0.6666666666666666,0.10986148668653703,0.9772727272727273,0.9925685648948255,0.44385422281306114,0.9117125898671289,1.0,153.0,1.0,1.0,1.0
25d,train__c07__user2__4-2-2,7,Eat_food,user2,4-2-2,12,1,0.6666666666666666,0.4321362567963005,0.4431818181818182,0.9869581607439123,0.5651144303227191,0.6264960650152618,1.0,153.0,1.0,1.0,1.0
2d,train__c07__user2__7-2-1,7,Eat_food,user2,7-2-1,15,0,0.6666666666666666,0.07895555861376063,1.0,0.9912636372636546,0.5686144260918253,0.933439112349919,1.0,153.0,1.0,1.0,1.0
25d,train__c07__user2__7-2-1,7,Eat_food,user2,7-2-1,15,0,0.6666666666666666,0.15898391001979525,0.725,0.9945128080895539,0.45440281612508054,0.7739481586850031,1.0,153.0,1.0,1.0,1.0
2d,train__c07__user2__7-2-2,7,Eat_food,user2,7-2-2,8,1,0.6666666666666666,0.14056260195166104,0.875,0.8995812508465543,0.029662572477524525,0.8150994846871366,1.0,153.0,1.0,1.0,1.0
25d,train__c07__user2__7-2-2,7,Eat_food,user2,7-2-2,8,-2,0.6666666666666666,0.2973405676517658,0.3958333333333333,0.9060107838159143,0.0811626517568112,0.5560632772633523,1.0,153.0,1.0,1.0,1.0
2d,train__c07__user2__7-2-3,7,Eat_food,user2,7-2-3,14,0,0.7261904761904762,0.14032330127100445,0.9098360655737705,0.965425477735216,0.21265863309114444,0.8605208289399788,1.0,153.0,1.0,1.0,1.0
25d,train__c07__user2__7-2-3,7,Eat_food,user2,7-2-3,14,-1,0.7243589743589743,0.2336725468304464,0.4690265486725664,0.988097942601321,0.2458613018272182,0.6226498911029824,1.0,153.0,1.0,1.0,1.0
2d,train__c08__user2__1-2-1,8,Take_and_use_tableware,user2,1-2-1,32,-1,0.6666666666666666,0.12775006017860926,0.9153225806451613,-0.12579092814712278,0.3101065265247037,0.7557729826961459,1.0,153.0,1.0,1.0,1.0
25d,train__c08__user2__1-2-1,8,Take_and_use_tableware,user2,1-2-1,32,0,0.6666666666666666,0.25870130298447697,0.46484375,-0.6579664323266333,0.23810533515760954,0.44939198607082403,2.0,153.0,0.0,1.0,0.5
2d,train__c08__user2__1-2-2,8,Take_and_use_tableware,user2,1-2-2,30,0,0.6611111111111111,0.11252905487800953,0.9705882352941176,0.8425041974827134,0.3377232329146982,0.8845143027397496,1.0,153.0,1.0,1.0,1.0
25d,train__c08__user2__1-2-2,8,Take_and_use_tableware,user2,1-2-2,30,0,0.6611111111111111,0.241332552620411,0.37815126050420167,0.8139820171638368,0.33271307577911047,0.555445986788239,3.0,153.0,0.0,1.0,0.3333333333333333
2d,train__c08__user2__1-2-3,8,Take_and_use_tableware,user2,1-2-3,21,2,0.6666666666666666,0.08458618735273207,0.993421052631579,0.08558434003306964,0.20998254817596196,0.8123553707305393,1.0,153.0,1.0,1.0,1.0
25d,train__c08__user2__1-2-3,8,Take_and_use_tableware,user2,1-2-3,21,2,0.6666666666666666,0.23160638325775632,0.4934210526315789,0.46834431719180236,0.041629492480033344,0.5630048892692179,1.0,153.0,1.0,1.0,1.0
2d,train__c08__user2__2-1-1,8,Take_and_use_tableware,user2,2-1-1,40,-2,0.6666666666666666,0.10586448043449641,0.944078947368421,0.9119628077946108,0.2604943347457789,0.8716434436046927,1.0,153.0,1.0,1.0,1.0
25d,train__c08__user2__2-1-1,8,Take_and_use_tableware,user2,2-1-1,40,-1,0.6666666666666666,0.4502145347458715,0.4935897435897436,0.776297139678543,0.2586114776936046,0.6101666004359003,1.0,153.0,1.0,1.0,1.0
2d,train__c08__user2__2-1-2,8,Take_and_use_tableware,user2,2-1-2,80,0,0.6666666666666666,0.13232049524031436,0.9203125,0.8284206864028683,0.45025429189187177,0.8644496821988439,1.0,153.0,1.0,1.0,1.0
25d,train__c08__user2__2-1-2,8,Take_and_use_tableware,user2,2-1-2,80,2,0.6655982905982906,0.3977663729477558,0.5184590690208668,0.6079545058719822,0.18476699770708482,0.6013652924365354,1.0,153.0,1.0,1.0,1.0
2d,train__c08__user2__2-1-3,8,Take_and_use_tableware,user2,2-1-3,40,0,0.66875,0.1566975689722529,0.8411214953271028,0.5688910524155781,0.4322658141692335,0.7938008637341569,1.0,153.0,1.0,1.0,1.0
25d,train__c08__user2__2-1-3,8,Take_and_use_tableware,user2,2-1-3,40,0,0.66875,0.3536451699351676,0.48286604361370716,0.5874743403604229,0.3452725347028369,0.592094198126294,2.0,153.0,0.0,1.0,0.5
2d,train__c08__user2__2-2-1,8,Take_and_use_tableware,user2,2-2-1,58,-1,0.8625730994152047,0.30313628657705105,0.42542372881355933,0.22920617620972925,0.07974567141649468,0.5241419037661881,27.0,153.0,0.0,0.0,0.037037037037037035
25d,train__c08__user2__2-2-1,8,Take_and_use_tableware,user2,2-2-1,58,-1,0.8625730994152047,0.9070980325554189,0.15254237288135594,0.15386292376922833,0.17512896448817306,0.37367657973980206,24.0,153.0,0.0,0.0,0.041666666666666664
2d,train__c08__user2__2-2-2,8,Take_and_use_tableware,user2,2-2-2,57,1,0.9880952380952381,0.22414226570938964,0.6069277108433735,0.18876092059197624,0.3505445486527083,0.65278669798153,1.0,153.0,1.0,1.0,1.0
25d,train__c08__user2__2-2-2,8,Take_and_use_tableware,user2,2-2-2,57,2,0.9803030303030303,0.6468469197180815,0.250386398763524,-0.06725096824406784,0.2128505067170018,0.41998151352960955,6.0,153.0,0.0,0.0,0.16666666666666666
2d,train__c08__user2__2-2-3,8,Take_and_use_tableware,user2,2-2-3,27,0,0.8024691358024691,0.28744512333925787,0.5076923076923077,0.09235048535251861,0.11364393386070804,0.552236026385821,17.0,153.0,0.0,0.0,0.058823529411764705
25d,train__c08__user2__2-2-3,8,Take_and_use_tableware,user2,2-2-3,27,0,0.8024691358024691,0.922773487194976,0.2923076923076923,-0.0874269444889838,0.003933769518482719,0.4075684826144656,27.0,153.0,0.0,0.0,0.037037037037037035
2d,train__c08__user2__4-2-1,8,Take_and_use_tableware,user2,4-2-1,78,0,0.7329059829059829,0.10545565870161698,0.9081632653061225,0.8708468450487308,0.6029280822141346,0.8800846848798989,1.0,153.0,1.0,1.0,1.0
25d,train__c08__user2__4-2-1,8,Take_and_use_tableware,user2,4-2-1,78,0,0.7329059829059829,0.33661169915968575,0.5102040816326531,0.8213376707546803,0.44561322296566175,0.6444576019864501,1.0,153.0,1.0,1.0,1.0
2d,train__c08__user2__4-2-2,8,Take_and_use_tableware,user2,4-2-2,80,0,0.7166666666666667,0.10931082905973746,0.9375,0.8563892612428353,0.3660168977454552,0.8753818601218594,1.0,153.0,1.0,1.0,1.0
25d,train__c08__user2__4-2-2,8,Take_and_use_tableware,user2,4-2-2,80,-1,0.7172995780590717,0.35019391873000366,0.4632352941176471,0.8045463960259397,0.3120929150243146,0.6053709778000307,1.0,153.0,1.0,1.0,1.0
2d,train__c08__user2__4-2-3,8,Take_and_use_tableware,user2,4-2-3,53,0,0.7311320754716981,0.11979765777402308,0.9075268817204301,0.7349936609178842,0.5101125005516522,0.8590107961265686,1.0,153.0,1.0,1.0,1.0
25d,train__c08__user2__4-2-3,8,Take_and_use_tableware,user2,4-2-3,53,0,0.7311320754716981,0.3141368702168561,0.4817204301075269,0.7119975793526561,0.4387381644979553,0.6171645643789219,1.0,153.0,1.0,1.0,1.0
2d,train__c09__user2__2-1-1,9,Pour_drinks,user2,2-1-1,58,-1,0.6637426900584795,0.13121106565478113,0.8766519823788547,-0.5752665806851983,0.34125043758639323,0.6915999840646777,2.0,153.0,0.0,1.0,0.5
25d,train__c09__user2__2-1-1,9,Pour_drinks,user2,2-1-1,58,0,0.6637931034482759,0.20548095836937114,0.5497835497835498,-0.01177418553853523,0.3081010391673062,0.5656904221094745,2.0,153.0,0.0,1.0,0.5
2d,train__c09__user2__2-1-2,9,Pour_drinks,user2,2-1-2,59,0,0.6680790960451978,0.10253444333263204,0.9217758985200846,0.765670326433869,0.3848410224555613,0.8542147631181203,1.0,153.0,1.0,1.0,1.0
25d,train__c09__user2__2-1-2,9,Pour_drinks,user2,2-1-2,59,-1,0.6681034482758621,0.24023296975554526,0.5548387096774193,0.6173510140428332,0.1979494164338033,0.6235529427869855,1.0,153.0,1.0,1.0,1.0
2d,train__c09__user2__2-1-3,9,Pour_drinks,user2,2-1-3,25,0,0.6666666666666666,0.1175528382320986,0.99,0.9222362996222901,0.5010087757008311,0.915965954806458,1.0,153.0,1.0,1.0,1.0
25d,train__c09__user2__2-1-3,9,Pour_drinks,user2,2-1-3,25,0,0.6666666666666666,0.24030231234861096,0.425,0.5613834589536687,0.4919274792700812,0.5684495735072896,3.0,153.0,0.0,1.0,0.3333333333333333
2d,train__c09__user2__6-1-1,9,Pour_drinks,user2,6-1-1,50,-2,1.0,0.26417615289588925,0.3385416666666667,0.9760950493477974,0.3673845454832588,0.5863612625126908,2.0,153.0,0.0,1.0,0.5
25d,train__c09__user2__6-1-1,9,Pour_drinks,user2,6-1-1,50,2,0.9756944444444444,1.5295759768919268,0.1708185053380783,0.638384612782304,0.20756459010164932,0.4459254279162416,3.0,153.0,0.0,1.0,0.3333333333333333
2d,train__c10__user2__6-1-1,10,Stir_drinks,user2,6-1-1,45,2,1.0,0.28607914974616505,0.2868217054263566,0.9913651899718897,0.10356931126048653,0.5396561553262216,1.0,153.0,1.0,1.0,1.0
25d,train__c10__user2__6-1-1,10,Stir_drinks,user2,6-1-1,45,-1,0.9318181818181818,0.859235396198898,0.17886178861788618,0.7926282299550751,0.16486510995699158,0.45818350816393755,1.0,153.0,1.0,1.0,1.0
2d,train__c10__user2__6-1-2,10,Stir_drinks,user2,6-1-2,14,0,1.0,0.2754862703267027,0.3333333333333333,0.9873064153145913,0.19641810226812895,0.5717953325349021,1.0,153.0,1.0,1.0,1.0
25d,train__c10__user2__6-1-2,10,Stir_drinks,user2,6-1-2,14,-2,0.9930555555555556,1.428007300278705,0.16783216783216784,0.7449572290735904,0.072521417006782,0.44654807704611554,1.0,153.0,1.0,1.0,1.0
2d,train__c11__user2__5-2-1,11,Peel_fruits,user2,5-2-1,103,0,0.7702265372168284,0.09920625352621468,0.930672268907563,0.981641183849922,0.41212249058676864,0.8929657067998424,1.0,153.0,1.0,1.0,1.0
25d,train__c11__user2__5-2-1,11,Peel_fruits,user2,5-2-1,103,0,0.7669902912621359,0.1808293614697938,0.7521097046413502,0.9661871532509194,0.3845948046950123,0.7908226923561741,1.0,153.0,1.0,1.0,1.0
2d,train__c11__user2__5-2-2,11,Peel_fruits,user2,5-2-2,33,1,0.734375,0.10225198865316205,0.9397163120567376,0.9795426315942113,0.22171287581124505,0.8798642004764702,1.0,153.0,1.0,1.0,1.0
25d,train__c11__user2__5-2-2,11,Peel_fruits,user2,5-2-2,33,-1,0.7317708333333334,0.17636407361469533,0.6405693950177936,0.9853906931360932,0.2652106074544347,0.7189201154658118,1.0,153.0,1.0,1.0,1.0
2d,train__c11__user2__5-2-3,11,Peel_fruits,user2,5-2-3,18,0,0.7037037037037037,0.1325628908902986,0.8947368421052632,0.9036655693844434,0.573146342424003,0.8708281661485098,1.0,153.0,1.0,1.0,1.0
25d,train__c11__user2__5-2-3,11,Peel_fruits,user2,5-2-3,18,0,0.7037037037037037,0.22124324473525514,0.506578947368421,0.8865245429946148,0.497739536490056,0.6499717109592177,1.0,153.0,1.0,1.0,1.0
2d,train__c11__user2__7-2-1,11,Peel_fruits,user2,7-2-1,50,0,0.7116666666666667,0.11399088423908792,0.8946135831381733,0.9722037983670152,0.22749911690282928,0.8524869509970757,2.0,153.0,0.0,1.0,0.5
25d,train__c11__user2__7-2-1,11,Peel_fruits,user2,7-2-1,50,0,0.71,0.22194902630318994,0.48826291079812206,0.9782764659661993,0.2088713284837346,0.6280375971718671,2.0,153.0,0.0,1.0,0.5
2d,train__c11__user2__7-2-2,11,Peel_fruits,user2,7-2-2,17,0,0.7009803921568627,0.10685320950537378,0.958041958041958,0.9720691825892464,0.19398229387587237,0.8837767064383782,1.0,153.0,1.0,1.0,1.0
25d,train__c11__user2__7-2-2,11,Peel_fruits,user2,7-2-2,17,-2,0.7,0.2537812208885485,0.5317460317460317,0.982305342760521,0.138211568872132,0.6460567194017794,1.0,153.0,1.0,1.0,1.0
2d,train__c12__user2__3-1-2,12,Sweep_the_floor,user2,3-1-2,90,0,0.7564814814814815,0.10418491208378007,0.9583843329253366,0.7019095903518158,0.23795061121638975,0.8657967861334942,1.0,153.0,1.0,1.0,1.0
25d,train__c12__user2__3-1-2,12,Sweep_the_floor,user2,3-1-2,90,0,0.7537037037037037,0.2341673924659423,0.5491400491400491,0.5047538344948669,0.24588404596961883,0.6213140842946054,1.0,153.0,1.0,1.0,1.0
2d,train__c12__user2__3-1-3,12,Sweep_the_floor,user2,3-1-3,54,0,0.7901234567901234,0.10668774306961679,0.947265625,0.8810700788099405,0.5168891332574495,0.9018821323043151,1.0,153.0,1.0,1.0,1.0
25d,train__c12__user2__3-1-3,12,Sweep_the_floor,user2,3-1-3,54,0,0.7901234567901234,0.3085068556150944,0.388671875,0.6831993334420614,0.39410198233364324,0.5656594589482418,1.0,153.0,1.0,1.0,1.0
2d,train__c13__user2__3-1-2,13,Mop_the_floor,user2,3-1-2,16,0,0.8333333333333334,0.13257568488096663,0.86875,0.9299640038963176,0.17686219696936684,0.8424068984956677,1.0,153.0,1.0,1.0,1.0
25d,train__c13__user2__3-1-2,13,Mop_the_floor,user2,3-1-2,16,-1,0.8333333333333334,0.31468069998185155,0.43333333333333335,0.8942582044064045,0.08245327063914623,0.5922764824052432,1.0,153.0,1.0,1.0,1.0
2d,train__c13__user2__3-1-3,13,Mop_the_floor,user2,3-1-3,20,0,0.7625,0.1259030724342112,0.912568306010929,0.8877791405224648,0.21829471785428725,0.8583125861973291,1.0,153.0,1.0,1.0,1.0
25d,train__c13__user2__3-1-3,13,Mop_the_floor,user2,3-1-3,20,-1,0.7149122807017544,0.22660744255022242,0.558282208588957,0.651110836620661,0.2705406395216329,0.6389480744202904,1.0,153.0,1.0,1.0,1.0
2d,train__c18__user2__4-1-2,18,Write,user2,4-1-2,43,-2,0.774390243902439,0.19650530723777576,0.868766404199475,0.5692752455397276,0.14845246444676344,0.7983220060874352,1.0,153.0,1.0,1.0,1.0
25d,train__c18__user2__4-1-2,18,Write,user2,4-1-2,43,0,0.7693798449612403,0.39752857692019716,0.32997481108312343,-0.06934103543982838,0.1812546298710648,0.44008412428818894,1.0,153.0,1.0,1.0,1.0
2d,train__c18__user2__4-1-3,18,Write,user2,4-1-3,18,-2,1.0,0.24467000778221099,0.609375,0.0029275639782676507,0.5654881417956479,0.6528606170325003,1.0,153.0,1.0,1.0,1.0
25d,train__c18__user2__4-1-3,18,Write,user2,4-1-3,18,-2,1.0,0.542275557151174,0.21354166666666666,-0.3957632824187572,0.4121259175564114,0.3837810322415218,26.0,153.0,0.0,0.0,0.038461538461538464
2d,train__c18__user2__4-3-1,18,Write,user2,4-3-1,27,-2,0.7433333333333333,0.3799836686605008,0.35874439461883406,0.24049160621889798,0.001925450824430748,0.47083631980741425,3.0,153.0,0.0,1.0,0.3333333333333333
25d,train__c18__user2__4-3-1,18,Write,user2,4-3-1,27,0,0.7253086419753086,0.4450186082254757,0.1829787234042553,0.37838078073646136,-0.04382684216548053,0.3827202269811064,3.0,153.0,0.0,1.0,0.3333333333333333
2d,train__c18__user2__4-3-2,18,Write,user2,4-3-2,33,-2,0.3736559139784946,0.3029513328308189,0.2949640287769784,0.7324581490664606,0.07576320317045111,0.4535238623696175,5.0,153.0,0.0,1.0,0.2
25d,train__c18__user2__4-3-2,18,Write,user2,4-3-2,33,-2,0.3709677419354839,1.2705092460156524,0.16666666666666666,0.5646582419694172,0.24883376614610142,0.3788917975181144,1.0,153.0,1.0,1.0,1.0
2d,train__c18__user2__4-3-3,18,Write,user2,4-3-3,27,1,0.07692307692307693,0.5470149363945619,0.25,0.3859001239102418,,0.3587823200833319,,,,,
25d,train__c18__user2__4-3-3,18,Write,user2,4-3-3,27,2,0.08,0.7970231427344174,0.0,0.3047538470385189,,0.2134753847038519,,,,,
2d,train__c19__user2__4-1-1,19,Make_a_phone_call,user2,4-1-1,31,0,0.967741935483871,0.17111070681857266,0.6777777777777778,0.9385263397472632,0.36042241694649263,0.7654362865718782,2.0,153.0,0.0,1.0,0.5
25d,train__c19__user2__4-1-1,19,Make_a_phone_call,user2,4-1-1,31,1,0.9638888888888889,1.3234270376161945,0.2334293948126801,0.8615842170399395,0.3148648587007221,0.5095483421424111,1.0,153.0,1.0,1.0,1.0
2d,train__c19__user2__4-1-2,19,Make_a_phone_call,user2,4-1-2,19,-1,1.0,0.1430766201276959,0.8796296296296297,0.9628866556560663,0.1331726851440624,0.8650729132477076,1.0,153.0,1.0,1.0,1.0
25d,train__c19__user2__4-1-2,19,Make_a_phone_call,user2,4-1-2,19,0,0.9868421052631579,1.2812676228595463,0.4488888888888889,0.585704176957591,0.18791107049313058,0.5932368473979486,5.0,153.0,0.0,1.0,0.2
2d,train__c19__user2__4-1-3,19,Make_a_phone_call,user2,4-1-3,15,0,1.0,0.18373111958754867,0.6833333333333333,0.8582564626643734,0.38594126676459334,0.7656045746071152,3.0,153.0,0.0,1.0,0.3333333333333333
25d,train__c19__user2__4-1-3,19,Make_a_phone_call,user2,4-1-3,15,0,1.0,1.3083321137796673,0.3333333333333333,0.3346078053434584,0.361125143147039,0.5188784996037071,24.0,153.0,0.0,0.0,0.041666666666666664
2d,train__c21__user2__3-2-3,21,Read_documents,user2,3-2-3,15,-2,1.0,0.21318150434812394,0.6987179487179487,0.09330254497084876,0.3463024428686354,0.6945978095071044,1.0,153.0,1.0,1.0,1.0
25d,train__c21__user2__3-2-3,21,Read_documents,user2,3-2-3,15,0,0.9944444444444445,0.37816115491631824,0.48044692737430167,-0.2436528190659497,0.45774258726880857,0.5486556666388761,1.0,153.0,1.0,1.0,1.0
2d,train__c22__user2__3-2-2,22,Turn_pages,user2,3-2-2,22,0,0.9431818181818182,0.22196205130575647,0.6666666666666666,0.2912062052057544,0.08067468054487291,0.6711560700462895,1.0,153.0,1.0,1.0,1.0
25d,train__c22__user2__3-2-2,22,Turn_pages,user2,3-2-2,22,0,0.9431818181818182,0.31936930194377605,0.42168674698795183,0.40282488993254173,0.08455512470152483,0.5478700160074239,1.0,153.0,1.0,1.0,1.0
2d,train__c22__user2__3-2-3,22,Turn_pages,user2,3-2-3,37,0,1.0,0.19993387143732277,0.7364864864864865,0.2854977043373436,0.22928547850767808,0.7258137488893778,1.0,153.0,1.0,1.0,1.0
25d,train__c22__user2__3-2-3,22,Turn_pages,user2,3-2-3,37,0,0.9954954954954955,0.4949680256069405,0.4751131221719457,-0.0007919185885650915,0.320391941217607,0.5598119704765837,2.0,153.0,0.0,1.0,0.5
2d,train__c23__user2__6-1-2,23,Listen_to_music_with_headphones,user2,6-1-2,30,0,0.9277777777777778,0.182303448360166,0.7604790419161677,0.7019343264022277,0.38342907448727764,0.7849918640584388,1.0,153.0,1.0,1.0,1.0
25d,train__c23__user2__6-1-2,23,Listen_to_music_with_headphones,user2,6-1-2,30,0,0.8916666666666667,0.48518327066082584,0.48598130841121495,0.36928238025442417,0.3346056572800597,0.5934800486142817,1.0,153.0,1.0,1.0,1.0
2d,train__c23__user2__7-3-1,23,Listen_to_music_with_headphones,user2,7-3-1,34,-2,0.9453125,0.18086154169896485,0.721763085399449,0.8361976621259317,0.26455903248932844,0.7699626406189897,1.0,153.0,1.0,1.0,1.0
25d,train__c23__user2__7-3-1,23,Listen_to_music_with_headphones,user2,7-3-1,34,-1,0.946969696969697,0.5351151966215586,0.4106666666666667,0.6868490404049268,0.15454628313283622,0.5758395116390919,7.0,153.0,0.0,0.0,0.14285714285714285
2d,train__c23__user2__7-3-2,23,Listen_to_music_with_headphones,user2,7-3-2,35,1,0.8921568627450981,0.23973743536796835,0.6456043956043956,0.4414657847484758,0.293619739496836,0.6854661627940377,2.0,153.0,0.0,1.0,0.5
25d,train__c23__user2__7-3-2,23,Listen_to_music_with_headphones,user2,7-3-2,35,1,0.8921568627450981,0.465167203364855,0.42857142857142855,0.3489431948430219,0.12016637003494124,0.5438367692257183,10.0,153.0,0.0,0.0,0.1
2d,train__c23__user2__7-3-3,23,Listen_to_music_with_headphones,user2,7-3-3,13,0,0.7756410256410257,0.20972490670983493,0.7603305785123967,0.6967238817973316,0.49188541930047247,0.7773097153731894,2.0,153.0,0.0,1.0,0.5
25d,train__c23__user2__7-3-3,23,Listen_to_music_with_headphones,user2,7-3-3,13,1,0.7708333333333334,0.4419566683091764,0.4594594594594595,0.5673893147319823,0.22723147069106192,0.5785673278110639,1.0,153.0,1.0,1.0,1.0
2d,train__c24__user2__6-1-1,24,Use_a_mobile_phone,user2,6-1-1,41,-1,0.925,0.3055053011009889,0.49099099099099097,0.24275723765235233,0.039234643551970705,0.5647633670766782,3.0,153.0,0.0,1.0,0.3333333333333333
25d,train__c24__user2__6-1-1,24,Use_a_mobile_phone,user2,6-1-1,41,0,0.926829268292683,0.3984378092450654,0.2719298245614035,0.15840260156997193,0.17385088850846905,0.44612340713317267,5.0,153.0,0.0,1.0,0.2
2d,train__c24__user2__6-1-2,24,Use_a_mobile_phone,user2,6-1-2,11,1,1.0,0.16463991643592538,0.8666666666666667,0.8536093748069502,0.15608109109752852,0.8487336859796765,1.0,153.0,1.0,1.0,1.0
25d,train__c24__user2__6-1-2,24,Use_a_mobile_phone,user2,6-1-2,11,0,1.0,0.45241102319328874,0.5151515151515151,0.27364432446144565,0.3319496665363229,0.6105939907697021,1.0,153.0,1.0,1.0,1.0
2d,train__c24__user2__7-3-1,24,Use_a_mobile_phone,user2,7-3-1,21,0,0.3968253968253968,0.19934909677829135,0.71,0.5067498850573624,0.25637951948631643,0.6750859921497496,7.0,153.0,0.0,0.0,0.14285714285714285
25d,train__c24__user2__7-3-1,24,Use_a_mobile_phone,user2,7-3-1,21,0,0.3968253968253968,0.815244588927838,0.49,0.570942581629697,0.2914235950406544,0.5631335674735585,3.0,153.0,0.0,1.0,0.3333333333333333
2d,train__c24__user2__7-3-2,24,Use_a_mobile_phone,user2,7-3-2,12,-1,0.9696969696969697,0.2765603112888024,0.671875,0.5488239450336752,0.305917994743759,0.7193271910788466,17.0,153.0,0.0,0.0,0.058823529411764705
25d,train__c24__user2__7-3-2,24,Use_a_mobile_phone,user2,7-3-2,12,0,0.9722222222222222,0.4177662951683065,0.42142857142857143,0.38198715558195695,0.34571193221641944,0.5681350469823637,10.0,153.0,0.0,0.0,0.1
2d,train__c24__user2__7-3-3,24,Use_a_mobile_phone,user2,7-3-3,16,2,0.7738095238095238,0.21143078157614592,0.6692307692307692,0.39716668086114676,0.40602623881715694,0.690626511455277,2.0,153.0,0.0,1.0,0.5
25d,train__c24__user2__7-3-3,24,Use_a_mobile_phone,user2,7-3-3,16,2,0.7738095238095238,0.3584658508892165,0.38461538461538464,0.11207464336825425,0.39929795230843235,0.5050742246793718,6.0,153.0,0.0,0.0,0.16666666666666666
2d,train__c28__user2__5-1-1,28,Jog_in_place,user2,5-1-1,97,0,1.0,0.09153380970225507,0.9879725085910653,0.8573254549473928,0.3126820427398758,0.9275685784253159,1.0,153.0,1.0,1.0,1.0
25d,train__c28__user2__5-1-1,28,Jog_in_place,user2,5-1-1,97,1,0.9826388888888888,0.40179460898568503,0.3321554770318021,0.7800232727721866,0.12393592750424924,0.5432469230964174,1.0,153.0,1.0,1.0,1.0
2d,train__c28__user2__5-1-2,28,Jog_in_place,user2,5-1-2,85,0,1.0,0.0929856673700246,0.9872549019607844,0.8636712342767298,0.2977099474175937,0.926685565562424,1.0,153.0,1.0,1.0,1.0
25d,train__c28__user2__5-1-2,28,Jog_in_place,user2,5-1-2,85,0,0.9950980392156863,0.38324039220602996,0.48472906403940885,0.8380226950728731,0.2836546322928894,0.6461871560724975,1.0,153.0,1.0,1.0,1.0
2d,train__c28__user2__5-1-3,28,Jog_in_place,user2,5-1-3,76,0,1.0,0.10638525903542416,0.9725877192982456,0.8634476098363325,0.48680578234750604,0.9327784402737314,1.0,153.0,1.0,1.0,1.0
25d,train__c28__user2__5-1-3,28,Jog_in_place,user2,5-1-3,76,0,0.9791666666666666,0.48076178927707974,0.45576707726763716,0.8770071787470363,0.22393631510533632,0.628084500671471,1.0,153.0,1.0,1.0,1.0
2d,train__c28__user2__6-1-1,28,Jog_in_place,user2,6-1-1,42,0,1.0,0.09174852186101569,0.9920634920634921,0.9352467556769534,0.37369229252345026,0.9421865181418748,1.0,153.0,1.0,1.0,1.0
25d,train__c28__user2__6-1-1,28,Jog_in_place,user2,6-1-1,42,1,0.9959349593495935,0.44527936484968134,0.45714285714285713,0.8913876743068888,0.08029846785378206,0.6211832198832534,4.0,153.0,0.0,1.0,0.25
2d,train__c28__user2__6-1-2,28,Jog_in_place,user2,6-1-2,43,0,1.0,0.11195432364737763,0.9515503875968992,0.8444234379058105,0.2916456886214362,0.9046684836154835,1.0,153.0,1.0,1.0,1.0
25d,train__c28__user2__6-1-2,28,Jog_in_place,user2,6-1-2,43,0,0.9941860465116279,0.48897337442533034,0.4015594541910331,0.812322077435244,0.14136783762940655,0.5871111000219609,1.0,153.0,1.0,1.0,1.0
2d,train__c29__user2__2-2-1,29,Do_squats,user2,2-2-1,61,0,0.9836065573770492,0.16747335467946622,0.8305555555555556,0.9367701456848571,0.37703610205645327,0.8521209335159802,1.0,153.0,1.0,1.0,1.0
25d,train__c29__user2__2-2-1,29,Do_squats,user2,2-2-1,61,0,0.9166666666666666,0.36135700916023206,0.5350223546944859,0.8404824528820114,0.36054886683254367,0.6720183720492758,1.0,153.0,1.0,1.0,1.0
2d,train__c29__user2__2-2-2,29,Do_squats,user2,2-2-2,69,0,0.9891304347826086,0.20711780674064276,0.778998778998779,0.8940610658891943,0.2135622019116731,0.8077856436598844,1.0,153.0,1.0,1.0,1.0
25d,train__c29__user2__2-2-2,29,Do_squats,user2,2-2-2,69,-2,0.9477611940298507,0.6064190647453035,0.23622047244094488,0.40178954489926066,0.0786060985989749,0.445771791130354,1.0,153.0,1.0,1.0,1.0
2d,train__c29__user2__2-2-3,29,Do_squats,user2,2-2-3,42,0,0.873015873015873,0.2691023395417683,0.65,0.7713378696524221,0.35015563535793315,0.7231970469186745,1.0,153.0,1.0,1.0,1.0
25d,train__c29__user2__2-2-3,29,Do_squats,user2,2-2-3,42,0,0.8511904761904762,0.7484739489637571,0.32167832167832167,0.39536341609383646,0.2247426554904942,0.4934341653132952,2.0,153.0,0.0,1.0,0.5
2d,train__c29__user2__5-1-1,29,Do_squats,user2,5-1-1,77,0,1.0,0.16211371738644587,0.8885281385281385,0.5176873816405725,0.28563694469062745,0.8368819852063305,1.0,153.0,1.0,1.0,1.0
25d,train__c29__user2__5-1-1,29,Do_squats,user2,5-1-1,77,-1,0.9692982456140351,0.3854131773494848,0.38687782805429866,0.6846644397646371,0.045985893754507574,0.5566280159993195,1.0,153.0,1.0,1.0,1.0
2d,train__c29__user2__5-1-2,29,Do_squats,user2,5-1-2,62,0,1.0,0.16047816503070525,0.8521505376344086,0.5451855204319259,0.2358896385873609,0.8158930706361694,1.0,153.0,1.0,1.0,1.0
25d,train__c29__user2__5-1-2,29,Do_squats,user2,5-1-2,62,0,0.9919354838709677,0.4681546027943988,0.3509485094850949,0.8160754731070421,0.18624064728493006,0.562790824460973,2.0,153.0,0.0,1.0,0.5
2d,train__c29__user2__5-1-3,29,Do_squats,user2,5-1-3,39,0,1.0,0.1721936366988806,0.8247863247863247,0.6911256361317435,0.3106244540900522,0.8210418763024069,1.0,153.0,1.0,1.0,1.0
25d,train__c29__user2__5-1-3,29,Do_squats,user2,5-1-3,39,0,0.9957264957264957,0.5246461870741104,0.34549356223175964,0.5923940566169416,-0.03373189603973068,0.5213036222588318,1.0,153.0,1.0,1.0,1.0
2d,train__c30__user2__5-1-1,30,Do_jumping_jacks,user2,5-1-1,61,0,1.0,0.16091218317418463,0.8770491803278688,0.3935443895736838,0.29428190145752137,0.8188026307470103,1.0,153.0,1.0,1.0,1.0
25d,train__c30__user2__5-1-1,30,Do_jumping_jacks,user2,5-1-1,61,0,0.9863387978142076,0.6102139872047085,0.2451523545706371,0.42241993526606564,0.04819086748984968,0.45432398338361646,1.0,153.0,1.0,1.0,1.0
2d,train__c30__user2__5-1-2,30,Do_jumping_jacks,user2,5-1-2,36,0,1.0,0.18894651515773467,0.8564814814814815,0.5166756450803922,0.3635222738240169,0.8249965498596553,1.0,153.0,1.0,1.0,1.0
25d,train__c30__user2__5-1-2,30,Do_jumping_jacks,user2,5-1-2,36,0,0.9745370370370371,0.6296331208945883,0.3515439429928741,0.4229957708220218,0.1879346585798163,0.5221975488254729,1.0,153.0,1.0,1.0,1.0
2d,train__c30__user2__5-1-3,30,Do_jumping_jacks,user2,5-1-3,46,0,1.0,0.13793141111063215,0.8913043478260869,0.8574523312764442,0.4662809808434571,0.8859336979952516,1.0,153.0,1.0,1.0,1.0
25d,train__c30__user2__5-1-3,30,Do_jumping_jacks,user2,5-1-3,46,0,0.9692028985507246,0.5631247370913038,0.37570093457943926,0.6162132860747901,0.02853931821743834,0.542317581347551,1.0,153.0,1.0,1.0,1.0
2d,train__c30__user2__6-1-1,30,Do_jumping_jacks,user2,6-1-1,55,0,1.0,0.1348913638153232,0.9015151515151515,0.5694071053249573,0.3844867066528482,0.8566105468647927,1.0,153.0,1.0,1.0,1.0
25d,train__c30__user2__6-1-1,30,Do_jumping_jacks,user2,6-1-1,55,0,0.9590909090909091,0.5693664508806008,0.3696682464454976,0.44700179087352515,0.005265248130922153,0.5193216991512863,1.0,153.0,1.0,1.0,1.0
2d,train__c30__user2__6-1-2,30,Do_jumping_jacks,user2,6-1-2,45,0,1.0,0.14523602060388344,0.8592592592592593,0.6537986121673076,0.3654788777957701,0.8403833696440062,1.0,153.0,1.0,1.0,1.0
25d,train__c30__user2__6-1-2,30,Do_jumping_jacks,user2,6-1-2,45,0,0.9629629629629629,0.5134327138002807,0.35192307692307695,0.351671434492655,0.09523317588608023,0.5071636202447102,1.0,153.0,1.0,1.0,1.0
2d,train__c31__user2__1-2-1,31,Do_stretching_exercises,user2,1-2-1,21,0,0.6666666666666666,0.1702057821469048,0.8392857142857143,0.3188566212301834,0.33166313609797493,0.760034206854176,1.0,153.0,1.0,1.0,1.0
25d,train__c31__user2__1-2-1,31,Do_stretching_exercises,user2,1-2-1,21,0,0.6666666666666666,0.39295992785593387,0.4226190476190476,0.13709210549534281,0.31988536510400534,0.5118077557894776,1.0,153.0,1.0,1.0,1.0
2d,train__c31__user2__1-2-2,31,Do_stretching_exercises,user2,1-2-2,40,0,0.6708333333333333,0.33121108874737804,0.6925465838509317,0.23312113091870015,0.1259310074713505,0.6557408931035671,1.0,153.0,1.0,1.0,1.0
25d,train__c31__user2__1-2-2,31,Do_stretching_exercises,user2,1-2-2,40,0,0.6708333333333333,0.5471907855793384,0.35093167701863354,0.37934300158109496,0.06463901092987116,0.47787798167143164,1.0,153.0,1.0,1.0,1.0
2d,train__c31__user2__1-2-3,31,Do_stretching_exercises,user2,1-2-3,29,0,0.6781609195402298,0.2214196886000289,0.7711864406779662,0.7582906403666069,0.10607685291926618,0.7507534623325101,1.0,153.0,1.0,1.0,1.0
25d,train__c31__user2__1-2-3,31,Do_stretching_exercises,user2,1-2-3,29,0,0.6724137931034483,0.4477021926099679,0.43162393162393164,0.6768551950401476,0.127132491048997,0.5568549980361968,1.0,153.0,1.0,1.0,1.0
2d,train__c31__user2__2-2-1,31,Do_stretching_exercises,user2,2-2-1,76,0,0.706140350877193,0.3218589176087177,0.6661490683229814,0.05573460024141954,0.28350477883622865,0.6388323411022183,1.0,153.0,1.0,1.0,1.0
25d,train__c31__user2__2-2-1,31,Do_stretching_exercises,user2,2-2-1,76,0,0.7050438596491229,0.7282017034237919,0.39035769828926903,0.062150471546286695,0.2885637784231323,0.4880584505603739,1.0,153.0,1.0,1.0,1.0
2d,train__c31__user2__2-2-2,31,Do_stretching_exercises,user2,2-2-2,36,0,1.0,0.12937006155890501,0.9143518518518519,0.8410402488145667,0.1851394491007077,0.8758830020825283,1.0,153.0,1.0,1.0,1.0
25d,train__c31__user2__2-2-2,31,Do_stretching_exercises,user2,2-2-2,36,-1,0.9904761904761905,0.565681508071558,0.2091346153846154,0.21058067814513995,0.05040013393269969,0.41390973536862397,1.0,153.0,1.0,1.0,1.0
2d,train__c31__user2__2-2-3,31,Do_stretching_exercises,user2,2-2-3,15,0,1.0,0.17483310410786088,0.7833333333333333,0.8649442930910342,0.17256269409859004,0.8052699646998309,1.0,153.0,1.0,1.0,1.0
25d,train__c31__user2__2-2-3,31,Do_stretching_exercises,user2,2-2-3,15,0,0.9944444444444445,0.6728084681539523,0.3743016759776536,0.7407129946996214,0.38288949333306027,0.5830983777020956,1.0,153.0,1.0,1.0,1.0
2d,train__c31__user2__6-1-1,31,Do_stretching_exercises,user2,6-1-1,29,0,1.0,0.14736770655608147,0.8706896551724138,0.923002085191814,0.3360728160769953,0.8713849800697837,1.0,153.0,1.0,1.0,1.0
25d,train__c31__user2__6-1-1,31,Do_stretching_exercises,user2,6-1-1,29,0,0.9655172413793104,0.4151523713847757,0.36607142857142855,0.8510739422600223,0.05952152858507511,0.5624625187220996,6.0,153.0,0.0,0.0,0.16666666666666666
2d,train__c31__user2__6-1-2,31,Do_stretching_exercises,user2,6-1-2,19,0,1.0,0.1297377756497962,0.9210526315789473,0.9200996945262905,0.3135354081702187,0.8971040724338165,1.0,153.0,1.0,1.0,1.0
25d,train__c31__user2__6-1-2,31,Do_stretching_exercises,user2,6-1-2,19,0,0.9429824561403509,0.4752589695731307,0.30697674418604654,0.8392335746099241,0.15041106353330178,0.5333396421423507,6.0,153.0,0.0,0.0,0.16666666666666666
2d,train__c31__user2__7-3-1,31,Do_stretching_exercises,user2,7-3-1,48,0,1.0,0.15752695168788627,0.8993055555555556,0.8600798080242494,0.21788800026036628,0.8719676363775081,1.0,153.0,1.0,1.0,1.0
25d,train__c31__user2__7-3-1,31,Do_stretching_exercises,user2,7-3-1,48,0,0.9756944444444444,0.6009319110670079,0.3487544483985765,0.6541311161082126,0.0880036415829135,0.5363977757932014,1.0,153.0,1.0,1.0,1.0
2d,train__c31__user2__7-3-2,31,Do_stretching_exercises,user2,7-3-2,45,0,1.0,0.15795152635511978,0.9074074074074074,0.8330044904713038,0.4046446104540124,0.8877228689052554,1.0,153.0,1.0,1.0,1.0
25d,train__c31__user2__7-3-2,31,Do_stretching_exercises,user2,7-3-2,45,0,0.9925925925925926,0.6530972315558967,0.3917910447761194,0.7250500778613537,0.09466351563585605,0.5693491053449495,1.0,153.0,1.0,1.0,1.0
2d,train__c31__user2__7-3-3,31,Do_stretching_exercises,user2,7-3-3,35,0,1.0,0.28686893407580544,0.8714285714285714,0.9221022295511963,0.48174854472121525,0.8826270780949251,1.0,153.0,1.0,1.0,1.0
25d,train__c31__user2__7-3-3,31,Do_stretching_exercises,user2,7-3-3,35,0,0.9880952380952381,0.5788927650165048,0.3759036144578313,0.8303560692969614,0.13931414074823442,0.5740406792471447,1.0,153.0,1.0,1.0,1.0
2d,train__c32__user2__4-1-1,32,Stand_up,user2,4-1-1,13,-2,0.946969696969697,0.22377348616924717,0.64,0.24169055542608847,0.07122065396247648,0.6512075742867643,1.0,153.0,1.0,1.0,1.0
25d,train__c32__user2__4-1-1,32,Stand_up,user2,4-1-1,13,0,0.9230769230769231,1.0048791796839154,0.2222222222222222,0.04113653345790814,0.03879339819608677,0.39655307274041185,15.0,153.0,0.0,0.0,0.06666666666666667
2d,train__c32__user2__4-1-2,32,Stand_up,user2,4-1-2,13,0,0.8653846153846154,0.2654003456344602,0.5555555555555556,0.6632235440738337,0.2344012228413286,0.6509964632145002,1.0,153.0,1.0,1.0,1.0
25d,train__c32__user2__4-1-2,32,Stand_up,user2,4-1-2,13,0,0.8589743589743589,1.0236514260235305,0.291044776119403,0.1785906644697602,-0.15893237289876463,0.42691120124267623,3.0,153.0,0.0,1.0,0.3333333333333333
2d,train__c32__user2__4-1-3,32,Stand_up,user2,4-1-3,12,0,1.0,0.2079052978144507,0.7361111111111112,0.7673062502278883,0.3442727579388584,0.7824121929793144,1.0,153.0,1.0,1.0,1.0
25d,train__c32__user2__4-1-3,32,Stand_up,user2,4-1-3,12,1,0.9924242424242424,1.1374388202736319,0.40458015267175573,0.5782550971073669,0.17804398196173646,0.5679403165697569,16.0,153.0,0.0,0.0,0.0625
2d,train__c32__user2__4-3-3,32,Stand_up,user2,4-3-3,13,-2,0.0,,,,,0.175,,,,,
25d,train__c32__user2__4-3-3,32,Stand_up,user2,4-3-3,13,-2,0.0,,,,,0.175,,,,,
2d,train__c32__user2__7-3-1,32,Stand_up,user2,7-3-1,14,0,0.7857142857142857,0.1906790032289329,0.7121212121212122,0.7907989955983911,0.536870177246951,0.7645832580914558,1.0,153.0,1.0,1.0,1.0
25d,train__c32__user2__7-3-1,32,Stand_up,user2,7-3-1,14,1,0.7692307692307693,0.6338238022665945,0.4666666666666667,0.7414659233523798,0.38477063202538747,0.6115941333268857,4.0,153.0,0.0,1.0,0.25
2d,train__c32__user2__7-3-3,32,Stand_up,user2,7-3-3,9,2,0.9285714285714286,0.2099154737134026,0.5897435897435898,0.4174706820828155,0.38093610406105455,0.662533393228978,6.0,153.0,0.0,0.0,0.16666666666666666
25d,train__c32__user2__7-3-3,32,Stand_up,user2,7-3-3,9,0,0.9444444444444444,0.49721178643697966,0.30392156862745096,0.4217335957212012,0.01738485271304725,0.48007853071514117,20.0,153.0,0.0,0.0,0.05
2d,train__c34__user2__4-3-1,34,Sit_down,user2,4-3-1,12,-1,0.9924242424242424,0.22810285407862593,0.6412213740458015,0.6551234668121826,0.007607479864794482,0.6929970876386929,1.0,153.0,1.0,1.0,1.0
25d,train__c34__user2__4-3-1,34,Sit_down,user2,4-3-1,12,0,0.9861111111111112,0.7994499663174582,0.31690140845070425,0.15736514824070058,0.21812168053845857,0.4800025266234529,1.0,153.0,1.0,1.0,1.0
2d,train__c34__user2__4-3-2,34,Sit_down,user2,4-3-2,18,-1,0.9019607843137255,0.23258106443800639,0.5815217391304348,0.763023752862904,0.29204756623188116,0.6832389777067932,2.0,153.0,0.0,1.0,0.5
25d,train__c34__user2__4-3-2,34,Sit_down,user2,4-3-2,18,1,0.9019607843137255,0.8427821773430813,0.31521739130434784,0.04562142274476633,0.23639654851904854,0.46085752706216915,2.0,153.0,0.0,1.0,0.5
2d,train__c34__user2__4-3-3,34,Sit_down,user2,4-3-3,10,0,0.8416666666666667,0.27082874422743347,0.5148514851485149,0.7047584902635415,0.4124525569562483,0.6437447742964226,1.0,153.0,1.0,1.0,1.0
25d,train__c34__user2__4-3-3,34,Sit_down,user2,4-3-3,10,-1,0.8240740740740741,0.8401184221522758,0.3146067415730337,0.35370477712814263,0.21958890582260643,0.4822807609220857,2.0,153.0,0.0,1.0,0.5
2d,train__c34__user2__6-1-1,34,Sit_down,user2,6-1-1,16,1,0.9555555555555556,0.20602919219343613,0.6511627906976745,0.8253079755837948,0.378038952318774,0.7395788094215641,3.0,153.0,0.0,1.0,0.3333333333333333
25d,train__c34__user2__6-1-1,34,Sit_down,user2,6-1-1,16,0,0.953125,0.7555920707227629,0.3442622950819672,0.2130476586896197,0.06416864451777947,0.4857741765028774,6.0,153.0,0.0,0.0,0.16666666666666666
2d,train__c34__user2__6-1-2,34,Sit_down,user2,6-1-2,8,1,0.9404761904761905,0.17180256670833235,0.759493670886076,0.3520178766273002,0.3119093391058965,0.7453641261306331,1.0,153.0,1.0,1.0,1.0
25d,train__c34__user2__6-1-2,34,Sit_down,user2,6-1-2,8,0,0.9479166666666666,0.7808803303282373,0.3076923076923077,0.430610246564187,0.23964022033198681,0.5000564770787537,6.0,153.0,0.0,0.0,0.16666666666666666
2d,train__c34__user2__7-1-1,34,Sit_down,user2,7-1-1,24,0,0.7951388888888888,0.2103430653563579,0.6157205240174672,0.625745425292969,0.24717258219254767,0.6742726632922338,3.0,153.0,0.0,1.0,0.3333333333333333
25d,train__c34__user2__7-1-1,34,Sit_down,user2,7-1-1,24,2,0.7765151515151515,0.5170013130750534,0.2975609756097561,0.34761817722683674,0.09331658146650967,0.4580706130695529,31.0,153.0,0.0,0.0,0.03225806451612903
2d,train__c34__user2__7-1-2,34,Sit_down,user2,7-1-2,16,0,0.9114583333333334,0.15929405637730942,0.7428571428571429,0.847710480329816,0.37757439095087825,0.7878063892590594,1.0,153.0,1.0,1.0,1.0
25d,train__c34__user2__7-1-2,34,Sit_down,user2,7-1-2,16,1,0.8833333333333333,0.5775656685203433,0.39622641509433965,0.38085190137671404,0.3358424222344604,0.544531233440476,2.0,153.0,0.0,1.0,0.5
2d,train__c34__user2__7-1-3,34,Sit_down,user2,7-1-3,14,0,0.9702380952380952,0.24689411143175957,0.5705521472392638,0.663875547758583,0.3487434128378863,0.6783708012441044,1.0,153.0,1.0,1.0,1.0
25d,train__c34__user2__7-1-3,34,Sit_down,user2,7-1-3,14,0,0.9583333333333334,0.683962683365133,0.32298136645962733,0.42140234327401915,0.2591555406442943,0.5100499847618524,1.0,153.0,1.0,1.0,1.0
2d,train__c34__user2__7-3-1,34,Sit_down,user2,7-3-1,14,0,1.0,0.1802772506992492,0.7023809523809523,0.7937458536179759,0.305336942937455,0.7635843798916305,1.0,153.0,1.0,1.0,1.0
25d,train__c34__user2__7-3-1,34,Sit_down,user2,7-3-1,14,1,1.0,0.5166104607177883,0.41025641025641024,0.6940552561564318,0.1554927318461587,0.5817085061451307,6.0,153.0,0.0,0.0,0.16666666666666666
2d,train__c34__user2__7-3-2,34,Sit_down,user2,7-3-2,8,0,0.9270833333333334,0.19144468518199814,0.7191011235955056,0.5687461274333296,0.22755643334327863,0.7371552965549404,1.0,153.0,1.0,1.0,1.0
25d,train__c34__user2__7-3-2,34,Sit_down,user2,7-3-2,8,-2,0.9305555555555556,0.6999962583529884,0.14925373134328357,0.3697404861426883,0.21654397823538668,0.40335995477628434,14.0,153.0,0.0,0.0,0.07142857142857142
2d,train__c36__user2__1-2-1,36,Walk,user2,1-2-1,43,2,0.7317073170731707,0.7001749884274681,0.14444444444444443,0.3851416938789062,-0.07078416128973121,0.3608205334429223,131.0,153.0,0.0,0.0,0.007633587786259542
25d,train__c36__user2__1-2-1,36,Walk,user2,1-2-1,43,-1,0.7619047619047619,0.836626309109794,0.15104166666666666,0.2376635814781747,0.022688936516628126,0.35973142124370744,126.0,153.0,0.0,0.0,0.007936507936507936
2d,train__c36__user2__1-2-2,36,Walk,user2,1-2-2,46,2,0.6590909090909091,0.7393305590757043,0.16379310344827586,0.09623612530224045,-0.10239964966827271,0.33293893661074625,125.0,153.0,0.0,0.0,0.008
25d,train__c36__user2__1-2-2,36,Walk,user2,1-2-2,46,2,0.6590909090909091,0.885210846857301,0.16379310344827586,0.15030294955981902,-0.00029519276203586925,0.34600345330447185,126.0,153.0,0.0,0.0,0.007936507936507936
2d,train__c36__user2__1-2-3,36,Walk,user2,1-2-3,27,2,0.68,1.2129646042365732,0.16666666666666666,-0.46210777547932325,0.34903033289560553,0.3146331640859048,146.0,153.0,0.0,0.0,0.00684931506849315
25d,train__c36__user2__1-2-3,36,Walk,user2,1-2-3,27,2,0.68,1.2734920967105754,0.1568627450980392,-0.3737006384528886,0.0715859187195934,0.2972733898626022,150.0,153.0,0.0,0.0,0.006666666666666667
2d,train__c36__user2__2-1-1,36,Walk,user2,2-1-1,28,1,0.6296296296296297,0.8308211911735339,0.17647058823529413,-0.25701943988740106,0.29892049386177516,0.33173887954326775,134.0,153.0,0.0,0.0,0.007462686567164179
25d,train__c36__user2__2-1-1,36,Walk,user2,2-1-1,28,2,0.6153846153846154,0.8840033234480739,0.14583333333333334,-0.1441578035543669,0.22791299675013232,0.31942448927261813,131.0,153.0,0.0,0.0,0.007633587786259542
2d,train__c36__user2__2-1-2,36,Walk,user2,2-1-2,30,1,0.7586206896551724,1.1447807438954396,0.10984848484848485,0.19548963131113298,0.1721038744878672,0.34373548934988724,142.0,153.0,0.0,0.0,0.007042253521126761
25d,train__c36__user2__2-1-2,36,Walk,user2,2-1-2,30,0,0.7666666666666667,1.0610659758971188,0.11231884057971014,0.22505691831881963,0.12435260307590486,0.34527416604808203,141.0,153.0,0.0,0.0,0.0070921985815602835
2d,train__c36__user2__2-1-3,36,Walk,user2,2-1-3,14,2,1.0,3.340319128523812,0.22916666666666666,0.06160706668932403,-0.13244599431393542,0.3972689237620539,153.0,153.0,0.0,0.0,0.006535947712418301
25d,train__c36__user2__2-1-3,36,Walk,user2,2-1-3,14,2,1.0,2.8362518777889956,0.1875,-0.048300897460991025,-0.12657413965441794,0.36380184977981955,153.0,153.0,0.0,0.0,0.006535947712418301
2d,train__c36__user2__3-2-2,36,Walk,user2,3-2-2,65,0,0.2987179487179487,0.09515649712234042,0.9828326180257511,0.6150902922938466,0.20267553151587783,0.8221394288790336,1.0,153.0,1.0,1.0,1.0
25d,train__c36__user2__3-2-2,36,Walk,user2,3-2-2,65,-1,0.2630208333333333,0.2335853418638217,0.6039603960396039,0.4343217864125347,0.10286543501979295,0.5846273874228535,1.0,153.0,1.0,1.0,1.0
2d,train__c36__user2__3-2-3,36,Walk,user2,3-2-3,49,0,0.17857142857142858,0.1315646968528093,0.8857142857142857,0.7485374369144964,0.28241122311112643,0.7760345854247842,1.0,153.0,1.0,1.0,1.0
25d,train__c36__user2__3-2-3,36,Walk,user2,3-2-3,49,0,0.1598639455782313,0.3567564796970921,0.4574468085106383,0.6954221119449544,0.1603269466604241,0.5241488714327015,4.0,153.0,0.0,1.0,0.25
2d,train__c36__user2__4-1-1,36,Walk,user2,4-1-1,29,0,0.985632183908046,0.13344445761056978,0.9358600583090378,0.17373154277364727,0.5028505519577898,0.8433731961349744,1.0,153.0,1.0,1.0,1.0
25d,train__c36__user2__4-1-1,36,Walk,user2,4-1-1,29,1,0.9851190476190477,0.4422390793376029,0.5377643504531722,0.18847008629886983,0.2740435153654596,0.6086825697934459,1.0,153.0,1.0,1.0,1.0
2d,train__c36__user2__4-1-2,36,Walk,user2,4-1-2,33,0,0.8585858585858586,0.1444314688362242,0.9058823529411765,0.3371926657789735,0.3928147591910642,0.8222742534934602,1.0,153.0,1.0,1.0,1.0
25d,train__c36__user2__4-1-2,36,Walk,user2,4-1-2,33,-1,0.8307291666666666,0.4279078923751987,0.4952978056426332,0.24797444307197036,0.3936573957899327,0.584808458761557,1.0,153.0,1.0,1.0,1.0
2d,train__c36__user2__4-1-3,36,Walk,user2,4-1-3,31,0,0.6720430107526881,0.12075205783401055,0.94,0.6128246051602563,0.5817631574117841,0.8641189983971782,1.0,153.0,1.0,1.0,1.0
25d,train__c36__user2__4-1-3,36,Walk,user2,4-1-3,31,1,0.6166666666666667,0.4626820118283835,0.5135135135135135,0.14729022679805684,0.23815115553433133,0.5516894584439797,1.0,153.0,1.0,1.0,1.0
2d,train__c36__user2__4-3-1,36,Walk,user2,4-3-1,36,-1,0.5738095238095238,0.15172196618949468,0.8838174273858921,0.411017685597074,0.41478438166027604,0.7906911346274211,1.0,153.0,1.0,1.0,1.0
25d,train__c36__user2__4-3-1,36,Walk,user2,4-3-1,36,-1,0.5333333333333333,0.5002118419048971,0.48660714285714285,0.3871870204599147,0.4148563042092712,0.5658001867664487,1.0,153.0,1.0,1.0,1.0
2d,train__c36__user2__4-3-2,36,Walk,user2,4-3-2,45,-1,0.4318181818181818,0.10264028252029993,0.9956140350877193,0.8296408213142048,0.5017246952889381,0.8863629717581547,1.0,153.0,1.0,1.0,1.0
25d,train__c36__user2__4-3-2,36,Walk,user2,4-3-2,45,1,0.3977272727272727,0.44392181354392213,0.5333333333333333,0.8090640866694061,0.25304102451300564,0.6079905461114767,1.0,153.0,1.0,1.0,1.0
2d,train__c36__user2__4-3-3,36,Walk,user2,4-3-3,35,0,0.20714285714285716,0.16266306286640417,0.8275862068965517,0.3871613229951165,0.2657498098014313,0.7095340675420081,1.0,153.0,1.0,1.0,1.0
25d,train__c36__user2__4-3-3,36,Walk,user2,4-3-3,35,0,0.19047619047619047,0.4973153406795652,0.5125,0.8700085131941588,0.2699478194014114,0.5831695568221408,6.0,153.0,0.0,0.0,0.16666666666666666
2d,train__c36__user2__5-2-1,36,Walk,user2,5-2-1,38,-2,0.0,,,,,0.175,,,,,
25d,train__c36__user2__5-2-1,36,Walk,user2,5-2-1,38,-2,0.0,,,,,0.175,,,,,
2d,train__c36__user2__5-2-2,36,Walk,user2,5-2-2,32,0,0.020833333333333332,0.19425397053744306,0.75,,,0.5895833333333333,,,,,
25d,train__c36__user2__5-2-2,36,Walk,user2,5-2-2,32,1,0.021505376344086023,0.6451725096919214,0.5,,,0.4521505376344086,,,,,
2d,train__c36__user2__5-2-3,36,Walk,user2,5-2-3,23,0,0.11594202898550725,0.12811913100809427,0.90625,0.6074109106427056,,0.7457727939628213,,,,,
25d,train__c36__user2__5-2-3,36,Walk,user2,5-2-3,23,0,0.11594202898550725,0.2250335350394185,0.46875,0.7603435454982451,,0.5204410574483752,,,,,
2d,train__c36__user2__6-1-1,36,Walk,user2,6-1-1,20,0,1.0,0.1009929133876229,0.9625,0.4154503176269825,0.17826644055291307,0.8592900148041668,1.0,153.0,1.0,1.0,1.0
25d,train__c36__user2__6-1-1,36,Walk,user2,6-1-1,20,0,0.9791666666666666,0.42462639189518114,0.6,0.043994288340670186,0.010758832056774142,0.6081230079049917,1.0,153.0,1.0,1.0,1.0
2d,train__c36__user2__6-1-2,36,Walk,user2,6-1-2,11,0,1.0,0.08990351819312657,0.9848484848484849,0.1297021258298753,0.22905923628674074,0.8468163219711599,1.0,153.0,1.0,1.0,1.0
25d,train__c36__user2__6-1-2,36,Walk,user2,6-1-2,11,0,0.9924242424242424,0.36116752657366613,0.6183206106870229,0.0031990411449831363,0.2561113480572189,0.6338470153390766,1.0,153.0,1.0,1.0,1.0
2d,train__c36__user2__7-2-1,36,Walk,user2,7-2-1,35,0,0.5142857142857142,0.9431645443606008,0.24537037037037038,-0.2844483030399526,-0.06993474830821808,0.3276923387051635,143.0,153.0,0.0,0.0,0.006993006993006993
25d,train__c36__user2__7-2-1,36,Walk,user2,7-2-1,35,0,0.08571428571428572,0.589805320823519,0.2777777777777778,0.553040552952548,,0.3916532616444612,,,,,
2d,train__c36__user2__7-2-2,36,Walk,user2,7-2-2,24,-1,0.028985507246376812,0.1193659642170469,0.875,,,0.6591485507246376,,,,,
25d,train__c36__user2__7-2-2,36,Walk,user2,7-2-2,24,-1,0.028985507246376812,0.158143540943379,0.75,,,0.5903985507246376,,,,,
2d,train__c36__user2__7-2-3,36,Walk,user2,7-2-3,16,-1,0.17222222222222222,0.19093810426441082,0.8064516129032258,0.601197915296759,,0.6958904008486724,1.0,153.0,1.0,1.0,1.0
25d,train__c36__user2__7-2-3,36,Walk,user2,7-2-3,16,-2,0.13095238095238096,0.22285713166441892,0.6363636363636364,0.9024262503313064,,0.6283378631283687,1.0,153.0,1.0,1.0,1.0
2d,train__c36__user2__7-3-1,36,Walk,user2,7-3-1,58,0,0.3333333333333333,0.1225567957765849,0.9568965517241379,0.732677824818964,0.45164312719136984,0.8417674538028583,3.0,153.0,0.0,1.0,0.3333333333333333
25d,train__c36__user2__7-3-1,36,Walk,user2,7-3-1,58,0,0.29022988505747127,0.3008423954700936,0.5445544554455446,0.36260846452143664,0.259091318942648,0.5592206343736389,1.0,153.0,1.0,1.0,1.0
2d,train__c36__user2__7-3-2,36,Walk,user2,7-3-2,33,0,0.3055555555555556,0.1280976235904374,0.9256198347107438,0.6977178938611641,0.5815665527881925,0.8280357454916957,1.0,153.0,1.0,1.0,1.0
25d,train__c36__user2__7-3-2,36,Walk,user2,7-3-2,33,0,0.3055555555555556,0.3476024668537242,0.48760330578512395,0.6976732899354645,0.3793306275101847,0.571954499794184,1.0,153.0,1.0,1.0,1.0
2d,train__c36__user2__7-3-3,36,Walk,user2,7-3-3,34,0,0.27450980392156865,0.1688856169072165,0.8660714285714286,0.9020840671187185,0.5197525869183354,0.8079801168371896,1.0,153.0,1.0,1.0,1.0
25d,train__c36__user2__7-3-3,36,Walk,user2,7-3-3,34,0,0.25245098039215685,0.4114584272287525,0.4563106796116505,0.856684213279836,0.23351580514225376,0.5543980785392761,2.0,153.0,0.0,1.0,0.5
2d,train__c37__user2__7-1-1,37,Take_medicine,user2,7-1-1,44,-1,0.9670542635658915,0.21641928993624274,0.6773547094188377,0.7245920900621795,0.5082719634189173,0.7548301227995866,1.0,153.0,1.0,1.0,1.0
25d,train__c37__user2__7-1-1,37,Take_medicine,user2,7-1-1,44,2,0.9603174603174603,0.43882756639551673,0.44214876033057854,0.5785820358092019,0.39463887974212836,0.6016696837751441,1.0,153.0,1.0,1.0,1.0
2d,train__c37__user2__7-1-2,37,Take_medicine,user2,7-1-2,29,1,0.9583333333333334,0.24659397855079745,0.5745341614906833,0.5131407377152858,0.3194991570602196,0.6621036327042542,2.0,153.0,0.0,1.0,0.5
25d,train__c37__user2__7-1-2,37,Take_medicine,user2,7-1-2,29,0,0.9511494252873564,0.4802987943085667,0.42900302114803623,0.38947394257967266,0.23004283057400074,0.5622672107111729,3.0,153.0,0.0,1.0,0.3333333333333333
2d,train__c37__user2__7-1-3,37,Take_medicine,user2,7-1-3,29,1,0.8422619047619048,0.24797955066811853,0.558303886925795,0.6622083283544677,0.1844681478461372,0.6463492722092848,15.0,153.0,0.0,0.0,0.06666666666666667
25d,train__c37__user2__7-1-3,37,Take_medicine,user2,7-1-3,29,-2,0.8333333333333334,0.6431331070982668,0.37777777777777777,0.4012911099965936,0.18977180669191904,0.5204731076126644,9.0,153.0,0.0,0.0,0.1111111111111111
2d,train__c38__user2__2-2-1,38,Massage_oneself,user2,2-2-1,51,-1,0.9883333333333333,0.20314831397760796,0.7436762225969646,0.7435816260298155,0.27457762199332786,0.7778067400141451,4.0,153.0,0.0,1.0,0.25
25d,train__c38__user2__2-2-1,38,Massage_oneself,user2,2-2-1,51,-2,0.9880952380952381,1.0044012528228063,0.45266781411359724,0.591321598541738,0.22388432985276993,0.5987003061651339,26.0,153.0,0.0,0.0,0.038461538461538464
2d,train__c38__user2__2-2-2,38,Massage_oneself,user2,2-2-2,37,0,0.9887387387387387,0.2509534077834074,0.6082004555808656,0.6971375421751103,0.044428540107876856,0.6814300191689519,11.0,153.0,0.0,0.0,0.09090909090909091
25d,train__c38__user2__2-2-2,38,Massage_oneself,user2,2-2-2,37,-1,0.9837962962962963,0.9166071958322907,0.4376470588235294,0.5760299328182468,0.11661744291750852,0.5804348134832087,30.0,153.0,0.0,0.0,0.03333333333333333
2d,train__c38__user2__2-2-3,38,Massage_oneself,user2,2-2-3,69,0,1.0,0.20677495015127223,0.6352657004830918,0.879452450582979,0.1334621697012242,0.7223510430515901,1.0,153.0,1.0,1.0,1.0
25d,train__c38__user2__2-2-3,38,Massage_oneself,user2,2-2-3,69,0,1.0,0.7737283098905235,0.36835748792270534,0.7557875526714707,0.12569065270548266,0.5626021725775462,1.0,153.0,1.0,1.0,1.0
2d,train__c38__user2__7-3-1,38,Massage_oneself,user2,7-3-1,72,0,0.9861111111111112,0.23325787919690122,0.5774647887323944,0.6223273517680299,0.30388187959678614,0.67624062106049,5.0,153.0,0.0,1.0,0.2
25d,train__c38__user2__7-3-1,38,Massage_oneself,user2,7-3-1,72,0,0.9861111111111112,0.5286180507771239,0.3591549295774648,0.4484872765177229,0.2572397350281636,0.5352880301576014,7.0,153.0,0.0,0.0,0.14285714285714285
2d,train__c38__user2__7-3-2,38,Massage_oneself,user2,7-3-2,29,0,0.9655172413793104,0.2997360746814634,0.5327380952380952,0.1574324944529923,0.4790354503421895,0.6162285847398469,21.0,153.0,0.0,0.0,0.047619047619047616
25d,train__c38__user2__7-3-2,38,Massage_oneself,user2,7-3-2,29,0,0.9626436781609196,0.48921151182142175,0.3194029850746269,-0.05545855272787375,0.374699574281354,0.469492622405451,59.0,153.0,0.0,0.0,0.01694915254237288
2d,train__c38__user2__7-3-3,38,Massage_oneself,user2,7-3-3,31,-1,0.9333333333333333,0.2786626662297163,0.5684523809523809,0.4407752602312466,0.192982760585557,0.6395333759241844,5.0,153.0,0.0,1.0,0.2
25d,train__c38__user2__7-3-3,38,Massage_oneself,user2,7-3-3,31,0,0.9354838709677419,0.5757567505027938,0.2988505747126437,0.45372912617548267,0.10331259844550894,0.4860375606896897,14.0,153.0,0.0,0.0,0.07142857142857142
2d,train__c39__user2__2-2-1,39,Take_body_temperature,user2,2-2-1,48,1,1.0,0.21946448062839052,0.601063829787234,0.3253034435267255,0.25807059732400267,0.6574707455349514,3.0,153.0,0.0,1.0,0.3333333333333333
25d,train__c39__user2__2-2-1,39,Take_body_temperature,user2,2-2-1,48,0,0.9982638888888888,0.6465452172029558,0.4260869565217391,0.18868739380918959,0.13569478634202256,0.5382200633324161,1.0,153.0,1.0,1.0,1.0
2d,train__c39__user2__2-2-2,39,Take_body_temperature,user2,2-2-2,46,1,0.987037037037037,0.297020530659627,0.525328330206379,0.22786748604065354,0.08088512230833468,0.5914874180944026,6.0,153.0,0.0,0.0,0.16666666666666666
25d,train__c39__user2__2-2-2,39,Take_body_temperature,user2,2-2-2,46,1,0.987037037037037,0.6803014998811397,0.40150093808630394,0.15753394074737992,0.10985330844291787,0.5185216118591277,2.0,153.0,0.0,1.0,0.5
2d,train__c39__user2__2-2-3,39,Take_body_temperature,user2,2-2-3,18,0,0.8888888888888888,0.33194736161307725,0.4322916666666667,0.23964145201391035,0.22992504274215145,0.542857828962608,7.0,153.0,0.0,0.0,0.14285714285714285
25d,train__c39__user2__2-2-3,39,Take_body_temperature,user2,2-2-3,18,-2,0.9375,0.8246223184169038,0.4,0.18254510326170736,0.069751410021767,0.5122358660778032,2.0,153.0,0.0,1.0,0.5
2d,train__c00__user20__4-2-1,0,Wash_face,user20,4-2-1,42,0,0.8075396825396826,0.25016560693992584,0.6781326781326781,0.7096743898165981,0.2257741361561801,0.7166274404203147,1.0,154.0,1.0,1.0,1.0
25d,train__c00__user20__4-2-1,0,Wash_face,user20,4-2-1,42,0,0.8055555555555556,0.6429068987590529,0.43596059113300495,0.7544158745812188,0.1963407126364663,0.5855010215845652,1.0,154.0,1.0,1.0,1.0
2d,train__c00__user20__4-2-2,0,Wash_face,user20,4-2-2,23,-1,0.7992424242424242,0.23362698847863378,0.6777251184834123,0.44961179569835347,0.04801961323478362,0.6762357081525634,1.0,154.0,1.0,1.0,1.0
25d,train__c00__user20__4-2-2,0,Wash_face,user20,4-2-2,23,-1,0.7992424242424242,0.8085813745898288,0.4028436018957346,0.44057826487694807,-0.0166408881462203,0.5192979833436248,1.0,154.0,1.0,1.0,1.0
2d,train__c00__user20__4-2-3,0,Wash_face,user20,4-2-3,34,1,0.8207070707070707,0.25235595979868347,0.5907692307692308,0.8760045984732322,0.13094721408970716,0.6794152848978353,1.0,154.0,1.0,1.0,1.0
25d,train__c00__user20__4-2-3,0,Wash_face,user20,4-2-3,34,0,0.821078431372549,0.7568590960438732,0.35522388059701493,0.7975159495231445,-0.01476087141464188,0.5311255070618295,1.0,154.0,1.0,1.0,1.0
2d,train__c01__user20__4-2-1,1,Brush_teeth,user20,4-2-1,22,-2,0.7541666666666667,0.21145741531345214,0.7845303867403315,0.7784378545560301,0.1274417759490524,0.769310298025631,18.0,154.0,0.0,0.0,0.05555555555555555
25d,train__c01__user20__4-2-1,1,Brush_teeth,user20,4-2-1,22,-2,0.7541666666666667,0.3648289599306015,0.5580110497237569,0.6912321940653489,0.20447159264019943,0.641781332869283,20.0,154.0,0.0,0.0,0.05
2d,train__c01__user20__4-2-2,1,Brush_teeth,user20,4-2-2,12,0,0.7986111111111112,0.37848963661318114,0.6,0.9130895779573387,0.3358567202911047,0.701359322928678,21.0,154.0,0.0,0.0,0.047619047619047616
25d,train__c01__user20__4-2-2,1,Brush_teeth,user20,4-2-2,12,2,0.7916666666666666,0.5246679538718494,0.30526315789473685,0.7748490901364502,0.26975976020437464,0.5197782945377452,21.0,154.0,0.0,0.0,0.047619047619047616
2d,train__c01__user20__4-2-3,1,Brush_teeth,user20,4-2-3,20,-1,0.8026315789473685,0.36125760672198265,0.5573770491803278,0.943003719682299,0.3923740144002769,0.6855489579921678,21.0,154.0,0.0,0.0,0.047619047619047616
25d,train__c01__user20__4-2-3,1,Brush_teeth,user20,4-2-3,20,-1,0.8026315789473685,0.44748916592348725,0.34972677595628415,0.8796083219736983,0.36110514945001426,0.562656603076814,22.0,154.0,0.0,0.0,0.045454545454545456
2d,train__c02__user20__1-1-1,2,Comb_hair,user20,1-1-1,25,0,0.8,0.48525701475900884,0.6125,0.5989589224133486,0.4130420108128092,0.6827490430522956,34.0,154.0,0.0,0.0,0.029411764705882353
25d,train__c02__user20__1-1-1,2,Comb_hair,user20,1-1-1,25,0,0.8,0.6497467779434065,0.25416666666666665,0.4458350738907998,0.23549884641288252,0.4570375875367128,55.0,154.0,0.0,0.0,0.01818181818181818
2d,train__c02__user20__1-1-2,2,Comb_hair,user20,1-1-2,20,0,0.7833333333333333,0.40980543834582217,0.4787234042553192,0.5426848831871371,0.5031740969668327,0.6086377512649852,14.0,154.0,0.0,0.0,0.07142857142857142
25d,train__c02__user20__1-1-2,2,Comb_hair,user20,1-1-2,20,1,0.7850877192982456,0.5808687472121818,0.22346368715083798,0.5265407955843564,0.17074852264771362,0.44187401861979964,18.0,154.0,0.0,0.0,0.05555555555555555
2d,train__c02__user20__1-1-3,2,Comb_hair,user20,1-1-3,25,0,0.7666666666666667,0.5008388595863582,0.5652173913043478,0.4181402321089586,0.38206995858814413,0.6330055019890646,39.0,154.0,0.0,0.0,0.02564102564102564
25d,train__c02__user20__1-1-3,2,Comb_hair,user20,1-1-3,25,0,0.7666666666666667,0.614487133653452,0.2826086956521739,0.39763051026273827,0.2547671538326412,0.46597203683908417,52.0,154.0,0.0,0.0,0.019230769230769232
2d,train__c02__user20__4-2-1,2,Comb_hair,user20,4-2-1,13,0,0.8205128205128205,0.4310122892034333,0.453125,0.8793216470209883,0.35589570129852277,0.6208943743507702,22.0,154.0,0.0,0.0,0.045454545454545456
25d,train__c02__user20__4-2-1,2,Comb_hair,user20,4-2-1,13,0,0.8205128205128205,0.507146959067322,0.3046875,0.6690492549345383,0.16932860555110518,0.5042339779610688,26.0,154.0,0.0,0.0,0.038461538461538464
2d,train__c02__user20__4-2-2,2,Comb_hair,user20,4-2-2,16,0,0.703125,0.47624252805773865,0.5185185185185185,0.41042965627101613,0.5382932845352403,0.6119126471524299,31.0,154.0,0.0,0.0,0.03225806451612903
25d,train__c02__user20__4-2-2,2,Comb_hair,user20,4-2-2,16,-2,0.75,0.6195548089555941,0.30158730158730157,0.41795990446419845,0.14450235116063725,0.4685066826564835,50.0,154.0,0.0,0.0,0.02
2d,train__c02__user20__4-2-3,2,Comb_hair,user20,4-2-3,18,0,0.8148148148148148,0.4394829823702731,0.4943181818181818,0.7854669960684952,0.1260262082625173,0.6163551467080198,21.0,154.0,0.0,0.0,0.047619047619047616
25d,train__c02__user20__4-2-3,2,Comb_hair,user20,4-2-3,18,0,0.8148148148148148,0.7503566597407285,0.2556818181818182,0.6710150125683606,0.07132000185580493,0.4695569828775029,19.0,154.0,0.0,0.0,0.05263157894736842
2d,train__c04__user20__6-2-1,4,Wipe_hands,user20,6-2-1,31,0,0.7446236559139785,0.15213263704614757,0.8592057761732852,0.9519550811076746,0.34913218177895095,0.8434059642308935,4.0,154.0,0.0,1.0,0.25
25d,train__c04__user20__6-2-1,4,Wipe_hands,user20,6-2-1,31,0,0.7446236559139785,0.31842757336088096,0.48736462093862815,0.8380947659392927,0.25999459392277957,0.6208219782457811,12.0,154.0,0.0,0.0,0.08333333333333333
2d,train__c04__user20__6-2-2,4,Wipe_hands,user20,6-2-2,18,0,0.7638888888888888,0.15444201425536958,0.8666666666666667,0.9652827898049956,0.37917018860677243,0.853021598681563,3.0,154.0,0.0,1.0,0.3333333333333333
25d,train__c04__user20__6-2-2,4,Wipe_hands,user20,6-2-2,18,0,0.7638888888888888,0.2701682804648393,0.6060606060606061,0.8959902737674119,0.27566033199823586,0.6949957744988311,11.0,154.0,0.0,0.0,0.09090909090909091
2d,train__c04__user20__6-2-3,4,Wipe_hands,user20,6-2-3,39,0,0.75,0.13939470682008037,0.8888888888888888,0.9556272220579995,0.4333648009768777,0.8669539711679548,8.0,154.0,0.0,0.0,0.125
25d,train__c04__user20__6-2-3,4,Wipe_hands,user20,6-2-3,39,0,0.75,0.25860779322896693,0.6267806267806267,0.9050551271305262,0.29862506506031217,0.7076317373219208,14.0,154.0,0.0,0.0,0.07142857142857142
2d,train__c06__user20__2-1-1,6,Drink_water,user20,2-1-1,21,0,0.8412698412698413,0.1472711688430106,0.8349056603773585,0.9867832055741849,0.4018091257034187,0.8471391023197062,1.0,154.0,1.0,1.0,1.0
25d,train__c06__user20__2-1-1,6,Drink_water,user20,2-1-1,21,-1,0.8375,0.30680885003923236,0.40298507462686567,0.9159786259509342,0.468082465176683,0.6070958385281208,4.0,154.0,0.0,1.0,0.25
2d,train__c06__user20__2-1-2,6,Drink_water,user20,2-1-2,30,0,0.8944444444444445,0.24848942555408315,0.7608695652173914,0.9078168318879645,0.10858075111299162,0.7818479448362805,15.0,154.0,0.0,0.0,0.06666666666666667
25d,train__c06__user20__2-1-2,6,Drink_water,user20,2-1-2,30,0,0.8944444444444445,0.33919165711576144,0.4440993788819876,0.46302017382800775,0.032297118328727586,0.557423404086993,22.0,154.0,0.0,0.0,0.045454545454545456
2d,train__c06__user20__2-1-3,6,Drink_water,user20,2-1-3,10,0,0.825,0.1472287678325542,0.8484848484848485,0.9795991690966059,0.3628014699629965,0.849336693823552,1.0,154.0,1.0,1.0,1.0
25d,train__c06__user20__2-1-3,6,Drink_water,user20,2-1-3,10,0,0.825,0.3023536659779525,0.47474747474747475,0.9467578935514342,0.12577431018474344,0.6227199737301103,17.0,154.0,0.0,0.0,0.058823529411764705
2d,train__c06__user20__4-1-1,6,Drink_water,user20,4-1-1,30,0,0.8722222222222222,0.18355331427862978,0.7802547770700637,0.7127525726028289,0.31438558821226414,0.7862165259869599,2.0,154.0,0.0,1.0,0.5
25d,train__c06__user20__4-1-1,6,Drink_water,user20,4-1-1,30,0,0.8694444444444445,0.44333211437286446,0.48562300319488816,0.6662550610985581,0.21040735476107567,0.6114431539185695,3.0,154.0,0.0,1.0,0.3333333333333333
2d,train__c06__user20__4-1-2,6,Drink_water,user20,4-1-2,10,0,0.975,0.25134923792057046,0.7008547008547008,0.2904732487171144,0.4099096427778675,0.717760633550137,1.0,154.0,1.0,1.0,1.0
25d,train__c06__user20__4-1-2,6,Drink_water,user20,4-1-2,10,-1,0.9629629629629629,0.4900633356704619,0.27884615384615385,0.24365662239813562,0.24046524548512296,0.4670622365628787,1.0,154.0,1.0,1.0,1.0
2d,train__c06__user20__4-1-3,6,Drink_water,user20,4-1-3,15,-1,0.8571428571428571,0.17732977572456204,0.7638888888888888,0.5917578495088994,0.1841187799266632,0.7538378680485643,1.0,154.0,1.0,1.0,1.0
25d,train__c06__user20__4-1-3,6,Drink_water,user20,4-1-3,15,1,0.8571428571428571,0.5085012547889387,0.3958333333333333,0.6852936486211303,0.1730322950081619,0.5599294060353442,4.0,154.0,0.0,1.0,0.25
2d,train__c07__user20__2-1-1,7,Eat_food,user20,2-1-1,34,1,0.8939393939393939,0.15082991474188953,0.8022598870056498,0.9880121230186831,0.376317280833896,0.8326618856114573,1.0,154.0,1.0,1.0,1.0
25d,train__c07__user20__2-1-1,7,Eat_food,user20,2-1-1,34,-2,0.890625,0.21723468620782993,0.5467836257309941,0.9684662403326988,0.3713481391738942,0.6894912286233588,2.0,154.0,0.0,1.0,0.5
2d,train__c07__user20__2-1-2,7,Eat_food,user20,2-1-2,39,-1,0.8640350877192983,0.14044842081260409,0.8527918781725888,0.9804271649922384,0.4272945133606227,0.8605288467681242,1.0,154.0,1.0,1.0,1.0
25d,train__c07__user20__2-1-2,7,Eat_food,user20,2-1-2,39,0,0.8632478632478633,0.3209122860786045,0.43564356435643564,0.8864067479593092,0.2481787758339605,0.6081828297043039,6.0,154.0,0.0,0.0,0.16666666666666666
2d,train__c07__user20__2-1-3,7,Eat_food,user20,2-1-3,14,0,0.8452380952380952,0.14772389099774105,0.852112676056338,0.9876321515800262,0.5929122713398873,0.8714174168632897,3.0,154.0,0.0,1.0,0.3333333333333333
25d,train__c07__user20__2-1-3,7,Eat_food,user20,2-1-3,14,-1,0.8461538461538461,0.3086615804215617,0.4318181818181818,0.8716554977247667,0.42773938089195945,0.6163613879547584,12.0,154.0,0.0,0.0,0.08333333333333333
2d,train__c07__user20__3-1-1,7,Eat_food,user20,3-1-1,46,0,0.9112318840579711,0.16229896181120412,0.7495029821073559,0.9896789251363804,0.3714448433081261,0.8051760843265904,1.0,154.0,1.0,1.0,1.0
25d,train__c07__user20__3-1-1,7,Eat_food,user20,3-1-1,46,0,0.9112318840579711,0.31317750930611343,0.4294234592445328,0.9189615717991361,0.13668529104310262,0.6044536449984365,3.0,154.0,0.0,1.0,0.3333333333333333
2d,train__c07__user20__3-1-2,7,Eat_food,user20,3-1-2,54,0,0.8996913580246914,0.1647851277148034,0.7650085763293311,0.9877750913521894,0.4942697931997696,0.821571596408803,2.0,154.0,0.0,1.0,0.5
25d,train__c07__user20__3-1-2,7,Eat_food,user20,3-1-2,54,-1,0.9009433962264151,0.28729594303785977,0.4572425828970332,0.9063261409561395,0.21846519935760667,0.6235952642634441,8.0,154.0,0.0,0.0,0.125
2d,train__c07__user20__3-1-3,7,Eat_food,user20,3-1-3,29,0,0.8994252873563219,0.13828106461898124,0.8817891373801917,0.9907307307095549,0.5507345086503104,0.8903047155144663,1.0,154.0,1.0,1.0,1.0
25d,train__c07__user20__3-1-3,7,Eat_food,user20,3-1-3,29,-1,0.8988095238095238,0.33383692486375777,0.36423841059602646,0.9116768710211557,0.4337532609010139,0.5889112598784586,4.0,154.0,0.0,1.0,0.25
2d,train__c07__user20__7-1-1,7,Eat_food,user20,7-1-1,25,0,0.8866666666666667,0.1309100634634197,0.8533834586466166,0.9907703269628338,0.6191044626216338,0.8785374363152116,1.0,154.0,1.0,1.0,1.0
25d,train__c07__user20__7-1-1,7,Eat_food,user20,7-1-1,25,1,0.8888888888888888,0.29860220955292144,0.55078125,0.9211799413224224,0.3923907547546474,0.6883658771277298,2.0,154.0,0.0,1.0,0.5
2d,train__c07__user20__7-1-2,7,Eat_food,user20,7-1-2,26,0,0.9519230769230769,0.15357514982908138,0.8080808080808081,0.9915193732885433,0.5660069062400582,0.8562392074336108,1.0,154.0,1.0,1.0,1.0
25d,train__c07__user20__7-1-2,7,Eat_food,user20,7-1-2,26,0,0.9487179487179487,0.3284813579659969,0.40878378378378377,0.886665388817461,0.32917224282478064,0.6080573330464806,16.0,154.0,0.0,0.0,0.0625
2d,train__c07__user20__7-1-3,7,Eat_food,user20,7-1-3,26,0,0.907051282051282,0.1495313620673094,0.8056537102473498,0.9940067972308195,0.6388892588780708,0.8561320429801079,1.0,154.0,1.0,1.0,1.0
25d,train__c07__user20__7-1-3,7,Eat_food,user20,7-1-3,26,0,0.907051282051282,0.360296556322601,0.37809187279151946,0.8800642091177281,0.35569635312953746,0.588339305636952,28.0,154.0,0.0,0.0,0.03571428571428571
2d,train__c08__user20__2-1-1,8,Take_and_use_tableware,user20,2-1-1,20,0,0.825,0.3279087566568229,0.5909090909090909,0.8158909061594909,0.26744108620873674,0.6841471720816045,11.0,154.0,0.0,0.0,0.09090909090909091
25d,train__c08__user20__2-1-1,8,Take_and_use_tableware,user20,2-1-1,20,1,0.8157894736842105,0.4946934852195017,0.4032258064516129,0.6798745143955743,0.004185489457689101,0.5466545040656923,55.0,154.0,0.0,0.0,0.01818181818181818
2d,train__c08__user20__2-1-2,8,Take_and_use_tableware,user20,2-1-2,14,0,0.8333333333333334,0.24566391306285315,0.6214285714285714,0.9701885654612937,0.40758800379836063,0.7277070044500541,1.0,154.0,1.0,1.0,1.0
25d,train__c08__user20__2-1-2,8,Take_and_use_tableware,user20,2-1-2,14,-1,0.8333333333333334,0.3932462260390289,0.4461538461538462,0.8980456221241392,0.27654854193069733,0.614263651575165,44.0,154.0,0.0,0.0,0.022727272727272728
2d,train__c08__user20__2-1-3,8,Take_and_use_tableware,user20,2-1-3,13,0,0.8269230769230769,0.15210253566224732,0.813953488372093,0.9910024180070259,0.22427950695919135,0.8212879311196009,1.0,154.0,1.0,1.0,1.0
25d,train__c08__user20__2-1-3,8,Take_and_use_tableware,user20,2-1-3,13,0,0.8269230769230769,0.3840789190072187,0.2713178294573643,0.9867862185446159,0.18318667814607,0.519334736609275,2.0,154.0,0.0,1.0,0.5
2d,train__c09__user20__2-1-1,9,Pour_drinks,user20,2-1-1,72,1,0.8826291079812206,0.14950815396378514,0.824468085106383,0.9311609017941003,0.35683716415411637,0.8365992350976016,1.0,154.0,1.0,1.0,1.0
25d,train__c09__user20__2-1-1,9,Pour_drinks,user20,2-1-1,72,1,0.8826291079812206,0.3212039302110865,0.4627659574468085,0.7048635106014709,0.2040216503672141,0.603572162231555,1.0,154.0,1.0,1.0,1.0
2d,train__c09__user20__2-1-2,9,Pour_drinks,user20,2-1-2,61,-2,0.8813559322033898,0.12423622314109956,0.8990384615384616,0.8537085146196738,0.16959824394600134,0.8556974668244104,1.0,154.0,1.0,1.0,1.0
25d,train__c09__user20__2-1-2,9,Pour_drinks,user20,2-1-2,61,0,0.8797814207650273,0.26412410433081623,0.46273291925465837,0.6837172111969395,0.15524420405453346,0.5974962840903488,4.0,154.0,0.0,1.0,0.25
2d,train__c09__user20__2-1-3,9,Pour_drinks,user20,2-1-3,45,1,0.8731060606060606,0.14525831355102567,0.8308026030368764,0.9151095614783249,0.37533137998991434,0.8389128473779641,2.0,154.0,0.0,1.0,0.5
25d,train__c09__user20__2-1-3,9,Pour_drinks,user20,2-1-3,45,-2,0.874031007751938,0.2507944267415982,0.5853658536585366,0.3876658865979193,0.1797891327194664,0.636605093901141,4.0,154.0,0.0,1.0,0.25
2d,train__c09__user20__3-1-1,9,Pour_drinks,user20,3-1-1,65,0,0.8987179487179487,0.14274044766777846,0.818830242510699,0.9388688196193945,0.35911487173535445,0.8360489255947704,2.0,154.0,0.0,1.0,0.5
25d,train__c09__user20__3-1-1,9,Pour_drinks,user20,3-1-1,65,0,0.8987179487179487,0.3005158640229606,0.48787446504992865,0.6652216329446269,0.2846530366265229,0.6210738916907076,2.0,154.0,0.0,1.0,0.5
2d,train__c09__user20__3-1-2,9,Pour_drinks,user20,3-1-2,68,1,0.9079601990049752,0.14066527581987193,0.8438356164383561,0.9611803785675033,0.22626201305116425,0.842993297777181,2.0,154.0,0.0,1.0,0.5
25d,train__c09__user20__3-1-2,9,Pour_drinks,user20,3-1-2,68,1,0.9067164179104478,0.2611655768886481,0.5363511659807956,0.6386337945159878,0.09780451891254806,0.6318635014505223,2.0,154.0,0.0,1.0,0.5
2d,train__c09__user20__3-1-3,9,Pour_drinks,user20,3-1-3,47,0,0.8599290780141844,0.142537089242636,0.8391752577319588,0.8711640087619607,0.3771132853585908,0.8379391968320862,1.0,154.0,1.0,1.0,1.0
25d,train__c09__user20__3-1-3,9,Pour_drinks,user20,3-1-3,47,2,0.8611111111111112,0.32232793671402105,0.4967741935483871,0.7049152052589523,0.144404432077189,0.6156587704944084,5.0,154.0,0.0,1.0,0.2
2d,train__c09__user20__5-1-1,9,Pour_drinks,user20,5-1-1,23,0,1.0,0.3056891978729274,0.7427536231884058,0.20586097529354141,0.118245715313836,0.7129690189315151,17.0,154.0,0.0,0.0,0.058823529411764705
25d,train__c09__user20__5-1-1,9,Pour_drinks,user20,5-1-1,23,-1,1.0,0.6116479263039286,0.1893939393939394,0.2191451537138128,0.24554511523128605,0.41949706568039435,7.0,154.0,0.0,0.0,0.14285714285714285
2d,train__c09__user20__5-1-2,9,Pour_drinks,user20,5-1-2,36,1,0.9785714285714285,0.28867301162864895,0.708029197080292,0.6405691084168387,0.3617500176303153,0.7534613634152609,2.0,154.0,0.0,1.0,0.5
25d,train__c09__user20__5-1-2,9,Pour_drinks,user20,5-1-2,36,0,0.9791666666666666,0.547965334443284,0.2364066193853428,-0.08678961123976961,0.3331522835987719,0.4192477674745362,15.0,154.0,0.0,0.0,0.06666666666666667
2d,train__c09__user20__5-1-3,9,Pour_drinks,user20,5-1-3,27,0,1.0,0.2885174071403903,0.5493827160493827,-0.10888068882195232,0.2879625206984475,0.5878696139973488,3.0,154.0,0.0,1.0,0.3333333333333333
25d,train__c09__user20__5-1-3,9,Pour_drinks,user20,5-1-3,27,0,0.9969135802469136,0.5544626670736971,0.22910216718266255,-0.08498100288471276,0.36562485290628904,0.4196213136546562,4.0,154.0,0.0,1.0,0.25
2d,train__c09__user20__6-3-1,9,Pour_drinks,user20,6-3-1,48,0,0.9930555555555556,0.2035268144072332,0.7185314685314685,0.588844895046384,0.42671333711498044,0.7603858530361252,1.0,154.0,1.0,1.0,1.0
25d,train__c09__user20__6-3-1,9,Pour_drinks,user20,6-3-1,48,0,0.9895833333333334,0.7910498334108814,0.30350877192982456,0.0414107586130801,0.29266078863067985,0.4669787929033459,1.0,154.0,1.0,1.0,1.0
2d,train__c09__user20__6-3-2,9,Pour_drinks,user20,6-3-2,24,2,0.9848484848484849,0.20782232896986563,0.5884615384615385,0.7590881590136095,0.3880174567949662,0.7021488197996781,1.0,154.0,1.0,1.0,1.0
25d,train__c09__user20__6-3-2,9,Pour_drinks,user20,6-3-2,24,2,0.9772727272727273,1.1568521920210566,0.1434108527131783,-0.1002446493152368,0.06878000750199213,0.3467372773506465,1.0,154.0,1.0,1.0,1.0
2d,train__c09__user20__6-3-3,9,Pour_drinks,user20,6-3-3,43,0,0.9825581395348837,0.18980684757748806,0.7337278106508875,0.6937195989169508,0.5185819530619517,0.785071716182818,1.0,154.0,1.0,1.0,1.0
25d,train__c09__user20__6-3-3,9,Pour_drinks,user20,6-3-3,43,0,0.9806201550387597,0.5760911386773963,0.1956521739130435,0.003074280740779133,0.142941323545098,0.3916987384960101,2.0,154.0,0.0,1.0,0.5
2d,train__c09__user20__7-1-1,9,Pour_drinks,user20,7-1-1,42,0,0.8690476190476191,0.1366987678998233,0.8721461187214612,0.9678295411236579,0.2978694717024833,0.8607082916916177,2.0,154.0,0.0,1.0,0.5
25d,train__c09__user20__7-1-1,9,Pour_drinks,user20,7-1-1,42,-1,0.8699186991869918,0.2586413238638778,0.5700934579439252,0.6266626937172051,0.2215692893024045,0.6548272378572589,3.0,154.0,0.0,1.0,0.3333333333333333
2d,train__c09__user20__7-1-2,9,Pour_drinks,user20,7-1-2,57,-1,0.8660714285714286,0.14414355128780262,0.7920962199312714,0.95303342236042,0.2744462711565406,0.8131468763921247,3.0,154.0,0.0,1.0,0.3333333333333333
25d,train__c09__user20__7-1-2,9,Pour_drinks,user20,7-1-2,57,-2,0.8651515151515151,0.2695992853092591,0.6654991243432574,0.805011242511503,0.1142570857810771,0.7166100755886743,5.0,154.0,0.0,1.0,0.2
2d,train__c09__user20__7-1-3,9,Pour_drinks,user20,7-1-3,30,-1,0.8649425287356322,0.15064397040406466,0.7940199335548173,0.9381031459282068,0.23131104127072205,0.8093638590168375,3.0,154.0,0.0,1.0,0.3333333333333333
25d,train__c09__user20__7-1-3,9,Pour_drinks,user20,7-1-3,30,2,0.8660714285714286,0.3142244440638489,0.6116838487972509,0.6129777680552628,0.2231944600804001,0.6760706210071872,4.0,154.0,0.0,1.0,0.25
2d,train__c10__user20__3-1-1,10,Stir_drinks,user20,3-1-1,29,0,0.9568965517241379,0.16776912351684117,0.7147147147147147,0.9833582617622685,0.09595303527987646,0.7693150520877244,2.0,154.0,0.0,1.0,0.5
25d,train__c10__user20__3-1-1,10,Stir_drinks,user20,3-1-1,29,0,0.9568965517241379,0.2885022872983595,0.3783783783783784,0.5961931262274407,0.07471863592212469,0.5440209735974253,1.0,154.0,1.0,1.0,1.0
2d,train__c10__user20__3-1-2,10,Stir_drinks,user20,3-1-2,42,1,0.9004065040650406,0.14364791555576154,0.7923250564334086,0.9406514254199034,0.2679840770159019,0.8149833797630619,1.0,154.0,1.0,1.0,1.0
25d,train__c10__user20__3-1-2,10,Stir_drinks,user20,3-1-2,42,1,0.8983739837398373,0.3707471011688969,0.48868778280542985,0.6676857775522302,0.14707927859879177,0.6114152025671026,1.0,154.0,1.0,1.0,1.0
2d,train__c10__user20__3-1-3,10,Stir_drinks,user20,3-1-3,21,1,0.8916666666666667,0.13823961522733746,0.8271028037383178,0.9584444692978925,0.24530873390162952,0.833315810695153,1.0,154.0,1.0,1.0,1.0
25d,train__c10__user20__3-1-3,10,Stir_drinks,user20,3-1-3,21,2,0.8903508771929824,0.28202117846807756,0.46798029556650245,0.5088503894698602,0.045542822999347775,0.5757250009528116,2.0,154.0,0.0,1.0,0.5
2d,train__c10__user20__5-1-1,10,Stir_drinks,user20,5-1-1,9,1,1.0,0.31359686034648776,0.4270833333333333,-0.03496163305174945,0.1973645029485377,0.5212020077492987,13.0,154.0,0.0,0.0,0.07692307692307693
25d,train__c10__user20__5-1-1,10,Stir_drinks,user20,5-1-1,9,2,1.0,0.4843275694386661,0.21428571428571427,0.22043763536141148,0.13678060213001755,0.42515945155303536,19.0,154.0,0.0,0.0,0.05263157894736842
2d,train__c10__user20__5-1-2,10,Stir_drinks,user20,5-1-2,21,0,0.9761904761904762,0.28854031883963677,0.4878048780487805,0.45115850905807126,0.1834876275657691,0.5997891535191168,1.0,154.0,1.0,1.0,1.0
25d,train__c10__user20__5-1-2,10,Stir_drinks,user20,5-1-2,21,1,0.825,0.5167508536774829,0.32323232323232326,0.36753820888335953,0.12997591766656189,0.4817797924911059,1.0,154.0,1.0,1.0,1.0
2d,train__c10__user20__5-1-3,10,Stir_drinks,user20,5-1-3,33,2,1.0,0.34254401739486967,0.4650537634408602,-0.3767071376913196,-0.09050727475812224,0.486320810516482,4.0,154.0,0.0,1.0,0.25
25d,train__c10__user20__5-1-3,10,Stir_drinks,user20,5-1-3,33,2,0.9946236559139785,0.47935600023965186,0.24594594594594596,-0.302217920003991,0.022976343023531548,0.3812340695880339,6.0,154.0,0.0,0.0,0.16666666666666666
2d,train__c10__user20__6-3-1,10,Stir_drinks,user20,6-3-1,29,1,1.0,0.27410880593667686,0.44642857142857145,0.8992108186072311,0.06905973454375676,0.6156362762372192,2.0,154.0,0.0,1.0,0.5
25d,train__c10__user20__6-3-1,10,Stir_drinks,user20,6-3-1,29,0,0.9942528735632183,1.207950734768465,0.1416184971098266,-0.3339948172054045,0.20655556663801375,0.33440764654403704,3.0,154.0,0.0,1.0,0.3333333333333333
2d,train__c10__user20__6-3-2,10,Stir_drinks,user20,6-3-2,16,-2,0.9940476190476191,0.13458740679893882,0.9101796407185628,0.9045246819570814,0.27686998662473594,0.8862212814925349,1.0,154.0,1.0,1.0,1.0
25d,train__c10__user20__6-3-2,10,Stir_drinks,user20,6-3-2,16,-1,0.9944444444444445,0.9038146285535362,0.05027932960893855,-0.5782948563398512,0.2549126416828291,0.2633870382215877,4.0,154.0,0.0,1.0,0.25
2d,train__c10__user20__6-3-3,10,Stir_drinks,user20,6-3-3,25,-1,1.0,0.27355296055639694,0.6597222222222222,0.7105423366323841,0.09276809424903759,0.7158590629541385,1.0,154.0,1.0,1.0,1.0
25d,train__c10__user20__6-3-3,10,Stir_drinks,user20,6-3-3,25,0,0.9966666666666667,0.6801234743865882,0.16722408026755853,-0.14157850672025982,0.19999588168444893,0.36748175126813154,2.0,154.0,0.0,1.0,0.5
2d,train__c10__user20__7-1-1,10,Stir_drinks,user20,7-1-1,31,0,0.8790322580645161,0.13252187122705159,0.8562691131498471,0.926880433757718,0.591485223421545,0.8709006731712552,1.0,154.0,1.0,1.0,1.0
25d,train__c10__user20__7-1-1,10,Stir_drinks,user20,7-1-1,31,-1,0.8777777777777778,0.30105486204756987,0.5759493670886076,0.7716459017092754,0.37295087462686144,0.684685835444454,1.0,154.0,1.0,1.0,1.0
2d,train__c10__user20__7-1-2,10,Stir_drinks,user20,7-1-2,28,0,0.8690476190476191,0.12569614306137464,0.8801369863013698,0.8503964083328274,0.443078280390089,0.8642506162330548,1.0,154.0,1.0,1.0,1.0
25d,train__c10__user20__7-1-2,10,Stir_drinks,user20,7-1-2,28,-2,0.8717948717948718,0.29430109052121817,0.6727941176470589,0.6087211018370597,0.37551885052849165,0.7212522758587124,1.0,154.0,1.0,1.0,1.0
2d,train__c12__user20__2-1-1,12,Sweep_the_floor,user20,2-1-1,100,0,0.9508333333333333,0.10230935111135622,0.9631901840490797,0.8559253439021247,0.4088629450558019,0.9160951898297248,1.0,154.0,1.0,1.0,1.0
25d,train__c12__user20__2-1-1,12,Sweep_the_floor,user20,2-1-1,100,0,0.9416666666666667,0.3824383177200486,0.4761061946902655,0.5733853618954377,0.24342528876382138,0.6066205065931431,1.0,154.0,1.0,1.0,1.0
2d,train__c12__user20__2-1-2,12,Sweep_the_floor,user20,2-1-2,60,0,0.8916666666666667,0.11121598591823684,0.9517133956386293,0.9088555680831009,0.2613358197375399,0.8980947775565384,1.0,154.0,1.0,1.0,1.0
25d,train__c12__user20__2-1-2,12,Sweep_the_floor,user20,2-1-2,60,-1,0.8926553672316384,0.3739644756584159,0.4541139240506329,0.5801733488896739,0.028099360425365455,0.5741529818718818,1.0,154.0,1.0,1.0,1.0
2d,train__c12__user20__2-1-3,12,Sweep_the_floor,user20,2-1-3,32,0,0.9322916666666666,0.11209293433320959,0.9301675977653632,0.9036016545560327,0.2695173003451477,0.8903953084191059,1.0,154.0,1.0,1.0,1.0
25d,train__c12__user20__2-1-3,12,Sweep_the_floor,user20,2-1-3,32,0,0.9322916666666666,0.4637567964253936,0.3659217877094972,0.6121324925817713,0.10845201473112931,0.538833300269902,1.0,154.0,1.0,1.0,1.0
2d,train__c12__user20__3-2-1,12,Sweep_the_floor,user20,3-2-1,47,0,0.9574468085106383,0.2367597885781904,0.6888888888888889,0.9713548936643592,0.48490624154530065,0.7831370272222863,2.0,154.0,0.0,1.0,0.5
25d,train__c12__user20__3-2-1,12,Sweep_the_floor,user20,3-2-1,47,-1,0.9547101449275363,1.0766709248720516,0.38140417457305503,0.6692972549459517,0.28314945986628365,0.5684092454925004,40.0,154.0,0.0,0.0,0.025
2d,train__c12__user20__3-2-2,12,Sweep_the_floor,user20,3-2-2,37,0,0.9864864864864865,0.25352627060963756,0.680365296803653,0.9765391881734998,0.2675135049121058,0.7655669935764158,4.0,154.0,0.0,1.0,0.25
25d,train__c12__user20__3-2-2,12,Sweep_the_floor,user20,3-2-2,37,0,0.9864864864864865,1.1287722572534862,0.3561643835616438,0.6716993658231213,0.2013737451582203,0.5518120270767315,43.0,154.0,0.0,0.0,0.023255813953488372
2d,train__c12__user20__3-2-3,12,Sweep_the_floor,user20,3-2-3,25,0,0.9633333333333334,0.24255465391991224,0.6816608996539792,0.9577719829400363,0.3954907459994712,0.771685832386986,1.0,154.0,1.0,1.0,1.0
25d,train__c12__user20__3-2-3,12,Sweep_the_floor,user20,3-2-3,25,0,0.9633333333333334,0.9560004978767372,0.3356401384083045,0.7456470789446261,0.13254601476718816,0.5404410684599026,18.0,154.0,0.0,0.0,0.05555555555555555
2d,train__c13__user20__2-1-1,13,Mop_the_floor,user20,2-1-1,75,0,0.9777777777777777,0.08971633486644714,0.975,0.8633694555699476,0.29089847076988345,0.9171821086425138,1.0,154.0,1.0,1.0,1.0
25d,train__c13__user20__2-1-1,13,Mop_the_floor,user20,2-1-1,75,1,0.963963963963964,0.36998556227630175,0.4287383177570093,0.7222766628931943,0.2043634898208455,0.5947573991886344,1.0,154.0,1.0,1.0,1.0
2d,train__c13__user20__2-1-2,13,Mop_the_floor,user20,2-1-2,35,-1,0.9607843137254902,0.08342940670857733,0.9974489795918368,0.8694739974159246,0.2773174425380002,0.9274215780800018,1.0,154.0,1.0,1.0,1.0
25d,train__c13__user20__2-1-2,13,Mop_the_floor,user20,2-1-2,35,2,0.9621212121212122,0.48088446546367747,0.4041994750656168,0.7771584674551393,-0.010407949436136635,0.5704570830360142,1.0,154.0,1.0,1.0,1.0
2d,train__c13__user20__2-1-3,13,Mop_the_floor,user20,2-1-3,13,0,0.8782051282051282,0.11898702424668696,0.9124087591240876,0.654609101562268,0.17825465520278402,0.8434753396351967,2.0,154.0,0.0,1.0,0.5
25d,train__c13__user20__2-1-3,13,Mop_the_floor,user20,2-1-3,13,2,0.8484848484848485,0.37101018587688167,0.42857142857142855,0.49686236176492804,0.016723772327248948,0.546503289663807,2.0,154.0,0.0,1.0,0.5
2d,train__c13__user20__3-2-1,13,Mop_the_floor,user20,3-2-1,50,-1,0.9863945578231292,0.2157967739182761,0.6775862068965517,0.9387206186433931,0.19303063777889898,0.754661229273173,3.0,154.0,0.0,1.0,0.3333333333333333
25d,train__c13__user20__3-2-1,13,Mop_the_floor,user20,3-2-1,50,0,0.985,1.0531944838964167,0.3553299492385787,0.6378641411729612,0.1098029488301729,0.5409531073607774,22.0,154.0,0.0,0.0,0.045454545454545456
2d,train__c13__user20__3-2-2,13,Mop_the_floor,user20,3-2-2,33,0,0.9974747474747475,0.20609396530442642,0.6556962025316456,0.8975724063141401,0.3780478028365497,0.7534912119840351,3.0,154.0,0.0,1.0,0.3333333333333333
25d,train__c13__user20__3-2-2,13,Mop_the_floor,user20,3-2-2,33,0,0.9949494949494949,1.0484857729444628,0.3883248730964467,0.6680337998054663,0.2291326185821935,0.5720619560722063,14.0,154.0,0.0,0.0,0.07142857142857142
2d,train__c13__user20__3-2-3,13,Mop_the_floor,user20,3-2-3,20,0,0.9916666666666667,0.2514746209041908,0.6638655462184874,0.9560618731958854,0.4426680486997543,0.768099008058905,3.0,154.0,0.0,1.0,0.3333333333333333
25d,train__c13__user20__3-2-3,13,Mop_the_floor,user20,3-2-3,20,0,0.9875,0.9035622373297085,0.35864978902953587,0.7184127039598439,0.07201372608600058,0.5482496838186792,22.0,154.0,0.0,0.0,0.045454545454545456
2d,train__c13__user20__6-3-1,13,Mop_the_floor,user20,6-3-1,48,0,0.9913194444444444,0.16233894631954235,0.8161120840630472,0.851633039185783,0.23095131347726025,0.8254782431084933,1.0,154.0,1.0,1.0,1.0
25d,train__c13__user20__6-3-1,13,Mop_the_floor,user20,6-3-1,48,-1,0.9911347517730497,0.49461229066074136,0.41144901610017887,0.5860981752711155,0.14218919486219359,0.5696844411741794,1.0,154.0,1.0,1.0,1.0
2d,train__c13__user20__6-3-2,13,Mop_the_floor,user20,6-3-2,23,0,1.0,0.23268391260467344,0.5833333333333334,0.8276004091751498,0.4603001860559703,0.713115888205046,1.0,154.0,1.0,1.0,1.0
25d,train__c13__user20__6-3-2,13,Mop_the_floor,user20,6-3-2,23,0,1.0,0.7685068875396494,0.25,0.6875918807765034,0.1633770919467972,0.49351246997366016,1.0,154.0,1.0,1.0,1.0
2d,train__c13__user20__6-3-3,13,Mop_the_floor,user20,6-3-3,45,0,1.0,0.2177278968244342,0.6259259259259259,0.8276144254331121,0.19204047914827369,0.7164237377386911,1.0,154.0,1.0,1.0,1.0
25d,train__c13__user20__6-3-3,13,Mop_the_floor,user20,6-3-3,45,0,1.0,0.7891024987075813,0.29814814814814816,0.6246885697203919,0.204742914626321,0.5168060570504948,1.0,154.0,1.0,1.0,1.0
2d,train__c14__user20__3-1-1,14,Wipe_bowls,user20,3-1-1,48,0,0.875,0.14978777612891442,0.8392857142857143,0.9307675592404856,0.3583031771219834,0.8440566370653403,1.0,154.0,1.0,1.0,1.0
25d,train__c14__user20__3-1-1,14,Wipe_bowls,user20,3-1-1,48,0,0.875,0.25249731323177754,0.5674603174603174,0.8489452816233056,0.2952044428364898,0.6816380359782419,1.0,154.0,1.0,1.0,1.0
2d,train__c14__user20__3-1-2,14,Wipe_bowls,user20,3-1-2,38,0,0.9276315789473685,0.12077354881181468,0.8770685579196218,0.9431477862735966,0.5975651276332028,0.8892830279503788,1.0,154.0,1.0,1.0,1.0
25d,train__c14__user20__3-1-2,14,Wipe_bowls,user20,3-1-2,38,0,0.9254385964912281,0.32641207878204737,0.5023696682464455,0.7489110963722344,0.3216195201297675,0.6428597508316238,1.0,154.0,1.0,1.0,1.0
2d,train__c14__user20__3-1-3,14,Wipe_bowls,user20,3-1-3,33,0,0.8459595959595959,0.10665323501828206,0.9373134328358209,0.920742829272118,0.5546832241037197,0.9087938723906519,1.0,154.0,1.0,1.0,1.0
25d,train__c14__user20__3-1-3,14,Wipe_bowls,user20,3-1-3,33,1,0.8463541666666666,0.2781339949095026,0.5784615384615385,0.7606264187606537,0.3981276475400204,0.6837114782620798,1.0,154.0,1.0,1.0,1.0
2d,train__c15__user20__3-2-1,15,Wipe_windows_and_tables,user20,3-2-1,36,0,0.9444444444444444,0.32526198978001686,0.5906862745098039,0.8890350758102245,0.2725804889575939,0.7036689396776786,2.0,154.0,0.0,1.0,0.5
25d,train__c15__user20__3-2-1,15,Wipe_windows_and_tables,user20,3-2-1,36,0,0.9444444444444444,1.0011817571706372,0.35049019607843135,0.6213240181074017,0.16422333174895531,0.5366632039794935,2.0,154.0,0.0,1.0,0.5
2d,train__c15__user20__3-2-2,15,Wipe_windows_and_tables,user20,3-2-2,47,0,0.9343971631205674,0.29838742058171747,0.618595825426945,0.94463191860392,0.14213289381802627,0.7137905791936204,1.0,154.0,1.0,1.0,1.0
25d,train__c15__user20__3-2-2,15,Wipe_windows_and_tables,user20,3-2-2,47,0,0.9343971631205674,0.9331648607044015,0.33396584440227706,0.7083982124423239,0.045219154898383324,0.5263521885949203,3.0,154.0,0.0,1.0,0.3333333333333333
2d,train__c15__user20__3-2-3,15,Wipe_windows_and_tables,user20,3-2-3,14,0,0.9345238095238095,0.3441103906512906,0.5031847133757962,0.8937761196891056,0.18908173243121199,0.6487627152103204,1.0,154.0,1.0,1.0,1.0
25d,train__c15__user20__3-2-3,15,Wipe_windows_and_tables,user20,3-2-3,14,0,0.9285714285714286,0.7886842795348744,0.3333333333333333,0.7051049570291036,0.15674429010228474,0.5334567936510579,1.0,154.0,1.0,1.0,1.0
2d,train__c17__user20__2-2-1,17,Tap_the_keyboard,user20,2-2-1,31,0,1.0,0.25788043881469946,0.7446236559139785,0.5071466101991601,0.6021221310505593,0.7804168316013961,18.0,154.0,0.0,0.0,0.05555555555555555
25d,train__c17__user20__2-2-1,17,Tap_the_keyboard,user20,2-2-1,31,0,1.0,0.7708800352165368,0.4327956989247312,0.505382206695897,0.4375868079167659,0.5963948656719493,2.0,154.0,0.0,1.0,0.5
2d,train__c17__user20__2-2-2,17,Tap_the_keyboard,user20,2-2-2,22,0,1.0,0.23681722095000066,0.6856060606060606,0.45256860992919845,0.4831636177520339,0.7335774656576558,11.0,154.0,0.0,0.0,0.09090909090909091
25d,train__c17__user20__2-2-2,17,Tap_the_keyboard,user20,2-2-2,22,0,1.0,0.7518880034024089,0.3522727272727273,0.598391986485131,0.19472373170982146,0.5431934785267497,4.0,154.0,0.0,1.0,0.25
2d,train__c17__user20__2-2-3,17,Tap_the_keyboard,user20,2-2-3,11,0,1.0,0.2729109230264978,0.6212121212121212,0.6742637532118215,0.30771822171577545,0.707171908616532,18.0,154.0,0.0,0.0,0.05555555555555555
25d,train__c17__user20__2-2-3,17,Tap_the_keyboard,user20,2-2-3,11,0,1.0,0.6924985457733653,0.14393939393939395,0.3973695835821298,0.30282704779135644,0.41661565360923136,6.0,154.0,0.0,0.0,0.16666666666666666
2d,train__c17__user20__4-1-1,17,Tap_the_keyboard,user20,4-1-1,50,0,0.985,0.20129581280366093,0.7817258883248731,0.6630773430113837,0.04999567343322122,0.7735066483873102,2.0,154.0,0.0,1.0,0.5
25d,train__c17__user20__4-1-1,17,Tap_the_keyboard,user20,4-1-1,50,0,0.985,0.4475268015918751,0.2470389170896785,0.2234040182387502,0.007994183245358255,0.43231136996660013,11.0,154.0,0.0,0.0,0.09090909090909091
2d,train__c17__user20__4-1-2,17,Tap_the_keyboard,user20,4-1-2,46,1,0.9407407407407408,0.18133667786087454,0.7303149606299213,0.8146077007695887,0.11372652044202962,0.760737561530642,1.0,154.0,1.0,1.0,1.0
25d,train__c17__user20__4-1-2,17,Tap_the_keyboard,user20,4-1-2,46,1,0.9407407407407408,0.43559646528388196,0.3228346456692913,0.3021321759807323,0.18450899892328243,0.4906845217095037,14.0,154.0,0.0,0.0,0.07142857142857142
2d,train__c17__user20__4-1-3,17,Tap_the_keyboard,user20,4-1-3,56,0,0.8705357142857143,0.17446576607658412,0.6341880341880342,0.917204071249907,0.1769232479065595,0.7158466409499729,5.0,154.0,0.0,1.0,0.2
25d,train__c17__user20__4-1-3,17,Tap_the_keyboard,user20,4-1-3,56,1,0.8681818181818182,0.41156718120802155,0.2286212914485166,0.28008036911127643,0.06229586210870727,0.4202401186841467,12.0,154.0,0.0,0.0,0.08333333333333333
2d,train__c17__user20__5-1-1,17,Tap_the_keyboard,user20,5-1-1,76,0,0.9747807017543859,0.27176407275474695,0.5230596175478065,0.7189183402348671,0.3714164962156237,0.6599089310663908,1.0,154.0,1.0,1.0,1.0
25d,train__c17__user20__5-1-1,17,Tap_the_keyboard,user20,5-1-1,76,0,0.9747807017543859,0.5607757485759595,0.3194600674915636,0.5369985038163855,0.3082080636909627,0.5249965624542593,2.0,154.0,0.0,1.0,0.5
2d,train__c17__user20__5-1-2,17,Tap_the_keyboard,user20,5-1-2,29,0,0.9396551724137931,0.3087545051816451,0.3761467889908257,0.8955935615287144,0.2197083591057931,0.5818837342721395,2.0,154.0,0.0,1.0,0.5
25d,train__c17__user20__5-1-2,17,Tap_the_keyboard,user20,5-1-2,29,-2,0.9104938271604939,0.5134087803725981,0.18983050847457628,0.4677737028187654,0.20348709566741818,0.4324950648339993,2.0,154.0,0.0,1.0,0.5
2d,train__c17__user20__5-1-3,17,Tap_the_keyboard,user20,5-1-3,38,-2,0.9560185185185185,0.29244940446376755,0.46731234866828086,0.812018159672186,0.17518690288296832,0.6219644773028477,1.0,154.0,1.0,1.0,1.0
25d,train__c17__user20__5-1-3,17,Tap_the_keyboard,user20,5-1-3,38,-1,0.954954954954955,0.4703627392003195,0.2429245283018868,0.543761854477267,0.13463108393332235,0.46857750280425914,1.0,154.0,1.0,1.0,1.0
2d,train__c18__user20__2-2-1,18,Write,user20,2-2-1,14,-1,1.0,0.2683442454685058,0.75,0.5248717012756765,0.3269150557920982,0.764505799311975,25.0,154.0,0.0,0.0,0.04
25d,train__c18__user20__2-2-1,18,Write,user20,2-2-1,14,2,1.0,0.7819751615999944,0.4444444444444444,0.5306763433255753,0.4083163319425558,0.6031358036726937,2.0,154.0,0.0,1.0,0.5
2d,train__c18__user20__2-2-2,18,Write,user20,2-2-2,17,-1,1.0,0.25797721547238267,0.7395833333333334,0.8487462295888681,0.19213491224209078,0.781055574710377,13.0,154.0,0.0,0.0,0.07692307692307693
25d,train__c18__user20__2-2-2,18,Write,user20,2-2-2,17,1,1.0,0.7378093878666768,0.4791666666666667,0.49254189961533357,0.1131554593596537,0.5962825160801741,7.0,154.0,0.0,0.0,0.14285714285714285
2d,train__c18__user20__2-2-3,18,Write,user20,2-2-3,8,0,1.0,0.2613893730846755,0.6666666666666666,0.6412468078729194,0.3435705270668999,0.7315591369839761,12.0,154.0,0.0,0.0,0.08333333333333333
25d,train__c18__user20__2-2-3,18,Write,user20,2-2-3,8,-1,1.0,0.7176631190512416,0.15476190476190477,0.31237674715117014,0.39718668640180116,0.4211457238142997,5.0,154.0,0.0,1.0,0.2
2d,train__c20__user20__1-1-1,20,Check_the_time,user20,1-1-1,32,0,0.8229166666666666,0.3245417127079967,0.5822784810126582,0.3329324769643849,0.2818601273376474,0.6319775884703908,23.0,154.0,0.0,0.0,0.043478260869565216
25d,train__c20__user20__1-1-1,20,Check_the_time,user20,1-1-1,32,1,0.8198924731182796,0.6251051322888918,0.32459016393442625,0.2945055664695005,0.17119047365101356,0.47780367964653847,58.0,154.0,0.0,0.0,0.017241379310344827
2d,train__c20__user20__1-1-2,20,Check_the_time,user20,1-1-2,18,0,0.8101851851851852,0.34816292776819746,0.5485714285714286,0.6152787457938518,0.5272005502574404,0.6588007200814975,18.0,154.0,0.0,0.0,0.05555555555555555
25d,train__c20__user20__1-1-2,20,Check_the_time,user20,1-1-2,18,0,0.8009259259259259,0.6240351879389281,0.37572254335260113,0.598968016928627,0.31662541870953753,0.5453836995326014,39.0,154.0,0.0,0.0,0.02564102564102564
2d,train__c20__user20__1-1-3,20,Check_the_time,user20,1-1-3,26,0,0.7660256410256411,0.31627264353433115,0.6443514644351465,0.8369568970359667,0.2361793620531826,0.7074050113994801,23.0,154.0,0.0,0.0,0.043478260869565216
25d,train__c20__user20__1-1-3,20,Check_the_time,user20,1-1-3,26,0,0.7660256410256411,0.8018791221178213,0.29707112970711297,0.7167667430274691,0.2911669923422937,0.5085058841698952,53.0,154.0,0.0,0.0,0.018867924528301886
2d,train__c20__user20__2-2-1,20,Check_the_time,user20,2-2-1,14,-1,1.0,0.20086326468516286,0.7051282051282052,0.9323551087943529,0.21714846341527125,0.7723421584560936,2.0,154.0,0.0,1.0,0.5
25d,train__c20__user20__2-2-1,20,Check_the_time,user20,2-2-1,14,-1,1.0,0.7763056310782018,0.4166666666666667,0.6548490765731203,0.3585568399498127,0.5965433373202147,29.0,154.0,0.0,0.0,0.034482758620689655
2d,train__c20__user20__2-2-2,20,Check_the_time,user20,2-2-2,11,1,1.0,0.19335316087816337,0.6666666666666666,0.947557623802201,0.42852893830289657,0.768562099419604,1.0,154.0,1.0,1.0,1.0
25d,train__c20__user20__2-2-2,20,Check_the_time,user20,2-2-2,11,0,0.9924242424242424,0.8794587239853532,0.3053435114503817,0.02499602364494005,0.404785848588638,0.47503989654877604,11.0,154.0,0.0,0.0,0.09090909090909091
2d,train__c20__user20__4-1-1,20,Check_the_time,user20,4-1-1,21,-1,0.9166666666666666,0.22810414149328523,0.6090909090909091,0.4064425575091562,0.34116313104155044,0.6678981572456986,3.0,154.0,0.0,1.0,0.3333333333333333
25d,train__c20__user20__4-1-1,20,Check_the_time,user20,4-1-1,21,-1,0.9166666666666666,0.46551311423199154,0.15,0.6110842032324456,0.19249776418414485,0.4247124193037221,16.0,154.0,0.0,0.0,0.0625
2d,train__c20__user20__4-1-3,20,Check_the_time,user20,4-1-3,13,0,0.9615384615384616,0.17725208737816053,0.76,0.5799100504768958,0.31899239164792886,0.7710692805751305,1.0,154.0,1.0,1.0,1.0
25d,train__c20__user20__4-1-3,20,Check_the_time,user20,4-1-3,13,1,0.9583333333333334,0.5216596319903763,0.26811594202898553,0.23283094368321378,0.1304584198615243,0.4513645773072111,36.0,154.0,0.0,0.0,0.027777777777777776
2d,train__c20__user20__5-1-3,20,Check_the_time,user20,5-1-3,11,-2,0.9907407407407407,0.19932608797190457,0.6635514018691588,0.7369996357502908,-0.00829951559873358,0.7121048450072356,1.0,154.0,1.0,1.0,1.0
25d,train__c20__user20__5-1-3,20,Check_the_time,user20,5-1-3,11,-1,0.975,0.6298616977145111,0.3247863247863248,0.4811123739651959,0.4349067250325677,0.5318617204064409,94.0,154.0,0.0,0.0,0.010638297872340425
2d,train__c21__user20__4-1-1,21,Read_documents,user20,4-1-1,66,-1,0.9987179487179487,0.3022938722204072,0.49037227214377405,-0.11730491688714241,0.2923318626343344,0.5547709425597315,11.0,154.0,0.0,0.0,0.09090909090909091
25d,train__c21__user20__4-1-1,21,Read_documents,user20,4-1-1,66,-1,0.9871794871794872,0.4489460779263285,0.35064935064935066,0.19442311293236295,0.29335561255381193,0.5080190738098638,10.0,154.0,0.0,0.0,0.1
2d,train__c21__user20__4-1-2,21,Read_documents,user20,4-1-2,9,0,0.9722222222222222,0.2715332495985151,0.6095238095238096,-0.023006144729038266,0.30786737883250453,0.6282497563998515,2.0,154.0,0.0,1.0,0.5
25d,train__c21__user20__4-1-2,21,Read_documents,user20,4-1-2,9,-2,0.9761904761904762,0.43601723156522404,0.32926829268292684,0.03595720548469963,-0.005266533774237719,0.4569173391100595,4.0,154.0,0.0,1.0,0.25
2d,train__c21__user20__4-1-3,21,Read_documents,user20,4-1-3,16,-2,1.0,0.23303611248044764,0.6369047619047619,-0.08728980887223917,-0.014027796756977845,0.6155165534036218,4.0,154.0,0.0,1.0,0.25
25d,train__c21__user20__4-1-3,21,Read_documents,user20,4-1-3,16,-2,0.9642857142857143,0.39512294278049,0.3395061728395062,0.17891043435574117,0.2085252868868763,0.4916874064423897,12.0,154.0,0.0,0.0,0.08333333333333333
2d,train__c22__user20__2-2-1,22,Turn_pages,user20,2-2-1,27,-1,1.0,0.2696732274274153,0.6121794871794872,0.7829502998545244,0.09489077031309147,0.6971105557076522,9.0,154.0,0.0,0.0,0.1111111111111111
25d,train__c22__user20__2-2-1,22,Turn_pages,user20,2-2-1,27,1,1.0,0.6322258612060645,0.15064102564102563,0.4357363760287992,0.14683947432921063,0.4124391622801348,6.0,154.0,0.0,0.0,0.16666666666666666
2d,train__c22__user20__2-2-2,22,Turn_pages,user20,2-2-2,31,0,0.9973118279569892,0.2533814908307347,0.6199460916442049,0.6795565796405408,0.18855903485681683,0.6977991187783271,1.0,154.0,1.0,1.0,1.0
25d,train__c22__user20__2-2-2,22,Turn_pages,user20,2-2-2,31,0,0.9973118279569892,0.709803194030572,0.2749326145552561,0.28090927167943053,0.22850384227637402,0.4711728361397609,2.0,154.0,0.0,1.0,0.5
2d,train__c22__user20__2-2-3,22,Turn_pages,user20,2-2-3,11,0,0.9696969696969697,0.27084001344054187,0.65625,0.4563844118537235,0.3710444606324185,0.7063739727025007,11.0,154.0,0.0,0.0,0.09090909090909091
25d,train__c22__user20__2-2-3,22,Turn_pages,user20,2-2-3,11,0,0.9696969696969697,0.658459304788599,0.265625,0.3113858060969563,0.3453468985637815,0.47510304497167627,3.0,154.0,0.0,1.0,0.3333333333333333
2d,train__c22__user20__4-1-1,22,Turn_pages,user20,4-1-1,33,1,0.9427083333333334,0.262493530978751,0.5911602209944752,0.2628382084570331,-0.002894675255124747,0.6204756750818636,12.0,154.0,0.0,0.0,0.08333333333333333
25d,train__c22__user20__4-1-1,22,Turn_pages,user20,4-1-1,33,-2,0.9408602150537635,0.3518047417965385,0.3914285714285714,0.12575307029340976,0.018761109300636257,0.4983541260179794,9.0,154.0,0.0,0.0,0.1111111111111111
2d,train__c22__user20__4-1-2,22,Turn_pages,user20,4-1-2,29,0,0.9626436781609196,0.22883334286124768,0.7343283582089553,-0.02616086145079045,0.10055194332432948,0.680070274435263,1.0,154.0,1.0,1.0,1.0
25d,train__c22__user20__4-1-2,22,Turn_pages,user20,4-1-2,29,0,0.9626436781609196,0.3799445499835407,0.33134328358208953,0.18789296044911336,0.27332706970537984,0.492792000059056,1.0,154.0,1.0,1.0,1.0
2d,train__c22__user20__4-1-3,22,Turn_pages,user20,4-1-3,28,0,1.0,0.23358872748610188,0.6309523809523809,-0.19495531247455464,0.10115187844106056,0.6101146691594336,4.0,154.0,0.0,1.0,0.25
25d,train__c22__user20__4-1-3,22,Turn_pages,user20,4-1-3,28,2,1.0,0.280409099703078,0.4198717948717949,-0.04714143070734036,0.12247051438388644,0.5104006326875447,1.0,154.0,1.0,1.0,1.0
2d,train__c23__user20__6-3-1,23,Listen_to_music_with_headphones,user20,6-3-1,38,0,0.9758771929824561,0.19732543525510854,0.7213483146067415,0.8943645420681793,0.4068636452966011,0.7892805199360166,1.0,154.0,1.0,1.0,1.0
25d,train__c23__user20__6-3-1,23,Listen_to_music_with_headphones,user20,6-3-1,38,0,0.9736842105263158,0.47286654236405085,0.25900900900900903,0.7954105633929129,0.2697801427086383,0.5145979430500257,1.0,154.0,1.0,1.0,1.0
2d,train__c23__user20__6-3-2,23,Listen_to_music_with_headphones,user20,6-3-2,33,0,0.9974747474747475,0.18185084125595358,0.6784810126582278,0.9627274903132292,0.6168872430341458,0.7904513239683839,1.0,154.0,1.0,1.0,1.0
25d,train__c23__user20__6-3-2,23,Listen_to_music_with_headphones,user20,6-3-2,33,0,0.9949494949494949,0.4298239692065365,0.2893401015228426,0.9295224799961759,0.3749461257015925,0.55470521275975,1.0,154.0,1.0,1.0,1.0
2d,train__c23__user20__6-3-3,23,Listen_to_music_with_headphones,user20,6-3-3,41,0,0.9349593495934959,0.13681703802242454,0.8869565217391304,0.9433137370389122,0.5717037099371701,0.8935311738650504,1.0,154.0,1.0,1.0,1.0
25d,train__c23__user20__6-3-3,23,Listen_to_music_with_headphones,user20,6-3-3,41,0,0.926829268292683,0.8038928669653186,0.4276315789473684,0.82011579199171,0.4688853012748791,0.6200582720451079,2.0,154.0,0.0,1.0,0.5
2d,train__c24__user20__4-1-1,24,Use_a_mobile_phone,user20,4-1-1,26,1,1.0,0.23135532678168028,0.5366666666666666,0.4274254417108757,0.2525953217172187,0.6318538599665456,2.0,154.0,0.0,1.0,0.5
25d,train__c24__user20__4-1-1,24,Use_a_mobile_phone,user20,4-1-1,26,0,1.0,0.3569008130383477,0.3141025641025641,0.2892568052466427,0.27012367447956104,0.49694136636704167,5.0,154.0,0.0,1.0,0.2
2d,train__c24__user20__4-1-2,24,Use_a_mobile_phone,user20,4-1-2,22,0,0.9848484848484849,0.21509801974844497,0.7461538461538462,-0.13904531411094806,0.2517498160191409,0.6888461686598047,2.0,154.0,0.0,1.0,0.5
25d,train__c24__user20__4-1-2,24,Use_a_mobile_phone,user20,4-1-2,22,0,0.9772727272727273,0.3640674842271725,0.3643410852713178,0.024557221376907145,0.291481742621099,0.49743172246077066,8.0,154.0,0.0,0.0,0.125
2d,train__c24__user20__4-1-3,24,Use_a_mobile_phone,user20,4-1-3,16,0,0.96875,0.18623328703334874,0.7741935483870968,0.24666527654508866,0.3966245807270497,0.7520948228219408,1.0,154.0,1.0,1.0,1.0
25d,train__c24__user20__4-1-3,24,Use_a_mobile_phone,user20,4-1-3,16,2,0.9642857142857143,0.30092735156349315,0.2716049382716049,0.3411704003494441,0.15482566822393795,0.4665402526296939,5.0,154.0,0.0,1.0,0.2
2d,train__c27__user20__7-2-1,27,Take_a_selfie,user20,7-2-1,45,0,0.7611111111111111,0.20928424511398888,0.7858880778588808,0.8702362789083044,0.2646374570811933,0.7902209911054155,2.0,154.0,0.0,1.0,0.5
25d,train__c27__user20__7-2-1,27,Take_a_selfie,user20,7-2-1,45,-1,0.759469696969697,0.534939453889543,0.4139650872817955,0.9431791780083097,0.20503717660683904,0.5883234737483011,2.0,154.0,0.0,1.0,0.5
2d,train__c27__user20__7-2-2,27,Take_a_selfie,user20,7-2-2,43,0,0.7984496124031008,0.19625266599508684,0.7475728155339806,0.9569643705223684,0.2161499952480579,0.7779176964798407,2.0,154.0,0.0,1.0,0.5
25d,train__c27__user20__7-2-2,27,Take_a_selfie,user20,7-2-2,43,0,0.7984496124031008,0.3687900184213824,0.441747572815534,0.9330121084929394,0.1481234514200876,0.6022165959946543,5.0,154.0,0.0,1.0,0.2
2d,train__c27__user20__7-2-3,27,Take_a_selfie,user20,7-2-3,13,1,0.7708333333333334,0.16462979213374637,0.8648648648648649,0.9837434574506153,0.5146434789466028,0.8647316156750657,1.0,154.0,1.0,1.0,1.0
25d,train__c27__user20__7-2-3,27,Take_a_selfie,user20,7-2-3,13,2,0.7727272727272727,0.2664592476274423,0.5,0.9934226968318426,0.3351274980090988,0.651749559306594,1.0,154.0,1.0,1.0,1.0
2d,train__c29__user20__1-2-1,29,Do_squats,user20,1-2-1,19,-1,0.8981481481481481,0.12515775648729535,0.8917525773195877,0.904787556599362,0.5105381099564579,0.8840478462472587,1.0,154.0,1.0,1.0,1.0
25d,train__c29__user20__1-2-1,29,Do_squats,user20,1-2-1,19,-1,0.8981481481481481,0.5509237174062003,0.3711340206185567,0.490301455906562,0.34404476568076925,0.543772029171735,2.0,154.0,0.0,1.0,0.5
2d,train__c29__user20__1-2-2,29,Do_squats,user20,1-2-2,18,0,0.8564814814814815,0.15128484914433912,0.8054054054054054,0.8981399814515401,0.3052161765242442,0.8163263325055934,1.0,154.0,1.0,1.0,1.0
25d,train__c29__user20__1-2-2,29,Do_squats,user20,1-2-2,18,0,0.8564814814814815,0.6209596539934179,0.31891891891891894,0.3911397770547177,0.09014701881530669,0.4819285576701734,3.0,154.0,0.0,1.0,0.3333333333333333
2d,train__c29__user20__1-2-3,29,Do_squats,user20,1-2-3,17,0,0.7990196078431373,0.20198473228738648,0.7116564417177914,0.9537744887980173,0.49048185835997005,0.7784765919858986,3.0,154.0,0.0,1.0,0.3333333333333333
25d,train__c29__user20__1-2-3,29,Do_squats,user20,1-2-3,17,0,0.7941176470588235,0.6849509602023719,0.3271604938271605,0.5743058627085439,0.2066724000287347,0.5072810525838303,14.0,154.0,0.0,0.0,0.07142857142857142
2d,train__c29__user20__6-1-1,29,Do_squats,user20,6-1-1,37,0,1.0,0.10510150401924634,0.9504504504504504,0.7645057778289888,0.4237031691033571,0.9059760632133984,1.0,154.0,1.0,1.0,1.0
25d,train__c29__user20__6-1-1,29,Do_squats,user20,6-1-1,37,0,1.0,0.3340745950668754,0.6216216216216216,0.5823035818822191,0.38878326322718487,0.7042809948221527,1.0,154.0,1.0,1.0,1.0
2d,train__c29__user20__6-1-2,29,Do_squats,user20,6-1-2,19,0,1.0,0.13267449679670001,0.8771929824561403,0.841185472673217,0.4581132195870971,0.8759331790872311,1.0,154.0,1.0,1.0,1.0
25d,train__c29__user20__6-1-2,29,Do_squats,user20,6-1-2,19,0,1.0,0.41039193915468114,0.6271929824561403,0.6814902501054653,0.39057635851624256,0.7173983922501419,1.0,154.0,1.0,1.0,1.0
2d,train__c29__user20__6-1-3,29,Do_squats,user20,6-1-3,38,0,0.9956140350877193,0.10295446368380902,0.960352422907489,0.6919223370741521,0.49848511897142583,0.9093338537381631,1.0,154.0,1.0,1.0,1.0
25d,train__c29__user20__6-1-3,29,Do_squats,user20,6-1-3,38,0,0.993421052631579,0.30519727015368053,0.6136865342163356,0.6720459730517384,0.4231799466959045,0.7108127923895092,2.0,154.0,0.0,1.0,0.5
2d,train__c30__user20__6-1-1,30,Do_jumping_jacks,user20,6-1-1,31,0,1.0,0.12503033567716798,0.8951612903225806,0.6641663291858338,0.6120207339241338,0.8796568976403127,1.0,154.0,1.0,1.0,1.0
25d,train__c30__user20__6-1-1,30,Do_jumping_jacks,user20,6-1-1,31,0,0.9946236559139785,0.45228230884869414,0.42162162162162165,0.31938644968669694,0.31178076850435854,0.5616764600897863,1.0,154.0,1.0,1.0,1.0
2d,train__c30__user20__6-1-2,30,Do_jumping_jacks,user20,6-1-2,26,0,1.0,0.19039924399626088,0.842948717948718,0.7092885503945092,0.18415115293763107,0.8233619863815682,1.0,154.0,1.0,1.0,1.0
25d,train__c30__user20__6-1-2,30,Do_jumping_jacks,user20,6-1-2,26,0,0.9935897435897436,0.6601995576401449,0.4064516129032258,0.413081857693109,0.18127590145266337,0.5528112398340091,1.0,154.0,1.0,1.0,1.0
2d,train__c30__user20__6-1-3,30,Do_jumping_jacks,user20,6-1-3,36,0,1.0,0.137269781352878,0.8541666666666666,0.7871208414745411,0.4108958840634867,0.8543209421188822,1.0,154.0,1.0,1.0,1.0
25d,train__c30__user20__6-1-3,30,Do_jumping_jacks,user20,6-1-3,36,0,0.9930555555555556,0.33754401741653217,0.4382284382284382,0.4961746405966653,0.31389401622212976,0.5884907118575229,1.0,154.0,1.0,1.0,1.0
2d,train__c31__user20__1-2-1,31,Do_stretching_exercises,user20,1-2-1,33,0,0.9924242424242424,0.11725785514003434,0.8804071246819338,0.9881931030178132,0.21838894505091302,0.8736648239980878,1.0,154.0,1.0,1.0,1.0
25d,train__c31__user20__1-2-1,31,Do_stretching_exercises,user20,1-2-1,33,0,0.9924242424242424,0.686027251388971,0.3816793893129771,0.8725814350580753,0.14312824660277312,0.5821588503655772,2.0,154.0,0.0,1.0,0.5
2d,train__c31__user20__1-2-2,31,Do_stretching_exercises,user20,1-2-2,33,0,0.9671717171717171,0.14959629158456703,0.8224543080939948,0.9870718010775906,0.35381553203225397,0.849310386179047,1.0,154.0,1.0,1.0,1.0
25d,train__c31__user20__1-2-2,31,Do_stretching_exercises,user20,1-2-2,33,0,0.9671717171717171,0.7353162290790131,0.35509138381201044,0.8336831910993697,0.24722099105768583,0.568927326253041,6.0,154.0,0.0,0.0,0.16666666666666666
2d,train__c31__user20__1-2-3,31,Do_stretching_exercises,user20,1-2-3,23,0,0.9057971014492754,0.10953201379405815,0.952,0.9893811844349569,0.29828047130103563,0.9104888639360009,1.0,154.0,1.0,1.0,1.0
25d,train__c31__user20__1-2-3,31,Do_stretching_exercises,user20,1-2-3,23,-1,0.9053030303030303,0.6940747363119714,0.3263598326359833,0.8873545292115456,0.23683552447217007,0.5515263282366611,5.0,154.0,0.0,1.0,0.2
2d,train__c32__user20__6-3-1,32,Stand_up,user20,6-3-1,15,-1,0.9464285714285714,0.23489103802078978,0.6666666666666666,0.8314888067999973,0.5147698419139547,0.7580661426330702,1.0,154.0,1.0,1.0,1.0
25d,train__c32__user20__6-3-1,32,Stand_up,user20,6-3-1,15,-1,0.9166666666666666,0.6153144365052953,0.38961038961038963,0.2018430796337769,0.35795574376770345,0.5279833696983365,2.0,154.0,0.0,1.0,0.5
2d,train__c32__user20__6-3-2,32,Stand_up,user20,6-3-2,8,1,0.9166666666666666,0.27115884629939674,0.6233766233766234,0.8251214644032685,0.3447160820774294,0.7178896621199437,2.0,154.0,0.0,1.0,0.5
25d,train__c32__user20__6-3-2,32,Stand_up,user20,6-3-2,8,1,0.7976190476190477,0.6732017596608819,0.373134328358209,0.15753569447516036,0.549345482844049,0.5169402660197394,2.0,154.0,0.0,1.0,0.5
2d,train__c32__user20__6-3-3,32,Stand_up,user20,6-3-3,11,0,0.9621212121212122,0.17965105559887287,0.7637795275590551,0.805772658091813,0.4882371381782363,0.8084859125421506,1.0,154.0,1.0,1.0,1.0
25d,train__c32__user20__6-3-3,32,Stand_up,user20,6-3-3,11,0,0.9545454545454546,0.5570150711171127,0.36507936507936506,0.23428537654867143,0.18974691309735428,0.508907752385365,3.0,154.0,0.0,1.0,0.3333333333333333
2d,train__c35__user20__1-2-1,35,Do_lunges,user20,1-2-1,28,-1,0.9444444444444444,0.11942625009952956,0.8725490196078431,0.6962057433990818,0.1542786837139013,0.830537880847209,1.0,154.0,1.0,1.0,1.0
25d,train__c35__user20__1-2-1,35,Do_lunges,user20,1-2-1,28,0,0.9464285714285714,0.507831148932947,0.1289308176100629,-0.6737875354697188,0.07081569799117793,0.2784872306307582,11.0,154.0,0.0,0.0,0.09090909090909091
2d,train__c35__user20__1-2-2,35,Do_lunges,user20,1-2-2,16,0,0.859375,0.15632458159358353,0.8181818181818182,0.6347240191801286,0.14466327708048926,0.7852596476990495,2.0,154.0,0.0,1.0,0.5
25d,train__c35__user20__1-2-2,35,Do_lunges,user20,1-2-2,16,0,0.859375,0.8134026769941879,0.42424242424242425,0.06493223431576646,0.10990427111870663,0.509006877098813,2.0,154.0,0.0,1.0,0.5
2d,train__c35__user20__1-2-3,35,Do_lunges,user20,1-2-3,28,-1,0.7808641975308642,0.1992890799813635,0.6482213438735178,0.542961869721289,0.27880709435774087,0.6848148779324806,1.0,154.0,1.0,1.0,1.0
25d,train__c35__user20__1-2-3,35,Do_lunges,user20,1-2-3,28,1,0.7839506172839507,0.617193316506572,0.3228346456692913,0.06641717704630731,0.17774784683072023,0.45092692306344007,6.0,154.0,0.0,0.0,0.16666666666666666
2d,train__c36__user20__2-2-1,36,Walk,user20,2-2-1,23,0,0.7246376811594203,0.14071991148150415,0.85,0.4262573308619904,0.29351233403953725,0.7796029262551064,1.0,154.0,1.0,1.0,1.0
25d,train__c36__user20__2-2-1,36,Walk,user20,2-2-1,23,-1,0.4962121212121212,0.6177024409660078,0.44274809160305345,0.31526392310968193,0.025955783236543215,0.5016057385566004,2.0,154.0,0.0,1.0,0.5
2d,train__c36__user20__2-2-2,36,Walk,user20,2-2-2,19,0,0.6140350877192983,0.12729489917939335,0.8928571428571429,0.46155875830953574,0.23749474055671593,0.7914429187160656,1.0,154.0,1.0,1.0,1.0
25d,train__c36__user20__2-2-2,36,Walk,user20,2-2-2,19,0,0.3157894736842105,0.7051601384475146,0.4722222222222222,0.1851396716531822,0.08554585614205844,0.49123107596661586,3.0,154.0,0.0,1.0,0.3333333333333333
2d,train__c36__user20__2-2-3,36,Walk,user20,2-2-3,13,0,0.5128205128205128,0.11395513507515119,0.9625,0.6801507596143708,0.4059346929616967,0.8541172292156156,1.0,154.0,1.0,1.0,1.0
25d,train__c36__user20__2-2-3,36,Walk,user20,2-2-3,13,1,0.25,0.6632802978782247,0.4444444444444444,0.4299143183754972,,0.4874358762819942,3.0,154.0,0.0,1.0,0.3333333333333333
2d,train__c36__user20__4-2-1,36,Walk,user20,4-2-1,16,0,0.4375,0.14568298939934254,0.8452380952380952,0.5661177289114228,0.32998339666219767,0.7649914800217594,2.0,154.0,0.0,1.0,0.5
25d,train__c36__user20__4-2-1,36,Walk,user20,4-2-1,16,0,0.4375,0.24455342703199262,0.6309523809523809,0.05712793054891561,0.014263188214781591,0.5725563416948097,6.0,154.0,0.0,0.0,0.16666666666666666
2d,train__c36__user20__4-2-2,36,Walk,user20,4-2-2,19,0,0.25,0.1129829178496883,0.9298245614035088,0.819832428856274,0.7955749754111223,0.8530548748133915,2.0,154.0,0.0,1.0,0.5
25d,train__c36__user20__4-2-2,36,Walk,user20,4-2-2,19,0,0.25,0.22200285013587903,0.5964912280701754,0.1358148260154429,0.4787189564535474,0.5775555797741568,1.0,154.0,1.0,1.0,1.0
2d,train__c36__user20__4-2-3,36,Walk,user20,4-2-3,29,0,0.3333333333333333,0.12993537500487767,0.8793103448275862,0.4487574570321581,0.5041042450344232,0.7746375870693033,1.0,154.0,1.0,1.0,1.0
25d,train__c36__user20__4-2-3,36,Walk,user20,4-2-3,29,-1,0.32142857142857145,0.2746552684848391,0.7129629629629629,0.43562508863587185,0.2591141976622678,0.662268560460744,2.0,154.0,0.0,1.0,0.5
2d,train__c36__user20__7-2-1,36,Walk,user20,7-2-1,33,0,0.3888888888888889,0.12602317061710067,0.8766233766233766,0.8006101029241742,0.24447890497804334,0.7944286741975167,1.0,154.0,1.0,1.0,1.0
25d,train__c36__user20__7-2-1,36,Walk,user20,7-2-1,33,0,0.38636363636363635,0.22141295540907996,0.6143790849673203,0.38744547467146184,0.24461766958985143,0.6086357330547747,1.0,154.0,1.0,1.0,1.0
2d,train__c36__user20__7-2-2,36,Walk,user20,7-2-2,30,0,0.2833333333333333,0.13264704239103337,0.8627450980392157,0.8191083418304036,0.5467019512157404,0.8007566177791229,2.0,154.0,0.0,1.0,0.5
25d,train__c36__user20__7-2-2,36,Walk,user20,7-2-2,30,0,0.28055555555555556,0.232469730688592,0.6039603960396039,0.0988029260836901,0.5239168898597302,0.5844078327251865,3.0,154.0,0.0,1.0,0.3333333333333333
2d,train__c36__user20__7-2-3,36,Walk,user20,7-2-3,22,0,0.19696969696969696,0.1756031387170559,0.7692307692307693,0.5461247695172949,0.392039546363853,0.7017893357029112,8.0,154.0,0.0,0.0,0.125
25d,train__c36__user20__7-2-3,36,Walk,user20,7-2-3,22,0,0.19318181818181818,0.2574973037532424,0.49019607843137253,0.4468938455481427,0.4506485380373965,0.5424140498630557,8.0,154.0,0.0,0.0,0.125
2d,train__c37__user20__7-1-1,37,Take_medicine,user20,7-1-1,59,0,0.8940677966101694,0.1437399855728114,0.8104265402843602,0.9835483258548664,0.5512269271050395,0.8498382289357798,1.0,154.0,1.0,1.0,1.0
25d,train__c37__user20__7-1-1,37,Take_medicine,user20,7-1-1,59,1,0.8922413793103449,0.26234027889033246,0.6264090177133655,0.9047166589872857,0.1999189886489652,0.7142146877207864,1.0,154.0,1.0,1.0,1.0
2d,train__c37__user20__7-1-2,37,Take_medicine,user20,7-1-2,57,0,0.8874269005847953,0.14220238179001865,0.8039538714991763,0.9744964537964366,0.6745290221873689,0.8539566414267229,1.0,154.0,1.0,1.0,1.0
25d,train__c37__user20__7-1-2,37,Take_medicine,user20,7-1-2,57,0,0.8874269005847953,0.23007079367846933,0.642504118616145,0.8911104511413269,0.4422554229398603,0.7394001571319816,1.0,154.0,1.0,1.0,1.0
2d,train__c37__user20__7-1-3,37,Take_medicine,user20,7-1-3,37,0,0.8603603603603603,0.13237472420555174,0.8403141361256544,0.9719618462255446,0.7118962084109448,0.8737972111585213,1.0,154.0,1.0,1.0,1.0
25d,train__c37__user20__7-1-3,37,Take_medicine,user20,7-1-3,37,0,0.8603603603603603,0.22410293190393674,0.6020942408376964,0.9255851366147998,0.5194364275783006,0.7237041142266216,2.0,154.0,0.0,1.0,0.5
2d,train__c38__user20__6-2-1,38,Massage_oneself,user20,6-2-1,40,0,0.75,0.16104730129970404,0.7861111111111111,0.6171911230071244,0.27189981334182417,0.7644727094124604,2.0,154.0,0.0,1.0,0.5
25d,train__c38__user20__6-2-1,38,Massage_oneself,user20,6-2-1,40,-2,0.75,0.27949651214107013,0.5964912280701754,0.6192322828938253,0.04396846564880051,0.6432910386516391,2.0,154.0,0.0,1.0,0.5
2d,train__c38__user20__6-2-2,38,Massage_oneself,user20,6-2-2,24,0,0.8125,0.1799925633039919,0.7222222222222222,0.7522337050985074,0.3607804667158387,0.755754127735761,1.0,154.0,1.0,1.0,1.0
25d,train__c38__user20__6-2-2,38,Massage_oneself,user20,6-2-2,24,-1,0.8115942028985508,0.27509141501451717,0.6517857142857143,0.6609297760125213,0.1595189798026666,0.6926984642334502,3.0,154.0,0.0,1.0,0.3333333333333333
2d,train__c38__user20__6-2-3,38,Massage_oneself,user20,6-2-3,33,1,0.7447916666666666,0.16195003422225562,0.7902097902097902,0.6683231127203727,0.33084044246077216,0.7757398957386464,4.0,154.0,0.0,1.0,0.25
25d,train__c38__user20__6-2-3,38,Massage_oneself,user20,6-2-3,33,1,0.7447916666666666,0.2620212646094247,0.4965034965034965,0.8006379086041713,0.3961319654285315,0.6323297780111468,9.0,154.0,0.0,0.0,0.1111111111111111
2d,train__c38__user20__7-1-1,38,Massage_oneself,user20,7-1-1,17,1,0.8854166666666666,0.15113335740722625,0.7764705882352941,0.9477544124849717,0.6640162044923289,0.8351771467815003,1.0,154.0,1.0,1.0,1.0
25d,train__c38__user20__7-1-1,38,Massage_oneself,user20,7-1-1,17,2,0.8777777777777778,0.31496880293984336,0.45569620253164556,0.5422642329843693,0.3931718282511315,0.5971249995874546,17.0,154.0,0.0,0.0,0.058823529411764705
2d,train__c38__user20__7-1-2,38,Massage_oneself,user20,7-1-2,28,1,0.8333333333333334,0.12948866428432654,0.8851851851851852,0.8194214548110845,0.41098470391403763,0.8579511834598464,1.0,154.0,1.0,1.0,1.0
25d,train__c38__user20__7-1-2,38,Massage_oneself,user20,7-1-2,28,0,0.8333333333333334,0.22168058383648048,0.5964285714285714,0.5035935858821677,0.3571314831057657,0.6635132674401969,1.0,154.0,1.0,1.0,1.0
2d,train__c38__user20__7-1-3,38,Massage_oneself,user20,7-1-3,18,0,0.8379629629629629,0.16388701128649197,0.7790055248618785,0.8484392688115302,0.5313549928401977,0.8119448863144972,1.0,154.0,1.0,1.0,1.0
25d,train__c38__user20__7-1-3,38,Massage_oneself,user20,7-1-3,18,0,0.8379629629629629,0.42949055351443555,0.39779005524861877,0.7915803128910345,0.46970835264345395,0.5919669844203991,28.0,154.0,0.0,0.0,0.03571428571428571
2d,train__c00__user21__1-1-1,0,Wash_face,user21,1-1-1,14,0,0.7678571428571429,0.15013619872686676,0.8372093023255814,0.9847810820929362,0.1854997555784005,0.8246414204424579,1.0,121.0,1.0,1.0,1.0
25d,train__c00__user21__1-1-1,0,Wash_face,user21,1-1-1,14,2,0.7638888888888888,0.47702939739449884,0.41818181818181815,0.9123044071164186,0.04019507366993735,0.5756339601257761,1.0,121.0,1.0,1.0,1.0
2d,train__c00__user21__1-1-2,0,Wash_face,user21,1-1-2,10,-1,0.7777777777777778,0.1786329868505136,0.8095238095238095,0.976785879348865,0.42999682325344785,0.8279442226947682,2.0,121.0,0.0,1.0,0.5
25d,train__c00__user21__1-1-2,0,Wash_face,user21,1-1-2,10,-1,0.7777777777777778,0.4885156663376018,0.5238095238095238,0.9384522014313653,0.34911842430372,0.6609021178389314,4.0,121.0,0.0,1.0,0.25
2d,train__c00__user21__4-2-3,0,Wash_face,user21,4-2-3,9,0,0.7222222222222222,0.15261826808080792,0.8461538461538461,0.9783222414215996,0.26217095928486384,0.8301018836953623,1.0,121.0,1.0,1.0,1.0
25d,train__c00__user21__4-2-3,0,Wash_face,user21,4-2-3,9,0,0.7222222222222222,0.28545979110612774,0.5641025641025641,0.9383074220634198,0.29756077456611335,0.673626432777433,1.0,121.0,1.0,1.0,1.0
2d,train__c01__user21__4-2-1,1,Brush_teeth,user21,4-2-1,15,1,0.7321428571428571,0.16592446345801679,0.8617886178861789,0.8206502237021833,0.31033011294302926,0.8275378063926296,2.0,121.0,0.0,1.0,0.5
25d,train__c01__user21__4-2-1,1,Brush_teeth,user21,4-2-1,15,-1,0.7321428571428571,0.35528594039205647,0.6178861788617886,0.7564743210463625,0.2171063173821235,0.679982089996565,1.0,121.0,1.0,1.0,1.0
2d,train__c01__user21__4-2-2,1,Brush_teeth,user21,4-2-2,11,1,0.675,0.27311895824523963,0.7654320987654321,0.8301829117984788,0.19830205184857302,0.7613785993894785,29.0,121.0,0.0,0.0,0.034482758620689655
25d,train__c01__user21__4-2-2,1,Brush_teeth,user21,4-2-2,11,0,0.6893939393939394,0.29849722642284965,0.6153846153846154,0.8824952669668812,-0.0070568049292176055,0.6701211987279293,35.0,121.0,0.0,0.0,0.02857142857142857
2d,train__c01__user21__4-2-3,1,Brush_teeth,user21,4-2-3,10,0,0.675,0.15633350003075,0.8271604938271605,0.9892283879488305,0.18297316628765276,0.8100840978713953,4.0,121.0,0.0,1.0,0.25
25d,train__c01__user21__4-2-3,1,Brush_teeth,user21,4-2-3,10,0,0.675,0.19730338283876467,0.691358024691358,0.9716980976644248,0.07543858237310982,0.7255746170246726,2.0,121.0,0.0,1.0,0.5
2d,train__c02__user21__4-2-1,2,Comb_hair,user21,4-2-1,16,-2,0.8333333333333334,0.1568092828562287,0.8071428571428572,0.9834244764151042,0.17967114796000244,0.8140796885004155,2.0,121.0,0.0,1.0,0.5
25d,train__c02__user21__4-2-1,2,Comb_hair,user21,4-2-1,16,-2,0.8333333333333334,0.23132010560216593,0.5785714285714286,0.9334525358185434,0.27776653562869497,0.6907253628016256,2.0,121.0,0.0,1.0,0.5
2d,train__c02__user21__4-2-2,2,Comb_hair,user21,4-2-2,11,0,0.6742424242424242,0.12866891334207753,0.9325842696629213,0.947100348705281,0.3812329424449785,0.8786480962927506,1.0,121.0,1.0,1.0,1.0
25d,train__c02__user21__4-2-2,2,Comb_hair,user21,4-2-2,11,1,0.6666666666666666,0.2761174758331255,0.7625,0.9267149726489305,0.24496782632130476,0.7720857509056577,2.0,121.0,0.0,1.0,0.5
2d,train__c04__user21__1-1-1,4,Wipe_hands,user21,1-1-1,27,0,0.8209876543209876,0.18259625054088194,0.7631578947368421,0.9916567581536659,0.3402720446207085,0.8015216866992816,1.0,121.0,1.0,1.0,1.0
25d,train__c04__user21__1-1-1,4,Wipe_hands,user21,1-1-1,27,0,0.8209876543209876,0.3264286895546144,0.556390977443609,0.9691178796176302,0.4201176719848233,0.6915344163867085,2.0,121.0,0.0,1.0,0.5
2d,train__c04__user21__1-1-2,4,Wipe_hands,user21,1-1-2,29,0,0.8218390804597702,0.16356260823311372,0.7412587412587412,0.944242211872491,0.07791028250858863,0.765143708113678,2.0,121.0,0.0,1.0,0.5
25d,train__c04__user21__1-1-2,4,Wipe_hands,user21,1-1-2,29,1,0.8214285714285714,0.3317253049668217,0.5434782608695652,0.9414624441923831,-0.11375669164643784,0.6416703931668736,2.0,121.0,0.0,1.0,0.5
2d,train__c04__user21__1-1-3,4,Wipe_hands,user21,1-1-3,13,0,0.8333333333333334,0.1843931014385869,0.8,0.9013480817364382,0.2739554935347278,0.8090148035220818,1.0,121.0,1.0,1.0,1.0
25d,train__c04__user21__1-1-3,4,Wipe_hands,user21,1-1-3,13,2,0.8333333333333334,0.2294601664499649,0.5636363636363636,0.9569601798744231,0.19183762258099862,0.6784171730143506,1.0,121.0,1.0,1.0,1.0
2d,train__c04__user21__7-2-1,4,Wipe_hands,user21,7-2-1,23,2,0.8333333333333334,0.17026982286883569,0.7714285714285715,0.8708246838354873,0.3361270333470284,0.7949110435036236,1.0,121.0,1.0,1.0,1.0
25d,train__c04__user21__7-2-1,4,Wipe_hands,user21,7-2-1,23,2,0.8174603174603174,0.3219356144281777,0.7087378640776699,0.768736246645024,0.221610120376685,0.7400462406815042,1.0,121.0,1.0,1.0,1.0
2d,train__c04__user21__7-2-2,4,Wipe_hands,user21,7-2-2,13,1,0.8263888888888888,0.22065294976756963,0.7647058823529411,0.847601827057834,0.19304357019867605,0.7774655746536908,2.0,121.0,0.0,1.0,0.5
25d,train__c04__user21__7-2-2,4,Wipe_hands,user21,7-2-2,13,1,0.8194444444444444,0.3092293691962006,0.4915254237288136,0.9142449498270926,0.24535190530889633,0.6371093153761684,2.0,121.0,0.0,1.0,0.5
2d,train__c04__user21__7-2-3,4,Wipe_hands,user21,7-2-3,24,0,0.8194444444444444,0.1895450007818466,0.7669491525423728,0.8507282317117755,0.4319052721841037,0.796232196927735,4.0,121.0,0.0,1.0,0.25
25d,train__c04__user21__7-2-3,4,Wipe_hands,user21,7-2-3,24,0,0.8194444444444444,0.3942145816717694,0.559322033898305,0.8056434049208594,0.32642592461663505,0.6696178479268458,2.0,121.0,0.0,1.0,0.5
2d,train__c05__user21__6-1-1,5,Put_on_clothes,user21,6-1-1,85,0,0.6901960784313725,0.22258901133479472,0.6988636363636364,0.6221885567797895,0.19497058484185592,0.7052362573842554,1.0,121.0,1.0,1.0,1.0
25d,train__c05__user21__6-1-1,5,Put_on_clothes,user21,6-1-1,85,1,0.6279761904761905,0.3680613127442207,0.48973143759873616,0.5753393954150261,0.2846079423576959,0.5860294449452538,1.0,121.0,1.0,1.0,1.0
2d,train__c05__user21__6-1-2,5,Put_on_clothes,user21,6-1-2,121,0,0.7534435261707989,0.2736974693768807,0.6718464351005484,0.6344025771963064,0.3591145932483194,0.7102337441356361,2.0,121.0,0.0,1.0,0.5
25d,train__c05__user21__6-1-2,5,Put_on_clothes,user21,6-1-2,121,0,0.7355371900826446,0.3740306078849044,0.5121722846441947,0.6271334310114622,0.2770734782977587,0.6137423295360497,10.0,121.0,0.0,0.0,0.1
2d,train__c05__user21__6-1-3,5,Put_on_clothes,user21,6-1-3,44,0,0.6401515151515151,0.25369142467816735,0.7041420118343196,0.49485747794890644,0.5469011840812522,0.7167965946250118,5.0,121.0,0.0,1.0,0.2
25d,train__c05__user21__6-1-3,5,Put_on_clothes,user21,6-1-3,44,1,0.6046511627906976,0.31997901490169867,0.5288461538461539,0.6533389916427623,0.442240307123699,0.6248324230930081,8.0,121.0,0.0,0.0,0.125
2d,train__c06__user21__6-2-1,6,Drink_water,user21,6-2-1,26,0,1.0,0.18894110542373546,0.6346153846153846,0.7488602669813967,0.36073636277318394,0.72597971544459,2.0,121.0,0.0,1.0,0.5
25d,train__c06__user21__6-2-1,6,Drink_water,user21,6-2-1,26,-1,0.98,0.8523686801214517,0.40816326530612246,0.6557034068600804,0.3191949809299199,0.5869997601741195,47.0,121.0,0.0,0.0,0.02127659574468085
2d,train__c06__user21__6-2-2,6,Drink_water,user21,6-2-2,28,2,0.9935897435897436,0.21846979805702724,0.6870967741935484,0.4144989543055756,0.4361276886751415,0.7264216722466191,9.0,121.0,0.0,0.0,0.1111111111111111
25d,train__c06__user21__6-2-2,6,Drink_water,user21,6-2-2,28,1,0.9135802469135802,0.5286878757847311,0.3547297297297297,0.4372025791688813,0.41707124720161765,0.5364599774997189,22.0,121.0,0.0,0.0,0.045454545454545456
2d,train__c06__user21__6-2-3,6,Drink_water,user21,6-2-3,10,0,1.0,0.28063421673775785,0.5333333333333333,-0.02812642466781335,0.299244987916867,0.5879640649603171,14.0,121.0,0.0,0.0,0.07142857142857142
25d,train__c06__user21__6-2-3,6,Drink_water,user21,6-2-3,10,-2,1.0,1.0593954116529594,0.3229166666666667,0.3004892255127851,0.13280609666611037,0.49261354646790345,68.0,121.0,0.0,0.0,0.014705882352941176
2d,train__c06__user21__7-1-1,6,Drink_water,user21,7-1-1,16,-1,0.8666666666666667,0.19896934048203851,0.6602564102564102,0.9901580079485015,0.4882642166163975,0.7604433093487724,5.0,121.0,0.0,1.0,0.2
25d,train__c06__user21__7-1-1,6,Drink_water,user21,7-1-1,16,2,0.8630952380952381,0.2665201190787915,0.4206896551724138,0.9541317645982972,0.2768748871344707,0.6088676271492665,3.0,121.0,0.0,1.0,0.3333333333333333
2d,train__c06__user21__7-1-2,6,Drink_water,user21,7-1-2,11,0,0.9772727272727273,0.22186123163518356,0.6124031007751938,0.9932174036519816,0.4951361713126947,0.7460059313672797,3.0,121.0,0.0,1.0,0.3333333333333333
25d,train__c06__user21__7-1-2,6,Drink_water,user21,7-1-2,11,0,0.9772727272727273,0.45390925824625356,0.4496124031007752,0.9795536892220202,0.5475207747581962,0.6590335214617659,2.0,121.0,0.0,1.0,0.5
2d,train__c06__user21__7-1-3,6,Drink_water,user21,7-1-3,19,0,1.0,0.19391013957353495,0.5745614035087719,0.9883264936712374,0.470838553967561,0.7251543128445154,2.0,121.0,0.0,1.0,0.5
25d,train__c06__user21__7-1-3,6,Drink_water,user21,7-1-3,19,-2,1.0,0.2987264064514894,0.4166666666666667,0.9715537760575222,0.35370500314154163,0.6278499195080345,3.0,121.0,0.0,1.0,0.3333333333333333
2d,train__c07__user21__7-1-1,7,Eat_food,user21,7-1-1,16,1,0.9444444444444444,0.17684303465012566,0.8411764705882353,0.9650076094988458,0.2908269490294506,0.8504042853950673,1.0,121.0,1.0,1.0,1.0
25d,train__c07__user21__7-1-1,7,Eat_food,user21,7-1-1,16,1,0.9444444444444444,0.3903374796257655,0.4411764705882353,0.8231459275371299,0.24540786909632092,0.6128116862039109,2.0,121.0,0.0,1.0,0.5
2d,train__c07__user21__7-1-2,7,Eat_food,user21,7-1-2,12,-1,0.9318181818181818,0.22111314851296465,0.7154471544715447,0.9983343882822259,0.485373370077066,0.7979141947251703,3.0,121.0,0.0,1.0,0.3333333333333333
25d,train__c07__user21__7-1-2,7,Eat_food,user21,7-1-2,12,0,0.9375,0.2987496302587392,0.5481481481481482,0.984069665311879,0.48446702100657274,0.7049734745881624,2.0,121.0,0.0,1.0,0.5
2d,train__c07__user21__7-1-3,7,Eat_food,user21,7-1-3,17,-1,1.0,0.19513911299387482,0.640625,0.9904518640091166,0.3701930373044962,0.7541534141987488,1.0,121.0,1.0,1.0,1.0
25d,train__c07__user21__7-1-3,7,Eat_food,user21,7-1-3,17,0,1.0,0.350538202515515,0.45098039215686275,0.956619688763876,0.01849181224247724,0.6200880704808479,1.0,121.0,1.0,1.0,1.0
2d,train__c08__user21__2-1-1,8,Take_and_use_tableware,user21,2-1-1,70,0,0.9202380952380952,0.2516860542724018,0.6054333764553687,0.6798548733634562,0.3137650442089145,0.6915300322262765,1.0,121.0,1.0,1.0,1.0
25d,train__c08__user21__2-1-1,8,Take_and_use_tableware,user21,2-1-1,70,0,0.9107142857142857,0.5687816946132166,0.3084967320261438,0.6145203970422866,0.10730028357875017,0.5052441921584425,1.0,121.0,1.0,1.0,1.0
2d,train__c08__user21__2-1-2,8,Take_and_use_tableware,user21,2-1-2,75,0,0.9111111111111111,0.2563640471297521,0.6231707317073171,0.6763350037470848,0.32073506520141193,0.7005436438149499,1.0,121.0,1.0,1.0,1.0
25d,train__c08__user21__2-1-2,8,Take_and_use_tableware,user21,2-1-2,75,-1,0.9099099099099099,0.5415430294153428,0.3069306930693069,0.7347511769406074,0.1462885339516876,0.5192496299195473,4.0,121.0,0.0,1.0,0.25
2d,train__c08__user21__2-1-3,8,Take_and_use_tableware,user21,2-1-3,33,0,0.9090909090909091,0.2300099247246917,0.6333333333333333,0.7855311714404922,0.29574292289563664,0.7149762606036463,1.0,121.0,1.0,1.0,1.0
25d,train__c08__user21__2-1-3,8,Take_and_use_tableware,user21,2-1-3,33,0,0.9090909090909091,0.4843545996540153,0.28055555555555556,0.49979443053206296,0.21252797024436662,0.4861336872861802,1.0,121.0,1.0,1.0,1.0
2d,train__c08__user21__3-1-1,8,Take_and_use_tableware,user21,3-1-1,20,-2,0.8287037037037037,0.20014115733116594,0.7039106145251397,0.8617010255678933,0.11115119654956244,0.7395276506572037,4.0,121.0,0.0,1.0,0.25
25d,train__c08__user21__3-1-1,8,Take_and_use_tableware,user21,3-1-1,20,0,0.8291666666666667,0.35697756237871187,0.5226130653266332,-0.1641088743616497,0.14702515241942887,0.5399698515916072,4.0,121.0,0.0,1.0,0.25
2d,train__c08__user21__7-1-1,8,Take_and_use_tableware,user21,7-1-1,10,-1,0.8888888888888888,0.1513718985486058,0.8125,0.9245768941193178,0.10894862599204397,0.811392725250224,1.0,121.0,1.0,1.0,1.0
25d,train__c08__user21__7-1-1,8,Take_and_use_tableware,user21,7-1-1,10,0,0.8833333333333333,0.3434141072203589,0.5660377358490566,0.7853067045286294,0.28976423116258027,0.6749170758403711,5.0,121.0,0.0,1.0,0.2
2d,train__c08__user21__7-1-2,8,Take_and_use_tableware,user21,7-1-2,9,0,0.9351851851851852,0.17888314699086955,0.7029702970297029,0.9146583636780604,0.3016961019994355,0.7692452259026189,1.0,121.0,1.0,1.0,1.0
25d,train__c08__user21__7-1-2,8,Take_and_use_tableware,user21,7-1-2,9,1,0.9375,0.4505711128833542,0.5777777777777777,0.7245002075763692,0.24453783181289387,0.6773181359213818,2.0,121.0,0.0,1.0,0.5
2d,train__c08__user21__7-1-3,8,Take_and_use_tableware,user21,7-1-3,16,-1,0.8888888888888888,0.19639505356751477,0.68125,0.9318740627542774,0.2862466060307718,0.7532322906166246,1.0,121.0,1.0,1.0,1.0
25d,train__c08__user21__7-1-3,8,Take_and_use_tableware,user21,7-1-3,16,0,0.8958333333333334,0.3367381079470209,0.48255813953488375,0.9256281600337797,0.28311572936907775,0.6437868057835783,1.0,121.0,1.0,1.0,1.0
2d,train__c09__user21__6-2-1,9,Pour_drinks,user21,6-2-1,25,0,0.9633333333333334,0.1819141182148174,0.7197231833910035,0.8056776284452268,0.21865755699815512,0.7641481638177696,3.0,121.0,0.0,1.0,0.3333333333333333
25d,train__c09__user21__6-2-1,9,Pour_drinks,user21,6-2-1,25,0,0.9433333333333334,1.0896124402214036,0.24028268551236748,-0.08895596260660821,0.1807337164060977,0.40614824283493195,4.0,121.0,0.0,1.0,0.25
2d,train__c09__user21__6-2-2,9,Pour_drinks,user21,6-2-2,17,-1,1.0,0.20732719603302954,0.6458333333333334,0.677396659604827,0.05689294791522822,0.7022149703874583,2.0,121.0,0.0,1.0,0.5
25d,train__c09__user21__6-2-2,9,Pour_drinks,user21,6-2-2,17,0,0.9656862745098039,1.1160803557910197,0.28426395939086296,-0.10762991172708068,0.02754040504124823,0.4192163443213406,4.0,121.0,0.0,1.0,0.25
2d,train__c09__user21__6-2-3,9,Pour_drinks,user21,6-2-3,15,-1,0.9940476190476191,0.1992716613672449,0.6227544910179641,0.5420012346050299,0.19716288226580783,0.6859070715950808,3.0,121.0,0.0,1.0,0.3333333333333333
25d,train__c09__user21__6-2-3,9,Pour_drinks,user21,6-2-3,15,0,0.8888888888888888,1.0039042735498391,0.3125,-0.42274785687302335,0.4005479028590581,0.42353019591601593,29.0,121.0,0.0,0.0,0.034482758620689655
2d,train__c11__user21__5-2-1,11,Peel_fruits,user21,5-2-1,51,0,0.9934640522875817,0.11758608107388827,0.9473684210526315,0.7967832050018997,0.19576381456888284,0.8897596434005618,4.0,121.0,0.0,1.0,0.25
25d,train__c11__user21__5-2-1,11,Peel_fruits,user21,5-2-1,51,-1,0.9933333333333333,0.29974494292383824,0.3070469798657718,0.7281771645886046,0.2668243080990026,0.5360387118257934,4.0,121.0,0.0,1.0,0.25
2d,train__c11__user21__5-2-2,11,Peel_fruits,user21,5-2-2,64,-1,0.4708994708994709,0.40814113931288193,0.5674157303370787,0.3757502582705517,0.26528046456734417,0.5916396594449463,8.0,121.0,0.0,0.0,0.125
25d,train__c11__user21__5-2-2,11,Peel_fruits,user21,5-2-2,64,1,0.48677248677248675,0.6669902865847921,0.453804347826087,0.4527927129528531,0.3142622305571416,0.5421185785686674,6.0,121.0,0.0,0.0,0.16666666666666666
2d,train__c11__user21__5-2-3,11,Peel_fruits,user21,5-2-3,33,-1,0.0625,0.3084943353047983,0.7083333333333334,0.5000138083860548,,0.6208347141719388,,,,,
25d,train__c11__user21__5-2-3,11,Peel_fruits,user21,5-2-3,33,1,0.03125,0.3696243667773978,0.5,0.9386747426963935,,0.5469924742696394,,,,,
2d,train__c12__user21__2-1-1,12,Sweep_the_floor,user21,2-1-1,108,0,0.9953703703703703,0.2334030473457791,0.6341085271317829,0.924662926200339,0.32624040108331515,0.7402310496608002,2.0,121.0,0.0,1.0,0.5
25d,train__c12__user21__2-1-1,12,Sweep_the_floor,user21,2-1-1,108,-1,0.9945482866043613,0.4812929769174045,0.3586530931871574,0.8664292000096792,0.3192650953948443,0.582301832068954,1.0,121.0,1.0,1.0,1.0
2d,train__c12__user21__2-1-2,12,Sweep_the_floor,user21,2-1-2,106,1,0.9992063492063492,0.18085223567083777,0.7823669579030977,0.8956553769834817,0.2598522947619926,0.8142769215728364,1.0,121.0,1.0,1.0,1.0
25d,train__c12__user21__2-1-2,12,Sweep_the_floor,user21,2-1-2,106,1,0.9992063492063492,0.4556775512399977,0.4273232724384432,0.8139459844105448,0.19318076249575522,0.6058315903900149,3.0,121.0,0.0,1.0,0.3333333333333333
2d,train__c12__user21__2-1-3,12,Sweep_the_floor,user21,2-1-3,68,0,0.9852941176470589,0.18949871671844515,0.6927860696517413,0.8747465025084098,0.35167187491880153,0.7684117909429147,1.0,121.0,1.0,1.0,1.0
25d,train__c12__user21__2-1-3,12,Sweep_the_floor,user21,2-1-3,68,0,0.9852941176470589,0.4787256568935455,0.3706467661691542,0.671003026192102,0.2394251775019658,0.5624423240895984,1.0,121.0,1.0,1.0,1.0
2d,train__c13__user21__2-1-1,13,Mop_the_floor,user21,2-1-1,41,-1,0.9708333333333333,0.244991009021618,0.6437768240343348,0.9323207976966081,0.21613162066581462,0.7356025378718144,3.0,121.0,0.0,1.0,0.3333333333333333
25d,train__c13__user21__2-1-1,13,Mop_the_floor,user21,2-1-1,41,0,0.9695121951219512,0.5575715805676148,0.33962264150943394,0.926399344553829,0.13714022292759534,0.5616691235173363,1.0,121.0,1.0,1.0,1.0
2d,train__c13__user21__2-1-2,13,Mop_the_floor,user21,2-1-2,49,1,0.9965277777777778,0.23678249838274354,0.6567944250871081,0.8791155569767871,0.18425242251578275,0.7376201989620497,1.0,121.0,1.0,1.0,1.0
25d,train__c13__user21__2-1-2,13,Mop_the_floor,user21,2-1-2,49,1,0.9965277777777778,0.4467183008084316,0.3397212543554007,0.8228294387938524,0.3945620456217367,0.5733745649742636,1.0,121.0,1.0,1.0,1.0
2d,train__c13__user21__2-1-3,13,Mop_the_floor,user21,2-1-3,24,0,0.8784722222222222,0.17453326632553767,0.7114624505928854,0.8832092321996031,0.36080253785111993,0.7695326836071034,3.0,121.0,0.0,1.0,0.3333333333333333
25d,train__c13__user21__2-1-3,13,Mop_the_floor,user21,2-1-3,24,2,0.8825757575757576,0.4410095772666805,0.44635193133047213,0.7877731229697406,0.17530649388136935,0.6006764373274123,2.0,121.0,0.0,1.0,0.5
2d,train__c19__user21__4-1-1,19,Make_a_phone_call,user21,4-1-1,70,0,0.9857142857142858,0.3658211725287748,0.642512077294686,-0.09927792268991212,0.39046721801571316,0.6463103201656932,2.0,121.0,0.0,1.0,0.5
25d,train__c19__user21__4-1-1,19,Make_a_phone_call,user21,4-1-1,70,0,0.9523809523809523,1.2149224051131977,0.28,0.04509643074661832,0.47195665155839084,0.4641444871796364,2.0,121.0,0.0,1.0,0.5
2d,train__c19__user21__4-1-2,19,Make_a_phone_call,user21,4-1-2,56,0,1.0,0.34012506712762963,0.6473214285714286,0.8307810726326209,0.4195348951169208,0.7455700101113168,2.0,121.0,0.0,1.0,0.5
25d,train__c19__user21__4-1-2,19,Make_a_phone_call,user21,4-1-2,56,0,0.9032738095238095,0.7866638797062222,0.4102141680395387,0.8905095135401137,0.30436558069492964,0.6028235432802584,2.0,121.0,0.0,1.0,0.5
2d,train__c19__user21__4-1-3,19,Make_a_phone_call,user21,4-1-3,30,0,0.9333333333333333,0.39672239447798024,0.5535714285714286,0.4339061979003085,0.52175030679667,0.6553195118474002,8.0,121.0,0.0,0.0,0.125
25d,train__c19__user21__4-1-3,19,Make_a_phone_call,user21,4-1-3,30,0,0.875,1.052797219660905,0.21587301587301588,0.6377268873881168,0.7104101184819321,0.49828360635511537,6.0,121.0,0.0,0.0,0.16666666666666666
2d,train__c20__user21__2-2-1,20,Check_the_time,user21,2-2-1,19,-1,0.9166666666666666,0.2857775645629207,0.5606060606060606,0.5262947132572061,-0.05183581745407561,0.623741785016665,3.0,121.0,0.0,1.0,0.3333333333333333
25d,train__c20__user21__2-2-1,20,Check_the_time,user21,2-2-1,19,-1,0.8796296296296297,0.33480760580398194,0.4263157894736842,0.6251661801183853,0.0558041496980597,0.5641385764126823,7.0,121.0,0.0,0.0,0.14285714285714285
2d,train__c20__user21__2-2-2,20,Check_the_time,user21,2-2-2,8,1,0.9166666666666666,0.3061889141662381,0.4935064935064935,0.49142427208941214,0.42883790209451395,0.6194005079612679,7.0,121.0,0.0,0.0,0.14285714285714285
25d,train__c20__user21__2-2-2,20,Check_the_time,user21,2-2-2,8,1,0.9166666666666666,0.3515285531592867,0.45454545454545453,0.7592734405519889,0.29293050428455386,0.6145637985432072,10.0,121.0,0.0,0.0,0.1
2d,train__c20__user21__2-2-3,20,Check_the_time,user21,2-2-3,14,1,0.8269230769230769,0.22829535314267502,0.6666666666666666,0.5849425761524696,0.4741309354473086,0.7184130521327695,1.0,121.0,1.0,1.0,1.0
25d,train__c20__user21__2-2-3,20,Check_the_time,user21,2-2-3,14,-1,0.8269230769230769,0.2818893462866126,0.35658914728682173,0.4780322437474634,0.30781524128266774,0.5247057061710061,1.0,121.0,1.0,1.0,1.0
2d,train__c20__user21__6-2-1,20,Check_the_time,user21,6-2-1,28,0,1.0,0.13441599953356492,0.8422619047619048,0.841591672354586,0.06417368586755857,0.8272162412945732,1.0,121.0,1.0,1.0,1.0
25d,train__c20__user21__6-2-1,20,Check_the_time,user21,6-2-1,28,2,0.14423076923076922,0.7327198870317163,0.5555555555555556,0.43047054948900043,,0.5380256874275324,21.0,121.0,0.0,0.0,0.047619047619047616
2d,train__c20__user21__6-2-2,20,Check_the_time,user21,6-2-2,18,2,1.0,0.26175084712184155,0.625,-0.28761410860753306,-0.06586139524232416,0.5850489844960723,19.0,121.0,0.0,0.0,0.05263157894736842
25d,train__c20__user21__6-2-2,20,Check_the_time,user21,6-2-2,18,-2,1.0,0.5533788373421522,0.359375,-0.047342088752368575,-0.0034905409640260446,0.4676602505524612,41.0,121.0,0.0,0.0,0.024390243902439025
2d,train__c20__user21__6-2-3,20,Check_the_time,user21,6-2-3,18,-2,1.0,0.2190050198144114,0.578125,0.3727369593315268,0.029345833912260432,0.6324433834765723,9.0,121.0,0.0,0.0,0.1111111111111111
25d,train__c20__user21__6-2-3,20,Check_the_time,user21,6-2-3,18,1,1.0,0.9915289639922659,0.37254901960784315,0.5542101746626035,0.0870127744939655,0.5418489363376215,58.0,121.0,0.0,0.0,0.017241379310344827
2d,train__c22__user21__2-2-1,22,Turn_pages,user21,2-2-1,102,-1,0.905940594059406,0.26658737527689363,0.4581056466302368,0.6293677860044767,0.3670189114747604,0.6080153620136255,5.0,121.0,0.0,1.0,0.2
25d,train__c22__user21__2-2-1,22,Turn_pages,user21,2-2-1,102,0,0.9027777777777778,0.3198796543064369,0.39547511312217193,0.5037181404368385,0.2822085990033957,0.5543265489639109,6.0,121.0,0.0,0.0,0.16666666666666666
2d,train__c22__user21__2-2-2,22,Turn_pages,user21,2-2-2,66,0,0.9128787878787878,0.29333831602935284,0.37621023513139695,0.4662940435645269,0.16498643406735208,0.5322068950216512,6.0,121.0,0.0,0.0,0.16666666666666666
25d,train__c22__user21__2-2-2,22,Turn_pages,user21,2-2-2,66,1,0.9038461538461539,0.30573270640989364,0.41702127659574467,0.625448333126757,0.16221595929943358,0.5694573477724082,7.0,121.0,0.0,0.0,0.14285714285714285
2d,train__c22__user21__2-2-3,22,Turn_pages,user21,2-2-3,66,0,0.7916666666666666,0.19837485107961264,0.7081339712918661,0.3047983727931016,0.2875706395012618,0.6956879861190979,3.0,121.0,0.0,1.0,0.3333333333333333
25d,train__c22__user21__2-2-3,22,Turn_pages,user21,2-2-3,66,0,0.7815656565656566,0.301568760477523,0.5121163166397416,0.36629727165732284,0.12605210812310344,0.5809041750833885,4.0,121.0,0.0,1.0,0.25
2d,train__c23__user21__1-2-1,23,Listen_to_music_with_headphones,user21,1-2-1,34,-1,0.803030303030303,0.3325529389792554,0.5880503144654088,0.8022262695569732,0.33135412036760004,0.6838048892422726,30.0,121.0,0.0,0.0,0.03333333333333333
25d,train__c23__user21__1-2-1,23,Listen_to_music_with_headphones,user21,1-2-1,34,0,0.803921568627451,0.38730202835482463,0.5213414634146342,0.7744912983867331,0.07636019325209958,0.6253061060733748,29.0,121.0,0.0,0.0,0.034482758620689655
2d,train__c23__user21__1-2-2,23,Listen_to_music_with_headphones,user21,1-2-2,29,-2,0.9598765432098766,0.40887866678790363,0.38263665594855306,0.25692981260580383,0.007929564318542305,0.5077255136771629,13.0,121.0,0.0,0.0,0.07692307692307693
25d,train__c23__user21__1-2-2,23,Listen_to_music_with_headphones,user21,1-2-2,29,1,0.9077380952380952,0.42203881081572414,0.35737704918032787,0.5517842680612419,0.01841752065695229,0.5188909274283855,19.0,121.0,0.0,0.0,0.05263157894736842
2d,train__c23__user21__1-2-3,23,Listen_to_music_with_headphones,user21,1-2-3,22,0,0.7992424242424242,0.2921012424622799,0.46919431279620855,0.8605244901093312,0.25527125460558275,0.618178907568509,11.0,121.0,0.0,0.0,0.09090909090909091
25d,train__c23__user21__1-2-3,23,Listen_to_music_with_headphones,user21,1-2-3,22,1,0.7976190476190477,0.3909817856734921,0.38308457711442784,0.8912061566374445,0.05622414510324033,0.5587958487213276,17.0,121.0,0.0,0.0,0.058823529411764705
2d,train__c23__user21__5-2-1,23,Listen_to_music_with_headphones,user21,5-2-1,11,-2,0.2222222222222222,0.26593931733209036,0.7083333333333334,-0.06992162633545684,,0.57981339292201,5.0,121.0,0.0,1.0,0.2
25d,train__c23__user21__5-2-1,23,Listen_to_music_with_headphones,user21,5-2-1,11,-1,0.26666666666666666,0.607187184629058,0.03125,0.43571819535589684,,0.2624259862022564,18.0,121.0,0.0,0.0,0.05555555555555555
2d,train__c23__user21__5-2-2,23,Listen_to_music_with_headphones,user21,5-2-2,21,1,0.29583333333333334,0.27321504541836356,0.704225352112676,0.8026336728689759,0.8454566846948839,0.7355798956343189,7.0,121.0,0.0,0.0,0.14285714285714285
25d,train__c23__user21__5-2-2,23,Listen_to_music_with_headphones,user21,5-2-2,21,0,0.3055555555555556,0.541398431604562,0.12987012987012986,0.8847752221544479,0.551019105480896,0.406788082110639,7.0,121.0,0.0,0.0,0.14285714285714285
2d,train__c23__user21__5-2-3,23,Listen_to_music_with_headphones,user21,5-2-3,39,0,0.5128205128205128,0.24708901278324225,0.6625,0.8657121507682477,0.3942881132972711,0.7067998748561714,7.0,121.0,0.0,0.0,0.14285714285714285
25d,train__c23__user21__5-2-3,23,Listen_to_music_with_headphones,user21,5-2-3,39,0,0.5042735042735043,0.4606034169997121,0.2076271186440678,0.778656148579659,0.39538396913684415,0.44714167822481693,12.0,121.0,0.0,0.0,0.08333333333333333
2d,train__c24__user21__1-2-1,24,Use_a_mobile_phone,user21,1-2-1,31,0,0.9032258064516129,0.2743400607780871,0.6428571428571429,0.9238658778490243,0.534231365567997,0.7513479494190922,13.0,121.0,0.0,0.0,0.07692307692307693
25d,train__c24__user21__1-2-1,24,Use_a_mobile_phone,user21,1-2-1,31,1,0.9055555555555556,0.3094613115462088,0.5122699386503068,0.8457525669485999,0.3143633683419214,0.6554565311337284,4.0,121.0,0.0,1.0,0.25
2d,train__c24__user21__1-2-2,24,Use_a_mobile_phone,user21,1-2-2,59,0,0.902542372881356,0.3803578779590562,0.5743348982785602,-0.5539289658565939,0.48740479205437165,0.5623008941597623,4.0,121.0,0.0,1.0,0.25
25d,train__c24__user21__1-2-2,24,Use_a_mobile_phone,user21,1-2-2,59,0,0.7810734463276836,0.46938508165364673,0.5171790235081374,-0.007459209113878461,0.4153842793737012,0.5679637076038837,10.0,121.0,0.0,0.0,0.1
2d,train__c24__user21__1-2-3,24,Use_a_mobile_phone,user21,1-2-3,25,0,0.8333333333333334,0.26582529805693716,0.784,0.9631591443303373,0.3982930311495708,0.8157212251025849,12.0,121.0,0.0,0.0,0.08333333333333333
25d,train__c24__user21__1-2-3,24,Use_a_mobile_phone,user21,1-2-3,25,-1,0.8333333333333334,0.2757350319257391,0.55,0.9164348606157197,0.4038010066778474,0.682761894895744,8.0,121.0,0.0,0.0,0.125
2d,train__c24__user21__4-1-1,24,Use_a_mobile_phone,user21,4-1-1,39,0,1.0,0.3396561177610879,0.8012820512820513,0.8421520713439115,0.31139493845392857,0.823274955723564,1.0,121.0,1.0,1.0,1.0
25d,train__c24__user21__4-1-1,24,Use_a_mobile_phone,user21,4-1-1,39,0,0.9358974358974359,1.0370492514628462,0.3310502283105023,0.9211049230512066,0.16021629739936583,0.5547940837705929,1.0,121.0,1.0,1.0,1.0
2d,train__c24__user21__4-1-2,24,Use_a_mobile_phone,user21,4-1-2,18,0,0.9814814814814815,0.4148078702914013,0.6698113207547169,0.7453456023873716,0.6055978684682928,0.7614987749371016,2.0,121.0,0.0,1.0,0.5
25d,train__c24__user21__4-1-2,24,Use_a_mobile_phone,user21,4-1-2,18,1,0.9411764705882353,1.2477839121888283,0.5885416666666666,0.6717846822309934,0.49337964272391205,0.696997505152883,3.0,121.0,0.0,1.0,0.3333333333333333
2d,train__c24__user21__4-1-3,24,Use_a_mobile_phone,user21,4-1-3,14,1,0.9743589743589743,0.3944511678222407,0.6710526315789473,0.30744554511897765,0.46156567439184526,0.7068768248956047,4.0,121.0,0.0,1.0,0.25
25d,train__c24__user21__4-1-3,24,Use_a_mobile_phone,user21,4-1-3,14,0,0.8869047619047619,0.4312145553294619,0.436241610738255,0.5114996685977824,0.3340430949846596,0.5798265610801442,4.0,121.0,0.0,1.0,0.25
2d,train__c24__user21__5-2-1,24,Use_a_mobile_phone,user21,5-2-1,18,1,0.9803921568627451,0.20496784477555474,0.795,0.7009009268702879,0.21237182580198402,0.7963071953084522,6.0,121.0,0.0,0.0,0.16666666666666666
25d,train__c24__user21__5-2-1,24,Use_a_mobile_phone,user21,5-2-1,18,-1,0.9803921568627451,0.3549892330619715,0.32,0.6229045806997133,0.5390795439443669,0.5517606395520734,5.0,121.0,0.0,1.0,0.2
2d,train__c24__user21__5-2-2,24,Use_a_mobile_phone,user21,5-2-2,31,0,0.9623655913978495,0.16561738698628042,0.7877094972067039,0.5989015267750316,0.43302645755990016,0.7968439195979677,2.0,121.0,0.0,1.0,0.5
25d,train__c24__user21__5-2-2,24,Use_a_mobile_phone,user21,5-2-2,31,0,0.9274193548387096,0.7759727815181036,0.32753623188405795,0.11936521173030343,0.2824005365985436,0.481003424438024,11.0,121.0,0.0,0.0,0.09090909090909091
2d,train__c24__user21__5-2-3,24,Use_a_mobile_phone,user21,5-2-3,27,0,0.9104938271604939,0.22980014585306213,0.8372881355932204,0.6944462476223683,0.19562248815291708,0.8106741686660262,1.0,121.0,1.0,1.0,1.0
25d,train__c24__user21__5-2-3,24,Use_a_mobile_phone,user21,5-2-3,27,-1,0.8621794871794872,0.6211094603993992,0.4349442379182156,0.4808126218368259,0.3757768690601558,0.5767018069361617,3.0,121.0,0.0,1.0,0.3333333333333333
2d,train__c27__user21__5-1-1,27,Take_a_selfie,user21,5-1-1,10,-1,0.8240740740740741,0.17015120449997978,0.6966292134831461,0.9706222489095105,0.33373351777388505,0.7626457135471302,1.0,121.0,1.0,1.0,1.0
25d,train__c27__user21__5-1-1,27,Take_a_selfie,user21,5-1-1,10,1,0.8240740740740741,0.4607865551495786,0.5393258426966292,0.9943326133553262,0.14090879390231098,0.6640380417687594,2.0,121.0,0.0,1.0,0.5
2d,train__c27__user21__5-1-2,27,Take_a_selfie,user21,5-1-2,10,-1,0.8333333333333334,0.22470013850938506,0.6555555555555556,0.9760944832862488,0.34939427237996024,0.7427029076460109,1.0,121.0,1.0,1.0,1.0
25d,train__c27__user21__5-1-2,27,Take_a_selfie,user21,5-1-2,10,-1,0.8333333333333334,0.4762579610241943,0.4666666666666667,0.9668166935051836,0.11331140108736149,0.6201800244320705,10.0,121.0,0.0,0.0,0.1
2d,train__c27__user21__5-1-3,27,Take_a_selfie,user21,5-1-3,14,2,0.8333333333333334,0.20621376976315545,0.6166666666666667,0.9860526812072165,0.12229730831583097,0.7052775662444091,4.0,121.0,0.0,1.0,0.25
25d,train__c27__user21__5-1-3,27,Take_a_selfie,user21,5-1-3,14,-1,0.8333333333333334,0.40020450731313795,0.4846153846153846,0.9887328896224827,0.33087530360838285,0.6485607316046719,5.0,121.0,0.0,1.0,0.2
2d,train__c29__user21__3-2-1,29,Do_squats,user21,3-2-1,17,0,0.8137254901960784,0.20981875343191955,0.7108433734939759,0.4317336561950014,0.03067444440769206,0.6928103533913716,4.0,121.0,0.0,1.0,0.25
25d,train__c29__user21__3-2-1,29,Do_squats,user21,3-2-1,17,0,0.8137254901960784,0.8582111081016575,0.25301204819277107,0.3874317793738505,0.143595429191678,0.4450420106523928,16.0,121.0,0.0,0.0,0.0625
2d,train__c29__user21__3-2-2,29,Do_squats,user21,3-2-2,26,0,0.8205128205128205,0.1808829221057806,0.7265625,0.3538446764244931,0.5203329416283472,0.7310700953158575,2.0,121.0,0.0,1.0,0.5
25d,train__c29__user21__3-2-2,29,Do_squats,user21,3-2-2,26,0,0.8205128205128205,0.9565665664519711,0.375,0.29866678690605075,0.46632467004343486,0.5281423109951449,14.0,121.0,0.0,0.0,0.07142857142857142
2d,train__c29__user21__3-2-3,29,Do_squats,user21,3-2-3,18,0,0.8472222222222222,0.18407828003752755,0.7595628415300546,0.32349332645066026,0.2812368461731261,0.7309238811718027,1.0,121.0,1.0,1.0,1.0
25d,train__c29__user21__3-2-3,29,Do_squats,user21,3-2-3,18,0,0.8472222222222222,0.7876579003343046,0.3442622950819672,0.3374460188623082,0.21817422516291476,0.49917415329075365,17.0,121.0,0.0,0.0,0.058823529411764705
2d,train__c30__user21__3-2-1,30,Do_jumping_jacks,user21,3-2-1,23,0,1.0,0.19072847248320277,0.6956521739130435,0.8676990372152852,0.5553417334380981,0.7860292293815597,1.0,121.0,1.0,1.0,1.0
25d,train__c30__user21__3-2-1,30,Do_jumping_jacks,user21,3-2-1,23,0,0.9456521739130435,1.0255989619106385,0.4329501915708812,0.39890267052069195,0.30585475668565176,0.5705171965587821,2.0,121.0,0.0,1.0,0.5
2d,train__c30__user21__3-2-2,30,Do_jumping_jacks,user21,3-2-2,36,0,1.0,0.20425631616498405,0.6689814814814815,0.8369079775619703,0.43438786168586696,0.7592097021974519,1.0,121.0,1.0,1.0,1.0
25d,train__c30__user21__3-2-2,30,Do_jumping_jacks,user21,3-2-2,36,0,0.9652777777777778,1.0583918293787211,0.39568345323741005,0.6462724072745162,0.2863399000802263,0.5752564102918218,10.0,121.0,0.0,0.0,0.1
2d,train__c30__user21__3-2-3,30,Do_jumping_jacks,user21,3-2-3,18,0,1.0,0.19498045197084893,0.7592592592592593,0.9161441755545635,0.30819035829547076,0.8073212870202093,1.0,121.0,1.0,1.0,1.0
25d,train__c30__user21__3-2-3,30,Do_jumping_jacks,user21,3-2-3,18,0,0.9907407407407407,1.0129221535153587,0.34579439252336447,0.7457527929666402,0.21848817526978914,0.5552228824038228,7.0,121.0,0.0,0.0,0.14285714285714285
2d,train__c32__user21__2-2-1,32,Stand_up,user21,2-2-1,16,0,0.9270833333333334,0.1915510677604286,0.7134831460674157,0.923538585617092,0.41679744848020367,0.7837377308681364,1.0,121.0,1.0,1.0,1.0
25d,train__c32__user21__2-2-1,32,Stand_up,user21,2-2-1,16,0,0.9270833333333334,0.551083368638064,0.38202247191011235,0.3775912015406488,0.3201658256018141,0.5395922499580961,14.0,121.0,0.0,0.0,0.07142857142857142
2d,train__c32__user21__2-2-2,32,Stand_up,user21,2-2-2,9,0,0.9351851851851852,0.20005683844563857,0.7326732673267327,0.564390395734489,0.17240217642041492,0.7408580183532016,2.0,121.0,0.0,1.0,0.5
25d,train__c32__user21__2-2-2,32,Stand_up,user21,2-2-2,9,0,0.9351851851851852,0.6951045652409396,0.40594059405940597,0.17682304439839663,0.19080491013250567,0.5237785179509694,15.0,121.0,0.0,0.0,0.06666666666666667
2d,train__c32__user21__4-1-1,32,Stand_up,user21,4-1-1,10,-2,1.0,0.12347455329525696,0.9270833333333334,0.672246070629086,-0.05733030144657167,0.8478206677877492,1.0,121.0,1.0,1.0,1.0
25d,train__c32__user21__4-1-1,32,Stand_up,user21,4-1-1,10,-1,1.0,0.5781600729905934,0.5185185185185185,0.4225183660446473,0.33521997395304726,0.6275785198361284,1.0,121.0,1.0,1.0,1.0
2d,train__c36__user21__1-1-1,36,Walk,user21,1-1-1,12,0,0.7222222222222222,0.16874690776971224,0.8557692307692307,0.2277049032164766,0.38881107280521415,0.7698266199273378,2.0,121.0,0.0,1.0,0.5
25d,train__c36__user21__1-1-1,36,Walk,user21,1-1-1,12,1,0.7272727272727273,0.31166734038956206,0.59375,0.5756080394827933,0.026389450987038796,0.63382978549958,17.0,121.0,0.0,0.0,0.058823529411764705
2d,train__c36__user21__1-1-2,36,Walk,user21,1-1-2,11,-1,0.7,0.21032091419714366,0.7380952380952381,0.4556091996428932,-0.013738947910398674,0.6954828798233904,5.0,121.0,0.0,1.0,0.2
25d,train__c36__user21__1-1-2,36,Walk,user21,1-1-2,11,-1,0.7,0.4271269151027369,0.5357142857142857,0.5861304693917622,0.012608359037609922,0.5992015310098541,26.0,121.0,0.0,0.0,0.038461538461538464
2d,train__c36__user21__1-2-1,36,Walk,user21,1-2-1,26,0,0.9423076923076923,0.1843082491105424,0.8163265306122449,0.5988345575636181,0.2560254468750595,0.7972957253394952,1.0,121.0,1.0,1.0,1.0
25d,train__c36__user21__1-2-1,36,Walk,user21,1-2-1,26,0,0.7884615384615384,0.6915057469805161,0.32926829268292684,0.29863282639640243,0.09733021952562963,0.47210676392582607,7.0,121.0,0.0,0.0,0.14285714285714285
2d,train__c36__user21__1-2-2,36,Walk,user21,1-2-2,13,0,0.8910256410256411,0.23906558371189746,0.7338129496402878,0.09382264195215564,0.36593380131177206,0.7045269856983208,1.0,121.0,1.0,1.0,1.0
25d,train__c36__user21__1-2-2,36,Walk,user21,1-2-2,13,0,0.75,0.4622105542668908,0.4017094017094017,0.2433640648859714,0.09342080979837765,0.5022831381636464,1.0,121.0,1.0,1.0,1.0
2d,train__c36__user21__1-2-3,36,Walk,user21,1-2-3,18,0,0.9861111111111112,0.20807134815225184,0.7652582159624414,0.3380577122205472,0.3789483989670468,0.7567300310350371,4.0,121.0,0.0,1.0,0.25
25d,train__c36__user21__1-2-3,36,Walk,user21,1-2-3,18,0,0.9259259259259259,0.687726380406789,0.495,0.37454593350039406,0.18566033619539865,0.5912217111572868,10.0,121.0,0.0,0.0,0.1
2d,train__c36__user21__2-2-1,36,Walk,user21,2-2-1,19,0,0.956140350877193,0.22774027465308438,0.7477064220183486,0.047534429367531085,0.1768155920965163,0.6998671795418029,3.0,121.0,0.0,1.0,0.3333333333333333
25d,train__c36__user21__2-2-1,36,Walk,user21,2-2-1,19,-2,0.8725490196078431,0.6420534856392239,0.43820224719101125,0.18255585511421515,0.42620420642211765,0.5534870389089209,15.0,121.0,0.0,0.0,0.06666666666666667
2d,train__c36__user21__2-2-2,36,Walk,user21,2-2-2,37,0,0.9504504504504504,0.19570889557738977,0.7582938388625592,0.1497995882005204,0.26175925390064786,0.7217185592820533,2.0,121.0,0.0,1.0,0.5
25d,train__c36__user21__2-2-2,36,Walk,user21,2-2-2,37,0,0.8040540540540541,0.6649638866093721,0.3165266106442577,-0.18546429362942127,0.08149891381369583,0.4170610304328322,3.0,121.0,0.0,1.0,0.3333333333333333
2d,train__c36__user21__2-2-3,36,Walk,user21,2-2-3,10,-1,0.9814814814814815,0.2593455598139367,0.6415094339622641,0.09042013711771,0.4895164649134385,0.6717340854076723,3.0,121.0,0.0,1.0,0.3333333333333333
25d,train__c36__user21__2-2-3,36,Walk,user21,2-2-3,10,-1,0.9166666666666666,0.8069701180854437,0.43434343434343436,0.15388395479255312,0.4781370700656131,0.5568042312897319,9.0,121.0,0.0,0.0,0.1111111111111111
2d,train__c36__user21__3-2-1,36,Walk,user21,3-2-1,22,0,0.9848484848484849,0.19128329284229634,0.7807692307692308,0.37015840060585453,0.182848234254154,0.7536373830375726,3.0,121.0,0.0,1.0,0.3333333333333333
25d,train__c36__user21__3-2-1,36,Walk,user21,3-2-1,22,1,0.8650793650793651,0.7288578109469555,0.43577981651376146,0.17635880392776096,0.19260339882295838,0.5332679708950033,5.0,121.0,0.0,1.0,0.2
2d,train__c36__user21__3-2-2,36,Walk,user21,3-2-2,22,0,0.9621212121212122,0.2300142439016976,0.7125984251968503,0.34787910903703567,0.2869431603580307,0.7194499030009448,3.0,121.0,0.0,1.0,0.3333333333333333
25d,train__c36__user21__3-2-2,36,Walk,user21,3-2-2,22,1,0.9087301587301587,0.7722328115563508,0.48034934497816595,0.10171274427528942,0.15037270704399328,0.5515143830668356,14.0,121.0,0.0,0.0,0.07142857142857142
2d,train__c36__user21__3-2-3,36,Walk,user21,3-2-3,11,0,1.0,0.2434382558189229,0.696969696969697,0.5486069643029555,0.24026768135274082,0.7312141058650845,9.0,121.0,0.0,0.0,0.1111111111111111
25d,train__c36__user21__3-2-3,36,Walk,user21,3-2-3,11,0,0.9015151515151515,0.5494817544766546,0.3697478991596639,0.42866593559213106,-0.01407365182686987,0.5103239293615282,6.0,121.0,0.0,0.0,0.16666666666666666
2d,train__c36__user21__4-1-1,36,Walk,user21,4-1-1,21,0,0.9603174603174603,0.1137442653018672,0.9338842975206612,0.7672685789031728,0.4641236333520243,0.8962042400598288,1.0,121.0,1.0,1.0,1.0
25d,train__c36__user21__4-1-1,36,Walk,user21,4-1-1,21,-1,0.9458333333333333,0.6691164794713207,0.5374449339207048,0.33431489734590375,-0.06634321701535664,0.5936337954481596,1.0,121.0,1.0,1.0,1.0
2d,train__c36__user21__4-1-2,36,Walk,user21,4-1-2,15,0,0.95,0.1152294225156829,0.9298245614035088,0.6752097616632309,0.48227670069510875,0.8850952374903861,1.0,121.0,1.0,1.0,1.0
25d,train__c36__user21__4-1-2,36,Walk,user21,4-1-2,15,0,0.9277777777777778,0.40992547454597367,0.5449101796407185,0.3687717521679317,0.10618981846686092,0.6123197881819809,1.0,121.0,1.0,1.0,1.0
2d,train__c36__user21__4-1-3,36,Walk,user21,4-1-3,16,2,0.9345238095238095,0.1480882353551074,0.821656050955414,0.7872316487957877,0.36635161605071503,0.826562745061241,1.0,121.0,1.0,1.0,1.0
25d,train__c36__user21__4-1-3,36,Walk,user21,4-1-3,16,1,0.8944444444444445,0.5794505268968021,0.5279503105590062,0.21117373437963924,-0.009219500121350985,0.5752430261807605,1.0,121.0,1.0,1.0,1.0
2d,train__c36__user21__5-1-2,36,Walk,user21,5-1-2,10,-1,0.7037037037037037,0.17745731670940518,0.8289473684210527,0.8508625785648087,0.18125598159404402,0.7999718794779836,1.0,121.0,1.0,1.0,1.0
25d,train__c36__user21__5-1-2,36,Walk,user21,5-1-2,10,-1,0.7037037037037037,0.30009764323951776,0.4868421052631579,0.42744283008542305,0.03423740664734294,0.5584456167722003,6.0,121.0,0.0,0.0,0.16666666666666666
2d,train__c36__user21__5-2-1,36,Walk,user21,5-2-1,18,1,0.9019607843137255,0.1432312348663582,0.875,0.7018750731733813,0.45352586098543707,0.8506480253226185,1.0,121.0,1.0,1.0,1.0
25d,train__c36__user21__5-2-1,36,Walk,user21,5-2-1,18,0,0.8101851851851852,0.44328412388327304,0.6228571428571429,0.4989481134854527,0.31892999691361407,0.6724045082070135,2.0,121.0,0.0,1.0,0.5
2d,train__c36__user21__5-2-2,36,Walk,user21,5-2-2,23,0,0.8876811594202898,0.13212843911067085,0.8938775510204081,0.571028245807598,0.5395058887397821,0.8529665352394968,1.0,121.0,1.0,1.0,1.0
25d,train__c36__user21__5-2-2,36,Walk,user21,5-2-2,23,0,0.8514492753623188,0.4313341068596112,0.574468085106383,0.27177618571096446,0.31222430759096637,0.6266968159851615,1.0,121.0,1.0,1.0,1.0
2d,train__c36__user21__5-2-3,36,Walk,user21,5-2-3,16,0,0.9479166666666666,0.16693227696650886,0.8571428571428571,0.19103715496889365,0.5708005694178383,0.8031339962984654,1.0,121.0,1.0,1.0,1.0
25d,train__c36__user21__5-2-3,36,Walk,user21,5-2-3,16,0,0.90625,0.5403013807776407,0.5229885057471264,-0.09139526559382262,0.41844205554253516,0.5755123057672276,1.0,121.0,1.0,1.0,1.0
2d,train__c36__user21__6-2-1,36,Walk,user21,6-2-1,30,0,0.9027777777777778,0.14283853414970826,0.8738461538461538,0.5956460969512247,0.4679452915042602,0.8405536689511044,2.0,121.0,0.0,1.0,0.5
25d,train__c36__user21__6-2-1,36,Walk,user21,6-2-1,30,0,0.8472222222222222,0.48186457560799656,0.5016393442622951,0.18662062374957464,0.2591307774203346,0.5737207322479672,1.0,121.0,1.0,1.0,1.0
2d,train__c36__user21__6-2-2,36,Walk,user21,6-2-2,28,0,0.9047619047619048,0.12923532067738325,0.9078947368421053,0.5165173961396635,0.49205499642865713,0.8533741600854642,1.0,121.0,1.0,1.0,1.0
25d,train__c36__user21__6-2-2,36,Walk,user21,6-2-2,28,-1,0.8518518518518519,0.42813272046420275,0.5434782608695652,0.02369338713396887,0.2903429421028406,0.5832432880345559,2.0,121.0,0.0,1.0,0.5
2d,train__c36__user21__6-2-3,36,Walk,user21,6-2-3,13,0,0.9102564102564102,0.1737732842027651,0.8802816901408451,0.7953106557147848,0.5413278063416801,0.8703112216502104,2.0,121.0,0.0,1.0,0.5
25d,train__c36__user21__6-2-3,36,Walk,user21,6-2-3,13,0,0.8012820512820513,0.5912263936842095,0.568,0.005685803555065142,0.3233211363756889,0.5923458707118884,1.0,121.0,1.0,1.0,1.0
2d,train__c37__user21__7-1-1,37,Take_medicine,user21,7-1-1,12,0,1.0,0.3277410643984856,0.4305555555555556,0.731379139797229,0.5517864938689713,0.6263274565754513,8.0,121.0,0.0,0.0,0.125
25d,train__c37__user21__7-1-1,37,Take_medicine,user21,7-1-1,12,0,1.0,0.44879144191673626,0.4097222222222222,0.6691715475618047,0.5491535123902962,0.6084508904076749,7.0,121.0,0.0,0.0,0.14285714285714285
2d,train__c37__user21__7-1-2,37,Take_medicine,user21,7-1-2,13,-1,1.0,0.34476557264479485,0.4513888888888889,0.8088721047252323,0.5892495845592493,0.6483448182033559,7.0,121.0,0.0,0.0,0.14285714285714285
25d,train__c37__user21__7-1-2,37,Take_medicine,user21,7-1-2,13,-1,1.0,0.4236331993223513,0.3958333333333333,0.730317091262989,0.49009695333822373,0.602497313959999,6.0,121.0,0.0,0.0,0.16666666666666666
2d,train__c37__user21__7-1-3,37,Take_medicine,user21,7-1-3,12,-1,1.0,0.31220775057936767,0.6060606060606061,0.8073693246578916,0.27925885086968655,0.7100146796143489,6.0,121.0,0.0,0.0,0.16666666666666666
25d,train__c37__user21__7-1-3,37,Take_medicine,user21,7-1-3,12,1,1.0,0.3992607085486314,0.4090909090909091,0.7073696588231576,0.3776665860446183,0.5990619598356622,7.0,121.0,0.0,0.0,0.14285714285714285
2d,train__c38__user21__3-2-1,38,Massage_oneself,user21,3-2-1,24,0,1.0,0.22197513361048923,0.6770833333333334,0.7789732790843084,0.2032179626615087,0.7405345084413774,2.0,121.0,0.0,1.0,0.5
25d,train__c38__user21__3-2-1,38,Massage_oneself,user21,3-2-1,24,0,1.0,1.0765474718056043,0.4444444444444444,0.4851029834053496,0.18252308734009504,0.5816439743354865,15.0,121.0,0.0,0.0,0.06666666666666667
2d,train__c38__user21__3-2-2,38,Massage_oneself,user21,3-2-2,17,0,1.0,0.17966601375916078,0.7058823529411765,0.9181250794867934,0.27559585058484365,0.7757174908601897,1.0,121.0,1.0,1.0,1.0
25d,train__c38__user21__3-2-2,38,Massage_oneself,user21,3-2-2,17,0,1.0,1.0662206363741913,0.4950980392156863,0.5461043032893981,0.32780329571362915,0.6264995990760894,15.0,121.0,0.0,0.0,0.06666666666666667
2d,train__c38__user21__3-2-3,38,Massage_oneself,user21,3-2-3,10,1,1.0,0.1908820535079792,0.6944444444444444,0.8899134528920608,0.16796970957841184,0.7585335179520314,1.0,121.0,1.0,1.0,1.0
25d,train__c38__user21__3-2-3,38,Massage_oneself,user21,3-2-3,10,0,1.0,1.0828781471504205,0.48333333333333334,0.7024989469563806,0.26548314437721243,0.6309944638572624,18.0,121.0,0.0,0.0,0.05555555555555555
2d,train__c38__user21__7-1-1,38,Massage_oneself,user21,7-1-1,22,-1,1.0,0.14316879589985096,0.8293650793650794,0.9552159593844419,0.16708164960095748,0.8392035133093096,1.0,121.0,1.0,1.0,1.0
25d,train__c38__user21__7-1-1,38,Massage_oneself,user21,7-1-1,22,1,1.0,0.2531380816525095,0.5476190476190477,0.9785483432621553,0.14854932944092342,0.685186510224761,1.0,121.0,1.0,1.0,1.0
2d,train__c38__user21__7-1-2,38,Massage_oneself,user21,7-1-2,17,-2,1.0,0.1768992444819527,0.7222222222222222,0.9970287093751491,0.35734581181445585,0.7987260290458214,2.0,121.0,0.0,1.0,0.5
25d,train__c38__user21__7-1-2,38,Massage_oneself,user21,7-1-2,17,-2,1.0,0.3279971121871713,0.4777777777777778,0.9620050389709695,0.30795147762786096,0.6570746424969643,1.0,121.0,1.0,1.0,1.0
2d,train__c38__user21__7-1-3,38,Massage_oneself,user21,7-1-3,22,0,1.0,0.12469205203483988,0.8939393939393939,0.9974100681045072,0.11444732817881098,0.8749912230905282,1.0,121.0,1.0,1.0,1.0
25d,train__c38__user21__7-1-3,38,Massage_oneself,user21,7-1-3,22,0,1.0,0.38554537179235543,0.5492424242424242,0.9473658299299197,0.11708382979642212,0.6806012035610569,2.0,121.0,0.0,1.0,0.5
2d,train__c38__user21__7-2-1,38,Massage_oneself,user21,7-2-1,16,-1,0.7444444444444445,0.1562967479864643,0.8582089552238806,0.9529778787279648,0.20443661070214883,0.8320899034930365,2.0,121.0,0.0,1.0,0.5
25d,train__c38__user21__7-2-1,38,Massage_oneself,user21,7-2-1,16,-1,0.7444444444444445,0.2473211940751291,0.6194029850746269,0.9882090114575096,0.19647339715715115,0.7036724921680265,1.0,121.0,1.0,1.0,1.0
2d,train__c38__user21__7-2-2,38,Massage_oneself,user21,7-2-2,17,0,0.7990196078431373,0.2796467709140894,0.6012269938650306,0.7135644259636577,0.1479179996782448,0.6680270999823148,7.0,121.0,0.0,0.0,0.14285714285714285
25d,train__c38__user21__7-2-2,38,Massage_oneself,user21,7-2-2,17,0,0.7990196078431373,0.48146661914833,0.39263803680981596,0.7723590376751739,0.0021357433759465637,0.5482489655504259,4.0,121.0,0.0,1.0,0.25
2d,train__c38__user21__7-2-3,38,Massage_oneself,user21,7-2-3,18,0,0.7638888888888888,0.16561545285683127,0.8666666666666667,0.9155978068596513,0.06473662684329887,0.8244705832547681,1.0,121.0,1.0,1.0,1.0
25d,train__c38__user21__7-2-3,38,Massage_oneself,user21,7-2-3,18,-1,0.7647058823529411,0.22056328746501566,0.5576923076923077,0.9499986682811947,-0.052151161503647514,0.6492898871814092,2.0,121.0,0.0,1.0,0.5
2d,train__c39__user21__3-2-1,39,Take_body_temperature,user21,3-2-1,29,0,1.0,0.20178466446307597,0.6695402298850575,0.984164000187404,0.6840796332023423,0.7929694989456978,2.0,121.0,0.0,1.0,0.5
25d,train__c39__user21__3-2-1,39,Take_body_temperature,user21,3-2-1,29,0,0.9971264367816092,1.080212993952767,0.5072046109510087,0.6695811920270353,0.37539643816250173,0.6487880317661069,14.0,121.0,0.0,0.0,0.07142857142857142
2d,train__c39__user21__3-2-2,39,Take_body_temperature,user21,3-2-2,22,0,1.0,0.21016782298504538,0.6477272727272727,0.6434334342971356,0.3086292346372341,0.7187405360275062,1.0,121.0,1.0,1.0,1.0
25d,train__c39__user21__3-2-2,39,Take_body_temperature,user21,3-2-2,22,1,0.9444444444444444,1.0281897489375322,0.4117647058823529,0.4531009390450227,0.31690548905449845,0.5649930382633283,22.0,121.0,0.0,0.0,0.045454545454545456
2d,train__c39__user21__3-2-3,39,Take_body_temperature,user21,3-2-3,11,0,1.0,0.23442334206645848,0.6287878787878788,0.7457808882619015,0.21039681528256562,0.711191183305716,3.0,121.0,0.0,1.0,0.3333333333333333
25d,train__c39__user21__3-2-3,39,Take_body_temperature,user21,3-2-3,11,0,0.8939393939393939,1.06286938698941,0.3983050847457627,0.5732055579486008,0.47571320866812666,0.5764607824490785,22.0,121.0,0.0,0.0,0.045454545454545456
2d,train__c39__user21__6-1-1,39,Take_body_temperature,user21,6-1-1,24,0,0.7673611111111112,0.14103708658415895,0.832579185520362,0.9428126607775107,0.2582587734281925,0.8233053372321758,1.0,121.0,1.0,1.0,1.0
25d,train__c39__user21__6-1-1,39,Take_body_temperature,user21,6-1-1,24,0,0.7673611111111112,0.2429671464781261,0.6108597285067874,0.954947549781342,0.14761192718820398,0.6942746113070937,1.0,121.0,1.0,1.0,1.0
2d,train__c00__user22__1-1-2,0,Wash_face,user22,1-1-2,25,0,0.7766666666666666,0.20206677720091512,0.6394849785407726,0.8957566930971337,0.1397428509939458,0.7044397879983509,1.0,168.0,1.0,1.0,1.0
25d,train__c00__user22__1-1-2,0,Wash_face,user22,1-1-2,25,0,0.7766666666666666,0.6352451310358848,0.37339055793991416,0.7897042018977527,0.2542913601607598,0.5560737457354517,3.0,168.0,0.0,1.0,0.3333333333333333
2d,train__c00__user22__1-1-3,0,Wash_face,user22,1-1-3,8,1,0.7976190476190477,0.17366878125822502,0.7313432835820896,0.8548504600624856,0.35752627395638165,0.7693002272850313,1.0,168.0,1.0,1.0,1.0
25d,train__c00__user22__1-1-3,0,Wash_face,user22,1-1-3,8,1,0.7976190476190477,0.6396959415468434,0.3880597014925373,0.7220455361283653,0.1018243570174021,0.548036120971942,3.0,168.0,0.0,1.0,0.3333333333333333
2d,train__c00__user22__2-2-1,0,Wash_face,user22,2-2-1,17,2,0.8333333333333334,0.26975972055167924,0.32666666666666666,0.976300405652615,0.18613063876329927,0.549589838472509,3.0,168.0,0.0,1.0,0.3333333333333333
25d,train__c00__user22__2-2-1,0,Wash_face,user22,2-2-1,17,2,0.8333333333333334,0.6234857217671345,0.2866666666666667,0.8881360917554901,0.13090227749495417,0.5146312799876706,1.0,168.0,1.0,1.0,1.0
2d,train__c00__user22__2-2-2,0,Wash_face,user22,2-2-2,13,2,0.8106060606060606,0.2703568305151372,0.5887850467289719,0.622733595838616,-0.0019275519321747202,0.6420211749504892,3.0,168.0,0.0,1.0,0.3333333333333333
25d,train__c00__user22__2-2-2,0,Wash_face,user22,2-2-2,13,1,0.8125,0.7363914601601104,0.3504273504273504,0.5995522410128129,0.3007102708552961,0.5314935371504712,1.0,168.0,1.0,1.0,1.0
2d,train__c01__user22__1-1-2,1,Brush_teeth,user22,1-1-2,16,0,0.75,0.11851250243814562,0.9444444444444444,0.8714350168901351,0.40131484522916583,0.8866865595256455,2.0,168.0,0.0,1.0,0.5
25d,train__c01__user22__1-1-2,1,Brush_teeth,user22,1-1-2,16,0,0.75,0.26642892182103073,0.5,0.8326886592907006,0.22484080865975414,0.6251319265785518,2.0,168.0,0.0,1.0,0.5
2d,train__c01__user22__1-1-3,1,Brush_teeth,user22,1-1-3,8,0,0.7291666666666666,0.11564320217089753,0.9,0.902239237828977,0.4288111239068424,0.8653014247425775,1.0,168.0,1.0,1.0,1.0
25d,train__c01__user22__1-1-3,1,Brush_teeth,user22,1-1-3,8,0,0.7291666666666666,0.42154165213870165,0.4857142857142857,0.9126686383899629,0.3021041800607164,0.6289842011530739,1.0,168.0,1.0,1.0,1.0
2d,train__c01__user22__2-2-1,1,Brush_teeth,user22,2-2-1,18,0,0.7685185185185185,0.2053634537569812,0.7048192771084337,0.6833618806963522,0.5415110108770544,0.7484519681469047,2.0,168.0,0.0,1.0,0.5
25d,train__c01__user22__2-2-1,1,Brush_teeth,user22,2-2-1,18,0,0.7685185185185185,0.30219225528981236,0.5120481927710844,0.7795760023762283,0.37249730958642957,0.6393732563325534,3.0,168.0,0.0,1.0,0.3333333333333333
2d,train__c01__user22__2-2-2,1,Brush_teeth,user22,2-2-2,10,0,0.7416666666666667,0.16222059965339558,0.8314606741573034,0.7489758433700294,0.44896583665574064,0.8150400595393672,1.0,168.0,1.0,1.0,1.0
25d,train__c01__user22__2-2-2,1,Brush_teeth,user22,2-2-2,10,0,0.7416666666666667,0.4176505589800577,0.5393258426966292,0.7508964192570937,0.38016291321085366,0.6493977405663363,3.0,168.0,0.0,1.0,0.3333333333333333
2d,train__c02__user22__1-2-1,2,Comb_hair,user22,1-2-1,17,0,1.0,0.17453760124039203,0.8284313725490197,0.67820609032096,0.370309440692201,0.8262310719859719,1.0,168.0,1.0,1.0,1.0
25d,train__c02__user22__1-2-1,2,Comb_hair,user22,1-2-1,17,1,1.0,0.6707699144517255,0.328125,0.6013068600191857,0.09504710558488201,0.5227279689207848,1.0,168.0,1.0,1.0,1.0
2d,train__c02__user22__2-2-1,2,Comb_hair,user22,2-2-1,13,0,0.8269230769230769,0.1670550024691854,0.813953488372093,0.9850302063067313,0.10876062634515712,0.8120267939035188,1.0,168.0,1.0,1.0,1.0
25d,train__c02__user22__2-2-1,2,Comb_hair,user22,2-2-1,13,0,0.8269230769230769,0.33638571035459425,0.5193798449612403,0.9451782726384915,0.010584436077841647,0.6386628823906771,1.0,168.0,1.0,1.0,1.0
2d,train__c02__user22__2-2-2,2,Comb_hair,user22,2-2-2,17,0,0.7794117647058824,0.1382825840654325,0.8364779874213837,0.9807379988578843,0.39357010418438926,0.840595627251967,1.0,168.0,1.0,1.0,1.0
25d,train__c02__user22__2-2-2,2,Comb_hair,user22,2-2-2,17,0,0.7794117647058824,0.4829568173181939,0.5660377358490566,0.9486750771500295,0.16182321146416517,0.6712661797623847,1.0,168.0,1.0,1.0,1.0
2d,train__c02__user22__2-2-3,2,Comb_hair,user22,2-2-3,8,0,0.78125,0.11378740175912405,1.0,0.9739507367753122,0.488679233773477,0.937171016210542,1.0,168.0,1.0,1.0,1.0
25d,train__c02__user22__2-2-3,2,Comb_hair,user22,2-2-3,8,0,0.78125,0.32593669514310175,0.7466666666666667,0.8851620913974659,0.04537087956993973,0.7557106917741587,1.0,168.0,1.0,1.0,1.0
2d,train__c03__user22__6-1-1,3,Take_off_clothes,user22,6-1-1,32,0,0.78125,0.15487064354639757,0.8633333333333333,0.7296701913659721,0.4683834295149327,0.8360541096835504,1.0,168.0,1.0,1.0,1.0
25d,train__c03__user22__6-1-1,3,Take_off_clothes,user22,6-1-1,32,0,0.78125,0.3835542934008053,0.5933333333333334,0.7627312367553718,0.3031051049261278,0.6784643398783301,1.0,168.0,1.0,1.0,1.0
2d,train__c03__user22__6-1-2,3,Take_off_clothes,user22,6-1-2,27,0,0.7654320987654321,0.1606150515647383,0.8467741935483871,0.7657688010163175,0.30994434437171164,0.8170917222576661,1.0,168.0,1.0,1.0,1.0
25d,train__c03__user22__6-1-2,3,Take_off_clothes,user22,6-1-2,27,0,0.7654320987654321,0.28219693783913213,0.6048387096774194,0.7441921698752947,0.24391888085887023,0.6769176332510686,1.0,168.0,1.0,1.0,1.0
2d,train__c03__user22__6-1-3,3,Take_off_clothes,user22,6-1-3,18,0,0.7916666666666666,0.15885727051505166,0.847953216374269,0.615043131319567,0.2681855923106283,0.8021591682277684,1.0,168.0,1.0,1.0,1.0
25d,train__c03__user22__6-1-3,3,Take_off_clothes,user22,6-1-3,18,1,0.7990196078431373,0.32148707349857447,0.558282208588957,0.823631131466622,0.23995286176626712,0.6623167532873724,2.0,168.0,0.0,1.0,0.5
2d,train__c03__user22__7-2-1,3,Take_off_clothes,user22,7-2-1,50,1,1.0,0.17043752673762788,0.8282312925170068,0.6879945291806696,0.240175351470193,0.8173398151626852,1.0,168.0,1.0,1.0,1.0
25d,train__c03__user22__7-2-1,3,Take_off_clothes,user22,7-2-1,50,-1,0.9778911564625851,0.5823263573842046,0.25217391304347825,0.43217392123958887,0.22994755612909956,0.4719482266538129,1.0,168.0,1.0,1.0,1.0
2d,train__c03__user22__7-2-2,3,Take_off_clothes,user22,7-2-2,37,0,1.0,0.18675208352304506,0.704954954954955,0.8898368591132793,0.34190463976009156,0.77735175911856,2.0,168.0,0.0,1.0,0.5
25d,train__c03__user22__7-2-2,3,Take_off_clothes,user22,7-2-2,37,0,0.9932432432432432,0.5227650011016851,0.29024943310657597,0.47661118677861025,0.14608827205842143,0.49257925161518373,2.0,168.0,0.0,1.0,0.5
2d,train__c03__user22__7-2-3,3,Take_off_clothes,user22,7-2-3,11,0,1.0,0.21465473362942403,0.7272727272727273,0.5947830569387722,0.4221016852612393,0.7661359320884702,3.0,168.0,0.0,1.0,0.3333333333333333
25d,train__c03__user22__7-2-3,3,Take_off_clothes,user22,7-2-3,11,-1,0.9916666666666667,0.6444840147708945,0.47058823529411764,0.3317090546809674,0.13092322411142174,0.5759803433548848,2.0,168.0,0.0,1.0,0.5
2d,train__c04__user22__1-1-2,4,Wipe_hands,user22,1-1-2,16,0,0.9010416666666666,0.29567259177206484,0.7803468208092486,-0.4350197256725535,0.45779026137194984,0.6851272151473943,1.0,168.0,1.0,1.0,1.0
25d,train__c04__user22__1-1-2,4,Wipe_hands,user22,1-1-2,16,1,0.9,0.30451026425015615,0.4012345679012346,0.04823927124082811,0.1695680717217624,0.503220544848894,1.0,168.0,1.0,1.0,1.0
2d,train__c04__user22__1-1-3,4,Wipe_hands,user22,1-1-3,9,2,0.8333333333333334,0.19425566546208867,0.8285714285714286,0.5621895809999133,-0.12357460739771842,0.7609984815927816,1.0,168.0,1.0,1.0,1.0
25d,train__c04__user22__1-1-3,4,Wipe_hands,user22,1-1-3,9,1,0.8333333333333334,0.2894971071866281,0.5,0.6348095088890483,-0.21141131915940226,0.580958435285283,2.0,168.0,0.0,1.0,0.5
2d,train__c04__user22__6-2-1,4,Wipe_hands,user22,6-2-1,29,-1,1.0,0.1263041791510683,0.9166666666666666,0.7556100034767986,0.7898913929587329,0.9139695214862514,1.0,168.0,1.0,1.0,1.0
25d,train__c04__user22__6-2-1,4,Wipe_hands,user22,6-2-1,29,0,0.9942528735632183,0.390285898257898,0.13872832369942195,0.7848460527048938,0.7286808945304798,0.48386153775127927,8.0,168.0,0.0,0.0,0.125
2d,train__c04__user22__6-2-2,4,Wipe_hands,user22,6-2-2,24,-1,1.0,0.12394945298445006,0.8804347826086957,0.914107266934297,0.6794349904812563,0.9016074814143066,1.0,168.0,1.0,1.0,1.0
25d,train__c04__user22__6-2-2,4,Wipe_hands,user22,6-2-2,24,0,0.9548611111111112,0.4499526639292685,0.2290909090909091,0.8358959952370787,0.5750286891803787,0.5232028623233475,80.0,168.0,0.0,0.0,0.0125
2d,train__c05__user22__2-2-1,5,Put_on_clothes,user22,2-2-1,74,0,0.7849099099099099,0.20640705147832536,0.812051649928264,0.7525031703875401,0.1750266360485342,0.7884967131939303,1.0,168.0,1.0,1.0,1.0
25d,train__c05__user22__2-2-1,5,Put_on_clothes,user22,2-2-1,74,1,0.7511415525114156,0.36142167236503814,0.44984802431610943,0.6806996967068512,0.20974835438165812,0.5813316648743112,1.0,168.0,1.0,1.0,1.0
2d,train__c05__user22__2-2-2,5,Put_on_clothes,user22,2-2-2,114,0,0.7799707602339181,0.1998729928191552,0.7769447047797563,0.7906873609798023,0.1017998105101505,0.7670203855384993,1.0,168.0,1.0,1.0,1.0
25d,train__c05__user22__2-2-2,5,Put_on_clothes,user22,2-2-2,114,0,0.7448830409356725,0.3893222460375951,0.4072620215897939,0.7993480421572093,0.07344548163616216,0.558925631306387,1.0,168.0,1.0,1.0,1.0
2d,train__c05__user22__2-2-3,5,Put_on_clothes,user22,2-2-3,41,0,0.8048780487804879,0.22163679164233935,0.8333333333333334,0.7143665067444808,0.44647748289893024,0.81874360010325,1.0,168.0,1.0,1.0,1.0
25d,train__c05__user22__2-2-3,5,Put_on_clothes,user22,2-2-3,41,0,0.7967479674796748,0.31531456535812385,0.5918367346938775,0.6594958698962008,0.3318293763619896,0.6710217910463695,1.0,168.0,1.0,1.0,1.0
2d,train__c05__user22__6-1-1,5,Put_on_clothes,user22,6-1-1,52,0,0.7596153846153846,0.17369424208539458,0.8270042194092827,0.7672731678236523,0.2040421201845502,0.7978443349328503,1.0,168.0,1.0,1.0,1.0
25d,train__c05__user22__6-1-1,5,Put_on_clothes,user22,6-1-1,52,0,0.7339743589743589,0.35494556677009265,0.48034934497816595,0.7915873351109073,0.07862909135248222,0.597645490997954,1.0,168.0,1.0,1.0,1.0
2d,train__c05__user22__6-1-2,5,Put_on_clothes,user22,6-1-2,46,-1,0.7611111111111111,0.2110444073691473,0.7420924574209246,0.6484898835128708,0.48113777495197174,0.7601962841653047,1.0,168.0,1.0,1.0,1.0
25d,train__c05__user22__6-1-2,5,Put_on_clothes,user22,6-1-2,46,0,0.7137681159420289,0.37491480736093563,0.5203045685279187,0.6000992379182487,0.3942246017771593,0.6221210932096701,1.0,168.0,1.0,1.0,1.0
2d,train__c05__user22__6-1-3,5,Put_on_clothes,user22,6-1-3,56,0,0.7886904761904762,0.2265127478634345,0.7716981132075472,0.6377711875173133,0.5024575406968441,0.7797644441871934,1.0,168.0,1.0,1.0,1.0
25d,train__c05__user22__6-1-3,5,Put_on_clothes,user22,6-1-3,56,0,0.7574404761904762,0.4154196180435665,0.449901768172888,0.6649380079326995,0.3037897802825847,0.5874680544285998,1.0,168.0,1.0,1.0,1.0
2d,train__c05__user22__7-2-1,5,Put_on_clothes,user22,7-2-1,81,-2,1.0,0.2079696139219053,0.760548523206751,0.7488415857926156,0.29729317353804335,0.7904828343583279,1.0,168.0,1.0,1.0,1.0
25d,train__c05__user22__7-2-1,5,Put_on_clothes,user22,7-2-1,81,-2,0.9852320675105485,0.6326271040426161,0.26873661670235544,0.6487148755885433,0.1761549161592113,0.49941145220814553,7.0,168.0,0.0,0.0,0.14285714285714285
2d,train__c05__user22__7-2-2,5,Put_on_clothes,user22,7-2-2,62,0,1.0,0.21747889840758552,0.7379032258064516,0.8892346171762181,0.102816362179611,0.777481463074641,1.0,168.0,1.0,1.0,1.0
25d,train__c05__user22__7-2-2,5,Put_on_clothes,user22,7-2-2,62,-1,0.9972677595628415,0.5922337695830484,0.32465753424657534,0.7433757663861876,0.173695984444298,0.5406531952638418,4.0,168.0,0.0,1.0,0.25
2d,train__c05__user22__7-2-3,5,Put_on_clothes,user22,7-2-3,26,0,1.0,0.2300875494656864,0.6762820512820513,0.8255810414663256,0.21201558491745742,0.7454144012205701,1.0,168.0,1.0,1.0,1.0
25d,train__c05__user22__7-2-3,5,Put_on_clothes,user22,7-2-3,26,-1,0.9966666666666667,0.6338786338764938,0.35785953177257523,0.6526699099259697,0.1201393160530148,0.5457668488381562,13.0,168.0,0.0,0.0,0.07692307692307693
2d,train__c06__user22__2-1-1,6,Drink_water,user22,2-1-1,32,0,1.0,0.2461823637045937,0.5833333333333334,0.9732481981500328,0.21381230968849588,0.7091940763749738,2.0,168.0,0.0,1.0,0.5
25d,train__c06__user22__2-1-1,6,Drink_water,user22,2-1-1,32,0,1.0,0.38664559923325725,0.3411458333333333,0.9607805798514673,0.23052383843411384,0.5759975542010386,2.0,168.0,0.0,1.0,0.5
2d,train__c06__user22__2-1-2,6,Drink_water,user22,2-1-2,20,0,0.9625,0.19056326332557005,0.6926406926406926,0.9913488572324314,0.39445264487662723,0.7809212150413711,1.0,168.0,1.0,1.0,1.0
25d,train__c06__user22__2-1-2,6,Drink_water,user22,2-1-2,20,1,0.9605263157894737,0.2669919480580398,0.4748858447488584,0.9923281801902817,0.3136782362221953,0.6549985319265124,1.0,168.0,1.0,1.0,1.0
2d,train__c06__user22__2-1-3,6,Drink_water,user22,2-1-3,12,0,0.9375,0.13885160048631057,0.8962962962962963,0.9508650901215109,0.3633514959288448,0.8840508341697775,1.0,168.0,1.0,1.0,1.0
25d,train__c06__user22__2-1-3,6,Drink_water,user22,2-1-3,12,2,0.9416666666666667,0.482604302606465,0.35398230088495575,0.8692840857265354,0.20712265096531288,0.5663195395484444,1.0,168.0,1.0,1.0,1.0
2d,train__c06__user22__4-3-1,6,Drink_water,user22,4-3-1,16,0,1.0,0.12862823998562903,0.9270833333333334,0.843595110094109,0.3841712120167636,0.8980681852440017,1.0,168.0,1.0,1.0,1.0
25d,train__c06__user22__4-3-1,6,Drink_water,user22,4-3-1,16,0,0.9947916666666666,0.6980127567623192,0.16753926701570682,0.27422786250976156,0.17294971741596812,0.40701977858247923,1.0,168.0,1.0,1.0,1.0
2d,train__c06__user22__4-3-2,6,Drink_water,user22,4-3-2,14,0,0.9404761904761905,0.15150015826024057,0.810126582278481,0.9908981351693186,0.03949891233730413,0.8166694712430134,1.0,168.0,1.0,1.0,1.0
25d,train__c06__user22__4-3-2,6,Drink_water,user22,4-3-2,14,-2,0.9305555555555556,0.7719007436594324,0.5970149253731343,0.8955868222750539,0.021204459981779687,0.6875627812369184,17.0,168.0,0.0,0.0,0.058823529411764705
2d,train__c06__user22__4-3-3,6,Drink_water,user22,4-3-3,24,1,1.0,0.12868135075291165,0.9130434782608695,0.9153428899610843,0.2822165501119441,0.8898744432979825,1.0,168.0,1.0,1.0,1.0
25d,train__c06__user22__4-3-3,6,Drink_water,user22,4-3-3,24,2,0.9962121212121212,0.5241150561600647,0.12547528517110265,0.4076576081214796,0.10381645640690267,0.3921846140079842,1.0,168.0,1.0,1.0,1.0
2d,train__c06__user22__6-2-1,6,Drink_water,user22,6-2-1,23,1,0.9924242424242424,0.2788115046158056,0.6564885496183206,0.8486201348217334,0.2924779275080185,0.7421089845777753,16.0,168.0,0.0,0.0,0.0625
25d,train__c06__user22__6-2-1,6,Drink_water,user22,6-2-1,23,1,0.9848484848484849,0.9307207623303446,0.38461538461538464,0.7865234712965365,0.3899772753915685,0.5929239528073313,28.0,168.0,0.0,0.0,0.03571428571428571
2d,train__c06__user22__6-2-2,6,Drink_water,user22,6-2-2,15,0,1.0,0.21104321449729072,0.7833333333333333,0.7898041885037201,0.34156298343949176,0.8104309759416672,4.0,168.0,0.0,1.0,0.25
25d,train__c06__user22__6-2-2,6,Drink_water,user22,6-2-2,15,0,0.9777777777777777,0.8799523580131119,0.4602272727272727,0.49374045938188765,0.377778428762376,0.6036102058731447,11.0,168.0,0.0,0.0,0.09090909090909091
2d,train__c06__user22__6-2-3,6,Drink_water,user22,6-2-3,14,0,1.0,0.2125810873995692,0.6428571428571429,0.8743675337934004,0.18547587374703303,0.7299188724817962,1.0,168.0,1.0,1.0,1.0
25d,train__c06__user22__6-2-3,6,Drink_water,user22,6-2-3,14,0,1.0,0.9380692554841348,0.4226190476190476,0.7315089935846902,0.3188690111411165,0.604506551384529,7.0,168.0,0.0,0.0,0.14285714285714285
2d,train__c07__user22__3-1-1,7,Eat_food,user22,3-1-1,22,-1,0.9047619047619048,0.25448553813611435,0.6535087719298246,0.7304985202566578,0.2530035266107722,0.7169311315590678,11.0,168.0,0.0,0.0,0.09090909090909091
25d,train__c07__user22__3-1-1,7,Eat_food,user22,3-1-1,22,-1,0.9047619047619048,0.27752035910847545,0.5131578947368421,0.701993925493619,0.13820722831776722,0.6282779672546481,8.0,168.0,0.0,0.0,0.125
2d,train__c07__user22__3-1-2,7,Eat_food,user22,3-1-2,22,0,0.9128787878787878,0.28893146893201616,0.5684647302904564,0.7136224897924143,0.2910575260468818,0.6721350438803875,14.0,168.0,0.0,0.0,0.07142857142857142
25d,train__c07__user22__3-1-2,7,Eat_food,user22,3-1-2,22,-2,0.9125,0.3450168986267534,0.4383561643835616,0.6745668762342589,0.18402856788414154,0.5886047206256955,24.0,168.0,0.0,0.0,0.041666666666666664
2d,train__c07__user22__3-3-1,7,Eat_food,user22,3-3-1,35,0,0.9166666666666666,0.16786009475970437,0.6623376623376623,0.996420496789063,0.2692965163465711,0.7507916693572801,2.0,168.0,0.0,1.0,0.5
25d,train__c07__user22__3-3-1,7,Eat_food,user22,3-3-1,35,0,0.9166666666666666,0.27993139515604115,0.5038961038961038,0.9928179219823902,0.30768299362971513,0.6661675405299915,2.0,168.0,0.0,1.0,0.5
2d,train__c07__user22__3-3-2,7,Eat_food,user22,3-3-2,21,-1,0.8375,0.14925103977884233,0.8009950248756219,0.9984547317094412,0.22153355439133318,0.8157577534318862,3.0,168.0,0.0,1.0,0.3333333333333333
25d,train__c07__user22__3-3-2,7,Eat_food,user22,3-3-2,21,-2,0.8333333333333334,0.26032274958314683,0.5789473684210527,0.9927961452310118,0.18069302358146416,0.6895859772566234,3.0,168.0,0.0,1.0,0.3333333333333333
2d,train__c07__user22__3-3-3,7,Eat_food,user22,3-3-3,9,-2,0.9166666666666666,0.16384125637661368,0.7272727272727273,0.9964441860429899,0.10280486765456534,0.7740214503450581,1.0,168.0,1.0,1.0,1.0
25d,train__c07__user22__3-3-3,7,Eat_food,user22,3-3-3,9,-1,0.9166666666666666,0.20731686444694136,0.6931818181818182,0.9941077863942634,0.2889850839919543,0.7690013266054897,1.0,168.0,1.0,1.0,1.0
2d,train__c07__user22__4-3-1,7,Eat_food,user22,4-3-1,28,0,1.0,0.11238431751701906,0.9821428571428571,0.9715051741554063,0.2351283290987165,0.9299637135265156,1.0,168.0,1.0,1.0,1.0
25d,train__c07__user22__4-3-1,7,Eat_food,user22,4-3-1,28,2,0.9871794871794872,0.5431213854111293,0.08441558441558442,0.7168560499054399,0.17837470358775423,0.4052102279061457,14.0,168.0,0.0,0.0,0.07142857142857142
2d,train__c07__user22__4-3-2,7,Eat_food,user22,4-3-2,20,-2,0.9953703703703703,0.37346523336667015,0.6744186046511628,0.8178540180489149,0.23770139085202238,0.7450802757139698,20.0,168.0,0.0,0.0,0.05
25d,train__c07__user22__4-3-2,7,Eat_food,user22,4-3-2,20,-2,0.9490740740740741,1.0290017705077055,0.3463414634146341,0.4734628275556649,0.19921873085716155,0.5226828998553098,8.0,168.0,0.0,0.0,0.125
2d,train__c07__user22__4-3-3,7,Eat_food,user22,4-3-3,16,-1,1.0,0.12826660069902532,0.8444444444444444,0.9712838647364976,0.15619402584670158,0.8482873828565969,2.0,168.0,0.0,1.0,0.5
25d,train__c07__user22__4-3-3,7,Eat_food,user22,4-3-3,16,-1,0.9777777777777777,0.7658122217305016,0.1875,0.6586355568293606,0.13479027366358642,0.4518756039854829,8.0,168.0,0.0,0.0,0.125
2d,train__c07__user22__6-2-2,7,Eat_food,user22,6-2-2,13,-1,1.0,0.13722008240220612,0.8958333333333334,0.9096019104950857,0.28277154660966514,0.8798763903785668,2.0,168.0,0.0,1.0,0.5
25d,train__c07__user22__6-2-2,7,Eat_food,user22,6-2-2,13,1,1.0,0.7127879428035072,0.375,0.7092569042603216,0.1852960215394667,0.5660728920414921,17.0,168.0,0.0,0.0,0.058823529411764705
2d,train__c07__user22__6-2-3,7,Eat_food,user22,6-2-3,8,-2,1.0,0.14357565782769519,0.875,0.9667616868045958,0.38235622696280586,0.88160288570267,1.0,168.0,1.0,1.0,1.0
25d,train__c07__user22__6-2-3,7,Eat_food,user22,6-2-3,8,-1,0.9880952380952381,0.8236045696122044,0.5060240963855421,0.7998940656505941,0.35095031671301435,0.6584334571401075,60.0,168.0,0.0,0.0,0.016666666666666666
2d,train__c08__user22__2-1-1,8,Take_and_use_tableware,user22,2-1-1,42,-1,0.9024390243902439,0.2918220124083173,0.545045045045045,0.8792897800025169,0.11909944167056703,0.6618801133393433,1.0,168.0,1.0,1.0,1.0
25d,train__c08__user22__2-1-1,8,Take_and_use_tableware,user22,2-1-1,42,-2,0.9020833333333333,0.6271869971856938,0.24249422632794457,0.6938814930224572,0.13239977089757726,0.4778982899332669,9.0,168.0,0.0,0.0,0.1111111111111111
2d,train__c08__user22__2-1-2,8,Take_and_use_tableware,user22,2-1-2,49,0,0.8741496598639455,0.32040379116737977,0.49221789883268485,0.8775254183143453,0.24897051364521455,0.6395601406991969,5.0,168.0,0.0,1.0,0.2
25d,train__c08__user22__2-1-2,8,Take_and_use_tableware,user22,2-1-2,49,0,0.8741496598639455,0.6298552908413734,0.24708171206225682,0.8743069368680346,0.07126439046470799,0.49108543059229237,13.0,168.0,0.0,0.0,0.07692307692307693
2d,train__c08__user22__2-1-3,8,Take_and_use_tableware,user22,2-1-3,23,0,0.8478260869565217,0.27082971586064936,0.6239316239316239,0.9095854277580337,0.1552643415069865,0.7055483702468728,1.0,168.0,1.0,1.0,1.0
25d,train__c08__user22__2-1-3,8,Take_and_use_tableware,user22,2-1-3,23,-1,0.8371212121212122,0.5595903261357326,0.3076923076923077,0.6357193359602636,0.09087733758894193,0.49833062435808745,4.0,168.0,0.0,1.0,0.25
2d,train__c08__user22__6-2-1,8,Take_and_use_tableware,user22,6-2-1,26,-1,0.9833333333333333,0.156140358000657,0.8135593220338984,0.8212603660889625,0.26361947434420124,0.8226884576366889,1.0,168.0,1.0,1.0,1.0
25d,train__c08__user22__6-2-1,8,Take_and_use_tableware,user22,6-2-1,26,1,0.98,0.7993812972516714,0.21768707482993196,0.020212080064806397,0.1898466014242487,0.40898759426976194,4.0,168.0,0.0,1.0,0.25
2d,train__c08__user22__6-2-2,8,Take_and_use_tableware,user22,6-2-2,21,-1,0.9833333333333333,0.16923702400957485,0.7288135593220338,0.8467444186896462,0.3730159532019158,0.7868314293195604,4.0,168.0,0.0,1.0,0.25
25d,train__c08__user22__6-2-2,8,Take_and_use_tableware,user22,6-2-2,21,0,0.9801587301587301,0.7659985248246817,0.3076923076923077,0.14216822949845806,0.0016059408128341983,0.45658391075745064,6.0,168.0,0.0,0.0,0.16666666666666666
2d,train__c08__user22__6-2-3,8,Take_and_use_tableware,user22,6-2-3,15,-1,0.9047619047619048,0.18203129489928202,0.6973684210526315,0.794671033797165,0.16866688125634355,0.7411459415290801,7.0,168.0,0.0,0.0,0.14285714285714285
25d,train__c08__user22__6-2-3,8,Take_and_use_tableware,user22,6-2-3,15,-1,0.9047619047619048,0.8163241884287818,0.32894736842105265,0.11040673852401793,0.2459726206785774,0.47588586351106454,3.0,168.0,0.0,1.0,0.3333333333333333
2d,train__c09__user22__2-1-1,9,Pour_drinks,user22,2-1-1,29,0,0.9913793103448276,0.2172717828444303,0.6463768115942029,0.9834393322610593,0.3838965371224863,0.7567813509215867,1.0,168.0,1.0,1.0,1.0
25d,train__c09__user22__2-1-1,9,Pour_drinks,user22,2-1-1,29,2,0.9938271604938271,0.579555516559285,0.4751552795031056,0.9172187954189632,0.4058790396789486,0.6578809272939083,2.0,168.0,0.0,1.0,0.5
2d,train__c09__user22__2-1-2,9,Pour_drinks,user22,2-1-2,27,0,0.9691358024691358,0.12741961871313348,0.9394904458598726,0.9269161883841376,0.4123143401685665,0.9122485198208998,1.0,168.0,1.0,1.0,1.0
25d,train__c09__user22__2-1-2,9,Pour_drinks,user22,2-1-2,27,0,0.9660493827160493,0.5019522300136874,0.5303514376996805,0.7663386327315939,0.3402914312001657,0.665453949619601,1.0,168.0,1.0,1.0,1.0
2d,train__c09__user22__2-1-3,9,Pour_drinks,user22,2-1-3,24,0,0.9791666666666666,0.12434451598837644,1.0,0.9541415710391967,0.1291887393800985,0.9280199792240937,1.0,168.0,1.0,1.0,1.0
25d,train__c09__user22__2-1-3,9,Pour_drinks,user22,2-1-3,24,1,0.9782608695652174,0.2950120663357804,0.4925925925925926,0.8777948568224507,0.19764835646037146,0.6463551252992206,1.0,168.0,1.0,1.0,1.0
2d,train__c09__user22__4-3-1,9,Pour_drinks,user22,4-3-1,19,0,1.0,0.19643150799672618,0.6096491228070176,0.7004324416023067,0.14745683402965845,0.6914095242563147,2.0,168.0,0.0,1.0,0.5
25d,train__c09__user22__4-3-1,9,Pour_drinks,user22,4-3-1,19,0,0.9649122807017544,0.7205854872942468,0.17272727272727273,-0.020162500031832963,0.18512223149733267,0.3783591454292921,20.0,168.0,0.0,0.0,0.05
2d,train__c09__user22__4-3-2,9,Pour_drinks,user22,4-3-2,9,0,1.0,0.41919290856681957,0.42592592592592593,0.1641544967921167,0.30726008450543163,0.5487192152763783,29.0,168.0,0.0,0.0,0.034482758620689655
25d,train__c09__user22__4-3-2,9,Pour_drinks,user22,4-3-2,9,0,0.9722222222222222,1.331871128969823,0.2571428571428571,-0.25224319051632865,0.10113574978360969,0.3960116558329315,4.0,168.0,0.0,1.0,0.25
2d,train__c10__user22__4-3-1,10,Stir_drinks,user22,4-3-1,10,-1,1.0,0.17577224128073454,0.75,0.8310639529858511,0.2457432621821881,0.7890371399622492,2.0,168.0,0.0,1.0,0.5
25d,train__c10__user22__4-3-1,10,Stir_drinks,user22,4-3-1,10,0,0.9916666666666667,0.6149502044218194,0.2773109243697479,0.2756794484081313,0.42376435378071114,0.4860379464443945,9.0,168.0,0.0,0.0,0.1111111111111111
2d,train__c10__user22__4-3-2,10,Stir_drinks,user22,4-3-2,22,0,0.9696969696969697,0.17270290774348154,0.72265625,0.7430609522856279,0.1690148128771607,0.7564128406640469,4.0,168.0,0.0,1.0,0.25
25d,train__c10__user22__4-3-2,10,Stir_drinks,user22,4-3-2,22,2,0.9833333333333333,0.9789335576210317,0.3771186440677966,0.28807153420121345,0.18163995698855737,0.5231787377648847,3.0,168.0,0.0,1.0,0.3333333333333333
2d,train__c10__user22__4-3-3,10,Stir_drinks,user22,4-3-3,13,-1,1.0,0.1709002703267204,0.7361111111111112,0.8766736813229451,0.24171372693367302,0.7856570087634311,1.0,168.0,1.0,1.0,1.0
25d,train__c10__user22__4-3-3,10,Stir_drinks,user22,4-3-3,13,0,0.9935897435897436,0.6862019221123647,0.3161290322580645,0.27769621421331847,0.1921207753673151,0.49040862167479027,8.0,168.0,0.0,0.0,0.125
2d,train__c11__user22__3-3-1,11,Peel_fruits,user22,3-3-1,13,0,0.9294871794871795,0.1772077547127463,0.7103448275862069,0.9914669928005074,0.2612060420257031,0.7773755255531103,1.0,168.0,1.0,1.0,1.0
25d,train__c11__user22__3-3-1,11,Peel_fruits,user22,3-3-1,13,2,0.9318181818181818,0.3103881741588079,0.5528455284552846,0.9612111478522971,0.06125925434331735,0.6729624176932032,4.0,168.0,0.0,1.0,0.25
2d,train__c11__user22__4-3-1,11,Peel_fruits,user22,4-3-1,29,-1,0.9672619047619048,0.1327570327880785,0.916923076923077,0.6975285208247873,0.191323935957141,0.8601360300631471,6.0,168.0,0.0,0.0,0.16666666666666666
25d,train__c11__user22__4-3-1,11,Peel_fruits,user22,4-3-1,29,-1,0.9642857142857143,0.5785115500641853,0.15123456790123457,0.16887563476740308,0.24465594619291872,0.38984434321545963,23.0,168.0,0.0,0.0,0.043478260869565216
2d,train__c11__user22__4-3-2,11,Peel_fruits,user22,4-3-2,21,1,0.9958333333333333,0.3230442095142658,0.6527196652719666,0.2913772571580942,-0.0003005484017937349,0.6626943338185899,16.0,168.0,0.0,0.0,0.0625
25d,train__c11__user22__4-3-2,11,Peel_fruits,user22,4-3-2,21,0,0.9484126984126984,0.896829445779571,0.4686192468619247,0.3189893082982405,0.061829356811024284,0.5641179882059792,6.0,168.0,0.0,0.0,0.16666666666666666
2d,train__c11__user22__4-3-3,11,Peel_fruits,user22,4-3-3,22,2,1.0,0.13279923402985272,0.9208333333333333,0.8643608504568558,0.03683910237393415,0.8706573510570639,3.0,168.0,0.0,1.0,0.3333333333333333
25d,train__c11__user22__4-3-3,11,Peel_fruits,user22,4-3-3,22,2,1.0,0.6351289241384899,0.15833333333333333,0.6942009356257617,0.0664354564354895,0.4364860861285712,6.0,168.0,0.0,0.0,0.16666666666666666
2d,train__c11__user22__5-2-1,11,Peel_fruits,user22,5-2-1,45,-1,1.0,0.12803505990530697,0.9545454545454546,0.8726819584482357,0.553486190499142,0.9287796601322592,2.0,168.0,0.0,1.0,0.5
25d,train__c11__user22__5-2-1,11,Peel_fruits,user22,5-2-1,45,0,1.0,0.9066791340455453,0.37592592592592594,0.8808800629340775,0.35662178290884555,0.5965938992708304,1.0,168.0,1.0,1.0,1.0
2d,train__c11__user22__5-2-2,11,Peel_fruits,user22,5-2-2,32,-2,0.9,0.1283053032410719,0.8765432098765432,0.9628616072691528,0.1504512995123468,0.85466877362244,1.0,168.0,1.0,1.0,1.0
25d,train__c11__user22__5-2-2,11,Peel_fruits,user22,5-2-2,32,-2,0.9,0.6265713652255833,0.5123456790123457,0.7970212135186542,0.17375576400250034,0.6395239271088431,23.0,168.0,0.0,0.0,0.043478260869565216
2d,train__c11__user22__5-2-3,11,Peel_fruits,user22,5-2-3,33,0,0.9974747474747475,0.12176860450568941,0.9721518987341772,0.8456016008195655,0.19929480084635567,0.9089382891967055,1.0,168.0,1.0,1.0,1.0
25d,train__c11__user22__5-2-3,11,Peel_fruits,user22,5-2-3,33,1,1.0,0.7743454901736115,0.4869791666666667,0.6147900250246295,0.2751577016669046,0.6249543717941476,39.0,168.0,0.0,0.0,0.02564102564102564
2d,train__c14__user22__2-1-1,14,Wipe_bowls,user22,2-1-1,31,1,0.9555555555555556,0.14265750972028052,0.8662790697674418,0.9633921842505716,0.16013202383635475,0.8553581641404324,1.0,168.0,1.0,1.0,1.0
25d,train__c14__user22__2-1-1,14,Wipe_bowls,user22,2-1-1,31,-2,0.9568965517241379,0.2707109736841544,0.5915915915915916,0.8853340495066007,0.2562557819551352,0.7038176191450844,1.0,168.0,1.0,1.0,1.0
2d,train__c14__user22__2-1-2,14,Wipe_bowls,user22,2-1-2,23,0,0.8731884057971014,0.15669877705614277,0.7261410788381742,0.9922207326991348,0.3143414315965559,0.7844941145803612,1.0,168.0,1.0,1.0,1.0
25d,train__c14__user22__2-1-2,14,Wipe_bowls,user22,2-1-2,23,0,0.8731884057971014,0.2511637012838786,0.5560165975103735,0.975787167662516,0.01613410358784724,0.6669167437457557,1.0,168.0,1.0,1.0,1.0
2d,train__c14__user22__2-1-3,14,Wipe_bowls,user22,2-1-3,13,2,0.8939393939393939,0.12632275562306702,0.8305084745762712,0.9639219945080343,0.30574170351062685,0.8404964276249889,1.0,168.0,1.0,1.0,1.0
25d,train__c14__user22__2-1-3,14,Wipe_bowls,user22,2-1-3,13,0,0.8974358974358975,0.2873989509473009,0.6357142857142857,0.5958308771593092,0.3011312241271355,0.696554376411913,2.0,168.0,0.0,1.0,0.5
2d,train__c15__user22__2-1-1,15,Wipe_windows_and_tables,user22,2-1-1,50,0,0.94,0.15650202943892305,0.7553191489361702,0.9425259338371975,0.3822831335531469,0.8073493603150994,1.0,168.0,1.0,1.0,1.0
25d,train__c15__user22__2-1-1,15,Wipe_windows_and_tables,user22,2-1-1,50,-2,0.9409722222222222,0.29413361087543827,0.5535055350553506,0.739295464515283,0.2410414023512849,0.6655329181305398,1.0,168.0,1.0,1.0,1.0
2d,train__c15__user22__2-1-2,15,Wipe_windows_and_tables,user22,2-1-2,53,-1,0.9246794871794872,0.15129526716510439,0.7590987868284229,0.9775881370467283,0.3163369979347887,0.8064563700233635,1.0,168.0,1.0,1.0,1.0
25d,train__c15__user22__2-1-2,15,Wipe_windows_and_tables,user22,2-1-2,53,2,0.9199346405228758,0.24911342510757448,0.5577264653641207,0.7527975424253355,0.13226262007091494,0.6589424707504062,1.0,168.0,1.0,1.0,1.0
2d,train__c15__user22__2-1-3,15,Wipe_windows_and_tables,user22,2-1-3,10,-1,0.9444444444444444,0.1485590915012803,0.7450980392156863,0.8954672377366276,0.4074364726821635,0.7993528252378971,1.0,168.0,1.0,1.0,1.0
25d,train__c15__user22__2-1-3,15,Wipe_windows_and_tables,user22,2-1-3,10,2,0.9479166666666666,0.3325841054201213,0.5384615384615384,0.4502639401444666,0.2922535590868516,0.6328909237664733,3.0,168.0,0.0,1.0,0.3333333333333333
2d,train__c16__user22__3-2-1,16,Fold_clothes,user22,3-2-1,49,0,0.9744897959183674,0.22426891888222256,0.6335078534031413,0.7849322429014386,0.15162854204863366,0.7107436639073559,1.0,168.0,1.0,1.0,1.0
25d,train__c16__user22__3-2-1,16,Fold_clothes,user22,3-2-1,49,1,0.8715277777777778,0.8422242779694822,0.31274900398406374,0.3305797262962141,-0.03303360188064178,0.46474518245758617,1.0,168.0,1.0,1.0,1.0
2d,train__c16__user22__3-2-2,16,Fold_clothes,user22,3-2-2,32,0,0.9739583333333334,0.20719822870108184,0.6417112299465241,0.7281798731931289,0.21939744057070645,0.7146098051660374,1.0,168.0,1.0,1.0,1.0
25d,train__c16__user22__3-2-2,16,Fold_clothes,user22,3-2-2,32,1,0.9596774193548387,0.7257238758239745,0.2773109243697479,0.19090661796958847,0.08935499332880471,0.44928103663546437,1.0,168.0,1.0,1.0,1.0
2d,train__c16__user22__3-2-3,16,Fold_clothes,user22,3-2-3,15,0,0.9388888888888889,0.2068746040971893,0.6804733727810651,0.7686201746450673,0.42222026263191564,0.7516777810803752,1.0,168.0,1.0,1.0,1.0
25d,train__c16__user22__3-2-3,16,Fold_clothes,user22,3-2-3,15,-1,0.9285714285714286,0.787419698158552,0.38461538461538464,-0.0338517372886311,0.003790221894008451,0.4762946973087919,1.0,168.0,1.0,1.0,1.0
2d,train__c17__user22__1-2-1,17,Tap_the_keyboard,user22,1-2-1,31,0,0.989247311827957,0.259288134018336,0.6875,-0.31819008300681606,0.40984667250143775,0.650969223319722,2.0,168.0,0.0,1.0,0.5
25d,train__c17__user22__1-2-1,17,Tap_the_keyboard,user22,1-2-1,31,2,0.9885057471264368,0.5085663518888359,0.5203488372093024,-0.1682971937337647,0.30682158503083995,0.5662243346816965,3.0,168.0,0.0,1.0,0.3333333333333333
2d,train__c17__user22__1-2-2,17,Tap_the_keyboard,user22,1-2-2,10,0,0.9083333333333333,0.1838135365860849,0.7339449541284404,-0.5018059436338136,0.23612537064346784,0.6370318665388544,3.0,168.0,0.0,1.0,0.3333333333333333
25d,train__c17__user22__1-2-2,17,Tap_the_keyboard,user22,1-2-2,10,0,0.9083333333333333,0.5503183216679369,0.5688073394495413,-0.4602143266262433,0.24972121308912323,0.551385028349641,2.0,168.0,0.0,1.0,0.5
2d,train__c17__user22__1-2-3,17,Tap_the_keyboard,user22,1-2-3,11,0,0.7575757575757576,0.16714813159185715,0.75,0.6100325551408522,0.5979459116544694,0.7691067746457463,3.0,168.0,0.0,1.0,0.3333333333333333
25d,train__c17__user22__1-2-3,17,Tap_the_keyboard,user22,1-2-3,11,0,0.7575757575757576,0.2738067851256649,0.53,0.746861714874135,0.4950921359138726,0.6540756574385298,3.0,168.0,0.0,1.0,0.3333333333333333
2d,train__c17__user22__4-1-2,17,Tap_the_keyboard,user22,4-1-2,45,2,0.998062015503876,0.3717072668953742,0.46990291262135925,0.8567936407885246,-0.08806596046729716,0.6123272205359405,28.0,168.0,0.0,0.0,0.03571428571428571
25d,train__c17__user22__4-1-2,17,Tap_the_keyboard,user22,4-1-2,45,-1,0.9867424242424242,0.7518152398269737,0.015355086372360844,0.3392056481987093,0.05178119956996322,0.3199236947166591,12.0,168.0,0.0,0.0,0.08333333333333333
2d,train__c17__user22__4-1-3,17,Tap_the_keyboard,user22,4-1-3,46,-2,1.0,0.3019809181553169,0.38446969696969696,0.8921676000836398,0.2872135471446441,0.5972161093775457,29.0,168.0,0.0,0.0,0.034482758620689655
25d,train__c17__user22__4-1-3,17,Tap_the_keyboard,user22,4-1-3,46,-2,0.9659090909090909,0.642947962815987,0.09019607843137255,-0.032906608345253184,0.17329936882118094,0.3309055440552273,25.0,168.0,0.0,0.0,0.04
2d,train__c18__user22__3-1-1,18,Write,user22,3-1-1,31,0,0.8924731182795699,0.15775420075008095,0.7018072289156626,0.945287630117227,0.1392895387927558,0.7552167661527508,4.0,168.0,0.0,1.0,0.25
25d,train__c18__user22__3-1-1,18,Write,user22,3-1-1,31,-1,0.8916666666666667,0.6031630337682387,0.4143302180685358,0.834184066268522,0.22246852823338462,0.5921518328487174,11.0,168.0,0.0,0.0,0.09090909090909091
2d,train__c18__user22__3-1-2,18,Write,user22,3-1-2,26,0,0.8942307692307693,0.13957598658730494,0.7777777777777778,0.9863761137684067,0.24841724681259417,0.80946975958864,4.0,168.0,0.0,1.0,0.25
25d,train__c18__user22__3-1-2,18,Write,user22,3-1-2,26,1,0.8933333333333333,0.3110061065118749,0.5261194029850746,0.6598147615628853,0.23423519675980103,0.6372481208883981,2.0,168.0,0.0,1.0,0.5
2d,train__c19__user22__4-1-1,19,Make_a_phone_call,user22,4-1-1,38,0,1.0,0.14020700036689024,0.8991228070175439,0.9385765712288724,0.27272990951433423,0.8838299441961115,1.0,168.0,1.0,1.0,1.0
25d,train__c19__user22__4-1-1,19,Make_a_phone_call,user22,4-1-1,38,0,1.0,0.8043500484230753,0.23903508771929824,0.8488490743576967,0.3010038517919508,0.5139294945657801,32.0,168.0,0.0,0.0,0.03125
2d,train__c19__user22__4-1-2,19,Make_a_phone_call,user22,4-1-2,30,-1,1.0,0.19396019183072097,0.6896551724137931,0.8934859922963445,0.08684539503937677,0.750172348685174,14.0,168.0,0.0,0.0,0.07142857142857142
25d,train__c19__user22__4-1-2,19,Make_a_phone_call,user22,4-1-2,30,2,0.9702380952380952,0.533844561659591,0.22085889570552147,0.7147352455023043,0.08092232959363758,0.47103890143159965,8.0,168.0,0.0,0.0,0.125
2d,train__c19__user22__4-1-3,19,Make_a_phone_call,user22,4-1-3,32,-2,1.0,0.23795274829202462,0.5777777777777777,0.5238773613265743,0.030364383680798735,0.6474428426864951,21.0,168.0,0.0,0.0,0.047619047619047616
25d,train__c19__user22__4-1-3,19,Make_a_phone_call,user22,4-1-3,32,-2,0.9972222222222222,0.5323857663924789,0.24512534818941503,0.5487988607152597,0.04153931548027717,0.46753649845894724,9.0,168.0,0.0,0.0,0.1111111111111111
2d,train__c20__user22__6-1-1,20,Check_the_time,user22,6-1-1,15,0,0.7444444444444445,0.09736309201161526,0.9328358208955224,0.9610534593564085,0.5534477774046606,0.9001180751779722,2.0,168.0,0.0,1.0,0.5
25d,train__c20__user22__6-1-1,20,Check_the_time,user22,6-1-1,15,0,0.7444444444444445,0.2536894397014025,0.4626865671641791,0.9246889778362155,0.5208775724897631,0.6354567721050968,5.0,168.0,0.0,1.0,0.2
2d,train__c20__user22__6-1-2,20,Check_the_time,user22,6-1-2,12,0,0.7638888888888888,0.07506517603392054,1.0,0.9832581011757668,0.24025620639636402,0.9177339144861929,1.0,168.0,1.0,1.0,1.0
25d,train__c20__user22__6-1-2,20,Check_the_time,user22,6-1-2,12,-2,0.7666666666666667,0.23104856686551972,0.5869565217391305,0.9597628666346896,0.18416156166171638,0.6842811574112861,1.0,168.0,1.0,1.0,1.0
2d,train__c21__user22__1-2-1,21,Read_documents,user22,1-2-1,29,-1,0.8958333333333334,0.2535785700652722,0.7940199335548173,0.0846024025360201,0.272879276061951,0.7302204827467311,3.0,168.0,0.0,1.0,0.3333333333333333
25d,train__c21__user22__1-2-1,21,Read_documents,user22,1-2-1,29,1,0.8898809523809523,0.5195947776740111,0.23745819397993312,0.2310093014528691,0.21246602198102535,0.4336259837209223,7.0,168.0,0.0,0.0,0.14285714285714285
2d,train__c21__user22__1-2-2,21,Read_documents,user22,1-2-2,32,-1,0.8440860215053764,0.20801340126514523,0.6751592356687898,0.7535036595044553,0.19487734846582078,0.7207123488537541,1.0,168.0,1.0,1.0,1.0
25d,train__c21__user22__1-2-2,21,Read_documents,user22,1-2-2,32,1,0.8387096774193549,0.5956844254366125,0.3717948717948718,0.7409572537179439,0.2644137919978431,0.5572849070007476,4.0,168.0,0.0,1.0,0.25
2d,train__c21__user22__1-2-3,21,Read_documents,user22,1-2-3,9,-1,1.0,0.194039519066674,0.6875,0.7486745201778682,0.5614618473555594,0.7701020905694539,1.0,168.0,1.0,1.0,1.0
25d,train__c21__user22__1-2-3,21,Read_documents,user22,1-2-3,9,-1,1.0,0.5142101242606145,0.34375,0.31146638530652254,0.5972965210931765,0.5400063776126405,1.0,168.0,1.0,1.0,1.0
2d,train__c21__user22__4-1-1,21,Read_documents,user22,4-1-1,9,0,0.9814814814814815,0.2327335817469032,0.7547169811320755,0.08149630896207183,0.09966770239232925,0.7038671963464216,1.0,168.0,1.0,1.0,1.0
25d,train__c21__user22__4-1-1,21,Read_documents,user22,4-1-1,9,0,0.9814814814814815,0.7624315599114062,0.2358490566037736,-0.03660694571006276,0.2939922803254724,0.4212538557336278,10.0,168.0,0.0,0.0,0.1
2d,train__c21__user22__4-1-2,21,Read_documents,user22,4-1-2,15,-1,0.9523809523809523,0.2389320907954337,0.76875,0.7299712747511057,0.2747748049574315,0.7866558330850132,1.0,168.0,1.0,1.0,1.0
25d,train__c21__user22__4-1-2,21,Read_documents,user22,4-1-2,15,-1,0.9345238095238095,0.7288383793490689,0.1592356687898089,0.10544686331688055,0.14819823281987357,0.37769155257995446,17.0,168.0,0.0,0.0,0.058823529411764705
2d,train__c21__user22__4-1-3,21,Read_documents,user22,4-1-3,25,-2,0.9456521739130435,0.22059642469272236,0.7432950191570882,0.4634884497727443,-0.005819681017771291,0.7242898468286445,1.0,168.0,1.0,1.0,1.0
25d,train__c21__user22__4-1-3,21,Read_documents,user22,4-1-3,25,1,0.9270833333333334,0.7495251832521165,0.2247191011235955,0.22882317570802793,0.07653342966838637,0.4199261637472426,7.0,168.0,0.0,0.0,0.14285714285714285
2d,train__c22__user22__4-1-1,22,Turn_pages,user22,4-1-1,52,0,1.0,0.1776512798719546,0.8108974358974359,0.39259015740817244,0.18057293673836347,0.7737955757397843,1.0,168.0,1.0,1.0,1.0
25d,train__c22__user22__4-1-1,22,Turn_pages,user22,4-1-1,52,0,0.9919871794871795,0.623561745581076,0.39579967689822293,0.2793929038241469,0.1539277488334858,0.5313724117876667,15.0,168.0,0.0,0.0,0.06666666666666667
2d,train__c22__user22__4-1-2,22,Turn_pages,user22,4-1-2,39,1,1.0,0.1784793526331656,0.8048245614035088,0.2920401577806552,0.2121762914772408,0.7627707464107885,2.0,168.0,0.0,1.0,0.5
25d,train__c22__user22__4-1-2,22,Turn_pages,user22,4-1-2,39,1,0.9978070175438597,0.5591941654363518,0.3384615384615385,0.26053317595775616,0.16923944961229742,0.49968082422493004,15.0,168.0,0.0,0.0,0.06666666666666667
2d,train__c22__user22__4-1-3,22,Turn_pages,user22,4-1-3,14,2,1.0,0.22645122927752287,0.7013888888888888,0.06581270378043141,0.23385747303631468,0.6848844697446557,3.0,168.0,0.0,1.0,0.3333333333333333
25d,train__c22__user22__4-1-3,22,Turn_pages,user22,4-1-3,14,1,1.0,0.6972796247067586,0.3269230769230769,-0.011044415600332957,0.15204139298556593,0.4651063552215765,20.0,168.0,0.0,0.0,0.05
2d,train__c23__user22__1-2-1,23,Listen_to_music_with_headphones,user22,1-2-1,40,0,0.9375,0.20029334689531658,0.76,0.722688176481162,0.3556530164094646,0.7856927938788261,1.0,168.0,1.0,1.0,1.0
25d,train__c23__user22__1-2-1,23,Listen_to_music_with_headphones,user22,1-2-1,40,-1,0.9316239316239316,0.6929176921231094,0.33715596330275227,0.6270416592122915,0.26550872452677415,0.5362154932396441,11.0,168.0,0.0,0.0,0.09090909090909091
2d,train__c23__user22__1-2-2,23,Listen_to_music_with_headphones,user22,1-2-2,21,0,0.8373015873015873,0.27128624710627236,0.7819905213270142,0.8960289163836601,0.5715158683539713,0.8212915272249305,12.0,168.0,0.0,0.0,0.08333333333333333
25d,train__c23__user22__1-2-2,23,Listen_to_music_with_headphones,user22,1-2-2,21,1,0.8333333333333334,0.7287914925739005,0.365,0.7922377277669417,0.5257307117859653,0.5777369094939749,45.0,168.0,0.0,0.0,0.022222222222222223
2d,train__c23__user22__1-2-3,23,Listen_to_music_with_headphones,user22,1-2-3,17,0,0.9607843137254902,0.2348500201597262,0.7448979591836735,0.7067101860318818,0.6793497670380299,0.80239456005461,3.0,168.0,0.0,1.0,0.3333333333333333
25d,train__c23__user22__1-2-3,23,Listen_to_music_with_headphones,user22,1-2-3,17,0,0.9607843137254902,0.6284441306162925,0.29591836734693877,0.7652314917576797,0.6161753161140606,0.5565698312976879,6.0,168.0,0.0,0.0,0.16666666666666666
2d,train__c24__user22__5-2-1,24,Use_a_mobile_phone,user22,5-2-1,35,0,1.0,0.11552560442684401,0.9809523809523809,0.6647466681601522,0.44986364352849323,0.9147382496044617,2.0,168.0,0.0,1.0,0.5
25d,train__c24__user22__5-2-1,24,Use_a_mobile_phone,user22,5-2-1,35,0,0.9976190476190476,0.7118537557853283,0.31026252983293556,0.7263334150359352,0.2855603351207823,0.5394566628076716,2.0,168.0,0.0,1.0,0.5
2d,train__c24__user22__5-2-2,24,Use_a_mobile_phone,user22,5-2-2,30,0,0.9833333333333333,0.14095740145961808,0.8418079096045198,0.9187942316261836,0.2370998912318177,0.8459895986208239,4.0,168.0,0.0,1.0,0.25
25d,train__c24__user22__5-2-2,24,Use_a_mobile_phone,user22,5-2-2,30,1,0.9798850574712644,0.6533194005492589,0.47214076246334313,0.5333399393411894,0.07852534486049452,0.5918893199006212,10.0,168.0,0.0,0.0,0.1
2d,train__c24__user22__5-2-3,24,Use_a_mobile_phone,user22,5-2-3,36,0,0.9907407407407407,0.14862257113467078,0.8504672897196262,0.5364125334518924,0.21063869471327798,0.8112702388685535,8.0,168.0,0.0,0.0,0.125
25d,train__c24__user22__5-2-3,24,Use_a_mobile_phone,user22,5-2-3,36,2,0.9877450980392157,0.5755795417100702,0.4739454094292804,0.43064665738502916,0.061921022977407515,0.5821532274518343,6.0,168.0,0.0,0.0,0.16666666666666666
2d,train__c27__user22__4-2-1,27,Take_a_selfie,user22,4-2-1,36,0,0.8287037037037037,0.16012175341454207,0.7932960893854749,0.9958898692156635,0.2381861293236404,0.811636166153221,1.0,168.0,1.0,1.0,1.0
25d,train__c27__user22__4-2-1,27,Take_a_selfie,user22,4-2-1,36,0,0.8287037037037037,0.33162671736909394,0.4748603351955307,0.964311692798196,0.1163778452637552,0.6242030624025136,1.0,168.0,1.0,1.0,1.0
2d,train__c27__user22__4-2-2,27,Take_a_selfie,user22,4-2-2,24,2,0.8333333333333334,0.1862644069457853,0.7727272727272727,0.98468703404095,0.02153262857486595,0.7834169838805435,2.0,168.0,0.0,1.0,0.5
25d,train__c27__user22__4-2-2,27,Take_a_selfie,user22,4-2-2,24,-1,0.8333333333333334,0.3168446785439132,0.3130434782608696,0.993460998913465,0.09333540900566314,0.536853501943583,1.0,168.0,1.0,1.0,1.0
2d,train__c27__user22__4-2-3,27,Take_a_selfie,user22,4-2-3,14,-2,0.8333333333333334,0.25793084100349783,0.6666666666666666,0.8839281283262798,0.06733689842587888,0.7184430802145689,4.0,168.0,0.0,1.0,0.25
25d,train__c27__user22__4-2-3,27,Take_a_selfie,user22,4-2-3,14,-2,0.8333333333333334,0.3449385857441665,0.31666666666666665,0.9421640771831431,0.06377505437000093,0.5314995367960644,4.0,168.0,0.0,1.0,0.25
2d,train__c28__user22__7-2-1,28,Jog_in_place,user22,7-2-1,34,0,1.0,0.08763089576680475,0.9950980392156863,0.9179013987384754,0.25930825664864193,0.9335421806911232,1.0,168.0,1.0,1.0,1.0
25d,train__c28__user22__7-2-1,28,Jog_in_place,user22,7-2-1,34,0,1.0,0.2854023321828624,0.6764705882352942,0.8924241370981085,0.22378895113209363,0.7530854085741298,1.0,168.0,1.0,1.0,1.0
2d,train__c28__user22__7-2-2,28,Jog_in_place,user22,7-2-2,22,0,1.0,0.100210937076704,0.9810606060606061,0.9187469046496287,0.23060818623602533,0.9237536377659982,1.0,168.0,1.0,1.0,1.0
25d,train__c28__user22__7-2-2,28,Jog_in_place,user22,7-2-2,22,0,1.0,0.2583831376279674,0.7121212121212122,0.9192802419721042,0.17785396283012356,0.7719337380761364,1.0,168.0,1.0,1.0,1.0
2d,train__c28__user22__7-2-3,28,Jog_in_place,user22,7-2-3,12,0,1.0,0.10202701417840218,0.9791666666666666,0.762118223028681,0.3355197402090691,0.914917469485215,2.0,168.0,0.0,1.0,0.5
25d,train__c28__user22__7-2-3,28,Jog_in_place,user22,7-2-3,12,0,1.0,0.28548993511973403,0.5833333333333334,0.8145947301274292,0.1657696019031118,0.6897255264888097,3.0,168.0,0.0,1.0,0.3333333333333333
2d,train__c29__user22__6-2-1,29,Do_squats,user22,6-2-1,11,-1,1.0,0.10887487437846369,0.9666666666666667,0.8712784831445998,0.5669514021162263,0.9363158701398436,1.0,168.0,1.0,1.0,1.0
25d,train__c29__user22__6-2-1,29,Do_squats,user22,6-2-1,11,-1,1.0,0.2347044928978717,0.45,0.8330435706129277,0.4366792906751291,0.6385553038619275,1.0,168.0,1.0,1.0,1.0
2d,train__c29__user22__6-2-2,29,Do_squats,user22,6-2-2,36,0,1.0,0.1163840687478131,0.9444444444444444,0.9673394561576848,0.6065869984341249,0.9366724149427723,1.0,168.0,1.0,1.0,1.0
25d,train__c29__user22__6-2-2,29,Do_squats,user22,6-2-2,36,1,0.9976190476190476,0.26783959789750117,0.513126491646778,0.9309500438095175,0.42284015641907385,0.6817894912800151,1.0,168.0,1.0,1.0,1.0
2d,train__c29__user22__6-2-3,29,Do_squats,user22,6-2-3,41,0,1.0,0.11190038541209212,0.959349593495935,0.9720234576582817,0.6039154451116174,0.9451382805719638,1.0,168.0,1.0,1.0,1.0
25d,train__c29__user22__6-2-3,29,Do_squats,user22,6-2-3,41,0,1.0,0.2426006177655668,0.47764227642276424,0.9432270685064661,0.41654217560696855,0.6632666220536896,1.0,168.0,1.0,1.0,1.0
2d,train__c30__user22__6-2-1,30,Do_jumping_jacks,user22,6-2-1,35,0,1.0,0.12880322076348968,0.9047619047619048,0.6138420821933689,0.6337779625030012,0.8815366030261097,1.0,168.0,1.0,1.0,1.0
25d,train__c30__user22__6-2-1,30,Do_jumping_jacks,user22,6-2-1,35,0,0.9404761904761905,0.6453309196848207,0.29620253164556964,0.48121675949842996,0.4997944726490718,0.5175652728512057,1.0,168.0,1.0,1.0,1.0
2d,train__c30__user22__6-2-2,30,Do_jumping_jacks,user22,6-2-2,54,0,1.0,0.12802948048357585,0.8935185185185185,0.7109964942940764,0.5951817183507334,0.8821734634908979,1.0,168.0,1.0,1.0,1.0
25d,train__c30__user22__6-2-2,30,Do_jumping_jacks,user22,6-2-2,54,0,0.9614197530864198,0.5594012962577787,0.3547351524879615,0.5029755869816096,0.4075112980665849,0.5471072152301757,1.0,168.0,1.0,1.0,1.0
2d,train__c30__user22__6-2-3,30,Do_jumping_jacks,user22,6-2-3,24,0,1.0,0.16745897477462598,0.8055555555555556,0.582387623365731,0.38230217968125785,0.8049669813682231,1.0,168.0,1.0,1.0,1.0
25d,train__c30__user22__6-2-3,30,Do_jumping_jacks,user22,6-2-3,24,2,0.9621212121212122,0.76520048144073,0.2992125984251969,0.6205675284759641,0.2651759147716998,0.5177239968014534,1.0,168.0,1.0,1.0,1.0
2d,train__c31__user22__3-2-1,31,Do_stretching_exercises,user22,3-2-1,15,0,1.0,0.12218006787644928,0.9055555555555556,0.9301976143168077,0.5163741691748088,0.904803379675347,1.0,168.0,1.0,1.0,1.0
25d,train__c31__user22__3-2-1,31,Do_stretching_exercises,user22,3-2-1,15,0,0.9722222222222222,0.8337759159491971,0.48,0.6035866126806129,0.24501220048920588,0.6149567985269739,1.0,168.0,1.0,1.0,1.0
2d,train__c31__user22__3-2-3,31,Do_stretching_exercises,user22,3-2-3,13,0,1.0,0.12525772484474246,0.8974358974358975,0.963103781056838,0.27164751505686696,0.8852736853246924,1.0,168.0,1.0,1.0,1.0
25d,train__c31__user22__3-2-3,31,Do_stretching_exercises,user22,3-2-3,13,0,0.9935897435897436,0.8972397826986993,0.5935483870967742,0.6120981569862868,0.35873257999848285,0.6889253464607151,10.0,168.0,0.0,0.0,0.1
2d,train__c31__user22__6-2-1,31,Do_stretching_exercises,user22,6-2-1,50,0,1.0,0.1138361940263937,0.95,0.9236198773792744,0.33784358734401493,0.9152002567887285,1.0,168.0,1.0,1.0,1.0
25d,train__c31__user22__6-2-1,31,Do_stretching_exercises,user22,6-2-1,50,0,0.975,0.4473013329484981,0.25982905982905985,0.7926856541852502,0.1848037808339027,0.5085348318870507,5.0,168.0,0.0,1.0,0.2
2d,train__c31__user22__6-2-2,31,Do_stretching_exercises,user22,6-2-2,43,0,1.0,0.17571724893800036,0.8527131782945736,0.9160418715325328,0.2610086557199725,0.8551720843942667,1.0,168.0,1.0,1.0,1.0
25d,train__c31__user22__6-2-2,31,Do_stretching_exercises,user22,6-2-2,43,0,0.9748062015503876,0.5473787109580325,0.2823061630218688,0.7754720470920323,0.20959764532409544,0.521016037925577,6.0,168.0,0.0,0.0,0.16666666666666666
2d,train__c31__user22__6-2-3,31,Do_stretching_exercises,user22,6-2-3,21,0,1.0,0.18083048507195185,0.8412698412698413,0.9267693865575599,0.19686550574526096,0.8451402642850633,1.0,168.0,1.0,1.0,1.0
25d,train__c31__user22__6-2-3,31,Do_stretching_exercises,user22,6-2-3,21,0,0.9880952380952381,0.4984544907005439,0.2931726907630522,0.9072711046943117,0.25884577438818585,0.5451950472777476,4.0,168.0,0.0,1.0,0.25
2d,train__c31__user22__7-3-1,31,Do_stretching_exercises,user22,7-3-1,18,0,1.0,0.3010971417570853,0.7129629629629629,0.5264400095545462,0.2930832829132451,0.7417548768035775,1.0,168.0,1.0,1.0,1.0
25d,train__c31__user22__7-3-1,31,Do_stretching_exercises,user22,7-3-1,18,0,0.9907407407407407,0.6176865328702091,0.40654205607476634,0.5201948670784756,0.22126897016704797,0.5662868643855717,1.0,168.0,1.0,1.0,1.0
2d,train__c31__user22__7-3-2,31,Do_stretching_exercises,user22,7-3-2,19,0,1.0,0.16788278219609243,0.7587719298245614,0.8431649624715506,0.012935855548257916,0.7776112468167832,1.0,168.0,1.0,1.0,1.0
25d,train__c31__user22__7-3-2,31,Do_stretching_exercises,user22,7-3-2,19,0,0.9868421052631579,0.8553179867931109,0.3377777777777778,0.8158451275560633,0.07398611596627924,0.5465954597571709,4.0,168.0,0.0,1.0,0.25
2d,train__c31__user22__7-3-3,31,Do_stretching_exercises,user22,7-3-3,27,0,1.0,0.14801192936620242,0.845679012345679,0.7613086195048256,0.10348857052737082,0.8240159615301588,1.0,168.0,1.0,1.0,1.0
25d,train__c31__user22__7-3-3,31,Do_stretching_exercises,user22,7-3-3,27,0,0.9845679012345679,0.8401167221570653,0.4231974921630094,0.7238250080183775,0.18624912068279595,0.5925665956661594,2.0,168.0,0.0,1.0,0.5
2d,train__c32__user22__7-3-1,32,Stand_up,user22,7-3-1,13,1,1.0,0.12735328555483913,0.9375,-0.0274881758875254,0.46849612803546686,0.8230133920139074,3.0,168.0,0.0,1.0,0.3333333333333333
25d,train__c32__user22__7-3-1,32,Stand_up,user22,7-3-1,13,1,0.9861111111111112,0.6068598594328949,0.4084507042253521,-0.21916771802293908,0.35562376577523286,0.5030140090659033,3.0,168.0,0.0,1.0,0.3333333333333333
2d,train__c32__user22__7-3-2,32,Stand_up,user22,7-3-2,10,0,1.0,0.14352130888190445,0.7916666666666666,-0.28118919992462393,0.4633000967866046,0.7170452539331995,4.0,168.0,0.0,1.0,0.25
25d,train__c32__user22__7-3-2,32,Stand_up,user22,7-3-2,10,0,1.0,0.4207540335959623,0.5666666666666667,0.2519693752767613,0.39051560353150744,0.6411522744592059,7.0,168.0,0.0,0.0,0.14285714285714285
2d,train__c34__user22__1-2-3,34,Sit_down,user22,1-2-3,8,0,0.96875,0.23288306111686496,0.7419354838709677,0.5845328080444674,0.5227333468118075,0.7775977979443647,2.0,168.0,0.0,1.0,0.5
25d,train__c34__user22__1-2-3,34,Sit_down,user22,1-2-3,8,0,0.96875,0.5078478167468407,0.5053763440860215,0.44277377063589396,0.39634495303802103,0.6238352377887529,2.0,168.0,0.0,1.0,0.5
2d,train__c34__user22__4-3-2,34,Sit_down,user22,4-3-2,9,-1,0.96875,0.27501331716095323,0.7419354838709677,0.500748927099464,0.374265714700926,0.7580843374415482,10.0,168.0,0.0,0.0,0.1
25d,train__c34__user22__4-3-2,34,Sit_down,user22,4-3-2,9,-1,0.96875,0.9843445141625922,0.45161290322580644,0.41966980088386463,0.2650094418264926,0.582104784999567,17.0,168.0,0.0,0.0,0.058823529411764705
2d,train__c34__user22__4-3-3,34,Sit_down,user22,4-3-3,9,1,1.0,0.15341174046509637,0.8541666666666666,0.912483349554444,0.3211332285290723,0.8601249937617915,11.0,168.0,0.0,0.0,0.09090909090909091
25d,train__c34__user22__4-3-3,34,Sit_down,user22,4-3-3,9,0,1.0,0.5248158781116157,0.25925925925925924,0.002996653873313479,0.1596435852396406,0.42986552687289703,1.0,168.0,1.0,1.0,1.0
2d,train__c34__user22__6-2-1,34,Sit_down,user22,6-2-1,12,0,1.0,0.16526842307966708,0.7638888888888888,0.35557120569672923,0.24466265191704914,0.7490457083523404,3.0,168.0,0.0,1.0,0.3333333333333333
25d,train__c34__user22__6-2-1,34,Sit_down,user22,6-2-1,12,-1,0.9924242424242424,1.0159738623547732,0.48091603053435117,0.05839942373484349,0.15295134608693237,0.5560575343663217,56.0,168.0,0.0,0.0,0.017857142857142856
2d,train__c34__user22__6-2-2,34,Sit_down,user22,6-2-2,9,0,1.0,0.1268076960842169,0.9351851851851852,0.7677048583611873,0.22703894212007433,0.8831502583469762,1.0,168.0,1.0,1.0,1.0
25d,train__c34__user22__6-2-2,34,Sit_down,user22,6-2-2,9,-1,1.0,0.5912787202756891,0.4270833333333333,0.022030290315715444,0.4713294969756751,0.5474485746380805,19.0,168.0,0.0,0.0,0.05263157894736842
2d,train__c34__user22__6-2-3,34,Sit_down,user22,6-2-3,12,1,0.9621212121212122,0.17531536006890386,0.7559055118110236,0.4159186473403019,0.29813123566464733,0.750911860117063,9.0,168.0,0.0,0.0,0.1111111111111111
25d,train__c34__user22__6-2-3,34,Sit_down,user22,6-2-3,12,1,0.946969696969697,1.0377774891767275,0.52,0.08097130380439677,0.4548695804177765,0.5979093186087426,64.0,168.0,0.0,0.0,0.015625
2d,train__c34__user22__7-1-1,34,Sit_down,user22,7-1-1,13,1,0.9513888888888888,0.11452432997896216,0.9781021897810219,0.52971409448903,0.39964469764162996,0.8910398550404762,2.0,168.0,0.0,1.0,0.5
25d,train__c34__user22__7-1-1,34,Sit_down,user22,7-1-1,13,1,0.9513888888888888,0.3384606200395878,0.5255474452554745,0.06604083461193958,0.28432868123259536,0.5871187183330385,15.0,168.0,0.0,0.0,0.06666666666666667
2d,train__c34__user22__7-1-2,34,Sit_down,user22,7-1-2,11,0,0.9924242424242424,0.12060904064111522,0.9923664122137404,0.640608961544736,0.48842537015784515,0.9207367498762936,4.0,168.0,0.0,1.0,0.25
25d,train__c34__user22__7-1-2,34,Sit_down,user22,7-1-2,11,-1,0.9916666666666667,0.7398833255235641,0.44537815126050423,0.046532214193445144,0.3569870836716256,0.5505519025546605,25.0,168.0,0.0,0.0,0.04
2d,train__c34__user22__7-1-3,34,Sit_down,user22,7-1-3,10,0,0.9916666666666667,0.1235778258597174,0.9243697478991597,0.6603339883375537,0.4743791122288166,0.8841818602621212,2.0,168.0,0.0,1.0,0.5
25d,train__c34__user22__7-1-3,34,Sit_down,user22,7-1-3,10,2,1.0,0.5910063749469627,0.4791666666666667,0.0747662046775374,0.37035604071137224,0.5737949901877734,17.0,168.0,0.0,0.0,0.058823529411764705
2d,train__c36__user22__1-2-1,36,Walk,user22,1-2-1,13,0,1.0,0.1014332876172958,0.9871794871794872,0.755017639806767,0.20772648552782225,0.9090299683439814,1.0,168.0,1.0,1.0,1.0
25d,train__c36__user22__1-2-1,36,Walk,user22,1-2-1,13,-2,0.7954545454545454,0.4034640557765121,0.4666666666666667,0.11321650668051589,0.20428255999003445,0.5378549638794254,1.0,168.0,1.0,1.0,1.0
2d,train__c36__user22__1-2-2,36,Walk,user22,1-2-2,8,0,1.0,0.11596590482667882,0.90625,0.535837986652917,0.3050021452207123,0.8498964595568452,1.0,168.0,1.0,1.0,1.0
25d,train__c36__user22__1-2-2,36,Walk,user22,1-2-2,8,2,1.0,0.6507653248892511,0.4444444444444444,0.16100740207821984,0.08173546839010244,0.5416753447815241,3.0,168.0,0.0,1.0,0.3333333333333333
2d,train__c36__user22__2-1-1,36,Walk,user22,2-1-1,17,1,0.7135416666666666,0.1753627603788903,0.9051094890510949,0.6968913945238192,0.11060342252527271,0.8221487817865463,5.0,168.0,0.0,1.0,0.2
25d,train__c36__user22__2-1-1,36,Walk,user22,2-1-1,17,1,0.546875,0.24578850575535094,0.6571428571428571,0.4562848827007035,0.11930050472728164,0.6456920975531879,6.0,168.0,0.0,0.0,0.16666666666666666
2d,train__c36__user22__2-1-2,36,Walk,user22,2-1-2,11,2,0.6944444444444444,0.20429073480916843,0.8266666666666667,0.026464612284734648,0.09586563648411167,0.7089474950758929,9.0,168.0,0.0,0.0,0.1111111111111111
25d,train__c36__user22__2-1-2,36,Walk,user22,2-1-2,11,-2,0.4351851851851852,0.15458074594691557,0.8085106382978723,0.4835093031810108,0.01453729921394979,0.7126405973414957,6.0,168.0,0.0,0.0,0.16666666666666666
2d,train__c36__user22__2-1-3,36,Walk,user22,2-1-3,9,0,0.7685185185185185,0.10064282501100578,0.9879518072289156,0.7099458615136621,0.48514825280740725,0.9026060509396772,1.0,168.0,1.0,1.0,1.0
25d,train__c36__user22__2-1-3,36,Walk,user22,2-1-3,9,0,0.6944444444444444,0.18044921599451694,0.6666666666666666,0.8306645145158498,0.34194379240489575,0.7198233469930633,1.0,168.0,1.0,1.0,1.0
2d,train__c36__user22__2-2-1,36,Walk,user22,2-2-1,11,-2,0.7962962962962963,0.11141823927958058,0.9651162790697675,0.8860874629092836,0.05690886417591082,0.8783204942221234,1.0,168.0,1.0,1.0,1.0
25d,train__c36__user22__2-2-1,36,Walk,user22,2-2-1,11,-2,0.7037037037037037,0.28165274962746256,0.7105263157894737,0.507104352974766,-0.22974735753067352,0.6696392275372571,8.0,168.0,0.0,0.0,0.125
2d,train__c36__user22__2-2-2,36,Walk,user22,2-2-2,9,-1,0.7604166666666666,0.2579998187162585,0.8082191780821918,0.5299962885797604,0.25984587466742554,0.7680502840699052,9.0,168.0,0.0,0.0,0.1111111111111111
25d,train__c36__user22__2-2-2,36,Walk,user22,2-2-2,9,-1,0.6666666666666666,0.35579127129438426,0.65625,0.5166274709048284,0.1703357610011031,0.6670420958322323,44.0,168.0,0.0,0.0,0.022727272727272728
2d,train__c36__user22__3-1-1,36,Walk,user22,3-1-1,13,1,0.7152777777777778,0.11044412622918275,0.941747572815534,0.2747242454613288,0.09093792416015667,0.7987817116844661,4.0,168.0,0.0,1.0,0.25
25d,train__c36__user22__3-1-1,36,Walk,user22,3-1-1,13,-1,0.4791666666666667,0.33144427467668647,0.7536231884057971,0.25884175352879674,0.1453467121170451,0.6741945990515132,4.0,168.0,0.0,1.0,0.25
2d,train__c36__user22__3-1-2,36,Walk,user22,3-1-2,15,2,0.7564102564102564,0.1540358660042997,0.8813559322033898,0.026832008399584432,0.3754088268645927,0.766225651207693,4.0,168.0,0.0,1.0,0.25
25d,train__c36__user22__3-1-2,36,Walk,user22,3-1-2,15,-1,0.6845238095238095,0.30340814138274114,0.6782608695652174,0.05848879764686429,0.3045785753243793,0.6451881321272654,6.0,168.0,0.0,0.0,0.16666666666666666
2d,train__c36__user22__3-2-1,36,Walk,user22,3-2-1,12,0,1.0,0.12723479679344743,0.9097222222222222,0.32601499576523896,0.10410654811188343,0.8157567129071374,1.0,168.0,1.0,1.0,1.0
25d,train__c36__user22__3-2-1,36,Walk,user22,3-2-1,12,0,0.9791666666666666,0.6035167189949096,0.44680851063829785,0.19789317285874888,0.298845372661149,0.5608640677531916,1.0,168.0,1.0,1.0,1.0
2d,train__c36__user22__3-2-2,36,Walk,user22,3-2-2,17,0,1.0,0.13139165995831725,0.8921568627450981,0.8937844654200904,0.2785870530055677,0.8759587500272306,3.0,168.0,0.0,1.0,0.3333333333333333
25d,train__c36__user22__3-2-2,36,Walk,user22,3-2-2,17,0,0.9705882352941176,0.6819924812317173,0.4494949494949495,0.13259844857854675,0.38577848394356956,0.5614742769052564,3.0,168.0,0.0,1.0,0.3333333333333333
2d,train__c36__user22__3-2-3,36,Walk,user22,3-2-3,10,0,1.0,0.11696763368064957,0.9416666666666667,0.8696022471471984,0.002923480277215141,0.8800961524021776,1.0,168.0,1.0,1.0,1.0
25d,train__c36__user22__3-2-3,36,Walk,user22,3-2-3,10,-2,0.9791666666666666,0.6320817006761813,0.5212765957446809,0.38545108858478866,-0.13752119431252263,0.5878498136112809,1.0,168.0,1.0,1.0,1.0
2d,train__c36__user22__4-2-1,36,Walk,user22,4-2-1,11,0,0.7651515151515151,0.25025202835939486,0.7524752475247525,0.6116955625697023,0.07304366900730701,0.7320243690862838,16.0,168.0,0.0,0.0,0.0625
25d,train__c36__user22__4-2-1,36,Walk,user22,4-2-1,11,0,0.696969696969697,0.4143721453891638,0.5217391304347826,0.5940602771048169,0.06829587351127948,0.5961817096599279,48.0,168.0,0.0,0.0,0.020833333333333332
2d,train__c36__user22__4-2-2,36,Walk,user22,4-2-2,10,1,0.7222222222222222,0.20515757062864984,0.8205128205128205,0.6618937925213817,0.06097078162009574,0.7692664613779189,1.0,168.0,1.0,1.0,1.0
25d,train__c36__user22__4-2-2,36,Walk,user22,4-2-2,10,1,0.5555555555555556,0.34723699611950115,0.6666666666666666,0.6132491219155991,-0.1255894910305812,0.6491279225864885,40.0,168.0,0.0,0.0,0.025
2d,train__c36__user22__5-2-1,36,Walk,user22,5-2-1,14,0,0.9940476190476191,0.10042759170059284,0.9700598802395209,0.21013917421740624,0.3660953963847517,0.8564087681870954,1.0,168.0,1.0,1.0,1.0
25d,train__c36__user22__5-2-1,36,Walk,user22,5-2-1,14,0,0.9821428571428571,0.4294279338505893,0.6242424242424243,0.0880197532415243,0.4619049506321085,0.6599924656691797,1.0,168.0,1.0,1.0,1.0
2d,train__c36__user22__5-2-2,36,Walk,user22,5-2-2,15,0,0.9277777777777778,0.1238538223639544,0.9161676646706587,0.718212537913264,0.30673900859566144,0.8664966727826411,1.0,168.0,1.0,1.0,1.0
25d,train__c36__user22__5-2-2,36,Walk,user22,5-2-2,15,0,0.8722222222222222,0.4455755988582229,0.6242038216560509,0.2785679326599769,0.15544837808244263,0.6450497457552312,1.0,168.0,1.0,1.0,1.0
2d,train__c36__user22__5-2-3,36,Walk,user22,5-2-3,14,0,0.9821428571428571,0.12556986199926568,0.9272727272727272,0.7912169245446953,0.6181659961815263,0.9086984278823697,1.0,168.0,1.0,1.0,1.0
25d,train__c36__user22__5-2-3,36,Walk,user22,5-2-3,14,-1,0.8974358974358975,0.3843858755988413,0.5642857142857143,0.894685171608936,0.44724444213076225,0.6981125829214334,1.0,168.0,1.0,1.0,1.0
2d,train__c36__user22__6-2-1,36,Walk,user22,6-2-1,13,-1,0.8958333333333334,0.12385169323096193,0.9069767441860465,0.623554903741907,0.21519056344138623,0.8419153252679537,1.0,168.0,1.0,1.0,1.0
25d,train__c36__user22__6-2-1,36,Walk,user22,6-2-1,13,-2,0.8863636363636364,0.37551645389476146,0.5555555555555556,0.45675502174210464,0.11827370847114499,0.6237379495014655,1.0,168.0,1.0,1.0,1.0
2d,train__c36__user22__6-2-2,36,Walk,user22,6-2-2,11,0,0.8712121212121212,0.14234442326514096,0.8695652173913043,0.47390978302339254,0.354900564051886,0.8143906022926602,3.0,168.0,0.0,1.0,0.3333333333333333
25d,train__c36__user22__6-2-2,36,Walk,user22,6-2-2,11,-2,0.8425925925925926,0.20419339577473097,0.5934065934065934,0.2987846819252672,0.3109360587150095,0.6388315582290381,3.0,168.0,0.0,1.0,0.3333333333333333
2d,train__c37__user22__7-1-1,37,Take_medicine,user22,7-1-1,17,0,1.0,0.1318832286566436,0.946078431372549,0.9197158422760044,0.5150473618591822,0.9259432736219412,2.0,168.0,0.0,1.0,0.5
25d,train__c37__user22__7-1-1,37,Take_medicine,user22,7-1-1,17,0,1.0,0.7403894048380764,0.43137254901960786,0.7189669915047856,0.36721827563283793,0.6116929717837257,19.0,168.0,0.0,0.0,0.05263157894736842
2d,train__c37__user22__7-1-2,37,Take_medicine,user22,7-1-2,15,-1,0.9940476190476191,0.14354517301508787,0.8682634730538922,0.829914304267508,0.35903532168031127,0.8618687516371768,1.0,168.0,1.0,1.0,1.0
25d,train__c37__user22__7-1-2,37,Take_medicine,user22,7-1-2,15,2,0.9935897435897436,0.73567169487122,0.44516129032258067,0.7280679032328168,0.06867926682836391,0.5971554193718027,27.0,168.0,0.0,0.0,0.037037037037037035
2d,train__c38__user22__5-1-1,38,Massage_oneself,user22,5-1-1,37,0,0.8333333333333334,0.1062649290259133,0.9432432432432433,0.8144565645034797,0.34787513163433437,0.8846534084400403,1.0,168.0,1.0,1.0,1.0
25d,train__c38__user22__5-1-1,38,Massage_oneself,user22,5-1-1,37,0,0.8333333333333334,0.25361940470779376,0.5675675675675675,0.795880157167274,0.3154311007376531,0.673740843767547,2.0,168.0,0.0,1.0,0.5
2d,train__c38__user22__5-1-2,38,Massage_oneself,user22,5-1-2,23,-1,0.8333333333333334,0.10847137173535966,0.9545454545454546,0.9270092533325827,0.03511883091926603,0.8786681709855365,1.0,168.0,1.0,1.0,1.0
25d,train__c38__user22__5-1-2,38,Massage_oneself,user22,5-1-2,23,0,0.8333333333333334,0.28068206701379245,0.5521739130434783,0.8367018605574035,0.17826417595758334,0.6590689847598056,2.0,168.0,0.0,1.0,0.5
2d,train__c38__user22__5-1-3,38,Massage_oneself,user22,5-1-3,12,1,0.8257575757575758,0.12833791987504828,0.8990825688073395,0.5624287250994934,0.10400042497349879,0.8161140748027562,1.0,168.0,1.0,1.0,1.0
25d,train__c38__user22__5-1-3,38,Massage_oneself,user22,5-1-3,12,1,0.8257575757575758,0.23587044634479165,0.6972477064220184,0.6055517436448331,0.017327932412089308,0.7029167654032578,1.0,168.0,1.0,1.0,1.0
2d,train__c38__user22__6-2-1,38,Massage_oneself,user22,6-2-1,35,2,1.0,0.14213068489729944,0.8686868686868687,0.841911711147521,0.25950319134774874,0.8564316882436112,1.0,168.0,1.0,1.0,1.0
25d,train__c38__user22__6-2-1,38,Massage_oneself,user22,6-2-1,35,2,0.98989898989899,0.4220136770387325,0.25255102040816324,0.7198936784190497,0.15807876009222202,0.49673823506321046,17.0,168.0,0.0,0.0,0.058823529411764705
2d,train__c38__user22__6-2-2,38,Massage_oneself,user22,6-2-2,25,-1,1.0,0.1470393975285338,0.8368055555555556,0.5530796824087589,0.3979333102990472,0.82039602206886,1.0,168.0,1.0,1.0,1.0
25d,train__c38__user22__6-2-2,38,Massage_oneself,user22,6-2-2,25,1,0.9756944444444444,0.3931902666484163,0.35231316725978645,0.8180580028689709,0.17742004677576192,0.5614539902324063,7.0,168.0,0.0,0.0,0.14285714285714285
2d,train__c38__user22__6-2-3,38,Massage_oneself,user22,6-2-3,28,-1,1.0,0.18150510629318306,0.7777777777777778,0.45723076680423763,0.12563843916115214,0.7579237373952881,1.0,168.0,1.0,1.0,1.0
25d,train__c38__user22__6-2-3,38,Massage_oneself,user22,6-2-3,28,-2,0.8910256410256411,0.47917538147087074,0.20503597122302158,0.3262567123585478,0.29839976141836694,0.43187800161745826,78.0,168.0,0.0,0.0,0.01282051282051282
2d,train__c39__user22__5-1-1,39,Take_body_temperature,user22,5-1-1,25,-1,0.8333333333333334,0.0840966869733688,0.9958333333333333,0.9925636995507234,0.48708072252059054,0.9418290908107834,1.0,168.0,1.0,1.0,1.0
25d,train__c39__user22__5-1-1,39,Take_body_temperature,user22,5-1-1,25,0,0.8333333333333334,0.21107350917300927,0.712,0.6564593142304532,0.5407048695592053,0.7561321299733191,1.0,168.0,1.0,1.0,1.0
2d,train__c39__user22__5-1-2,39,Take_body_temperature,user22,5-1-2,13,0,0.8269230769230769,0.08823405676605975,0.9922480620155039,0.9857294076986637,0.4550006290620516,0.9361267297503552,1.0,168.0,1.0,1.0,1.0
25d,train__c39__user22__5-1-2,39,Take_body_temperature,user22,5-1-2,13,0,0.8269230769230769,0.19957474319230042,0.6511627906976745,0.9664678071103626,0.47035995116955753,0.7477556196247818,1.0,168.0,1.0,1.0,1.0
2d,train__c39__user22__5-1-3,39,Take_body_temperature,user22,5-1-3,8,0,0.7604166666666666,0.10208946001337285,1.0,0.9364045875671468,0.18858797127390953,0.9088262232689246,1.0,168.0,1.0,1.0,1.0
25d,train__c39__user22__5-1-3,39,Take_body_temperature,user22,5-1-3,8,0,0.7604166666666666,0.17943586211033802,0.684931506849315,0.8644954074172704,0.16339980447636945,0.7264585215112447,1.0,168.0,1.0,1.0,1.0
2d,train__c02__user3__1-2-1,2,Comb_hair,user3,1-2-1,12,0,0.7013888888888888,0.17047932895741705,0.8415841584158416,0.7338662481417768,0.25153137987524576,0.8002616543224229,1.0,134.0,1.0,1.0,1.0
25d,train__c02__user3__1-2-1,2,Comb_hair,user3,1-2-1,12,0,0.7013888888888888,0.4829151179871242,0.4158415841584158,0.7956743443225792,-0.03039827841986839,0.5511393237267854,3.0,134.0,0.0,1.0,0.3333333333333333
2d,train__c06__user3__1-2-1,6,Drink_water,user3,1-2-1,20,0,0.75,0.35569652206022256,0.6666666666666666,0.6127970975629412,0.6152135588671782,0.7240873933379992,25.0,134.0,0.0,0.0,0.04
25d,train__c06__user3__1-2-1,6,Drink_water,user3,1-2-1,20,0,0.75,0.3679449849444477,0.43333333333333335,0.5233914231384212,0.5871222572756695,0.5847066449428509,27.0,134.0,0.0,0.0,0.037037037037037035
2d,train__c06__user3__1-2-2,6,Drink_water,user3,1-2-2,20,0,0.6666666666666666,0.15788897087575995,0.85,0.39858125511166687,0.5991996506391931,0.7939647659757729,2.0,134.0,0.0,1.0,0.5
25d,train__c06__user3__1-2-2,6,Drink_water,user3,1-2-2,20,0,0.6625,0.3971825533440124,0.5974842767295597,0.41548155105823464,0.4638872257791891,0.6462060492405206,2.0,134.0,0.0,1.0,0.5
2d,train__c06__user3__1-2-3,6,Drink_water,user3,1-2-3,8,-1,0.6904761904761905,0.13080065011079045,0.896551724137931,0.9637196549545487,0.35591100752412486,0.8602163583832454,1.0,134.0,1.0,1.0,1.0
25d,train__c06__user3__1-2-3,6,Drink_water,user3,1-2-3,8,-1,0.6904761904761905,0.46949889011595647,0.5172413793103449,0.9570300158063513,0.4709606159614268,0.659555425446051,1.0,134.0,1.0,1.0,1.0
2d,train__c06__user3__4-1-1,6,Drink_water,user3,4-1-1,22,2,1.0,0.24085593409701606,0.6125,0.7941837224279246,0.2822335335252524,0.7124608872571864,4.0,134.0,0.0,1.0,0.25
25d,train__c06__user3__4-1-1,6,Drink_water,user3,4-1-1,22,2,1.0,0.6168209228826835,0.325,0.5676295740570215,0.4160846037913077,0.5417193026900503,7.0,134.0,0.0,0.0,0.14285714285714285
2d,train__c06__user3__4-1-2,6,Drink_water,user3,4-1-2,34,-1,0.7777777777777778,0.23135158313727622,0.6201298701298701,0.9508724588577538,0.18530710096313782,0.702834484807217,10.0,134.0,0.0,0.0,0.1
25d,train__c06__user3__4-1-2,6,Drink_water,user3,4-1-2,34,-2,0.7786458333333334,0.348245450845952,0.28762541806020064,0.8440343725658721,0.1631094558009245,0.5076952097081002,7.0,134.0,0.0,0.0,0.14285714285714285
2d,train__c06__user3__4-1-3,6,Drink_water,user3,4-1-3,13,0,0.9935897435897436,0.20100335035853,0.7096774193548387,0.8809902452375873,0.3685267950771272,0.7804200891586789,1.0,134.0,1.0,1.0,1.0
25d,train__c06__user3__4-1-3,6,Drink_water,user3,4-1-3,13,0,0.9935897435897436,0.9839812810988651,0.432258064516129,0.6967450213880152,0.0381857716959835,0.5846393448588456,2.0,134.0,0.0,1.0,0.5
2d,train__c06__user3__5-1-1,6,Drink_water,user3,5-1-1,18,0,0.6666666666666666,0.23487565626342122,0.8472222222222222,0.33733316417018594,0.3551624513407331,0.7680093891564624,7.0,134.0,0.0,0.0,0.14285714285714285
25d,train__c06__user3__5-1-1,6,Drink_water,user3,5-1-1,18,0,0.6666666666666666,0.3290022461764365,0.4513888888888889,0.27569946757419267,0.32933659812392035,0.5422007471722688,8.0,134.0,0.0,0.0,0.125
2d,train__c06__user3__5-1-2,6,Drink_water,user3,5-1-2,11,-2,0.7314814814814815,0.11854444203840636,0.9240506329113924,0.9935245548475367,0.3905026001847193,0.8850161467480216,1.0,134.0,1.0,1.0,1.0
25d,train__c06__user3__5-1-2,6,Drink_water,user3,5-1-2,11,0,0.7348484848484849,0.30294228869043505,0.422680412371134,0.9863765290756107,0.2927547310504728,0.6015533330253188,1.0,134.0,1.0,1.0,1.0
2d,train__c06__user3__5-1-3,6,Drink_water,user3,5-1-3,18,0,0.6666666666666666,0.2505472064373546,0.8263888888888888,0.38566723463616337,0.13569576197801003,0.7449244611675226,5.0,134.0,0.0,1.0,0.2
25d,train__c06__user3__5-1-3,6,Drink_water,user3,5-1-3,18,1,0.6666666666666666,0.3266180925954022,0.47794117647058826,0.46039460738730553,0.15136074600308277,0.561925830414452,5.0,134.0,0.0,1.0,0.2
2d,train__c07__user3__4-1-1,7,Eat_food,user3,4-1-1,53,2,0.9967320261437909,0.21171415257732185,0.6114754098360655,0.033167728737975494,0.007617025612345511,0.6148727278189386,8.0,134.0,0.0,0.0,0.125
25d,train__c07__user3__4-1-1,7,Eat_food,user3,4-1-1,53,-2,0.9787581699346405,0.4776135164210371,0.2287145242070117,-0.3580861096689037,-0.011482174754357158,0.36199903123385335,9.0,134.0,0.0,0.0,0.1111111111111111
2d,train__c07__user3__4-1-2,7,Eat_food,user3,4-1-2,13,0,0.9871794871794872,0.1904577892287334,0.6818181818181818,0.2932755215848878,0.2468499083715067,0.6965592440043005,13.0,134.0,0.0,0.0,0.07692307692307693
25d,train__c07__user3__4-1-2,7,Eat_food,user3,4-1-2,13,-2,0.9848484848484849,0.7415769655943809,0.2923076923076923,0.1462858162881768,0.1505406969792726,0.46017321315634246,1.0,134.0,1.0,1.0,1.0
2d,train__c07__user3__5-2-1,7,Eat_food,user3,5-2-1,19,2,0.8284313725490197,0.16382470310598496,0.6863905325443787,0.013779466515742328,0.11114253919871162,0.645071567245788,14.0,134.0,0.0,0.0,0.07142857142857142
25d,train__c07__user3__5-2-1,7,Eat_food,user3,5-2-1,19,2,0.8284313725490197,0.36081084028642263,0.3254437869822485,0.344709934504947,0.2880692101745753,0.49291340430872654,9.0,134.0,0.0,0.0,0.1111111111111111
2d,train__c07__user3__5-2-2,7,Eat_food,user3,5-2-2,10,2,0.9791666666666666,0.20589379648156977,0.7127659574468085,-0.42294340614323,-0.08062965241369881,0.616596378717061,28.0,134.0,0.0,0.0,0.03571428571428571
25d,train__c07__user3__5-2-2,7,Eat_food,user3,5-2-2,10,2,0.9791666666666666,0.5295637857420937,0.18085106382978725,-0.0444683236248906,-0.1093322946543457,0.35973799731148465,36.0,134.0,0.0,0.0,0.027777777777777776
2d,train__c07__user3__5-2-3,7,Eat_food,user3,5-2-3,19,-2,0.8529411764705882,0.23072515664424914,0.5344827586206896,0.419444428132519,0.30020360730361484,0.6187193482494612,14.0,134.0,0.0,0.0,0.07142857142857142
25d,train__c07__user3__5-2-3,7,Eat_food,user3,5-2-3,19,-2,0.8480392156862745,0.4116762980746336,0.23121387283236994,0.4532784357681213,0.1620636627625653,0.4444541699104355,5.0,134.0,0.0,1.0,0.2
2d,train__c07__user3__6-1-2,7,Eat_food,user3,6-1-2,11,-1,0.675,0.10663884049687727,1.0,0.9962890354135397,0.1696297742592716,0.9048511366107994,1.0,134.0,1.0,1.0,1.0
25d,train__c07__user3__6-1-2,7,Eat_food,user3,6-1-2,11,0,0.6742424242424242,0.2406168732827484,0.5955056179775281,0.9818390755467956,0.2615097050561809,0.687749467745776,1.0,134.0,1.0,1.0,1.0
2d,train__c07__user3__7-1-1,7,Eat_food,user3,7-1-1,14,-1,0.9487179487179487,0.18889279012909715,0.8783783783783784,-0.4471058023768321,0.24572718630374196,0.7266988617150004,31.0,134.0,0.0,0.0,0.03225806451612903
25d,train__c07__user3__7-1-1,7,Eat_food,user3,7-1-1,14,-1,0.9487179487179487,0.6104260567095237,0.1554054054054054,-0.6355213353363626,0.28492838400486437,0.3131622631114964,38.0,134.0,0.0,0.0,0.02631578947368421
2d,train__c07__user3__7-1-2,7,Eat_food,user3,7-1-2,16,0,0.8645833333333334,0.18877254369475463,0.9036144578313253,-0.03917589311728356,0.3513094105781952,0.7808769016221986,29.0,134.0,0.0,0.0,0.034482758620689655
25d,train__c07__user3__7-1-2,7,Eat_food,user3,7-1-2,16,2,0.8273809523809523,0.3725108894530209,0.2949640287769784,-0.10002717922952944,0.1555739738146808,0.4216336411785815,25.0,134.0,0.0,0.0,0.04
2d,train__c08__user3__4-1-1,8,Take_and_use_tableware,user3,4-1-1,11,2,1.0,0.39864217929656554,0.24074074074074073,0.008718687323906541,0.258949591394684,0.42770049549439937,65.0,134.0,0.0,0.0,0.015384615384615385
25d,train__c08__user3__4-1-1,8,Take_and_use_tableware,user3,4-1-1,11,0,0.9924242424242424,0.8228810503026297,0.12213740458015267,0.0767319118760289,0.26555183605001514,0.36900757565286224,58.0,134.0,0.0,0.0,0.017241379310344827
2d,train__c08__user3__4-1-2,8,Take_and_use_tableware,user3,4-1-2,10,1,1.0,0.24497583025992434,0.6018518518518519,-0.0007584104492007041,0.28259417071812737,0.627137240277458,37.0,134.0,0.0,0.0,0.02702702702702703
25d,train__c08__user3__4-1-2,8,Take_and_use_tableware,user3,4-1-2,10,-1,1.0,0.6869916207017633,0.12962962962962962,-0.09805027065109802,0.19615688741798867,0.35120303578753564,48.0,134.0,0.0,0.0,0.020833333333333332
2d,train__c08__user3__4-1-3,8,Take_and_use_tableware,user3,4-1-3,11,0,0.9924242424242424,0.18212822687776997,0.6641221374045801,0.21395738521867647,0.5122113688421841,0.6993211909999748,5.0,134.0,0.0,1.0,0.2
25d,train__c08__user3__4-1-3,8,Take_and_use_tableware,user3,4-1-3,11,2,0.9814814814814815,0.668540935543939,0.1509433962264151,0.2548681832676295,0.022778746775983582,0.3833622404076382,15.0,134.0,0.0,0.0,0.06666666666666667
2d,train__c08__user3__5-1-1,8,Take_and_use_tableware,user3,5-1-1,23,0,0.6884057971014492,0.11384077630903315,0.968421052631579,0.9284839446720065,0.246279335419781,0.8877915032811976,1.0,134.0,1.0,1.0,1.0
25d,train__c08__user3__5-1-1,8,Take_and_use_tableware,user3,5-1-1,23,0,0.6594202898550725,0.30033091625898184,0.532967032967033,0.5171269848707155,0.03636055904901091,0.5885136375331228,4.0,134.0,0.0,1.0,0.25
2d,train__c08__user3__5-1-2,8,Take_and_use_tableware,user3,5-1-2,10,0,0.6666666666666666,0.11635324266564287,1.0,0.8348777687493095,0.32219148260136604,0.8993188047367001,1.0,134.0,1.0,1.0,1.0
25d,train__c08__user3__5-1-2,8,Take_and_use_tableware,user3,5-1-2,10,-1,0.5925925925925926,0.2577784067444165,0.546875,0.5074580887039808,0.45157449170290664,0.6196544050073753,1.0,134.0,1.0,1.0,1.0
2d,train__c08__user3__5-1-3,8,Take_and_use_tableware,user3,5-1-3,14,0,0.6666666666666666,0.10174326365824579,0.9821428571428571,0.398199851230666,0.49043594911303917,0.8584479194017826,2.0,134.0,0.0,1.0,0.5
25d,train__c08__user3__5-1-3,8,Take_and_use_tableware,user3,5-1-3,14,-1,0.6666666666666666,0.21760188015942347,0.5576923076923077,0.603875672925359,0.5245160407725967,0.6481237062479166,1.0,134.0,1.0,1.0,1.0
2d,train__c08__user3__5-2-1,8,Take_and_use_tableware,user3,5-2-1,35,0,0.9595238095238096,0.2199924156562064,0.5707196029776674,0.6408326308760898,0.2095512505844308,0.6646477694715394,3.0,134.0,0.0,1.0,0.3333333333333333
25d,train__c08__user3__5-2-1,8,Take_and_use_tableware,user3,5-2-1,35,-2,0.9595959595959596,0.5726682639173295,0.17894736842105263,0.162258787690057,0.20439204157382293,0.40093593047821735,2.0,134.0,0.0,1.0,0.5
2d,train__c08__user3__5-2-2,8,Take_and_use_tableware,user3,5-2-2,20,-1,1.0,0.22326591249004582,0.5657894736842105,0.015331031584441527,0.23345204317982526,0.6052262169232469,6.0,134.0,0.0,0.0,0.16666666666666666
25d,train__c08__user3__5-2-2,8,Take_and_use_tableware,user3,5-2-2,20,-2,0.9814814814814815,0.5148411657052813,0.16981132075471697,-0.15017567337104187,0.3222154624753704,0.3756929669117911,23.0,134.0,0.0,0.0,0.043478260869565216
2d,train__c08__user3__5-2-3,8,Take_and_use_tableware,user3,5-2-3,41,-2,0.9722222222222222,0.18082673186249026,0.7626373626373626,0.6063158050672676,0.2706669987036694,0.7726043770822737,6.0,134.0,0.0,0.0,0.16666666666666666
25d,train__c08__user3__5-2-3,8,Take_and_use_tableware,user3,5-2-3,41,0,0.9552845528455285,0.7082474918751246,0.32978723404255317,0.07616364750545783,0.23234954452390452,0.47695401459779574,4.0,134.0,0.0,1.0,0.25
2d,train__c08__user3__6-1-1,8,Take_and_use_tableware,user3,6-1-1,27,0,0.6666666666666666,0.11510422706609452,0.9722222222222222,-0.009082278201515148,0.36965518044806145,0.8032047996023419,3.0,134.0,0.0,1.0,0.3333333333333333
25d,train__c08__user3__6-1-1,8,Take_and_use_tableware,user3,6-1-1,27,0,0.6666666666666666,0.23515099027014275,0.6527777777777778,0.27498854985927057,0.3828751080006262,0.6569089325304185,1.0,134.0,1.0,1.0,1.0
2d,train__c08__user3__6-1-2,8,Take_and_use_tableware,user3,6-1-2,42,0,0.7242063492063492,0.11614478401063562,0.9342465753424658,0.9201705878946799,0.626039392570013,0.90022626459121,1.0,134.0,1.0,1.0,1.0
25d,train__c08__user3__6-1-2,8,Take_and_use_tableware,user3,6-1-2,42,0,0.7242063492063492,0.23183110483927913,0.6246575342465753,0.4955894362549734,0.40407844358460177,0.6708471056505938,1.0,134.0,1.0,1.0,1.0
2d,train__c08__user3__6-1-3,8,Take_and_use_tableware,user3,6-1-3,19,0,0.7982456140350878,0.18554916715826195,0.7142857142857143,0.9407274238699289,0.5969945516077388,0.786529038018225,1.0,134.0,1.0,1.0,1.0
25d,train__c08__user3__6-1-3,8,Take_and_use_tableware,user3,6-1-3,19,0,0.7982456140350878,0.3006101112709417,0.3901098901098901,0.742645854998937,0.4769261788976135,0.5794190498811631,1.0,134.0,1.0,1.0,1.0
2d,train__c09__user3__5-1-1,9,Pour_drinks,user3,5-1-1,28,-1,0.6666666666666666,0.09376286359584385,1.0,0.9725292865739281,0.5207292759267914,0.9279742910185689,1.0,134.0,1.0,1.0,1.0
25d,train__c09__user3__5-1-1,9,Pour_drinks,user3,5-1-1,28,2,0.6666666666666666,0.25356002738877453,0.6538461538461539,-0.7231507489091852,0.4611920561939266,0.5635563806056774,3.0,134.0,0.0,1.0,0.3333333333333333
2d,train__c09__user3__5-1-2,9,Pour_drinks,user3,5-1-2,15,1,0.6666666666666666,0.07248935163330286,1.0,0.815612310122611,0.6107047086986929,0.9190307508313297,1.0,134.0,1.0,1.0,1.0
25d,train__c09__user3__5-1-2,9,Pour_drinks,user3,5-1-2,15,-1,0.6666666666666666,0.2181283616221329,0.5267857142857143,0.5992825764463364,0.4280631280804812,0.6234318017744793,1.0,134.0,1.0,1.0,1.0
2d,train__c09__user3__5-1-3,9,Pour_drinks,user3,5-1-3,30,0,0.6666666666666666,0.08309254482126424,1.0,0.8417995917794034,0.4345754396873107,0.9084397838211554,1.0,134.0,1.0,1.0,1.0
25d,train__c09__user3__5-1-3,9,Pour_drinks,user3,5-1-3,30,-1,0.6666666666666666,0.23172209389271195,0.5905172413793104,0.179764040740127,0.27130540531797853,0.6047754588981485,1.0,134.0,1.0,1.0,1.0
2d,train__c09__user3__7-1-1,9,Pour_drinks,user3,7-1-1,40,0,0.8416666666666667,0.15635901143983333,0.7301980198019802,0.8546083415180239,0.2291599138342708,0.7634234052471285,11.0,134.0,0.0,0.0,0.09090909090909091
25d,train__c09__user3__7-1-1,9,Pour_drinks,user3,7-1-1,40,1,0.8141025641025641,0.4394945946246222,0.13123359580052493,-0.46189615349946966,0.11184019197244326,0.2907871331485314,18.0,134.0,0.0,0.0,0.05555555555555555
2d,train__c09__user3__7-1-2,9,Pour_drinks,user3,7-1-2,30,0,0.9777777777777777,0.1823647860269768,0.7386363636363636,0.0800463861257909,0.24786844450836223,0.705622549728484,2.0,134.0,0.0,1.0,0.5
25d,train__c09__user3__7-1-2,9,Pour_drinks,user3,7-1-2,30,-1,0.9454022988505747,0.579576092428109,0.15501519756838905,0.14842677914176547,-0.03853274411520714,0.36675131065320754,16.0,134.0,0.0,0.0,0.0625
2d,train__c09__user3__7-1-3,9,Pour_drinks,user3,7-1-3,17,1,1.0,0.3035763421103463,0.609375,-0.13617688730763605,0.183453409021083,0.6102975669458176,7.0,134.0,0.0,0.0,0.14285714285714285
25d,train__c09__user3__7-1-3,9,Pour_drinks,user3,7-1-3,17,2,1.0,0.5500847490414446,0.09444444444444444,-0.12137842689878144,0.25610576858338446,0.3340145343983202,6.0,134.0,0.0,0.0,0.16666666666666666
2d,train__c10__user3__4-1-1,10,Stir_drinks,user3,4-1-1,24,0,1.0,0.2290531298793469,0.5069444444444444,-0.8413299201136787,0.33212500526197253,0.4945958278277245,20.0,134.0,0.0,0.0,0.05
25d,train__c10__user3__4-1-1,10,Stir_drinks,user3,4-1-1,24,0,1.0,0.7132726139725811,0.2013888888888889,-0.741220944036602,0.3467108419946288,0.33764510763482586,13.0,134.0,0.0,0.0,0.07692307692307693
2d,train__c10__user3__4-1-2,10,Stir_drinks,user3,4-1-2,13,1,1.0,0.23651485654370444,0.5138888888888888,0.7185285292741245,0.03006023754057882,0.6317462596318447,16.0,134.0,0.0,0.0,0.0625
25d,train__c10__user3__4-1-2,10,Stir_drinks,user3,4-1-2,13,-1,0.9930555555555556,0.7026005377427028,0.0979020979020979,-0.5774023616073156,0.10015603934594548,0.27792317619192375,18.0,134.0,0.0,0.0,0.05555555555555555
2d,train__c10__user3__4-1-3,10,Stir_drinks,user3,4-1-3,12,-1,0.9772727272727273,0.14186753571566235,0.8527131782945736,0.06566043344393382,0.3076130214230282,0.7713565407404088,1.0,134.0,1.0,1.0,1.0
25d,train__c10__user3__4-1-3,10,Stir_drinks,user3,4-1-3,12,1,0.9696969696969697,0.5615558283103808,0.1484375,-0.5916528080372546,0.36341470526894,0.32170114406114203,1.0,134.0,1.0,1.0,1.0
2d,train__c10__user3__5-1-1,10,Stir_drinks,user3,5-1-1,38,1,0.6666666666666666,0.1041983907376843,0.9797297297297297,0.1495313814620772,0.6916726809291999,0.8473466072339159,1.0,134.0,1.0,1.0,1.0
25d,train__c10__user3__5-1-1,10,Stir_drinks,user3,5-1-1,38,2,0.6666666666666666,0.20135773857571176,0.7013888888888888,-0.15620607067480077,0.5661133127283796,0.654268446942704,1.0,134.0,1.0,1.0,1.0
2d,train__c10__user3__5-1-2,10,Stir_drinks,user3,5-1-2,18,2,0.6822916666666666,0.09715138053853371,0.9618320610687023,0.8798922305937266,0.501155651248517,0.8978126971574645,1.0,134.0,1.0,1.0,1.0
25d,train__c10__user3__5-1-2,10,Stir_drinks,user3,5-1-2,18,2,0.6822916666666666,0.19893746232005882,0.6412213740458015,0.8205331584493205,0.4355014707717062,0.7106168485446674,1.0,134.0,1.0,1.0,1.0
2d,train__c10__user3__5-1-3,10,Stir_drinks,user3,5-1-3,17,0,0.6666666666666666,0.10945721688521513,0.9485294117647058,0.44343539178131613,0.25922185392086283,0.8271430213594512,1.0,134.0,1.0,1.0,1.0
25d,train__c10__user3__5-1-3,10,Stir_drinks,user3,5-1-3,17,0,0.6666666666666666,0.22226397696997116,0.5955882352941176,0.5616845070816346,0.24726703867936733,0.6439536746875474,1.0,134.0,1.0,1.0,1.0
2d,train__c10__user3__7-1-1,10,Stir_drinks,user3,7-1-1,29,-1,0.9821428571428571,0.1827403736671004,0.8,-0.5574444030958244,0.046164878648035784,0.660932211303306,10.0,134.0,0.0,0.0,0.1
25d,train__c10__user3__7-1-1,10,Stir_drinks,user3,7-1-1,29,1,0.9880952380952381,0.5189641830048903,0.2710843373493976,-0.43111016237891825,0.08830250299969948,0.3864175808387781,17.0,134.0,0.0,0.0,0.058823529411764705
2d,train__c10__user3__7-1-2,10,Stir_drinks,user3,7-1-2,16,1,1.0,0.1795094710242117,0.7166666666666667,-0.38255693024221155,0.1279480266811974,0.6405070756435354,1.0,134.0,1.0,1.0,1.0
25d,train__c10__user3__7-1-2,10,Stir_drinks,user3,7-1-2,16,1,1.0,0.5989735568033174,0.14444444444444443,-0.47788879850052607,-0.02542347550058346,0.3047488039318481,5.0,134.0,0.0,1.0,0.2
2d,train__c10__user3__7-1-3,10,Stir_drinks,user3,7-1-3,11,0,0.9848484848484849,0.22997562535234653,0.7076923076923077,-0.4309074832431472,0.46146942555542986,0.6542350763079603,3.0,134.0,0.0,1.0,0.3333333333333333
25d,train__c10__user3__7-1-3,10,Stir_drinks,user3,7-1-3,11,0,0.9848484848484849,0.5167676475061292,0.13076923076923078,-0.25929021524444207,0.4732331213374427,0.35497138798378947,12.0,134.0,0.0,0.0,0.08333333333333333
2d,train__c11__user3__3-1-1,11,Peel_fruits,user3,3-1-1,22,2,0.6666666666666666,0.08217530789252657,0.9875,0.9774577844326984,0.3217538971581722,0.9066689873967996,1.0,134.0,1.0,1.0,1.0
25d,train__c11__user3__3-1-1,11,Peel_fruits,user3,3-1-1,22,2,0.6666666666666666,0.20778171607691695,0.5875,0.8035379917112598,0.22697414351563977,0.6621685266014656,1.0,134.0,1.0,1.0,1.0
2d,train__c11__user3__3-1-2,11,Peel_fruits,user3,3-1-2,31,2,0.6666666666666666,0.1068328997770669,0.9612068965517241,0.8861232904342228,0.30046844825391156,0.8814779224325805,3.0,134.0,0.0,1.0,0.3333333333333333
25d,train__c11__user3__3-1-2,11,Peel_fruits,user3,3-1-2,31,-2,0.6666666666666666,0.2170582349489706,0.5560344827586207,0.8306349464925309,0.39424438865497974,0.6601174559822847,1.0,134.0,1.0,1.0,1.0
2d,train__c11__user3__3-1-3,11,Peel_fruits,user3,3-1-3,11,1,0.7,0.10168918563448484,0.9880952380952381,0.9472691727817749,0.5214983007236186,0.9222916707848299,1.0,134.0,1.0,1.0,1.0
25d,train__c11__user3__3-1-3,11,Peel_fruits,user3,3-1-3,11,1,0.7,0.2542565198932812,0.6785714285714286,0.9476762830351267,0.4248559878949314,0.7448461131099182,1.0,134.0,1.0,1.0,1.0
2d,train__c11__user3__4-1-1,11,Peel_fruits,user3,4-1-1,40,0,0.9895833333333334,0.16735435536269352,0.7894736842105263,0.17619163722295964,0.06689933848062835,0.730805473757466,7.0,134.0,0.0,0.0,0.14285714285714285
25d,train__c11__user3__4-1-1,11,Peel_fruits,user3,4-1-1,40,0,0.9895833333333334,0.6239062843584642,0.40842105263157896,-0.24117752269935805,0.023407439538098346,0.4762277179761234,2.0,134.0,0.0,1.0,0.5
2d,train__c11__user3__4-1-2,11,Peel_fruits,user3,4-1-2,37,2,0.9785714285714285,0.12852120092344746,0.8686131386861314,0.6173640712552417,0.08660891169802644,0.8188264446373914,2.0,134.0,0.0,1.0,0.5
25d,train__c11__user3__4-1-2,11,Peel_fruits,user3,4-1-2,37,1,0.9791666666666666,0.6755045525981298,0.3309692671394799,0.17604949749730606,0.07875098633262964,0.47846103731805845,3.0,134.0,0.0,1.0,0.3333333333333333
2d,train__c14__user3__3-1-1,14,Wipe_bowls,user3,3-1-1,63,0,0.6653439153439153,0.11604648502592357,0.9145129224652088,0.8280358671680166,0.33469702639125387,0.8524223625864021,2.0,134.0,0.0,1.0,0.5
25d,train__c14__user3__3-1-1,14,Wipe_bowls,user3,3-1-1,63,0,0.6640211640211641,0.23700432187687234,0.5936254980079682,0.6495155319998643,0.26837793722568376,0.6529760387984116,1.0,134.0,1.0,1.0,1.0
2d,train__c14__user3__3-1-2,14,Wipe_bowls,user3,3-1-2,55,0,0.6666666666666666,0.10204310137617671,0.9681818181818181,0.8906140645855306,0.6973441549660612,0.9155288847476742,1.0,134.0,1.0,1.0,1.0
25d,train__c14__user3__3-1-2,14,Wipe_bowls,user3,3-1-2,55,0,0.6545454545454545,0.18271980809083063,0.7314814814814815,0.8336944734352016,0.557268037067884,0.7679339103929718,1.0,134.0,1.0,1.0,1.0
2d,train__c14__user3__3-1-3,14,Wipe_bowls,user3,3-1-3,66,0,0.6944444444444444,0.13509274426785278,0.9163636363636364,0.8871738011485186,0.6161627392026214,0.8833740299994929,1.0,134.0,1.0,1.0,1.0
25d,train__c14__user3__3-1-3,14,Wipe_bowls,user3,3-1-3,66,0,0.6944444444444444,0.21626877565860395,0.6,0.8722272481379075,0.5203704616723085,0.7006949538836584,1.0,134.0,1.0,1.0,1.0
2d,train__c17__user3__3-2-1,17,Tap_the_keyboard,user3,3-2-1,50,0,1.0,0.2213267683449739,0.45,0.8365804000926551,0.4554874160565863,0.6403195962135095,39.0,134.0,0.0,0.0,0.02564102564102564
25d,train__c17__user3__3-2-1,17,Tap_the_keyboard,user3,3-2-1,50,-1,0.9931972789115646,0.5619058375996641,0.1780821917808219,0.291694389673302,0.29082281750706823,0.42324608365096883,85.0,134.0,0.0,0.0,0.011764705882352941
2d,train__c17__user3__3-2-2,17,Tap_the_keyboard,user3,3-2-2,39,-2,1.0,0.2735639616540648,0.32432432432432434,0.6105470556272932,0.3994653796795855,0.5443929874170766,47.0,134.0,0.0,0.0,0.02127659574468085
25d,train__c17__user3__3-2-2,17,Tap_the_keyboard,user3,3-2-2,39,2,0.9662162162162162,0.5806511318623687,0.19813519813519814,0.725000797590966,0.37624696554761017,0.481314582771148,90.0,134.0,0.0,0.0,0.011111111111111112
2d,train__c17__user3__3-2-3,17,Tap_the_keyboard,user3,3-2-3,57,1,1.0,0.24504699303772462,0.4166666666666667,0.796694771497139,0.29534086929701614,0.6059867090136568,42.0,134.0,0.0,0.0,0.023809523809523808
25d,train__c17__user3__3-2-3,17,Tap_the_keyboard,user3,3-2-3,57,-2,1.0,0.5257064083386633,0.1621212121212121,0.39770493311966354,-0.10351408784990192,0.3961736033898904,72.0,134.0,0.0,0.0,0.013888888888888888
2d,train__c17__user3__4-1-1,17,Tap_the_keyboard,user3,4-1-1,69,0,1.0,0.19432646932638675,0.6026570048309179,0.7413288513284144,0.2623387473037609,0.7002696438376284,14.0,134.0,0.0,0.0,0.07142857142857142
25d,train__c17__user3__4-1-1,17,Tap_the_keyboard,user3,4-1-1,69,-2,1.0,0.5454937108059393,0.1691542288557214,0.7197063065911802,0.23833948993219353,0.45788091827467936,43.0,134.0,0.0,0.0,0.023255813953488372
2d,train__c17__user3__4-1-2,17,Tap_the_keyboard,user3,4-1-2,72,-1,1.0,0.2329693835502235,0.5305164319248826,0.7744932227277576,0.20551470672988845,0.6596469628362028,42.0,134.0,0.0,0.0,0.023809523809523808
25d,train__c17__user3__4-1-2,17,Tap_the_keyboard,user3,4-1-2,72,-1,1.0,0.6815427887845505,0.19483568075117372,0.6079578818997627,0.007952236236715244,0.44355183032087553,37.0,134.0,0.0,0.0,0.02702702702702703
2d,train__c17__user3__4-1-3,17,Tap_the_keyboard,user3,4-1-3,55,1,0.9969135802469136,0.21670750067147385,0.5077399380804953,0.773923128972437,0.16834449982800856,0.6439664743533082,34.0,134.0,0.0,0.0,0.029411764705882353
25d,train__c17__user3__4-1-3,17,Tap_the_keyboard,user3,4-1-3,55,1,0.9953703703703703,0.5553084249968846,0.20465116279069767,0.7301385690794212,0.1628256740790576,0.4723209590357922,67.0,134.0,0.0,0.0,0.014925373134328358
2d,train__c18__user3__3-2-1,18,Write,user3,3-2-1,66,-2,0.80078125,0.35531320370638686,0.367479674796748,-0.06427456510678403,0.13537245558173655,0.46091742379616324,79.0,134.0,0.0,0.0,0.012658227848101266
25d,train__c18__user3__3-2-1,18,Write,user3,3-2-1,66,-2,0.6588541666666666,0.5536201630663687,0.12845849802371542,-0.2692876559617433,0.09196269119481078,0.29150602682314664,27.0,134.0,0.0,0.0,0.037037037037037035
2d,train__c18__user3__3-2-2,18,Write,user3,3-2-2,31,0,0.7419354838709677,0.2450482960708029,0.5181159420289855,0.16884012702953702,0.4445284483704663,0.5843809628337775,7.0,134.0,0.0,0.0,0.14285714285714285
25d,train__c18__user3__3-2-2,18,Write,user3,3-2-2,31,-1,0.6333333333333333,0.4382880012302249,0.2982456140350877,-0.1490825898738912,0.36427537497423934,0.41478081518831045,8.0,134.0,0.0,0.0,0.125
2d,train__c18__user3__3-2-3,18,Write,user3,3-2-3,24,0,0.9479166666666666,0.29171970895792293,0.4981684981684982,0.2799082613091366,0.004983618910280346,0.5721489382085254,58.0,134.0,0.0,0.0,0.017241379310344827
25d,train__c18__user3__3-2-3,18,Write,user3,3-2-3,24,2,0.7765151515151515,1.0443681752344443,0.17560975609756097,-0.2672141927222581,0.11004182025380124,0.33076859825198296,70.0,134.0,0.0,0.0,0.014285714285714285
2d,train__c19__user3__3-2-1,19,Make_a_phone_call,user3,3-2-1,34,0,1.0,0.2628396995787952,0.625,0.3146556383302863,0.3100896691768041,0.673472289021289,44.0,134.0,0.0,0.0,0.022727272727272728
25d,train__c19__user3__3-2-1,19,Make_a_phone_call,user3,3-2-1,34,-1,1.0,0.5976211358695556,0.13131313131313133,-0.16609258453382775,0.2866620941270328,0.3521126208283669,26.0,134.0,0.0,0.0,0.038461538461538464
2d,train__c19__user3__3-2-2,19,Make_a_phone_call,user3,3-2-2,27,2,1.0,0.3779098454471521,0.45,-0.1760450498767646,0.34895424314781714,0.5310670632484099,88.0,134.0,0.0,0.0,0.011363636363636364
25d,train__c19__user3__3-2-2,19,Make_a_phone_call,user3,3-2-2,27,1,1.0,0.5924002968715023,0.16346153846153846,0.015972476502821967,0.44453049835196135,0.3998408811805255,83.0,134.0,0.0,0.0,0.012048192771084338
2d,train__c19__user3__3-2-3,19,Make_a_phone_call,user3,3-2-3,31,0,1.0,0.34469005426555366,0.3467741935483871,-0.06464416974018782,0.3419481334074894,0.4849074994831558,63.0,134.0,0.0,0.0,0.015873015873015872
25d,train__c19__user3__3-2-3,19,Make_a_phone_call,user3,3-2-3,31,-1,1.0,0.48547466764066727,0.2222222222222222,0.3801918484114281,0.21975454426077942,0.45172299788292347,72.0,134.0,0.0,0.0,0.013888888888888888
2d,train__c19__user3__4-1-1,19,Make_a_phone_call,user3,4-1-1,52,-2,0.9566666666666667,0.2233362179690022,0.578397212543554,-0.4484179002899673,0.20471463878648954,0.5592969414456115,31.0,134.0,0.0,0.0,0.03225806451612903
25d,train__c19__user3__4-1-1,19,Make_a_phone_call,user3,4-1-1,52,0,0.9583333333333334,0.6037645379052305,0.14214046822742474,-0.3883683017226889,0.20439971917348734,0.3255037396241596,30.0,134.0,0.0,0.0,0.03333333333333333
2d,train__c19__user3__4-1-2,19,Make_a_phone_call,user3,4-1-2,45,1,1.0,0.27256588312776486,0.5814393939393939,-0.8308907239412473,0.3292431449865046,0.5363958301465298,53.0,134.0,0.0,0.0,0.018867924528301886
25d,train__c19__user3__4-1-2,19,Make_a_phone_call,user3,4-1-2,45,0,0.9981481481481481,0.8158726331926295,0.19666048237476808,-0.36168705539310764,0.1905701943453262,0.361102139157526,32.0,134.0,0.0,0.0,0.03125
2d,train__c19__user3__4-1-3,19,Make_a_phone_call,user3,4-1-3,55,0,0.9939393939393939,0.3059293002138285,0.39176829268292684,-0.617465210399704,0.4098012606926507,0.4588550738815276,58.0,134.0,0.0,0.0,0.017241379310344827
25d,train__c19__user3__4-1-3,19,Make_a_phone_call,user3,4-1-3,55,-2,0.9748427672955975,0.7691101796474222,0.17903225806451614,-0.203791922211332,0.20516507348971805,0.36596020695563924,58.0,134.0,0.0,0.0,0.017241379310344827
2d,train__c21__user3__4-1-1,21,Read_documents,user3,4-1-1,105,-2,0.9555016181229773,0.16201538619439126,0.8187976291278577,0.231658686224996,0.23889474843397573,0.7619718325876673,2.0,134.0,0.0,1.0,0.5
25d,train__c21__user3__4-1-1,21,Read_documents,user3,4-1-1,105,-2,0.9522653721682848,0.44777541171307816,0.4766355140186916,0.2800037854372257,0.14276874513294222,0.5710841043558021,4.0,134.0,0.0,1.0,0.25
2d,train__c21__user3__4-1-2,21,Read_documents,user3,4-1-2,94,0,0.9937943262411347,0.1460960403308865,0.8501338090990187,0.24030129997371497,0.1798889121017783,0.7794748260335786,9.0,134.0,0.0,0.0,0.1111111111111111
25d,train__c21__user3__4-1-2,21,Read_documents,user3,4-1-2,94,2,0.9492753623188406,0.6369979342531998,0.5324427480916031,0.3800420645333,0.06840361731966862,0.605905525434571,2.0,134.0,0.0,1.0,0.5
2d,train__c21__user3__4-1-3,21,Read_documents,user3,4-1-3,72,-1,0.8814553990610329,0.19596729925353595,0.6165113182423435,0.2671633465331721,0.23194556504776787,0.646339016971292,6.0,134.0,0.0,0.0,0.16666666666666666
25d,train__c21__user3__4-1-3,21,Read_documents,user3,4-1-3,72,-2,0.8821428571428571,0.5466474749011211,0.48043184885290147,0.0244928364434984,0.14996952743067468,0.5411488007850319,4.0,134.0,0.0,1.0,0.25
2d,train__c21__user3__5-2-1,21,Read_documents,user3,5-2-1,99,0,0.9494949494949495,0.1693891596851411,0.7783687943262412,0.41586163838840257,0.2608117519418237,0.7591993770634047,2.0,134.0,0.0,1.0,0.5
25d,train__c21__user3__5-2-1,21,Read_documents,user3,5-2-1,99,0,0.9385521885521886,0.36591350069562917,0.35515695067264574,0.060071666219043,0.2472328605972064,0.4887411728918688,6.0,134.0,0.0,0.0,0.16666666666666666
2d,train__c21__user3__5-2-2,21,Read_documents,user3,5-2-2,50,1,0.8452380952380952,0.19567117926591743,0.6740442655935613,0.10819622974079546,0.20635790063151452,0.6565446211217114,11.0,134.0,0.0,0.0,0.09090909090909091
25d,train__c21__user3__5-2-2,21,Read_documents,user3,5-2-2,50,-1,0.8452380952380952,0.4080523495079005,0.2052313883299799,-0.009533335889967472,0.05846222230306547,0.3758324061890317,8.0,134.0,0.0,0.0,0.125
2d,train__c21__user3__5-2-3,21,Read_documents,user3,5-2-3,94,-1,0.9032258064516129,0.17504775805241335,0.7053571428571429,0.5424835794236029,0.25579827063081245,0.7267022374562612,19.0,134.0,0.0,0.0,0.05263157894736842
25d,train__c21__user3__5-2-3,21,Read_documents,user3,5-2-3,94,-1,0.9005376344086021,0.3633324435803397,0.5203980099502488,0.2745343306803186,0.10255655498620618,0.5864178436054944,14.0,134.0,0.0,0.0,0.07142857142857142
2d,train__c22__user3__4-1-1,22,Turn_pages,user3,4-1-1,9,-1,1.0,0.20812730944833946,0.7083333333333334,0.05781565997214577,0.29859987865805776,0.6927598902299023,4.0,134.0,0.0,1.0,0.25
25d,train__c22__user3__4-1-1,22,Turn_pages,user3,4-1-1,9,-1,1.0,0.27966440137069365,0.6458333333333334,0.0819046788098318,0.3185635984371326,0.6622910710971015,4.0,134.0,0.0,1.0,0.25
2d,train__c22__user3__4-1-2,22,Turn_pages,user3,4-1-2,10,2,1.0,0.1430065308300638,0.875,0.3174840144535367,0.24917340242199879,0.8066864066270036,16.0,134.0,0.0,0.0,0.0625
25d,train__c22__user3__4-1-2,22,Turn_pages,user3,4-1-2,10,0,1.0,0.6562631665301369,0.5166666666666667,0.47991425872828214,0.22151841660611105,0.6237719737849533,4.0,134.0,0.0,1.0,0.25
2d,train__c22__user3__4-1-3,22,Turn_pages,user3,4-1-3,63,0,0.8822751322751323,0.1931962411031443,0.6101949025487257,0.29596777117357403,0.15414819151640577,0.6399926011104002,6.0,134.0,0.0,0.0,0.16666666666666666
25d,train__c22__user3__4-1-3,22,Turn_pages,user3,4-1-3,63,-2,0.8811475409836066,0.5549241069454787,0.4821705426356589,0.033625032239082905,0.14821591665799777,0.5427872495212311,2.0,134.0,0.0,1.0,0.5
2d,train__c22__user3__5-2-2,22,Turn_pages,user3,5-2-2,8,2,1.0,0.20048249201903567,0.6944444444444444,0.327148375378096,0.07546826434129844,0.6953194018078515,27.0,134.0,0.0,0.0,0.037037037037037035
25d,train__c22__user3__5-2-2,22,Turn_pages,user3,5-2-2,8,2,1.0,0.4325191076478953,0.16666666666666666,0.10194967387778135,0.027156515882908985,0.37889837274566296,24.0,134.0,0.0,0.0,0.041666666666666664
2d,train__c22__user3__5-2-3,22,Turn_pages,user3,5-2-3,19,-1,0.9351851851851852,0.20660285459658284,0.6386138613861386,0.0399391394545595,0.1622234824986493,0.6359168174137495,5.0,134.0,0.0,1.0,0.2
25d,train__c22__user3__5-2-3,22,Turn_pages,user3,5-2-3,19,-1,0.9212962962962963,0.4883697946776171,0.5326633165829145,-0.06158191052687892,0.061933447389874434,0.5585812712517855,1.0,134.0,1.0,1.0,1.0
2d,train__c23__user3__1-2-1,23,Listen_to_music_with_headphones,user3,1-2-1,22,0,0.32196969696969696,0.11437184686789878,0.9058823529411765,0.46849961441753685,0.3444663079709005,0.778117198354188,1.0,134.0,1.0,1.0,1.0
25d,train__c23__user3__1-2-1,23,Listen_to_music_with_headphones,user3,1-2-1,22,-1,0.25396825396825395,0.23183038773025474,0.703125,0.11878921638954457,0.398348644982185,0.6288706454094438,1.0,134.0,1.0,1.0,1.0
2d,train__c23__user3__1-2-2,23,Listen_to_music_with_headphones,user3,1-2-2,16,-1,0.12222222222222222,0.10767731773703641,1.0,0.6806390096502049,,0.8052861231872427,,,,,
25d,train__c23__user3__1-2-2,23,Listen_to_music_with_headphones,user3,1-2-2,16,-2,0.08333333333333333,0.37349263444602243,0.5714285714285714,,,0.4976190476190476,,,,,
2d,train__c23__user3__3-2-1,23,Listen_to_music_with_headphones,user3,3-2-1,26,0,0.9839743589743589,0.22206760239525303,0.6319218241042345,0.5602930925559386,0.3124544731615174,0.7004178338974726,3.0,134.0,0.0,1.0,0.3333333333333333
25d,train__c23__user3__3-2-1,23,Listen_to_music_with_headphones,user3,3-2-1,26,0,0.9455128205128205,0.5709591672642943,0.13220338983050847,0.36457841137535085,0.2075998256991728,0.39429097452303474,32.0,134.0,0.0,0.0,0.03125
2d,train__c23__user3__3-2-2,23,Listen_to_music_with_headphones,user3,3-2-2,20,-1,0.9736842105263158,0.19936591480893265,0.6306306306306306,0.577861475365018,0.26210958318201055,0.696659634174631,3.0,134.0,0.0,1.0,0.3333333333333333
25d,train__c23__user3__3-2-2,23,Listen_to_music_with_headphones,user3,3-2-2,20,0,0.9708333333333333,0.5267208361972257,0.0944206008583691,0.4106961143622793,-0.004889069575708879,0.36471759502348616,7.0,134.0,0.0,0.0,0.14285714285714285
2d,train__c23__user3__3-2-3,23,Listen_to_music_with_headphones,user3,3-2-3,19,0,0.9342105263157895,0.18410928723664297,0.812206572769953,0.7560304924615989,0.49007290848309504,0.8274931850374452,1.0,134.0,1.0,1.0,1.0
25d,train__c23__user3__3-2-3,23,Listen_to_music_with_headphones,user3,3-2-3,19,-1,0.8842592592592593,0.5798869573446525,0.15706806282722513,0.3317185722532636,0.21739007394673052,0.39928947325223096,1.0,134.0,1.0,1.0,1.0
2d,train__c28__user3__2-1-1,28,Jog_in_place,user3,2-1-1,54,0,1.0,0.09479902137226993,1.0,0.9024708640151876,0.5142747999544263,0.9538176963981008,1.0,134.0,1.0,1.0,1.0
25d,train__c28__user3__2-1-1,28,Jog_in_place,user3,2-1-1,54,0,0.9922839506172839,0.33626080695904176,0.5878693623639192,0.8772876262732087,0.2269311905106585,0.7023051462775043,1.0,134.0,1.0,1.0,1.0
2d,train__c28__user3__2-1-2,28,Jog_in_place,user3,2-1-2,53,0,1.0,0.11748382484804984,0.9575471698113207,0.8323812276684661,0.4933044670938413,0.9218869011951111,1.0,134.0,1.0,1.0,1.0
25d,train__c28__user3__2-1-2,28,Jog_in_place,user3,2-1-2,53,0,0.9952830188679245,0.4296366472970774,0.4439178515007899,0.6340015207054086,0.17264125005006006,0.5950313660365223,1.0,134.0,1.0,1.0,1.0
2d,train__c28__user3__2-1-3,28,Jog_in_place,user3,2-1-3,37,0,1.0,0.10456972826142598,0.9819819819819819,0.7639933330386204,0.40228628331011657,0.9216608946422109,1.0,134.0,1.0,1.0,1.0
25d,train__c28__user3__2-1-3,28,Jog_in_place,user3,2-1-3,37,0,0.9954954954954955,0.45770257551264326,0.3257918552036199,0.5881576270118266,0.11502913458187741,0.5211780177063641,1.0,134.0,1.0,1.0,1.0
2d,train__c29__user3__2-1-1,29,Do_squats,user3,2-1-1,55,0,1.0,0.11046061850851861,0.9424242424242424,0.8617866153716801,0.5473904724542621,0.920566280304571,1.0,134.0,1.0,1.0,1.0
25d,train__c29__user3__2-1-1,29,Do_squats,user3,2-1-1,55,0,1.0,0.2348803286111556,0.6272727272727273,0.8233140444764714,0.5120834358268002,0.7407376621346571,1.0,134.0,1.0,1.0,1.0
2d,train__c29__user3__2-1-2,29,Do_squats,user3,2-1-2,36,0,1.0,0.1106306823866582,0.9537037037037037,0.8040200325527594,0.49372695583601556,0.9169685619800143,1.0,134.0,1.0,1.0,1.0
25d,train__c29__user3__2-1-2,29,Do_squats,user3,2-1-2,36,0,0.9884259259259259,0.39483378530746516,0.36065573770491804,0.6196448897210765,0.3145116000872374,0.557756107308948,1.0,134.0,1.0,1.0,1.0
2d,train__c29__user3__2-1-3,29,Do_squats,user3,2-1-3,27,0,1.0,0.10745838173831931,0.9722222222222222,0.7685384259252014,0.5724270565270434,0.9295080940542706,1.0,134.0,1.0,1.0,1.0
25d,train__c29__user3__2-1-3,29,Do_squats,user3,2-1-3,27,0,0.9814814814814815,0.48809149092870824,0.1918238993710692,0.5043352526749957,0.2916434901065853,0.4509580798277297,1.0,134.0,1.0,1.0,1.0
2d,train__c31__user3__2-1-1,31,Do_stretching_exercises,user3,2-1-1,46,0,1.0,0.16959250584691252,0.822463768115942,0.8393079829085534,0.22049446932807112,0.8278229559542288,1.0,134.0,1.0,1.0,1.0
25d,train__c31__user3__2-1-1,31,Do_stretching_exercises,user3,2-1-1,46,1,0.9703703703703703,0.6110465073194078,0.3015267175572519,0.5034415600058978,0.03795316473038045,0.49106737504889386,1.0,134.0,1.0,1.0,1.0
2d,train__c31__user3__2-1-2,31,Do_stretching_exercises,user3,2-1-2,52,0,0.9951923076923077,0.23352653965090175,0.642512077294686,0.7073749605753172,0.14087565714251202,0.7092040436245283,1.0,134.0,1.0,1.0,1.0
25d,train__c31__user3__2-1-2,31,Do_stretching_exercises,user3,2-1-2,52,0,0.9887820512820513,0.40441355913012844,0.4181523500810373,0.7141653539740963,0.0609893421691517,0.5798527337328717,1.0,134.0,1.0,1.0,1.0
2d,train__c31__user3__2-1-3,31,Do_stretching_exercises,user3,2-1-3,33,0,1.0,0.14604593520466577,0.898989898989899,0.9081995043020689,0.3867378875371623,0.8892697364399386,1.0,134.0,1.0,1.0,1.0
25d,train__c31__user3__2-1-3,31,Do_stretching_exercises,user3,2-1-3,33,1,0.9895833333333334,0.618973294225663,0.27631578947368424,0.6963158660093424,0.17804007718084466,0.5089166099333573,1.0,134.0,1.0,1.0,1.0
2d,train__c31__user3__7-1-1,31,Do_stretching_exercises,user3,7-1-1,39,0,1.0,0.1331648539646461,0.8974358974358975,0.9563326999360574,0.4860349973160856,0.9006756383820559,1.0,134.0,1.0,1.0,1.0
25d,train__c31__user3__7-1-1,31,Do_stretching_exercises,user3,7-1-1,39,0,0.9893162393162394,0.38030351069694385,0.46004319654427644,0.9450467776557069,0.2779629752931185,0.6423072829435306,1.0,134.0,1.0,1.0,1.0
2d,train__c31__user3__7-1-2,31,Do_stretching_exercises,user3,7-1-2,40,0,1.0,0.11428173816894492,0.9333333333333333,0.9744834854137857,0.29232838606949557,0.9077063108299241,1.0,134.0,1.0,1.0,1.0
25d,train__c31__user3__7-1-2,31,Do_stretching_exercises,user3,7-1-2,40,0,0.9895833333333334,0.5220455955259126,0.3663157894736842,0.8837790945910671,0.09294933738789911,0.5707811273070589,1.0,134.0,1.0,1.0,1.0
2d,train__c31__user3__7-1-3,31,Do_stretching_exercises,user3,7-1-3,47,0,1.0,0.12016435675228998,0.9078014184397163,0.9613671111556289,0.39408812252762865,0.899984100446979,1.0,134.0,1.0,1.0,1.0
25d,train__c31__user3__7-1-3,31,Do_stretching_exercises,user3,7-1-3,47,0,0.9964539007092199,0.47151018539581013,0.43238434163701067,0.8997782796361324,0.13281993539317202,0.612396101089379,1.0,134.0,1.0,1.0,1.0
2d,train__c32__user3__2-1-1,32,Stand_up,user3,2-1-1,9,0,0.9814814814814815,0.18036839613940106,0.7641509433962265,0.8276770821014396,0.3417582826189767,0.80183074642264,1.0,134.0,1.0,1.0,1.0
25d,train__c32__user3__2-1-1,32,Stand_up,user3,2-1-1,9,-2,0.8333333333333334,0.49358874750816223,0.2714285714285714,0.28027794003675194,0.06276691612039129,0.44035436033175224,1.0,134.0,1.0,1.0,1.0
2d,train__c32__user3__2-1-2,32,Stand_up,user3,2-1-2,10,-1,0.8888888888888888,0.2774794284849074,0.6041666666666666,0.8161480637530601,0.7808028235797876,0.7363555736993457,3.0,134.0,0.0,1.0,0.3333333333333333
25d,train__c32__user3__2-1-2,32,Stand_up,user3,2-1-2,10,-1,0.8888888888888888,0.6284784521293187,0.3541666666666667,0.6647715715877373,0.5527896285240116,0.5666169348536302,6.0,134.0,0.0,0.0,0.16666666666666666
2d,train__c32__user3__7-1-1,32,Stand_up,user3,7-1-1,10,-1,1.0,0.190522142469519,0.7777777777777778,0.8578413129595239,0.41637160280938984,0.8197897792844344,1.0,134.0,1.0,1.0,1.0
25d,train__c32__user3__7-1-1,32,Stand_up,user3,7-1-1,10,0,0.975,0.5743251429611909,0.26495726495726496,0.14798630451027342,0.46338030687105797,0.4677786491928525,2.0,134.0,0.0,1.0,0.5
2d,train__c33__user3__2-1-1,33,Lie_down,user3,2-1-1,44,-1,0.39147286821705424,0.7865245214949591,0.3613861386138614,0.31078107031863983,-0.10502675116234032,0.4361107637540177,2.0,134.0,0.0,1.0,0.5
25d,train__c33__user3__2-1-1,33,Lie_down,user3,2-1-1,44,0,0.4034090909090909,0.9540010110301828,0.16901408450704225,0.24459672951957057,-0.00829632516253193,0.3321361041345495,2.0,134.0,0.0,1.0,0.5
2d,train__c33__user3__2-1-3,33,Lie_down,user3,2-1-3,30,0,0.3333333333333333,0.312571042934895,0.6166666666666667,0.6443833014599031,-0.042121840353037364,0.6087791921195126,1.0,134.0,1.0,1.0,1.0
25d,train__c33__user3__2-1-3,33,Lie_down,user3,2-1-3,30,2,0.2857142857142857,0.8649154616042524,0.1875,0.44479875497450294,0.13637472058750363,0.36140440811294167,2.0,134.0,0.0,1.0,0.5
2d,train__c34__user3__3-2-1,34,Sit_down,user3,3-2-1,9,0,0.9537037037037037,0.2860606146721157,0.5922330097087378,0.44334512148121535,0.4201461115331464,0.6719439962232836,41.0,134.0,0.0,0.0,0.024390243902439025
25d,train__c34__user3__3-2-1,34,Sit_down,user3,3-2-1,9,1,0.9375,0.6092251726322994,0.14444444444444443,0.2697417916707623,0.3295647596201149,0.39988598058302927,51.0,134.0,0.0,0.0,0.0196078431372549
2d,train__c36__user3__1-2-1,36,Walk,user3,1-2-1,52,0,0.22596153846153846,0.11455795233782794,0.9219858156028369,0.7127551385684325,0.9544646760090421,0.8475487169852356,1.0,134.0,1.0,1.0,1.0
25d,train__c36__user3__1-2-1,36,Walk,user3,1-2-1,52,0,0.20512820512820512,0.2875698911683212,0.5703125,0.20569530437176708,0.7385659674371907,0.5851466735077866,1.0,134.0,1.0,1.0,1.0
2d,train__c36__user3__1-2-2,36,Walk,user3,1-2-2,58,0,0.23275862068965517,0.14712401174661344,0.9567901234567902,0.8684295705444357,0.9480611041393241,0.882457969835093,1.0,134.0,1.0,1.0,1.0
25d,train__c36__user3__1-2-2,36,Walk,user3,1-2-2,58,0,0.22701149425287356,0.2879035231517885,0.569620253164557,0.3690326765616138,0.6316470633107882,0.5952690860702643,1.0,134.0,1.0,1.0,1.0
2d,train__c36__user3__1-2-3,36,Walk,user3,1-2-3,32,0,0.20052083333333334,0.12499571456466524,0.8961038961038961,0.8534664891435972,0.9779764444410135,0.8466041084379119,1.0,134.0,1.0,1.0,1.0
25d,train__c36__user3__1-2-3,36,Walk,user3,1-2-3,32,0,0.171875,0.19396185148528938,0.6515151515151515,0.7827748816346917,0.9500700776231102,0.7000535773185358,1.0,134.0,1.0,1.0,1.0
2d,train__c36__user3__2-2-1,36,Walk,user3,2-2-1,17,-1,0.036458333333333336,0.12483396022794198,0.8571428571428571,,,0.6500744047619047,,,,,
25d,train__c36__user3__2-2-1,36,Walk,user3,2-2-1,17,-1,0.036458333333333336,0.1907591540850655,0.5714285714285714,,,0.4929315476190476,,,,,
2d,train__c36__user3__2-2-2,36,Walk,user3,2-2-2,12,-1,0.10606060606060606,0.0962005149922791,1.0,,,0.7356060606060606,2.0,134.0,0.0,1.0,0.5
25d,train__c36__user3__2-2-2,36,Walk,user3,2-2-2,12,-2,0.05,0.17010429573597222,0.6666666666666666,,,0.5466666666666666,2.0,134.0,0.0,1.0,0.5
2d,train__c36__user3__2-2-3,36,Walk,user3,2-2-3,16,2,0.13095238095238096,0.17846100999441963,0.6818181818181818,0.5872685143815791,,0.6218220895333959,26.0,134.0,0.0,0.0,0.038461538461538464
25d,train__c36__user3__2-2-3,36,Walk,user3,2-2-3,16,1,0.18333333333333332,0.39041434236323896,0.3333333333333333,0.2102325562649936,,0.397689922293166,,,,,
2d,train__c36__user3__3-2-1,36,Walk,user3,3-2-1,36,-1,0.8952380952380953,0.16311168686924904,0.9042553191489362,0.2826327148576465,0.2854459950302092,0.8115359561687548,1.0,134.0,1.0,1.0,1.0
25d,train__c36__user3__3-2-1,36,Walk,user3,3-2-1,36,0,0.8472222222222222,0.49463653918013867,0.5437158469945356,0.33699134766264954,0.2342078724744772,0.6100306632710676,5.0,134.0,0.0,1.0,0.2
2d,train__c36__user3__3-2-2,36,Walk,user3,3-2-2,25,0,0.9466666666666667,0.15370662288633916,0.8661971830985915,0.4429156915833002,0.2883576344184615,0.8119935091106067,1.0,134.0,1.0,1.0,1.0
25d,train__c36__user3__3-2-2,36,Walk,user3,3-2-2,25,0,0.9133333333333333,0.49867252350584923,0.5036496350364964,0.42695675748627154,0.25472015094730743,0.6051403196730817,3.0,134.0,0.0,1.0,0.3333333333333333
2d,train__c36__user3__3-2-3,36,Walk,user3,3-2-3,40,0,0.9208333333333333,0.1381343752197972,0.9117647058823529,0.4644276523309345,0.46722482436107654,0.8500385486288017,1.0,134.0,1.0,1.0,1.0
25d,train__c36__user3__3-2-3,36,Walk,user3,3-2-3,40,0,0.9041666666666667,0.4773142784603814,0.5944700460829493,0.35714430277356324,0.23790882801750854,0.6459327843909584,4.0,134.0,0.0,1.0,0.25
2d,train__c36__user3__5-2-1,36,Walk,user3,5-2-1,43,-1,0.878968253968254,0.13966364599133177,0.8781038374717833,0.44850279778435315,0.4184249246742193,0.8220860851353081,1.0,134.0,1.0,1.0,1.0
25d,train__c36__user3__5-2-1,36,Walk,user3,5-2-1,43,-1,0.8611111111111112,0.37170211140675263,0.5714285714285714,0.27438826909003006,0.12844419133848375,0.6124689666562146,3.0,134.0,0.0,1.0,0.3333333333333333
2d,train__c36__user3__5-2-2,36,Walk,user3,5-2-2,23,0,0.9637681159420289,0.1502526823643104,0.8721804511278195,0.6269755573457748,0.4445787194584772,0.8471170194084668,1.0,134.0,1.0,1.0,1.0
25d,train__c36__user3__5-2-2,36,Walk,user3,5-2-2,23,0,0.927536231884058,0.45346054028196525,0.5078125,0.25785166602406145,0.3284754386581123,0.5974713226901704,1.0,134.0,1.0,1.0,1.0
2d,train__c36__user3__5-2-3,36,Walk,user3,5-2-3,34,0,0.9534313725490197,0.1336052045625745,0.9048843187660668,0.5515560348593775,0.47097841971925297,0.8585084975411205,1.0,134.0,1.0,1.0,1.0
25d,train__c36__user3__5-2-3,36,Walk,user3,5-2-3,34,0,0.9093137254901961,0.3529157061693238,0.5417789757412399,0.2901649505678363,0.20002926705688162,0.6079284992927514,1.0,134.0,1.0,1.0,1.0
2d,train__c36__user3__6-1-1,36,Walk,user3,6-1-1,19,-2,0.24019607843137256,0.10982441497371936,0.9183673469387755,0.6106840172222607,0.05764023634827583,0.7695130681078106,1.0,134.0,1.0,1.0,1.0
25d,train__c36__user3__6-1-1,36,Walk,user3,6-1-1,19,-2,0.18137254901960784,0.2643080217138446,0.7567567567567568,0.6970068881823984,0.1393134809821411,0.6895026710100776,1.0,134.0,1.0,1.0,1.0
2d,train__c36__user3__6-1-2,36,Walk,user3,6-1-2,20,-1,0.14912280701754385,0.1265702285116812,0.9117647058823529,0.9034604749612704,0.08936945507592735,0.7884316255638701,2.0,134.0,0.0,1.0,0.5
25d,train__c36__user3__6-1-2,36,Walk,user3,6-1-2,20,1,0.12719298245614036,0.32402317789887636,0.5862068965517241,0.8975801284955155,,0.5998911041986138,,,,,
2d,train__c36__user3__6-1-3,36,Walk,user3,6-1-3,13,-1,0.10416666666666667,0.10608835856254423,0.9333333333333333,,,0.69875,,,,,
25d,train__c36__user3__6-1-3,36,Walk,user3,6-1-3,13,0,0.14102564102564102,0.19517233164265696,0.6818181818181818,0.6808258657689626,,0.6321851506794602,,,,,
2d,train__c36__user3__7-1-1,36,Walk,user3,7-1-1,24,0,0.8888888888888888,0.1799060733109659,0.77734375,0.33087972646436176,0.17181571065209056,0.7374021023342319,1.0,134.0,1.0,1.0,1.0
25d,train__c36__user3__7-1-1,36,Walk,user3,7-1-1,24,0,0.8854166666666666,0.36229057516602814,0.49019607843137253,0.19750578080679645,0.08077216775024948,0.5589580004658699,3.0,134.0,0.0,1.0,0.3333333333333333
2d,train__c36__user3__7-1-2,36,Walk,user3,7-1-2,28,0,0.9464285714285714,0.16129825234524692,0.8333333333333334,0.3756970125080819,0.5645288941016582,0.8078855587846231,1.0,134.0,1.0,1.0,1.0
25d,train__c36__user3__7-1-2,36,Walk,user3,7-1-2,28,1,0.9012345679012346,0.3806770531727778,0.4828767123287671,0.17702321750869215,0.16463730313640876,0.5607557680570452,1.0,134.0,1.0,1.0,1.0
2d,train__c36__user3__7-1-3,36,Walk,user3,7-1-3,19,0,0.8947368421052632,0.18939729831105995,0.7647058823529411,0.6625282970760681,0.4218851570413495,0.7829561359903521,1.0,134.0,1.0,1.0,1.0
25d,train__c36__user3__7-1-3,36,Walk,user3,7-1-3,19,0,0.8771929824561403,0.40427358854562084,0.445,0.2404927167905536,0.13324899069508978,0.5415122442268011,2.0,134.0,0.0,1.0,0.5
2d,train__c37__user3__2-2-1,37,Take_medicine,user3,2-2-1,54,0,0.6496913580246914,0.1340358123001191,0.9358669833729216,0.5002773023001891,0.42245130002175246,0.8364075543892263,1.0,134.0,1.0,1.0,1.0
25d,train__c37__user3__2-2-1,37,Take_medicine,user3,2-2-1,54,0,0.6435185185185185,0.27306901684576224,0.5947242206235012,0.4319184085284317,0.30878786259400937,0.6328011037421714,1.0,134.0,1.0,1.0,1.0
2d,train__c37__user3__2-2-2,37,Take_medicine,user3,2-2-2,13,1,0.6666666666666666,0.17225702832576748,0.8541666666666666,0.7250400148848586,0.1755200727279081,0.7971263402764124,1.0,134.0,1.0,1.0,1.0
25d,train__c37__user3__2-2-2,37,Take_medicine,user3,2-2-2,13,2,0.6666666666666666,0.2949058294656151,0.5454545454545454,0.6056734572823727,0.17685902527395886,0.6154984392904508,1.0,134.0,1.0,1.0,1.0
2d,train__c37__user3__2-2-3,37,Take_medicine,user3,2-2-3,14,1,0.6987179487179487,0.16203667268989422,0.7798165137614679,0.9882807198931035,0.48555361737807495,0.8090154707332683,1.0,134.0,1.0,1.0,1.0
25d,train__c37__user3__2-2-3,37,Take_medicine,user3,2-2-3,14,1,0.6987179487179487,0.36094168656775677,0.43119266055045874,0.8055780346598402,0.42679742171771884,0.5945953682693601,2.0,134.0,0.0,1.0,0.5
2d,train__c37__user3__7-1-1,37,Take_medicine,user3,7-1-1,10,1,1.0,0.16333489057550676,0.7685185185185185,0.8596933990558288,0.393507414996683,0.8131675812155194,2.0,134.0,0.0,1.0,0.5
25d,train__c37__user3__7-1-1,37,Take_medicine,user3,7-1-1,10,-1,0.9722222222222222,0.7011845496977298,0.19047619047619047,0.7505493778914308,0.2527643283794713,0.47099638940173044,2.0,134.0,0.0,1.0,0.5
2d,train__c37__user3__7-1-2,37,Take_medicine,user3,7-1-2,12,-1,1.0,0.1424270831990089,0.8409090909090909,0.7254520811526205,0.5414036973250252,0.850650485414639,1.0,134.0,1.0,1.0,1.0
25d,train__c37__user3__7-1-2,37,Take_medicine,user3,7-1-2,12,-2,1.0,0.614592270503692,0.225,0.3786307876183948,0.2811363085810104,0.4576983019054153,3.0,134.0,0.0,1.0,0.3333333333333333
2d,train__c37__user3__7-1-3,37,Take_medicine,user3,7-1-3,9,0,0.9629629629629629,0.24304178754882438,0.7596153846153846,0.5029290311665433,0.5569345385428939,0.7811477513421293,5.0,134.0,0.0,1.0,0.2
25d,train__c37__user3__7-1-3,37,Take_medicine,user3,7-1-3,9,0,0.9629629629629629,0.503575954393891,0.19230769230769232,0.3118782948716906,0.29771613040713807,0.4305820663332315,8.0,134.0,0.0,0.0,0.125
2d,train__c38__user3__2-2-1,38,Massage_oneself,user3,2-2-1,33,0,0.5959595959595959,0.1570823441764543,0.8135593220338984,0.9728618766075483,0.2540793511933481,0.7983957257148595,3.0,134.0,0.0,1.0,0.3333333333333333
25d,train__c38__user3__2-2-1,38,Massage_oneself,user3,2-2-1,33,0,0.5959595959595959,0.3571765358632247,0.4152542372881356,0.9604235645776144,0.22158572394344578,0.5756470758579542,22.0,134.0,0.0,0.0,0.045454545454545456
2d,train__c38__user3__2-2-2,38,Massage_oneself,user3,2-2-2,22,0,0.6666666666666666,0.15835696537498556,0.8238636363636364,-0.07204642731059788,0.19162331279841915,0.7019587723954883,5.0,134.0,0.0,1.0,0.2
25d,train__c38__user3__2-2-2,38,Massage_oneself,user3,2-2-2,22,1,0.6587301587301587,0.32750470682742805,0.5240963855421686,0.364747197131893,0.007996035928184646,0.5662004503290118,5.0,134.0,0.0,1.0,0.2
2d,train__c38__user3__2-2-3,38,Massage_oneself,user3,2-2-3,23,-1,0.6401515151515151,0.13618518207838803,0.9349112426035503,0.7823118363829827,0.2055946986768568,0.8468671209861668,2.0,134.0,0.0,1.0,0.5
25d,train__c38__user3__2-2-3,38,Massage_oneself,user3,2-2-3,23,0,0.6413043478260869,0.2061539788343947,0.7570621468926554,0.44736749722860736,0.18943608105768683,0.7144590713757565,5.0,134.0,0.0,1.0,0.2
2d,train__c38__user3__7-1-1,38,Massage_oneself,user3,7-1-1,42,-1,0.7723577235772358,0.21364044178109248,0.6394736842105263,0.7078952816884114,0.36738809926639304,0.7022899342873338,4.0,134.0,0.0,1.0,0.25
25d,train__c38__user3__7-1-1,38,Massage_oneself,user3,7-1-1,42,2,0.7625,0.6613593463448936,0.09016393442622951,0.6861485630407892,0.35480668619867994,0.3960655217034062,22.0,134.0,0.0,0.0,0.045454545454545456
2d,train__c38__user3__7-1-2,38,Massage_oneself,user3,7-1-2,29,0,0.8333333333333334,0.22963472141569613,0.6793103448275862,0.06096371945990984,0.091783580901444,0.6449341635021051,16.0,134.0,0.0,0.0,0.0625
25d,train__c38__user3__7-1-2,38,Massage_oneself,user3,7-1-2,29,-2,0.8179012345679012,0.6370951234439345,0.1660377358490566,0.35767244988927094,-0.07963210295565391,0.37790571544102425,35.0,134.0,0.0,0.0,0.02857142857142857
2d,train__c38__user3__7-1-3,38,Massage_oneself,user3,7-1-3,25,0,0.8633333333333333,0.2501184200140017,0.7104247104247104,0.6488176452078588,0.1512707787545596,0.728293996994302,16.0,134.0,0.0,0.0,0.0625
25d,train__c38__user3__7-1-3,38,Massage_oneself,user3,7-1-3,25,0,0.8633333333333333,0.5485916903336753,0.138996138996139,0.3725337583209636,0.1288278853518152,0.3846966770146923,13.0,134.0,0.0,0.0,0.07692307692307693
2d,train__c39__user3__2-2-2,39,Take_body_temperature,user3,2-2-2,14,0,0.6666666666666666,0.10492181276807203,0.9017857142857143,0.8311894957618858,0.4673683343361837,0.8558203841752119,1.0,134.0,1.0,1.0,1.0
25d,train__c39__user3__2-2-2,39,Take_body_temperature,user3,2-2-2,14,0,0.6666666666666666,0.23466912709822202,0.6071428571428571,0.789320098501257,0.04751603118101626,0.6580909502839399,1.0,134.0,1.0,1.0,1.0
2d,train__c39__user3__2-2-3,39,Take_body_temperature,user3,2-2-3,31,0,0.6801075268817204,0.10254465133113018,0.9169960474308301,0.8383923650372966,0.5998609694941142,0.8761873879909169,1.0,134.0,1.0,1.0,1.0
25d,train__c39__user3__2-2-3,39,Take_body_temperature,user3,2-2-3,31,0,0.6774193548387096,0.24959200627024683,0.7222222222222222,0.7587962252735405,0.2993930516716137,0.7382982591088184,1.0,134.0,1.0,1.0,1.0
2d,train__c00__user5__1-1-1,0,Wash_face,user5,1-1-1,40,1,0.8568376068376068,0.24639043078084574,0.600997506234414,0.7066056709038525,0.256836286778564,0.681155677711466,1.0,99.0,1.0,1.0,1.0
25d,train__c00__user5__1-1-1,0,Wash_face,user5,1-1-1,40,0,0.85625,0.6161544456316846,0.46472019464720193,0.6756067854190547,0.1944307429879052,0.5983640913219594,1.0,99.0,1.0,1.0,1.0
2d,train__c00__user5__1-1-2,0,Wash_face,user5,1-1-2,38,0,0.8421052631578947,0.3175889034604202,0.5208333333333334,0.7137668032238292,0.1657864231306042,0.6294795217063012,3.0,99.0,0.0,1.0,0.3333333333333333
25d,train__c00__user5__1-1-2,0,Wash_face,user5,1-1-2,38,-2,0.8425925925925926,0.8100043779419986,0.4340659340659341,0.8032615516613562,0.1106849070737638,0.5866230461921909,1.0,99.0,1.0,1.0,1.0
2d,train__c00__user5__1-1-3,0,Wash_face,user5,1-1-3,30,0,0.8638888888888889,0.27075567466805284,0.5401929260450161,0.8439143634855396,0.1800927590958894,0.6563933914943936,1.0,99.0,1.0,1.0,1.0
25d,train__c00__user5__1-1-3,0,Wash_face,user5,1-1-3,30,0,0.8638888888888889,0.8321476909366788,0.4405144694533762,0.696076517417643,0.20492358444660022,0.5886487676635053,1.0,99.0,1.0,1.0,1.0
2d,train__c02__user5__1-1-1,2,Comb_hair,user5,1-1-1,66,-1,0.8846153846153846,0.206220188428322,0.6956521739130435,0.9850007039831732,0.17706979456933591,0.7578505391047299,1.0,99.0,1.0,1.0,1.0
25d,train__c02__user5__1-1-1,2,Comb_hair,user5,1-1-1,66,0,0.88510101010101,0.3976683135417479,0.5249643366619116,0.9311283902290856,0.1634337241093694,0.6576108545052637,1.0,99.0,1.0,1.0,1.0
2d,train__c02__user5__1-1-2,2,Comb_hair,user5,1-1-2,79,0,0.8765822784810127,0.231138642568003,0.618531889290012,0.9779250460716216,0.2745249966974193,0.7212326463170765,1.0,99.0,1.0,1.0,1.0
25d,train__c02__user5__1-1-2,2,Comb_hair,user5,1-1-2,79,0,0.8765822784810127,0.45150235985199555,0.3862815884476534,0.65508540423098,0.04083681182056297,0.5436844028039509,1.0,99.0,1.0,1.0,1.0
2d,train__c02__user5__1-1-3,2,Comb_hair,user5,1-1-3,24,0,0.9791666666666666,0.2536083910887523,0.6134751773049646,0.9871612756929606,0.19212022764717618,0.7234531588272315,1.0,99.0,1.0,1.0,1.0
25d,train__c02__user5__1-1-3,2,Comb_hair,user5,1-1-3,24,-2,0.9772727272727273,0.4624990874897016,0.3875968992248062,0.8937641242044061,0.004559915648864969,0.5756239733950217,1.0,99.0,1.0,1.0,1.0
2d,train__c02__user5__7-1-1,2,Comb_hair,user5,7-1-1,70,0,0.9428571428571428,0.24056392243898267,0.6502525252525253,0.7390547797086042,0.22379136580033676,0.7176144335804889,2.0,99.0,0.0,1.0,0.5
25d,train__c02__user5__7-1-1,2,Comb_hair,user5,7-1-1,70,-1,0.9420289855072463,0.6591220650169234,0.37051282051282053,0.55655554075091,0.24756767321004447,0.5472080793986203,2.0,99.0,0.0,1.0,0.5
2d,train__c02__user5__7-1-2,2,Comb_hair,user5,7-1-2,62,-2,1.0,0.19290772497908065,0.7861111111111111,0.932328717503719,-0.04463294107266166,0.7972465122810334,1.0,99.0,1.0,1.0,1.0
25d,train__c02__user5__7-1-2,2,Comb_hair,user5,7-1-2,62,-1,0.9986338797814208,0.47778811146661654,0.4172366621067031,0.8507956655989544,0.05352010864868851,0.593437126845376,1.0,99.0,1.0,1.0,1.0
2d,train__c02__user5__7-1-3,2,Comb_hair,user5,7-1-3,59,0,1.0,0.2270417886248218,0.6002824858757062,0.8677983759460179,0.04719200885727504,0.695474605490536,1.0,99.0,1.0,1.0,1.0
25d,train__c02__user5__7-1-3,2,Comb_hair,user5,7-1-3,59,1,1.0,0.38137420970916003,0.3649425287356322,0.7728115508225669,0.15547925448959707,0.5646604899735742,2.0,99.0,0.0,1.0,0.5
2d,train__c06__user5__1-2-1,6,Drink_water,user5,1-2-1,26,0,0.7788461538461539,0.16794377072833191,0.8559670781893004,0.9930004770205061,0.41734882766874515,0.854267718165937,1.0,99.0,1.0,1.0,1.0
25d,train__c06__user5__1-2-1,6,Drink_water,user5,1-2-1,26,0,0.7788461538461539,0.2696346907303559,0.4773662551440329,0.994129073055908,0.2992448392443719,0.6372923259627521,2.0,99.0,0.0,1.0,0.5
2d,train__c06__user5__1-2-2,6,Drink_water,user5,1-2-2,28,-1,0.808641975308642,0.1605707602468012,0.8129770992366412,0.9939039821619531,0.21493532031990967,0.8185121493512053,1.0,99.0,1.0,1.0,1.0
25d,train__c06__user5__1-2-2,6,Drink_water,user5,1-2-2,28,-2,0.8076923076923077,0.2968186984088671,0.4801587301587302,0.9914843701979548,0.20603171624428268,0.6344573480946492,2.0,99.0,0.0,1.0,0.5
2d,train__c06__user5__1-2-3,6,Drink_water,user5,1-2-3,20,0,0.75,0.15857279556270434,0.8388888888888889,0.9854135634722903,0.5506021306813894,0.8512254050372221,2.0,99.0,0.0,1.0,0.5
25d,train__c06__user5__1-2-3,6,Drink_water,user5,1-2-3,20,0,0.7416666666666667,0.28407399100946396,0.3539325842696629,0.9699806495961779,0.6207149126154796,0.5873812714207601,5.0,99.0,0.0,1.0,0.2
2d,train__c06__user5__2-1-1,6,Drink_water,user5,2-1-1,75,0,0.7144444444444444,0.26067301223151074,0.46967340590979784,0.25907321425473506,0.25893846788112046,0.5500925242113909,4.0,99.0,0.0,1.0,0.25
25d,train__c06__user5__2-1-1,6,Drink_water,user5,2-1-1,75,1,0.6993243243243243,0.5342113581046494,0.27053140096618356,-0.22303128179719878,0.2088956664197083,0.3870887497655916,29.0,99.0,0.0,0.0,0.034482758620689655
2d,train__c06__user5__2-1-2,6,Drink_water,user5,2-1-2,61,-1,0.8527777777777777,0.2388129494891123,0.6254071661237784,0.4086063723805882,0.31554389228160207,0.6687781483050349,2.0,99.0,0.0,1.0,0.5
25d,train__c06__user5__2-1-2,6,Drink_water,user5,2-1-2,61,1,0.8069444444444445,0.5759280187549745,0.3476764199655766,0.2264583628044454,0.31773124796075886,0.493392155303013,10.0,99.0,0.0,0.0,0.1
2d,train__c06__user5__2-1-3,6,Drink_water,user5,2-1-3,47,0,0.7712765957446809,0.2517770357263073,0.6,0.6769673304466689,0.341546982714827,0.6754404163227471,1.0,99.0,1.0,1.0,1.0
25d,train__c06__user5__2-1-3,6,Drink_water,user5,2-1-3,47,0,0.75,0.5463353704856708,0.32860520094562645,0.4337980342433551,0.38820244567188816,0.5032278473698217,2.0,99.0,0.0,1.0,0.5
2d,train__c06__user5__3-2-1,6,Drink_water,user5,3-2-1,33,2,0.7580645161290323,0.38178484387212697,0.6524822695035462,0.7167082433059786,0.38771748343806145,0.7104213354283061,45.0,99.0,0.0,0.0,0.022222222222222223
25d,train__c06__user5__3-2-1,6,Drink_water,user5,3-2-1,33,2,0.7580645161290323,0.4585660086900544,0.48226950354609927,0.6357862583430313,0.22256798753488521,0.5963259034626773,42.0,99.0,0.0,0.0,0.023809523809523808
2d,train__c06__user5__3-2-2,6,Drink_water,user5,3-2-2,17,0,0.7990196078431373,0.27002479534669316,0.6319018404907976,0.9506372824846161,0.3127581262796622,0.7209685607736888,13.0,99.0,0.0,0.0,0.07692307692307693
25d,train__c06__user5__3-2-2,6,Drink_water,user5,3-2-2,17,0,0.7990196078431373,0.4234974954884498,0.4171779141104294,0.9204296148958453,0.2762268008644738,0.5971097850994701,26.0,99.0,0.0,0.0,0.038461538461538464
2d,train__c06__user5__3-2-3,6,Drink_water,user5,3-2-3,24,0,0.7013888888888888,0.1836733481249878,0.8564356435643564,0.8160782773092515,0.5090962714983884,0.8359685409425892,1.0,99.0,1.0,1.0,1.0
25d,train__c06__user5__3-2-3,6,Drink_water,user5,3-2-3,24,0,0.6979166666666666,0.2899739470803497,0.43781094527363185,0.7891731968950304,0.48925447684217693,0.6011990920198306,1.0,99.0,1.0,1.0,1.0
2d,train__c06__user5__6-2-1,6,Drink_water,user5,6-2-1,38,0,0.756578947368421,0.1789723657255014,0.7188405797101449,0.9862714203869772,0.38396504173492596,0.7734447337462391,13.0,99.0,0.0,0.0,0.07692307692307693
25d,train__c06__user5__6-2-1,6,Drink_water,user5,6-2-1,38,1,0.7117117117117117,0.30393561920391865,0.46835443037974683,0.9890988740509741,0.24880394177903073,0.6213362909185567,16.0,99.0,0.0,0.0,0.0625
2d,train__c06__user5__6-2-2,6,Drink_water,user5,6-2-2,71,1,0.7964285714285714,0.24767109354261213,0.7548579970104634,0.8110649154658605,0.4777656164942923,0.78675366828227,31.0,99.0,0.0,0.0,0.03225806451612903
25d,train__c06__user5__6-2-2,6,Drink_water,user5,6-2-2,71,1,0.7964285714285714,0.3387849022167818,0.4155455904334828,0.7607495229720034,0.2501939264426424,0.5780324286616713,37.0,99.0,0.0,0.0,0.02702702702702703
2d,train__c06__user5__6-2-3,6,Drink_water,user5,6-2-3,26,0,0.7916666666666666,0.15181139736015595,0.8461538461538461,0.9735275128499209,0.6497076231648513,0.865632105073638,1.0,99.0,1.0,1.0,1.0
25d,train__c06__user5__6-2-3,6,Drink_water,user5,6-2-3,26,1,0.7766666666666666,0.42802072268617075,0.44635193133047213,0.9341408592351061,0.0925340228311694,0.5985143665342747,2.0,99.0,0.0,1.0,0.5
2d,train__c06__user5__7-2-1,6,Drink_water,user5,7-2-1,53,1,0.7772435897435898,0.18625372650004632,0.8103092783505155,0.9718375842486406,0.2901788963267233,0.8173416377165108,3.0,99.0,0.0,1.0,0.3333333333333333
25d,train__c06__user5__7-2-1,6,Drink_water,user5,7-2-1,53,1,0.7756410256410257,0.41254556689426886,0.5392561983471075,0.9428634637777465,0.11397631237385317,0.6519895814608254,5.0,99.0,0.0,1.0,0.2
2d,train__c06__user5__7-2-2,6,Drink_water,user5,7-2-2,24,0,0.8298611111111112,0.1776007715260549,0.7656903765690377,0.9648468539495071,0.4086661120559964,0.8062504620232324,1.0,99.0,1.0,1.0,1.0
25d,train__c06__user5__7-2-2,6,Drink_water,user5,7-2-2,24,0,0.8298611111111112,0.5581557130933364,0.4686192468619247,0.83353695142569,0.35533807314748955,0.6257307475138004,14.0,99.0,0.0,0.0,0.07142857142857142
2d,train__c06__user5__7-2-3,6,Drink_water,user5,7-2-3,20,0,0.825,0.2760932870992501,0.6161616161616161,0.9099630317694776,0.2733639563996749,0.7078874887958123,5.0,99.0,0.0,1.0,0.2
25d,train__c06__user5__7-2-3,6,Drink_water,user5,7-2-3,20,0,0.825,0.5680212215268162,0.4494949494949495,0.8501884883747833,0.23613807371807627,0.6074514265885563,21.0,99.0,0.0,0.0,0.047619047619047616
2d,train__c07__user5__1-2-1,7,Eat_food,user5,1-2-1,25,0,0.8333333333333334,0.19441737066852086,0.728,0.9977281358895371,0.26153682107338805,0.7781214085027911,2.0,99.0,0.0,1.0,0.5
25d,train__c07__user5__1-2-1,7,Eat_food,user5,1-2-1,25,-1,0.8333333333333334,0.8345050048672381,0.5375,0.98479742137897,0.2690628257308802,0.6726177874010464,26.0,99.0,0.0,0.0,0.038461538461538464
2d,train__c07__user5__1-2-2,7,Eat_food,user5,1-2-2,54,0,0.808641975308642,0.2045845107264616,0.6564885496183206,0.9986314133082917,0.31246461394963554,0.7402308871979923,3.0,99.0,0.0,1.0,0.3333333333333333
25d,train__c07__user5__1-2-2,7,Eat_food,user5,1-2-2,54,0,0.7993827160493827,0.5160034986127009,0.5096525096525096,0.9973756103421484,0.24752139166830628,0.6535488173231564,13.0,99.0,0.0,0.0,0.07692307692307693
2d,train__c07__user5__1-2-3,7,Eat_food,user5,1-2-3,22,0,0.8333333333333334,0.18136127436675814,0.75,0.9928661497608642,0.5033554053185678,0.8078716037083123,1.0,99.0,1.0,1.0,1.0
25d,train__c07__user5__1-2-3,7,Eat_food,user5,1-2-3,22,0,0.8257575757575758,0.599529227141931,0.5137614678899083,0.9838854716947509,0.1527141914766339,0.6499866764454298,2.0,99.0,0.0,1.0,0.5
2d,train__c07__user5__2-1-1,7,Eat_food,user5,2-1-1,38,2,0.6851851851851852,0.24324297947734316,0.4966216216216216,0.7125856878933052,0.17137319821649044,0.6007719690659777,7.0,99.0,0.0,0.0,0.14285714285714285
25d,train__c07__user5__2-1-1,7,Eat_food,user5,2-1-1,38,0,0.6162280701754386,0.4267025182776399,0.24555160142348753,0.4115309866050998,0.3397167192112697,0.4383080404018172,24.0,99.0,0.0,0.0,0.041666666666666664
2d,train__c07__user5__2-1-2,7,Eat_food,user5,2-1-2,36,1,0.7357142857142858,0.25047577278861816,0.5307443365695793,0.3772705170204003,0.08800111916688308,0.5848079493242535,7.0,99.0,0.0,0.0,0.14285714285714285
25d,train__c07__user5__2-1-2,7,Eat_food,user5,2-1-2,36,1,0.7166666666666667,0.5188965507102357,0.26245847176079734,0.19835880171171782,0.18389331515819082,0.42464670494314133,15.0,99.0,0.0,0.0,0.06666666666666667
2d,train__c07__user5__2-1-3,7,Eat_food,user5,2-1-3,39,-1,0.5657894736842105,0.2786545115127607,0.4883720930232558,0.020957791578206087,0.3846588274699784,0.5311287897492807,3.0,99.0,0.0,1.0,0.3333333333333333
25d,train__c07__user5__2-1-3,7,Eat_food,user5,2-1-3,39,-1,0.5592105263157895,0.6329534296112839,0.17254901960784313,-0.21426392177221454,0.29685295020317626,0.32666059250390944,61.0,99.0,0.0,0.0,0.01639344262295082
2d,train__c07__user5__3-2-1,7,Eat_food,user5,3-2-1,42,0,0.7579365079365079,0.18322285669694868,0.725130890052356,0.9849323699198441,0.16565072217578775,0.7605326814776152,2.0,99.0,0.0,1.0,0.5
25d,train__c07__user5__3-2-1,7,Eat_food,user5,3-2-1,42,-1,0.7540650406504065,0.24118897603203132,0.5525606469002695,0.9900705072038867,0.11806558545707663,0.6621768294898583,2.0,99.0,0.0,1.0,0.5
2d,train__c07__user5__3-2-2,7,Eat_food,user5,3-2-2,55,0,0.7439393939393939,0.16309071865357677,0.7780040733197556,0.9906915435733763,0.3073668867889272,0.7994178505863122,3.0,99.0,0.0,1.0,0.3333333333333333
25d,train__c07__user5__3-2-2,7,Eat_food,user5,3-2-2,55,0,0.740909090909091,0.5545131636705954,0.6094069529652352,0.9765698676962689,0.2699979310175409,0.7021715648177309,6.0,99.0,0.0,0.0,0.16666666666666666
2d,train__c07__user5__3-2-3,7,Eat_food,user5,3-2-3,51,0,0.7369281045751634,0.15364047034571143,0.8869179600886918,0.9902018927525134,0.2530099630494799,0.8544936250102593,1.0,99.0,1.0,1.0,1.0
25d,train__c07__user5__3-2-3,7,Eat_food,user5,3-2-3,51,0,0.7369281045751634,0.2354671450104617,0.5388026607538803,0.9949065806780969,0.1354060706410421,0.6546803872380383,4.0,99.0,0.0,1.0,0.25
2d,train__c07__user5__6-2-1,7,Eat_food,user5,6-2-1,42,0,0.751984126984127,0.15671732194105187,0.7651715039577837,0.9819230786386434,0.5466087738306623,0.8102307057763576,1.0,99.0,1.0,1.0,1.0
25d,train__c07__user5__6-2-1,7,Eat_food,user5,6-2-1,42,0,0.751984126984127,0.2690147001952633,0.5145118733509235,0.9910405369279388,0.5035978270011859,0.6700538337593034,5.0,99.0,0.0,1.0,0.2
2d,train__c07__user5__6-2-2,7,Eat_food,user5,6-2-2,52,0,0.7243589743589743,0.10853399351776202,0.9203539823008849,0.9932808267475945,0.38626916768212066,0.8819288579523027,1.0,99.0,1.0,1.0,1.0
25d,train__c07__user5__6-2-2,7,Eat_food,user5,6-2-2,52,0,0.7227564102564102,0.5015465674975017,0.5831485587583148,0.9887571619759549,0.26168485506432404,0.686509428670134,12.0,99.0,0.0,0.0,0.08333333333333333
2d,train__c07__user5__6-2-3,7,Eat_food,user5,6-2-3,34,-1,0.8005050505050505,0.11580009531032741,0.8832807570977917,0.9940798042639652,0.397918079597393,0.8701067578504916,1.0,99.0,1.0,1.0,1.0
25d,train__c07__user5__6-2-3,7,Eat_food,user5,6-2-3,34,0,0.7916666666666666,0.20943474128704487,0.6408668730650154,0.9590424090737661,0.18459292004459704,0.7163921567631466,2.0,99.0,0.0,1.0,0.5
2d,train__c09__user5__1-2-1,9,Pour_drinks,user5,1-2-1,55,0,0.7272727272727273,0.15323753553519714,0.825,0.8599530702839365,0.36668014080427946,0.8149735903159874,1.0,99.0,1.0,1.0,1.0
25d,train__c09__user5__1-2-1,9,Pour_drinks,user5,1-2-1,55,0,0.7257575757575757,0.535146553686697,0.48643006263048016,0.7642298714959823,0.3538109002358508,0.6180710966898089,5.0,99.0,0.0,1.0,0.2
2d,train__c09__user5__1-2-2,9,Pour_drinks,user5,1-2-2,30,0,0.7305555555555555,0.2285430716074007,0.7186311787072244,0.9847230442360912,0.5427760485091854,0.7824832119063271,21.0,99.0,0.0,0.0,0.047619047619047616
25d,train__c09__user5__1-2-2,9,Pour_drinks,user5,1-2-2,30,0,0.7277777777777777,0.4488639340397667,0.4541984732824427,0.9862707997526489,0.479628201477431,0.6321861331691936,28.0,99.0,0.0,0.0,0.03571428571428571
2d,train__c09__user5__1-2-3,9,Pour_drinks,user5,1-2-3,24,0,0.6909722222222222,0.140376933635463,0.864321608040201,0.9263450454504724,0.40831370493322156,0.8427321390593717,1.0,99.0,1.0,1.0,1.0
25d,train__c09__user5__1-2-3,9,Pour_drinks,user5,1-2-3,24,0,0.6909722222222222,0.3318173518110664,0.4221105527638191,0.830090014939077,0.2941276488341718,0.5813266013987933,1.0,99.0,1.0,1.0,1.0
2d,train__c09__user5__3-2-1,9,Pour_drinks,user5,3-2-1,40,0,0.7020833333333333,0.12991079312324363,0.884272997032641,0.9499120382819348,0.3777475476608399,0.8548807516040423,1.0,99.0,1.0,1.0,1.0
25d,train__c09__user5__3-2-1,9,Pour_drinks,user5,3-2-1,40,1,0.7008547008547008,0.6301400422577358,0.524390243902439,0.8689760630996131,0.3245947993416411,0.644742320492396,2.0,99.0,0.0,1.0,0.5
2d,train__c09__user5__3-2-2,9,Pour_drinks,user5,3-2-2,23,0,0.6739130434782609,0.1713161700132706,0.8279569892473119,0.8101319330833661,0.4724269672873475,0.8142128642887354,3.0,99.0,0.0,1.0,0.3333333333333333
25d,train__c09__user5__3-2-2,9,Pour_drinks,user5,3-2-2,23,0,0.6739130434782609,0.61466951918349,0.521505376344086,0.7098118819775252,0.3438994195580688,0.6259929060016811,1.0,99.0,1.0,1.0,1.0
2d,train__c09__user5__3-2-3,9,Pour_drinks,user5,3-2-3,28,0,0.7321428571428571,0.19066016323789117,0.7439024390243902,0.8663687668741791,0.2966590243208967,0.7662469306891855,5.0,99.0,0.0,1.0,0.2
25d,train__c09__user5__3-2-3,9,Pour_drinks,user5,3-2-3,28,0,0.7291666666666666,0.5939092943676814,0.4775510204081633,0.8023817906314862,0.18392641453503952,0.6046023880444331,2.0,99.0,0.0,1.0,0.5
2d,train__c09__user5__4-2-1,9,Pour_drinks,user5,4-2-1,43,0,0.6763565891472868,0.19830629231243382,0.7994269340974212,0.8646629283323846,0.37294698040030183,0.7967577890315715,7.0,99.0,0.0,0.0,0.14285714285714285
25d,train__c09__user5__4-2-1,9,Pour_drinks,user5,4-2-1,43,2,0.6727642276422764,0.48401908139995187,0.5287009063444109,0.9253850940581275,0.3626041875686133,0.6527957447271124,7.0,99.0,0.0,0.0,0.14285714285714285
2d,train__c09__user5__4-2-2,9,Pour_drinks,user5,4-2-2,31,1,0.7222222222222222,0.1407053689617848,0.8730769230769231,0.8891013947210908,0.5727728378066602,0.8592826322221386,1.0,99.0,1.0,1.0,1.0
25d,train__c09__user5__4-2-2,9,Pour_drinks,user5,4-2-2,31,1,0.7222222222222222,0.43715591004484333,0.5884615384615385,0.8224887155676174,0.3898960608092364,0.6823671444935229,1.0,99.0,1.0,1.0,1.0
2d,train__c09__user5__4-2-3,9,Pour_drinks,user5,4-2-3,30,0,0.7194444444444444,0.1559652128840439,0.803088803088803,0.7803306035717598,0.24447995025316976,0.7850123427694499,2.0,99.0,0.0,1.0,0.5
25d,train__c09__user5__4-2-3,9,Pour_drinks,user5,4-2-3,30,1,0.7097701149425287,0.5302880640276213,0.46153846153846156,0.8747301233553774,0.2572601708170621,0.6065906904872241,3.0,99.0,0.0,1.0,0.3333333333333333
2d,train__c09__user5__7-2-1,9,Pour_drinks,user5,7-2-1,35,1,0.7549019607843137,0.17238429302613564,0.7564935064935064,0.927811742415746,0.3327159952510783,0.7842964985352654,1.0,99.0,1.0,1.0,1.0
25d,train__c09__user5__7-2-1,9,Pour_drinks,user5,7-2-1,35,2,0.7525252525252525,0.4167467532760481,0.5335570469798657,0.9331055302287036,0.21071508391159435,0.6528230854076914,1.0,99.0,1.0,1.0,1.0
2d,train__c09__user5__7-2-2,9,Pour_drinks,user5,7-2-2,20,0,0.7166666666666667,0.1657409344929038,0.8430232558139535,0.8356293725988899,0.1475216450145274,0.8049565180003198,1.0,99.0,1.0,1.0,1.0
25d,train__c09__user5__7-2-2,9,Pour_drinks,user5,7-2-2,20,0,0.7166666666666667,0.6077235623047387,0.45348837209302323,0.8960861508911211,0.1741864136648464,0.598757867431805,2.0,99.0,0.0,1.0,0.5
2d,train__c09__user5__7-2-3,9,Pour_drinks,user5,7-2-3,13,0,0.7564102564102564,0.18618972571671605,0.8135593220338984,0.7859987842303183,0.3457351929853474,0.8026286706566026,2.0,99.0,0.0,1.0,0.5
25d,train__c09__user5__7-2-3,9,Pour_drinks,user5,7-2-3,13,-1,0.7291666666666666,0.5363232891696321,0.4,0.7949485933518112,0.3954742158065341,0.5770720921873378,2.0,99.0,0.0,1.0,0.5
2d,train__c10__user5__1-2-1,10,Stir_drinks,user5,1-2-1,32,1,0.6989247311827957,0.11796141763450385,0.9846153846153847,0.9526087311631041,0.24802538546319275,0.9002937116827912,1.0,99.0,1.0,1.0,1.0
25d,train__c10__user5__1-2-1,10,Stir_drinks,user5,1-2-1,32,0,0.6901041666666666,0.3932851554123443,0.5584905660377358,0.872533282168548,0.006749512005438151,0.638939769604684,2.0,99.0,0.0,1.0,0.5
2d,train__c10__user5__1-2-2,10,Stir_drinks,user5,1-2-2,30,-1,0.7212643678160919,0.12050464983211595,0.9243027888446215,0.9852720454273755,0.34042505353526725,0.8795520542040337,1.0,99.0,1.0,1.0,1.0
25d,train__c10__user5__1-2-2,10,Stir_drinks,user5,1-2-2,30,-1,0.7212643678160919,0.3095984498648315,0.5896414342629482,0.9877227482110639,0.26869404992515417,0.6903535541917238,2.0,99.0,0.0,1.0,0.5
2d,train__c10__user5__4-2-2,10,Stir_drinks,user5,4-2-2,33,0,0.6818181818181818,0.1278240481595259,0.9111111111111111,0.9328296427967782,0.24985057670874966,0.8563146868257634,3.0,99.0,0.0,1.0,0.3333333333333333
25d,train__c10__user5__4-2-2,10,Stir_drinks,user5,4-2-2,33,1,0.6796875,0.4018363512303359,0.5632183908045977,0.761182641771982,0.1853360171961625,0.6427573304094392,1.0,99.0,1.0,1.0,1.0
2d,train__c10__user5__4-2-3,10,Stir_drinks,user5,4-2-3,36,0,0.8055555555555556,0.18437560747995974,0.7787356321839081,0.9842522403848643,0.2107151589920598,0.798089014219596,1.0,99.0,1.0,1.0,1.0
25d,train__c10__user5__4-2-3,10,Stir_drinks,user5,4-2-3,36,0,0.8055555555555556,0.4433144506177536,0.4425287356321839,0.9900180829353846,0.2203022401508246,0.6144708364581071,1.0,99.0,1.0,1.0,1.0
2d,train__c11__user5__1-2-1,11,Peel_fruits,user5,1-2-1,101,0,0.8143564356435643,0.19907923505888217,0.6524822695035462,0.9957710793231858,0.18849411870994745,0.7290150586268715,1.0,99.0,1.0,1.0,1.0
25d,train__c11__user5__1-2-1,11,Peel_fruits,user5,1-2-1,101,0,0.8044554455445545,0.34983430759451284,0.5005128205128205,0.9960040784224706,0.20934528449746503,0.6460289000160637,6.0,99.0,0.0,0.0,0.16666666666666666
2d,train__c11__user5__1-2-2,11,Peel_fruits,user5,1-2-2,51,1,0.785,0.18832480272361882,0.6963906581740976,0.9856978217189448,0.37294399211610324,0.763055443576356,4.0,99.0,0.0,1.0,0.25
25d,train__c11__user5__1-2-2,11,Peel_fruits,user5,1-2-2,51,0,0.7826797385620915,0.6194264977198952,0.5532359081419624,0.989889532356178,0.23571037405444756,0.67421495462399,14.0,99.0,0.0,0.0,0.07142857142857142
2d,train__c11__user5__1-2-3,11,Peel_fruits,user5,1-2-3,36,1,0.8071428571428572,0.17955678448988566,0.7492625368731564,0.9850787363864619,0.42479111771322103,0.7981758884616594,1.0,99.0,1.0,1.0,1.0
25d,train__c11__user5__1-2-3,11,Peel_fruits,user5,1-2-3,36,0,0.8078703703703703,0.42927148380250973,0.5386819484240688,0.9684065103595445,0.3685849031930183,0.6765466274457058,1.0,99.0,1.0,1.0,1.0
2d,train__c11__user5__2-1-1,11,Peel_fruits,user5,2-1-1,82,1,0.7026748971193416,0.26778428282265176,0.4992679355783309,0.6146038098921286,0.1130020926539233,0.5898003922182733,11.0,99.0,0.0,0.0,0.09090909090909091
25d,train__c11__user5__2-1-1,11,Peel_fruits,user5,2-1-1,82,0,0.6351626016260162,0.4084512687096503,0.2816,0.06366799824630864,0.2593765813580601,0.419216303589087,6.0,99.0,0.0,0.0,0.16666666666666666
2d,train__c11__user5__2-1-2,11,Peel_fruits,user5,2-1-2,79,1,0.7126068376068376,0.27712666030275673,0.4587706146926537,0.23428160105186838,0.18538146882087203,0.5359162921083955,17.0,99.0,0.0,0.0,0.058823529411764705
25d,train__c11__user5__2-1-2,11,Peel_fruits,user5,2-1-2,79,-1,0.6858974358974359,0.39338890223515155,0.32242990654205606,0.2835908965265411,0.13456295252002415,0.4593775032795304,34.0,99.0,0.0,0.0,0.029411764705882353
2d,train__c11__user5__2-1-3,11,Peel_fruits,user5,2-1-3,30,0,0.5444444444444444,0.30406714583996275,0.3826530612244898,0.3087534101322459,0.09904744046528755,0.47820752716603504,9.0,99.0,0.0,0.0,0.1111111111111111
25d,train__c11__user5__2-1-3,11,Peel_fruits,user5,2-1-3,30,-2,0.5148809523809523,0.6026160386816799,0.06358381502890173,0.1915480198149273,0.015719028226136623,0.28179292260244415,39.0,99.0,0.0,0.0,0.02564102564102564
2d,train__c11__user5__3-2-1,11,Peel_fruits,user5,3-2-1,71,0,0.7488262910798122,0.16833515246901434,0.7445141065830722,0.9783117200294024,0.36677316733313564,0.7847045472815963,8.0,99.0,0.0,0.0,0.125
25d,train__c11__user5__3-2-1,11,Peel_fruits,user5,3-2-1,71,0,0.744131455399061,0.2684460455946652,0.5220820189274448,0.9865137515520386,0.28803132119423375,0.6568119801947722,10.0,99.0,0.0,0.0,0.1
2d,train__c11__user5__3-2-2,11,Peel_fruits,user5,3-2-2,28,0,0.7529761904761905,0.15457136668895688,0.7786561264822134,0.9903435263889335,0.31071329771270206,0.8008963385801826,12.0,99.0,0.0,0.0,0.08333333333333333
25d,train__c11__user5__3-2-2,11,Peel_fruits,user5,3-2-2,28,0,0.7440476190476191,0.29993625608389096,0.516,0.9806868602124712,0.37099320754202186,0.6590979384916608,10.0,99.0,0.0,0.0,0.1
2d,train__c11__user5__3-2-3,11,Peel_fruits,user5,3-2-3,29,0,0.7270114942528736,0.1670706983721574,0.8260869565217391,0.990321710412881,0.30526591052998625,0.8239760898432811,1.0,99.0,1.0,1.0,1.0
25d,train__c11__user5__3-2-3,11,Peel_fruits,user5,3-2-3,29,0,0.7212643678160919,0.38594149995419924,0.5338645418326693,0.9905659810155891,0.22587830323572503,0.6567494056338157,5.0,99.0,0.0,1.0,0.2
2d,train__c11__user5__6-2-1,11,Peel_fruits,user5,6-2-1,55,0,0.7212121212121212,0.16257042668532592,0.7794117647058824,0.9825138850175474,0.2741797926900164,0.7946125556629534,9.0,99.0,0.0,0.0,0.1111111111111111
25d,train__c11__user5__6-2-1,11,Peel_fruits,user5,6-2-1,55,0,0.7212121212121212,0.36560027416502905,0.47478991596638653,0.985045673564721,0.2458956198344246,0.6252024047467787,8.0,99.0,0.0,0.0,0.125
2d,train__c11__user5__6-2-2,11,Peel_fruits,user5,6-2-2,54,-1,0.710691823899371,0.12738063414743503,0.8982300884955752,0.9651773342109754,0.23392474535668573,0.8541578203853526,2.0,99.0,0.0,1.0,0.5
25d,train__c11__user5__6-2-2,11,Peel_fruits,user5,6-2-2,54,0,0.7098765432098766,0.25007726981197886,0.5608695652173913,0.9793738572102295,0.17526038539740807,0.6655478298163815,7.0,99.0,0.0,0.0,0.14285714285714285
2d,train__c11__user5__6-2-3,11,Peel_fruits,user5,6-2-3,23,0,0.8297101449275363,0.09471587536291416,0.9519650655021834,0.9960958144595271,0.502162522111971,0.918823571123305,1.0,99.0,1.0,1.0,1.0
25d,train__c11__user5__6-2-3,11,Peel_fruits,user5,6-2-3,23,0,0.8297101449275363,0.25703954645102295,0.6026200873362445,0.978414747261816,0.20668357066465265,0.7027548050537187,1.0,99.0,1.0,1.0,1.0
2d,train__c12__user5__3-1-1,12,Sweep_the_floor,user5,3-1-1,161,0,0.9927536231884058,0.19071186526390532,0.7398331595411888,0.8562557445427694,0.4645318886692216,0.801649066170963,1.0,99.0,1.0,1.0,1.0
25d,train__c12__user5__3-1-1,12,Sweep_the_floor,user5,3-1-1,161,0,0.9259834368530021,0.5932142672000422,0.2906651760760201,0.7423736451625828,0.12255972811968663,0.510893534652346,1.0,99.0,1.0,1.0,1.0
2d,train__c12__user5__3-1-2,12,Sweep_the_floor,user5,3-1-2,179,0,0.9897579143389199,0.19173777888724136,0.7507055503292568,0.7461756901466107,0.44586428145621954,0.7949212342388609,1.0,99.0,1.0,1.0,1.0
25d,train__c12__user5__3-1-2,12,Sweep_the_floor,user5,3-1-2,179,0,0.9497206703910615,0.690153025560289,0.27009803921568626,0.5802992311245502,0.0917722176014452,0.48343882804029703,1.0,99.0,1.0,1.0,1.0
2d,train__c12__user5__3-1-3,12,Sweep_the_floor,user5,3-1-3,99,0,0.9966329966329966,0.21470587603212773,0.6756756756756757,0.7971325384538283,0.5019146403827094,0.7636417731590073,1.0,99.0,1.0,1.0,1.0
25d,train__c12__user5__3-1-3,12,Sweep_the_floor,user5,3-1-3,99,0,0.9781144781144782,0.6737847977851057,0.31153184165232356,0.6045369288323372,0.21644574777678513,0.5208410846867184,2.0,99.0,0.0,1.0,0.5
2d,train__c13__user5__5-1-1,13,Mop_the_floor,user5,5-1-1,65,0,0.7769230769230769,0.26968821252777675,0.5478547854785478,0.2470530373613224,0.12665931755805052,0.5882171922584951,1.0,99.0,1.0,1.0,1.0
25d,train__c13__user5__5-1-1,13,Mop_the_floor,user5,5-1-1,65,1,0.77734375,0.8008598361112057,0.32663316582914576,0.3711361103226763,0.06199563310673778,0.4741458997213031,6.0,99.0,0.0,0.0,0.16666666666666666
2d,train__c13__user5__5-1-2,13,Mop_the_floor,user5,5-1-2,71,0,0.7488262910798122,0.22931824365350162,0.6410658307210031,0.4077352281839376,0.021641446525449977,0.6448654673123355,1.0,99.0,1.0,1.0,1.0
25d,train__c13__user5__5-1-2,13,Mop_the_floor,user5,5-1-2,71,-1,0.7452380952380953,0.7460017890743325,0.41214057507987223,0.23926167032519985,-0.0014491080745606677,0.5000186097446672,2.0,99.0,0.0,1.0,0.5
2d,train__c13__user5__5-1-3,13,Mop_the_floor,user5,5-1-3,36,0,0.7615740740740741,0.2264566489561799,0.6565349544072948,0.4544595926958587,0.18434389188822947,0.6715233834926226,1.0,99.0,1.0,1.0,1.0
25d,train__c13__user5__5-1-3,13,Mop_the_floor,user5,5-1-3,36,1,0.7642857142857142,0.7705394287588193,0.3925233644859813,0.45081119115648904,0.11367962637434623,0.5209235129895861,1.0,99.0,1.0,1.0,1.0
2d,train__c13__user5__7-2-1,13,Mop_the_floor,user5,7-2-1,70,-1,0.7814009661835749,0.24038841279291065,0.6027820710973725,0.6458022185448083,0.037004117615921275,0.6520257663975874,1.0,99.0,1.0,1.0,1.0
25d,train__c13__user5__7-2-1,13,Mop_the_floor,user5,7-2-1,70,-1,0.7814009661835749,0.6293469742166576,0.38330757341576505,0.6634454608434928,0.050512092122021936,0.5340922149905292,3.0,99.0,0.0,1.0,0.3333333333333333
2d,train__c13__user5__7-2-2,13,Mop_the_floor,user5,7-2-2,51,0,0.8055555555555556,0.2261305119127224,0.6227180527383367,0.6257642164340336,0.1138603442032877,0.6691664320202908,1.0,99.0,1.0,1.0,1.0
25d,train__c13__user5__7-2-2,13,Mop_the_floor,user5,7-2-2,51,1,0.8066666666666666,0.6670270654516381,0.3739669421487603,0.4977702782257797,0.2555084173033183,0.5302886439688117,1.0,99.0,1.0,1.0,1.0
2d,train__c13__user5__7-2-3,13,Mop_the_floor,user5,7-2-3,35,0,0.7428571428571429,0.23474069483948895,0.6025641025641025,0.21091491414305658,0.1645307709438997,0.6141272699310688,1.0,99.0,1.0,1.0,1.0
25d,train__c13__user5__7-2-3,13,Mop_the_floor,user5,7-2-3,35,0,0.7404761904761905,0.6713610180907951,0.4180064308681672,0.29266409296499285,0.013551006492716466,0.5092338908085641,1.0,99.0,1.0,1.0,1.0
2d,train__c15__user5__5-1-1,15,Wipe_windows_and_tables,user5,5-1-1,42,0,0.7142857142857143,0.44001355487280014,0.7611111111111111,-0.386980669172864,0.14512005665245253,0.63722561987133,78.0,99.0,0.0,0.0,0.01282051282051282
25d,train__c15__user5__5-1-1,15,Wipe_windows_and_tables,user5,5-1-1,42,2,0.70625,0.47516097909876814,0.6076696165191741,0.32196968206319276,0.13194273995356742,0.6219359627883827,78.0,99.0,0.0,0.0,0.01282051282051282
2d,train__c15__user5__5-1-2,15,Wipe_windows_and_tables,user5,5-1-2,70,1,0.7475845410628019,0.40558757602197415,0.6397415185783522,0.09130572451466895,0.22726641975323286,0.6277918432573333,55.0,99.0,0.0,0.0,0.01818181818181818
25d,train__c15__user5__5-1-2,15,Wipe_windows_and_tables,user5,5-1-2,70,1,0.7282608695652174,0.5025140987755141,0.49917081260364843,0.2187606927821557,0.14725452208751585,0.5552901923233077,65.0,99.0,0.0,0.0,0.015384615384615385
2d,train__c15__user5__5-1-3,15,Wipe_windows_and_tables,user5,5-1-3,34,-1,0.7626262626262627,0.38509744921823946,0.7086092715231788,0.09717199344982788,0.1646534163992176,0.6630639311752987,15.0,99.0,0.0,0.0,0.06666666666666667
25d,train__c15__user5__5-1-3,15,Wipe_windows_and_tables,user5,5-1-3,34,-1,0.7474747474747475,0.47080703670264656,0.527027027027027,0.4012210133393106,0.07820245677807354,0.5855996252046263,7.0,99.0,0.0,0.0,0.14285714285714285
2d,train__c17__user5__4-1-1,17,Tap_the_keyboard,user5,4-1-1,47,0,0.9237588652482269,0.24856405241446533,0.4894433781190019,-0.07907516260189927,0.35681986010624783,0.5554237177380525,1.0,99.0,1.0,1.0,1.0
25d,train__c17__user5__4-1-1,17,Tap_the_keyboard,user5,4-1-1,47,-1,0.9221014492753623,0.5583168597336797,0.275049115913556,-0.05517947335735857,0.19816403852400918,0.4278315142335569,5.0,99.0,0.0,1.0,0.2
2d,train__c17__user5__4-1-2,17,Tap_the_keyboard,user5,4-1-2,54,0,0.9567901234567902,0.310742368415873,0.5064516129032258,-0.41222186382832066,0.2839578808089025,0.5293020541202889,7.0,99.0,0.0,0.0,0.14285714285714285
25d,train__c17__user5__4-1-2,17,Tap_the_keyboard,user5,4-1-2,54,0,0.9567901234567902,0.6212240298667974,0.2838709677419355,-0.580752872584565,0.20415598471747312,0.38404445619909755,17.0,99.0,0.0,0.0,0.058823529411764705
2d,train__c17__user5__4-1-3,17,Tap_the_keyboard,user5,4-1-3,22,0,0.9734848484848485,0.313973697141431,0.41245136186770426,-0.04561929890145389,0.23919510775999112,0.5125744370675761,2.0,99.0,0.0,1.0,0.5
25d,train__c17__user5__4-1-3,17,Tap_the_keyboard,user5,4-1-3,22,0,0.9734848484848485,0.978743899307565,0.2490272373540856,-0.4427745836314339,0.2798053668812234,0.3860214095461803,39.0,99.0,0.0,0.0,0.02564102564102564
2d,train__c18__user5__4-3-1,18,Write,user5,4-3-1,12,-1,0.7575757575757576,0.259715680795724,0.44,0.5045798865482891,0.12076474349973869,0.5522729201748852,1.0,99.0,1.0,1.0,1.0
25d,train__c18__user5__4-3-1,18,Write,user5,4-3-1,12,0,0.75,0.38524752108675314,0.3333333333333333,0.5474131879737641,-0.026723689546650036,0.486070375414711,1.0,99.0,1.0,1.0,1.0
2d,train__c18__user5__4-3-3,18,Write,user5,4-3-3,18,-1,0.8627450980392157,0.27886856528539916,0.6647727272727273,0.6830421161788705,0.045761523706171564,0.6986358356997715,1.0,99.0,1.0,1.0,1.0
25d,train__c18__user5__4-3-3,18,Write,user5,4-3-3,18,1,0.8431372549019608,0.4633210347521098,0.28488372093023256,0.3624230191612648,0.2341345717917953,0.4698021668023351,2.0,99.0,0.0,1.0,0.5
2d,train__c19__user5__4-1-1,19,Make_a_phone_call,user5,4-1-1,61,0,0.9084699453551912,0.18519445875250407,0.7654135338345864,0.7342550842909985,0.2840142203294058,0.7815510130983471,1.0,99.0,1.0,1.0,1.0
25d,train__c19__user5__4-1-1,19,Make_a_phone_call,user5,4-1-1,61,0,0.9057377049180327,0.41385242114207377,0.4645550527903469,0.5552295551889954,0.2808225341508886,0.5976636951067102,1.0,99.0,1.0,1.0,1.0
2d,train__c19__user5__4-1-2,19,Make_a_phone_call,user5,4-1-2,89,-1,0.9119318181818182,0.23001488225563033,0.6853582554517134,0.3742254089551792,0.21193141717134523,0.696457619499993,1.0,99.0,1.0,1.0,1.0
25d,train__c19__user5__4-1-2,19,Make_a_phone_call,user5,4-1-2,89,-1,0.9119318181818182,0.43320972804122,0.35514018691588783,-0.05384451545194424,0.17699386233504547,0.46941037275185415,1.0,99.0,1.0,1.0,1.0
2d,train__c19__user5__4-1-3,19,Make_a_phone_call,user5,4-1-3,78,0,0.9294871794871795,0.2485915581747727,0.6022988505747127,0.33087385347666415,0.32216850005734066,0.6564631086167769,1.0,99.0,1.0,1.0,1.0
25d,train__c19__user5__4-1-3,19,Make_a_phone_call,user5,4-1-3,78,-1,0.9285714285714286,0.724131182042188,0.29603729603729606,0.06465341527886094,0.2970149027971064,0.4594191149153248,12.0,99.0,0.0,0.0,0.08333333333333333
2d,train__c20__user5__4-1-1,20,Check_the_time,user5,4-1-1,16,0,0.9739583333333334,0.2838880363780355,0.47593582887700536,0.30697008024616185,0.41662547600204264,0.5961044579404557,1.0,99.0,1.0,1.0,1.0
25d,train__c20__user5__4-1-1,20,Check_the_time,user5,4-1-1,16,-1,0.9777777777777777,0.6967934956620551,0.24431818181818182,-0.22047549117468432,0.34978156397705157,0.4113388459585882,4.0,99.0,0.0,1.0,0.25
2d,train__c20__user5__4-1-2,20,Check_the_time,user5,4-1-2,14,1,0.9871794871794872,0.31375881084550455,0.35714285714285715,0.19145233266013983,0.4753537511851973,0.5249432847514239,3.0,99.0,0.0,1.0,0.3333333333333333
25d,train__c20__user5__4-1-2,20,Check_the_time,user5,4-1-2,14,0,0.9821428571428571,0.5223103761358115,0.24242424242424243,-0.12952968699504944,0.3490194987084218,0.4197711127512458,4.0,99.0,0.0,1.0,0.25
2d,train__c20__user5__4-1-3,20,Check_the_time,user5,4-1-3,12,0,0.9791666666666666,0.32033406192393765,0.475177304964539,0.33347884833739133,0.3263395894451225,0.5920875384392865,1.0,99.0,1.0,1.0,1.0
25d,train__c20__user5__4-1-3,20,Check_the_time,user5,4-1-3,12,0,0.9791666666666666,0.8208187223210437,0.2127659574468085,-0.09252382007928729,0.26908570579077834,0.400866989188791,2.0,99.0,0.0,1.0,0.5
2d,train__c22__user5__2-1-1,22,Turn_pages,user5,2-1-1,52,-2,0.2683333333333333,0.31625959246022034,0.5093167701863354,0.5993007701332266,0.15039981532043784,0.5531676200981733,1.0,99.0,1.0,1.0,1.0
25d,train__c22__user5__2-1-1,22,Turn_pages,user5,2-1-1,52,-2,0.26666666666666666,0.5744755216342231,0.21875,0.5111888998375801,0.1054807573120847,0.38100911344883104,1.0,99.0,1.0,1.0,1.0
2d,train__c22__user5__2-1-2,22,Turn_pages,user5,2-1-2,36,0,0.7013888888888888,0.32135633946501746,0.36633663366336633,0.6100084961236757,0.16339974024284318,0.5198798675343211,44.0,99.0,0.0,0.0,0.022727272727272728
25d,train__c22__user5__2-1-2,22,Turn_pages,user5,2-1-2,36,2,0.6838235294117647,0.3566668253661962,0.3118279569892473,0.38617983304720005,0.14797729744516522,0.4646040098983698,48.0,99.0,0.0,0.0,0.020833333333333332
2d,train__c22__user5__2-1-3,22,Turn_pages,user5,2-1-3,44,0,0.6666666666666666,0.37432704676676465,0.4119318181818182,-0.27868549871087395,-0.02558142876371225,0.4384420096383009,39.0,99.0,0.0,0.0,0.02564102564102564
25d,train__c22__user5__2-1-3,22,Turn_pages,user5,2-1-3,44,0,0.6287878787878788,0.6128640747149043,0.2891566265060241,-0.20885468133979437,0.1320783414954506,0.3859353399352805,64.0,99.0,0.0,0.0,0.015625
2d,train__c34__user5__3-1-1,34,Sit_down,user5,3-1-1,23,0,0.7717391304347826,0.19220420101538474,0.6666666666666666,0.8752873836515976,0.2544906317104572,0.725456115453589,1.0,99.0,1.0,1.0,1.0
25d,train__c34__user5__3-1-1,34,Sit_down,user5,3-1-1,23,-1,0.7272727272727273,0.6960700454638915,0.359375,0.44538330378194185,-0.05096006669063107,0.4860998481036696,1.0,99.0,1.0,1.0,1.0
2d,train__c34__user5__3-1-2,34,Sit_down,user5,3-1-2,13,-1,0.8680555555555556,0.244989410527276,0.688,0.7089295886638303,0.32802204212942726,0.7357001675816457,1.0,99.0,1.0,1.0,1.0
25d,train__c34__user5__3-1-2,34,Sit_down,user5,3-1-2,13,0,0.8525641025641025,0.624631498594881,0.39849624060150374,0.4911891137521017,0.40827033742477536,0.5591685292693057,13.0,99.0,0.0,0.0,0.07692307692307693
2d,train__c34__user5__3-1-3,34,Sit_down,user5,3-1-3,10,0,0.85,0.3316439366647699,0.5098039215686274,0.6257280342327843,0.30931409810864696,0.626163517644172,5.0,99.0,0.0,1.0,0.2
25d,train__c34__user5__3-1-3,34,Sit_down,user5,3-1-3,10,0,0.85,0.9728272931698777,0.2647058823529412,0.18566742130304345,0.15653397693617999,0.4358950256946355,5.0,99.0,0.0,1.0,0.2
2d,train__c34__user5__7-1-1,34,Sit_down,user5,7-1-1,14,0,0.8571428571428571,0.21278311435671987,0.6666666666666666,0.5152817667987348,0.1855382447812671,0.692824497419421,1.0,99.0,1.0,1.0,1.0
25d,train__c34__user5__7-1-1,34,Sit_down,user5,7-1-1,14,0,0.8571428571428571,0.579496530488984,0.4166666666666667,0.1215245286391935,0.31838777104506627,0.5259124880732517,1.0,99.0,1.0,1.0,1.0
2d,train__c34__user5__7-1-2,34,Sit_down,user5,7-1-2,8,0,1.0,0.18861260048852602,0.8125,0.0572855649356895,0.2808618162697583,0.7486681927138008,1.0,99.0,1.0,1.0,1.0
25d,train__c34__user5__7-1-2,34,Sit_down,user5,7-1-2,8,0,1.0,0.46034410868329084,0.4791666666666667,0.11952870375826018,0.09309995253455945,0.5574770334825847,1.0,99.0,1.0,1.0,1.0
2d,train__c34__user5__7-1-3,34,Sit_down,user5,7-1-3,9,0,1.0,0.3237724655001606,0.5555555555555556,0.6235883576764746,0.1821227028310374,0.6565735940355308,2.0,99.0,0.0,1.0,0.5
25d,train__c34__user5__7-1-3,34,Sit_down,user5,7-1-3,9,0,1.0,0.6376262493715413,0.2777777777777778,0.423096820012224,0.0720477144052319,0.47549103835939255,1.0,99.0,1.0,1.0,1.0
2d,train__c35__user5__6-1-1,35,Do_lunges,user5,6-1-1,68,0,0.9901960784313726,0.12449804507667044,0.9232673267326733,0.6873954950727215,0.49274224670951167,0.8875118555565931,1.0,99.0,1.0,1.0,1.0
25d,train__c35__user5__6-1-1,35,Do_lunges,user5,6-1-1,68,1,0.9875621890547264,0.8428362587681846,0.47732997481108314,0.2969873154684304,0.14153692494824283,0.5766017059695296,1.0,99.0,1.0,1.0,1.0
2d,train__c35__user5__6-1-2,35,Do_lunges,user5,6-1-2,42,0,0.998015873015873,0.15258876311533287,0.8648111332007953,0.4243156673712172,0.47472922763922504,0.8284839693720883,1.0,99.0,1.0,1.0,1.0
25d,train__c35__user5__6-1-2,35,Do_lunges,user5,6-1-2,42,0,0.998015873015873,0.7365936740126986,0.37773359840954274,0.2608729027343985,0.24110789812737954,0.5267254490598292,1.0,99.0,1.0,1.0,1.0
2d,train__c35__user5__6-1-3,35,Do_lunges,user5,6-1-3,37,0,0.9932432432432432,0.11684578627912177,0.9297052154195011,0.6220368690275987,0.4430843092708128,0.8810972029031209,1.0,99.0,1.0,1.0,1.0
25d,train__c35__user5__6-1-3,35,Do_lunges,user5,6-1-3,37,-1,0.9884259259259259,0.8347077815261474,0.4332552693208431,0.2849502507503966,0.2587732514576186,0.5600360096534174,2.0,99.0,0.0,1.0,0.5
2d,train__c00__user6__1-1-1,0,Wash_face,user6,1-1-1,47,0,0.7216312056737588,0.18515349333213887,0.6732186732186732,0.4368907722348916,0.18182797265716608,0.6747595660104228,1.0,194.0,1.0,1.0,1.0
25d,train__c00__user6__1-1-1,0,Wash_face,user6,1-1-1,47,0,0.21631205673758866,0.4967978861706421,0.5819672131147541,0.6810300972854536,0.08636185000504834,0.5912933213657977,2.0,194.0,0.0,1.0,0.5
2d,train__c00__user6__1-1-2,0,Wash_face,user6,1-1-2,45,-1,0.6837121212121212,0.1866842305846615,0.8060941828254847,0.6179711917853368,0.171056581131877,0.7613493754386532,3.0,194.0,0.0,1.0,0.3333333333333333
25d,train__c00__user6__1-1-2,0,Wash_face,user6,1-1-2,45,0,0.26851851851851855,0.3636510581254867,0.5103448275862069,0.1116231536299585,0.13728029643928996,0.5039998446202083,1.0,194.0,1.0,1.0,1.0
2d,train__c00__user6__1-1-3,0,Wash_face,user6,1-1-3,34,0,0.7573529411764706,0.24290452774867638,0.5598705501618123,0.5002826713777103,0.2932850156002032,0.6306887400144301,1.0,194.0,1.0,1.0,1.0
25d,train__c00__user6__1-1-3,0,Wash_face,user6,1-1-3,34,-1,0.255050505050505,0.7118473778904002,0.297029702970297,0.6134112580607527,-0.040865684690768,0.42214758659298157,1.0,194.0,1.0,1.0,1.0
2d,train__c01__user6__1-1-1,1,Brush_teeth,user6,1-1-1,72,0,0.6585648148148148,0.15764574156708486,0.8242530755711776,0.5231775023050717,0.24269035638194902,0.7647152000047825,1.0,194.0,1.0,1.0,1.0
25d,train__c01__user6__1-1-1,1,Brush_teeth,user6,1-1-1,72,1,0.4671361502347418,0.42631638100188407,0.550251256281407,0.34974249628690834,0.2788058314061433,0.5802364929623997,3.0,194.0,0.0,1.0,0.3333333333333333
2d,train__c01__user6__1-1-2,1,Brush_teeth,user6,1-1-2,76,0,0.6721491228070176,0.20950093446969384,0.7487765089722676,0.28474664391957083,0.1298807009100465,0.6922577091756595,1.0,194.0,1.0,1.0,1.0
25d,train__c01__user6__1-1-2,1,Brush_teeth,user6,1-1-2,76,-1,0.3688888888888889,0.4436149638214084,0.5993975903614458,0.3265396594107242,0.28021757713138856,0.5952278478136107,1.0,194.0,1.0,1.0,1.0
2d,train__c01__user6__1-1-3,1,Brush_teeth,user6,1-1-3,28,0,0.7083333333333334,0.37137325544997457,0.5210084033613446,0.12867238932129155,0.29019523678770776,0.5670198368732802,8.0,194.0,0.0,0.0,0.125
25d,train__c01__user6__1-1-3,1,Brush_teeth,user6,1-1-3,28,0,0.3898809523809524,0.5802158115762218,0.5190839694656488,0.6701111906035898,0.019246882460073854,0.5679389136890666,1.0,194.0,1.0,1.0,1.0
2d,train__c02__user6__2-2-1,2,Comb_hair,user6,2-2-1,24,-1,0.6666666666666666,0.12459202655096231,0.8967391304347826,0.5252173341246815,0.3037374998615576,0.8101752343078821,1.0,194.0,1.0,1.0,1.0
25d,train__c02__user6__2-2-1,2,Comb_hair,user6,2-2-1,24,-1,0.4891304347826087,0.2738946112439436,0.3925925925925926,0.11552266341796907,0.2174065314164545,0.46769672560221776,10.0,194.0,0.0,0.0,0.1
2d,train__c02__user6__2-2-2,2,Comb_hair,user6,2-2-2,37,0,0.6666666666666666,0.14565611659850375,0.8445945945945946,0.6386360636915026,0.24519035899596903,0.7884465769875417,1.0,194.0,1.0,1.0,1.0
25d,train__c02__user6__2-2-2,2,Comb_hair,user6,2-2-2,37,-1,0.5115740740740741,0.2876854628925671,0.5203619909502263,0.8775234269233803,0.3352511297559864,0.6252526798540688,2.0,194.0,0.0,1.0,0.5
2d,train__c04__user6__2-2-1,4,Wipe_hands,user6,2-2-1,20,2,0.6666666666666666,0.10603624471484657,0.9722222222222222,0.6807622106465743,0.09012626005522019,0.8512245794576878,1.0,194.0,1.0,1.0,1.0
25d,train__c04__user6__2-2-1,4,Wipe_hands,user6,2-2-1,20,-2,0.41203703703703703,0.42213969682907015,0.39325842696629215,0.2696149987874257,0.3797191767412942,0.48793627666950407,28.0,194.0,0.0,0.0,0.03571428571428571
2d,train__c04__user6__2-2-2,4,Wipe_hands,user6,2-2-2,24,-1,0.6666666666666666,0.1394406330936344,0.7717391304347826,0.757349136113765,0.1977657902893937,0.7566905362888781,12.0,194.0,0.0,0.0,0.08333333333333333
25d,train__c04__user6__2-2-2,4,Wipe_hands,user6,2-2-2,24,0,0.5347222222222222,0.5181389289459898,0.38961038961038963,-0.21284624893965795,0.1564698180383482,0.4332085479668468,50.0,194.0,0.0,0.0,0.02
2d,train__c04__user6__2-2-3,4,Wipe_hands,user6,2-2-3,11,0,0.6666666666666666,0.13039357586346687,0.8409090909090909,0.7234394993596417,0.12083826926602773,0.785573486797583,4.0,194.0,0.0,1.0,0.25
25d,train__c04__user6__2-2-3,4,Wipe_hands,user6,2-2-3,11,2,0.5370370370370371,0.4627827845306277,0.3103448275862069,0.8206633575432556,-0.06877960892920512,0.4763012239607527,55.0,194.0,0.0,0.0,0.01818181818181818
2d,train__c06__user6__1-2-1,6,Drink_water,user6,1-2-1,57,0,0.6666666666666666,0.21609965546850854,0.8421052631578947,0.8257553603177191,0.33577585467174553,0.8125832865356616,8.0,194.0,0.0,0.0,0.125
25d,train__c06__user6__1-2-1,6,Drink_water,user6,1-2-1,57,0,0.6608187134502924,0.2614374467978116,0.5862831858407079,0.823363220549269,0.1922028786655163,0.6602891615122592,7.0,194.0,0.0,0.0,0.14285714285714285
2d,train__c06__user6__1-2-2,6,Drink_water,user6,1-2-2,55,0,0.6666666666666666,0.34087491995078834,0.7204545454545455,0.9608982615134697,0.5966356133504371,0.7787541638192965,32.0,194.0,0.0,0.0,0.03125
25d,train__c06__user6__1-2-2,6,Drink_water,user6,1-2-2,55,1,0.6666666666666666,0.4344212744698446,0.4027777777777778,0.8639249502173808,0.535787639571304,0.5897710124340303,59.0,194.0,0.0,0.0,0.01694915254237288
2d,train__c06__user6__1-2-3,6,Drink_water,user6,1-2-3,36,0,0.6597222222222222,0.2525244304076114,0.6947368421052632,0.8043081631661019,0.5411265991476577,0.7440927966328015,6.0,194.0,0.0,0.0,0.16666666666666666
25d,train__c06__user6__1-2-3,6,Drink_water,user6,1-2-3,36,0,0.6597222222222222,0.31917338785323685,0.48771929824561405,0.6812127101752155,0.32066496510587683,0.6013889796577723,30.0,194.0,0.0,0.0,0.03333333333333333
2d,train__c06__user6__3-2-1,6,Drink_water,user6,3-2-1,44,0,0.6666666666666666,0.12920676340221565,0.9232954545454546,0.9573113226981999,0.5079747014961402,0.8833084015486973,1.0,194.0,1.0,1.0,1.0
25d,train__c06__user6__3-2-1,6,Drink_water,user6,3-2-1,44,0,0.6420454545454546,0.2503036759288791,0.43952802359882004,0.9724826058592,0.4918389523971366,0.6150811404496017,1.0,194.0,1.0,1.0,1.0
2d,train__c06__user6__3-2-2,6,Drink_water,user6,3-2-2,31,0,0.6666666666666666,0.12734461299726554,0.9193548387096774,0.95486254452528,0.4151259870423979,0.873932531437697,1.0,194.0,1.0,1.0,1.0
25d,train__c06__user6__3-2-2,6,Drink_water,user6,3-2-2,31,0,0.6478494623655914,0.24810398498879566,0.44398340248962653,0.9408731596812875,0.49790775324168934,0.6154062150671092,1.0,194.0,1.0,1.0,1.0
2d,train__c06__user6__3-2-3,6,Drink_water,user6,3-2-3,19,0,0.6666666666666666,0.14878918162309948,0.875,0.9119356934936831,0.27384566542184385,0.8346486609226734,1.0,194.0,1.0,1.0,1.0
25d,train__c06__user6__3-2-3,6,Drink_water,user6,3-2-3,19,0,0.19736842105263158,0.2604908122368457,0.4888888888888889,0.8879576631496424,0.06468042931985042,0.5572725295081051,2.0,194.0,0.0,1.0,0.5
2d,train__c06__user6__5-3-1,6,Drink_water,user6,5-3-1,70,-1,1.0,0.17150874800085741,0.7210144927536232,0.9199882822192406,0.4072557124745067,0.7941009776720048,1.0,194.0,1.0,1.0,1.0
25d,train__c06__user6__5-3-1,6,Drink_water,user6,5-3-1,70,-2,1.0,0.45874810230564,0.41299019607843135,0.8402696038418125,0.20827716951492958,0.6017923559409382,1.0,194.0,1.0,1.0,1.0
2d,train__c06__user6__5-3-2,6,Drink_water,user6,5-3-2,72,-1,1.0,0.14741804283041934,0.795774647887324,0.9495569889483821,0.4431862665214568,0.8408707252219757,1.0,194.0,1.0,1.0,1.0
25d,train__c06__user6__5-3-2,6,Drink_water,user6,5-3-2,72,1,1.0,0.25158932306949483,0.5164319248826291,0.934676072108381,0.3157745273307731,0.6761882554460922,1.0,194.0,1.0,1.0,1.0
2d,train__c06__user6__5-3-3,6,Drink_water,user6,5-3-3,45,0,0.9962962962962963,0.17324813807594158,0.8029739776951673,0.7914496682085591,0.3436821969823061,0.8211864489565005,1.0,194.0,1.0,1.0,1.0
25d,train__c06__user6__5-3-3,6,Drink_water,user6,5-3-3,45,1,0.9962121212121212,0.5165960542628756,0.5209125475285171,0.6416992706397256,0.0887607579619098,0.6319500971730124,1.0,194.0,1.0,1.0,1.0
2d,train__c06__user6__6-2-1,6,Drink_water,user6,6-2-1,35,1,0.6666666666666666,0.10778321959546266,0.9338235294117647,0.6522297365230054,0.37013434530801415,0.848252657393539,1.0,194.0,1.0,1.0,1.0
25d,train__c06__user6__6-2-1,6,Drink_water,user6,6-2-1,35,0,0.6547619047619048,0.2766094489830385,0.509090909090909,0.7044585674146046,0.2894447018901037,0.6126303998594087,1.0,194.0,1.0,1.0,1.0
2d,train__c06__user6__6-2-2,6,Drink_water,user6,6-2-2,18,0,0.6666666666666666,0.12890445803972958,0.8611111111111112,0.9008395397637539,0.6261917295648907,0.8523261114715199,1.0,194.0,1.0,1.0,1.0
25d,train__c06__user6__6-2-2,6,Drink_water,user6,6-2-2,18,0,0.6666666666666666,0.29143528120852913,0.5138888888888888,0.8287408279473102,0.45947732553105014,0.6416404377651154,1.0,194.0,1.0,1.0,1.0
2d,train__c06__user6__6-2-3,6,Drink_water,user6,6-2-3,20,0,0.6666666666666666,0.1065429971027772,0.93125,0.9406063568116385,0.36338913929590244,0.8751689877950232,1.0,194.0,1.0,1.0,1.0
25d,train__c06__user6__6-2-3,6,Drink_water,user6,6-2-3,20,0,0.15,0.24526234692170223,0.5,0.9809967898133387,,0.5630996789813338,3.0,194.0,0.0,1.0,0.3333333333333333
2d,train__c07__user6__1-2-1,7,Eat_food,user6,1-2-1,32,1,0.6666666666666666,0.13251700567573094,0.8709677419354839,0.8813163830023427,0.32824362847918104,0.8334488351673556,5.0,194.0,0.0,1.0,0.2
25d,train__c07__user6__1-2-1,7,Eat_food,user6,1-2-1,32,1,0.6666666666666666,0.17742554894797294,0.7137096774193549,0.8393960025488182,0.29279882989095757,0.7401065017440156,4.0,194.0,0.0,1.0,0.25
2d,train__c07__user6__1-2-2,7,Eat_food,user6,1-2-2,20,0,0.6666666666666666,0.15604026612103358,0.84375,0.8223003913807916,0.5020120940832182,0.8256101128609872,8.0,194.0,0.0,0.0,0.125
25d,train__c07__user6__1-2-2,7,Eat_food,user6,1-2-2,20,0,0.6666666666666666,0.22479413713947927,0.5875,0.7604801481253713,0.38525711412142305,0.6697339650383105,11.0,194.0,0.0,0.0,0.09090909090909091
2d,train__c07__user6__1-2-3,7,Eat_food,user6,1-2-3,9,0,0.6666666666666666,0.16863134540560235,0.8194444444444444,0.735650014813012,0.4990799154640609,0.8033571062522169,10.0,194.0,0.0,0.0,0.1
25d,train__c07__user6__1-2-3,7,Eat_food,user6,1-2-3,9,0,0.6666666666666666,0.22534141324183937,0.5694444444444444,0.555731701633576,0.256627113524407,0.6296813147887992,5.0,194.0,0.0,1.0,0.2
2d,train__c07__user6__5-2-1,7,Eat_food,user6,5-2-1,17,1,0.6666666666666666,0.11253266004882602,0.9765625,0.9420935357381366,0.26520166710772897,0.89287552027356,1.0,194.0,1.0,1.0,1.0
25d,train__c07__user6__5-2-1,7,Eat_food,user6,5-2-1,17,0,0.6617647058823529,0.2308887489616918,0.48148148148148145,0.8814266742889485,0.2827269052151496,0.6153384707230811,2.0,194.0,0.0,1.0,0.5
2d,train__c07__user6__5-2-2,7,Eat_food,user6,5-2-2,15,1,0.6666666666666666,0.1348648212679514,0.8571428571428571,0.9474210467406967,0.3429577237983801,0.8335591720541863,6.0,194.0,0.0,0.0,0.16666666666666666
25d,train__c07__user6__5-2-2,7,Eat_food,user6,5-2-2,15,1,0.6666666666666666,0.22932968288920239,0.45535714285714285,0.9401497150222299,0.38292062859731985,0.6148471138851171,8.0,194.0,0.0,0.0,0.125
2d,train__c07__user6__5-2-3,7,Eat_food,user6,5-2-3,27,0,0.6666666666666666,0.11174181243042297,0.9305555555555556,0.9333166575328289,0.4611080250046094,0.8813869898508508,1.0,194.0,1.0,1.0,1.0
25d,train__c07__user6__5-2-3,7,Eat_food,user6,5-2-3,27,0,0.6635802469135802,0.2177565850925265,0.4744186046511628,0.8642496167573135,0.33004959445223847,0.6134669385091468,4.0,194.0,0.0,1.0,0.25
2d,train__c07__user6__6-2-1,7,Eat_food,user6,6-2-1,21,0,0.6666666666666666,0.1669550747451175,0.8333333333333334,0.8752823127231063,0.3022540313328591,0.810197283622275,5.0,194.0,0.0,1.0,0.2
25d,train__c07__user6__6-2-1,7,Eat_food,user6,6-2-1,21,0,0.6666666666666666,0.2327329449735147,0.6666666666666666,0.7813586382443218,0.18784804522308837,0.7005578005494971,18.0,194.0,0.0,0.0,0.05555555555555555
2d,train__c07__user6__6-2-3,7,Eat_food,user6,6-2-3,26,1,0.6666666666666666,0.16808995028982812,0.865,0.5559130047586669,-0.07072813596427474,0.7677033569452127,1.0,194.0,1.0,1.0,1.0
25d,train__c07__user6__6-2-3,7,Eat_food,user6,6-2-3,26,-1,0.20666666666666667,0.2535000649538926,0.6129032258064516,0.051322943597029186,0.15433318857004472,0.5494707243626713,6.0,194.0,0.0,0.0,0.16666666666666666
2d,train__c07__user6__7-2-1,7,Eat_food,user6,7-2-1,40,1,0.6666666666666666,0.21315879062518645,0.7660256410256411,0.6859289978678103,0.12128206824776849,0.7406698241361329,17.0,194.0,0.0,0.0,0.058823529411764705
25d,train__c07__user6__7-2-1,7,Eat_food,user6,7-2-1,40,1,0.6645299145299145,0.34721007269365733,0.5980707395498392,0.7739272851268078,0.038879801583837664,0.6507006118368717,32.0,194.0,0.0,0.0,0.03125
2d,train__c07__user6__7-2-2,7,Eat_food,user6,7-2-2,34,0,0.6666666666666666,0.16849628358105928,0.7757352941176471,0.6355249205839686,0.258354841551753,0.7512501836061509,5.0,194.0,0.0,1.0,0.2
25d,train__c07__user6__7-2-2,7,Eat_food,user6,7-2-2,34,0,0.6666666666666666,0.2793901664878187,0.5,0.40743972628491726,0.12306677794291061,0.5666406476408767,8.0,194.0,0.0,0.0,0.125
2d,train__c07__user6__7-2-3,7,Eat_food,user6,7-2-3,30,0,0.6638888888888889,0.1475578948236532,0.8493723849372385,0.5400481243167169,0.3813674099504518,0.7911510687823258,1.0,194.0,1.0,1.0,1.0
25d,train__c07__user6__7-2-3,7,Eat_food,user6,7-2-3,30,0,0.6611111111111111,0.22740182155744842,0.680672268907563,0.2886501168037342,0.24482648662692744,0.6627078571876638,3.0,194.0,0.0,1.0,0.3333333333333333
2d,train__c08__user6__1-2-1,8,Take_and_use_tableware,user6,1-2-1,30,1,0.6666666666666666,0.1404962969261203,0.8836206896551724,0.7620915087231384,0.40879376086344266,0.8345267289140835,6.0,194.0,0.0,0.0,0.16666666666666666
25d,train__c08__user6__1-2-1,8,Take_and_use_tableware,user6,1-2-1,30,-1,0.6666666666666666,0.258198875814684,0.5948275862068966,0.7440430387565183,0.013151876280628017,0.6442125336771588,16.0,194.0,0.0,0.0,0.0625
2d,train__c08__user6__1-2-2,8,Take_and_use_tableware,user6,1-2-2,23,0,0.6666666666666666,0.1244432725310323,0.9239130434782609,0.7948268607188859,0.04993910279782081,0.8330469593614355,1.0,194.0,1.0,1.0,1.0
25d,train__c08__user6__1-2-2,8,Take_and_use_tableware,user6,1-2-2,23,0,0.6666666666666666,0.21618177994076374,0.625,0.8184898175805695,-0.06886620677288796,0.662100682916757,3.0,194.0,0.0,1.0,0.3333333333333333
2d,train__c08__user6__1-2-3,8,Take_and_use_tableware,user6,1-2-3,13,1,0.6666666666666666,0.1552936969430818,0.7916666666666666,0.6433200880324593,0.3972758600268079,0.7712110316385898,1.0,194.0,1.0,1.0,1.0
25d,train__c08__user6__1-2-3,8,Take_and_use_tableware,user6,1-2-3,13,0,0.6666666666666666,0.2134139002872443,0.6153846153846154,0.7968036684293156,0.32885384289179376,0.6844726101880212,1.0,194.0,1.0,1.0,1.0
2d,train__c08__user6__2-1-1,8,Take_and_use_tableware,user6,2-1-1,61,0,0.6666666666666666,0.1602139617430475,0.7766393442622951,-0.35008494565194775,0.35745119015341487,0.6606186507072404,3.0,194.0,0.0,1.0,0.3333333333333333
25d,train__c08__user6__2-1-1,8,Take_and_use_tableware,user6,2-1-1,61,0,0.6666666666666666,0.31227614709953644,0.4180327868852459,0.46307337255394215,0.3125177711019435,0.5413308695415919,23.0,194.0,0.0,0.0,0.043478260869565216
2d,train__c08__user6__2-1-2,8,Take_and_use_tableware,user6,2-1-2,40,0,0.6666666666666666,0.16341456412904914,0.7375,0.04626024216309284,0.10304309185358541,0.659645922771995,19.0,194.0,0.0,0.0,0.05263157894736842
25d,train__c08__user6__2-1-2,8,Take_and_use_tableware,user6,2-1-2,40,0,0.6666666666666666,0.3452187292936651,0.415625,0.9210898374772205,0.0010627477839118098,0.5624491064981821,33.0,194.0,0.0,0.0,0.030303030303030304
2d,train__c08__user6__2-1-3,8,Take_and_use_tableware,user6,2-1-3,37,0,0.6666666666666666,0.16703796164447618,0.7601351351351351,0.46383525941975917,0.10319009375131057,0.7138637739643152,13.0,194.0,0.0,0.0,0.07692307692307693
25d,train__c08__user6__2-1-3,8,Take_and_use_tableware,user6,2-1-3,37,0,0.5315315315315315,0.2984178776533169,0.4830508474576271,0.7010998947204133,0.09106870439412088,0.5707712615564485,21.0,194.0,0.0,0.0,0.047619047619047616
2d,train__c08__user6__2-3-1,8,Take_and_use_tableware,user6,2-3-1,41,0,0.6666666666666666,0.1376188126617199,0.8567073170731707,0.9577138001516269,0.4420972024820219,0.8417843612582249,10.0,194.0,0.0,0.0,0.1
25d,train__c08__user6__2-3-1,8,Take_and_use_tableware,user6,2-3-1,41,0,0.6666666666666666,0.20380404033810445,0.6524390243902439,0.8642903084345394,0.3030824439784616,0.7096683442231394,8.0,194.0,0.0,0.0,0.125
2d,train__c08__user6__2-3-2,8,Take_and_use_tableware,user6,2-3-2,50,-1,0.6666666666666666,0.14009641579374818,0.8418367346938775,0.9239273146104998,-0.033674977133538814,0.7945439789243339,9.0,194.0,0.0,0.0,0.1111111111111111
25d,train__c08__user6__2-3-2,8,Take_and_use_tableware,user6,2-3-2,50,-2,0.6666666666666666,0.2122398607813393,0.6458333333333334,0.8558427491589836,0.0717780879059358,0.6878426315088436,6.0,194.0,0.0,0.0,0.16666666666666666
2d,train__c08__user6__2-3-3,8,Take_and_use_tableware,user6,2-3-3,52,0,0.6666666666666666,0.17755461164498126,0.7379807692307693,0.5801982631223206,0.4931871331065665,0.7425649510388144,26.0,194.0,0.0,0.0,0.038461538461538464
25d,train__c08__user6__2-3-3,8,Take_and_use_tableware,user6,2-3-3,52,0,0.6666666666666666,0.27083791393251955,0.5456730769230769,0.4340019933551246,0.34147393673906956,0.6107976035653017,26.0,194.0,0.0,0.0,0.038461538461538464
2d,train__c08__user6__6-2-1,8,Take_and_use_tableware,user6,6-2-1,24,-1,0.6666666666666666,0.16712344975943663,0.8043478260869565,0.8772313213031347,0.3369564371071271,0.7970528359278409,5.0,194.0,0.0,1.0,0.2
25d,train__c08__user6__6-2-1,8,Take_and_use_tableware,user6,6-2-1,24,0,0.6666666666666666,0.22976045784263846,0.6510416666666666,0.6841369842815174,0.17145395081128892,0.6810123280723317,7.0,194.0,0.0,0.0,0.14285714285714285
2d,train__c08__user6__6-2-2,8,Take_and_use_tableware,user6,6-2-2,13,0,0.6666666666666666,0.19183663763948994,0.7980769230769231,0.5721904816471263,0.5386883081268439,0.7782296456332003,5.0,194.0,0.0,1.0,0.2
25d,train__c08__user6__6-2-2,8,Take_and_use_tableware,user6,6-2-2,13,2,0.6590909090909091,0.33069442611048083,0.6206896551724138,0.5425996116032734,0.512469131249685,0.6749835472579723,26.0,194.0,0.0,0.0,0.038461538461538464
2d,train__c08__user6__6-2-3,8,Take_and_use_tableware,user6,6-2-3,32,1,0.6666666666666666,0.16551852778898088,0.8588709677419355,0.5679692124351133,-0.022050323747960766,0.7691888458871454,6.0,194.0,0.0,0.0,0.16666666666666666
25d,train__c08__user6__6-2-3,8,Take_and_use_tableware,user6,6-2-3,32,-1,0.18548387096774194,0.2461311857991695,0.6086956521739131,0.09246789406125466,0.03152954329578485,0.5399425009457358,4.0,194.0,0.0,1.0,0.25
2d,train__c08__user6__7-2-1,8,Take_and_use_tableware,user6,7-2-1,24,-1,0.6666666666666666,0.1735711895418766,0.6793478260869565,-0.32201694868007014,0.0003050254803863145,0.5831291530575147,23.0,194.0,0.0,0.0,0.043478260869565216
25d,train__c08__user6__7-2-1,8,Take_and_use_tableware,user6,7-2-1,24,2,0.6666666666666666,0.4503249340444658,0.5056818181818182,0.7458184113666396,0.04516751527268297,0.5977610714487819,91.0,194.0,0.0,0.0,0.01098901098901099
2d,train__c08__user6__7-2-2,8,Take_and_use_tableware,user6,7-2-2,23,0,0.6666666666666666,0.1290450485698111,0.9347826086956522,0.7371819534108945,0.5579988510086222,0.8713652106160116,1.0,194.0,1.0,1.0,1.0
25d,train__c08__user6__7-2-2,8,Take_and_use_tableware,user6,7-2-2,23,0,0.6666666666666666,0.20955803943170856,0.6521739130434783,0.6846483055268409,0.6071033316687866,0.7143598992684228,1.0,194.0,1.0,1.0,1.0
2d,train__c08__user6__7-2-3,8,Take_and_use_tableware,user6,7-2-3,15,0,0.6666666666666666,0.17991321457449339,0.8333333333333334,0.5770835418069451,0.31434087689817036,0.7812839199480573,1.0,194.0,1.0,1.0,1.0
25d,train__c08__user6__7-2-3,8,Take_and_use_tableware,user6,7-2-3,15,1,0.6607142857142857,0.2488930221187805,0.5855855855855856,0.7529815543821318,0.5221429512214198,0.6776023774233204,1.0,194.0,1.0,1.0,1.0
2d,train__c09__user6__1-2-1,9,Pour_drinks,user6,1-2-1,124,0,0.6559139784946236,0.18174770181843802,0.6997950819672131,0.7393993993083018,0.451394670273047,0.7332732331327383,1.0,194.0,1.0,1.0,1.0
25d,train__c09__user6__1-2-1,9,Pour_drinks,user6,1-2-1,124,1,0.6165311653116531,0.2817018285631778,0.4142857142857143,0.6621122798130805,0.22820687142876597,0.5478370027267737,1.0,194.0,1.0,1.0,1.0
2d,train__c09__user6__1-2-2,9,Pour_drinks,user6,1-2-2,33,0,0.6666666666666666,0.15799729737736715,0.7954545454545454,0.40473072258511256,0.33646336554807743,0.7448744913412837,4.0,194.0,0.0,1.0,0.25
25d,train__c09__user6__1-2-2,9,Pour_drinks,user6,1-2-2,33,0,0.6666666666666666,0.2069816375729172,0.5946969696969697,0.7075815019972149,0.27678154245710596,0.6602667658840045,1.0,194.0,1.0,1.0,1.0
2d,train__c09__user6__1-2-3,9,Pour_drinks,user6,1-2-3,18,0,0.6666666666666666,0.1938241864337667,0.7222222222222222,0.06145906530763942,0.4234815878439588,0.6767959145079497,1.0,194.0,1.0,1.0,1.0
25d,train__c09__user6__1-2-3,9,Pour_drinks,user6,1-2-3,18,1,0.6666666666666666,0.2212196509000574,0.6176470588235294,-0.4849396816064912,0.4060617739076242,0.5633332139020305,6.0,194.0,0.0,0.0,0.16666666666666666
2d,train__c09__user6__2-1-1,9,Pour_drinks,user6,2-1-1,55,0,0.6666666666666666,0.17601353842049816,0.8454545454545455,0.8817896009296388,0.26028671454284047,0.8143671303503436,11.0,194.0,0.0,0.0,0.09090909090909091
25d,train__c09__user6__2-1-1,9,Pour_drinks,user6,2-1-1,55,0,0.6666666666666666,0.339764664850531,0.47045454545454546,0.8445264785978394,0.20133758984610037,0.5999696337649081,48.0,194.0,0.0,0.0,0.020833333333333332
2d,train__c09__user6__2-1-2,9,Pour_drinks,user6,2-1-2,46,0,0.6666666666666666,0.1701496018172101,0.8152173913043478,0.7991783130315351,0.5603973623036131,0.8119838653599825,9.0,194.0,0.0,0.0,0.1111111111111111
25d,train__c09__user6__2-1-2,9,Pour_drinks,user6,2-1-2,46,0,0.6666666666666666,0.3325018771539581,0.48097826086956524,0.4207612199738765,0.4940301840153595,0.5853330959434672,42.0,194.0,0.0,0.0,0.023809523809523808
2d,train__c09__user6__2-1-3,9,Pour_drinks,user6,2-1-3,23,1,0.6666666666666666,0.1323917811339773,0.875,0.7574924909341754,0.4907050535262273,0.8354687947745513,1.0,194.0,1.0,1.0,1.0
25d,train__c09__user6__2-1-3,9,Pour_drinks,user6,2-1-3,23,1,0.625,0.26717069743138777,0.5151515151515151,0.7624345970290363,0.45178353271991695,0.6309605579902308,16.0,194.0,0.0,0.0,0.0625
2d,train__c09__user6__7-2-1,9,Pour_drinks,user6,7-2-1,39,-1,0.6644736842105263,0.13946517989438087,0.900990099009901,0.7356036343373908,0.45750139963556913,0.844864891282905,1.0,194.0,1.0,1.0,1.0
25d,train__c09__user6__7-2-1,9,Pour_drinks,user6,7-2-1,39,0,0.6645299145299145,0.19295210875872734,0.6720257234726688,0.57621014898984,0.42710063746813476,0.7007207020720534,1.0,194.0,1.0,1.0,1.0
2d,train__c09__user6__7-2-2,9,Pour_drinks,user6,7-2-2,32,1,0.6666666666666666,0.13562476145774058,0.8870967741935484,0.816998200418917,0.691731845297073,0.8631496009122904,1.0,194.0,1.0,1.0,1.0
25d,train__c09__user6__7-2-2,9,Pour_drinks,user6,7-2-2,32,1,0.6666666666666666,0.3376140311797873,0.46774193548387094,0.6295737622642693,0.5464401474482821,0.6028651184678437,1.0,194.0,1.0,1.0,1.0
2d,train__c09__user6__7-2-3,9,Pour_drinks,user6,7-2-3,19,0,0.6666666666666666,0.16411531670143498,0.8881578947368421,0.7947564846472176,0.5293817086219491,0.8493327853832978,1.0,194.0,1.0,1.0,1.0
25d,train__c09__user6__7-2-3,9,Pour_drinks,user6,7-2-3,19,-2,0.6666666666666666,0.3245678241711537,0.6323529411764706,-0.26131669789260553,0.3108412643728492,0.5866422093524287,1.0,194.0,1.0,1.0,1.0
2d,train__c10__user6__1-2-1,10,Stir_drinks,user6,1-2-1,30,1,0.6666666666666666,0.1404962969261203,0.8836206896551724,0.7620915087231384,0.40879376086344266,0.8345267289140835,6.0,194.0,0.0,0.0,0.16666666666666666
25d,train__c10__user6__1-2-1,10,Stir_drinks,user6,1-2-1,30,-1,0.6666666666666666,0.258198875814684,0.5948275862068966,0.7440430387565183,0.013151876280628017,0.6442125336771588,16.0,194.0,0.0,0.0,0.0625
2d,train__c10__user6__1-2-2,10,Stir_drinks,user6,1-2-2,23,0,0.6666666666666666,0.1244432725310323,0.9239130434782609,0.7948268607188859,0.04993910279782081,0.8330469593614355,1.0,194.0,1.0,1.0,1.0
25d,train__c10__user6__1-2-2,10,Stir_drinks,user6,1-2-2,23,0,0.6666666666666666,0.21618177994076374,0.625,0.8184898175805695,-0.06886620677288796,0.662100682916757,3.0,194.0,0.0,1.0,0.3333333333333333
2d,train__c10__user6__1-2-3,10,Stir_drinks,user6,1-2-3,13,1,0.6666666666666666,0.1552936969430818,0.7916666666666666,0.6433200880324593,0.3972758600268079,0.7712110316385898,1.0,194.0,1.0,1.0,1.0
25d,train__c10__user6__1-2-3,10,Stir_drinks,user6,1-2-3,13,0,0.6666666666666666,0.2134139002872443,0.6153846153846154,0.7968036684293156,0.32885384289179376,0.6844726101880212,1.0,194.0,1.0,1.0,1.0
2d,train__c10__user6__2-1-1,10,Stir_drinks,user6,2-1-1,61,0,0.6666666666666666,0.1602139617430475,0.7766393442622951,-0.35008494565194775,0.35745119015341487,0.6606186507072404,3.0,194.0,0.0,1.0,0.3333333333333333
25d,train__c10__user6__2-1-1,10,Stir_drinks,user6,2-1-1,61,0,0.6666666666666666,0.31227614709953644,0.4180327868852459,0.46307337255394215,0.3125177711019435,0.5413308695415919,23.0,194.0,0.0,0.0,0.043478260869565216
2d,train__c10__user6__2-1-2,10,Stir_drinks,user6,2-1-2,40,0,0.6666666666666666,0.16341456412904914,0.7375,0.04626024216309284,0.10304309185358541,0.659645922771995,19.0,194.0,0.0,0.0,0.05263157894736842
25d,train__c10__user6__2-1-2,10,Stir_drinks,user6,2-1-2,40,0,0.6666666666666666,0.3452187292936651,0.415625,0.9210898374772205,0.0010627477839118098,0.5624491064981821,33.0,194.0,0.0,0.0,0.030303030303030304
2d,train__c10__user6__2-1-3,10,Stir_drinks,user6,2-1-3,37,0,0.6666666666666666,0.16703796164447618,0.7601351351351351,0.46383525941975917,0.10319009375131057,0.7138637739643152,13.0,194.0,0.0,0.0,0.07692307692307693
25d,train__c10__user6__2-1-3,10,Stir_drinks,user6,2-1-3,37,0,0.5315315315315315,0.2984178776533169,0.4830508474576271,0.7010998947204133,0.09106870439412088,0.5707712615564485,21.0,194.0,0.0,0.0,0.047619047619047616
2d,train__c10__user6__7-2-1,10,Stir_drinks,user6,7-2-1,24,-1,0.6666666666666666,0.1735711895418766,0.6793478260869565,-0.32201694868007014,0.0003050254803863145,0.5831291530575147,23.0,194.0,0.0,0.0,0.043478260869565216
25d,train__c10__user6__7-2-1,10,Stir_drinks,user6,7-2-1,24,2,0.6666666666666666,0.4503249340444658,0.5056818181818182,0.7458184113666396,0.04516751527268297,0.5977610714487819,91.0,194.0,0.0,0.0,0.01098901098901099
2d,train__c10__user6__7-2-2,10,Stir_drinks,user6,7-2-2,23,0,0.6666666666666666,0.1290450485698111,0.9347826086956522,0.7371819534108945,0.5579988510086222,0.8713652106160116,1.0,194.0,1.0,1.0,1.0
25d,train__c10__user6__7-2-2,10,Stir_drinks,user6,7-2-2,23,0,0.6666666666666666,0.20955803943170856,0.6521739130434783,0.6846483055268409,0.6071033316687866,0.7143598992684228,1.0,194.0,1.0,1.0,1.0
2d,train__c10__user6__7-2-3,10,Stir_drinks,user6,7-2-3,15,0,0.6666666666666666,0.17991321457449339,0.8333333333333334,0.5770835418069451,0.31434087689817036,0.7812839199480573,1.0,194.0,1.0,1.0,1.0
25d,train__c10__user6__7-2-3,10,Stir_drinks,user6,7-2-3,15,1,0.6607142857142857,0.2488930221187805,0.5855855855855856,0.7529815543821318,0.5221429512214198,0.6776023774233204,1.0,194.0,1.0,1.0,1.0
2d,train__c11__user6__1-2-1,11,Peel_fruits,user6,1-2-1,46,0,0.6666666666666666,0.130362586488969,0.8777173913043478,0.6704623239818567,0.19099904631788814,0.8057823927560852,5.0,194.0,0.0,1.0,0.2
25d,train__c11__user6__1-2-1,11,Peel_fruits,user6,1-2-1,46,0,0.6666666666666666,0.21413236778707784,0.7010869565217391,0.5626633648835178,0.112131886838985,0.6919407207548989,5.0,194.0,0.0,1.0,0.2
2d,train__c11__user6__1-2-2,11,Peel_fruits,user6,1-2-2,24,1,0.6666666666666666,0.12037411107293103,0.967391304347826,0.23468662899765375,0.24826434086683888,0.8158203725227493,1.0,194.0,1.0,1.0,1.0
25d,train__c11__user6__1-2-2,11,Peel_fruits,user6,1-2-2,24,1,0.6666666666666666,0.1664604067915528,0.782608695652174,0.11326153117679237,0.37951767212265813,0.711891427802241,1.0,194.0,1.0,1.0,1.0
2d,train__c11__user6__1-2-3,11,Peel_fruits,user6,1-2-3,11,0,0.6666666666666666,0.12519374113954987,0.9090909090909091,0.9029936882456536,0.17453499532777683,0.8450561601408152,5.0,194.0,0.0,1.0,0.2
25d,train__c11__user6__1-2-3,11,Peel_fruits,user6,1-2-3,11,0,0.6666666666666666,0.188207987978624,0.6704545454545454,0.6962174271930592,0.038073510116372236,0.6828939226447006,4.0,194.0,0.0,1.0,0.25
2d,train__c11__user6__3-2-1,11,Peel_fruits,user6,3-2-1,34,-2,0.6666666666666666,0.10967453963481884,0.9609375,0.9078814687492557,0.16506709541514064,0.8733504706977278,1.0,194.0,1.0,1.0,1.0
25d,train__c11__user6__3-2-1,11,Peel_fruits,user6,3-2-1,34,-2,0.6666666666666666,0.18829140965698876,0.7265625,0.7898213955746065,0.1570480285115541,0.7320367833624939,1.0,194.0,1.0,1.0,1.0
2d,train__c11__user6__3-2-2,11,Peel_fruits,user6,3-2-2,26,0,0.6666666666666666,0.12021503720106205,0.9134615384615384,0.9641095112363309,0.18054062442074365,0.8540220107757016,4.0,194.0,0.0,1.0,0.25
25d,train__c11__user6__3-2-2,11,Peel_fruits,user6,3-2-2,26,0,0.6410256410256411,0.1925674693703639,0.67,0.9737207372146326,0.15324997149536262,0.7164683856861795,3.0,194.0,0.0,1.0,0.3333333333333333
2d,train__c11__user6__3-2-3,11,Peel_fruits,user6,3-2-3,23,0,0.6666666666666666,0.1079729176317674,0.9239130434782609,0.9230741006755387,0.40382137127105466,0.8724128534925932,1.0,194.0,1.0,1.0,1.0
25d,train__c11__user6__3-2-3,11,Peel_fruits,user6,3-2-3,23,-2,0.0,,,,,0.175,,,,,
2d,train__c11__user6__5-2-1,11,Peel_fruits,user6,5-2-1,51,0,0.6666666666666666,0.1231097981860957,0.9387254901960784,0.8431019186020582,0.4484372166778315,0.875908669385553,1.0,194.0,1.0,1.0,1.0
25d,train__c11__user6__5-2-1,11,Peel_fruits,user6,5-2-1,51,0,0.6666666666666666,0.2460385225956838,0.5122549019607843,0.8213614444703785,0.3542134840480338,0.6321090184957384,1.0,194.0,1.0,1.0,1.0
2d,train__c11__user6__5-2-2,11,Peel_fruits,user6,5-2-2,41,-1,0.6666666666666666,0.14057546071478996,0.8375,0.9719387310817699,0.10884376615906673,0.8076488222367737,10.0,194.0,0.0,0.0,0.1
25d,train__c11__user6__5-2-2,11,Peel_fruits,user6,5-2-2,41,1,0.6666666666666666,0.2119594886475754,0.50625,0.9399085024362809,0.04135666448270655,0.6171967667464977,6.0,194.0,0.0,0.0,0.16666666666666666
2d,train__c11__user6__5-2-3,11,Peel_fruits,user6,5-2-3,14,0,0.6666666666666666,0.12651862828807758,0.8660714285714286,0.9645111411663003,0.49249911313169686,0.8513944999824598,1.0,194.0,1.0,1.0,1.0
25d,train__c11__user6__5-2-3,11,Peel_fruits,user6,5-2-3,14,0,0.6666666666666666,0.19259636586039494,0.5982142857142857,0.9627676113326709,0.4400496797692758,0.6999650109254866,1.0,194.0,1.0,1.0,1.0
2d,train__c12__user6__3-1-1,12,Sweep_the_floor,user6,3-1-1,236,0,0.8375706214689266,0.20668503610791872,0.7516863406408094,0.6640327240559077,0.12920194024030482,0.7482779674229516,1.0,194.0,1.0,1.0,1.0
25d,train__c12__user6__3-1-1,12,Sweep_the_floor,user6,3-1-1,236,0,0.719632768361582,0.5046794959662253,0.3478900883218842,0.3473218182890628,0.08314919095605151,0.4792711965638047,3.0,194.0,0.0,1.0,0.3333333333333333
2d,train__c12__user6__3-1-2,12,Sweep_the_floor,user6,3-1-2,101,0,0.7937293729372937,0.2581855629596528,0.5561330561330561,0.7785178945263393,0.2026151946221603,0.6532940472162063,1.0,194.0,1.0,1.0,1.0
25d,train__c12__user6__3-1-2,12,Sweep_the_floor,user6,3-1-2,101,-1,0.7183333333333334,0.7336104702411319,0.26218097447795824,0.1830815000037137,0.06284919284795024,0.414054708760178,2.0,194.0,0.0,1.0,0.5
2d,train__c12__user6__3-1-3,12,Sweep_the_floor,user6,3-1-3,50,0,0.9183333333333333,0.2650883488688358,0.5970961887477314,0.6045198221628202,0.3316016955751621,0.6805583465290048,1.0,194.0,1.0,1.0,1.0
25d,train__c12__user6__3-1-3,12,Sweep_the_floor,user6,3-1-3,50,0,0.8166666666666667,0.6451618008780048,0.2979591836734694,0.11414558219309358,0.14511782555576616,0.4428426128230667,1.0,194.0,1.0,1.0,1.0
2d,train__c12__user6__6-2-1,12,Sweep_the_floor,user6,6-2-1,54,0,0.6419753086419753,0.11853036701948166,0.9038461538461539,0.7451221487612265,0.3978948987946176,0.8406672477653012,1.0,194.0,1.0,1.0,1.0
25d,train__c12__user6__6-2-1,12,Sweep_the_floor,user6,6-2-1,54,0,0.5925925925925926,0.19739731881206163,0.7239583333333334,0.4705943440904074,0.2106292556202985,0.6952929711731558,1.0,194.0,1.0,1.0,1.0
2d,train__c12__user6__6-2-2,12,Sweep_the_floor,user6,6-2-2,15,0,0.6277777777777778,0.15713179369908345,0.7699115044247787,0.6406455174323233,0.395673411550071,0.7549691628208938,1.0,194.0,1.0,1.0,1.0
25d,train__c12__user6__6-2-2,12,Sweep_the_floor,user6,6-2-2,15,0,0.5888888888888889,0.2889009048018991,0.4716981132075472,0.2059094447423007,0.07709844999420512,0.5196961793768353,1.0,194.0,1.0,1.0,1.0
2d,train__c12__user6__6-2-3,12,Sweep_the_floor,user6,6-2-3,39,0,0.6153846153846154,0.1599034603512932,0.7847222222222222,0.4533650262735034,0.3950237114979097,0.7430989647503774,1.0,194.0,1.0,1.0,1.0
25d,train__c12__user6__6-2-3,12,Sweep_the_floor,user6,6-2-3,39,1,0.6140350877192983,0.24975052150006313,0.5821428571428572,0.21798712528392164,0.14346719945472142,0.5891408326879976,1.0,194.0,1.0,1.0,1.0
2d,train__c13__user6__3-1-1,13,Mop_the_floor,user6,3-1-1,111,0,0.9962462462462462,0.16671630626928227,0.8492840994724944,0.8800018492732723,0.12488599204996174,0.839097513665571,1.0,194.0,1.0,1.0,1.0
25d,train__c13__user6__3-1-1,13,Mop_the_floor,user6,3-1-1,111,0,0.978978978978979,0.4844822646062005,0.40797546012269936,0.45283310427784357,0.10927165847980769,0.5507630857791526,1.0,194.0,1.0,1.0,1.0
2d,train__c13__user6__3-1-2,13,Mop_the_floor,user6,3-1-2,63,0,0.996031746031746,0.15441629881980237,0.8087649402390438,0.9228205839216225,0.46840544616069485,0.8468363585888631,1.0,194.0,1.0,1.0,1.0
25d,train__c13__user6__3-1-2,13,Mop_the_floor,user6,3-1-2,63,0,0.9801587301587301,0.5893570487932819,0.37786774628879893,0.47759941911592335,0.12551525033673785,0.5380167191615601,1.0,194.0,1.0,1.0,1.0
2d,train__c13__user6__3-1-3,13,Mop_the_floor,user6,3-1-3,31,0,0.8709677419354839,0.2048527915137562,0.7098765432098766,0.48223817863843477,0.39417321126468713,0.7303156816676757,1.0,194.0,1.0,1.0,1.0
25d,train__c13__user6__3-1-3,13,Mop_the_floor,user6,3-1-3,31,0,0.8602150537634409,0.8333096951577622,0.246875,0.45427638126871,-0.019007799926321966,0.44080480850874104,1.0,194.0,1.0,1.0,1.0
2d,train__c14__user6__3-2-1,14,Wipe_bowls,user6,3-2-1,66,0,0.6641414141414141,0.09932717993241565,0.9828897338403042,0.8701905810919499,0.6259701593141405,0.9159703150840642,1.0,194.0,1.0,1.0,1.0
25d,train__c14__user6__3-2-1,14,Wipe_bowls,user6,3-2-1,66,-1,0.6653846153846154,0.23921057525318687,0.8516377649325626,0.8787461124937563,0.44149445141274263,0.8309259273567023,1.0,194.0,1.0,1.0,1.0
2d,train__c14__user6__3-2-2,14,Wipe_bowls,user6,3-2-2,65,0,0.7064102564102565,0.12585775060447044,0.896551724137931,0.957715421062155,0.5053915730792894,0.8724203840040501,1.0,194.0,1.0,1.0,1.0
25d,train__c14__user6__3-2-2,14,Wipe_bowls,user6,3-2-2,65,0,0.7064102564102565,0.2071375653168947,0.7568058076225045,0.9571739776012556,0.3735223896493489,0.7856157968172299,1.0,194.0,1.0,1.0,1.0
2d,train__c14__user6__3-2-3,14,Wipe_bowls,user6,3-2-3,47,0,0.6684397163120568,0.11326954065002429,0.9389920424403183,0.3314750507117134,0.33852396401401386,0.8168263973456033,1.0,194.0,1.0,1.0,1.0
25d,train__c14__user6__3-2-3,14,Wipe_bowls,user6,3-2-3,47,0,0.6684397163120568,0.2770263090197099,0.5782493368700266,0.2771391621652822,0.189207882856666,0.6017856143404985,1.0,194.0,1.0,1.0,1.0
2d,train__c15__user6__3-3-1,15,Wipe_windows_and_tables,user6,3-3-1,73,0,0.0410958904109589,0.15122357839563094,0.9166666666666666,0.9470538932258409,,0.7779816450303466,,,,,
25d,train__c15__user6__3-3-1,15,Wipe_windows_and_tables,user6,3-3-1,73,0,0.0410958904109589,0.3942556193454878,0.3611111111111111,0.5306587844298398,,0.430786578595191,,,,,
2d,train__c15__user6__3-3-3,15,Wipe_windows_and_tables,user6,3-3-3,42,0,0.8035714285714286,0.4586260661312013,0.4148148148148148,0.6437872065836605,0.034075316949396375,0.5504396604348618,1.0,194.0,1.0,1.0,1.0
25d,train__c15__user6__3-3-3,15,Wipe_windows_and_tables,user6,3-3-3,42,0,0.7718253968253969,0.9155676420133322,0.17223650385604114,0.4498373867070519,0.03662723101726989,0.3946433978003628,1.0,194.0,1.0,1.0,1.0
2d,train__c15__user6__6-2-1,15,Wipe_windows_and_tables,user6,6-2-1,41,-2,0.7564102564102564,0.1696894536830992,0.8559322033898306,0.4549054500423479,-0.005455154535967571,0.7664851459194697,2.0,194.0,0.0,1.0,0.5
25d,train__c15__user6__6-2-1,15,Wipe_windows_and_tables,user6,6-2-1,41,0,0.7540650406504065,0.45712167585163893,0.5714285714285714,0.11869416541784164,0.16248970319747,0.5887483626323494,2.0,194.0,0.0,1.0,0.5
2d,train__c15__user6__6-2-2,15,Wipe_windows_and_tables,user6,6-2-2,17,0,0.696078431372549,0.16349596345279685,0.8380281690140845,0.5888047836957213,0.3760267850043509,0.7926058233398998,1.0,194.0,1.0,1.0,1.0
25d,train__c15__user6__6-2-2,15,Wipe_windows_and_tables,user6,6-2-2,17,0,0.696078431372549,0.4571516845062522,0.6197183098591549,0.2979639581362927,0.311794819718497,0.6386339208523066,1.0,194.0,1.0,1.0,1.0
2d,train__c15__user6__6-2-3,15,Wipe_windows_and_tables,user6,6-2-3,32,0,0.7838541666666666,0.16648987063091927,0.8571428571428571,0.5647797172263673,-0.013281165485654039,0.7802958724064508,1.0,194.0,1.0,1.0,1.0
25d,train__c15__user6__6-2-3,15,Wipe_windows_and_tables,user6,6-2-3,32,2,0.7861111111111111,0.3636726194391112,0.568904593639576,0.7279549675332601,0.023713464586945638,0.6410826442102249,1.0,194.0,1.0,1.0,1.0
2d,train__c17__user6__4-1-1,17,Tap_the_keyboard,user6,4-1-1,63,0,0.9193121693121693,0.18201335307882194,0.7856115107913669,0.4350630088471997,0.11555220680457085,0.7511902642615316,1.0,194.0,1.0,1.0,1.0
25d,train__c17__user6__4-1-1,17,Tap_the_keyboard,user6,4-1-1,63,0,0.9193121693121693,0.3798041742101022,0.4143884892086331,-0.5198710467339287,0.22402470052308845,0.45965963386180386,8.0,194.0,0.0,0.0,0.125
2d,train__c17__user6__4-1-2,17,Tap_the_keyboard,user6,4-1-2,66,-1,0.5025641025641026,0.556752359034605,0.5178571428571429,0.03310729574027486,0.25041150785064253,0.5321694314906645,110.0,194.0,0.0,0.0,0.00909090909090909
25d,train__c17__user6__4-1-2,17,Tap_the_keyboard,user6,4-1-2,66,-2,0.4921875,0.9469030684402029,0.29365079365079366,-0.16107767446012847,0.2102107526653105,0.385384725511822,115.0,194.0,0.0,0.0,0.008695652173913044
2d,train__c17__user6__4-1-3,17,Tap_the_keyboard,user6,4-1-3,59,2,0.7485380116959064,0.17597458752341386,0.755859375,0.8993440097809609,0.18615003627150745,0.7694721111180498,11.0,194.0,0.0,0.0,0.09090909090909091
25d,train__c17__user6__4-1-3,17,Tap_the_keyboard,user6,4-1-3,59,-2,0.7456140350877193,0.2492058909284397,0.6235294117647059,-0.5007585631579973,0.08758671746787446,0.548995727473651,9.0,194.0,0.0,0.0,0.1111111111111111
2d,train__c18__user6__4-1-1,18,Write,user6,4-1-1,74,0,0.9279279279279279,0.1827244919232075,0.787621359223301,0.3471197029329328,0.16496414494086512,0.7480688215294664,1.0,194.0,1.0,1.0,1.0
25d,train__c18__user6__4-1-1,18,Write,user6,4-1-1,74,0,0.9132882882882883,0.44655344624008675,0.40443896424167697,-0.3157655872510247,0.13247559250268895,0.4671293698743504,8.0,194.0,0.0,0.0,0.125
2d,train__c18__user6__4-1-2,18,Write,user6,4-1-2,61,-1,0.46111111111111114,0.5750282879085221,0.5301204819277109,0.06254613921087278,0.1874315514684077,0.5329893564525701,115.0,194.0,0.0,0.0,0.008695652173913044
25d,train__c18__user6__4-1-2,18,Write,user6,4-1-2,61,2,0.4661016949152542,0.9805897289394613,0.29393939393939394,-0.16150434681467246,0.21885439565217288,0.3835404811506378,118.0,194.0,0.0,0.0,0.00847457627118644
2d,train__c18__user6__4-1-3,18,Write,user6,4-1-3,58,2,0.7485119047619048,0.17617550744857421,0.7554671968190855,0.8988675205249832,0.19244755477499037,0.7696784673873102,9.0,194.0,0.0,0.0,0.1111111111111111
25d,train__c18__user6__4-1-3,18,Write,user6,4-1-3,58,2,0.7455357142857143,0.24954165681494192,0.6207584830339321,-0.48427401222861477,0.0840010372888823,0.5488434136710388,13.0,194.0,0.0,0.0,0.07692307692307693
2d,train__c19__user6__4-1-1,19,Make_a_phone_call,user6,4-1-1,23,-1,0.9848484848484849,0.3400428791802102,0.5076923076923077,0.21398927552564176,0.35689706258076753,0.6008818249617395,26.0,194.0,0.0,0.0,0.038461538461538464
25d,train__c19__user6__4-1-1,19,Make_a_phone_call,user6,4-1-1,23,0,0.8913043478260869,0.7059077408066026,0.21138211382113822,0.40796362186720764,0.09654899359237114,0.42842813409038333,20.0,194.0,0.0,0.0,0.05
2d,train__c19__user6__4-1-2,19,Make_a_phone_call,user6,4-1-2,36,-1,0.9523809523809523,0.21164435968974554,0.7325,0.2773725404218332,0.26553607005655677,0.7207655545345204,1.0,194.0,1.0,1.0,1.0
25d,train__c19__user6__4-1-2,19,Make_a_phone_call,user6,4-1-2,36,0,0.9537037037037037,0.5820713560048516,0.38106796116504854,0.4412557226179876,0.1589400870899055,0.5360038278046888,3.0,194.0,0.0,1.0,0.3333333333333333
2d,train__c19__user6__4-1-3,19,Make_a_phone_call,user6,4-1-3,14,0,0.9880952380952381,0.2025050660402976,0.7590361445783133,0.6954697394698882,-0.012743267213645574,0.7598706322335615,1.0,194.0,1.0,1.0,1.0
25d,train__c19__user6__4-1-3,19,Make_a_phone_call,user6,4-1-3,14,-1,1.0,0.7417158904167546,0.2564102564102564,0.34699570927364437,0.07089973342560502,0.45604269195992586,15.0,194.0,0.0,0.0,0.06666666666666667
2d,train__c20__user6__4-1-1,20,Check_the_time,user6,4-1-1,25,0,0.95,0.1985048074800361,0.7789473684210526,0.513017858682647,0.3556248008865175,0.7763946985663324,1.0,194.0,1.0,1.0,1.0
25d,train__c20__user6__4-1-1,20,Check_the_time,user6,4-1-1,25,-2,0.8913043478260869,0.6759631665934596,0.3983739837398374,0.23990338486853674,0.38564621747593025,0.5361499306370677,2.0,194.0,0.0,1.0,0.5
2d,train__c20__user6__4-1-2,20,Check_the_time,user6,4-1-2,9,-1,0.9583333333333334,0.3911689467781716,0.5978260869565217,-0.13457257364090883,0.22181053619106053,0.6028162140096589,70.0,194.0,0.0,0.0,0.014285714285714285
25d,train__c20__user6__4-1-2,20,Check_the_time,user6,4-1-2,9,1,0.9791666666666666,1.063416596609842,0.30851063829787234,-0.24024031749105815,0.0699791143004166,0.4238219195539219,79.0,194.0,0.0,0.0,0.012658227848101266
2d,train__c20__user6__4-1-3,20,Check_the_time,user6,4-1-3,14,-1,0.9038461538461539,0.2653657300265667,0.6950354609929078,0.24048300358841335,0.44056627306970825,0.7047448897697842,1.0,194.0,1.0,1.0,1.0
25d,train__c20__user6__4-1-3,20,Check_the_time,user6,4-1-3,14,-1,0.8974358974358975,0.8087978438228391,0.42142857142857143,0.11470463842058748,0.35126673340046166,0.5343447728763975,19.0,194.0,0.0,0.0,0.05263157894736842
2d,train__c20__user6__5-3-1,20,Check_the_time,user6,5-3-1,17,0,1.0,0.10580640093195998,0.9901960784313726,0.9754355231314317,0.33467810015441146,0.9422522529619789,1.0,194.0,1.0,1.0,1.0
25d,train__c20__user6__5-3-1,20,Check_the_time,user6,5-3-1,17,0,1.0,0.24069681104699003,0.6421568627450981,0.9079140591313012,0.3230765307609609,0.7432084202300062,1.0,194.0,1.0,1.0,1.0
2d,train__c20__user6__5-3-2,20,Check_the_time,user6,5-3-2,28,0,1.0,0.1332420440143095,0.9226190476190477,0.7863782425961858,0.23981852781032356,0.8790646900358691,1.0,194.0,1.0,1.0,1.0
25d,train__c20__user6__5-3-2,20,Check_the_time,user6,5-3-2,28,0,1.0,0.2407750548610363,0.4642857142857143,0.8653203563324755,0.1473551625357831,0.6279408156805741,2.0,194.0,0.0,1.0,0.5
2d,train__c20__user6__5-3-3,20,Check_the_time,user6,5-3-3,16,0,1.0,0.1626563681153115,0.8177083333333334,0.8310420520378148,0.1443371978963239,0.8186690783793391,1.0,194.0,1.0,1.0,1.0
25d,train__c20__user6__5-3-3,20,Check_the_time,user6,5-3-3,16,0,1.0,0.44768378345729587,0.4270833333333333,0.5252028510051151,0.08192760760602215,0.5685606890042965,1.0,194.0,1.0,1.0,1.0
2d,train__c20__user6__6-2-1,20,Check_the_time,user6,6-2-1,12,1,0.6666666666666666,0.1340823140062643,0.8636363636363636,0.9589011321240323,0.6140361373605888,0.858609490181114,3.0,194.0,0.0,1.0,0.3333333333333333
25d,train__c20__user6__6-2-1,20,Check_the_time,user6,6-2-1,12,0,0.6319444444444444,0.24138750051245603,0.5054945054945055,0.8707749850068571,0.6421833513911845,0.651457672321447,9.0,194.0,0.0,0.0,0.1111111111111111
2d,train__c20__user6__6-2-3,20,Check_the_time,user6,6-2-3,17,0,0.6666666666666666,0.13245410285078968,0.8602941176470589,0.9492317185545244,0.5812670929193511,0.8533466351969528,1.0,194.0,1.0,1.0,1.0
25d,train__c20__user6__6-2-3,20,Check_the_time,user6,6-2-3,17,0,0.6568627450980392,0.18596433153456368,0.6268656716417911,0.964748219594838,0.5498184972189533,0.7231736031636944,1.0,194.0,1.0,1.0,1.0
2d,train__c20__user6__7-3-1,20,Check_the_time,user6,7-3-1,12,0,0.8541666666666666,0.1510081525307962,0.8780487804878049,0.6106312945164739,0.5497263654078042,0.8456361027921921,1.0,194.0,1.0,1.0,1.0
25d,train__c20__user6__7-3-1,20,Check_the_time,user6,7-3-1,12,0,0.8541666666666666,0.5897588009171165,0.45528455284552843,0.718192868368703,0.42267069343932534,0.6143427595765271,1.0,194.0,1.0,1.0,1.0
2d,train__c20__user6__7-3-2,20,Check_the_time,user6,7-3-2,14,-1,0.9230769230769231,0.17766545334162767,0.9097222222222222,0.5167837546118356,0.7078076478328794,0.8724188635785641,2.0,194.0,0.0,1.0,0.5
25d,train__c20__user6__7-3-2,20,Check_the_time,user6,7-3-2,14,0,0.875,0.5800154817812514,0.35374149659863946,0.5112663492697442,0.44128190153957186,0.541280600671694,3.0,194.0,0.0,1.0,0.3333333333333333
2d,train__c21__user6__4-1-1,21,Read_documents,user6,4-1-1,47,-1,0.8586956521739131,0.15715170204852807,0.8227848101265823,0.16067156441393804,0.1517633087474147,0.7408506153844616,1.0,194.0,1.0,1.0,1.0
25d,train__c21__user6__4-1-1,21,Read_documents,user6,4-1-1,47,-1,0.8568840579710145,0.42524243172293835,0.5665961945031712,0.5654288299926367,0.06465358402930811,0.6337082145753075,1.0,194.0,1.0,1.0,1.0
2d,train__c21__user6__4-1-2,21,Read_documents,user6,4-1-2,37,-1,0.9328703703703703,0.1456888188425079,0.8138957816377171,0.18395393927577514,0.16171595616145137,0.7464538075774678,3.0,194.0,0.0,1.0,0.3333333333333333
25d,train__c21__user6__4-1-2,21,Read_documents,user6,4-1-2,37,-2,0.9119047619047619,0.6089337037257126,0.4151436031331593,0.7679277930678886,0.13378463424171247,0.5813460847886311,3.0,194.0,0.0,1.0,0.3333333333333333
2d,train__c21__user6__4-1-3,21,Read_documents,user6,4-1-3,26,-1,0.94,0.17101771194896534,0.7907801418439716,0.16599513118512052,0.0165982956193884,0.7217734633041506,2.0,194.0,0.0,1.0,0.5
25d,train__c21__user6__4-1-3,21,Read_documents,user6,4-1-3,26,-2,0.9444444444444444,0.6122110933251435,0.5110294117647058,0.81615718425928,0.2681282169645493,0.6522359556133018,1.0,194.0,1.0,1.0,1.0
2d,train__c21__user6__7-3-1,21,Read_documents,user6,7-3-1,52,1,1.0,0.28406885633883117,0.5049019607843137,0.15202841791949764,0.1803687988730528,0.5814265801388013,21.0,194.0,0.0,0.0,0.047619047619047616
25d,train__c21__user6__7-3-1,21,Read_documents,user6,7-3-1,52,1,0.9950980392156863,0.3732715591880013,0.3645320197044335,0.5363292174858143,0.10132258418538542,0.5362345303214924,16.0,194.0,0.0,0.0,0.0625
2d,train__c21__user6__7-3-2,21,Read_documents,user6,7-3-2,42,2,0.8875,0.2085271825855835,0.7370892018779343,0.2654701755742944,0.07984245840159145,0.7016842629704126,7.0,194.0,0.0,0.0,0.14285714285714285
25d,train__c21__user6__7-3-2,21,Read_documents,user6,7-3-2,42,1,0.8882113821138211,0.36441466192473054,0.448512585812357,0.5729230469883887,0.154917059180234,0.5794141445455349,5.0,194.0,0.0,1.0,0.2
2d,train__c21__user6__7-3-3,21,Read_documents,user6,7-3-3,48,2,0.8786231884057971,0.20816518128168418,0.6989690721649484,-0.12573038468659484,0.07696039436046999,0.6404942996396771,9.0,194.0,0.0,0.0,0.1111111111111111
25d,train__c21__user6__7-3-3,21,Read_documents,user6,7-3-3,48,-1,0.8812056737588653,0.806511332380641,0.4567404426559356,0.5672732518889457,0.14513037104557303,0.5819399138539637,19.0,194.0,0.0,0.0,0.05263157894736842
2d,train__c22__user6__4-1-1,22,Turn_pages,user6,4-1-1,35,1,0.8357843137254902,0.17058205326388481,0.8093841642228738,0.1251827581826684,0.10945492363409905,0.7244671167859541,1.0,194.0,1.0,1.0,1.0
25d,train__c22__user6__4-1-1,22,Turn_pages,user6,4-1-1,35,-1,0.8333333333333334,0.4385999275566615,0.5676470588235294,0.5223068098884724,0.04378541902257451,0.6260538031018149,1.0,194.0,1.0,1.0,1.0
2d,train__c22__user6__4-1-2,22,Turn_pages,user6,4-1-2,30,-2,0.9285714285714286,0.14558585469957697,0.8108974358974359,0.1675047537424803,0.1313434321518289,0.7404519653863678,3.0,194.0,0.0,1.0,0.3333333333333333
25d,train__c22__user6__4-1-2,22,Turn_pages,user6,4-1-2,30,-2,0.8988095238095238,0.6057510335245921,0.4271523178807947,0.7871014266183491,0.17448910698338133,0.591611552900978,4.0,194.0,0.0,1.0,0.25
2d,train__c22__user6__4-1-3,22,Turn_pages,user6,4-1-3,18,1,0.9166666666666666,0.15906735107032055,0.839572192513369,-0.2827408445002734,-0.18118948282426076,0.6865680768871727,4.0,194.0,0.0,1.0,0.25
25d,train__c22__user6__4-1-3,22,Turn_pages,user6,4-1-3,18,-1,0.9264705882352942,0.37590517258921385,0.5608465608465608,0.7241002412961871,0.16320766513305213,0.6607632663037355,6.0,194.0,0.0,0.0,0.16666666666666666
2d,train__c22__user6__7-3-1,22,Turn_pages,user6,7-3-1,42,1,1.0,0.291849686630928,0.5020325203252033,0.07677751174168472,0.21620707122533864,0.5750111676949308,21.0,194.0,0.0,0.0,0.047619047619047616
25d,train__c22__user6__7-3-1,22,Turn_pages,user6,7-3-1,42,1,0.9939024390243902,0.3606923754308813,0.37014314928425357,0.5774588564304357,0.12562852831313417,0.5451370012753072,18.0,194.0,0.0,0.0,0.05555555555555555
2d,train__c22__user6__7-3-2,22,Turn_pages,user6,7-3-2,40,2,0.8837719298245614,0.20858104953624163,0.7344913151364765,0.28088162183168985,0.08514591025853248,0.7018215217600772,7.0,194.0,0.0,0.0,0.14285714285714285
25d,train__c22__user6__7-3-2,22,Turn_pages,user6,7-3-2,40,1,0.8846153846153846,0.3527411011183051,0.45893719806763283,0.5801020217013634,0.1478917242467426,0.5849790788873787,5.0,194.0,0.0,1.0,0.2
2d,train__c22__user6__7-3-3,22,Turn_pages,user6,7-3-3,39,2,0.8558558558558559,0.19743684204546613,0.7473684210526316,-0.13954882538939736,0.16839002649683507,0.6703125866128559,9.0,194.0,0.0,0.0,0.1111111111111111
25d,train__c22__user6__7-3-3,22,Turn_pages,user6,7-3-3,39,2,0.8558558558558559,0.851361555107058,0.4763157894736842,0.5126058152265625,0.12522967685798492,0.5832120770831171,26.0,194.0,0.0,0.0,0.038461538461538464
2d,train__c23__user6__4-1-1,23,Listen_to_music_with_headphones,user6,4-1-1,45,-1,0.928030303030303,0.23837924776270214,0.6469387755102041,0.9407488717852458,0.19479687727859485,0.7323040098080619,1.0,194.0,1.0,1.0,1.0
25d,train__c23__user6__4-1-1,23,Listen_to_music_with_headphones,user6,4-1-1,45,1,0.8996212121212122,0.6938233677415604,0.14947368421052631,0.6925501233619972,0.2086195609868704,0.43207412693812575,27.0,194.0,0.0,0.0,0.037037037037037035
2d,train__c23__user6__4-1-2,23,Listen_to_music_with_headphones,user6,4-1-2,41,0,0.9573170731707317,0.2326258784898911,0.6942675159235668,0.899841066389735,0.2246579633890664,0.7594122949681885,1.0,194.0,1.0,1.0,1.0
25d,train__c23__user6__4-1-2,23,Listen_to_music_with_headphones,user6,4-1-2,41,0,0.9532520325203252,0.7794944996138189,0.18336886993603413,0.5325803012173398,0.16403747339634636,0.4367389223433113,16.0,194.0,0.0,0.0,0.0625
2d,train__c23__user6__4-1-3,23,Listen_to_music_with_headphones,user6,4-1-3,32,0,1.0,0.20637073820804921,0.7317708333333334,0.8993371079973966,0.28558649211559095,0.7888266560417424,1.0,194.0,1.0,1.0,1.0
25d,train__c23__user6__4-1-3,23,Listen_to_music_with_headphones,user6,4-1-3,32,1,0.9946236559139785,0.5464237616592149,0.31891891891891894,0.71328068493276,0.1447626182407651,0.5320530358581367,2.0,194.0,0.0,1.0,0.5
2d,train__c24__user6__5-1-1,24,Use_a_mobile_phone,user6,5-1-1,99,0,1.0,0.2679120247669309,0.5025252525252525,0.9571212974855452,-0.01808119782689114,0.6457449288004266,1.0,194.0,1.0,1.0,1.0
25d,train__c24__user6__5-1-1,24,Use_a_mobile_phone,user6,5-1-1,99,2,0.9690721649484536,0.806604915892754,0.2907801418439716,0.8621308634180482,-0.03679584644799975,0.5152896923672347,1.0,194.0,1.0,1.0,1.0
2d,train__c24__user6__5-1-2,24,Use_a_mobile_phone,user6,5-1-2,87,2,1.0,0.16575339285093924,0.7852941176470588,0.39681206824249615,0.024931475547712575,0.7484628321962105,1.0,194.0,1.0,1.0,1.0
25d,train__c24__user6__5-1-2,24,Use_a_mobile_phone,user6,5-1-2,87,-2,1.0,0.20585703280448403,0.6107843137254902,0.230268355309557,0.0075203597335194465,0.6345222350599893,1.0,194.0,1.0,1.0,1.0
2d,train__c24__user6__5-1-3,24,Use_a_mobile_phone,user6,5-1-3,53,-2,1.0,0.20568981062095265,0.5392156862745098,0.84194404221332,0.055396339954971695,0.6599177571689352,1.0,194.0,1.0,1.0,1.0
25d,train__c24__user6__5-1-3,24,Use_a_mobile_phone,user6,5-1-3,53,-2,0.9901960784313726,0.42908648425901325,0.04455445544554455,0.553428297638629,0.08262396247539608,0.36006418528770445,1.0,194.0,1.0,1.0,1.0
2d,train__c24__user6__6-2-1,24,Use_a_mobile_phone,user6,6-2-1,12,1,0.6666666666666666,0.1340823140062643,0.8636363636363636,0.9589011321240323,0.6140361373605888,0.858609490181114,3.0,194.0,0.0,1.0,0.3333333333333333
25d,train__c24__user6__6-2-1,24,Use_a_mobile_phone,user6,6-2-1,12,0,0.6319444444444444,0.24138750051245603,0.5054945054945055,0.8707749850068571,0.6421833513911845,0.651457672321447,9.0,194.0,0.0,0.0,0.1111111111111111
2d,train__c24__user6__6-2-3,24,Use_a_mobile_phone,user6,6-2-3,17,0,0.6666666666666666,0.13245410285078968,0.8602941176470589,0.9492317185545244,0.5812670929193511,0.8533466351969528,1.0,194.0,1.0,1.0,1.0
25d,train__c24__user6__6-2-3,24,Use_a_mobile_phone,user6,6-2-3,17,0,0.6568627450980392,0.18596433153456368,0.6268656716417911,0.964748219594838,0.5498184972189533,0.7231736031636944,1.0,194.0,1.0,1.0,1.0
2d,train__c26__user6__5-3-1,26,Play_games,user6,5-3-1,26,0,1.0,0.12626922585255454,0.9358974358974359,0.8702658578015526,0.3487801153214165,0.9029286841728513,1.0,194.0,1.0,1.0,1.0
25d,train__c26__user6__5-3-1,26,Play_games,user6,5-3-1,26,-1,0.9966666666666667,0.37784306233806697,0.6655518394648829,0.9121319008967007,0.41172425148041575,0.7628126873230536,1.0,194.0,1.0,1.0,1.0
2d,train__c26__user6__5-3-2,26,Play_games,user6,5-3-2,23,0,1.0,0.12349894822738414,0.9528985507246377,0.8210275029263308,0.2841477399646378,0.9025080336885317,1.0,194.0,1.0,1.0,1.0
25d,train__c26__user6__5-3-2,26,Play_games,user6,5-3-2,23,1,1.0,0.24468179648599522,0.571969696969697,0.8401080528616143,0.3052226920177887,0.696485840520829,1.0,194.0,1.0,1.0,1.0
2d,train__c28__user6__4-1-1,28,Jog_in_place,user6,4-1-1,20,0,0.9791666666666666,0.09544293514785328,0.9744680851063829,0.9115269187116003,0.5384284039801769,0.9404089356448506,1.0,194.0,1.0,1.0,1.0
25d,train__c28__user6__4-1-1,28,Jog_in_place,user6,4-1-1,20,-1,0.9605263157894737,0.3979349635363114,0.5753424657534246,0.8293309615770231,0.4593662696034502,0.704876554121292,1.0,194.0,1.0,1.0,1.0
2d,train__c28__user6__4-1-2,28,Jog_in_place,user6,4-1-2,14,0,1.0,0.09011949942046603,0.9821428571428571,0.9248040091453892,0.3179469325396423,0.9315049922835834,1.0,194.0,1.0,1.0,1.0
25d,train__c28__user6__4-1-2,28,Jog_in_place,user6,4-1-2,14,-1,0.9935897435897436,0.4650725129140341,0.5096774193548387,0.8858379697748495,0.2156514890989204,0.6594392136640396,1.0,194.0,1.0,1.0,1.0
2d,train__c29__user6__3-1-1,29,Do_squats,user6,3-1-1,17,0,0.9215686274509803,0.16079202688232225,0.8138297872340425,0.8909915618785129,0.3205480255488677,0.8279035038278378,1.0,194.0,1.0,1.0,1.0
25d,train__c29__user6__3-1-1,29,Do_squats,user6,3-1-1,17,0,0.9019607843137255,0.43923205872230014,0.41304347826086957,0.7222784782149325,0.30088916685485073,0.5871645268104579,1.0,194.0,1.0,1.0,1.0
2d,train__c29__user6__3-1-2,29,Do_squats,user6,3-1-2,47,0,0.9964539007092199,0.22569075147427928,0.6619217081850534,0.969408326190503,0.4653333410592659,0.7705431627711966,1.0,194.0,1.0,1.0,1.0
25d,train__c29__user6__3-1-2,29,Do_squats,user6,3-1-2,47,1,0.8007246376811594,0.35155595254950767,0.39819004524886875,0.9274206694731958,0.2426456589173661,0.5850174800211158,1.0,194.0,1.0,1.0,1.0
2d,train__c29__user6__3-1-3,29,Do_squats,user6,3-1-3,16,0,1.0,0.21264788107306432,0.75,0.8895757484705274,0.5307164686131551,0.8162613099930394,1.0,194.0,1.0,1.0,1.0
25d,train__c29__user6__3-1-3,29,Do_squats,user6,3-1-3,16,0,0.984375,0.6372679031943943,0.38095238095238093,0.6197486831808172,0.14960248937614443,0.5561563645451022,1.0,194.0,1.0,1.0,1.0
2d,train__c30__user6__6-1-1,30,Do_jumping_jacks,user6,6-1-1,42,0,0.9285714285714286,0.11095790157993338,0.9145299145299145,0.6583130902877468,0.3154142637287741,0.8603359746570285,1.0,194.0,1.0,1.0,1.0
25d,train__c30__user6__6-1-1,30,Do_jumping_jacks,user6,6-1-1,42,0,0.9285714285714286,0.23255836235343036,0.4935897435897436,0.5359693067983852,0.21463180901488946,0.609025818187457,1.0,194.0,1.0,1.0,1.0
2d,train__c30__user6__6-1-2,30,Do_jumping_jacks,user6,6-1-2,37,0,0.9391891891891891,0.12120597199726241,0.882494004796163,0.5629145088463032,0.5002299824037281,0.8480993211217185,1.0,194.0,1.0,1.0,1.0
25d,train__c30__user6__6-1-2,30,Do_jumping_jacks,user6,6-1-2,37,0,0.9369369369369369,0.3316241575066717,0.39903846153846156,0.593286679417709,0.3907159926578509,0.5767972149309574,1.0,194.0,1.0,1.0,1.0
2d,train__c30__user6__6-1-3,30,Do_jumping_jacks,user6,6-1-3,41,0,0.9247967479674797,0.11035978850158341,0.9186813186813186,0.6596448051108292,0.44771329531710435,0.8722973777313391,1.0,194.0,1.0,1.0,1.0
25d,train__c30__user6__6-1-3,30,Do_jumping_jacks,user6,6-1-3,41,0,0.9247967479674797,0.25557968681294585,0.4725274725274725,0.48122546591961896,0.4052872630009741,0.6058888760038929,1.0,194.0,1.0,1.0,1.0
2d,train__c32__user6__4-1-1,32,Stand_up,user6,4-1-1,12,-1,0.9848484848484849,0.25034759196618844,0.6076923076923076,0.5159530450355571,0.22962944884219572,0.6765331308823381,2.0,194.0,0.0,1.0,0.5
25d,train__c32__user6__4-1-1,32,Stand_up,user6,4-1-1,12,-1,0.9848484848484849,0.6484829824421217,0.2846153846153846,0.31299109168944367,0.051298666324615216,0.46516981916660055,1.0,194.0,1.0,1.0,1.0
2d,train__c32__user6__4-1-2,32,Stand_up,user6,4-1-2,14,0,0.8928571428571429,0.21702552845670692,0.7666666666666667,0.7263006736979843,0.3290662646409848,0.7832624181702533,1.0,194.0,1.0,1.0,1.0
25d,train__c32__user6__4-1-2,32,Stand_up,user6,4-1-2,14,0,0.8928571428571429,0.505366374322903,0.31333333333333335,0.45478820599493397,0.11055636738100988,0.4903895957721168,1.0,194.0,1.0,1.0,1.0
2d,train__c33__user6__5-3-1,33,Lie_down,user6,5-3-1,52,0,0.9711538461538461,0.24579768949574032,0.7425742574257426,0.5486251824371594,0.3716674915421796,0.7632688063089225,1.0,194.0,1.0,1.0,1.0
25d,train__c33__user6__5-3-1,33,Lie_down,user6,5-3-1,52,0,0.969551282051282,0.49910599832088737,0.4975206611570248,0.4200415108217619,0.42028759756103545,0.6191172127407457,3.0,194.0,0.0,1.0,0.3333333333333333
2d,train__c33__user6__5-3-2,33,Lie_down,user6,5-3-2,48,0,0.9861111111111112,0.1761696652566056,0.7552816901408451,0.6319416160842521,0.4303994109976608,0.7844901581218257,1.0,194.0,1.0,1.0,1.0
25d,train__c33__user6__5-3-2,33,Lie_down,user6,5-3-2,48,0,0.9861111111111112,0.7267447594075046,0.4154929577464789,0.42068763374279605,0.32301717141647573,0.5684272891021898,4.0,194.0,0.0,1.0,0.25
2d,train__c33__user6__5-3-3,33,Lie_down,user6,5-3-3,29,0,0.985632183908046,0.176050994110952,0.7784256559766763,0.7605002856413351,0.3384104524353387,0.8031281416747605,1.0,194.0,1.0,1.0,1.0
25d,train__c33__user6__5-3-3,33,Lie_down,user6,5-3-3,29,0,0.985632183908046,0.5501308239038094,0.3935860058309038,0.679312255542046,0.26309112757550673,0.5776985817201694,4.0,194.0,0.0,1.0,0.25
2d,train__c33__user6__6-1-1,33,Lie_down,user6,6-1-1,59,0,1.0,0.20369333342915807,0.7005649717514124,0.4918163752397719,0.32820724293071263,0.7341079152070575,1.0,194.0,1.0,1.0,1.0
25d,train__c33__user6__6-1-1,33,Lie_down,user6,6-1-1,59,0,1.0,0.6146208729253908,0.4251412429378531,0.4723828414883166,0.3062804736802021,0.5790370032906661,1.0,194.0,1.0,1.0,1.0
2d,train__c33__user6__6-1-2,33,Lie_down,user6,6-1-2,22,0,1.0,0.174358312797248,0.7234848484848485,0.5142445880705484,0.5436994404693068,0.7651185835089195,1.0,194.0,1.0,1.0,1.0
25d,train__c33__user6__6-1-2,33,Lie_down,user6,6-1-2,22,0,1.0,0.5198028446653965,0.4356060606060606,0.49434948966562253,0.3299668399288031,0.5887657952945559,1.0,194.0,1.0,1.0,1.0
2d,train__c33__user6__6-1-3,33,Lie_down,user6,6-1-3,32,-1,0.9919354838709677,0.24290140674912553,0.6585365853658537,0.49297093680686727,0.40668788694750885,0.7161873555400663,1.0,194.0,1.0,1.0,1.0
25d,train__c33__user6__6-1-3,33,Lie_down,user6,6-1-3,32,-1,0.989247311827957,0.5675024847377431,0.47282608695652173,0.3444573368866726,0.3693128911977083,0.5961232795373781,1.0,194.0,1.0,1.0,1.0
2d,train__c34__user6__4-1-1,34,Sit_down,user6,4-1-1,11,0,0.9621212121212122,0.13324295620794843,0.889763779527559,0.8155119461839442,0.3666992669764935,0.8696358395939101,1.0,194.0,1.0,1.0,1.0
25d,train__c34__user6__4-1-1,34,Sit_down,user6,4-1-1,11,0,0.9545454545454546,0.5997265587923227,0.47619047619047616,0.5783450146145589,0.14478750618512262,0.6010528717846475,1.0,194.0,1.0,1.0,1.0
2d,train__c34__user6__4-1-2,34,Sit_down,user6,4-1-2,10,0,0.9916666666666667,0.1714301018376542,0.8151260504201681,0.5836981639479625,0.33213433955703003,0.8057658862593327,1.0,194.0,1.0,1.0,1.0
25d,train__c34__user6__4-1-2,34,Sit_down,user6,4-1-2,10,0,0.9916666666666667,0.5907261379770505,0.37815126050420167,0.3556786603581952,0.12732431572411165,0.5272670496591055,1.0,194.0,1.0,1.0,1.0
2d,train__c34__user6__4-1-3,34,Sit_down,user6,4-1-3,11,0,0.9772727272727273,0.2659729275403895,0.7984496124031008,0.5297321726771264,0.1168886138739909,0.7736144228572401,2.0,194.0,0.0,1.0,0.5
25d,train__c34__user6__4-1-3,34,Sit_down,user6,4-1-3,11,0,0.9772727272727273,0.6284743513518094,0.46511627906976744,0.47353842697089893,0.1961308151907052,0.5906048800520376,11.0,194.0,0.0,0.0,0.09090909090909091
2d,train__c34__user6__5-1-2,34,Sit_down,user6,5-1-2,87,2,1.0,0.16575339285093924,0.7852941176470588,0.39681206824249615,0.024931475547712575,0.7484628321962105,1.0,194.0,1.0,1.0,1.0
25d,train__c34__user6__5-1-2,34,Sit_down,user6,5-1-2,87,-2,1.0,0.20585703280448403,0.6107843137254902,0.230268355309557,0.0075203597335194465,0.6345222350599893,1.0,194.0,1.0,1.0,1.0
2d,train__c34__user6__5-3-1,34,Sit_down,user6,5-3-1,20,0,0.8958333333333334,0.31092554057195676,0.627906976744186,0.5324506290994047,0.26150487147675366,0.6827900988133327,1.0,194.0,1.0,1.0,1.0
25d,train__c34__user6__5-3-1,34,Sit_down,user6,5-3-1,20,1,0.8991228070175439,0.45283522062839077,0.3804878048780488,0.48170539478594543,0.4357011753392302,0.555028701013718,1.0,194.0,1.0,1.0,1.0
2d,train__c34__user6__5-3-2,34,Sit_down,user6,5-3-2,9,0,0.9259259259259259,0.1103923711969052,0.93,0.8788590924969102,0.6569268963251869,0.9162480190666726,1.0,194.0,1.0,1.0,1.0
25d,train__c34__user6__5-3-2,34,Sit_down,user6,5-3-2,9,0,0.9259259259259259,0.20240868332180997,0.62,0.8634808172403403,0.56110731871369,0.7370237232201534,1.0,194.0,1.0,1.0,1.0
2d,train__c34__user6__5-3-3,34,Sit_down,user6,5-3-3,9,0,0.9722222222222222,0.10400033921322059,0.9714285714285714,0.8602466588196694,0.6516132721824524,0.9414035978035875,1.0,194.0,1.0,1.0,1.0
25d,train__c34__user6__5-3-3,34,Sit_down,user6,5-3-3,9,0,0.9722222222222222,0.2854607222747869,0.6,0.5793485558930718,0.5609331733609023,0.7022270658135971,1.0,194.0,1.0,1.0,1.0
2d,train__c34__user6__7-1-1,34,Sit_down,user6,7-1-1,22,0,0.9810606060606061,0.18114528472343247,0.7876447876447876,0.8215882489896331,0.2870634468042379,0.809999277219975,1.0,194.0,1.0,1.0,1.0
25d,train__c34__user6__7-1-1,34,Sit_down,user6,7-1-1,22,0,0.9356060606060606,0.41295448965465187,0.42105263157894735,0.27534176432882873,0.26629985129569983,0.5476462187090874,1.0,194.0,1.0,1.0,1.0
2d,train__c34__user6__7-1-2,34,Sit_down,user6,7-1-2,19,0,0.9254385964912281,0.24413385715337277,0.5924170616113744,0.6912941414616844,-0.01499604711587012,0.6613779541478569,1.0,194.0,1.0,1.0,1.0
25d,train__c34__user6__7-1-2,34,Sit_down,user6,7-1-2,19,0,0.868421052631579,0.5496649849970331,0.2474747474747475,0.039124036653010716,0.08475746861165466,0.4082224301854442,4.0,194.0,0.0,1.0,0.25
2d,train__c34__user6__7-1-3,34,Sit_down,user6,7-1-3,10,0,0.9416666666666667,0.26280877900349137,0.6991150442477876,0.7590957476888917,-0.06995645724793433,0.7243427814782439,1.0,194.0,1.0,1.0,1.0
25d,train__c34__user6__7-1-3,34,Sit_down,user6,7-1-3,10,0,0.85,0.5241775799136825,0.43137254901960786,0.18013746986234938,0.01195291337123373,0.5161651174498618,38.0,194.0,0.0,0.0,0.02631578947368421
2d,train__c34__user6__7-3-1,34,Sit_down,user6,7-3-1,32,0,0.8984375,0.15322373694397926,0.8521739130434782,0.713069397670194,0.3976546341442149,0.8346704395017486,1.0,194.0,1.0,1.0,1.0
25d,train__c34__user6__7-3-1,34,Sit_down,user6,7-3-1,32,0,0.8645833333333334,0.5791278752661068,0.4578313253012048,0.6460364558660843,0.2778520243051705,0.5987081096584922,1.0,194.0,1.0,1.0,1.0
2d,train__c34__user6__7-3-2,34,Sit_down,user6,7-3-2,11,0,0.9848484848484849,0.1695424809023279,0.8307692307692308,0.8309330502516483,0.3346963953872603,0.8386034600871349,1.0,194.0,1.0,1.0,1.0
25d,train__c34__user6__7-3-2,34,Sit_down,user6,7-3-2,11,0,0.8939393939393939,0.5569498442353568,0.3813559322033898,0.463080517670239,0.2800224933130153,0.5414494408713039,14.0,194.0,0.0,0.0,0.07142857142857142
2d,train__c34__user6__7-3-3,34,Sit_down,user6,7-3-3,12,0,0.9583333333333334,0.153617974481127,0.8260869565217391,0.4645551528378118,0.4198479220629645,0.8031252688587934,1.0,194.0,1.0,1.0,1.0
25d,train__c34__user6__7-3-3,34,Sit_down,user6,7-3-3,12,0,0.9513888888888888,0.5230299124920469,0.46715328467153283,0.49337495902873363,0.1882561007822158,0.5905298989197715,1.0,194.0,1.0,1.0,1.0
2d,train__c35__user6__6-1-1,35,Do_lunges,user6,6-1-1,50,0,0.9066666666666666,0.13065486024464842,0.8639705882352942,0.5563397987228804,0.31927956900449467,0.8204304377437036,1.0,194.0,1.0,1.0,1.0
25d,train__c35__user6__6-1-1,35,Do_lunges,user6,6-1-1,50,0,0.9066666666666666,0.4409912851519295,0.5367647058823529,0.5684031404661306,0.25968509372403903,0.6372039509778769,1.0,194.0,1.0,1.0,1.0
2d,train__c35__user6__6-1-2,35,Do_lunges,user6,6-1-2,37,0,0.8896396396396397,0.176840761312635,0.7949367088607595,0.7362320486868431,0.26423741450492705,0.7946201647939356,1.0,194.0,1.0,1.0,1.0
25d,train__c35__user6__6-1-2,35,Do_lunges,user6,6-1-2,37,0,0.8896396396396397,0.46259886732966676,0.4278481012658228,0.667948999772594,0.16092165980525808,0.5781444441228203,1.0,194.0,1.0,1.0,1.0
2d,train__c35__user6__6-1-3,35,Do_lunges,user6,6-1-3,41,0,0.8556910569105691,0.15089878249688052,0.831353919239905,0.5494028685435095,0.3765309463119994,0.8009938691007555,1.0,194.0,1.0,1.0,1.0
25d,train__c35__user6__6-1-3,35,Do_lunges,user6,6-1-3,41,0,0.8556910569105691,0.3418697933287301,0.5083135391923991,0.5060085597285788,0.34491048658459844,0.6166106947135792,1.0,194.0,1.0,1.0,1.0
2d,train__c36__user6__1-1-1,36,Walk,user6,1-1-1,26,-1,0.4533333333333333,0.130585476285796,0.8897058823529411,0.8165210387789603,0.3407779023571934,0.8168820151821367,1.0,194.0,1.0,1.0,1.0
25d,train__c36__user6__1-1-1,36,Walk,user6,1-1-1,26,0,0.3685897435897436,0.29857390971275344,0.5304347826086957,0.456017210202135,-0.07855523347605026,0.5433081833032667,4.0,194.0,0.0,1.0,0.25
2d,train__c36__user6__1-1-2,36,Walk,user6,1-1-2,24,1,0.5217391304347826,0.12842685057636624,0.9097222222222222,0.857801837218429,0.40217454726088825,0.8434644100321101,1.0,194.0,1.0,1.0,1.0
25d,train__c36__user6__1-1-2,36,Walk,user6,1-1-2,24,1,0.38768115942028986,0.2782504678908262,0.5327102803738317,-0.06299421119294159,0.24942766236564673,0.5191664237057658,5.0,194.0,0.0,1.0,0.2
2d,train__c36__user6__1-1-3,36,Walk,user6,1-1-3,15,0,0.6055555555555555,0.15760084151094972,0.8990825688073395,0.8570453927565915,0.29594836345507514,0.8379516349343822,1.0,194.0,1.0,1.0,1.0
25d,train__c36__user6__1-1-3,36,Walk,user6,1-1-3,15,0,0.5166666666666667,0.33043288294756734,0.4731182795698925,0.8265041363694285,0.1473264267694024,0.5805816160747556,1.0,194.0,1.0,1.0,1.0
2d,train__c36__user6__2-3-1,36,Walk,user6,2-3-1,10,2,0.4166666666666667,0.13539257375631578,0.925,0.15870130034601918,0.10414076341525179,0.7490973539574124,1.0,194.0,1.0,1.0,1.0
25d,train__c36__user6__2-3-1,36,Walk,user6,2-3-1,10,2,0.3125,0.17042170850667168,0.7333333333333333,0.36436463176392875,,0.6460197965097262,1.0,194.0,1.0,1.0,1.0
2d,train__c36__user6__2-3-2,36,Walk,user6,2-3-2,9,2,0.5357142857142857,0.12379925555685749,0.9111111111111111,-0.2079991595761604,0.7833094339857688,0.7676308312738565,2.0,194.0,0.0,1.0,0.5
25d,train__c36__user6__2-3-2,36,Walk,user6,2-3-2,9,-2,0.16666666666666666,0.14428006459330686,0.7857142857142857,,,0.6238095238095238,3.0,194.0,0.0,1.0,0.3333333333333333
2d,train__c36__user6__3-1-1,36,Walk,user6,3-1-1,28,0,1.0,0.11711274922978737,0.9732142857142857,0.299549495191573,0.3549179170880652,0.8668416504436194,1.0,194.0,1.0,1.0,1.0
25d,train__c36__user6__3-1-1,36,Walk,user6,3-1-1,28,-1,0.9722222222222222,0.31808056810888985,0.6126984126984127,0.2476997921505493,0.3180158725000785,0.6578275188589101,1.0,194.0,1.0,1.0,1.0
2d,train__c36__user6__3-1-2,36,Walk,user6,3-1-2,23,0,1.0,0.0988544873340706,0.9746376811594203,0.5881368740451319,0.19563039599886548,0.8845366917421092,1.0,194.0,1.0,1.0,1.0
25d,train__c36__user6__3-1-2,36,Walk,user6,3-1-2,23,0,0.9782608695652174,0.3247175684484831,0.5962962962962963,0.4317346184016472,0.05205684542650416,0.6478667751666374,1.0,194.0,1.0,1.0,1.0
2d,train__c36__user6__3-1-3,36,Walk,user6,3-1-3,13,0,1.0,0.12089176132480083,0.9551282051282052,0.7688328705562475,0.4007667543493081,0.9072613064523356,1.0,194.0,1.0,1.0,1.0
25d,train__c36__user6__3-1-3,36,Walk,user6,3-1-3,13,0,0.967948717948718,0.3008681675062763,0.5231788079470199,0.7789749875445255,-0.005572434305531453,0.6370227823472705,1.0,194.0,1.0,1.0,1.0
2d,train__c36__user6__3-3-1,36,Walk,user6,3-3-1,43,0,0.4883720930232558,0.1506759703231699,0.8571428571428571,0.5610635498652697,0.1448628801467908,0.7622368517284334,1.0,194.0,1.0,1.0,1.0
25d,train__c36__user6__3-3-1,36,Walk,user6,3-3-1,43,0,0.2868217054263566,0.36270845694890996,0.47297297297297297,0.45327906802641,0.08078615202230245,0.5152041738820845,3.0,194.0,0.0,1.0,0.3333333333333333
2d,train__c36__user6__3-3-2,36,Walk,user6,3-3-2,40,0,0.525,0.15027142541742908,0.8293650793650794,0.5400454953005027,0.32351352061810784,0.7619188572272021,1.0,194.0,1.0,1.0,1.0
25d,train__c36__user6__3-3-2,36,Walk,user6,3-3-2,40,0,0.38333333333333336,0.4147941075868439,0.5163043478260869,0.2550743010889917,0.13772366184568702,0.5331374293850069,4.0,194.0,0.0,1.0,0.25
2d,train__c36__user6__3-3-3,36,Walk,user6,3-3-3,26,0,0.38461538461538464,0.11162213470885331,0.9416666666666667,0.8186061131510141,0.2474461791229389,0.8317972798775269,1.0,194.0,1.0,1.0,1.0
25d,train__c36__user6__3-3-3,36,Walk,user6,3-3-3,26,0,0.2948717948717949,0.37085158739875357,0.4673913043478261,0.4334358808073118,0.37920214258627055,0.5333361456531854,2.0,194.0,0.0,1.0,0.5
2d,train__c36__user6__5-2-1,36,Walk,user6,5-2-1,11,0,0.4621212121212121,0.1195293630494694,0.9344262295081968,0.5192860041442557,0.11266069255450738,0.7955246997976432,1.0,194.0,1.0,1.0,1.0
25d,train__c36__user6__5-2-1,36,Walk,user6,5-2-1,11,-1,0.30833333333333335,0.19453383923756512,0.7297297297297297,0.6519158350683449,,0.6723762681915192,1.0,194.0,1.0,1.0,1.0
2d,train__c36__user6__5-2-2,36,Walk,user6,5-2-2,11,1,0.5,0.11138765237660006,0.9833333333333333,0.9460005006891878,0.414668962930764,0.8915335556220595,1.0,194.0,1.0,1.0,1.0
25d,train__c36__user6__5-2-2,36,Walk,user6,5-2-2,11,1,0.39166666666666666,0.17569997116419064,0.7446808510638298,0.758381501575288,0.16224266548384575,0.7117474848205902,1.0,194.0,1.0,1.0,1.0
2d,train__c36__user6__5-3-1,36,Walk,user6,5-3-1,23,-1,0.4356060606060606,0.19250398524105883,0.7391304347826086,0.5961232937588731,0.019422093082116988,0.6861513315480869,1.0,194.0,1.0,1.0,1.0
25d,train__c36__user6__5-3-1,36,Walk,user6,5-3-1,23,-1,0.36363636363636365,0.27343592513200843,0.46875,0.6779772620638898,-0.11536014875054036,0.5283218514137348,1.0,194.0,1.0,1.0,1.0
2d,train__c36__user6__5-3-2,36,Walk,user6,5-3-2,28,-2,0.36538461538461536,0.18606913439621003,0.7807017543859649,0.7345658945321241,0.21516085480899808,0.7305180800146295,1.0,194.0,1.0,1.0,1.0
25d,train__c36__user6__5-3-2,36,Walk,user6,5-3-2,28,-2,0.34615384615384615,0.2558059385206787,0.46296296296296297,0.797915661240249,0.24258241955118448,0.562230261835378,1.0,194.0,1.0,1.0,1.0
2d,train__c36__user6__5-3-3,36,Walk,user6,5-3-3,15,0,0.29444444444444445,0.21850262789322988,0.7169811320754716,0.4694584390353288,0.11157881795809563,0.654098322336344,3.0,194.0,0.0,1.0,0.3333333333333333
25d,train__c36__user6__5-3-3,36,Walk,user6,5-3-3,15,0,0.1388888888888889,0.2445563751738797,0.56,0.8675975741737082,,0.5836486463062597,,,,,
2d,train__c36__user6__7-3-1,36,Walk,user6,7-3-1,20,0,0.14583333333333334,0.11701569394960891,0.9714285714285714,0.9613685617571036,0.7718680203724654,0.877896005322693,3.0,194.0,0.0,1.0,0.3333333333333333
25d,train__c36__user6__7-3-1,36,Walk,user6,7-3-1,20,-1,0.06140350877192982,0.1837790624471545,0.7142857142857143,,,0.5739974937343358,,,,,
2d,train__c36__user6__7-3-2,36,Walk,user6,7-3-2,19,0,0.2850877192982456,0.16109082333604394,0.8769230769230769,0.004128467380233683,0.3230969826609842,0.7104615846751141,1.0,194.0,1.0,1.0,1.0
25d,train__c36__user6__7-3-2,36,Walk,user6,7-3-2,19,-2,0.19607843137254902,0.24144663644433514,0.475,0.42685881602226117,0.6131509910328085,0.5445300490669417,2.0,194.0,0.0,1.0,0.5
2d,train__c36__user6__7-3-3,36,Walk,user6,7-3-3,12,0,0.2638888888888889,0.16004538456930706,0.8947368421052632,0.8806728421742085,0.3006816069747262,0.804112556787309,1.0,194.0,1.0,1.0,1.0
25d,train__c36__user6__7-3-3,36,Walk,user6,7-3-3,12,0,0.18055555555555555,0.19373004851143338,0.7307692307692307,0.9253714177245544,,0.6875157742510879,1.0,194.0,1.0,1.0,1.0
2d,train__c37__user6__6-2-1,37,Take_medicine,user6,6-2-1,32,0,0.6536458333333334,0.1662287203486725,0.8366533864541833,0.9298526684156172,0.22778923650366983,0.810593405462471,1.0,194.0,1.0,1.0,1.0
25d,train__c37__user6__6-2-1,37,Take_medicine,user6,6-2-1,32,0,0.6276041666666666,0.29742309457526567,0.5726141078838174,0.8093235189809505,0.009149365496121487,0.6343167303130705,6.0,194.0,0.0,0.0,0.16666666666666666
2d,train__c37__user6__6-2-2,37,Take_medicine,user6,6-2-2,10,0,0.6666666666666666,0.1725333379880985,0.8375,0.8400052654769639,0.27079483747377664,0.8066018060248963,1.0,194.0,1.0,1.0,1.0
25d,train__c37__user6__6-2-2,37,Take_medicine,user6,6-2-2,10,0,0.6666666666666666,0.2104993836863534,0.6,0.8363191925612519,0.08086649236438632,0.6613635728501208,1.0,194.0,1.0,1.0,1.0
2d,train__c37__user6__6-2-3,37,Take_medicine,user6,6-2-3,30,0,0.7138888888888889,0.2550523935056671,0.7626459143968871,0.5803702165982048,0.3450094228684193,0.7497568701821287,1.0,194.0,1.0,1.0,1.0
25d,train__c37__user6__6-2-3,37,Take_medicine,user6,6-2-3,30,-1,0.7097701149425287,0.39727817593914755,0.41295546558704455,0.5483453226289543,0.28017625594567036,0.5489502690259481,3.0,194.0,0.0,1.0,0.3333333333333333
2d,train__c38__user6__7-1-1,38,Massage_oneself,user6,7-1-1,88,1,1.0,0.28224053475403393,0.5517241379310345,0.3889864640663853,0.059639603520840585,0.6218198925327706,2.0,194.0,0.0,1.0,0.5
25d,train__c38__user6__7-1-1,38,Massage_oneself,user6,7-1-1,88,1,0.9291187739463601,0.4456710899217305,0.42577319587628865,0.22967072767204608,0.0902490309545108,0.5318228852153877,3.0,194.0,0.0,1.0,0.3333333333333333
2d,train__c38__user6__7-1-2,38,Massage_oneself,user6,7-1-2,64,1,1.0,0.30167871894944004,0.49206349206349204,0.328889619433059,0.13762923750746864,0.5888460753912866,3.0,194.0,0.0,1.0,0.3333333333333333
25d,train__c38__user6__7-1-2,38,Massage_oneself,user6,7-1-2,64,1,1.0,0.3356909044664384,0.4537037037037037,0.11116885636025356,0.16371079375049205,0.5479322322043493,2.0,194.0,0.0,1.0,0.5
2d,train__c38__user6__7-1-3,38,Massage_oneself,user6,7-1-3,64,0,0.9934895833333334,0.22126796336750396,0.6526867627785059,0.4134366587635477,0.08791755739921692,0.6812641605428076,1.0,194.0,1.0,1.0,1.0
25d,train__c38__user6__7-1-3,38,Massage_oneself,user6,7-1-3,64,0,0.9934895833333334,0.513712314033647,0.4639580602883355,0.10433310389549534,0.09907209295758201,0.5473896088532861,1.0,194.0,1.0,1.0,1.0
2d,train__c39__user6__6-2-1,39,Take_body_temperature,user6,6-2-1,30,0,0.6083333333333333,0.131165981555998,0.8858447488584474,0.37071589508264086,0.39841795994638957,0.7900008817097227,1.0,194.0,1.0,1.0,1.0
25d,train__c39__user6__6-2-1,39,Take_body_temperature,user6,6-2-1,30,1,0.617816091954023,0.2857596143278476,0.5488372093023256,0.12882311019009743,0.1414425447317527,0.5621325761855727,5.0,194.0,0.0,1.0,0.2
2d,train__c39__user6__6-2-2,39,Take_body_temperature,user6,6-2-2,13,0,0.6538461538461539,0.2666585795637606,0.7647058823529411,0.8464962165080203,0.6539292604186572,0.7946671668609344,1.0,194.0,1.0,1.0,1.0
25d,train__c39__user6__6-2-2,39,Take_body_temperature,user6,6-2-2,13,0,0.6346153846153846,0.3576270846765632,0.5151515151515151,0.8376709941270691,0.4037501340847222,0.6358432312639329,1.0,194.0,1.0,1.0,1.0
2d,train__c39__user6__6-2-3,39,Take_body_temperature,user6,6-2-3,24,0,0.6631944444444444,0.14993341156604267,0.8272251308900523,0.5074478416241573,0.6167136946779508,0.7932915776972355,1.0,194.0,1.0,1.0,1.0
25d,train__c39__user6__6-2-3,39,Take_body_temperature,user6,6-2-3,24,0,0.6597222222222222,0.25137236400733876,0.45263157894736844,0.6450622161404905,0.5830676239403643,0.5981558840528512,1.0,194.0,1.0,1.0,1.0
2d,train__c01__user7__1-1-1,1,Brush_teeth,user7,1-1-1,36,0,0.6759259259259259,0.19602547600594222,0.8561643835616438,0.3288749806342631,0.20739381791608708,0.7619250379586298,1.0,170.0,1.0,1.0,1.0
25d,train__c01__user7__1-1-1,1,Brush_teeth,user7,1-1-1,36,-1,0.6547619047619048,0.43558304720850805,0.48727272727272725,0.11972008784392531,-0.016484243597517333,0.5192118809907692,1.0,170.0,1.0,1.0,1.0
2d,train__c01__user7__1-1-2,1,Brush_teeth,user7,1-1-2,18,0,0.6666666666666666,0.16604243620361572,0.8402777777777778,0.6964880268789639,0.5495387434658996,0.8146836528922834,1.0,170.0,1.0,1.0,1.0
25d,train__c01__user7__1-1-2,1,Brush_teeth,user7,1-1-2,18,0,0.6666666666666666,0.4258059895969982,0.5833333333333334,0.16610487401512142,0.3335679511953086,0.6041280837411603,2.0,170.0,0.0,1.0,0.5
2d,train__c01__user7__1-1-3,1,Brush_teeth,user7,1-1-3,21,-1,0.6875,0.14652267541342578,0.8484848484848485,0.834202699283975,0.31142250257016746,0.8171936242878267,1.0,170.0,1.0,1.0,1.0
25d,train__c01__user7__1-1-3,1,Brush_teeth,user7,1-1-3,21,-1,0.5875,0.38275374523697886,0.5177304964539007,0.6016128818782213,-0.025948946598877594,0.5767168902425517,1.0,170.0,1.0,1.0,1.0
2d,train__c02__user7__1-1-1,2,Comb_hair,user7,1-1-1,36,0,0.6666666666666666,0.12037178408797276,0.9236111111111112,0.42325022840464455,0.5858905658141937,0.8359195930543067,1.0,170.0,1.0,1.0,1.0
25d,train__c02__user7__1-1-1,2,Comb_hair,user7,1-1-1,36,0,0.6458333333333334,0.4855883800391235,0.2903225806451613,0.5076355853765534,0.36952754066565685,0.47773887677575166,2.0,170.0,0.0,1.0,0.5
2d,train__c02__user7__1-1-2,2,Comb_hair,user7,1-1-2,14,0,0.5714285714285714,0.14397118001440953,0.8958333333333334,0.4665712394988453,0.005991435999212924,0.7719576721260161,1.0,170.0,1.0,1.0,1.0
25d,train__c02__user7__1-1-2,2,Comb_hair,user7,1-1-2,14,0,0.4642857142857143,0.4760298780756,0.4358974358974359,0.4431426712129001,-0.1375718443535677,0.4951685399669336,1.0,170.0,1.0,1.0,1.0
2d,train__c02__user7__1-1-3,2,Comb_hair,user7,1-1-3,33,0,0.5454545454545454,0.1351243706173527,0.8472222222222222,0.2502533113510398,0.2619928916654842,0.740192474777692,1.0,170.0,1.0,1.0,1.0
25d,train__c02__user7__1-1-3,2,Comb_hair,user7,1-1-3,33,0,0.398989898989899,0.2894124815905946,0.4873417721518987,0.47243075107838767,0.20324395963125103,0.5454233366627168,1.0,170.0,1.0,1.0,1.0
2d,train__c03__user7__5-1-1,3,Take_off_clothes,user7,5-1-1,68,0,0.9987745098039216,0.35491773799590143,0.5484662576687117,0.5196289173832558,0.3431945704244119,0.65423637721834,4.0,170.0,0.0,1.0,0.25
25d,train__c03__user7__5-1-1,3,Take_off_clothes,user7,5-1-1,68,-1,0.9987562189054726,0.8647152301177782,0.43337484433374845,0.4240987954072849,0.22880373962331976,0.5728019462865863,1.0,170.0,1.0,1.0,1.0
2d,train__c03__user7__5-1-2,3,Take_off_clothes,user7,5-1-2,76,0,1.0,0.23451571074899077,0.6875,0.546292541612122,0.2743461917083167,0.728330218539336,1.0,170.0,1.0,1.0,1.0
25d,train__c03__user7__5-1-2,3,Take_off_clothes,user7,5-1-2,76,0,1.0,0.6818968479446246,0.47039473684210525,0.45990968093461154,0.13501784988019452,0.5898344120976337,1.0,170.0,1.0,1.0,1.0
2d,train__c03__user7__5-1-3,3,Take_off_clothes,user7,5-1-3,40,0,0.9979166666666667,0.24868190650079391,0.5678496868475992,0.6540904453273823,0.3023059354089502,0.6751909841212558,1.0,170.0,1.0,1.0,1.0
25d,train__c03__user7__5-1-3,3,Take_off_clothes,user7,5-1-3,40,0,0.9958333333333333,0.6425320849619273,0.4351464435146444,0.6227625370433721,0.3151118502441171,0.5998235197390338,1.0,170.0,1.0,1.0,1.0
2d,train__c03__user7__6-1-1,3,Take_off_clothes,user7,6-1-1,18,0,0.9444444444444444,0.196252149037931,0.7352941176470589,0.6269991516492371,0.42882396607031953,0.7687179217705246,1.0,170.0,1.0,1.0,1.0
25d,train__c03__user7__6-1-1,3,Take_off_clothes,user7,6-1-1,18,0,0.9398148148148148,0.8374597830639529,0.31527093596059114,0.4955238152001402,0.19793929772534244,0.5067783251092213,1.0,170.0,1.0,1.0,1.0
2d,train__c03__user7__6-1-2,3,Take_off_clothes,user7,6-1-2,20,0,0.9708333333333333,0.16505624909966057,0.8111587982832618,0.6722758876278847,0.3956503813717324,0.8151220397547957,1.0,170.0,1.0,1.0,1.0
25d,train__c03__user7__6-1-2,3,Take_off_clothes,user7,6-1-2,20,-1,0.9692982456140351,0.8009875693886603,0.3438914027149321,0.3839383510038634,0.11491817072327741,0.5080827939592484,2.0,170.0,0.0,1.0,0.5
2d,train__c03__user7__6-1-3,3,Take_off_clothes,user7,6-1-3,18,0,0.9305555555555556,0.22415077059462213,0.7164179104477612,0.587405509884877,0.16978005477673094,0.7335594613985668,1.0,170.0,1.0,1.0,1.0
25d,train__c03__user7__6-1-3,3,Take_off_clothes,user7,6-1-3,18,-1,0.9264705882352942,0.866215048467057,0.2751322751322751,0.4956213764980084,0.227480313558697,0.48559297131298385,1.0,170.0,1.0,1.0,1.0
2d,train__c04__user7__1-1-1,4,Wipe_hands,user7,1-1-1,23,2,0.6666666666666666,0.10491615031274108,0.9880952380952381,-0.2286804456270338,0.1874958217694525,0.7763131896890533,2.0,170.0,0.0,1.0,0.5
25d,train__c04__user7__1-1-1,4,Wipe_hands,user7,1-1-1,23,0,0.6485507246376812,0.3353068943452588,0.659217877094972,-0.07181463869529346,0.2881782889295763,0.6168568126661916,2.0,170.0,0.0,1.0,0.5
2d,train__c04__user7__1-1-2,4,Wipe_hands,user7,1-1-2,10,0,0.6666666666666666,0.11426432820274926,0.9625,0.7757176157246399,0.29375325851141937,0.8706449226274872,1.0,170.0,1.0,1.0,1.0
25d,train__c04__user7__1-1-2,4,Wipe_hands,user7,1-1-2,10,0,0.6666666666666666,0.3429175281204919,0.6,0.3366154044553751,0.34668169881317223,0.6313293345231921,1.0,170.0,1.0,1.0,1.0
2d,train__c04__user7__1-1-3,4,Wipe_hands,user7,1-1-3,14,1,0.6089743589743589,0.11846539351260583,0.9473684210526315,0.5711111576210687,0.0065520198908215095,0.8145525847303019,1.0,170.0,1.0,1.0,1.0
25d,train__c04__user7__1-1-3,4,Wipe_hands,user7,1-1-3,14,0,0.6190476190476191,0.2748733541647537,0.5288461538461539,0.4575155652865847,0.20389892373871962,0.588814122329209,1.0,170.0,1.0,1.0,1.0
2d,train__c04__user7__7-2-1,4,Wipe_hands,user7,7-2-1,29,0,0.6666666666666666,0.15840191466546422,0.8318965517241379,0.7804945303974462,0.3606006647576356,0.8043042730115098,3.0,170.0,0.0,1.0,0.3333333333333333
25d,train__c04__user7__7-2-1,4,Wipe_hands,user7,7-2-1,29,0,0.6666666666666666,0.18115586958240523,0.7025862068965517,0.7747078424846696,0.21246682717872195,0.7214948767466413,3.0,170.0,0.0,1.0,0.3333333333333333
2d,train__c04__user7__7-2-2,4,Wipe_hands,user7,7-2-2,19,0,0.6666666666666666,0.16180153867408026,0.7960526315789473,0.7707678960292061,0.5080683286863085,0.7946775282894816,1.0,170.0,1.0,1.0,1.0
25d,train__c04__user7__7-2-2,4,Wipe_hands,user7,7-2-2,19,0,0.6666666666666666,0.21460776922240324,0.6118421052631579,0.6763077541504984,0.4566331714123151,0.680058087832377,2.0,170.0,0.0,1.0,0.5
2d,train__c04__user7__7-2-3,4,Wipe_hands,user7,7-2-3,8,0,0.6666666666666666,0.13895660101984372,0.84375,0.5137943955362549,0.30001590060460903,0.7796097987656379,1.0,170.0,1.0,1.0,1.0
25d,train__c04__user7__7-2-3,4,Wipe_hands,user7,7-2-3,8,0,0.6666666666666666,0.20695409981015406,0.703125,-0.022448041859521282,0.25680801992805236,0.6454012139753185,1.0,170.0,1.0,1.0,1.0
2d,train__c05__user7__1-1-1,5,Put_on_clothes,user7,1-1-1,67,1,0.37752525252525254,0.29085880498061645,0.6421404682274248,0.7091446597178666,0.24395688116402237,0.6551410148366972,1.0,170.0,1.0,1.0,1.0
25d,train__c05__user7__1-1-1,5,Put_on_clothes,user7,1-1-1,67,0,0.10199004975124377,0.5014908226426277,0.3902439024390244,0.5823552377529733,0.24358168364140317,0.47633730136499036,,,,,
2d,train__c05__user7__1-1-2,5,Put_on_clothes,user7,1-1-2,69,1,0.2928921568627451,0.3126700929340887,0.6150627615062761,0.6670327394675474,0.1945882463103721,0.6238711269347591,2.0,170.0,0.0,1.0,0.5
25d,train__c05__user7__1-1-2,5,Put_on_clothes,user7,1-1-2,69,-1,0.11029411764705882,0.5457270841071313,0.43333333333333335,0.355531643752553,0.2612060901808834,0.4795063662368608,,,,,
2d,train__c05__user7__1-1-3,5,Put_on_clothes,user7,1-1-3,72,1,0.3438967136150235,0.2663035775142291,0.7303754266211604,0.49498079490059166,0.14885285604080545,0.6717581996962602,1.0,170.0,1.0,1.0,1.0
25d,train__c05__user7__1-1-3,5,Put_on_clothes,user7,1-1-3,72,-2,0.06666666666666667,0.4946056822641707,0.3392857142857143,0.3818371001352802,,0.40645751953733755,,,,,
2d,train__c05__user7__6-1-1,5,Put_on_clothes,user7,6-1-1,35,0,0.8952380952380953,0.2661449830148584,0.7287234042553191,0.870451143484088,0.31558294176891905,0.7760355168453129,1.0,170.0,1.0,1.0,1.0
25d,train__c05__user7__6-1-1,5,Put_on_clothes,user7,6-1-1,35,-1,0.8651960784313726,0.8737421598383912,0.2719546742209632,0.7336639810457469,-0.014307523009787557,0.4833880125435076,3.0,170.0,0.0,1.0,0.3333333333333333
2d,train__c05__user7__6-1-2,5,Put_on_clothes,user7,6-1-2,71,0,0.9800469483568075,0.2175692104063255,0.7425149700598802,0.8428000248947808,0.1714066080321945,0.7785234264605075,1.0,170.0,1.0,1.0,1.0
25d,train__c05__user7__6-1-2,5,Put_on_clothes,user7,6-1-2,71,-1,0.9345238095238095,0.8272607307207248,0.27388535031847133,0.5058595469522003,0.20906356112053506,0.4853550454068004,3.0,170.0,0.0,1.0,0.3333333333333333
2d,train__c05__user7__6-1-3,5,Put_on_clothes,user7,6-1-3,33,-1,0.9661458333333334,0.3447239783919233,0.5876010781671159,0.6924812742391543,0.15545696053336439,0.6757025757891648,1.0,170.0,1.0,1.0,1.0
25d,train__c05__user7__6-1-3,5,Put_on_clothes,user7,6-1-3,33,-1,0.9348958333333334,0.9365545542948926,0.19220055710306408,0.53158822095448,0.19075254619097448,0.4416651527997897,9.0,170.0,0.0,0.0,0.1111111111111111
2d,train__c06__user7__5-2-1,6,Drink_water,user7,5-2-1,33,0,0.6666666666666666,0.12895421434070087,0.8977272727272727,0.8415366998810131,0.23935123811287912,0.837521679513234,1.0,170.0,1.0,1.0,1.0
25d,train__c06__user7__5-2-1,6,Drink_water,user7,5-2-1,33,0,0.6641414141414141,0.21103857749878965,0.5817490494296578,0.6820479134569106,0.2148613453719798,0.6456955108490428,1.0,170.0,1.0,1.0,1.0
2d,train__c06__user7__5-2-2,6,Drink_water,user7,5-2-2,16,1,0.6666666666666666,0.11759663167322205,0.9416666666666667,0.8137115854245149,0.4208223732955756,0.872516169872953,1.0,170.0,1.0,1.0,1.0
25d,train__c06__user7__5-2-2,6,Drink_water,user7,5-2-2,16,1,0.6666666666666666,0.2811823725494305,0.39166666666666666,0.8612278688821751,0.4639656387154183,0.5780035431252072,1.0,170.0,1.0,1.0,1.0
2d,train__c06__user7__5-2-3,6,Drink_water,user7,5-2-3,11,0,0.7045454545454546,0.12546890461211446,0.946236559139785,0.9627003431665138,0.43543394636400534,0.894812233275379,1.0,170.0,1.0,1.0,1.0
25d,train__c06__user7__5-2-3,6,Drink_water,user7,5-2-3,11,0,0.7045454545454546,0.28282297173350723,0.3870967741935484,0.9300505832488377,0.44156357650541117,0.5844800978237866,1.0,170.0,1.0,1.0,1.0
2d,train__c07__user7__1-2-1,7,Eat_food,user7,1-2-1,21,1,1.0,0.28073841047012477,0.5041666666666667,0.6072440076243283,0.43133900886605286,0.6453664930940535,5.0,170.0,0.0,1.0,0.2
25d,train__c07__user7__1-2-1,7,Eat_food,user7,1-2-1,21,0,0.996031746031746,0.6093946528904028,0.3466135458167331,0.7396841586306987,0.35854147694364813,0.5660996514362213,2.0,170.0,0.0,1.0,0.5
2d,train__c07__user7__1-2-2,7,Eat_food,user7,1-2-2,12,0,1.0,0.2450961109675372,0.5416666666666666,0.7077090755945571,0.5336666015535698,0.6837125693426401,2.0,170.0,0.0,1.0,0.5
25d,train__c07__user7__1-2-2,7,Eat_food,user7,1-2-2,12,-1,0.9848484848484849,0.542875762326355,0.4153846153846154,0.7450368389427501,0.3764015709792494,0.6046801886641058,1.0,170.0,1.0,1.0,1.0
2d,train__c07__user7__1-2-3,7,Eat_food,user7,1-2-3,17,-2,1.0,0.14043403274550997,0.8722222222222222,0.9352713092650959,0.5151236259256302,0.8868836250931541,1.0,170.0,1.0,1.0,1.0
25d,train__c07__user7__1-2-3,7,Eat_food,user7,1-2-3,17,-2,1.0,0.2134946078468469,0.6166666666666667,0.921935396806915,0.5059657347851279,0.7443076364562428,1.0,170.0,1.0,1.0,1.0
2d,train__c07__user7__2-2-1,7,Eat_food,user7,2-2-1,25,-2,1.0,0.20056481815461838,0.5253623188405797,0.9895606609204038,0.3460347152091466,0.6888579450950453,1.0,170.0,1.0,1.0,1.0
25d,train__c07__user7__2-2-1,7,Eat_food,user7,2-2-1,25,1,1.0,1.258308603624201,0.5034722222222222,0.22927002986400694,0.1997781724892176,0.5898200881453143,2.0,170.0,0.0,1.0,0.5
2d,train__c07__user7__2-2-2,7,Eat_food,user7,2-2-2,24,2,1.0,0.17375361118052488,0.7727272727272727,0.9846521114280878,0.20733072208328215,0.814015015299055,1.0,170.0,1.0,1.0,1.0
25d,train__c07__user7__2-2-2,7,Eat_food,user7,2-2-2,24,2,1.0,1.1916916723089561,0.5568181818181818,0.6311368776233328,0.29047720930159193,0.6661494784599526,7.0,170.0,0.0,0.0,0.14285714285714285
2d,train__c07__user7__2-2-3,7,Eat_food,user7,2-2-3,25,0,1.0,0.19876348523602153,0.6966666666666667,0.968088546753703,0.28422542744473894,0.7762924284003924,3.0,170.0,0.0,1.0,0.3333333333333333
25d,train__c07__user7__2-2-3,7,Eat_food,user7,2-2-3,25,-1,1.0,1.2644479098008916,0.5208333333333334,0.4543709382497425,0.09354881969178748,0.6139115886351917,3.0,170.0,0.0,1.0,0.3333333333333333
2d,train__c07__user7__3-2-1,7,Eat_food,user7,3-2-1,13,-1,0.6666666666666666,0.1341447716982383,0.8958333333333334,0.935529135963025,0.43277667103085515,0.8603861639236168,1.0,170.0,1.0,1.0,1.0
25d,train__c07__user7__3-2-1,7,Eat_food,user7,3-2-1,13,2,0.6666666666666666,0.16136691395532654,0.8636363636363636,0.9168430687223382,0.2988900085804771,0.8307677241824363,1.0,170.0,1.0,1.0,1.0
2d,train__c07__user7__3-2-2,7,Eat_food,user7,3-2-2,12,0,0.6666666666666666,0.14470195148891807,0.8020833333333334,0.991664739002364,0.4357656349664767,0.8146613965227222,1.0,170.0,1.0,1.0,1.0
25d,train__c07__user7__3-2-2,7,Eat_food,user7,3-2-2,12,1,0.6666666666666666,0.17696452229085738,0.7272727272727273,0.9930467201059843,0.37431966155482926,0.7690453132938773,1.0,170.0,1.0,1.0,1.0
2d,train__c07__user7__3-2-3,7,Eat_food,user7,3-2-3,10,0,0.6666666666666666,0.19282395709328723,0.75,0.7677812822631555,0.19393563056066943,0.7454899671850324,1.0,170.0,1.0,1.0,1.0
25d,train__c07__user7__3-2-3,7,Eat_food,user7,3-2-3,10,-1,0.6666666666666666,0.29748170244048655,0.5694444444444444,0.742271472207736,0.07101944487095088,0.6344147166972061,4.0,170.0,0.0,1.0,0.25
2d,train__c07__user7__5-3-1,7,Eat_food,user7,5-3-1,32,0,0.96875,0.245464585105668,0.5376344086021505,0.6608643733515065,0.40819266754475025,0.6642748121321898,2.0,170.0,0.0,1.0,0.5
25d,train__c07__user7__5-3-1,7,Eat_food,user7,5-3-1,32,-2,0.9666666666666667,0.7227538457916172,0.19540229885057472,0.21601822593291753,0.35440672380490007,0.42732025791314204,3.0,170.0,0.0,1.0,0.3333333333333333
2d,train__c07__user7__5-3-2,7,Eat_food,user7,5-3-2,23,0,1.0,0.19249671729222953,0.6847826086956522,0.8351407227150974,0.29422061351719,0.7572110530679078,1.0,170.0,1.0,1.0,1.0
25d,train__c07__user7__5-3-2,7,Eat_food,user7,5-3-2,23,-2,0.9841269841269841,0.5854660257086871,0.28225806451612906,0.06185281849830654,0.1021088210880357,0.4424980773280027,1.0,170.0,1.0,1.0,1.0
2d,train__c07__user7__5-3-3,7,Eat_food,user7,5-3-3,16,-1,0.9833333333333333,0.25381344195462413,0.4971751412429379,0.7159854871463526,0.09796269594981773,0.6257254119278208,4.0,170.0,0.0,1.0,0.25
25d,train__c07__user7__5-3-3,7,Eat_food,user7,5-3-3,16,2,0.9940476190476191,0.6282956177618224,0.19760479041916168,0.17514165587448877,0.17561633861223314,0.4137727876186672,3.0,170.0,0.0,1.0,0.3333333333333333
2d,train__c07__user7__7-2-1,7,Eat_food,user7,7-2-1,26,-2,0.6666666666666666,0.12528126076572738,0.9375,0.8283630944911909,0.28620021642738636,0.8615929923478397,2.0,170.0,0.0,1.0,0.5
25d,train__c07__user7__7-2-1,7,Eat_food,user7,7-2-1,26,0,0.6666666666666666,0.20461647598702962,0.6298076923076923,0.8762832700261161,0.3799247960254222,0.7041835841404158,3.0,170.0,0.0,1.0,0.3333333333333333
2d,train__c07__user7__7-2-2,7,Eat_food,user7,7-2-2,17,1,0.6666666666666666,0.14446305046357188,0.78125,0.7405598833814494,0.327863364118394,0.7699999073136912,1.0,170.0,1.0,1.0,1.0
25d,train__c07__user7__7-2-2,7,Eat_food,user7,7-2-2,17,0,0.6666666666666666,0.19668067217759386,0.6397058823529411,0.24061298021653044,0.46079772610312675,0.6521260294401718,1.0,170.0,1.0,1.0,1.0
2d,train__c08__user7__1-2-1,8,Take_and_use_tableware,user7,1-2-1,23,0,1.0,0.2943634181446105,0.2572463768115942,0.9199026205626207,0.3323201557826692,0.5333997809863391,4.0,170.0,0.0,1.0,0.25
25d,train__c08__user7__1-2-1,8,Take_and_use_tableware,user7,1-2-1,23,0,0.9927536231884058,0.5372057623194751,0.1897810218978102,0.8444230889221641,0.25306991820525804,0.482077477120247,3.0,170.0,0.0,1.0,0.3333333333333333
2d,train__c08__user7__1-2-3,8,Take_and_use_tableware,user7,1-2-3,14,2,1.0,0.23394648612199095,0.4652777777777778,0.9205726784034495,0.36327558829107726,0.6502057147399535,1.0,170.0,1.0,1.0,1.0
25d,train__c08__user7__1-2-3,8,Take_and_use_tableware,user7,1-2-3,14,0,1.0,0.34642285328560213,0.35714285714285715,0.6181842399740526,0.19421293159156316,0.547812965295344,1.0,170.0,1.0,1.0,1.0
2d,train__c08__user7__2-1-1,8,Take_and_use_tableware,user7,2-1-1,38,0,0.6293859649122807,0.15074551194408253,0.8257839721254355,0.7807444788245123,0.40215698122189203,0.8003560026343108,1.0,170.0,1.0,1.0,1.0
25d,train__c08__user7__2-1-1,8,Take_and_use_tableware,user7,2-1-1,38,1,0.2702702702702703,0.2592986392260779,0.38333333333333336,0.7545870918914954,0.28462020223142337,0.5096655847168667,1.0,170.0,1.0,1.0,1.0
2d,train__c08__user7__2-1-2,8,Take_and_use_tableware,user7,2-1-2,43,0,0.6531007751937985,0.15663414932524072,0.8071216617210683,0.5337394014359523,0.521297075549648,0.7766982122757863,1.0,170.0,1.0,1.0,1.0
25d,train__c08__user7__2-1-2,8,Take_and_use_tableware,user7,2-1-2,43,2,0.3089430894308943,0.26354052752228774,0.4342105263157895,0.6252782775253914,0.27114131796429003,0.5275735250166346,1.0,170.0,1.0,1.0,1.0
2d,train__c08__user7__2-1-3,8,Take_and_use_tableware,user7,2-1-3,37,-1,0.6111111111111112,0.19961668249450792,0.8143939393939394,0.5970437491499211,0.3258523671977175,0.7681710802325987,1.0,170.0,1.0,1.0,1.0
25d,train__c08__user7__2-1-3,8,Take_and_use_tableware,user7,2-1-3,37,2,0.25,0.23086595261236026,0.5428571428571428,0.7205770399429929,0.24440884052202633,0.5889597956048799,1.0,170.0,1.0,1.0,1.0
2d,train__c08__user7__3-2-1,8,Take_and_use_tableware,user7,3-2-1,10,-1,0.6574074074074074,0.13950351147570783,0.8450704225352113,0.7127382600524036,0.12863081669550797,0.7864506103925104,2.0,170.0,0.0,1.0,0.5
25d,train__c08__user7__3-2-1,8,Take_and_use_tableware,user7,3-2-1,10,-1,0.6574074074074074,0.21021067027536136,0.6056338028169014,0.7178297703380261,0.09410093423874723,0.6526798793917452,4.0,170.0,0.0,1.0,0.25
2d,train__c08__user7__3-2-2,8,Take_and_use_tableware,user7,3-2-2,25,0,0.6466666666666666,0.1664659308214083,0.7680412371134021,0.8828707863330848,0.4482126814149149,0.783992376818465,2.0,170.0,0.0,1.0,0.5
25d,train__c08__user7__3-2-2,8,Take_and_use_tableware,user7,3-2-2,25,0,0.6466666666666666,0.2617856995062469,0.5670103092783505,0.5944552932840251,0.33522807802305243,0.6361099719498908,17.0,170.0,0.0,0.0,0.058823529411764705
2d,train__c08__user7__3-2-3,8,Take_and_use_tableware,user7,3-2-3,10,0,0.6666666666666666,0.1625579754770931,0.7875,0.6258570579472078,0.14729394958174302,0.7484244186800182,1.0,170.0,1.0,1.0,1.0
25d,train__c08__user7__3-2-3,8,Take_and_use_tableware,user7,3-2-3,10,-1,0.6666666666666666,0.2923986018060527,0.6666666666666666,0.1068129389232162,-0.015772275110370042,0.6178317065923772,4.0,170.0,0.0,1.0,0.25
2d,train__c08__user7__5-3-1,8,Take_and_use_tableware,user7,5-3-1,18,1,0.9901960784313726,0.2569803458663446,0.5495049504950495,0.8466554492547643,0.15232159882773869,0.6723369954529713,8.0,170.0,0.0,0.0,0.125
25d,train__c08__user7__5-3-1,8,Take_and_use_tableware,user7,5-3-1,18,-1,0.9607843137254902,0.6647889745210158,0.2857142857142857,0.3176962849241629,0.040933023445358395,0.46306089376622434,3.0,170.0,0.0,1.0,0.3333333333333333
2d,train__c08__user7__5-3-2,8,Take_and_use_tableware,user7,5-3-2,17,-2,1.0,0.25796173483523466,0.5166666666666667,0.16323396856470915,0.0951476277745219,0.5826261356062268,8.0,170.0,0.0,0.0,0.125
25d,train__c08__user7__5-3-2,8,Take_and_use_tableware,user7,5-3-2,17,2,0.9944444444444445,0.5683911982424293,0.17318435754189945,0.0021915912061109973,0.17858478706536854,0.3833088592430029,4.0,170.0,0.0,1.0,0.25
2d,train__c08__user7__5-3-3,8,Take_and_use_tableware,user7,5-3-3,9,0,0.8333333333333334,0.2901258420896745,0.26666666666666666,-0.05043462415666652,0.09481519125921528,0.40706767692877455,12.0,170.0,0.0,0.0,0.08333333333333333
25d,train__c08__user7__5-3-3,8,Take_and_use_tableware,user7,5-3-3,9,-2,0.7857142857142857,0.6537067436620014,0.22727272727272727,0.4902061254979088,0.49972829959118503,0.46507166359055835,8.0,170.0,0.0,0.0,0.125
2d,train__c09__user7__1-2-1,9,Pour_drinks,user7,1-2-1,26,2,1.0,0.30475139032826176,0.2881944444444444,0.9503176136578497,0.18856259484707025,0.5426809004237596,1.0,170.0,1.0,1.0,1.0
25d,train__c09__user7__1-2-1,9,Pour_drinks,user7,1-2-1,26,2,0.9965277777777778,0.6830537544556345,0.23693379790940766,0.24938970387418205,0.27726442223813236,0.45070016868323015,1.0,170.0,1.0,1.0,1.0
2d,train__c09__user7__1-2-2,9,Pour_drinks,user7,1-2-2,19,0,1.0,0.28723410413899886,0.2719298245614035,0.9424916230094361,0.11261604054019071,0.5272567688502299,3.0,170.0,0.0,1.0,0.3333333333333333
25d,train__c09__user7__1-2-2,9,Pour_drinks,user7,1-2-2,19,0,1.0,0.7934381862694371,0.24561403508771928,0.13473538494986498,0.1039356857846339,0.4313564342270797,3.0,170.0,0.0,1.0,0.3333333333333333
2d,train__c09__user7__1-2-3,9,Pour_drinks,user7,1-2-3,21,-1,1.0,0.22673270965521206,0.475,0.9724826212582418,0.4934530887760927,0.670507243784031,1.0,170.0,1.0,1.0,1.0
25d,train__c09__user7__1-2-3,9,Pour_drinks,user7,1-2-3,21,-1,1.0,0.4303492712213161,0.4166666666666667,0.3718337226780801,0.37251593663574,0.5692887341821552,2.0,170.0,0.0,1.0,0.5
2d,train__c09__user7__2-1-1,9,Pour_drinks,user7,2-1-1,36,-1,0.6666666666666666,0.19621907625423315,0.6392857142857142,-0.00011901517298054547,0.21604629162211722,0.6094653798781703,4.0,170.0,0.0,1.0,0.25
25d,train__c09__user7__2-1-1,9,Pour_drinks,user7,2-1-1,36,1,0.5023809523809524,0.25565811771202107,0.6540284360189573,0.5087190865231659,0.10459964777068902,0.64367061728364,12.0,170.0,0.0,0.0,0.08333333333333333
2d,train__c09__user7__2-1-2,9,Pour_drinks,user7,2-1-2,32,1,0.6666666666666666,0.1655493557976726,0.6935483870967742,0.6800716762664013,0.4147938391372216,0.7222349851318244,4.0,170.0,0.0,1.0,0.25
25d,train__c09__user7__2-1-2,9,Pour_drinks,user7,2-1-2,32,-2,0.5083333333333333,0.20534394031031042,0.726775956284153,0.5745845153452777,0.09216132734792835,0.6899306603752399,5.0,170.0,0.0,1.0,0.2
2d,train__c09__user7__2-1-3,9,Pour_drinks,user7,2-1-3,14,0,0.6607142857142857,0.1641981669907521,0.7387387387387387,0.18279479518507608,0.2869559847984605,0.687178913256127,8.0,170.0,0.0,0.0,0.125
25d,train__c09__user7__2-1-3,9,Pour_drinks,user7,2-1-3,14,-2,0.3194444444444444,0.2002208777267029,0.5652173913043478,-0.1166962628824168,,0.5061443833735941,7.0,170.0,0.0,0.0,0.14285714285714285
2d,train__c09__user7__5-2-1,9,Pour_drinks,user7,5-2-1,27,-2,0.66,0.19263223275063965,0.494949494949495,0.46483080249819564,0.1017304851587732,0.5673350888589499,3.0,170.0,0.0,1.0,0.3333333333333333
25d,train__c09__user7__5-2-1,9,Pour_drinks,user7,5-2-1,27,0,0.6604938271604939,0.2623540523047889,0.29906542056074764,0.533580846944675,0.28700922290468295,0.4804191404367793,14.0,170.0,0.0,0.0,0.07142857142857142
2d,train__c09__user7__5-2-2,9,Pour_drinks,user7,5-2-2,12,-2,0.6666666666666666,0.17256939046275496,0.6875,0.308407362376119,0.21887838631632917,0.6670482818780034,1.0,170.0,1.0,1.0,1.0
25d,train__c09__user7__5-2-2,9,Pour_drinks,user7,5-2-2,12,-1,0.6666666666666666,0.33015323425700227,0.5227272727272727,0.2353527183959465,0.3910506595635413,0.582030737973527,9.0,170.0,0.0,0.0,0.1111111111111111
2d,train__c09__user7__5-2-3,9,Pour_drinks,user7,5-2-3,13,2,0.6666666666666666,0.15829452691007354,0.8181818181818182,0.35899480691603897,0.17288492046236376,0.7405325163929479,1.0,170.0,1.0,1.0,1.0
25d,train__c09__user7__5-2-3,9,Pour_drinks,user7,5-2-3,13,2,0.6666666666666666,0.1912809896566516,0.6022727272727273,0.47547723166636874,0.17685174297466844,0.6337282705564037,1.0,170.0,1.0,1.0,1.0
2d,train__c10__user7__2-1-1,10,Stir_drinks,user7,2-1-1,24,0,0.6666666666666666,0.15442213519228587,0.75,0.03929920515817355,0.22455111196760183,0.6749379205800542,2.0,170.0,0.0,1.0,0.5
25d,train__c10__user7__2-1-1,10,Stir_drinks,user7,2-1-1,24,2,0.5946969696969697,0.3576056853476296,0.7452229299363057,0.7682839985512365,0.10661260828661928,0.7291666539112853,16.0,170.0,0.0,0.0,0.0625
2d,train__c10__user7__2-1-2,10,Stir_drinks,user7,2-1-2,18,1,0.6666666666666666,0.19407956755996741,0.5955882352941176,-0.28165247951306044,-0.06429734210142725,0.5362526474695183,12.0,170.0,0.0,0.0,0.08333333333333333
25d,train__c10__user7__2-1-2,10,Stir_drinks,user7,2-1-2,18,1,0.6225490196078431,0.28931778095873967,0.6299212598425197,-0.6700720694049532,0.06141420388019064,0.5213104532246892,22.0,170.0,0.0,0.0,0.045454545454545456
2d,train__c10__user7__2-1-3,10,Stir_drinks,user7,2-1-3,19,0,0.6666666666666666,0.15868223187524602,0.7368421052631579,-0.08295272529975457,-0.017028248486421267,0.6373574333949464,3.0,170.0,0.0,1.0,0.3333333333333333
25d,train__c10__user7__2-1-3,10,Stir_drinks,user7,2-1-3,19,-1,0.6064814814814815,0.21890557696899282,0.5954198473282443,-0.41849346392159936,0.17202469475511342,0.534181569893156,4.0,170.0,0.0,1.0,0.25
2d,train__c10__user7__2-2-1,10,Stir_drinks,user7,2-2-1,21,2,1.0,0.26754398371824845,0.17105263157894737,0.9339544748000305,0.09058258333853324,0.4692680885988141,5.0,170.0,0.0,1.0,0.2
25d,train__c10__user7__2-2-1,10,Stir_drinks,user7,2-2-1,21,0,1.0,0.3128216608966332,0.16666666666666666,0.4852005045535239,0.09183122050195393,0.42207405865966563,4.0,170.0,0.0,1.0,0.25
2d,train__c10__user7__2-2-2,10,Stir_drinks,user7,2-2-2,21,0,1.0,0.3206633371189859,0.2976190476190476,0.9159655758044336,0.4718801891390103,0.5656780479563452,1.0,170.0,1.0,1.0,1.0
25d,train__c10__user7__2-2-2,10,Stir_drinks,user7,2-2-2,21,-1,1.0,0.7285428546525509,0.17916666666666667,0.6404642007859034,0.3325567388829314,0.46252984216147686,2.0,170.0,0.0,1.0,0.5
2d,train__c10__user7__2-2-3,10,Stir_drinks,user7,2-2-3,11,2,1.0,0.2600239127497516,0.26851851851851855,0.9437688179231384,0.39920158336197326,0.5470021857296471,1.0,170.0,1.0,1.0,1.0
25d,train__c10__user7__2-2-3,10,Stir_drinks,user7,2-2-3,11,-1,1.0,0.4502323953781074,0.23333333333333334,0.9182615574823753,0.5414842384645461,0.5357708069664118,1.0,170.0,1.0,1.0,1.0
2d,train__c10__user7__5-2-1,10,Stir_drinks,user7,5-2-1,20,0,0.6666666666666666,0.15276497476505602,0.80625,0.8411759339462697,0.15386213371782692,0.7807614200901307,2.0,170.0,0.0,1.0,0.5
25d,train__c10__user7__5-2-1,10,Stir_drinks,user7,5-2-1,20,-2,0.6666666666666666,0.2080192818071456,0.6111111111111112,0.8257054983882179,0.08845732670720255,0.6669826271196398,4.0,170.0,0.0,1.0,0.25
2d,train__c10__user7__5-2-2,10,Stir_drinks,user7,5-2-2,23,-2,0.6666666666666666,0.17303126061837545,0.7083333333333334,0.8634411247369426,0.24234556039850355,0.7357700295035821,3.0,170.0,0.0,1.0,0.3333333333333333
25d,train__c10__user7__5-2-2,10,Stir_drinks,user7,5-2-2,23,-2,0.6666666666666666,0.21728699835438683,0.5595238095238095,0.9032995211712546,0.11128216032993316,0.6480808760466323,5.0,170.0,0.0,1.0,0.2
2d,train__c10__user7__5-2-3,10,Stir_drinks,user7,5-2-3,17,0,0.6666666666666666,0.1197734834369617,0.9632352941176471,0.9476285431383332,0.5481038986223931,0.9073167251418853,1.0,170.0,1.0,1.0,1.0
25d,train__c10__user7__5-2-3,10,Stir_drinks,user7,5-2-3,17,-1,0.6666666666666666,0.19265365776043153,0.7109375,0.9268902308960016,0.4317720403498849,0.7577542177825082,1.0,170.0,1.0,1.0,1.0
2d,train__c11__user7__7-2-1,11,Peel_fruits,user7,7-2-1,57,0,0.6666666666666666,0.1390929999912232,0.8333333333333334,0.6961201730154085,0.2585010985083157,0.7889995996896646,2.0,170.0,0.0,1.0,0.5
25d,train__c11__user7__7-2-1,11,Peel_fruits,user7,7-2-1,57,0,0.6666666666666666,0.18817647528915707,0.6666666666666666,0.6651358784903401,0.25612005200984467,0.6940559250831058,1.0,170.0,1.0,1.0,1.0
2d,train__c11__user7__7-2-2,11,Peel_fruits,user7,7-2-2,42,1,0.6666666666666666,0.1348722372468418,0.8902439024390244,0.864092957093192,0.45737106117882975,0.8520129383058616,1.0,170.0,1.0,1.0,1.0
25d,train__c11__user7__7-2-2,11,Peel_fruits,user7,7-2-2,42,0,0.6666666666666666,0.20572548435784788,0.75,0.675740846189396,0.3696950302877236,0.7494678785571856,1.0,170.0,1.0,1.0,1.0
2d,train__c11__user7__7-2-3,11,Peel_fruits,user7,7-2-3,18,0,0.6712962962962963,0.13836079365479031,0.8551724137931035,0.9633691391333644,0.32265446037444134,0.8330104556572562,1.0,170.0,1.0,1.0,1.0
25d,train__c11__user7__7-2-3,11,Peel_fruits,user7,7-2-3,18,0,0.6712962962962963,0.1872918559453533,0.6206896551724138,0.9462898305923655,0.26111549420461516,0.69772158509904,1.0,170.0,1.0,1.0,1.0
2d,train__c12__user7__3-1-1,12,Sweep_the_floor,user7,3-1-1,70,0,0.955952380952381,0.20685700367047327,0.572851805728518,0.7051833254609781,0.2909909754049093,0.678006386947389,1.0,170.0,1.0,1.0,1.0
25d,train__c12__user7__3-1-1,12,Sweep_the_floor,user7,3-1-1,70,-1,0.9553140096618358,0.6780387164678385,0.2806573957016435,0.5491267335061633,0.0988730461374886,0.48722112041301546,1.0,170.0,1.0,1.0,1.0
2d,train__c12__user7__3-1-2,12,Sweep_the_floor,user7,3-1-2,42,0,0.9404761904761905,0.210626822194496,0.5126582278481012,0.6913473459261352,0.3562810561349355,0.6468654581668084,1.0,170.0,1.0,1.0,1.0
25d,train__c12__user7__3-1-2,12,Sweep_the_floor,user7,3-1-2,42,-1,0.9390243902439024,0.5735350073554936,0.3181818181818182,0.08422565605403019,0.15247880773174172,0.4637609152096739,1.0,170.0,1.0,1.0,1.0
2d,train__c12__user7__3-1-3,12,Sweep_the_floor,user7,3-1-3,32,0,0.9557291666666666,0.23837522777312878,0.46321525885558584,0.8600657001602174,0.29026621589479806,0.6331178452453705,1.0,170.0,1.0,1.0,1.0
25d,train__c12__user7__3-1-3,12,Sweep_the_floor,user7,3-1-3,32,0,0.9505208333333334,0.9064347195701217,0.27945205479452057,0.36729732534080706,0.05334774438086815,0.4644815268329654,1.0,170.0,1.0,1.0,1.0
2d,train__c13__user7__3-1-1,13,Mop_the_floor,user7,3-1-1,54,0,0.9876543209876543,0.23433988461868505,0.5390625,0.7290730586564297,0.2849116079151443,0.6645254835580442,2.0,170.0,0.0,1.0,0.5
25d,train__c13__user7__3-1-1,13,Mop_the_floor,user7,3-1-1,54,0,0.9876543209876543,0.6601811397269104,0.265625,0.4955072894409485,0.0824907312904153,0.4755967158896414,1.0,170.0,1.0,1.0,1.0
2d,train__c13__user7__3-1-2,13,Mop_the_floor,user7,3-1-2,53,0,0.9937106918238994,0.23179387045619024,0.5743670886075949,0.6313519229462631,0.34248498804085536,0.6790945343142576,1.0,170.0,1.0,1.0,1.0
25d,train__c13__user7__3-1-2,13,Mop_the_floor,user7,3-1-2,53,-1,0.9903846153846154,0.7067888778233247,0.2783171521035599,0.12047587728869838,0.11602348844346945,0.4478622445575495,1.0,170.0,1.0,1.0,1.0
2d,train__c13__user7__3-1-3,13,Mop_the_floor,user7,3-1-3,28,0,1.0,0.2524332816756794,0.4880952380952381,0.6073524986666694,0.2252834090599705,0.6210838864985456,1.0,170.0,1.0,1.0,1.0
25d,train__c13__user7__3-1-3,13,Mop_the_floor,user7,3-1-3,28,-1,0.9938271604938271,1.0064913678086427,0.18633540372670807,0.347813989472062,0.06056965188573029,0.4161913109377081,1.0,170.0,1.0,1.0,1.0
2d,train__c14__user7__3-2-1,14,Wipe_bowls,user7,3-2-1,69,0,0.6666666666666666,0.10636444837582729,0.9510869565217391,0.8648448986822596,0.5322074653746666,0.8911645425249491,1.0,170.0,1.0,1.0,1.0
25d,train__c14__user7__3-2-1,14,Wipe_bowls,user7,3-2-1,69,0,0.6666666666666666,0.18068050616344694,0.7155797101449275,0.8281704485784813,0.3763015005452085,0.7462751646451156,1.0,170.0,1.0,1.0,1.0
2d,train__c14__user7__3-2-2,14,Wipe_bowls,user7,3-2-2,50,0,0.6666666666666666,0.11952071229014202,0.905,0.610310934112444,0.5198204915016857,0.8394342969405375,1.0,170.0,1.0,1.0,1.0
25d,train__c14__user7__3-2-2,14,Wipe_bowls,user7,3-2-2,50,0,0.6666666666666666,0.2390011222579214,0.73,0.7188265619842268,0.38305075485667184,0.7437781294793397,1.0,170.0,1.0,1.0,1.0
2d,train__c14__user7__3-2-3,14,Wipe_bowls,user7,3-2-3,26,0,0.6698717948717948,0.11570792516296158,0.9425837320574163,0.8105091179821527,0.3549222066901244,0.8680783094187331,1.0,170.0,1.0,1.0,1.0
25d,train__c14__user7__3-2-3,14,Wipe_bowls,user7,3-2-3,26,0,0.6698717948717948,0.2294155237140609,0.6842105263157895,0.7745591458692304,0.28142926906581844,0.7168660787277232,1.0,170.0,1.0,1.0,1.0
2d,train__c15__user7__2-2-1,15,Wipe_windows_and_tables,user7,2-2-1,24,-1,1.0,0.24356220081978433,0.4166666666666667,0.9213144611132682,0.25674051269960335,0.6155536512304637,1.0,170.0,1.0,1.0,1.0
25d,train__c15__user7__2-2-1,15,Wipe_windows_and_tables,user7,2-2-1,24,-1,0.9927536231884058,1.1551044482899833,0.1678832116788321,0.5859877724672796,0.31221637450099976,0.44862613407650126,1.0,170.0,1.0,1.0,1.0
2d,train__c15__user7__2-2-2,15,Wipe_windows_and_tables,user7,2-2-2,30,-2,0.9970238095238095,0.21257418478126686,0.5194029850746269,0.9356996238251739,0.09582410497432185,0.6611307929990172,1.0,170.0,1.0,1.0,1.0
25d,train__c15__user7__2-2-2,15,Wipe_windows_and_tables,user7,2-2-2,30,0,0.9972222222222222,0.7185356335595233,0.21448467966573817,-0.19305659086231242,0.11827698345207575,0.38225391071105264,1.0,170.0,1.0,1.0,1.0
2d,train__c15__user7__2-2-3,15,Wipe_windows_and_tables,user7,2-2-3,16,-2,0.9880952380952381,0.17271698215862943,0.7048192771084337,0.8206287140195173,0.16851629344569788,0.7561617196295415,1.0,170.0,1.0,1.0,1.0
25d,train__c15__user7__2-2-3,15,Wipe_windows_and_tables,user7,2-2-3,16,-2,0.9880952380952381,0.4653311700402379,0.40963855421686746,0.23051066958105043,0.11686554452263553,0.5309267114261036,1.0,170.0,1.0,1.0,1.0
2d,train__c15__user7__3-3-1,15,Wipe_windows_and_tables,user7,3-3-1,68,0,0.8860294117647058,0.15007265715944068,0.8520055325034578,0.8304732843505055,0.42894625528158065,0.8474242816345415,1.0,170.0,1.0,1.0,1.0
25d,train__c15__user7__3-3-1,15,Wipe_windows_and_tables,user7,3-3-1,68,0,0.8737745098039216,0.2338658059416895,0.5357643758765779,0.8116902165687748,0.1966310828499165,0.6529642105831313,1.0,170.0,1.0,1.0,1.0
2d,train__c15__user7__3-3-3,15,Wipe_windows_and_tables,user7,3-3-3,42,0,0.9206349206349206,0.210947817792741,0.5732758620689655,0.7054450559972251,0.3447778637789452,0.6787680615845665,1.0,170.0,1.0,1.0,1.0
25d,train__c15__user7__3-3-3,15,Wipe_windows_and_tables,user7,3-3-3,42,0,0.9206349206349206,0.27783670113457526,0.5301724137931034,0.21043000338009843,0.038388002773339,0.5825804201957092,1.0,170.0,1.0,1.0,1.0
2d,train__c16__user7__6-1-1,16,Fold_clothes,user7,6-1-1,58,0,0.9324712643678161,0.14198282613176932,0.8351309707241911,0.7470018191477177,0.2736974925202725,0.8227966541888789,1.0,170.0,1.0,1.0,1.0
25d,train__c16__user7__6-1-1,16,Fold_clothes,user7,6-1-1,58,1,0.9342105263157895,0.707731488952031,0.18309859154929578,0.4486693015606433,0.3213742271239905,0.4380952751740553,1.0,170.0,1.0,1.0,1.0
2d,train__c16__user7__6-1-2,16,Fold_clothes,user7,6-1-2,64,0,0.9518229166666666,0.1701764394731494,0.761969904240766,0.8398976417253902,0.3769053889705564,0.8015234073444188,1.0,170.0,1.0,1.0,1.0
25d,train__c16__user7__6-1-2,16,Fold_clothes,user7,6-1-2,64,0,0.93359375,0.7499027694394397,0.2928870292887029,0.5469475866427473,0.3173942042291959,0.507946565090251,1.0,170.0,1.0,1.0,1.0
2d,train__c16__user7__6-1-3,16,Fold_clothes,user7,6-1-3,26,0,0.9038461538461539,0.22046370937536816,0.6737588652482269,0.6319244435051569,0.38892798447628957,0.7283140344573776,1.0,170.0,1.0,1.0,1.0
25d,train__c16__user7__6-1-3,16,Fold_clothes,user7,6-1-3,26,0,0.8685897435897436,0.7501410569377865,0.28413284132841327,0.48108070420030136,0.2619827197794266,0.48588881149308877,1.0,170.0,1.0,1.0,1.0
2d,train__c17__user7__4-1-1,17,Tap_the_keyboard,user7,4-1-1,12,1,0.8181818181818182,0.1273493299978916,0.9166666666666666,0.3943479580893551,0.38426926807209005,0.8292398393991907,1.0,170.0,1.0,1.0,1.0
25d,train__c17__user7__4-1-1,17,Tap_the_keyboard,user7,4-1-1,12,2,0.8333333333333334,0.6327426049063468,0.44,0.10303243951233397,0.5256945291383708,0.5500636669699446,3.0,170.0,0.0,1.0,0.3333333333333333
2d,train__c17__user7__4-1-2,17,Tap_the_keyboard,user7,4-1-2,19,0,0.7719298245614035,0.30594793512043333,0.6420454545454546,0.2662602278781612,0.6900542397455347,0.6836980732248716,6.0,170.0,0.0,0.0,0.16666666666666666
25d,train__c17__user7__4-1-2,17,Tap_the_keyboard,user7,4-1-2,19,0,0.7675438596491229,0.6918390639179417,0.03428571428571429,0.08237660741255286,0.5572352347911673,0.32064183217264797,15.0,170.0,0.0,0.0,0.06666666666666667
2d,train__c17__user7__4-1-3,17,Tap_the_keyboard,user7,4-1-3,19,2,0.9607843137254902,0.3216307498789523,0.7244897959183674,0.7399455019309061,0.10938474896498818,0.7517462254931159,1.0,170.0,1.0,1.0,1.0
25d,train__c17__user7__4-1-3,17,Tap_the_keyboard,user7,4-1-3,19,2,0.9558823529411765,0.8132443478440136,0.05128205128205128,-0.08167852361378232,0.0673467303928403,0.29567651591733063,7.0,170.0,0.0,0.0,0.14285714285714285
2d,train__c17__user7__6-3-1,17,Tap_the_keyboard,user7,6-3-1,52,0,1.0,0.13320118764295674,0.9038461538461539,0.14079127753028162,0.26911930308889703,0.8063784601000801,1.0,170.0,1.0,1.0,1.0
25d,train__c17__user7__6-3-1,17,Tap_the_keyboard,user7,6-3-1,52,1,0.9967320261437909,0.5794910342585418,0.5557377049180328,-0.31809844128803955,0.15500353305501416,0.5601443611696192,1.0,170.0,1.0,1.0,1.0
2d,train__c20__user7__4-1-1,20,Check_the_time,user7,4-1-1,11,-1,0.7166666666666667,0.1969506792514773,0.8604651162790697,0.7797803621802571,0.20941101552255872,0.8136063430023726,1.0,170.0,1.0,1.0,1.0
25d,train__c20__user7__4-1-1,20,Check_the_time,user7,4-1-1,11,0,0.7121212121212122,0.7161510933008142,0.09574468085106383,0.5139130289572998,0.14033660787282912,0.36078824416639854,3.0,170.0,0.0,1.0,0.3333333333333333
2d,train__c21__user7__4-1-1,21,Read_documents,user7,4-1-1,63,1,0.956989247311828,0.17052000932539613,0.8061797752808989,0.6589604331185196,0.35654509804402523,0.8067347268008311,1.0,170.0,1.0,1.0,1.0
25d,train__c21__user7__4-1-1,21,Read_documents,user7,4-1-1,63,-1,0.9475806451612904,0.8316772761288553,0.2865248226950355,0.591869931354409,0.3115858477560935,0.5099026487155465,1.0,170.0,1.0,1.0,1.0
2d,train__c21__user7__4-1-2,21,Read_documents,user7,4-1-2,46,0,0.7590579710144928,0.17513262136700616,0.8066825775656324,0.7779963429388984,0.23197458849618494,0.7897789431936509,1.0,170.0,1.0,1.0,1.0
25d,train__c21__user7__4-1-2,21,Read_documents,user7,4-1-2,46,-1,0.7537037037037037,0.7836771960997306,0.32186732186732187,0.4656656465619328,0.15360119060326696,0.4854840513488357,2.0,170.0,0.0,1.0,0.5
2d,train__c21__user7__4-1-3,21,Read_documents,user7,4-1-3,33,0,0.8585858585858586,0.23121958767439174,0.7617647058823529,0.4566230050203246,0.166375188446361,0.7379696137293896,1.0,170.0,1.0,1.0,1.0
25d,train__c21__user7__4-1-3,21,Read_documents,user7,4-1-3,33,0,0.8358585858585859,0.6798235923816149,0.1782477341389728,0.40918179982891134,0.2507042123181378,0.41634310826904514,1.0,170.0,1.0,1.0,1.0
2d,train__c23__user7__6-2-1,23,Listen_to_music_with_headphones,user7,6-2-1,17,2,0.8555555555555555,0.363436934986623,0.5454545454545454,-0.09122786382394446,0.09894650895400393,0.5588537573447114,4.0,170.0,0.0,1.0,0.25
25d,train__c23__user7__6-2-1,23,Listen_to_music_with_headphones,user7,6-2-1,17,-2,0.8555555555555555,0.6955884878173164,0.21428571428571427,-0.37586768287681227,0.009180937528588761,0.3415145004396613,20.0,170.0,0.0,0.0,0.05
2d,train__c23__user7__6-2-2,23,Listen_to_music_with_headphones,user7,6-2-2,30,0,0.8694444444444445,0.4821980439172664,0.4952076677316294,0.6425552316278486,0.2493289301765615,0.6172638546228676,20.0,170.0,0.0,0.0,0.05
25d,train__c23__user7__6-2-2,23,Listen_to_music_with_headphones,user7,6-2-2,30,-1,0.8649425287356322,0.9178212585245946,0.19601328903654486,0.029148057643916942,0.1776202168717408,0.3855378838734351,17.0,170.0,0.0,0.0,0.058823529411764705
2d,train__c23__user7__6-2-3,23,Listen_to_music_with_headphones,user7,6-2-3,15,0,1.0,0.12907125912200532,0.8666666666666667,0.956759737396523,0.5252311847967593,0.886734979266076,1.0,170.0,1.0,1.0,1.0
25d,train__c23__user7__6-2-3,23,Listen_to_music_with_headphones,user7,6-2-3,15,0,1.0,0.43627121860988805,0.31666666666666665,0.8561514723233765,0.14064312040206572,0.5453300479291593,1.0,170.0,1.0,1.0,1.0
2d,train__c23__user7__7-1-1,23,Listen_to_music_with_headphones,user7,7-1-1,19,0,0.45614035087719296,0.3203522094741551,0.6730769230769231,-0.06582246168593564,0.35910389821546357,0.6111568889775932,2.0,170.0,0.0,1.0,0.5
25d,train__c23__user7__7-1-1,23,Listen_to_music_with_headphones,user7,7-1-1,19,0,0.4517543859649123,0.8373090054878108,0.39805825242718446,0.23026202944598786,0.2190733747234121,0.4785641834802974,11.0,170.0,0.0,0.0,0.09090909090909091
2d,train__c23__user7__7-1-2,23,Listen_to_music_with_headphones,user7,7-1-2,23,0,0.9746376811594203,0.20503225583502735,0.8178438661710037,0.6075881799881145,0.20847834152600608,0.7986725881232559,1.0,170.0,1.0,1.0,1.0
25d,train__c23__user7__7-1-2,23,Listen_to_music_with_headphones,user7,7-1-2,23,0,0.9710144927536232,1.0216130337488099,0.3656716417910448,0.48394382797561525,0.21148987124408344,0.5374769754013047,1.0,170.0,1.0,1.0,1.0
2d,train__c23__user7__7-1-3,23,Listen_to_music_with_headphones,user7,7-1-3,13,0,0.8653846153846154,0.17220896646666045,0.7851851851851852,0.7944927650124888,0.1824771226600029,0.7865253740910626,1.0,170.0,1.0,1.0,1.0
25d,train__c23__user7__7-1-3,23,Listen_to_music_with_headphones,user7,7-1-3,13,0,0.8653846153846154,0.7272302716507414,0.2814814814814815,0.5962290706427383,0.07429145705033187,0.4815480426963251,1.0,170.0,1.0,1.0,1.0
2d,train__c24__user7__1-2-1,24,Use_a_mobile_phone,user7,1-2-1,50,0,1.0,0.18546554490587455,0.7633333333333333,0.9220260334972379,0.4636908540255334,0.8218127507349721,1.0,170.0,1.0,1.0,1.0
25d,train__c24__user7__1-2-1,24,Use_a_mobile_phone,user7,1-2-1,50,0,1.0,0.7255277493126252,0.495,0.9366798386583456,0.34825258774334383,0.6670369279465854,2.0,170.0,0.0,1.0,0.5
2d,train__c24__user7__1-2-2,24,Use_a_mobile_phone,user7,1-2-2,35,0,1.0,0.26345818992364956,0.7,0.45943348347575,0.5596480971745538,0.7479169556356665,2.0,170.0,0.0,1.0,0.5
25d,train__c24__user7__1-2-2,24,Use_a_mobile_phone,user7,1-2-2,35,0,0.9928571428571429,0.7247163296660704,0.4940047961630695,0.28546237870387026,0.1906348862094627,0.5888322065114993,1.0,170.0,1.0,1.0,1.0
2d,train__c24__user7__1-2-3,24,Use_a_mobile_phone,user7,1-2-3,40,0,1.0,0.22176807133441423,0.7291666666666666,0.6675492739209109,0.3131824808802743,0.7662852801247784,1.0,170.0,1.0,1.0,1.0
25d,train__c24__user7__1-2-3,24,Use_a_mobile_phone,user7,1-2-3,40,0,0.9979166666666667,0.9344565307287329,0.46764091858037576,0.5237461012506114,0.10206284442399594,0.5920234953427341,1.0,170.0,1.0,1.0,1.0
2d,train__c25__user7__5-1-1,25,Watch_TV,user7,5-1-1,64,0,1.0,0.1261711748571895,0.8932291666666666,0.9175632064540067,0.5574401833900363,0.89984037606632,1.0,170.0,1.0,1.0,1.0
25d,train__c25__user7__5-1-1,25,Watch_TV,user7,5-1-1,64,0,1.0,0.311671260919554,0.7057291666666666,0.15203870853346033,0.43911569789013033,0.7112885898617725,1.0,170.0,1.0,1.0,1.0
2d,train__c25__user7__5-1-2,25,Watch_TV,user7,5-1-2,65,0,1.0,0.2502741707606457,0.7012820512820512,0.4410600195028953,0.3604887271817155,0.7318477846940463,1.0,170.0,1.0,1.0,1.0
25d,train__c25__user7__5-1-2,25,Watch_TV,user7,5-1-2,65,0,1.0,0.8068111096509516,0.48333333333333334,0.17821561597493465,0.2869977607019433,0.5801797269834725,1.0,170.0,1.0,1.0,1.0
2d,train__c25__user7__5-1-3,25,Watch_TV,user7,5-1-3,43,0,1.0,0.16920203271792017,0.748062015503876,0.8873756004867306,0.5208429558251834,0.8142348902626936,1.0,170.0,1.0,1.0,1.0
25d,train__c25__user7__5-1-3,25,Watch_TV,user7,5-1-3,43,0,1.0,0.37714252270889836,0.5193798449612403,0.561033249774338,0.4403580024790794,0.649789089892047,1.0,170.0,1.0,1.0,1.0
2d,train__c27__user7__1-2-1,27,Take_a_selfie,user7,1-2-1,32,0,1.0,0.19239875917749127,0.7447916666666666,0.9380118933778931,0.2658444902000237,0.7983749427694578,2.0,170.0,0.0,1.0,0.5
25d,train__c27__user7__1-2-1,27,Take_a_selfie,user7,1-2-1,32,1,1.0,0.8814910179400722,0.5,0.9638314230739116,0.1702226083384216,0.6591498379327728,6.0,170.0,0.0,0.0,0.16666666666666666
2d,train__c27__user7__1-2-2,27,Take_a_selfie,user7,1-2-2,23,0,1.0,0.29748374386024573,0.6594202898550725,0.2685728838541002,0.4447486579664229,0.6978945971531816,8.0,170.0,0.0,0.0,0.125
25d,train__c27__user7__1-2-2,27,Take_a_selfie,user7,1-2-2,23,0,0.9891304347826086,0.8182735355882272,0.48717948717948717,0.2597278365001429,0.2364651768011531,0.5855694333370796,8.0,170.0,0.0,0.0,0.125
2d,train__c27__user7__1-2-3,27,Take_a_selfie,user7,1-2-3,23,-1,1.0,0.23558511654149256,0.6893939393939394,0.19179903554829095,0.4782006095392897,0.7092116159369425,1.0,170.0,1.0,1.0,1.0
25d,train__c27__user7__1-2-3,27,Take_a_selfie,user7,1-2-3,23,1,0.9962121212121212,1.2057724073169236,0.5285171102661597,0.6233989360227032,0.3267711730828628,0.6521533543510849,6.0,170.0,0.0,0.0,0.16666666666666666
2d,train__c28__user7__3-1-1,28,Jog_in_place,user7,3-1-1,52,0,0.8814102564102564,0.1583240428293568,0.8254545454545454,0.8728145145442577,0.2800625864934076,0.8254271710824571,1.0,170.0,1.0,1.0,1.0
25d,train__c28__user7__3-1-1,28,Jog_in_place,user7,3-1-1,52,0,0.8814102564102564,0.2770630470206579,0.42363636363636364,0.88733601965998,0.1441247006621727,0.5956839801566867,1.0,170.0,1.0,1.0,1.0
2d,train__c28__user7__3-1-2,28,Jog_in_place,user7,3-1-2,32,0,0.9192708333333334,0.14790376924364854,0.8271954674220963,0.8593645110076626,0.3910854727392455,0.837152451971696,1.0,170.0,1.0,1.0,1.0
25d,train__c28__user7__3-1-2,28,Jog_in_place,user7,3-1-2,32,0,0.9166666666666666,0.2428588690600196,0.3806818181818182,0.8851734022484136,0.3460326881473384,0.5905114585025584,1.0,170.0,1.0,1.0,1.0
2d,train__c28__user7__3-1-3,28,Jog_in_place,user7,3-1-3,29,0,0.9195402298850575,0.14608410578718894,0.8375,0.8489427620399131,0.4034833315300865,0.8427345490572536,1.0,170.0,1.0,1.0,1.0
25d,train__c28__user7__3-1-3,28,Jog_in_place,user7,3-1-3,29,0,0.9195402298850575,0.3281225531656495,0.39375,0.8122189238302396,0.18297820657736832,0.5784617808648324,1.0,170.0,1.0,1.0,1.0
2d,train__c29__user7__4-1-1,29,Do_squats,user7,4-1-1,34,0,0.946078431372549,0.15002106352632819,0.805699481865285,0.9770736109642207,0.6190688115915063,0.8568800801289467,1.0,170.0,1.0,1.0,1.0
25d,train__c29__user7__4-1-1,29,Do_squats,user7,4-1-1,34,-1,0.946969696969697,0.518632051610406,0.23733333333333334,0.892620167832624,0.20545013719412739,0.5049010801031251,1.0,170.0,1.0,1.0,1.0
2d,train__c29__user7__4-1-3,29,Do_squats,user7,4-1-3,14,0,0.8095238095238095,0.2599571432929303,0.7352941176470589,0.7567959458520279,0.4526720292146088,0.7699941424345619,1.0,170.0,1.0,1.0,1.0
25d,train__c29__user7__4-1-3,29,Do_squats,user7,4-1-3,14,-1,0.8141025641025641,0.4922574220510841,0.25984251968503935,0.757301913337038,0.40157513021458646,0.5051719683368259,1.0,170.0,1.0,1.0,1.0
2d,train__c30__user7__2-2-1,30,Do_jumping_jacks,user7,2-2-1,47,0,0.9432624113475178,0.19751663417275864,0.7537593984962406,0.5692749082274086,0.3827570736147357,0.7695281816515301,1.0,170.0,1.0,1.0,1.0
25d,train__c30__user7__2-2-1,30,Do_jumping_jacks,user7,2-2-1,47,0,0.9078014184397163,0.43609179042720425,0.359375,0.49802092537755277,0.2513872199145591,0.5320925258753189,1.0,170.0,1.0,1.0,1.0
2d,train__c30__user7__2-2-2,30,Do_jumping_jacks,user7,2-2-2,37,0,0.9234234234234234,0.2204090990648767,0.6780487804878049,0.6255740481334638,0.27272681953192573,0.723281087888876,1.0,170.0,1.0,1.0,1.0
25d,train__c30__user7__2-2-2,30,Do_jumping_jacks,user7,2-2-2,37,0,0.8693693693693694,0.45914619517322314,0.32124352331606215,0.5777998570549643,0.20966301378997085,0.5121255865005154,1.0,170.0,1.0,1.0,1.0
2d,train__c30__user7__2-2-3,30,Do_jumping_jacks,user7,2-2-3,30,0,0.9444444444444444,0.22118847086132634,0.6647058823529411,0.3976614199415342,0.34343795890403445,0.7005566686505181,1.0,170.0,1.0,1.0,1.0
25d,train__c30__user7__2-2-3,30,Do_jumping_jacks,user7,2-2-3,30,0,0.925,0.5416917531364766,0.36936936936936937,0.377018701945556,0.0814926998845733,0.5144669758390518,1.0,170.0,1.0,1.0,1.0
2d,train__c31__user7__2-2-1,31,Do_stretching_exercises,user7,2-2-1,43,0,0.9457364341085271,0.204248833536406,0.7336065573770492,0.5701596996136264,0.34291799445576826,0.7557920695137751,1.0,170.0,1.0,1.0,1.0
25d,train__c31__user7__2-2-1,31,Do_stretching_exercises,user7,2-2-1,43,0,0.9069767441860465,0.4517612553648514,0.33760683760683763,0.4969319261041391,0.22477682498533455,0.5179328895866794,1.0,170.0,1.0,1.0,1.0
2d,train__c31__user7__2-2-2,31,Do_stretching_exercises,user7,2-2-2,42,0,0.9325396825396826,0.21427932094992902,0.6829787234042554,0.6655863088088848,0.33374520569926996,0.7354817874346425,1.0,170.0,1.0,1.0,1.0
25d,train__c31__user7__2-2-2,31,Do_stretching_exercises,user7,2-2-2,42,0,0.8849206349206349,0.4362772369124961,0.3295964125560538,0.6020800312754269,0.32284249061972536,0.5291912803219152,1.0,170.0,1.0,1.0,1.0
2d,train__c31__user7__2-2-3,31,Do_stretching_exercises,user7,2-2-3,29,0,0.9425287356321839,0.22213036192458208,0.6615853658536586,0.3866452720033042,0.34660135527231856,0.6977844536284851,1.0,170.0,1.0,1.0,1.0
25d,train__c31__user7__2-2-3,31,Do_stretching_exercises,user7,2-2-3,29,0,0.9224137931034483,0.5485104435005,0.3644859813084112,0.38682719821945133,0.08530019868548712,0.5127889037533276,1.0,170.0,1.0,1.0,1.0
2d,train__c31__user7__4-1-1,31,Do_stretching_exercises,user7,4-1-1,16,0,1.0,0.16257658625878577,0.796875,0.7940718579133664,0.31639198222158077,0.8164178344579551,1.0,170.0,1.0,1.0,1.0
25d,train__c31__user7__4-1-1,31,Do_stretching_exercises,user7,4-1-1,16,0,1.0,0.7020083690873328,0.2760416666666667,0.24872273177750082,0.15767251968692564,0.46352062882093614,3.0,170.0,0.0,1.0,0.3333333333333333
2d,train__c31__user7__4-1-2,31,Do_stretching_exercises,user7,4-1-2,14,-1,1.0,0.21004703076224424,0.7948717948717948,0.22934159683687447,0.2230993013988043,0.7518460944680849,1.0,170.0,1.0,1.0,1.0
25d,train__c31__user7__4-1-2,31,Do_stretching_exercises,user7,4-1-2,14,0,1.0,0.9080161542159721,0.27380952380952384,0.2514074542099906,0.19693636602223671,0.4655062109679049,1.0,170.0,1.0,1.0,1.0
2d,train__c31__user7__4-1-3,31,Do_stretching_exercises,user7,4-1-3,8,0,1.0,0.1707765761028931,0.75,0.9222888310657892,0.46193976745240956,0.8143743656655096,1.0,170.0,1.0,1.0,1.0
25d,train__c31__user7__4-1-3,31,Do_stretching_exercises,user7,4-1-3,8,0,1.0,0.6710335698889546,0.125,0.6361193517340384,0.26668058490072316,0.4273629790409581,1.0,170.0,1.0,1.0,1.0
2d,train__c33__user7__2-2-1,33,Lie_down,user7,2-2-1,48,0,1.0,0.20780229483320456,0.6284722222222222,0.8128083997233694,0.3416677396225114,0.7275656426662476,1.0,170.0,1.0,1.0,1.0
25d,train__c33__user7__2-2-1,33,Lie_down,user7,2-2-1,48,0,0.9982638888888888,0.5480173286927261,0.43478260869565216,0.6669450966223297,0.10076480946150397,0.5882086940433433,1.0,170.0,1.0,1.0,1.0
2d,train__c33__user7__2-2-2,33,Lie_down,user7,2-2-2,37,0,1.0,0.22243944689732437,0.5878378378378378,0.574700919235004,0.2318475851134133,0.6731694716178173,1.0,170.0,1.0,1.0,1.0
25d,train__c33__user7__2-2-2,33,Lie_down,user7,2-2-2,37,-1,1.0,0.4964269995188526,0.4513888888888889,0.3624357882427589,-0.06168204885041905,0.5548813140493833,1.0,170.0,1.0,1.0,1.0
2d,train__c33__user7__2-2-3,33,Lie_down,user7,2-2-3,28,0,1.0,0.21918840641466206,0.5833333333333334,0.5652229870059913,0.47787238554453154,0.6881960609497724,1.0,170.0,1.0,1.0,1.0
25d,train__c33__user7__2-2-3,33,Lie_down,user7,2-2-3,28,0,1.0,0.7673666139172152,0.45535714285714285,0.37019903112272357,0.35567985177745287,0.5891423205670099,1.0,170.0,1.0,1.0,1.0
2d,train__c34__user7__1-2-1,34,Sit_down,user7,1-2-1,10,0,1.0,0.18943384600688604,0.6666666666666666,0.9724863571210797,0.343472731511469,0.7646757572421348,1.0,170.0,1.0,1.0,1.0
25d,train__c34__user7__1-2-1,34,Sit_down,user7,1-2-1,10,-1,0.8888888888888888,0.46860053022181625,0.40625,0.6735572543530202,0.4313813648444944,0.587035716687528,1.0,170.0,1.0,1.0,1.0
2d,train__c34__user7__1-2-3,34,Sit_down,user7,1-2-3,11,0,1.0,0.22113758347200746,0.5606060606060606,0.709614182809226,0.16302012500204519,0.6665212609894093,1.0,170.0,1.0,1.0,1.0
25d,train__c34__user7__1-2-3,34,Sit_down,user7,1-2-3,11,0,1.0,0.32233966370170586,0.42424242424242425,0.5929577159595583,0.1615053621880515,0.5797420070933931,2.0,170.0,0.0,1.0,0.5
2d,train__c34__user7__2-2-1,34,Sit_down,user7,2-2-1,20,0,1.0,0.18479282990095144,0.6875,0.9491549226753202,0.6019970296106878,0.7931902694883336,1.0,170.0,1.0,1.0,1.0
25d,train__c34__user7__2-2-1,34,Sit_down,user7,2-2-1,20,1,1.0,0.28626728705208565,0.5,0.8617444920608197,0.3783435868330321,0.6645502182185593,1.0,170.0,1.0,1.0,1.0
2d,train__c34__user7__2-2-2,34,Sit_down,user7,2-2-2,14,0,1.0,0.24247713274668553,0.48214285714285715,0.9380037846939989,0.378917759718089,0.662397781876828,1.0,170.0,1.0,1.0,1.0
25d,train__c34__user7__2-2-2,34,Sit_down,user7,2-2-2,14,1,1.0,0.3886460751764668,0.32051282051282054,0.8699179291324622,0.07042522942408742,0.5435557364021041,1.0,170.0,1.0,1.0,1.0
2d,train__c34__user7__2-2-3,34,Sit_down,user7,2-2-3,16,0,1.0,0.18573865596345754,0.71875,0.9492032106160863,0.6583665015299999,0.8146103086763585,1.0,170.0,1.0,1.0,1.0
25d,train__c34__user7__2-2-3,34,Sit_down,user7,2-2-3,16,0,1.0,0.3644485851378735,0.5833333333333334,0.7169832007686899,0.5430266296183243,0.7082586506315767,1.0,170.0,1.0,1.0,1.0
2d,train__c34__user7__4-1-1,34,Sit_down,user7,4-1-1,11,-1,0.9583333333333334,0.22410327474599467,0.7478260869565218,0.6989985784456547,0.49759541314635153,0.7893571949899622,1.0,170.0,1.0,1.0,1.0
25d,train__c34__user7__4-1-1,34,Sit_down,user7,4-1-1,11,1,0.9666666666666667,0.730025452677829,0.25,0.014273683970788003,0.19394178966602482,0.42513966928869734,1.0,170.0,1.0,1.0,1.0
2d,train__c34__user7__4-1-2,34,Sit_down,user7,4-1-2,13,-1,0.9444444444444444,0.17228167480903425,0.8382352941176471,0.4899531990372786,0.34236132324953533,0.8051462753565933,1.0,170.0,1.0,1.0,1.0
25d,train__c34__user7__4-1-2,34,Sit_down,user7,4-1-2,13,0,0.9423076923076923,0.6134056221480986,0.23809523809523808,0.2518432040462255,0.0997849541653964,0.43285134215017745,1.0,170.0,1.0,1.0,1.0
2d,train__c34__user7__4-1-3,34,Sit_down,user7,4-1-3,15,0,0.9833333333333333,0.19088234468571705,0.7740112994350282,0.5661586611371706,0.30744150068097065,0.7787135266873888,1.0,170.0,1.0,1.0,1.0
25d,train__c34__user7__4-1-3,34,Sit_down,user7,4-1-3,15,0,0.9833333333333333,0.6086801754083341,0.2542372881355932,0.07379873778767859,0.439854223610759,0.4535327823574844,1.0,170.0,1.0,1.0,1.0
2d,train__c34__user7__5-3-1,34,Sit_down,user7,5-3-1,32,0,0.9947916666666666,0.1695720986889118,0.7225130890052356,0.8450922459169149,0.5401336743824925,0.7968806157899248,1.0,170.0,1.0,1.0,1.0
25d,train__c34__user7__5-3-1,34,Sit_down,user7,5-3-1,32,-1,0.9758064516129032,0.49548263984581475,0.3691460055096419,0.30905481422360975,0.3739160018403059,0.5345601297519773,1.0,170.0,1.0,1.0,1.0
2d,train__c34__user7__5-3-2,34,Sit_down,user7,5-3-2,17,0,0.9901960784313726,0.237009635938779,0.6683168316831684,0.6222515798990076,0.4746231253315993,0.7394157576586505,1.0,170.0,1.0,1.0,1.0
25d,train__c34__user7__5-3-2,34,Sit_down,user7,5-3-2,17,0,0.9901960784313726,0.6839756426861991,0.2623762376237624,0.19342483645876704,0.25965199943580436,0.4571429221397686,1.0,170.0,1.0,1.0,1.0
2d,train__c34__user7__6-3-1,34,Sit_down,user7,6-3-1,12,0,1.0,0.25387193939750213,0.6388888888888888,0.9438254324974387,0.601422014067198,0.7658780831936726,1.0,170.0,1.0,1.0,1.0
25d,train__c34__user7__6-3-1,34,Sit_down,user7,6-3-1,12,0,1.0,0.8269038944852358,0.3888888888888889,0.7019571111943766,0.5066207163285821,0.5970811537329702,2.0,170.0,0.0,1.0,0.5
2d,train__c34__user7__6-3-3,34,Sit_down,user7,6-3-3,8,0,1.0,0.18310504743685452,0.75,0.6678918271431659,0.47392938162545467,0.7898338863362256,1.0,170.0,1.0,1.0,1.0
25d,train__c34__user7__6-3-3,34,Sit_down,user7,6-3-3,8,0,0.9791666666666666,0.4845100656613045,0.5106382978723404,0.23191378043518007,0.16796979941091447,0.5895568434957905,1.0,170.0,1.0,1.0,1.0
2d,train__c34__user7__7-1-1,34,Sit_down,user7,7-1-1,14,-1,0.9423076923076923,0.13801973550425561,0.9115646258503401,0.6669915247148482,0.28252926493819225,0.8584801607903056,1.0,170.0,1.0,1.0,1.0
25d,train__c34__user7__7-1-1,34,Sit_down,user7,7-1-1,14,0,0.9285714285714286,0.7697831134719764,0.41025641025641024,-0.12056146782462301,0.1745105723426309,0.4945303146414035,2.0,170.0,0.0,1.0,0.5
2d,train__c34__user7__7-1-2,34,Sit_down,user7,7-1-2,17,-1,0.8125,0.13496317614130274,0.9102564102564102,0.8127804014583205,0.0647710237602054,0.8430268925688731,1.0,170.0,1.0,1.0,1.0
25d,train__c34__user7__7-1-2,34,Sit_down,user7,7-1-2,17,-1,0.8072916666666666,0.8396694879960049,0.36774193548387096,0.5014243161987517,0.37513943780995435,0.5362651206384175,1.0,170.0,1.0,1.0,1.0
2d,train__c36__user7__1-2-1,36,Walk,user7,1-2-1,16,0,0.828125,0.1412580279862658,0.89937106918239,0.4536613985468826,0.2084979106747842,0.8134700712056115,2.0,170.0,0.0,1.0,0.5
25d,train__c36__user7__1-2-1,36,Walk,user7,1-2-1,16,0,0.7864583333333334,0.22614469940358717,0.5033112582781457,0.4870625691166856,0.15905001178790198,0.5911020331820748,3.0,170.0,0.0,1.0,0.3333333333333333
2d,train__c36__user7__1-2-2,36,Walk,user7,1-2-2,8,0,0.8958333333333334,0.12079872455267307,0.9418604651162791,0.23315008135471038,0.4806730194515005,0.8419720737416205,1.0,170.0,1.0,1.0,1.0
25d,train__c36__user7__1-2-2,36,Walk,user7,1-2-2,8,0,0.7083333333333334,0.234160543706011,0.5882352941176471,0.4957651294098509,0.3940776431889309,0.6484950812781941,2.0,170.0,0.0,1.0,0.5
2d,train__c36__user7__1-2-3,36,Walk,user7,1-2-3,17,-1,0.84375,0.12238226382504859,0.9259259259259259,0.40459354794247254,0.22630048117164145,0.8260661501413796,1.0,170.0,1.0,1.0,1.0
25d,train__c36__user7__1-2-3,36,Walk,user7,1-2-3,17,-1,0.7864583333333334,0.31156159472725903,0.5364238410596026,0.3798899849602538,0.07097174868798252,0.5919908255637388,2.0,170.0,0.0,1.0,0.5
2d,train__c36__user7__3-2-1,36,Walk,user7,3-2-1,17,2,0.46111111111111114,0.12855238061084528,0.8795180722891566,0.19058755722026685,0.009993658919047008,0.7246543310111025,1.0,170.0,1.0,1.0,1.0
25d,train__c36__user7__3-2-1,36,Walk,user7,3-2-1,17,0,0.36764705882352944,0.16113575954273332,0.72,0.03658172310202199,0.3470146243950627,0.6374489750221848,1.0,170.0,1.0,1.0,1.0
2d,train__c36__user7__3-2-2,36,Walk,user7,3-2-2,19,0,0.4780701754385965,0.19346657275652068,0.7889908256880734,0.5353612560344688,0.2492418776662522,0.7289812381007158,1.0,170.0,1.0,1.0,1.0
25d,train__c36__user7__3-2-2,36,Walk,user7,3-2-2,19,0,0.45614035087719296,0.26056687040953236,0.625,0.46669365728913,0.2843503736635821,0.632359678841401,1.0,170.0,1.0,1.0,1.0
2d,train__c36__user7__3-3-1,36,Walk,user7,3-3-1,9,0,0.7407407407407407,0.12217551000433945,0.9125,0.6567858590753175,0.10679623165195698,0.8246373773555027,1.0,170.0,1.0,1.0,1.0
25d,train__c36__user7__3-3-1,36,Walk,user7,3-3-1,9,0,0.6388888888888888,0.4875630787451641,0.6086956521739131,0.7218335619598801,0.2201173152781823,0.6623636524263928,1.0,170.0,1.0,1.0,1.0
2d,train__c36__user7__3-3-3,36,Walk,user7,3-3-3,10,0,0.9166666666666666,0.13649894782794578,0.8727272727272727,0.2702975417044182,0.5452846714429567,0.8145927711953304,1.0,170.0,1.0,1.0,1.0
25d,train__c36__user7__3-3-3,36,Walk,user7,3-3-3,10,0,0.9083333333333333,0.37907563952273204,0.5596330275229358,0.05497371832029827,0.3726835714196044,0.6070801381594482,1.0,170.0,1.0,1.0,1.0
2d,train__c36__user7__4-1-1,36,Walk,user7,4-1-1,15,0,0.8222222222222222,0.1647619309688559,0.7972972972972973,0.5911221073467814,0.45456413816592983,0.7889402568328586,1.0,170.0,1.0,1.0,1.0
25d,train__c36__user7__4-1-1,36,Walk,user7,4-1-1,15,-2,0.6730769230769231,0.30072770601543386,0.580952380952381,0.23307336858278707,0.04526877027343449,0.5885339964602881,1.0,170.0,1.0,1.0,1.0
2d,train__c36__user7__4-1-2,36,Walk,user7,4-1-2,12,0,0.8263888888888888,0.19512737530432997,0.7983193277310925,0.4196456877737887,0.2925582689833421,0.7606209580921194,1.0,170.0,1.0,1.0,1.0
25d,train__c36__user7__4-1-2,36,Walk,user7,4-1-2,12,-1,0.7045454545454546,0.45112945112142827,0.40860215053763443,0.08381564490027778,-0.18598281136267167,0.4646185818880718,1.0,170.0,1.0,1.0,1.0
2d,train__c36__user7__5-2-1,36,Walk,user7,5-2-1,12,0,0.3333333333333333,0.18536236560710576,0.7291666666666666,0.5002128181954323,0.20869741910207656,0.675048588252199,6.0,170.0,0.0,0.0,0.16666666666666666
25d,train__c36__user7__5-2-1,36,Walk,user7,5-2-1,12,-2,0.05,0.550251771901943,0.6666666666666666,,,0.5466666666666666,,,,,
2d,train__c36__user7__5-2-2,36,Walk,user7,5-2-2,11,0,0.4696969696969697,0.12884284175809727,0.9354838709677419,0.8261785063740116,0.4510217620944654,0.8529303087964412,1.0,170.0,1.0,1.0,1.0
25d,train__c36__user7__5-2-2,36,Walk,user7,5-2-2,11,0,0.3560606060606061,0.1875667489049866,0.7021276595744681,0.8131290017483548,0.3295454725312932,0.7028050839867005,1.0,170.0,1.0,1.0,1.0
2d,train__c36__user7__5-3-1,36,Walk,user7,5-3-1,17,0,0.8529411764705882,0.11487348399430834,0.9137931034482759,0.5946969470750174,0.24146033127057567,0.8404595440964054,1.0,170.0,1.0,1.0,1.0
25d,train__c36__user7__5-3-1,36,Walk,user7,5-3-1,17,-2,0.7277777777777777,0.4792370846239124,0.549618320610687,0.6640800810321141,0.022896597415982448,0.6181931070230657,3.0,170.0,0.0,1.0,0.3333333333333333
2d,train__c36__user7__5-3-2,36,Walk,user7,5-3-2,16,0,0.8333333333333334,0.12155127467574983,0.93125,0.699694445446093,0.3755939503837123,0.868659824156721,1.0,170.0,1.0,1.0,1.0
25d,train__c36__user7__5-3-2,36,Walk,user7,5-3-2,16,-1,0.8222222222222222,0.5013868391656373,0.5337837837837838,0.7670197372371672,0.07632588864632282,0.6332297186754943,2.0,170.0,0.0,1.0,0.5
2d,train__c36__user7__5-3-3,36,Walk,user7,5-3-3,11,0,0.9242424242424242,0.12482076954481884,0.9098360655737705,0.7621985653157443,0.6114679109209865,0.8899140283404646,1.0,170.0,1.0,1.0,1.0
25d,train__c36__user7__5-3-3,36,Walk,user7,5-3-3,11,-1,0.9166666666666666,0.27093447801682374,0.509090909090909,0.6921098529456814,0.4400261227729702,0.6488796111692076,1.0,170.0,1.0,1.0,1.0
2d,train__c36__user7__6-1-1,36,Walk,user7,6-1-1,12,0,0.6736111111111112,0.10791207603284288,0.9587628865979382,0.6865458502847099,0.12072280266812481,0.8473894939685575,1.0,170.0,1.0,1.0,1.0
25d,train__c36__user7__6-1-1,36,Walk,user7,6-1-1,12,0,0.5277777777777778,0.2281266384491895,0.5789473684210527,0.17789198864886774,0.14629048258008276,0.5749598154677498,1.0,170.0,1.0,1.0,1.0
2d,train__c36__user7__6-1-2,36,Walk,user7,6-1-2,10,0,0.5833333333333334,0.25896055176855437,0.8571428571428571,0.11788446665375711,-0.2148792789203156,0.7004344055082568,13.0,170.0,0.0,0.0,0.07692307692307693
25d,train__c36__user7__6-1-2,36,Walk,user7,6-1-2,10,-2,0.40625,0.2860483661845383,0.5384615384615384,0.7360523536309835,-0.06927157192046073,0.5801887136229099,13.0,170.0,0.0,0.0,0.07692307692307693
2d,train__c36__user7__6-3-1,36,Walk,user7,6-3-1,18,0,0.8611111111111112,0.12196063364503919,0.9193548387096774,0.4167719913972669,0.3220998585041119,0.8325909609289689,1.0,170.0,1.0,1.0,1.0
25d,train__c36__user7__6-3-1,36,Walk,user7,6-3-1,18,2,0.8802083333333334,0.4055891900074719,0.46153846153846156,0.6024263760024638,0.21367724637622695,0.5931354182579506,1.0,170.0,1.0,1.0,1.0
2d,train__c36__user7__6-3-3,36,Walk,user7,6-3-3,9,0,0.8425925925925926,0.1345777740906658,0.9120879120879121,0.5503480274491164,0.5699387191521058,0.8586878175889305,1.0,170.0,1.0,1.0,1.0
25d,train__c36__user7__6-3-3,36,Walk,user7,6-3-3,9,0,0.8425925925925926,0.23927774815026207,0.5714285714285714,0.5201228960867075,0.2759250353509827,0.646251640804968,1.0,170.0,1.0,1.0,1.0
2d,train__c37__user7__4-1-1,37,Take_medicine,user7,4-1-1,32,0,0.9713541666666666,0.11866670165405364,0.9222520107238605,0.9681786206234418,0.6297743414784202,0.9234249602380157,1.0,170.0,1.0,1.0,1.0
25d,train__c37__user7__4-1-1,37,Take_medicine,user7,4-1-1,32,0,0.9661458333333334,0.38667640659053115,0.40970350404312667,0.883149418750722,0.33712832850615615,0.610551077070087,1.0,170.0,1.0,1.0,1.0
2d,train__c37__user7__4-1-2,37,Take_medicine,user7,4-1-2,17,0,0.9901960784313726,0.10685393099483902,0.9752475247524752,0.9679956296959473,0.2691533188417525,0.9273918083397249,1.0,170.0,1.0,1.0,1.0
25d,train__c37__user7__4-1-2,37,Take_medicine,user7,4-1-2,17,0,0.9901960784313726,0.3272704385659598,0.46534653465346537,0.8996782244560753,0.19180757621793465,0.6343135925644959,1.0,170.0,1.0,1.0,1.0
2d,train__c37__user7__4-1-3,37,Take_medicine,user7,4-1-3,12,0,0.9444444444444444,0.23055977909254427,0.6029411764705882,0.8093308081667674,0.1272825692648328,0.6915413650148071,1.0,170.0,1.0,1.0,1.0
25d,train__c37__user7__4-1-3,37,Take_medicine,user7,4-1-3,12,2,0.9166666666666666,0.8710668271198817,0.2727272727272727,0.5981924154668683,0.16308951702460492,0.48871762199019886,1.0,170.0,1.0,1.0,1.0
2d,train__c39__user7__4-1-1,39,Take_body_temperature,user7,4-1-1,13,0,1.0,0.12535389928706245,0.8653846153846154,0.9873706743289486,0.5246096004072085,0.889044325924974,1.0,170.0,1.0,1.0,1.0
25d,train__c39__user7__4-1-1,39,Take_body_temperature,user7,4-1-1,13,0,0.9423076923076923,0.40250570626162474,0.2789115646258503,0.7968961897299499,0.3008315272284577,0.5248841132901162,1.0,170.0,1.0,1.0,1.0
2d,train__c39__user7__4-1-3,39,Take_body_temperature,user7,4-1-3,12,-1,0.9696969696969697,0.14104255647113242,0.8125,0.9769058544671421,0.27286434697621237,0.8370001084396272,1.0,170.0,1.0,1.0,1.0
25d,train__c39__user7__4-1-3,39,Take_body_temperature,user7,4-1-3,12,0,0.9652777777777778,0.45887442197914335,0.2805755395683453,0.7631942810784528,0.5708573676983474,0.5449780552255891,3.0,170.0,0.0,1.0,0.3333333333333333
2d,train__c39__user7__7-1-1,39,Take_body_temperature,user7,7-1-1,41,0,1.0,0.1467947808973063,0.8252032520325203,0.923583904944777,0.32224334755961137,0.8453884301793347,1.0,170.0,1.0,1.0,1.0
25d,train__c39__user7__7-1-1,39,Take_body_temperature,user7,7-1-1,41,-2,0.9978632478632479,0.5497853243868949,0.29764453961456105,0.692466565465482,0.18148967936451663,0.5213492040732204,1.0,170.0,1.0,1.0,1.0
2d,train__c39__user7__7-1-2,39,Take_body_temperature,user7,7-1-2,23,-1,1.0,0.15159348341311432,0.8181818181818182,0.9714969305865572,0.4629306668214375,0.8568694930702635,1.0,170.0,1.0,1.0,1.0
25d,train__c39__user7__7-1-2,39,Take_body_temperature,user7,7-1-2,23,-1,0.9545454545454546,0.6255251868205971,0.2777777777777778,0.7707830391326924,0.390975154290429,0.5296337637173747,1.0,170.0,1.0,1.0,1.0
2d,train__c39__user7__7-1-3,39,Take_body_temperature,user7,7-1-3,10,0,1.0,0.132621125262552,0.9083333333333333,0.9689021515684998,0.4579237877537749,0.9058178325717164,1.0,170.0,1.0,1.0,1.0
25d,train__c39__user7__7-1-3,39,Take_body_temperature,user7,7-1-3,10,0,1.0,0.8143073793196863,0.43333333333333335,0.7889380762505509,0.26062412040907007,0.6117739499890688,1.0,170.0,1.0,1.0,1.0
2d,train__c00__user8__1-1-1,0,Wash_face,user8,1-1-1,26,-2,0.3611111111111111,0.19013636472735218,0.6346153846153846,0.6219192879563471,0.37638800065963524,0.6505706014946799,5.0,153.0,0.0,1.0,0.2
25d,train__c00__user8__1-1-1,0,Wash_face,user8,1-1-1,26,-2,0.0,,,,,0.175,,,,,
2d,train__c00__user8__1-1-2,0,Wash_face,user8,1-1-2,24,-1,0.2898550724637681,0.22796913148407144,0.625,0.8825933119839597,0.38668799455571823,0.6649964380364517,7.0,153.0,0.0,0.0,0.14285714285714285
25d,train__c00__user8__1-1-2,0,Wash_face,user8,1-1-2,24,-2,0.0,,,,,0.175,,,,,
2d,train__c00__user8__1-1-3,0,Wash_face,user8,1-1-3,18,0,0.4074074074074074,0.15888824497757129,0.7272727272727273,0.8525133463263775,0.1793530873470959,0.7144435569244107,2.0,153.0,0.0,1.0,0.5
25d,train__c00__user8__1-1-3,0,Wash_face,user8,1-1-3,18,-2,0.0,,,,,0.175,,,,,
2d,train__c00__user8__7-1-1,0,Wash_face,user8,7-1-1,25,2,0.2898550724637681,0.19848781041351166,0.675,0.33846090136243706,0.31120774457209954,0.632422178225528,7.0,153.0,0.0,0.0,0.14285714285714285
25d,train__c00__user8__7-1-1,0,Wash_face,user8,7-1-1,25,-2,0.0,,,,,0.175,,,,,
2d,train__c00__user8__7-1-2,0,Wash_face,user8,7-1-2,28,0,0.2619047619047619,0.3654441917596483,0.5568181818181818,0.43260397342638746,0.28021803578379895,0.5717172262168999,12.0,153.0,0.0,0.0,0.08333333333333333
25d,train__c00__user8__7-1-2,0,Wash_face,user8,7-1-2,28,0,0.03869047619047619,0.2568420601154877,0.5384615384615384,,,0.4750228937728938,,,,,
2d,train__c00__user8__7-1-3,0,Wash_face,user8,7-1-3,18,-1,0.0392156862745098,0.3311757453814397,0.5,,,0.453921568627451,,,,,
25d,train__c00__user8__7-1-3,0,Wash_face,user8,7-1-3,18,-2,0.036458333333333336,0.3269968734048748,0.2857142857142857,,,0.3357886904761905,,,,,
2d,train__c01__user8__1-1-1,1,Brush_teeth,user8,1-1-1,26,-1,0.5866666666666667,0.12950340103390742,0.9090909090909091,0.06953268892965576,0.009826217494245875,0.7413569018717006,1.0,153.0,1.0,1.0,1.0
25d,train__c01__user8__1-1-1,1,Brush_teeth,user8,1-1-1,26,-1,0.5066666666666667,0.42287024690440417,0.75,0.3738628031573028,-0.22529263223694507,0.6586559995646261,7.0,153.0,0.0,0.0,0.14285714285714285
2d,train__c01__user8__1-1-2,1,Brush_teeth,user8,1-1-2,46,0,0.5217391304347826,0.13212606587146808,0.875,-0.2665152687977642,0.19886856939259762,0.6966875288681467,1.0,153.0,1.0,1.0,1.0
25d,train__c01__user8__1-1-2,1,Brush_teeth,user8,1-1-2,46,2,0.44886363636363635,0.5869069037207028,0.759493670886076,-0.3619999964944261,-0.029614619404549423,0.5991867865189217,8.0,153.0,0.0,0.0,0.125
2d,train__c01__user8__1-1-3,1,Brush_teeth,user8,1-1-3,40,0,0.6666666666666666,0.12875949846846332,0.8875,0.18398792754635585,0.1950602020010878,0.7628199745713838,1.0,153.0,1.0,1.0,1.0
25d,train__c01__user8__1-1-3,1,Brush_teeth,user8,1-1-3,40,0,0.6291666666666667,0.5429562053422308,0.4470198675496689,0.817725228523235,0.23449247266374634,0.583137052121089,6.0,153.0,0.0,0.0,0.16666666666666666
2d,train__c01__user8__7-1-1,1,Brush_teeth,user8,7-1-1,13,2,0.6666666666666666,0.10951876641623871,0.9659090909090909,0.8891817620489946,0.18174782043437593,0.8754659294041445,1.0,153.0,1.0,1.0,1.0
25d,train__c01__user8__7-1-1,1,Brush_teeth,user8,7-1-1,13,0,0.4358974358974359,0.3237289836047816,0.5588235294117647,,0.6091272473263355,0.5716272283156892,2.0,153.0,0.0,1.0,0.5
2d,train__c01__user8__7-1-2,1,Brush_teeth,user8,7-1-2,16,0,0.5260416666666666,0.10588729639534682,0.9900990099009901,0.5325637535423935,0.28955367085793915,0.847131522780796,1.0,153.0,1.0,1.0,1.0
25d,train__c01__user8__7-1-2,1,Brush_teeth,user8,7-1-2,16,-2,0.0,,,,,0.175,,,,,
2d,train__c01__user8__7-1-3,1,Brush_teeth,user8,7-1-3,12,0,0.5,0.13253546745818623,0.9444444444444444,0.4235287006684996,0.5053807355486002,0.8247008696774395,1.0,153.0,1.0,1.0,1.0
25d,train__c01__user8__7-1-3,1,Brush_teeth,user8,7-1-3,12,0,0.2708333333333333,0.2546141340177417,0.8974358974358975,,0.5410005890177447,0.7362481210994078,1.0,153.0,1.0,1.0,1.0
2d,train__c02__user8__7-1-2,2,Comb_hair,user8,7-1-2,8,0,0.5833333333333334,0.13662443518971376,0.875,-0.006621171669991238,0.6011739835361962,0.759009264931549,1.0,153.0,1.0,1.0,1.0
25d,train__c02__user8__7-1-2,2,Comb_hair,user8,7-1-2,8,0,0.3125,0.24416677377863763,0.4666666666666667,,0.46992420385695616,0.4981609819559384,3.0,153.0,0.0,1.0,0.3333333333333333
2d,train__c03__user8__6-1-1,3,Take_off_clothes,user8,6-1-1,35,0,0.8261904761904761,0.19227288943847098,0.6829971181556196,0.728960512828041,0.2462325891878489,0.7246309580765312,1.0,153.0,1.0,1.0,1.0
25d,train__c03__user8__6-1-1,3,Take_off_clothes,user8,6-1-1,35,0,0.8261904761904761,0.4635368851216586,0.4668587896253602,0.4687162187737829,0.08516375228362841,0.5676502852116462,1.0,153.0,1.0,1.0,1.0
2d,train__c03__user8__6-1-2,3,Take_off_clothes,user8,6-1-2,25,-1,0.96875,0.22621088913179466,0.6845878136200717,0.6451922897900901,0.2208832605528802,0.7294837710115145,1.0,153.0,1.0,1.0,1.0
25d,train__c03__user8__6-1-2,3,Take_off_clothes,user8,6-1-2,25,2,0.9746376811594203,0.4774263761670256,0.2862453531598513,0.3500940764424149,0.34187684685146325,0.49054888351196146,1.0,153.0,1.0,1.0,1.0
2d,train__c03__user8__6-1-3,3,Take_off_clothes,user8,6-1-3,34,-2,0.9401041666666666,0.21048335713471156,0.6759002770083102,0.5584358706959359,0.18624584683078763,0.71056759460314,1.0,153.0,1.0,1.0,1.0
25d,train__c03__user8__6-1-3,3,Take_off_clothes,user8,6-1-3,34,0,0.9313725490196079,0.3680314979797676,0.4368421052631579,0.46979123536648176,0.24915341266981664,0.5740660422835822,2.0,153.0,0.0,1.0,0.5
2d,train__c03__user8__7-1-1,3,Take_off_clothes,user8,7-1-1,37,0,0.3963963963963964,0.24559255308311506,0.7556818181818182,0.863462698835246,0.352932235908631,0.7430808272163116,3.0,153.0,0.0,1.0,0.3333333333333333
25d,train__c03__user8__7-1-1,3,Take_off_clothes,user8,7-1-1,37,-1,0.24768518518518517,0.19446399964155775,0.6448598130841121,0.6369760127287899,0.10173538441279462,0.6257691708186188,1.0,153.0,1.0,1.0,1.0
2d,train__c03__user8__7-1-2,3,Take_off_clothes,user8,7-1-2,21,1,0.4708333333333333,0.4274668601058251,0.4336283185840708,0.26027185934596064,-0.054907416943894165,0.48248803821837627,97.0,153.0,0.0,0.0,0.010309278350515464
25d,train__c03__user8__7-1-2,3,Take_off_clothes,user8,7-1-2,21,0,0.23015873015873015,0.37290881484469107,0.3103448275862069,-0.3906273031789299,0.09133180578409361,0.3364926833042008,101.0,153.0,0.0,0.0,0.009900990099009901
2d,train__c03__user8__7-1-3,3,Take_off_clothes,user8,7-1-3,11,0,0.5833333333333334,0.35586998270365905,0.6493506493506493,0.6054954950191477,0.053995042570921324,0.6550753681709244,22.0,153.0,0.0,0.0,0.045454545454545456
25d,train__c03__user8__7-1-3,3,Take_off_clothes,user8,7-1-3,11,0,0.36363636363636365,0.1846684506798893,0.6875,0.5686523485278558,0.2484018094722443,0.6649840069268403,1.0,153.0,1.0,1.0,1.0
2d,train__c04__user8__1-1-1,4,Wipe_hands,user8,1-1-1,29,1,0.38095238095238093,0.19308650139198585,0.59375,0.8181001544705683,0.14727420905887098,0.6325133192217103,6.0,153.0,0.0,0.0,0.16666666666666666
25d,train__c04__user8__1-1-1,4,Wipe_hands,user8,1-1-1,29,-2,0.0,,,,,0.175,,,,,
2d,train__c04__user8__1-1-2,4,Wipe_hands,user8,1-1-2,25,-1,0.2777777777777778,0.22796913148407144,0.625,0.8825933119839597,0.38668799455571823,0.6637887085678527,7.0,153.0,0.0,0.0,0.14285714285714285
25d,train__c04__user8__1-1-2,4,Wipe_hands,user8,1-1-2,25,-2,0.0,,,,,0.175,,,,,
2d,train__c04__user8__1-1-3,4,Wipe_hands,user8,1-1-3,21,0,0.4126984126984127,0.15912320946916422,0.7403846153846154,0.8927379445678915,0.16658136075797503,0.725248776245017,2.0,153.0,0.0,1.0,0.5
25d,train__c04__user8__1-1-3,4,Wipe_hands,user8,1-1-3,21,-1,0.029166666666666667,0.20387507284817763,0.5714285714285714,,,0.49220238095238095,,,,,
2d,train__c04__user8__7-1-1,4,Wipe_hands,user8,7-1-1,26,2,0.2777777777777778,0.19848781041351166,0.675,0.33846090136243706,0.31120774457209954,0.631214448756929,5.0,153.0,0.0,1.0,0.2
25d,train__c04__user8__7-1-1,4,Wipe_hands,user8,7-1-1,26,-2,0.0,,,,,0.175,,,,,
2d,train__c04__user8__7-1-2,4,Wipe_hands,user8,7-1-2,30,0,0.28888888888888886,0.3461113376351873,0.5865384615384616,0.3354935739708522,0.3466251719443697,0.5860312880279557,1.0,153.0,1.0,1.0,1.0
25d,train__c04__user8__7-1-2,4,Wipe_hands,user8,7-1-2,30,0,0.03611111111111111,0.2568420601154877,0.5384615384615384,,,0.4747649572649573,,,,,
2d,train__c04__user8__7-1-3,4,Wipe_hands,user8,7-1-3,18,-1,0.0392156862745098,0.3311757453814397,0.5,,,0.453921568627451,,,,,
25d,train__c04__user8__7-1-3,4,Wipe_hands,user8,7-1-3,18,-2,0.036458333333333336,0.3269968734048748,0.2857142857142857,,,0.3357886904761905,,,,,
2d,train__c05__user8__6-1-1,5,Put_on_clothes,user8,6-1-1,145,0,0.7402298850574712,0.22739799661031548,0.7717391304347826,0.7752081144574892,0.20937707337061523,0.7667036021934228,1.0,153.0,1.0,1.0,1.0
25d,train__c05__user8__6-1-1,5,Put_on_clothes,user8,6-1-1,145,0,0.7339080459770115,0.4662390684180428,0.39075959279561473,0.7507271295152269,0.20992427736374775,0.554125614389093,1.0,153.0,1.0,1.0,1.0
2d,train__c05__user8__6-1-2,5,Put_on_clothes,user8,6-1-2,93,0,0.7186379928315412,0.2744053702452546,0.6633416458852868,0.6996914686638316,0.27330511575987854,0.7021687350684359,1.0,153.0,1.0,1.0,1.0
25d,train__c05__user8__6-1-2,5,Put_on_clothes,user8,6-1-2,93,0,0.7186379928315412,0.514414261712682,0.3628428927680798,0.6420703821764246,0.303620171496296,0.5334059413854627,1.0,153.0,1.0,1.0,1.0
2d,train__c05__user8__6-1-3,5,Put_on_clothes,user8,6-1-3,41,0,0.8455284552845529,0.2172169248314223,0.7980769230769231,0.7821828642779632,0.4688829491160211,0.8118796608322609,1.0,153.0,1.0,1.0,1.0
25d,train__c05__user8__6-1-3,5,Put_on_clothes,user8,6-1-3,41,0,0.8434959349593496,0.5021041549152617,0.3855421686746988,0.6801833470854639,0.4282232025174694,0.571532861164376,1.0,153.0,1.0,1.0,1.0
2d,train__c05__user8__7-1-1,5,Put_on_clothes,user8,7-1-1,71,1,0.3678571428571429,0.3004398375410205,0.6310679611650486,0.6507200090650399,0.1974815538975818,0.6387562103753137,1.0,153.0,1.0,1.0,1.0
25d,train__c05__user8__7-1-1,5,Put_on_clothes,user8,7-1-1,71,2,0.06763285024154589,0.3603445082334843,0.4107142857142857,,0.5976532636460924,0.4524801369404686,,,,,
2d,train__c05__user8__7-1-2,5,Put_on_clothes,user8,7-1-2,65,0,0.5038461538461538,0.2698063867421599,0.7608142493638677,0.149780627447067,0.5463642852452348,0.6997878366728418,1.0,153.0,1.0,1.0,1.0
25d,train__c05__user8__7-1-2,5,Put_on_clothes,user8,7-1-2,65,2,0.26587301587301587,0.46402334870843653,0.3582089552238806,0.12305952375150826,0.10195189438683182,0.4185545714145991,8.0,153.0,0.0,0.0,0.125
2d,train__c05__user8__7-1-3,5,Put_on_clothes,user8,7-1-3,16,0,0.40625,0.33166401592155226,0.48717948717948717,0.40319206786420314,0.05792440414486574,0.5282372550460032,1.0,153.0,1.0,1.0,1.0
25d,train__c05__user8__7-1-3,5,Put_on_clothes,user8,7-1-3,16,0,0.17708333333333334,0.4714187806392544,0.2647058823529412,0.634073727409345,,0.40170394136838555,,,,,
2d,train__c06__user8__6-2-1,6,Drink_water,user8,6-2-1,24,0,1.0,0.19247034175506694,0.7256944444444444,0.9477270933915654,0.33955548471790675,0.794371315137444,1.0,153.0,1.0,1.0,1.0
25d,train__c06__user8__6-2-1,6,Drink_water,user8,6-2-1,24,0,0.9305555555555556,0.3260820519440131,0.41044776119402987,0.9908458637190649,0.3379002305902561,0.6182289278784477,1.0,153.0,1.0,1.0,1.0
2d,train__c06__user8__6-2-2,6,Drink_water,user8,6-2-2,16,0,0.9947916666666666,0.1863767147889659,0.7539267015706806,0.9304022386188389,0.46394543488551826,0.8169749840088388,1.0,153.0,1.0,1.0,1.0
25d,train__c06__user8__6-2-2,6,Drink_water,user8,6-2-2,16,0,0.9166666666666666,0.3283908647903623,0.4034090909090909,0.9750396335265229,0.549738311692444,0.6272760033962523,1.0,153.0,1.0,1.0,1.0
2d,train__c06__user8__6-2-3,6,Drink_water,user8,6-2-3,26,0,1.0,0.22268009276411543,0.7275641025641025,0.8717765347862864,0.31706776973121004,0.7861179926187258,1.0,153.0,1.0,1.0,1.0
25d,train__c06__user8__6-2-3,6,Drink_water,user8,6-2-3,26,0,0.9871794871794872,0.3518855117930595,0.34415584415584416,0.9142836589235265,0.3758508904011311,0.5826208456761005,1.0,153.0,1.0,1.0,1.0
2d,train__c07__user8__7-2-1,7,Eat_food,user8,7-2-1,48,-1,0.6666666666666666,0.06812397967628299,1.0,0.9972000682832168,0.12950280635721803,0.9010993839717798,1.0,153.0,1.0,1.0,1.0
25d,train__c07__user8__7-2-1,7,Eat_food,user8,7-2-1,48,-1,0.6666666666666666,0.1857866476746075,0.6382978723404256,0.9568204039210473,0.1496575983467749,0.6996368567220136,1.0,153.0,1.0,1.0,1.0
2d,train__c07__user8__7-2-2,7,Eat_food,user8,7-2-2,50,1,0.6530612244897959,0.12680900845027443,0.8932291666666666,0.9562411578054792,0.6549082935505769,0.8763244019124875,1.0,153.0,1.0,1.0,1.0
25d,train__c07__user8__7-2-2,7,Eat_food,user8,7-2-2,50,1,0.6513605442176871,0.2548846511286336,0.4856396866840731,0.5316674902540792,0.5376337471064344,0.6007271621563995,1.0,153.0,1.0,1.0,1.0
2d,train__c07__user8__7-2-3,7,Eat_food,user8,7-2-3,18,0,0.6666666666666666,0.07224577265460397,1.0,0.9235342675705043,0.2734609499322185,0.9045296646686336,1.0,153.0,1.0,1.0,1.0
25d,train__c07__user8__7-2-3,7,Eat_food,user8,7-2-3,18,0,0.6666666666666666,0.20776406731620645,0.5069444444444444,0.9356673214333021,0.16697604588377654,0.6265760466957246,1.0,153.0,1.0,1.0,1.0
2d,train__c09__user8__3-2-1,9,Pour_drinks,user8,3-2-1,17,1,0.6666666666666666,0.14704795227672884,0.828125,0.7054407098928185,0.5056064888243761,0.8055999743177767,2.0,153.0,0.0,1.0,0.5
25d,train__c09__user8__3-2-1,9,Pour_drinks,user8,3-2-1,17,0,0.6666666666666666,0.20806783341842155,0.5882352941176471,0.41704757566075085,0.47721455730016143,0.6426919277949598,2.0,153.0,0.0,1.0,0.5
2d,train__c09__user8__3-2-2,9,Pour_drinks,user8,3-2-2,13,1,0.6666666666666666,0.13267668047796394,0.8645833333333334,-0.13179093428084948,0.13635387295801735,0.7142349470437664,1.0,153.0,1.0,1.0,1.0
25d,train__c09__user8__3-2-2,9,Pour_drinks,user8,3-2-2,13,1,0.6666666666666666,0.15529937331100177,0.8645833333333334,-0.3825433596195791,0.013641620192589382,0.6799562855524863,1.0,153.0,1.0,1.0,1.0
2d,train__c09__user8__3-2-3,9,Pour_drinks,user8,3-2-3,16,-2,0.6666666666666666,0.14181030931942798,0.8125,0.6136108751256346,0.3501101111944892,0.7761610125188169,1.0,153.0,1.0,1.0,1.0
25d,train__c09__user8__3-2-3,9,Pour_drinks,user8,3-2-3,16,2,0.6666666666666666,0.22003288458854092,0.49107142857142855,0.3851749314171351,0.26255848266882337,0.5699653317228276,1.0,153.0,1.0,1.0,1.0
2d,train__c09__user8__4-2-1,9,Pour_drinks,user8,4-2-1,16,-2,0.6666666666666666,0.1927325965788666,0.75,0.6212785990492449,0.05909560911813857,0.7207266972554516,5.0,153.0,0.0,1.0,0.2
25d,train__c09__user8__4-2-1,9,Pour_drinks,user8,4-2-1,16,-1,0.6111111111111112,0.35747827224335466,0.6818181818181818,0.8167539804400379,0.16291818286562,0.7050053728700364,11.0,153.0,0.0,0.0,0.09090909090909091
2d,train__c09__user8__4-2-2,9,Pour_drinks,user8,4-2-2,13,0,0.6282051282051282,0.16416656913847397,0.8367346938775511,0.5192849620547466,-0.03552481163913225,0.7472887297857057,2.0,153.0,0.0,1.0,0.5
25d,train__c09__user8__4-2-2,9,Pour_drinks,user8,4-2-2,13,-2,0.6212121212121212,0.1875596025061872,0.6951219512195121,0.6529244209694598,0.14775860926197942,0.6958126230835382,2.0,153.0,0.0,1.0,0.5
2d,train__c09__user8__4-2-3,9,Pour_drinks,user8,4-2-3,24,2,0.6363636363636364,0.15388582879620077,0.8333333333333334,0.6191079097467369,0.45259080623470105,0.7928247984119732,1.0,153.0,1.0,1.0,1.0
25d,train__c09__user8__4-2-3,9,Pour_drinks,user8,4-2-3,24,-1,0.6340579710144928,0.23578996545740444,0.46285714285714286,0.5960636609912856,0.5239553020370094,0.5918802394247822,1.0,153.0,1.0,1.0,1.0
2d,train__c09__user8__7-2-1,9,Pour_drinks,user8,7-2-1,23,0,0.6666666666666666,0.1488885097510964,0.7717391304347826,0.9246276743105105,0.5888837226477339,0.8027522350354283,2.0,153.0,0.0,1.0,0.5
25d,train__c09__user8__7-2-1,9,Pour_drinks,user8,7-2-1,23,0,0.6666666666666666,0.2549010174184036,0.4076086956521739,-0.3247290340768624,0.48305810103225055,0.46960790344509484,4.0,153.0,0.0,1.0,0.25
2d,train__c09__user8__7-2-2,9,Pour_drinks,user8,7-2-2,11,2,0.6666666666666666,0.16929658989424531,0.75,0.41544484822725763,0.31900607611623744,0.7196366071981103,3.0,153.0,0.0,1.0,0.3333333333333333
25d,train__c09__user8__7-2-2,9,Pour_drinks,user8,7-2-2,11,-1,0.6666666666666666,0.27363154703535125,0.375,0.6150247193320716,0.35502394567366924,0.5360459345253991,11.0,153.0,0.0,0.0,0.09090909090909091
2d,train__c09__user8__7-2-3,9,Pour_drinks,user8,7-2-3,16,1,0.6666666666666666,0.10503232092466039,0.9916666666666667,0.940507690417565,-0.027085909801872747,0.8791026591399496,1.0,153.0,1.0,1.0,1.0
25d,train__c09__user8__7-2-3,9,Pour_drinks,user8,7-2-3,16,1,0.6666666666666666,0.18493628804921491,0.5,0.6929879278545654,-0.06550255512029209,0.5810527678181013,1.0,153.0,1.0,1.0,1.0
2d,train__c10__user8__3-2-1,10,Stir_drinks,user8,3-2-1,28,1,0.6666666666666666,0.15809871448900667,0.8425925925925926,0.37142800833399675,0.6925678479131797,0.7941779820194808,2.0,153.0,0.0,1.0,0.5
25d,train__c10__user8__3-2-1,10,Stir_drinks,user8,3-2-1,28,0,0.6666666666666666,0.2156143523205062,0.5982142857142857,0.1307295755384095,0.5202369454693399,0.6227752522735652,2.0,153.0,0.0,1.0,0.5
2d,train__c10__user8__3-2-2,10,Stir_drinks,user8,3-2-2,42,0,0.6666666666666666,0.1566844121079468,0.7440476190476191,0.6754165158007622,0.6055007474344088,0.763847064780514,1.0,153.0,1.0,1.0,1.0
25d,train__c10__user8__3-2-2,10,Stir_drinks,user8,3-2-2,42,-1,0.6666666666666666,0.2603264637194762,0.5030487804878049,0.7611595982611556,0.4490314705613604,0.6281368160531771,5.0,153.0,0.0,1.0,0.2
2d,train__c10__user8__3-2-3,10,Stir_drinks,user8,3-2-3,33,0,0.6666666666666666,0.1014036362705894,0.9393939393939394,0.300415391979287,0.40385376760051206,0.8186639051013005,1.0,153.0,1.0,1.0,1.0
25d,train__c10__user8__3-2-3,10,Stir_drinks,user8,3-2-3,33,-1,0.6666666666666666,0.23910913737673664,0.8046875,0.15125443723411483,0.3428551804164609,0.7250843739213128,1.0,153.0,1.0,1.0,1.0
2d,train__c10__user8__4-2-1,10,Stir_drinks,user8,4-2-1,47,0,0.6666666666666666,0.14470382663790837,0.8111702127659575,0.8880826040050092,0.5753825913886453,0.8197722384425925,1.0,153.0,1.0,1.0,1.0
25d,train__c10__user8__4-2-1,10,Stir_drinks,user8,4-2-1,47,0,0.6666666666666666,0.24098294328096806,0.4574468085106383,0.875801890930862,0.33302135765181945,0.6058192022644904,2.0,153.0,0.0,1.0,0.5
2d,train__c10__user8__4-2-2,10,Stir_drinks,user8,4-2-2,8,-2,0.6527777777777778,0.16532657823204075,0.8297872340425532,0.5204990687258371,0.03399542404703476,0.7512603201772934,1.0,153.0,1.0,1.0,1.0
25d,train__c10__user8__4-2-2,10,Stir_drinks,user8,4-2-2,8,1,0.6666666666666666,0.30372159833358,0.7857142857142857,-0.16464184110679303,0.28859915386604307,0.6789902762387977,12.0,153.0,0.0,0.0,0.08333333333333333
2d,train__c10__user8__4-2-3,10,Stir_drinks,user8,4-2-3,28,-1,0.6666666666666666,0.14567655496883714,0.8425925925925926,-0.04545216169286676,0.6592680146612441,0.7499924775228992,1.0,153.0,1.0,1.0,1.0
25d,train__c10__user8__4-2-3,10,Stir_drinks,user8,4-2-3,28,-2,0.6666666666666666,0.23075791463092551,0.5576923076923077,0.25433984713751834,0.30980885969004135,0.5970670850879408,1.0,153.0,1.0,1.0,1.0
2d,train__c10__user8__7-2-1,10,Stir_drinks,user8,7-2-1,22,2,0.6666666666666666,0.14711911434037203,0.8375,0.9250153861539999,0.3377546666205278,0.8201248052786063,2.0,153.0,0.0,1.0,0.5
25d,train__c10__user8__7-2-1,10,Stir_drinks,user8,7-2-1,22,0,0.6666666666666666,0.22919948909918444,0.48295454545454547,0.5852765384950224,0.20284855134968033,0.581032961867395,2.0,153.0,0.0,1.0,0.5
2d,train__c10__user8__7-2-2,10,Stir_drinks,user8,7-2-2,17,1,0.4166666666666667,0.15579483594263635,0.7,0.621244004839847,0.33204447394784875,0.68869440269674,4.0,153.0,0.0,1.0,0.25
25d,train__c10__user8__7-2-2,10,Stir_drinks,user8,7-2-2,17,1,0.4166666666666667,0.22869908715447046,0.5,0.2717818690821705,0.36009227757193935,0.5458517743927791,14.0,153.0,0.0,0.0,0.07142857142857142
2d,train__c10__user8__7-2-3,10,Stir_drinks,user8,7-2-3,11,0,0.6666666666666666,0.13476093339418896,0.9090909090909091,0.6828465528399418,0.5138262911126019,0.848488293784106,4.0,153.0,0.0,1.0,0.25
25d,train__c10__user8__7-2-3,10,Stir_drinks,user8,7-2-3,11,0,0.6666666666666666,0.1923129724767133,0.7272727272727273,0.474771707837962,0.27959768429530907,0.7101136637726111,2.0,153.0,0.0,1.0,0.5
2d,train__c11__user8__4-2-1,11,Peel_fruits,user8,4-2-1,24,0,0.6666666666666666,0.17002720531113139,0.6302083333333334,0.4526345802261357,0.7068375446635646,0.686557523872381,1.0,153.0,1.0,1.0,1.0
25d,train__c11__user8__4-2-1,11,Peel_fruits,user8,4-2-1,24,0,0.6666666666666666,0.22620482493276636,0.28125,0.31571681308490335,0.5010406110340293,0.46550389380270923,1.0,153.0,1.0,1.0,1.0
2d,train__c11__user8__4-2-2,11,Peel_fruits,user8,4-2-2,12,0,0.5486111111111112,0.1314132602702554,0.8987341772151899,0.801985466621335,0.513532429170212,0.842878387429365,1.0,153.0,1.0,1.0,1.0
25d,train__c11__user8__4-2-2,11,Peel_fruits,user8,4-2-2,12,0,0.5486111111111112,0.19095703297453312,0.6835443037974683,0.3231755718771299,0.376937713043317,0.6663983638656805,3.0,153.0,0.0,1.0,0.3333333333333333
2d,train__c11__user8__4-2-3,11,Peel_fruits,user8,4-2-3,21,0,0.6666666666666666,0.1717131386517306,0.6071428571428571,0.36032216933274674,0.4270608997593281,0.6436570225104623,1.0,153.0,1.0,1.0,1.0
25d,train__c11__user8__4-2-3,11,Peel_fruits,user8,4-2-3,21,0,0.6666666666666666,0.2166680012972521,0.25,0.519038211400563,0.36838996261785734,0.45869973500306227,2.0,153.0,0.0,1.0,0.5
2d,train__c11__user8__6-2-1,11,Peel_fruits,user8,6-2-1,107,0,1.0,0.2896012833717963,0.2982866043613707,0.5696486726492153,0.4507463574681656,0.5298284764737878,1.0,153.0,1.0,1.0,1.0
25d,train__c11__user8__6-2-1,11,Peel_fruits,user8,6-2-1,107,0,0.9968847352024922,0.4962567596231362,0.23125,0.5728328116641133,0.38691722206122536,0.48817804634125245,1.0,153.0,1.0,1.0,1.0
2d,train__c11__user8__6-2-2,11,Peel_fruits,user8,6-2-2,36,-1,1.0,0.2822983071933381,0.35,0.5937043912453664,0.4996341452507926,0.564343000018346,1.0,153.0,1.0,1.0,1.0
25d,train__c11__user8__6-2-2,11,Peel_fruits,user8,6-2-2,36,-2,1.0,0.5928637082283802,0.30637254901960786,0.25432500383796947,0.28207843704905455,0.49009328512326034,1.0,153.0,1.0,1.0,1.0
2d,train__c11__user8__6-2-3,11,Peel_fruits,user8,6-2-3,59,0,1.0,0.2910700596472629,0.2895480225988701,0.6012445277619118,0.6099491579965203,0.5401220520553087,1.0,153.0,1.0,1.0,1.0
25d,train__c11__user8__6-2-3,11,Peel_fruits,user8,6-2-3,59,0,1.0,0.5754378626493952,0.24717514124293785,0.6035016792371519,0.4285897454109186,0.50344072651315,1.0,153.0,1.0,1.0,1.0
2d,train__c11__user8__7-2-1,11,Peel_fruits,user8,7-2-1,28,0,0.6666666666666666,0.14242243259792498,0.8883928571428571,0.9534693271158226,0.6617151687056555,0.8752583084597445,1.0,153.0,1.0,1.0,1.0
25d,train__c11__user8__7-2-1,11,Peel_fruits,user8,7-2-1,28,2,0.6666666666666666,0.20761488876932616,0.6394230769230769,0.8779410406736684,0.40759543516001095,0.7117131206787266,1.0,153.0,1.0,1.0,1.0
2d,train__c11__user8__7-2-2,11,Peel_fruits,user8,7-2-2,17,0,0.6666666666666666,0.17520358072153175,0.6911764705882353,0.8704628742354288,0.3114061750627947,0.7322154760434487,1.0,153.0,1.0,1.0,1.0
25d,train__c11__user8__7-2-2,11,Peel_fruits,user8,7-2-2,17,0,0.6666666666666666,0.27149319167960767,0.4117647058823529,0.8431194166728643,0.33840291258993727,0.5778294150134925,5.0,153.0,0.0,1.0,0.2
2d,train__c12__user8__3-1-1,12,Sweep_the_floor,user8,3-1-1,74,0,0.865990990990991,0.20819445762251673,0.5929778933680104,0.8570464747999637,0.362008079940544,0.7005921939270421,1.0,153.0,1.0,1.0,1.0
25d,train__c12__user8__3-1-1,12,Sweep_the_floor,user8,3-1-1,74,0,0.8569819819819819,0.6861178011229163,0.3600525624178712,0.6196450927259526,0.26311132428219985,0.5404249661217876,1.0,153.0,1.0,1.0,1.0
2d,train__c12__user8__3-1-2,12,Sweep_the_floor,user8,3-1-2,37,0,0.8400900900900901,0.21760399785729245,0.5898123324396782,0.5858224013660089,0.2169759309001981,0.6582612268049478,1.0,153.0,1.0,1.0,1.0
25d,train__c12__user8__3-1-2,12,Sweep_the_floor,user8,3-1-2,37,0,0.8333333333333334,0.43168738516531596,0.27837837837837837,0.29636741009817835,0.1944354288825186,0.4556608396174482,2.0,153.0,0.0,1.0,0.5
2d,train__c12__user8__3-1-3,12,Sweep_the_floor,user8,3-1-3,47,0,0.8439716312056738,0.22426333658411468,0.592436974789916,0.6759768723140266,0.14891732118883008,0.6640039855755862,1.0,153.0,1.0,1.0,1.0
25d,train__c12__user8__3-1-3,12,Sweep_the_floor,user8,3-1-3,47,0,0.8439716312056738,0.4252089912280315,0.3235294117647059,0.3344805787993629,0.15892621851072514,0.48270586385939634,3.0,153.0,0.0,1.0,0.3333333333333333
2d,train__c13__user8__3-1-1,13,Mop_the_floor,user8,3-1-1,57,0,0.8654970760233918,0.1672747669515522,0.7364864864864865,0.7203325757741835,0.35206929936293835,0.7650557301995455,1.0,153.0,1.0,1.0,1.0
25d,train__c13__user8__3-1-1,13,Mop_the_floor,user8,3-1-1,57,-1,0.8288690476190477,0.45265463818567914,0.4703770197486535,0.648124019022291,0.14856254410250122,0.5925488583335808,1.0,153.0,1.0,1.0,1.0
2d,train__c13__user8__3-1-3,13,Mop_the_floor,user8,3-1-3,50,0,0.845,0.16845472512024526,0.757396449704142,0.8078743422521988,0.46329002079741466,0.7916022331223042,1.0,153.0,1.0,1.0,1.0
25d,train__c13__user8__3-1-3,13,Mop_the_floor,user8,3-1-3,50,0,0.8416666666666667,0.4727557204714575,0.4613861386138614,0.7031920078827606,0.29930939368177595,0.6056964482186997,1.0,153.0,1.0,1.0,1.0
2d,train__c14__user8__3-2-1,14,Wipe_bowls,user8,3-2-1,57,0,0.6637426900584795,0.14213490650526706,0.8215859030837004,0.8436216566550307,0.604244830745482,0.8229270436732974,1.0,153.0,1.0,1.0,1.0
25d,train__c14__user8__3-2-1,14,Wipe_bowls,user8,3-2-1,57,1,0.6636904761904762,0.1960984165987702,0.6188340807174888,0.6959815989029634,0.3423724113924668,0.6770038827583978,1.0,153.0,1.0,1.0,1.0
2d,train__c14__user8__3-2-2,14,Wipe_bowls,user8,3-2-2,64,0,0.6666666666666666,0.1591623159938229,0.76171875,0.9434103730115129,0.5453200050423043,0.7958520168459908,1.0,153.0,1.0,1.0,1.0
25d,train__c14__user8__3-2-2,14,Wipe_bowls,user8,3-2-2,64,0,0.6666666666666666,0.22034362009325104,0.49609375,0.8752247104203928,0.31739243805681294,0.625845133062967,1.0,153.0,1.0,1.0,1.0
2d,train__c14__user8__3-2-3,14,Wipe_bowls,user8,3-2-3,53,0,0.6666666666666666,0.13456084436035923,0.8537735849056604,0.8484474073255135,0.42928324258678763,0.8282831222913404,1.0,153.0,1.0,1.0,1.0
25d,train__c14__user8__3-2-3,14,Wipe_bowls,user8,3-2-3,53,0,0.6666666666666666,0.1915159973104269,0.6084905660377359,0.828861848211977,0.2843268582382299,0.6805471771764864,1.0,153.0,1.0,1.0,1.0
2d,train__c15__user8__2-2-1,15,Wipe_windows_and_tables,user8,2-2-1,38,0,0.4407894736842105,0.14227824436360545,0.8805970149253731,0.7164262726644584,0.16611765484117294,0.7875087569569101,1.0,153.0,1.0,1.0,1.0
25d,train__c15__user8__2-2-1,15,Wipe_windows_and_tables,user8,2-2-1,38,-1,0.4189189189189189,0.2236123958827959,0.5752688172043011,0.6302668475936948,0.18147846617878738,0.6099273110770361,2.0,153.0,0.0,1.0,0.5
2d,train__c15__user8__2-2-2,15,Wipe_windows_and_tables,user8,2-2-2,37,0,0.5563063063063063,0.1671408474217185,0.8380566801619433,0.3559097352205353,0.22982860318461626,0.7443899234805993,1.0,153.0,1.0,1.0,1.0
25d,train__c15__user8__2-2-2,15,Wipe_windows_and_tables,user8,2-2-2,37,0,0.38963963963963966,0.3067696376630308,0.44508670520231214,-0.2364777006622179,0.19578723480865046,0.44979792436966265,1.0,153.0,1.0,1.0,1.0
2d,train__c15__user8__2-2-3,15,Wipe_windows_and_tables,user8,2-2-3,27,0,0.25617283950617287,0.12353637525315779,0.9156626506024096,0.8664836872810211,0.39126089774052303,0.8202246778405838,1.0,153.0,1.0,1.0,1.0
25d,train__c15__user8__2-2-3,15,Wipe_windows_and_tables,user8,2-2-3,27,-1,0.266025641025641,0.23358527264748608,0.5421686746987951,0.7330956902964877,0.4241383832879917,0.6049152829631496,1.0,153.0,1.0,1.0,1.0
2d,train__c15__user8__3-3-1,15,Wipe_windows_and_tables,user8,3-3-1,65,0,0.9884615384615385,0.1886472163487233,0.7392996108949417,0.750544958325419,0.2559477097017852,0.7747115138985476,1.0,153.0,1.0,1.0,1.0
25d,train__c15__user8__3-3-1,15,Wipe_windows_and_tables,user8,3-3-1,65,0,0.9730769230769231,0.37991638019317187,0.5270092226613966,0.6098456173859081,0.13681785040521124,0.6334086652904422,1.0,153.0,1.0,1.0,1.0
2d,train__c15__user8__3-3-2,15,Wipe_windows_and_tables,user8,3-3-2,25,0,0.97,0.13211841676105116,0.8797250859106529,0.31368896509032923,0.3617888100707798,0.8143518545152005,1.0,153.0,1.0,1.0,1.0
25d,train__c15__user8__3-3-2,15,Wipe_windows_and_tables,user8,3-3-2,25,0,0.9666666666666667,0.4559103063582547,0.6,0.2814412132579178,0.3477927218172223,0.6558952421287502,1.0,153.0,1.0,1.0,1.0
2d,train__c15__user8__3-3-3,15,Wipe_windows_and_tables,user8,3-3-3,40,0,0.9875,0.14371232049100324,0.8565400843881856,0.7844124545217036,0.32739207063906517,0.8478426971636024,1.0,153.0,1.0,1.0,1.0
25d,train__c15__user8__3-3-3,15,Wipe_windows_and_tables,user8,3-3-3,40,0,0.9875,0.3987627180824703,0.5147679324894515,0.5500592182948338,0.12820678542818903,0.6214937936057959,1.0,153.0,1.0,1.0,1.0
2d,train__c16__user8__2-1-1,16,Fold_clothes,user8,2-1-1,123,0,1.0,0.304178622926334,0.3523035230352303,0.8451223822652297,0.26475287947988096,0.5731356418568907,1.0,153.0,1.0,1.0,1.0
25d,train__c16__user8__2-1-1,16,Fold_clothes,user8,2-1-1,123,1,1.0,0.8540321811832561,0.1837431693989071,0.7866602534870145,0.16776493999143938,0.46730713901745835,1.0,153.0,1.0,1.0,1.0
2d,train__c16__user8__2-1-2,16,Fold_clothes,user8,2-1-2,68,0,1.0,0.2457656442671337,0.45098039215686275,0.8422129570378526,0.38606102073865184,0.6362150879454587,1.0,153.0,1.0,1.0,1.0
25d,train__c16__user8__2-1-2,16,Fold_clothes,user8,2-1-2,68,0,1.0,0.8682010091532351,0.23039215686274508,0.634615218733776,0.23237775264066682,0.48260553959593744,1.0,153.0,1.0,1.0,1.0
2d,train__c16__user8__2-1-3,16,Fold_clothes,user8,2-1-3,33,0,0.9974747474747475,0.24450547142990606,0.4759493670886076,0.7905106980984444,0.21876566562341804,0.6319781213778097,1.0,153.0,1.0,1.0,1.0
25d,train__c16__user8__2-1-3,16,Fold_clothes,user8,2-1-3,33,0,0.9974747474747475,0.7962993479015904,0.2607594936708861,0.6200666487654525,0.17287033456736603,0.4931371362355598,1.0,153.0,1.0,1.0,1.0
2d,train__c17__user8__5-1-1,17,Tap_the_keyboard,user8,5-1-1,36,-1,1.0,0.21620559960104016,0.5047619047619047,0.6289762165664718,0.4202616427030737,0.6470362924784254,7.0,153.0,0.0,0.0,0.14285714285714285
25d,train__c17__user8__5-1-1,17,Tap_the_keyboard,user8,5-1-1,36,-1,1.0,0.30761704780126414,0.4666666666666667,0.6885569479543711,0.44288979392705524,0.633739096006633,7.0,153.0,0.0,0.0,0.14285714285714285
2d,train__c17__user8__5-1-2,17,Tap_the_keyboard,user8,5-1-2,21,1,1.0,0.2128727324793841,0.525,0.4236280875410115,0.2768930116547745,0.6268797846282093,8.0,153.0,0.0,0.0,0.125
25d,train__c17__user8__5-1-2,17,Tap_the_keyboard,user8,5-1-2,21,1,1.0,0.3223268524285378,0.4666666666666667,0.48177155670355704,0.28069029529732425,0.6008955944843217,8.0,153.0,0.0,0.0,0.125
2d,train__c17__user8__5-1-3,17,Tap_the_keyboard,user8,5-1-3,12,0,1.0,0.19445328530010061,0.5833333333333334,0.4925499217575596,0.38015803005147014,0.6736001777629496,6.0,153.0,0.0,0.0,0.16666666666666666
25d,train__c17__user8__5-1-3,17,Tap_the_keyboard,user8,5-1-3,12,0,1.0,0.25312983957598106,0.4583333333333333,0.6995521383847141,0.29101629020090036,0.6188647689368723,8.0,153.0,0.0,0.0,0.125
2d,train__c18__user8__6-2-1,18,Write,user8,6-2-1,27,1,1.0,0.28527054747226455,0.266025641025641,0.5962729779729224,0.6158528407603191,0.5271303634184188,1.0,153.0,1.0,1.0,1.0
25d,train__c18__user8__6-2-1,18,Write,user8,6-2-1,27,0,0.9969135802469136,0.5660318000938029,0.28792569659442724,0.15398767523639315,0.5368569655962745,0.4887135310949863,1.0,153.0,1.0,1.0,1.0
2d,train__c18__user8__6-2-2,18,Write,user8,6-2-2,19,1,1.0,0.2890357453693963,0.37037037037037035,0.5568810542316146,0.3185739993544752,0.5582848590784508,1.0,153.0,1.0,1.0,1.0
25d,train__c18__user8__6-2-2,18,Write,user8,6-2-2,19,0,0.9956140350877193,0.4071945583418851,0.36123348017621143,0.6041426615349975,0.40474393146892357,0.5640098786193573,1.0,153.0,1.0,1.0,1.0
2d,train__c18__user8__6-2-3,18,Write,user8,6-2-3,16,2,1.0,0.2183370193573724,0.5654761904761905,0.19580112663044189,0.43616346073727547,0.6383042769802446,2.0,153.0,0.0,1.0,0.5
25d,train__c18__user8__6-2-3,18,Write,user8,6-2-3,16,-1,1.0,0.26473373892161906,0.4166666666666667,0.535846069127037,0.6806193170047202,0.6087977223547244,2.0,153.0,0.0,1.0,0.5
2d,train__c19__user8__1-2-1,19,Make_a_phone_call,user8,1-2-1,9,0,1.0,0.25807971995170187,0.7037037037037037,-0.6289619103620537,0.3726064776363786,0.6270863318235601,13.0,153.0,0.0,0.0,0.07692307692307693
25d,train__c19__user8__1-2-1,19,Make_a_phone_call,user8,1-2-1,9,0,1.0,0.30304316951656185,0.5277777777777778,0.4198097705448788,0.18558005852379167,0.6211772592215501,12.0,153.0,0.0,0.0,0.08333333333333333
2d,train__c19__user8__1-2-2,19,Make_a_phone_call,user8,1-2-2,24,-1,1.0,0.21117942490445385,0.6992753623188406,0.2075958662337299,0.2702216765853476,0.7006276616426363,2.0,153.0,0.0,1.0,0.5
25d,train__c19__user8__1-2-2,19,Make_a_phone_call,user8,1-2-2,24,2,1.0,0.8138470741329809,0.5303030303030303,0.2798059022950664,0.4004295757787993,0.6246794750795832,4.0,153.0,0.0,1.0,0.25
2d,train__c19__user8__1-2-3,19,Make_a_phone_call,user8,1-2-3,15,0,1.0,0.20557799473621485,0.5888888888888889,0.976082016034198,0.37465198941799516,0.7245959896986583,1.0,153.0,1.0,1.0,1.0
25d,train__c19__user8__1-2-3,19,Make_a_phone_call,user8,1-2-3,15,0,1.0,0.363329917729037,0.4222222222222222,0.8030375351204221,0.3877473591311444,0.6166070276691002,1.0,153.0,1.0,1.0,1.0
2d,train__c19__user8__2-1-1,19,Make_a_phone_call,user8,2-1-1,28,0,1.0,0.2628692788547393,0.5773809523809523,0.5093437483712072,0.5488758306859917,0.6846595859480938,1.0,153.0,1.0,1.0,1.0
25d,train__c19__user8__2-1-1,19,Make_a_phone_call,user8,2-1-1,28,-1,1.0,0.4783511803859665,0.41975308641975306,0.6562108612554862,0.27296620535627236,0.5919577490581333,2.0,153.0,0.0,1.0,0.5
2d,train__c19__user8__2-1-3,19,Make_a_phone_call,user8,2-1-3,19,1,1.0,0.17044130076517788,0.7083333333333334,0.5958246860511376,0.13512076772731765,0.7342998595179959,1.0,153.0,1.0,1.0,1.0
25d,train__c19__user8__2-1-3,19,Make_a_phone_call,user8,2-1-3,19,2,1.0,0.32662878152972374,0.553921568627451,0.7064678632320719,0.03363391374007694,0.652826192598811,1.0,153.0,1.0,1.0,1.0
2d,train__c20__user8__2-1-1,20,Check_the_time,user8,2-1-1,16,0,1.0,0.24571806120011128,0.2864583333333333,0.059597466157168995,0.5845482692322892,0.48235295014147195,1.0,153.0,1.0,1.0,1.0
25d,train__c20__user8__2-1-1,20,Check_the_time,user8,2-1-1,16,0,1.0,0.3586357907471411,0.265625,0.18553451123271153,0.4569024394415941,0.4739148840813907,1.0,153.0,1.0,1.0,1.0
2d,train__c20__user8__2-1-2,20,Check_the_time,user8,2-1-2,20,-1,1.0,0.2798776134566375,0.2850877192982456,0.572468256165915,0.5364553407290271,0.5292792217853036,1.0,153.0,1.0,1.0,1.0
25d,train__c20__user8__2-1-2,20,Check_the_time,user8,2-1-2,20,1,1.0,0.49817471318518847,0.2412280701754386,0.8308829806540747,0.5749621354754638,0.5338858968225585,1.0,153.0,1.0,1.0,1.0
2d,train__c20__user8__2-1-3,20,Check_the_time,user8,2-1-3,23,0,1.0,0.2353661918167527,0.4384057971014493,0.8105876456715914,0.4734317804192025,0.6326893365043964,1.0,153.0,1.0,1.0,1.0
25d,train__c20__user8__2-1-3,20,Check_the_time,user8,2-1-3,23,-1,0.9962121212121212,0.5945416380815025,0.3840304182509506,0.77167081208201,0.3911341125450576,0.5923400818083153,1.0,153.0,1.0,1.0,1.0
2d,train__c20__user8__5-1-1,20,Check_the_time,user8,5-1-1,12,0,1.0,0.3162182488466934,0.2638888888888889,0.26265707742088024,0.6789989919321763,0.4973295210258901,1.0,153.0,1.0,1.0,1.0
25d,train__c20__user8__5-1-1,20,Check_the_time,user8,5-1-1,12,0,1.0,0.6389259847078166,0.2152777777777778,0.34690824351009053,0.49949577548379653,0.4655557852900716,1.0,153.0,1.0,1.0,1.0
2d,train__c20__user8__5-1-2,20,Check_the_time,user8,5-1-2,15,1,1.0,0.23587906212517976,0.39285714285714285,0.9047033524104828,0.39022270464757863,0.6108084666610453,5.0,153.0,0.0,1.0,0.2
25d,train__c20__user8__5-1-2,20,Check_the_time,user8,5-1-2,15,1,1.0,0.6182849999329001,0.2261904761904762,0.6964642775150343,0.4388561359532293,0.5019653998527576,12.0,153.0,0.0,0.0,0.08333333333333333
2d,train__c20__user8__5-1-3,20,Check_the_time,user8,5-1-3,20,1,1.0,0.2331368987388567,0.6535087719298246,0.5612373108166053,0.4485479861610042,0.7241946546051394,1.0,153.0,1.0,1.0,1.0
25d,train__c20__user8__5-1-3,20,Check_the_time,user8,5-1-3,20,0,0.9916666666666667,0.5406947479918456,0.21428571428571427,0.6498549216553844,0.5703900869101507,0.4997885582076093,1.0,153.0,1.0,1.0,1.0
2d,train__c20__user8__6-2-1,20,Check_the_time,user8,6-2-1,24,2,1.0,0.22863192218331227,0.6515151515151515,0.7078193729886846,0.6843205084814121,0.7554393087683077,1.0,153.0,1.0,1.0,1.0
25d,train__c20__user8__6-2-1,20,Check_the_time,user8,6-2-1,24,2,0.6818181818181818,0.33339535479736815,0.4388888888888889,0.646809792379937,0.3251380776112709,0.573637042129546,1.0,153.0,1.0,1.0,1.0
2d,train__c21__user8__1-2-1,21,Read_documents,user8,1-2-1,49,0,1.0,0.2339374691228672,0.6394557823129252,0.6220233760243223,0.3032002630877016,0.7116430376061188,1.0,153.0,1.0,1.0,1.0
25d,train__c21__user8__1-2-1,21,Read_documents,user8,1-2-1,49,0,0.9914965986394558,0.6066113253166399,0.5471698113207547,0.4772585539626469,0.38594360708679404,0.6517646820181349,4.0,153.0,0.0,1.0,0.25
2d,train__c21__user8__1-2-2,21,Read_documents,user8,1-2-2,24,0,1.0,0.1984436758824834,0.6631944444444444,0.7021777127389842,0.4185174058028733,0.7413635211535583,1.0,153.0,1.0,1.0,1.0
25d,train__c21__user8__1-2-2,21,Read_documents,user8,1-2-2,24,0,1.0,0.22799691977627137,0.6076388888888888,0.5757537440518532,0.3170110742276797,0.6905525938611502,1.0,153.0,1.0,1.0,1.0
2d,train__c21__user8__1-2-3,21,Read_documents,user8,1-2-3,40,1,1.0,0.22501336060913843,0.4893162393162393,0.4937264668054533,0.3683281580381266,0.6211211901573365,1.0,153.0,1.0,1.0,1.0
25d,train__c21__user8__1-2-3,21,Read_documents,user8,1-2-3,40,-1,0.9978632478632479,0.4579636203212115,0.4625267665952891,0.5346838129242134,0.3808452867239844,0.6112078242104539,2.0,153.0,0.0,1.0,0.5
2d,train__c21__user8__4-1-1,21,Read_documents,user8,4-1-1,73,-1,1.0,0.22750881076544585,0.5115740740740741,0.5577565787538916,0.20899719085078836,0.627816187929939,3.0,153.0,0.0,1.0,0.3333333333333333
25d,train__c21__user8__4-1-1,21,Read_documents,user8,4-1-1,73,0,1.0,0.27970372818915124,0.5799086757990868,0.3366831665790332,0.1725176840653622,0.6405569146523031,3.0,153.0,0.0,1.0,0.3333333333333333
2d,train__c21__user8__4-1-2,21,Read_documents,user8,4-1-2,45,-1,0.9772727272727273,0.3083646211972316,0.37790697674418605,0.33127949670053236,0.14851832881494845,0.5248429342677494,1.0,153.0,1.0,1.0,1.0
25d,train__c21__user8__4-1-2,21,Read_documents,user8,4-1-2,45,0,0.9740740740740741,0.3833575916802447,0.29277566539923955,0.2360088592856649,0.052186235258735884,0.4609488769499608,1.0,153.0,1.0,1.0,1.0
2d,train__c21__user8__4-1-3,21,Read_documents,user8,4-1-3,32,-1,1.0,0.25920763297983024,0.489247311827957,0.46090704777264185,0.21005639325920458,0.6059309557770809,6.0,153.0,0.0,0.0,0.16666666666666666
25d,train__c21__user8__4-1-3,21,Read_documents,user8,4-1-3,32,-2,1.0,0.2888292215160066,0.49722222222222223,0.31795018534302777,0.2164841001511942,0.5965035482678646,6.0,153.0,0.0,0.0,0.16666666666666666
2d,train__c22__user8__4-1-1,22,Turn_pages,user8,4-1-1,65,-1,1.0,0.22992220020389603,0.50390625,0.5129625058534042,0.22640996954899403,0.620425435801515,3.0,153.0,0.0,1.0,0.3333333333333333
25d,train__c22__user8__4-1-1,22,Turn_pages,user8,4-1-1,65,0,1.0,0.27891448625378584,0.5756410256410256,0.3296081576565073,0.19183735781612557,0.6389511817044242,3.0,153.0,0.0,1.0,0.3333333333333333
2d,train__c22__user8__4-1-2,22,Turn_pages,user8,4-1-2,38,-1,0.9864864864864865,0.3096303955315565,0.3744292237442922,0.3287428505213537,0.17224050959274875,0.5253770449796009,1.0,153.0,1.0,1.0,1.0
25d,train__c22__user8__4-1-2,22,Turn_pages,user8,4-1-2,38,0,0.9824561403508771,0.38666111510428613,0.29017857142857145,0.24427603389779437,0.04976980013210689,0.4610041667204895,1.0,153.0,1.0,1.0,1.0
2d,train__c22__user8__4-1-3,22,Turn_pages,user8,4-1-3,30,-1,1.0,0.25461994656635645,0.5,0.47038201664813395,0.25142789173943925,0.6158952935452714,5.0,153.0,0.0,1.0,0.2
25d,train__c22__user8__4-1-3,22,Turn_pages,user8,4-1-3,30,1,1.0,0.28600020124562087,0.5172413793103449,0.3973027747973893,0.11359815419683365,0.6077328976651911,5.0,153.0,0.0,1.0,0.2
2d,train__c22__user8__6-2-1,22,Turn_pages,user8,6-2-1,27,0,1.0,0.2882047449114563,0.2839506172839506,0.4530245182394954,0.319135274887678,0.5004104369466983,4.0,153.0,0.0,1.0,0.25
25d,train__c22__user8__6-2-1,22,Turn_pages,user8,6-2-1,27,0,1.0,0.39836764393103935,0.30864197530864196,0.5546415930987412,0.32674880053625877,0.5247234057698466,4.0,153.0,0.0,1.0,0.25
2d,train__c22__user8__6-2-3,22,Turn_pages,user8,6-2-3,14,1,1.0,0.20498415398328035,0.5961538461538461,0.43717255243154424,0.044672692492333965,0.6499523225646948,4.0,153.0,0.0,1.0,0.25
25d,train__c22__user8__6-2-3,22,Turn_pages,user8,6-2-3,14,-1,1.0,0.23950838752098527,0.48717948717948717,0.49005753115310086,0.17685723822198732,0.6052187639306771,3.0,153.0,0.0,1.0,0.3333333333333333
2d,train__c23__user8__2-1-1,23,Listen_to_music_with_headphones,user8,2-1-1,56,0,1.0,0.263019677827958,0.3898809523809524,0.5497590056453604,0.49520259204211164,0.5815506187772183,1.0,153.0,1.0,1.0,1.0
25d,train__c23__user8__2-1-1,23,Listen_to_music_with_headphones,user8,2-1-1,56,0,0.9970238095238095,0.5950266891928181,0.3641791044776119,0.6295002304209978,0.37094988008656177,0.5657721524636594,1.0,153.0,1.0,1.0,1.0
2d,train__c23__user8__2-1-2,23,Listen_to_music_with_headphones,user8,2-1-2,36,0,1.0,0.2297958743176647,0.5439814814814815,0.7212273280441434,0.15646085088541453,0.6580471114356353,2.0,153.0,0.0,1.0,0.5
25d,train__c23__user8__2-1-2,23,Listen_to_music_with_headphones,user8,2-1-2,36,2,1.0,0.8521754693883055,0.4264705882352941,0.5826626515369979,0.1536234395106529,0.5793468466464106,1.0,153.0,1.0,1.0,1.0
2d,train__c23__user8__2-1-3,23,Listen_to_music_with_headphones,user8,2-1-3,18,-1,1.0,0.26911272015524484,0.4215686274509804,0.922206618354758,0.14456894171834003,0.6099260775623905,1.0,153.0,1.0,1.0,1.0
25d,train__c23__user8__2-1-3,23,Listen_to_music_with_headphones,user8,2-1-3,18,0,1.0,0.7796402781885954,0.2824074074074074,0.9598626355186659,0.17199530093359416,0.5392099851959602,1.0,153.0,1.0,1.0,1.0
2d,train__c23__user8__4-1-3,23,Listen_to_music_with_headphones,user8,4-1-3,129,-1,0.9986979166666666,0.3104356044824859,0.41134289439374183,0.6760667814030279,0.22209843033071852,0.5853724439983313,3.0,153.0,0.0,1.0,0.3333333333333333
25d,train__c23__user8__4-1-3,23,Listen_to_music_with_headphones,user8,4-1-3,129,-1,0.9986979166666666,0.49945174068547743,0.41003911342894395,0.6483508717344683,0.20455892976659676,0.5805683109585276,1.0,153.0,1.0,1.0,1.0
2d,train__c27__user8__1-2-1,27,Take_a_selfie,user8,1-2-1,35,0,1.0,0.23105695015789673,0.5357142857142857,0.8448016212392239,0.579457974643804,0.6975823673650648,1.0,153.0,1.0,1.0,1.0
25d,train__c27__user8__1-2-1,27,Take_a_selfie,user8,1-2-1,35,0,1.0,0.7267669546990445,0.3880952380952381,0.6260662076462243,0.25250221553970736,0.5699966678824815,1.0,153.0,1.0,1.0,1.0
2d,train__c27__user8__1-2-2,27,Take_a_selfie,user8,1-2-2,19,0,1.0,0.246434666518216,0.5964912280701754,0.35556451416645135,0.10586595901432773,0.6465665737813162,1.0,153.0,1.0,1.0,1.0
25d,train__c27__user8__1-2-2,27,Take_a_selfie,user8,1-2-2,19,-1,1.0,1.087875348450978,0.3148148148148148,-0.015806565739545236,0.2036741559272325,0.4618430532687361,1.0,153.0,1.0,1.0,1.0
2d,train__c27__user8__1-2-3,27,Take_a_selfie,user8,1-2-3,19,0,1.0,0.21835004313121073,0.6052631578947368,0.5962586312530713,0.2617807618268791,0.6871541571044283,1.0,153.0,1.0,1.0,1.0
25d,train__c27__user8__1-2-3,27,Take_a_selfie,user8,1-2-3,19,-1,1.0,0.9512979336160932,0.3055555555555556,0.33651540448657086,0.13737419965521785,0.4870101609783539,1.0,153.0,1.0,1.0,1.0
2d,train__c28__user8__5-1-1,28,Jog_in_place,user8,5-1-1,34,0,0.9044117647058824,0.10008520163326075,0.9728997289972899,0.9080824193151362,0.41141409948024527,0.9222003268116298,1.0,153.0,1.0,1.0,1.0
25d,train__c28__user8__5-1-1,28,Jog_in_place,user8,5-1-1,34,0,0.9044117647058824,0.3153636594299597,0.48509485094850946,0.8804842931506129,0.35218805060772057,0.6467058776029088,1.0,153.0,1.0,1.0,1.0
2d,train__c28__user8__5-1-2,28,Jog_in_place,user8,5-1-2,24,0,0.9444444444444444,0.11277735841248394,0.9485294117647058,0.8509213616684722,0.4556412319582255,0.9104008494787468,1.0,153.0,1.0,1.0,1.0
25d,train__c28__user8__5-1-2,28,Jog_in_place,user8,5-1-2,24,0,0.9409722222222222,0.27638544719308406,0.46863468634686345,0.8740779955411211,0.31354515979516545,0.6377699862517467,1.0,153.0,1.0,1.0,1.0
2d,train__c28__user8__5-1-3,28,Jog_in_place,user8,5-1-3,32,0,0.9739583333333334,0.11340282221271716,0.9411764705882353,0.893484681413395,0.5254792636986352,0.9188023050756,1.0,153.0,1.0,1.0,1.0
25d,train__c28__user8__5-1-3,28,Jog_in_place,user8,5-1-3,32,0,0.9739583333333334,0.2609988386146406,0.4839572192513369,0.8822057145571724,0.4124228773815149,0.6577245911808995,1.0,153.0,1.0,1.0,1.0
2d,train__c30__user8__6-2-1,30,Do_jumping_jacks,user8,6-2-1,8,0,1.0,0.13941380217193597,0.84375,0.7917094458353101,0.5093061867023508,0.8564314085862074,1.0,153.0,1.0,1.0,1.0
25d,train__c30__user8__6-2-1,30,Do_jumping_jacks,user8,6-2-1,8,0,1.0,0.2869640472469033,0.4895833333333333,0.48465799511889923,0.3254282152652993,0.6171437489901207,1.0,153.0,1.0,1.0,1.0
2d,train__c30__user8__6-2-2,30,Do_jumping_jacks,user8,6-2-2,10,0,0.9416666666666667,0.12215612685417124,0.911504424778761,0.8492562160932424,0.7289026496609199,0.9100874206288785,1.0,153.0,1.0,1.0,1.0
25d,train__c30__user8__6-2-2,30,Do_jumping_jacks,user8,6-2-2,10,0,0.925,0.2741660389511263,0.4774774774774775,0.4352362130467949,0.3629375282871878,0.6008565485388313,1.0,153.0,1.0,1.0,1.0
2d,train__c30__user8__6-2-3,30,Do_jumping_jacks,user8,6-2-3,21,0,0.9841269841269841,0.11995509830224389,0.9112903225806451,0.6959081379552235,0.4494224964520001,0.8779198768614755,1.0,153.0,1.0,1.0,1.0
25d,train__c30__user8__6-2-3,30,Do_jumping_jacks,user8,6-2-3,21,0,0.9841269841269841,0.3013227723702722,0.3790322580645161,0.37592557494121537,0.3271186374108838,0.5440068956481202,1.0,153.0,1.0,1.0,1.0
2d,train__c31__user8__5-1-1,31,Do_stretching_exercises,user8,5-1-1,27,0,1.0,0.13515482755273867,0.8827160493827161,0.9515497860791678,0.4365420283863217,0.8883894578973848,1.0,153.0,1.0,1.0,1.0
25d,train__c31__user8__5-1-1,31,Do_stretching_exercises,user8,5-1-1,27,1,1.0,0.34685081132163903,0.4198717948717949,0.8549948525050094,0.2442994107047196,0.609751428232842,1.0,153.0,1.0,1.0,1.0
2d,train__c31__user8__5-1-2,31,Do_stretching_exercises,user8,5-1-2,23,0,0.9528985507246377,0.13066058090203522,0.9049429657794676,0.9284826231340094,0.3277292329658273,0.885436441037009,1.0,153.0,1.0,1.0,1.0
25d,train__c31__user8__5-1-2,31,Do_stretching_exercises,user8,5-1-2,23,0,0.9456521739130435,0.34424741861104075,0.40229885057471265,0.9162517584972656,0.19694362211004668,0.5972255327153764,1.0,153.0,1.0,1.0,1.0
2d,train__c31__user8__5-1-3,31,Do_stretching_exercises,user8,5-1-3,8,0,1.0,0.13547594349389966,0.8958333333333334,0.9572546338159593,0.6718572376097365,0.9138230895356595,1.0,153.0,1.0,1.0,1.0
25d,train__c31__user8__5-1-3,31,Do_stretching_exercises,user8,5-1-3,8,0,0.9791666666666666,0.3239630326618183,0.3829787234042553,0.9496092893549726,0.5986463586259027,0.6234143703714471,1.0,153.0,1.0,1.0,1.0
2d,train__c31__user8__6-1-1,31,Do_stretching_exercises,user8,6-1-1,14,0,0.7321428571428571,0.4438478826510617,0.6910569105691057,0.5918252361009182,0.15159942694683207,0.6988480671583981,4.0,153.0,0.0,1.0,0.25
25d,train__c31__user8__6-1-1,31,Do_stretching_exercises,user8,6-1-1,14,0,0.6845238095238095,0.4457485652103847,0.4956521739130435,0.4633319027367562,0.2619839212011519,0.5820430609683169,11.0,153.0,0.0,0.0,0.09090909090909091
2d,train__c31__user8__6-1-2,31,Do_stretching_exercises,user8,6-1-2,25,0,0.8633333333333333,0.23996501801380526,0.7258687258687259,0.4792199885032616,0.1281030803729686,0.7180908624394315,1.0,153.0,1.0,1.0,1.0
25d,train__c31__user8__6-1-2,31,Do_stretching_exercises,user8,6-1-2,25,0,0.8633333333333333,0.5053781838888755,0.4247104247104247,0.17226338751760692,0.2738066828246879,0.5326859068876793,1.0,153.0,1.0,1.0,1.0
2d,train__c31__user8__6-1-3,31,Do_stretching_exercises,user8,6-1-3,22,0,0.8371212121212122,0.24325524921580116,0.7058823529411765,0.6485758013036099,0.19709177872505332,0.7265868788645083,1.0,153.0,1.0,1.0,1.0
25d,train__c31__user8__6-1-3,31,Do_stretching_exercises,user8,6-1-3,22,0,0.8371212121212122,0.40637344994033875,0.4072398190045249,0.7025971235111302,0.18028829527042306,0.5664753561610046,1.0,153.0,1.0,1.0,1.0
2d,train__c31__user8__6-2-1,31,Do_stretching_exercises,user8,6-2-1,49,0,0.9319727891156463,0.13622331616268832,0.8832116788321168,0.732310383292062,0.4975511557681657,0.8645110772810476,1.0,153.0,1.0,1.0,1.0
25d,train__c31__user8__6-2-1,31,Do_stretching_exercises,user8,6-2-1,49,0,0.9098639455782312,0.37536834670920216,0.3364485981308411,0.7452399798600912,0.33756523621427753,0.5508745142318657,1.0,153.0,1.0,1.0,1.0
2d,train__c31__user8__6-2-2,31,Do_stretching_exercises,user8,6-2-2,27,0,0.8611111111111112,0.312966165029742,0.7992831541218638,0.5851007410567348,0.24141422700651788,0.7773329870092986,1.0,153.0,1.0,1.0,1.0
25d,train__c31__user8__6-2-2,31,Do_stretching_exercises,user8,6-2-2,27,0,0.8580246913580247,0.5287478075962802,0.2805755395683453,0.5584295017698377,0.24096490594747294,0.4890343340214367,1.0,153.0,1.0,1.0,1.0
2d,train__c31__user8__6-2-3,31,Do_stretching_exercises,user8,6-2-3,44,0,0.8731060606060606,0.13626966746483934,0.8893709327548807,0.5894752261018371,0.27056873277678956,0.8307047966442334,1.0,153.0,1.0,1.0,1.0
25d,train__c31__user8__6-2-3,31,Do_stretching_exercises,user8,6-2-3,44,0,0.8579545454545454,0.29336461050163687,0.4304635761589404,0.497772596193792,0.26332623806308536,0.5670771489069824,1.0,153.0,1.0,1.0,1.0
2d,train__c34__user8__4-1-3,34,Sit_down,user8,4-1-3,10,0,0.9,0.11168034613257112,0.9351851851851852,0.7963897485102627,0.49120876050237217,0.8958314837405561,1.0,153.0,1.0,1.0,1.0
25d,train__c34__user8__4-1-3,34,Sit_down,user8,4-1-3,10,0,0.9,0.2738090104644664,0.5370370370370371,0.47783021050935043,0.37076563208061597,0.6359608138273517,1.0,153.0,1.0,1.0,1.0
2d,train__c34__user8__5-1-1,34,Sit_down,user8,5-1-1,11,0,1.0,0.17628709654668506,0.6893939393939394,0.9381751882234286,0.4624032323887868,0.7826644279181686,1.0,153.0,1.0,1.0,1.0
25d,train__c34__user8__5-1-1,34,Sit_down,user8,5-1-1,11,0,1.0,0.23243659426472413,0.4696969696969697,0.9124094870823461,0.5301793323716174,0.6643377319694393,1.0,153.0,1.0,1.0,1.0
2d,train__c35__user8__5-1-1,35,Do_lunges,user8,5-1-1,59,0,0.9166666666666666,0.13351815653159785,0.8828967642526965,0.8033847356919044,0.237438129512587,0.8504062202882842,1.0,153.0,1.0,1.0,1.0
25d,train__c35__user8__5-1-1,35,Do_lunges,user8,5-1-1,59,0,0.9166666666666666,0.25442634005953363,0.5285053929121726,0.6121636840065148,0.20781082586841945,0.6341468131091446,1.0,153.0,1.0,1.0,1.0
2d,train__c35__user8__5-1-2,35,Do_lunges,user8,5-1-2,37,0,1.0,0.10654645756893955,0.9504504504504504,0.8730803217401963,0.485085011720229,0.9214371558007847,1.0,153.0,1.0,1.0,1.0
25d,train__c35__user8__5-1-2,35,Do_lunges,user8,5-1-2,37,0,1.0,0.24191278720683332,0.6058558558558559,0.5581452999113138,0.11607765064254157,0.6727410745100427,1.0,153.0,1.0,1.0,1.0
2d,train__c35__user8__5-1-3,35,Do_lunges,user8,5-1-3,33,0,1.0,0.145479886395724,0.8787878787878788,0.8229638686090718,0.27435959196829407,0.8612066895918626,1.0,153.0,1.0,1.0,1.0
25d,train__c35__user8__5-1-3,35,Do_lunges,user8,5-1-3,33,0,1.0,0.5668130973672544,0.48484848484848486,0.23181449393725667,0.142410443038392,0.5755288992882718,1.0,153.0,1.0,1.0,1.0
2d,train__c36__user8__1-2-1,36,Walk,user8,1-2-1,18,0,0.9305555555555556,0.14536507782132194,0.8159203980099502,0.7846359890129371,0.3112444157641635,0.8186187045446341,1.0,153.0,1.0,1.0,1.0
25d,train__c36__user8__1-2-1,36,Walk,user8,1-2-1,18,0,0.8703703703703703,0.34624652664320577,0.526595744680851,0.4574048812638259,0.3650506298603407,0.6247839819774132,1.0,153.0,1.0,1.0,1.0
2d,train__c36__user8__1-2-2,36,Walk,user8,1-2-2,12,0,0.9027777777777778,0.23634579134488326,0.6615384615384615,0.6946338836026312,0.5403720157209467,0.7391152211632658,1.0,153.0,1.0,1.0,1.0
25d,train__c36__user8__1-2-2,36,Walk,user8,1-2-2,12,0,0.8958333333333334,0.5230315717224178,0.4496124031007752,0.4888479348952201,0.4990930300937479,0.5981869257853129,1.0,153.0,1.0,1.0,1.0
2d,train__c36__user8__1-2-3,36,Walk,user8,1-2-3,9,0,0.7962962962962963,0.14621320362996643,0.872093023255814,0.7656232599998508,0.23159319279180712,0.8282126078796979,1.0,153.0,1.0,1.0,1.0
25d,train__c36__user8__1-2-3,36,Walk,user8,1-2-3,9,-2,0.7380952380952381,0.3843112531164569,0.5161290322580645,0.3989618325792291,0.3475082292636239,0.598639792004154,1.0,153.0,1.0,1.0,1.0
2d,train__c36__user8__2-2-1,36,Walk,user8,2-2-1,9,1,0.0625,0.1168072267898961,1.0,,,0.73125,,,,,
25d,train__c36__user8__2-2-1,36,Walk,user8,2-2-1,9,2,0.07142857142857142,0.16043106056778,0.8333333333333334,,,0.6404761904761904,,,,,
2d,train__c36__user8__2-2-2,36,Walk,user8,2-2-2,9,0,0.25925925925925924,0.11169674406736349,0.8928571428571429,0.6665172580589089,,0.7586490803032454,1.0,153.0,1.0,1.0,1.0
25d,train__c36__user8__2-2-2,36,Walk,user8,2-2-2,9,0,0.1574074074074074,0.1743757398456517,0.6470588235294118,,,0.5466230936819172,,,,,
2d,train__c36__user8__3-3-1,36,Walk,user8,3-3-1,13,0,0.8141025641025641,0.1347997518232596,0.9291338582677166,0.8033383025226288,0.35032159389503037,0.8740418282518908,1.0,153.0,1.0,1.0,1.0
25d,train__c36__user8__3-3-1,36,Walk,user8,3-3-1,13,-1,0.7986111111111112,0.23502145508876637,0.5826086956521739,0.5514537209148697,0.2026631135640515,0.6456409993285976,1.0,153.0,1.0,1.0,1.0
2d,train__c36__user8__3-3-3,36,Walk,user8,3-3-3,10,0,0.7666666666666667,0.1541045176997942,0.8369565217391305,0.6615658554597513,0.35962770572003017,0.805121417098166,1.0,153.0,1.0,1.0,1.0
25d,train__c36__user8__3-3-3,36,Walk,user8,3-3-3,10,-1,0.7407407407407407,0.26328937900830846,0.55,0.43351499164528673,0.5048147211198072,0.6327866773225883,1.0,153.0,1.0,1.0,1.0
2d,train__c36__user8__4-2-1,36,Walk,user8,4-2-1,15,0,0.28888888888888886,0.13214846458497223,0.8461538461538461,0.9248066766896818,-0.0945508940339523,0.754662854889926,1.0,153.0,1.0,1.0,1.0
25d,train__c36__user8__4-2-1,36,Walk,user8,4-2-1,15,-1,0.2619047619047619,0.2540189892993955,0.5681818181818182,0.6901145708491098,,0.5827019332753872,1.0,153.0,1.0,1.0,1.0
2d,train__c36__user8__4-2-2,36,Walk,user8,4-2-2,9,1,0.07291666666666667,0.14789417027691398,0.8571428571428571,,,0.653720238095238,,,,,
25d,train__c36__user8__4-2-2,36,Walk,user8,4-2-2,9,1,0.07291666666666667,0.2086738528943991,0.7142857142857143,,,0.5751488095238095,,,,,
2d,train__c36__user8__4-2-3,36,Walk,user8,4-2-3,14,-1,0.2564102564102564,0.11818486075874096,0.925,0.7796998205751755,,0.7873610076985432,1.0,153.0,1.0,1.0,1.0
25d,train__c36__user8__4-2-3,36,Walk,user8,4-2-3,14,0,0.27976190476190477,0.2753562771530815,0.723404255319149,0.2405660388535535,0.40987568451027495,0.6556458111253484,1.0,153.0,1.0,1.0,1.0
2d,train__c36__user8__6-2-1,36,Walk,user8,6-2-1,15,-1,0.7559523809523809,0.12158700661055052,0.952755905511811,0.6786287822200237,0.20922843898477805,0.858165997272595,1.0,153.0,1.0,1.0,1.0
25d,train__c36__user8__6-2-1,36,Walk,user8,6-2-1,15,-1,0.7559523809523809,0.25420280488708097,0.49606299212598426,0.23158796012115596,0.14909394666745773,0.5577707257767044,1.0,153.0,1.0,1.0,1.0
2d,train__c36__user8__6-2-2,36,Walk,user8,6-2-2,20,-1,0.8464912280701754,0.1437173556094661,0.8601036269430051,0.8338376359715733,0.37979219327815583,0.8445742957186895,1.0,153.0,1.0,1.0,1.0
25d,train__c36__user8__6-2-2,36,Walk,user8,6-2-2,20,0,0.8458333333333333,0.2782994262074065,0.47783251231527096,0.7013484726398128,0.4333360739283762,0.6250262679153419,1.0,153.0,1.0,1.0,1.0
2d,train__c37__user8__7-1-1,37,Take_medicine,user8,7-1-1,48,-1,0.5975177304964538,0.16184753181646566,0.8753709198813057,0.5935443464098175,0.315676661707738,0.7992359632534257,1.0,153.0,1.0,1.0,1.0
25d,train__c37__user8__7-1-1,37,Take_medicine,user8,7-1-1,48,0,0.4913194444444444,0.34206703223550033,0.6395759717314488,0.07266495858374179,0.15953360503831382,0.5951302451329891,1.0,153.0,1.0,1.0,1.0
2d,train__c37__user8__7-1-2,37,Take_medicine,user8,7-1-2,28,-1,0.6018518518518519,0.18544082216898616,0.882051282051282,0.39900743749633344,0.14405638095675,0.77101836263478,2.0,153.0,0.0,1.0,0.5
25d,train__c37__user8__7-1-2,37,Take_medicine,user8,7-1-2,28,-2,0.46153846153846156,0.25224070030653223,0.6458333333333334,0.5376788480890083,-0.03865635730354925,0.6272308374983142,3.0,153.0,0.0,1.0,0.3333333333333333
2d,train__c37__user8__7-1-3,37,Take_medicine,user8,7-1-3,30,0,0.5944444444444444,0.10431516130602288,0.9906542056074766,0.44444483112145167,0.523642190409301,0.8630219049213994,1.0,153.0,1.0,1.0,1.0
25d,train__c37__user8__7-1-3,37,Take_medicine,user8,7-1-3,30,0,0.4722222222222222,0.2707112207288975,0.7294117647058823,0.16971869553831737,0.25140606441373425,0.6592260171953193,1.0,153.0,1.0,1.0,1.0
2d,train__c37__user8__7-2-1,37,Take_medicine,user8,7-2-1,31,0,0.6666666666666666,0.1441251298348278,0.8306451612903226,0.9506834228554906,0.5833428553651424,0.8373405618142788,1.0,153.0,1.0,1.0,1.0
25d,train__c37__user8__7-2-1,37,Take_medicine,user8,7-2-1,31,0,0.6666666666666666,0.24856149529422988,0.45161290322580644,0.9117847201526104,0.4141662856991736,0.6122947068835592,1.0,153.0,1.0,1.0,1.0
2d,train__c37__user8__7-2-3,37,Take_medicine,user8,7-2-3,20,0,0.6,0.1382111291775075,0.8541666666666666,0.9573565044289756,0.539263193697488,0.8409720566368759,1.0,153.0,1.0,1.0,1.0
25d,train__c37__user8__7-2-3,37,Take_medicine,user8,7-2-3,20,0,0.6,0.2441855400702751,0.4166666666666667,0.961973726887492,0.31683555873958613,0.5841267062608848,1.0,153.0,1.0,1.0,1.0
2d,train__c01__user9__1-1-1,1,Brush_teeth,user9,1-1-1,25,0,0.5866666666666667,0.25393173013427467,0.4318181818181818,-0.012454363003299735,0.24733454107260994,0.4884713209467825,19.0,154.0,0.0,0.0,0.05263157894736842
25d,train__c01__user9__1-1-1,1,Brush_teeth,user9,1-1-1,25,0,0.44666666666666666,0.5839586634063981,0.4701492537313433,,0.18829997969871984,0.4923712546963095,46.0,154.0,0.0,0.0,0.021739130434782608
2d,train__c02__user9__1-1-1,2,Comb_hair,user9,1-1-1,19,1,0.6666666666666666,0.22847644181672036,0.7083333333333334,0.1497160483918406,0.43415729776436635,0.6787834021715116,7.0,154.0,0.0,0.0,0.14285714285714285
25d,train__c02__user9__1-1-1,2,Comb_hair,user9,1-1-1,19,-1,0.4074074074074074,0.4522576789800377,0.4659090909090909,0.565415489377439,0.4799162359694364,0.5645260073761924,10.0,154.0,0.0,0.0,0.1
2d,train__c02__user9__1-1-2,2,Comb_hair,user9,1-1-2,13,0,0.6666666666666666,0.1505170972471246,0.8173076923076923,0.5131764916159437,0.3013778996551706,0.7651068890716296,1.0,154.0,1.0,1.0,1.0
25d,train__c02__user9__1-1-2,2,Comb_hair,user9,1-1-2,13,0,0.5897435897435898,0.4360478810781652,0.5869565217391305,0.5361392820249684,0.13324744412486386,0.6204079324427425,5.0,154.0,0.0,1.0,0.2
2d,train__c02__user9__1-1-3,2,Comb_hair,user9,1-1-3,10,0,0.6583333333333333,0.14084547780094514,0.8734177215189873,-0.13376141545174083,0.568453793339916,0.7504709731240959,1.0,154.0,1.0,1.0,1.0
25d,train__c02__user9__1-1-3,2,Comb_hair,user9,1-1-3,10,2,0.59375,0.46523459711522397,0.5263157894736842,-0.036854366291335414,0.41433241434857365,0.5512381786575358,1.0,154.0,1.0,1.0,1.0
2d,train__c03__user9__3-1-1,3,Take_off_clothes,user9,3-1-1,69,0,1.0,0.24747361986292707,0.6751207729468599,0.6114543614194448,0.3169226731438612,0.731231061748507,1.0,154.0,1.0,1.0,1.0
25d,train__c03__user9__3-1-1,3,Take_off_clothes,user9,3-1-1,69,1,1.0,0.7490566514179012,0.5723039215686274,0.6421693696219108,0.15112465192178612,0.6653184427190701,10.0,154.0,0.0,0.0,0.1
2d,train__c03__user9__3-1-2,3,Take_off_clothes,user9,3-1-2,59,0,1.0,0.37203960763368205,0.6101694915254238,0.5336018178053019,0.24651345546759942,0.6824419112795833,1.0,154.0,1.0,1.0,1.0
25d,train__c03__user9__3-1-2,3,Take_off_clothes,user9,3-1-2,59,0,1.0,0.6908286482304166,0.5423728813559322,0.4578359430704778,0.12079149719278759,0.6281480413422695,1.0,154.0,1.0,1.0,1.0
2d,train__c03__user9__3-1-3,3,Take_off_clothes,user9,3-1-3,28,0,1.0,0.31463163699048197,0.5357142857142857,0.6263183325014862,0.17145945031290433,0.6451341491664736,3.0,154.0,0.0,1.0,0.3333333333333333
25d,train__c03__user9__3-1-3,3,Take_off_clothes,user9,3-1-3,28,-1,1.0,0.8710761281325887,0.44753086419753085,0.5428932386629755,0.10843778348330985,0.5835641329361878,10.0,154.0,0.0,0.0,0.1
2d,train__c04__user9__1-1-1,4,Wipe_hands,user9,1-1-1,13,0,0.6666666666666666,0.19317745529588076,0.7692307692307693,0.7498698525048929,0.24580344723322967,0.7581658335365713,1.0,154.0,1.0,1.0,1.0
25d,train__c04__user9__1-1-1,4,Wipe_hands,user9,1-1-1,13,0,0.6089743589743589,0.24727931732148126,0.5578947368421052,0.5386709398124748,0.2570233743772916,0.6158833882201382,1.0,154.0,1.0,1.0,1.0
2d,train__c04__user9__1-1-2,4,Wipe_hands,user9,1-1-2,11,0,0.6666666666666666,0.2617290053953565,0.5113636363636364,0.679996633627336,-0.11256217444138863,0.5824741669462962,4.0,154.0,0.0,1.0,0.25
25d,train__c04__user9__1-1-2,4,Wipe_hands,user9,1-1-2,11,-2,0.1574074074074074,0.21757570411605495,0.5294117647058824,,,0.4819172113289761,,,,,
2d,train__c04__user9__1-1-3,4,Wipe_hands,user9,1-1-3,16,0,0.6666666666666666,0.23041867057010337,0.65625,0.8108914687605334,0.0148166894900554,0.6848045652544742,2.0,154.0,0.0,1.0,0.5
25d,train__c04__user9__1-1-3,4,Wipe_hands,user9,1-1-3,16,2,0.03571428571428571,0.24574240773740386,0.5,,,0.45357142857142857,,,,,
2d,train__c04__user9__5-2-1,4,Wipe_hands,user9,5-2-1,29,0,0.6666666666666666,0.14962212691956522,0.8362068965517241,0.750579840540344,0.28197993880748995,0.797786939234711,1.0,154.0,1.0,1.0,1.0
25d,train__c04__user9__5-2-1,4,Wipe_hands,user9,5-2-1,29,0,0.6666666666666666,0.24214817324852564,0.6508620689655172,0.4810699814571929,0.3145760065797055,0.6713410032368983,1.0,154.0,1.0,1.0,1.0
2d,train__c04__user9__5-2-2,4,Wipe_hands,user9,5-2-2,21,0,0.6666666666666666,0.1496296370300067,0.8095238095238095,0.6428416464772576,0.21793440571460998,0.7675340069810834,1.0,154.0,1.0,1.0,1.0
25d,train__c04__user9__5-2-2,4,Wipe_hands,user9,5-2-2,21,0,0.6626984126984127,0.26413205779867405,0.6347305389221557,0.5447617916335316,0.15017881998840993,0.6561112283395107,1.0,154.0,1.0,1.0,1.0
2d,train__c04__user9__5-2-3,4,Wipe_hands,user9,5-2-3,19,-1,0.5925925925925926,0.15374860847006513,0.78125,0.14172378863805646,0.5109319253559046,0.7164390325247578,2.0,154.0,0.0,1.0,0.5
25d,train__c04__user9__5-2-3,4,Wipe_hands,user9,5-2-3,19,-1,0.5879629629629629,0.19150521052656289,0.6062992125984252,0.1644727499201388,0.3700162703520704,0.6114593584938495,1.0,154.0,1.0,1.0,1.0
2d,train__c05__user9__1-1-1,5,Put_on_clothes,user9,1-1-1,61,-1,0.36527777777777776,0.5123500707847644,0.3574144486692015,0.3524359251636519,0.2327522439776616,0.46080573536052843,53.0,154.0,0.0,0.0,0.018867924528301886
25d,train__c05__user9__1-1-1,5,Put_on_clothes,user9,1-1-1,61,-2,0.12146892655367232,0.47591498176646535,0.32558139534883723,0.05073084149868427,0.4177634813455452,0.402622005348012,,,,,
2d,train__c05__user9__1-1-2,5,Put_on_clothes,user9,1-1-2,36,-2,0.38480392156862747,0.5962855009074212,0.4140127388535032,0.3304234758641495,0.09497787136533631,0.48135308646510466,74.0,154.0,0.0,0.0,0.013513513513513514
25d,train__c05__user9__1-1-2,5,Put_on_clothes,user9,1-1-2,36,-1,0.1380952380952381,0.4829724007262715,0.39655172413793105,0.7539978500161415,0.8321060669877878,0.5447207121110842,,,,,
2d,train__c05__user9__1-1-3,5,Put_on_clothes,user9,1-1-3,43,0,0.48255813953488375,0.4246721869889194,0.5220883534136547,0.5621621036545241,0.07977080716031275,0.5726034292334743,32.0,154.0,0.0,0.0,0.03125
25d,train__c05__user9__1-1-3,5,Put_on_clothes,user9,1-1-3,43,0,0.187984496124031,0.49793068620304815,0.422680412371134,0.37252298386002797,0.5199296102044878,0.5025196955678661,102.0,154.0,0.0,0.0,0.00980392156862745
2d,train__c06__user9__3-2-1,6,Drink_water,user9,3-2-1,36,-1,0.6666666666666666,0.14728493690575928,0.9285714285714286,0.9800588234437849,0.17439403739925893,0.8634663875302754,2.0,154.0,0.0,1.0,0.5
25d,train__c06__user9__3-2-1,6,Drink_water,user9,3-2-1,36,-2,0.6666666666666666,0.20051271725342554,0.33455882352941174,0.9720592854714625,0.1709804177713668,0.5357034794878419,2.0,154.0,0.0,1.0,0.5
2d,train__c06__user9__3-2-2,6,Drink_water,user9,3-2-2,24,-2,0.6666666666666666,0.14412855336540828,0.9147727272727273,0.939025710665045,0.2555709431941786,0.8578620584727347,2.0,154.0,0.0,1.0,0.5
25d,train__c06__user9__3-2-2,6,Drink_water,user9,3-2-2,24,-2,0.6666666666666666,0.19874513674575758,0.42045454545454547,0.8997929823482274,0.20258088103087174,0.5780895309788048,3.0,154.0,0.0,1.0,0.3333333333333333
2d,train__c06__user9__3-2-3,6,Drink_water,user9,3-2-3,19,-1,0.6666666666666666,0.16215616761377125,0.7777777777777778,0.9443614071554337,0.14194493460377217,0.7745264552552708,1.0,154.0,1.0,1.0,1.0
25d,train__c06__user9__3-2-3,6,Drink_water,user9,3-2-3,19,-2,0.6666666666666666,0.238645381858292,0.3088235294117647,0.9335811051408657,0.09144127793444912,0.5117358142023075,2.0,154.0,0.0,1.0,0.5
2d,train__c06__user9__7-2-1,6,Drink_water,user9,7-2-1,15,0,0.6666666666666666,0.08588801074413982,1.0,-0.2506383379935221,0.3015594041955038,0.7892197881819772,1.0,154.0,1.0,1.0,1.0
25d,train__c06__user9__7-2-1,6,Drink_water,user9,7-2-1,15,-2,0.6666666666666666,0.1985959422176718,0.8173076923076923,0.009122198601943113,-0.13277032107735165,0.6821403432152904,2.0,154.0,0.0,1.0,0.5
2d,train__c06__user9__7-2-2,6,Drink_water,user9,7-2-2,9,0,0.6666666666666666,0.08440720382255029,1.0,-0.4485609998260271,0.4920144883489712,0.7837116533102368,2.0,154.0,0.0,1.0,0.5
25d,train__c06__user9__7-2-2,6,Drink_water,user9,7-2-2,9,0,0.6574074074074074,0.14788894907474276,0.7887323943661971,-0.6212084514854178,0.608238746804903,0.6580406185039752,2.0,154.0,0.0,1.0,0.5
2d,train__c06__user9__7-2-3,6,Drink_water,user9,7-2-3,14,0,0.6666666666666666,0.06193618462526858,1.0,0.9270378015867591,0.47687314721640506,0.920135932866573,1.0,154.0,1.0,1.0,1.0
25d,train__c06__user9__7-2-3,6,Drink_water,user9,7-2-3,14,1,0.6666666666666666,0.14282473390208603,0.8269230769230769,0.46053579219577784,0.08057722733977402,0.7485712302444198,1.0,154.0,1.0,1.0,1.0
2d,train__c09__user9__2-1-1,9,Pour_drinks,user9,2-1-1,22,0,0.6666666666666666,0.1651684463600789,0.7613636363636364,-0.9377361117213899,0.428206218454223,0.5987585218785945,1.0,154.0,1.0,1.0,1.0
25d,train__c09__user9__2-1-1,9,Pour_drinks,user9,2-1-1,22,-2,0.6666666666666666,0.27492982928162446,0.50625,0.9156618301563819,0.390560223684417,0.6409623664586361,6.0,154.0,0.0,0.0,0.16666666666666666
2d,train__c09__user9__2-1-2,9,Pour_drinks,user9,2-1-2,26,-2,0.4375,0.16512225410350478,0.6984126984126984,0.7811517252422976,0.39607600152476197,0.7106978567655711,2.0,154.0,0.0,1.0,0.5
25d,train__c09__user9__2-1-2,9,Pour_drinks,user9,2-1-2,26,-1,0.44666666666666666,0.2814216060363718,0.3805970149253731,0.6704780826392923,0.4963728038609422,0.5332707934291219,10.0,154.0,0.0,0.0,0.1
2d,train__c09__user9__2-1-3,9,Pour_drinks,user9,2-1-3,8,2,0.6666666666666666,0.15761018699808937,0.8125,0.4081996539434101,-0.09348133254613941,0.7223505321200473,1.0,154.0,1.0,1.0,1.0
25d,train__c09__user9__2-1-3,9,Pour_drinks,user9,2-1-3,8,-1,0.6547619047619048,0.2703685823361272,0.4,0.3353963848353331,0.2411302374888037,0.5121005967713841,1.0,154.0,1.0,1.0,1.0
2d,train__c09__user9__3-2-1,9,Pour_drinks,user9,3-2-1,21,0,0.6666666666666666,0.1981614669860297,0.3273809523809524,-0.263835128232258,0.5293239124607951,0.43504197108752435,6.0,154.0,0.0,0.0,0.16666666666666666
25d,train__c09__user9__3-2-1,9,Pour_drinks,user9,3-2-1,21,0,0.6666666666666666,0.2569487097995094,0.4226190476190476,0.23861788796570385,0.365116947645883,0.5253527027271545,16.0,154.0,0.0,0.0,0.0625
2d,train__c09__user9__3-2-2,9,Pour_drinks,user9,3-2-2,16,-2,0.6666666666666666,0.15909967740611894,0.8303571428571429,0.41282730896008635,0.10986493402102476,0.7478856961856808,3.0,154.0,0.0,1.0,0.3333333333333333
25d,train__c09__user9__3-2-2,9,Pour_drinks,user9,3-2-2,16,2,0.6666666666666666,0.2243735312969796,0.7232142857142857,-0.29500326582150777,0.3000721487912019,0.6324396083867132,8.0,154.0,0.0,0.0,0.125
2d,train__c09__user9__3-2-3,9,Pour_drinks,user9,3-2-3,8,-1,0.6666666666666666,0.1824378002499497,0.625,0.7612940188388749,0.13173626488311008,0.6714262884167874,3.0,154.0,0.0,1.0,0.3333333333333333
25d,train__c09__user9__3-2-3,9,Pour_drinks,user9,3-2-3,8,1,0.5833333333333334,0.41567807089270964,0.3469387755102041,0.9412740995581198,-0.16223114644726497,0.5061097338362127,17.0,154.0,0.0,0.0,0.058823529411764705
2d,train__c09__user9__7-2-1,9,Pour_drinks,user9,7-2-1,16,-1,0.6666666666666666,0.14787460252205667,0.8666666666666667,0.7875609498610557,0.21976516772578208,0.8135718158988726,12.0,154.0,0.0,0.0,0.08333333333333333
25d,train__c09__user9__7-2-1,9,Pour_drinks,user9,7-2-1,16,-1,0.6666666666666666,0.1927850139786079,0.525,0.19166611585136822,0.2060934011655365,0.5650402833392187,16.0,154.0,0.0,0.0,0.0625
2d,train__c09__user9__7-2-2,9,Pour_drinks,user9,7-2-2,9,2,0.6666666666666666,0.13972549977014057,0.8928571428571429,0.8022188460979979,0.20770046324441166,0.8285375145912259,1.0,154.0,1.0,1.0,1.0
25d,train__c09__user9__7-2-2,9,Pour_drinks,user9,7-2-2,9,-1,0.6666666666666666,0.18130380628515483,0.65625,0.6747756065569667,0.16299770333726857,0.6823065550726586,1.0,154.0,1.0,1.0,1.0
2d,train__c09__user9__7-2-3,9,Pour_drinks,user9,7-2-3,11,0,0.6666666666666666,0.16523512309274385,0.7727272727272727,0.9034476606297012,0.2894275441320857,0.7787184985395432,2.0,154.0,0.0,1.0,0.5
25d,train__c09__user9__7-2-3,9,Pour_drinks,user9,7-2-3,11,0,0.6666666666666666,0.22545699562860794,0.5568181818181818,0.8934067116574003,0.31496193375726417,0.6608794828642015,3.0,154.0,0.0,1.0,0.3333333333333333
2d,train__c10__user9__2-1-1,10,Stir_drinks,user9,2-1-1,24,1,0.6666666666666666,0.15878424597463564,0.7717391304347826,-0.1899802042087795,-0.03577875846945185,0.6444417610997103,2.0,154.0,0.0,1.0,0.5
25d,train__c10__user9__2-1-1,10,Stir_drinks,user9,2-1-1,24,0,0.6666666666666666,0.22458773905603846,0.4635416666666667,0.3763824789876733,-0.05307813904231928,0.5302719708039267,3.0,154.0,0.0,1.0,0.3333333333333333
2d,train__c10__user9__2-1-2,10,Stir_drinks,user9,2-1-2,33,-1,0.6666666666666666,0.17716270501815007,0.58984375,0.8905060076490006,0.08584706141250537,0.6615698595375047,14.0,154.0,0.0,0.0,0.07142857142857142
25d,train__c10__user9__2-1-2,10,Stir_drinks,user9,2-1-2,33,0,0.6666666666666666,0.18807503752540056,0.4659090909090909,0.8867735808354256,0.1769455998462549,0.5998649447386784,15.0,154.0,0.0,0.0,0.06666666666666667
2d,train__c10__user9__2-1-3,10,Stir_drinks,user9,2-1-3,34,0,0.6666666666666666,0.14641559729491674,0.8860294117647058,0.5460143815715209,0.32355628871517417,0.807851002948045,3.0,154.0,0.0,1.0,0.3333333333333333
25d,train__c10__user9__2-1-3,10,Stir_drinks,user9,2-1-3,34,0,0.6666666666666666,0.17080529710610887,0.7095588235294118,0.45339890925577736,0.15063207988753777,0.6885613165249862,3.0,154.0,0.0,1.0,0.3333333333333333
2d,train__c10__user9__3-2-1,10,Stir_drinks,user9,3-2-1,27,1,0.6666666666666666,0.1626577082434536,0.7644230769230769,0.5270116884019257,0.45336945064578577,0.7488032366129854,4.0,154.0,0.0,1.0,0.25
25d,train__c10__user9__3-2-1,10,Stir_drinks,user9,3-2-1,27,2,0.6666666666666666,0.19319698681177472,0.6,0.5416191580714045,0.4350419192662165,0.6584567264187734,6.0,154.0,0.0,0.0,0.16666666666666666
2d,train__c10__user9__3-2-2,10,Stir_drinks,user9,3-2-2,20,0,0.6666666666666666,0.12532812364504728,0.93125,0.8412316647549848,0.3108797020448195,0.8612933107955266,2.0,154.0,0.0,1.0,0.5
25d,train__c10__user9__3-2-2,10,Stir_drinks,user9,3-2-2,20,2,0.6620370370370371,0.2093184331766923,0.6013986013986014,0.5935106309089038,0.20824936911195213,0.6469427002472212,7.0,154.0,0.0,0.0,0.14285714285714285
2d,train__c10__user9__7-2-1,10,Stir_drinks,user9,7-2-1,20,0,0.6666666666666666,0.14733662966385833,0.84375,-0.17109488082764612,0.4541508303315919,0.7226809908587715,8.0,154.0,0.0,0.0,0.125
25d,train__c10__user9__7-2-1,10,Stir_drinks,user9,7-2-1,20,1,0.6622807017543859,0.2100227769049323,0.39072847682119205,-0.3433560108461952,0.3848237794466296,0.4506549148009719,14.0,154.0,0.0,0.0,0.07142857142857142
2d,train__c10__user9__7-2-2,10,Stir_drinks,user9,7-2-2,12,-2,0.6666666666666666,0.11834567728971107,1.0,-0.3775006080374242,0.2070404298130381,0.7694446380989021,1.0,154.0,1.0,1.0,1.0
25d,train__c10__user9__7-2-2,10,Stir_drinks,user9,7-2-2,12,1,0.6666666666666666,0.18733045146545008,0.6136363636363636,-0.07721078070116891,0.04918589232733057,0.5751345305210995,5.0,154.0,0.0,1.0,0.2
2d,train__c10__user9__7-2-3,10,Stir_drinks,user9,7-2-3,18,0,0.6666666666666666,0.09190795432797987,1.0,0.9698101979511932,0.3146340936701862,0.9122452434870499,1.0,154.0,1.0,1.0,1.0
25d,train__c10__user9__7-2-3,10,Stir_drinks,user9,7-2-3,18,0,0.6666666666666666,0.5150307853928736,0.6180555555555556,-0.3663763383818454,0.2548836806938465,0.5640758644360762,9.0,154.0,0.0,0.0,0.1111111111111111
2d,train__c11__user9__2-3-1,11,Peel_fruits,user9,2-3-1,45,1,0.6666666666666666,0.1599467259307696,0.7443181818181818,0.6705390498823383,0.32786143649820576,0.742685179392266,9.0,154.0,0.0,0.0,0.1111111111111111
25d,train__c11__user9__2-3-1,11,Peel_fruits,user9,2-3-1,45,2,0.6666666666666666,0.18124274158031684,0.6424418604651163,0.1303599816457928,0.22822576555176816,0.6251626205034425,13.0,154.0,0.0,0.0,0.07692307692307693
2d,train__c11__user9__2-3-2,11,Peel_fruits,user9,2-3-2,38,0,0.6666666666666666,0.1677927499420074,0.6875,0.6893907355384348,0.5069842820970188,0.7267545613777866,8.0,154.0,0.0,0.0,0.125
25d,train__c11__user9__2-3-2,11,Peel_fruits,user9,2-3-2,38,2,0.6666666666666666,0.18620762145201136,0.5069444444444444,0.0473798818939152,0.2569302492325818,0.5444938679929463,13.0,154.0,0.0,0.0,0.07692307692307693
2d,train__c11__user9__2-3-3,11,Peel_fruits,user9,2-3-3,26,2,0.6666666666666666,0.15196842444794434,0.7708333333333334,0.8319699060362565,0.20507821015763011,0.7642028563654479,14.0,154.0,0.0,0.0,0.07142857142857142
25d,train__c11__user9__2-3-3,11,Peel_fruits,user9,2-3-3,26,2,0.6666666666666666,0.2294487627571137,0.5520833333333334,0.2918094840004927,0.02730934572837719,0.5765416493296777,22.0,154.0,0.0,0.0,0.045454545454545456
2d,train__c12__user9__3-3-1,12,Sweep_the_floor,user9,3-3-1,43,0,0.9767441860465116,0.1029200887946697,0.9841269841269841,0.8089070408234181,0.10200886562760014,0.9024856288789043,1.0,154.0,1.0,1.0,1.0
25d,train__c12__user9__3-3-1,12,Sweep_the_floor,user9,3-3-1,43,0,0.9728682170542635,0.2927938809513487,0.4123505976095618,0.6813444569595642,0.09475699439800807,0.5743208706664924,1.0,154.0,1.0,1.0,1.0
2d,train__c12__user9__3-3-2,12,Sweep_the_floor,user9,3-3-2,49,0,1.0,0.11337902942158024,0.9659863945578231,0.9072807618386396,0.18719835170314073,0.9110604695684023,1.0,154.0,1.0,1.0,1.0
25d,train__c12__user9__3-3-2,12,Sweep_the_floor,user9,3-3-2,49,0,0.9829931972789115,0.3353159717733142,0.3737024221453287,0.7731490670623329,0.0858816327068227,0.562591681067067,1.0,154.0,1.0,1.0,1.0
2d,train__c12__user9__3-3-3,12,Sweep_the_floor,user9,3-3-3,41,0,1.0,0.11308825481858592,0.9532520325203252,0.8895463390039763,0.30774525271667424,0.911324145740327,1.0,154.0,1.0,1.0,1.0
25d,train__c12__user9__3-3-3,12,Sweep_the_floor,user9,3-3-3,41,0,0.9959349593495935,0.34041416783145845,0.3877551020408163,0.7011918682713019,0.12901656328922892,0.5676542311312307,1.0,154.0,1.0,1.0,1.0
2d,train__c12__user9__7-2-1,12,Sweep_the_floor,user9,7-2-1,28,0,0.47619047619047616,0.15027368433944038,0.79375,0.09800732764295028,0.04298381723218297,0.6722060666757566,14.0,154.0,0.0,0.0,0.07142857142857142
25d,train__c12__user9__7-2-1,12,Sweep_the_floor,user9,7-2-1,28,0,0.47619047619047616,0.2518730581225517,0.46875,-0.1629755017689319,0.15453515467246834,0.47572413404258956,30.0,154.0,0.0,0.0,0.03333333333333333
2d,train__c12__user9__7-2-2,12,Sweep_the_floor,user9,7-2-2,13,-2,0.0,,,,,0.175,,,,,
25d,train__c12__user9__7-2-2,12,Sweep_the_floor,user9,7-2-2,13,-2,0.0,,,,,0.175,,,,,
2d,train__c12__user9__7-2-3,12,Sweep_the_floor,user9,7-2-3,18,-2,0.08333333333333333,0.14815472780530292,0.875,0.9101203344691984,,0.7555953667802532,14.0,154.0,0.0,0.0,0.07142857142857142
25d,train__c12__user9__7-2-3,12,Sweep_the_floor,user9,7-2-3,18,-2,0.08333333333333333,0.32261988604013875,0.5,0.4402894145868444,,0.5023622747920178,31.0,154.0,0.0,0.0,0.03225806451612903
2d,train__c13__user9__3-3-1,13,Mop_the_floor,user9,3-3-1,33,0,1.0,0.09379116874405839,0.9873737373737373,0.8413961770780698,0.04310487686359979,0.9054280390281325,1.0,154.0,1.0,1.0,1.0
25d,train__c13__user9__3-3-1,13,Mop_the_floor,user9,3-3-1,33,0,0.9747474747474747,0.3765625196927747,0.4015544041450777,0.5050595923114328,0.08895483006034259,0.5505072412402092,2.0,154.0,0.0,1.0,0.5
2d,train__c13__user9__3-3-2,13,Mop_the_floor,user9,3-3-2,32,0,1.0,0.16487866090831912,0.7994791666666666,0.81398063154669,0.2482484602417736,0.8147302393394686,4.0,154.0,0.0,1.0,0.25
25d,train__c13__user9__3-3-2,13,Mop_the_floor,user9,3-3-2,32,0,0.9791666666666666,0.4006179746851621,0.2978723404255319,0.44841528739461567,0.12680694964866027,0.49109850386382037,1.0,154.0,1.0,1.0,1.0
2d,train__c13__user9__3-3-3,13,Mop_the_floor,user9,3-3-3,24,0,0.8333333333333334,0.13800022974200207,0.8916666666666667,0.5374789067092737,-0.1721439122447078,0.7895870972525744,1.0,154.0,1.0,1.0,1.0
25d,train__c13__user9__3-3-3,13,Mop_the_floor,user9,3-3-3,24,-1,0.8115942028985508,0.4027400289947064,0.3705357142857143,0.42480333872168224,0.1187864910623314,0.511343383848841,2.0,154.0,0.0,1.0,0.5
2d,train__c13__user9__7-2-1,13,Mop_the_floor,user9,7-2-1,27,-2,0.21333333333333335,0.13407441043155505,0.890625,0.6306425808033614,0.04408015168021277,0.7525473527896854,2.0,154.0,0.0,1.0,0.5
25d,train__c13__user9__7-2-1,13,Mop_the_floor,user9,7-2-1,27,1,0.20512820512820512,0.25691281389312226,0.515625,-0.32990970822790533,0.3160413263391397,0.4698186991654655,8.0,154.0,0.0,0.0,0.125
2d,train__c13__user9__7-2-2,13,Mop_the_floor,user9,7-2-2,11,2,0.4444444444444444,0.14025983680684045,0.7916666666666666,0.341129133877858,0.36282316362475237,0.7161857617707532,3.0,154.0,0.0,1.0,0.3333333333333333
25d,train__c13__user9__7-2-2,13,Mop_the_floor,user9,7-2-2,11,0,0.48484848484848486,0.2912068755234133,0.5625,-0.16071905335737188,0.1146386275802215,0.5253858402176279,26.0,154.0,0.0,0.0,0.038461538461538464
2d,train__c13__user9__7-2-3,13,Mop_the_floor,user9,7-2-3,22,0,0.24242424242424243,0.13076775923844627,0.9375,0.47437157490037796,0.27733161239339127,0.7831044526619665,3.0,154.0,0.0,1.0,0.3333333333333333
25d,train__c13__user9__7-2-3,13,Mop_the_floor,user9,7-2-3,22,-2,0.2,0.2562100573554994,0.6041666666666666,0.15356890103745263,-0.07170398793010753,0.5372707576756539,27.0,154.0,0.0,0.0,0.037037037037037035
2d,train__c15__user9__7-2-1,15,Wipe_windows_and_tables,user9,7-2-1,23,0,0.6666666666666666,0.1613802219211412,0.7119565217391305,0.6640610681847247,0.04746412954924853,0.7032086701578546,1.0,154.0,1.0,1.0,1.0
25d,train__c15__user9__7-2-1,15,Wipe_windows_and_tables,user9,7-2-1,23,-1,0.6666666666666666,0.28799297667796225,0.4318181818181818,0.20588640158726637,0.08889044282778027,0.5064220900374768,1.0,154.0,1.0,1.0,1.0
2d,train__c15__user9__7-2-2,15,Wipe_windows_and_tables,user9,7-2-2,17,0,0.6666666666666666,0.16429194451247583,0.75,0.5088771095745523,0.2916199328261403,0.7269258725860823,2.0,154.0,0.0,1.0,0.5
25d,train__c15__user9__7-2-2,15,Wipe_windows_and_tables,user9,7-2-2,17,0,0.6666666666666666,0.23813143981249477,0.5294117647058824,0.42143764673007195,0.2296746809265554,0.5922125029974008,2.0,154.0,0.0,1.0,0.5
2d,train__c15__user9__7-2-3,15,Wipe_windows_and_tables,user9,7-2-3,29,0,0.6666666666666666,0.12311846679995041,0.9224137931034483,0.5775700384909707,0.1782465908427871,0.8201197510358693,1.0,154.0,1.0,1.0,1.0
25d,train__c15__user9__7-2-3,15,Wipe_windows_and_tables,user9,7-2-3,29,2,0.6666666666666666,0.15820391045254764,0.7962962962962963,0.10715829516240073,-0.04589151532467545,0.6869035954965191,1.0,154.0,1.0,1.0,1.0
2d,train__c17__user9__1-2-2,17,Tap_the_keyboard,user9,1-2-2,14,2,1.0,0.18168413587018445,0.7986111111111112,0.16427000721963253,0.1592550929385077,0.7426072438034624,5.0,154.0,0.0,1.0,0.2
25d,train__c17__user9__1-2-2,17,Tap_the_keyboard,user9,1-2-2,14,1,1.0,0.9600121517891116,0.32051282051282054,0.04054243000395439,0.30244463927025705,0.4780196422277161,6.0,154.0,0.0,0.0,0.16666666666666666
2d,train__c17__user9__1-2-3,17,Tap_the_keyboard,user9,1-2-3,15,2,0.8589743589743589,0.21074334377966894,0.7686567164179104,-0.4405696801961343,0.3364691889936936,0.6648368510822004,7.0,154.0,0.0,0.0,0.14285714285714285
25d,train__c17__user9__1-2-3,17,Tap_the_keyboard,user9,1-2-3,15,2,0.8589743589743589,0.6552172290003652,0.582089552238806,-0.3534158001099115,0.36722358337902494,0.5732468783712149,19.0,154.0,0.0,0.0,0.05263157894736842
2d,train__c17__user9__4-1-1,17,Tap_the_keyboard,user9,4-1-1,21,2,0.6666666666666666,0.17903328134449661,0.6578947368421053,-0.3479093738102622,0.28386627959265437,0.5900078055182475,26.0,154.0,0.0,0.0,0.038461538461538464
25d,train__c17__user9__4-1-1,17,Tap_the_keyboard,user9,4-1-1,21,2,0.6447368421052632,0.7975966360753435,0.2653061224489796,-0.7919420718389135,0.15956233176109022,0.31816501925565555,110.0,154.0,0.0,0.0,0.00909090909090909
2d,train__c17__user9__4-1-2,17,Tap_the_keyboard,user9,4-1-2,21,2,0.6666666666666666,0.1735568746570629,0.6447368421052632,-0.863502369592953,0.31433600116039073,0.5334968929522954,21.0,154.0,0.0,0.0,0.047619047619047616
25d,train__c17__user9__4-1-2,17,Tap_the_keyboard,user9,4-1-2,21,2,0.6666666666666666,0.7724139409318853,0.35526315789473684,-0.7342728302475949,0.24978336406561027,0.3823678727889332,79.0,154.0,0.0,0.0,0.012658227848101266
2d,train__c17__user9__4-1-3,17,Tap_the_keyboard,user9,4-1-3,17,1,0.6666666666666666,0.15473461189379964,0.8515625,0.6433105947535948,0.1435101476956336,0.7851203622191987,13.0,154.0,0.0,0.0,0.07692307692307693
25d,train__c17__user9__4-1-3,17,Tap_the_keyboard,user9,4-1-3,17,1,0.6666666666666666,0.7220254715937628,0.484375,0.34950501596876205,0.23340805260810632,0.5605290222091509,39.0,154.0,0.0,0.0,0.02564102564102564
2d,train__c17__user9__4-3-1,17,Tap_the_keyboard,user9,4-3-1,54,0,0.6651234567901234,0.18313292714223114,0.7470997679814385,0.27837553155514533,0.26806680405179845,0.7003597815282029,18.0,154.0,0.0,0.0,0.05555555555555555
25d,train__c17__user9__4-3-1,17,Tap_the_keyboard,user9,4-3-1,54,0,0.6635802469135802,0.8079355106618077,0.32558139534883723,0.05747760814857881,0.022777412436808097,0.427883858880837,84.0,154.0,0.0,0.0,0.011904761904761904
2d,train__c17__user9__4-3-2,17,Tap_the_keyboard,user9,4-3-2,40,-1,0.6666666666666666,0.1627648815191824,0.7788461538461539,-0.4723040475231246,0.08427320526502613,0.6291221369246158,9.0,154.0,0.0,0.0,0.1111111111111111
25d,train__c17__user9__4-3-2,17,Tap_the_keyboard,user9,4-3-2,40,1,0.6666666666666666,0.8848026244153833,0.3108974358974359,-0.5200299219503477,0.16300266725611673,0.3728824642594304,68.0,154.0,0.0,0.0,0.014705882352941176
2d,train__c17__user9__4-3-3,17,Tap_the_keyboard,user9,4-3-3,22,1,0.6666666666666666,0.17432839699222877,0.7440476190476191,-0.10811453974595268,0.2805745536412269,0.6611244946913539,16.0,154.0,0.0,0.0,0.0625
25d,train__c17__user9__4-3-3,17,Tap_the_keyboard,user9,4-3-3,22,1,0.6666666666666666,0.78384702178086,0.2976190476190476,-0.3203985837416613,0.3760502632959052,0.4015210542301696,78.0,154.0,0.0,0.0,0.01282051282051282
2d,train__c17__user9__6-1-1,17,Tap_the_keyboard,user9,6-1-1,17,0,1.0,0.18260087693190624,0.8088235294117647,0.3954585279391462,0.11521027605873403,0.7680395646747902,5.0,154.0,0.0,1.0,0.2
25d,train__c17__user9__6-1-1,17,Tap_the_keyboard,user9,6-1-1,17,0,1.0,0.6196262812714279,0.4019607843137255,-0.3133900343294309,0.13399295812241951,0.47478889979878736,1.0,154.0,1.0,1.0,1.0
2d,train__c17__user9__6-1-2,17,Tap_the_keyboard,user9,6-1-2,33,1,0.8046875,0.23690355989733822,0.6310679611650486,0.4240249367442743,0.023192030318672955,0.6466980245891046,23.0,154.0,0.0,0.0,0.043478260869565216
25d,train__c17__user9__6-1-2,17,Tap_the_keyboard,user9,6-1-2,33,0,0.8055555555555556,0.6616887002624298,0.1786833855799373,0.11131901816719399,0.08680251436642503,0.3714735080187223,23.0,154.0,0.0,0.0,0.043478260869565216
2d,train__c17__user9__6-1-3,17,Tap_the_keyboard,user9,6-1-3,26,-1,0.6866666666666666,0.15851981317835606,0.7621359223300971,0.48751311507732964,-0.02809066719576805,0.7094859354162705,16.0,154.0,0.0,0.0,0.0625
25d,train__c17__user9__6-1-3,17,Tap_the_keyboard,user9,6-1-3,26,-2,0.6875,0.6832117973192446,0.1717171717171717,-0.4082331390764312,0.08833862482769339,0.3039965273988783,16.0,154.0,0.0,0.0,0.0625
2d,train__c20__user9__5-3-1,20,Check_the_time,user9,5-3-1,11,1,1.0,0.19233230376021254,0.8333333333333334,0.6559656733303467,0.17355958278595693,0.8119468693753148,2.0,154.0,0.0,1.0,0.5
25d,train__c20__user9__5-3-1,20,Check_the_time,user9,5-3-1,11,0,1.0,0.5481970053290884,0.4015151515151515,0.7472585565625192,0.19428253445125263,0.5851303790734292,1.0,154.0,1.0,1.0,1.0
2d,train__c20__user9__5-3-2,20,Check_the_time,user9,5-3-2,13,0,1.0,0.1389835838053677,0.9230769230769231,0.8583540052481824,-0.008733236442404107,0.8678727154839457,1.0,154.0,1.0,1.0,1.0
25d,train__c20__user9__5-3-2,20,Check_the_time,user9,5-3-2,13,-1,1.0,0.43287004372516563,0.3680555555555556,0.846972733725482,0.10039997022057336,0.5696578266946468,2.0,154.0,0.0,1.0,0.5
2d,train__c20__user9__5-3-3,20,Check_the_time,user9,5-3-3,9,0,1.0,0.14552356927476898,0.8888888888888888,0.9558813519591827,0.14443854194246467,0.8703099147304921,1.0,154.0,1.0,1.0,1.0
25d,train__c20__user9__5-3-3,20,Check_the_time,user9,5-3-3,9,-1,0.9895833333333334,0.7036671891621659,0.42105263157894735,0.8528415159563593,0.2790984789360967,0.6117538182175976,1.0,154.0,1.0,1.0,1.0
2d,train__c20__user9__6-1-3,20,Check_the_time,user9,6-1-3,8,-1,0.7261904761904762,0.2162697164647618,0.7213114754098361,0.3697369482171441,0.1905465414828452,0.6956050445273853,9.0,154.0,0.0,0.0,0.1111111111111111
25d,train__c20__user9__6-1-3,20,Check_the_time,user9,6-1-3,8,-1,0.7261904761904762,0.6783573504901664,0.04918032786885246,0.04686882154145645,0.8216854256748279,0.3409815170266743,72.0,154.0,0.0,0.0,0.013888888888888888
2d,train__c21__user9__4-1-1,21,Read_documents,user9,4-1-1,47,0,0.7624113475177305,0.26528909237452375,0.8232558139534883,-0.43277053219007044,0.19843660672525903,0.6756375247115791,10.0,154.0,0.0,0.0,0.1
25d,train__c21__user9__4-1-1,21,Read_documents,user9,4-1-1,47,-1,0.7554347826086957,0.5954103726289135,0.22302158273381295,-0.2921249985431417,0.2282239250413725,0.36110964328825546,27.0,154.0,0.0,0.0,0.037037037037037035
2d,train__c21__user9__4-1-2,21,Read_documents,user9,4-1-2,37,0,0.7184684684684685,0.20507524541839442,0.7899686520376176,0.1309735470721611,0.21661465122932116,0.7106730590169518,3.0,154.0,0.0,1.0,0.3333333333333333
25d,train__c21__user9__4-1-2,21,Read_documents,user9,4-1-2,37,-1,0.7175925925925926,0.4838423590888723,0.34516129032258064,-0.36649025189838985,-0.002433256515149476,0.39976644950820345,9.0,154.0,0.0,0.0,0.1111111111111111
2d,train__c21__user9__4-1-3,21,Read_documents,user9,4-1-3,45,1,0.7083333333333334,0.21409463225948455,0.7754010695187166,0.15756671004512918,0.08120264061721184,0.6941507906194313,6.0,154.0,0.0,0.0,0.16666666666666666
25d,train__c21__user9__4-1-3,21,Read_documents,user9,4-1-3,45,-2,0.7093023255813954,0.6786281670259322,0.21584699453551912,0.042493227521994595,0.07905100186395944,0.3748242274446715,22.0,154.0,0.0,0.0,0.045454545454545456
2d,train__c21__user9__6-1-1,21,Read_documents,user9,6-1-1,47,0,1.0,0.16380143887061016,0.7836879432624113,0.8148633319629222,0.13060254731831542,0.7973098930394922,5.0,154.0,0.0,1.0,0.2
25d,train__c21__user9__6-1-1,21,Read_documents,user9,6-1-1,47,-2,1.0,0.5859644549497987,0.5166666666666667,0.7300989902162643,0.04620046978420143,0.6356416009221083,1.0,154.0,1.0,1.0,1.0
2d,train__c21__user9__6-1-2,21,Read_documents,user9,6-1-2,27,0,0.9197530864197531,0.2699000868933387,0.7348993288590604,0.16236407826640284,0.16977772310049968,0.7001396765736364,3.0,154.0,0.0,1.0,0.3333333333333333
25d,train__c21__user9__6-1-2,21,Read_documents,user9,6-1-2,27,2,0.91,0.49384362001906035,0.2564102564102564,-0.15998018191106833,0.16158189794506406,0.403146265180414,11.0,154.0,0.0,0.0,0.09090909090909091
2d,train__c21__user9__6-1-3,21,Read_documents,user9,6-1-3,24,-1,0.9855072463768116,0.19635223981366146,0.7904411764705882,0.6625181673132395,0.19020845379597495,0.7888108224625268,1.0,154.0,1.0,1.0,1.0
25d,train__c21__user9__6-1-3,21,Read_documents,user9,6-1-3,24,-2,0.9848484848484849,0.7978434533157716,0.14615384615384616,0.34313917659331195,0.16447707175416007,0.4005191619103571,4.0,154.0,0.0,1.0,0.25
2d,train__c23__user9__1-2-1,23,Listen_to_music_with_headphones,user9,1-2-1,42,1,0.9939024390243902,0.15222884860084246,0.8323108384458078,0.8981224568514783,0.4221573349566899,0.853635250854533,1.0,154.0,1.0,1.0,1.0
25d,train__c23__user9__1-2-1,23,Listen_to_music_with_headphones,user9,1-2-1,42,1,0.991869918699187,1.0293506506971,0.4098360655737705,0.7846376644494136,0.2785421458703166,0.5989512553207077,3.0,154.0,0.0,1.0,0.3333333333333333
2d,train__c23__user9__1-2-2,23,Listen_to_music_with_headphones,user9,1-2-2,22,-1,1.0,0.13339797765334838,0.8650793650793651,0.9428718513250217,0.3945087611731319,0.8746689930141378,1.0,154.0,1.0,1.0,1.0
25d,train__c23__user9__1-2-2,23,Listen_to_music_with_headphones,user9,1-2-2,22,0,0.9848484848484849,0.9933541748777729,0.4576923076923077,0.860343754029585,0.35889555698894965,0.6381671598927474,3.0,154.0,0.0,1.0,0.3333333333333333
2d,train__c23__user9__1-2-3,23,Listen_to_music_with_headphones,user9,1-2-3,38,0,1.0,0.1412811477331794,0.8486842105263158,0.8716693143497812,0.3242366513620563,0.8532609960766061,1.0,154.0,1.0,1.0,1.0
25d,train__c23__user9__1-2-3,23,Listen_to_music_with_headphones,user9,1-2-3,38,0,0.9978070175438597,0.9665304195598888,0.42637362637362636,0.8362729851524193,0.25810436326959246,0.612271322020342,3.0,154.0,0.0,1.0,0.3333333333333333
2d,train__c23__user9__3-3-1,23,Listen_to_music_with_headphones,user9,3-3-1,41,0,1.0,0.16869665467991254,0.782520325203252,0.9933114309525157,0.4431295538672324,0.8379520384970827,2.0,154.0,0.0,1.0,0.5
25d,train__c23__user9__3-3-1,23,Listen_to_music_with_headphones,user9,3-3-1,41,0,0.9857723577235772,0.3502065374181316,0.5092783505154639,0.9694036925075642,0.1252470922733101,0.6600142297271177,1.0,154.0,1.0,1.0,1.0
2d,train__c23__user9__3-3-2,23,Listen_to_music_with_headphones,user9,3-3-2,40,1,1.0,0.15033300064039978,0.8055555555555556,0.9632380621299429,0.3139602285639925,0.8379263789108493,1.0,154.0,1.0,1.0,1.0
25d,train__c23__user9__3-3-2,23,Listen_to_music_with_headphones,user9,3-3-2,40,0,0.9604166666666667,0.3537892300421419,0.47071583514099785,0.9681412626689635,0.17835487651309476,0.640126117999594,1.0,154.0,1.0,1.0,1.0
2d,train__c23__user9__3-3-3,23,Listen_to_music_with_headphones,user9,3-3-3,12,2,1.0,0.1342244845805312,0.875,0.9904106734038579,0.36867003035145185,0.8829413196167448,1.0,154.0,1.0,1.0,1.0
25d,train__c23__user9__3-3-3,23,Listen_to_music_with_headphones,user9,3-3-3,12,0,0.9722222222222222,0.3725639675678491,0.4642857142857143,0.9652596723798916,0.3749343996933208,0.6522254122943533,1.0,154.0,1.0,1.0,1.0
2d,train__c26__user9__3-1-1,26,Play_games,user9,3-1-1,67,0,1.0,0.2553754349423495,0.5261194029850746,0.5373980190224543,0.2036110576970208,0.6333763028713131,2.0,154.0,0.0,1.0,0.5
25d,train__c26__user9__3-1-1,26,Play_games,user9,3-1-1,67,0,1.0,0.2852447740783168,0.39054726368159204,0.5583920404977831,0.1866232427759746,0.5596369422828521,5.0,154.0,0.0,1.0,0.2
2d,train__c26__user9__3-1-2,26,Play_games,user9,3-1-2,43,0,1.0,0.1854881615005114,0.6453488372093024,0.8743873286371914,0.09187364935828168,0.7242711170307066,1.0,154.0,1.0,1.0,1.0
25d,train__c26__user9__3-1-2,26,Play_games,user9,3-1-2,43,2,1.0,0.24184402187883247,0.4146341463414634,0.9430514578601695,0.12092512582393034,0.6064233107106166,1.0,154.0,1.0,1.0,1.0
2d,train__c26__user9__3-1-3,26,Play_games,user9,3-1-3,47,1,1.0,0.20779439695580149,0.5815217391304348,0.7300284438345527,0.21900125673456083,0.6842648951602864,3.0,154.0,0.0,1.0,0.3333333333333333
25d,train__c26__user9__3-1-3,26,Play_games,user9,3-1-3,47,2,1.0,0.2902735288838814,0.34074074074074073,0.7615792449480008,0.21350139905296475,0.5545779368311798,2.0,154.0,0.0,1.0,0.5
2d,train__c26__user9__5-1-1,26,Play_games,user9,5-1-1,62,0,0.9973118279569892,0.13319914962313456,0.8557951482479784,0.9846554628667641,0.4085836773900399,0.8745278364230165,6.0,154.0,0.0,0.0,0.16666666666666666
25d,train__c26__user9__5-1-1,26,Play_games,user9,5-1-1,62,-1,1.0,0.9212959732768929,0.4603825136612022,0.9597279691302522,0.3775874491178198,0.6525022381105229,10.0,154.0,0.0,0.0,0.1
2d,train__c26__user9__5-1-2,26,Play_games,user9,5-1-2,57,0,1.0,0.15428186981476277,0.8464912280701754,0.9792944776971563,0.2173868139011184,0.854803634250896,5.0,154.0,0.0,1.0,0.2
25d,train__c26__user9__5-1-2,26,Play_games,user9,5-1-2,57,0,0.9897660818713451,0.7971188903697801,0.4342688330871492,0.9740363446039667,0.14593450793070606,0.6211731889402662,8.0,154.0,0.0,0.0,0.125
2d,train__c26__user9__5-1-3,26,Play_games,user9,5-1-3,37,-1,0.7893518518518519,0.1467425953594847,0.9237536656891495,0.8820225832548301,0.20037497300735416,0.8652300826152519,1.0,154.0,1.0,1.0,1.0
25d,train__c26__user9__5-1-3,26,Play_games,user9,5-1-3,37,0,0.7702702702702703,0.48674910462280363,0.38596491228070173,0.7526319784143961,0.06410800807410044,0.5443790272284101,3.0,154.0,0.0,1.0,0.3333333333333333
2d,train__c26__user9__5-3-1,26,Play_games,user9,5-3-1,23,-1,1.0,0.14884588131964605,0.7954545454545454,0.9821711282026379,0.06272220954219665,0.8154212785359285,1.0,154.0,1.0,1.0,1.0
25d,train__c26__user9__5-3-1,26,Play_games,user9,5-3-1,23,-1,0.9962121212121212,0.8099906628819563,0.1520912547528517,0.93457848490278,0.12912359528841486,0.4614135203721897,3.0,154.0,0.0,1.0,0.3333333333333333
2d,train__c26__user9__5-3-2,26,Play_games,user9,5-3-2,18,0,1.0,0.1572554778770844,0.8009259259259259,0.9683226076429137,0.2615133921296224,0.8319550244332724,2.0,154.0,0.0,1.0,0.5
25d,train__c26__user9__5-3-2,26,Play_games,user9,5-3-2,18,2,0.984375,0.7833003035410211,0.26455026455026454,0.7373903223837219,-0.011485835256909832,0.49181774009674945,4.0,154.0,0.0,1.0,0.25
2d,train__c26__user9__5-3-3,26,Play_games,user9,5-3-3,27,1,1.0,0.16556962196825115,0.7307692307692307,0.9689544458159626,0.030190771519700982,0.7760828293686507,2.0,154.0,0.0,1.0,0.5
25d,train__c26__user9__5-3-3,26,Play_games,user9,5-3-3,27,2,0.9933333333333333,0.7368402950303866,0.3389261744966443,0.8931230480051083,-0.10279792807127104,0.5423451895016533,7.0,154.0,0.0,0.0,0.14285714285714285
2d,train__c26__user9__6-2-1,26,Play_games,user9,6-2-1,15,1,1.0,0.24774412340840193,0.49404761904761907,0.9543994452477881,0.33147446627654187,0.6670267199717099,1.0,154.0,1.0,1.0,1.0
25d,train__c26__user9__6-2-1,26,Play_games,user9,6-2-1,15,1,1.0,0.29425561071628975,0.35119047619047616,0.9799327311875298,0.38492945994880096,0.5950177445196749,1.0,154.0,1.0,1.0,1.0
2d,train__c26__user9__6-2-3,26,Play_games,user9,6-2-3,9,2,1.0,0.15918295543878538,0.8214285714285714,0.9362036246767509,0.36520686509261796,0.8477965916353357,1.0,154.0,1.0,1.0,1.0
25d,train__c26__user9__6-2-3,26,Play_games,user9,6-2-3,9,0,1.0,0.23722620983410075,0.5648148148148148,0.9781246918967172,0.4992481273724507,0.7209042268907536,2.0,154.0,0.0,1.0,0.5
2d,train__c27__user9__6-2-1,27,Take_a_selfie,user9,6-2-1,13,0,1.0,0.3230135730606745,0.38461538461538464,0.19831688310297962,0.36583384749708925,0.5338076884110412,1.0,154.0,1.0,1.0,1.0
25d,train__c27__user9__6-2-1,27,Take_a_selfie,user9,6-2-1,13,0,1.0,0.950443391553295,0.23076923076923078,0.5424485292267964,0.2538386317094805,0.47520582722396765,1.0,154.0,1.0,1.0,1.0
2d,train__c27__user9__6-2-2,27,Take_a_selfie,user9,6-2-2,11,0,1.0,0.24793351483140433,0.5227272727272727,0.44697471923889903,0.199347586771596,0.6221485409317595,1.0,154.0,1.0,1.0,1.0
25d,train__c27__user9__6-2-2,27,Take_a_selfie,user9,6-2-2,11,0,1.0,0.8681133446804632,0.45454545454545453,0.5834391883214959,-0.01708582202761196,0.5820624821800787,1.0,154.0,1.0,1.0,1.0
2d,train__c27__user9__6-2-3,27,Take_a_selfie,user9,6-2-3,13,0,1.0,0.26134178068541897,0.5192307692307693,0.11485848564693121,0.2643574984213182,0.5918895840232151,1.0,154.0,1.0,1.0,1.0
25d,train__c27__user9__6-2-3,27,Take_a_selfie,user9,6-2-3,13,-2,0.9924242424242424,0.7186157703432389,0.3816793893129771,0.5190635992108271,0.4420322012959766,0.5692248633828427,1.0,154.0,1.0,1.0,1.0
2d,train__c29__user9__2-2-1,29,Do_squats,user9,2-2-1,22,0,0.8636363636363636,0.1550032314110402,0.868421052631579,0.7759084077614289,0.3698436804778397,0.8443243321229856,2.0,154.0,0.0,1.0,0.5
25d,train__c29__user9__2-2-1,29,Do_squats,user9,2-2-1,22,0,0.8636363636363636,0.3814624216710354,0.40789473684210525,0.36034384367126365,0.3261667518137078,0.5462026323799487,2.0,154.0,0.0,1.0,0.5
2d,train__c29__user9__2-2-2,29,Do_squats,user9,2-2-2,19,0,0.8903508771929824,0.13593212894941106,0.8817733990147784,0.7858888110765517,0.4202996926976681,0.8591218152374066,1.0,154.0,1.0,1.0,1.0
25d,train__c29__user9__2-2-2,29,Do_squats,user9,2-2-2,19,0,0.8859649122807017,0.4259365740245726,0.3910891089108911,0.3539652949249876,0.2916437346222983,0.5359653107182314,1.0,154.0,1.0,1.0,1.0
2d,train__c29__user9__2-2-3,29,Do_squats,user9,2-2-3,16,0,0.875,0.14163534316016663,0.875,0.767745447114795,0.19998008587058388,0.8355230511517734,1.0,154.0,1.0,1.0,1.0
25d,train__c29__user9__2-2-3,29,Do_squats,user9,2-2-3,16,0,0.875,0.47202826081457905,0.3392857142857143,0.3449206909259884,-0.007951397096142815,0.4830028571675311,2.0,154.0,0.0,1.0,0.5
2d,train__c29__user9__3-3-1,29,Do_squats,user9,3-3-1,8,0,1.0,0.19260978839471482,0.7604166666666666,0.9637822851408006,0.21569913088626125,0.8057848299972162,1.0,154.0,1.0,1.0,1.0
25d,train__c29__user9__3-3-1,29,Do_squats,user9,3-3-1,8,0,1.0,0.3054144211762876,0.34375,0.9484379274343934,0.268413561540191,0.5790373098589536,1.0,154.0,1.0,1.0,1.0
2d,train__c29__user9__3-3-2,29,Do_squats,user9,3-3-2,9,0,1.0,0.15871454190306805,0.7777777777777778,0.9838360911298795,0.2346722178453651,0.818761803229168,2.0,154.0,0.0,1.0,0.5
25d,train__c29__user9__3-3-2,29,Do_squats,user9,3-3-2,9,0,0.9907407407407407,0.34555753393004257,0.37383177570093457,0.9539647529019221,0.26306079781709674,0.5948075858360625,1.0,154.0,1.0,1.0,1.0
2d,train__c29__user9__3-3-3,29,Do_squats,user9,3-3-3,15,0,0.9444444444444444,0.17452208926216434,0.7764705882352941,0.9745636331492985,0.5345796403358589,0.8340531043139755,4.0,154.0,0.0,1.0,0.25
25d,train__c29__user9__3-3-3,29,Do_squats,user9,3-3-3,15,0,0.9444444444444444,0.3709346666054426,0.35294117647058826,0.9707355560498049,0.41056139762206123,0.591427751929903,2.0,154.0,0.0,1.0,0.5
2d,train__c29__user9__4-2-2,29,Do_squats,user9,4-2-2,15,0,0.9888888888888889,0.18297270331977883,0.7640449438202247,0.9801175775189063,0.8192685455707512,0.8535705066597096,1.0,154.0,1.0,1.0,1.0
25d,train__c29__user9__4-2-2,29,Do_squats,user9,4-2-2,15,0,0.9888888888888889,0.3554371559040495,0.39325842696629215,0.9636872030247644,0.6642236947141499,0.6363665211263873,2.0,154.0,0.0,1.0,0.5
2d,train__c29__user9__4-2-3,29,Do_squats,user9,4-2-3,14,0,0.9464285714285714,0.1980305041691094,0.7672955974842768,0.8946546993100949,0.7242532121428128,0.8354398966009299,3.0,154.0,0.0,1.0,0.3333333333333333
25d,train__c29__user9__4-2-3,29,Do_squats,user9,4-2-3,14,0,0.9464285714285714,0.3058031568482698,0.42138364779874216,0.8827448976053259,0.5771563243549039,0.6329650775193157,1.0,154.0,1.0,1.0,1.0
2d,train__c29__user9__5-3-1,29,Do_squats,user9,5-3-1,18,0,0.8148148148148148,0.15601880478212346,0.8238636363636364,0.9115903220693421,0.39958731821548027,0.8307345625545768,1.0,154.0,1.0,1.0,1.0
25d,train__c29__user9__5-3-1,29,Do_squats,user9,5-3-1,18,0,0.8148148148148148,0.5481729507225315,0.3068181818181818,0.9403830674832784,0.21000097740312507,0.5350198615350437,3.0,154.0,0.0,1.0,0.3333333333333333
2d,train__c29__user9__5-3-2,29,Do_squats,user9,5-3-2,18,0,0.8425925925925926,0.15930482105800733,0.8461538461538461,0.9681580198660016,0.3625375398853256,0.8486499921218743,1.0,154.0,1.0,1.0,1.0
25d,train__c29__user9__5-3-2,29,Do_squats,user9,5-3-2,18,0,0.8425925925925926,0.4405306464543989,0.29120879120879123,0.9605248850754685,0.19647998522096433,0.5302125818232136,1.0,154.0,1.0,1.0,1.0
2d,train__c29__user9__5-3-3,29,Do_squats,user9,5-3-3,14,0,0.9404761904761905,0.21177752975633413,0.7278481012658228,0.8932109597613952,0.40089941799442647,0.7887526270695432,1.0,154.0,1.0,1.0,1.0
25d,train__c29__user9__5-3-3,29,Do_squats,user9,5-3-3,14,0,0.9404761904761905,0.7917665625149075,0.21518987341772153,0.8449760744462859,0.22379944233649243,0.48868461504723143,6.0,154.0,0.0,0.0,0.16666666666666666
2d,train__c30__user9__2-2-1,30,Do_jumping_jacks,user9,2-2-1,15,0,1.0,0.15010230689928208,0.8444444444444444,0.6066252179673174,0.31884704858851287,0.8240204948853147,1.0,154.0,1.0,1.0,1.0
25d,train__c30__user9__2-2-1,30,Do_jumping_jacks,user9,2-2-1,15,0,0.9833333333333333,0.6991337652269524,0.3389830508474576,0.2508510327218967,0.06474393608725627,0.4897149097781689,1.0,154.0,1.0,1.0,1.0
2d,train__c30__user9__2-2-2,30,Do_jumping_jacks,user9,2-2-2,16,0,1.0,0.1594305907001711,0.8177083333333334,0.5049137894285084,0.20627604985040013,0.7907016660149643,2.0,154.0,0.0,1.0,0.5
25d,train__c30__user9__2-2-2,30,Do_jumping_jacks,user9,2-2-2,16,2,0.9880952380952381,0.7800150190875382,0.3253012048192771,0.4931310367398841,0.13086508657167442,0.5118531716269902,1.0,154.0,1.0,1.0,1.0
2d,train__c31__user9__1-1-1,31,Do_stretching_exercises,user9,1-1-1,37,2,0.37857142857142856,0.36066496186132546,0.4968553459119497,0.4619869529599622,0.21008306215600955,0.5480825080664121,9.0,154.0,0.0,0.0,0.1111111111111111
25d,train__c31__user9__1-1-1,31,Do_stretching_exercises,user9,1-1-1,37,2,0.14523809523809525,0.397925538213649,0.36065573770491804,,0.4408098192010712,0.4209452017015949,,,,,
2d,train__c31__user9__1-1-2,31,Do_stretching_exercises,user9,1-1-2,10,0,0.3333333333333333,0.20726554020164403,0.7,0.8024755021264546,,0.6735808835459788,1.0,154.0,1.0,1.0,1.0
25d,train__c31__user9__1-1-2,31,Do_stretching_exercises,user9,1-1-2,10,0,0.1,0.2757806816015217,0.5833333333333334,,,0.5058333333333334,,,,,
2d,train__c31__user9__1-1-3,31,Do_stretching_exercises,user9,1-1-3,14,0,0.6666666666666666,0.2126701157930856,0.7142857142857143,0.5167248464834185,0.3195456107809812,0.710162214980725,1.0,154.0,1.0,1.0,1.0
25d,train__c31__user9__1-1-3,31,Do_stretching_exercises,user9,1-1-3,14,0,0.21428571428571427,0.2656103626383142,0.5277777777777778,,,0.48670634920634925,,,,,
2d,train__c31__user9__4-2-2,31,Do_stretching_exercises,user9,4-2-2,38,0,1.0,0.08413871297942434,0.9912280701754386,0.8658207786783023,0.3328331352639147,0.931720001609115,1.0,154.0,1.0,1.0,1.0
25d,train__c31__user9__4-2-2,31,Do_stretching_exercises,user9,4-2-2,38,0,1.0,0.38339514582049516,0.46710526315789475,0.9093869834684276,0.24622611562311494,0.6413135517554185,1.0,154.0,1.0,1.0,1.0
2d,train__c31__user9__4-2-3,31,Do_stretching_exercises,user9,4-2-3,11,0,1.0,0.09568370605465115,0.9848484848484849,0.9685451724175176,0.3067462366317438,0.9365271516557993,1.0,154.0,1.0,1.0,1.0
25d,train__c31__user9__4-2-3,31,Do_stretching_exercises,user9,4-2-3,11,0,1.0,0.2588139825684962,0.5681818181818182,0.966381551029684,0.3260845496873915,0.7085944963295228,1.0,154.0,1.0,1.0,1.0
2d,train__c32__user9__5-1-2,32,Stand_up,user9,5-1-2,8,0,0.9583333333333334,0.15138492806282794,0.8586956521739131,0.7396735041029965,0.12738511454489904,0.8266371760301526,1.0,154.0,1.0,1.0,1.0
25d,train__c32__user9__5-1-2,32,Stand_up,user9,5-1-2,8,0,0.9479166666666666,0.866228735287058,0.42857142857142855,0.49572006369630284,0.4109529183936633,0.5858994276301074,20.0,154.0,0.0,0.0,0.05
2d,train__c33__user9__3-3-1,33,Lie_down,user9,3-3-1,40,0,0.725,0.36228946787098937,0.40804597701149425,0.7428613956624146,0.1529767646749867,0.5576846842731873,5.0,154.0,0.0,1.0,0.2
25d,train__c33__user9__3-3-1,33,Lie_down,user9,3-3-1,40,-1,0.7158119658119658,0.652295683768178,0.28059701492537314,0.6806755699689103,0.1469718582871897,0.4800000011585821,1.0,154.0,1.0,1.0,1.0
2d,train__c33__user9__3-3-2,33,Lie_down,user9,3-3-2,35,0,0.9142857142857143,0.34237161286630186,0.4114583333333333,0.24155912435330476,-0.048849692172674396,0.5132228402842847,1.0,154.0,1.0,1.0,1.0
25d,train__c33__user9__3-3-2,33,Lie_down,user9,3-3-2,35,0,0.9119047619047619,0.6126341089019204,0.2793733681462141,0.20893471402457606,0.2683984893433227,0.46086918677410077,1.0,154.0,1.0,1.0,1.0
2d,train__c33__user9__3-3-3,33,Lie_down,user9,3-3-3,27,0,0.8518518518518519,0.5143998094109453,0.38405797101449274,0.5501324142019618,-0.089008236316442,0.5197546929396193,1.0,154.0,1.0,1.0,1.0
25d,train__c33__user9__3-3-3,33,Lie_down,user9,3-3-3,27,0,0.8518518518518519,1.04604564706999,0.2572463768115942,0.35648344594920683,-0.05499798844756976,0.4331941878929149,1.0,154.0,1.0,1.0,1.0
2d,train__c33__user9__6-2-1,33,Lie_down,user9,6-2-1,33,0,0.6666666666666666,0.3694811276704052,0.4962121212121212,0.3618002544830296,0.16079844547404812,0.5628232421921899,2.0,154.0,0.0,1.0,0.5
25d,train__c33__user9__6-2-1,33,Lie_down,user9,6-2-1,33,-2,0.6451612903225806,0.7912258639164138,0.375,0.06361837160397392,-0.015029375627292875,0.4510007630206085,4.0,154.0,0.0,1.0,0.25
2d,train__c33__user9__6-2-2,33,Lie_down,user9,6-2-2,15,0,0.9333333333333333,0.33720053895983887,0.39880952380952384,0.4551208668793523,0.09374593183800435,0.5402216030043571,2.0,154.0,0.0,1.0,0.5
25d,train__c33__user9__6-2-2,33,Lie_down,user9,6-2-2,15,-2,0.9166666666666666,0.5573284666809928,0.34965034965034963,0.22714436810096542,0.20474544927576047,0.4970447044801376,2.0,154.0,0.0,1.0,0.5
2d,train__c33__user9__6-2-3,33,Lie_down,user9,6-2-3,27,0,0.6296296296296297,0.27932061303802985,0.5098039215686274,0.5924008280955666,0.30518102157128085,0.6004837792531109,1.0,154.0,1.0,1.0,1.0
25d,train__c33__user9__6-2-3,33,Lie_down,user9,6-2-3,27,0,0.6296296296296297,0.6913239038852312,0.4166666666666667,0.47966917166155315,0.02643835213636003,0.517079423206012,1.0,154.0,1.0,1.0,1.0
2d,train__c34__user9__5-3-1,34,Sit_down,user9,5-3-1,11,0,0.9848484848484849,0.14695882069397684,0.8846153846153846,0.5776261702654479,0.17703638946233555,0.83106365625953,1.0,154.0,1.0,1.0,1.0
25d,train__c34__user9__5-3-1,34,Sit_down,user9,5-3-1,11,-1,0.975,0.710146925256936,0.1623931623931624,0.1309476280770089,0.27925480976075695,0.39585511285599706,11.0,154.0,0.0,0.0,0.09090909090909091
2d,train__c34__user9__5-3-2,34,Sit_down,user9,5-3-2,8,0,0.9895833333333334,0.15167435167083443,0.8,0.5707222734132703,0.013927221025691952,0.7720751022515874,2.0,154.0,0.0,1.0,0.5
25d,train__c34__user9__5-3-2,34,Sit_down,user9,5-3-2,8,2,0.9861111111111112,0.7399615067421398,0.15492957746478872,0.42642592623579584,0.522964682823937,0.44068732255211973,13.0,154.0,0.0,0.0,0.07692307692307693
2d,train__c34__user9__5-3-3,34,Sit_down,user9,5-3-3,8,0,1.0,0.18305385572032706,0.7604166666666666,0.6440325743025784,0.1632931627473753,0.7698794113029777,3.0,154.0,0.0,1.0,0.3333333333333333
25d,train__c34__user9__5-3-3,34,Sit_down,user9,5-3-3,8,1,1.0,0.7358502814525292,0.38095238095238093,0.26057691491964124,0.002260182716245368,0.510751014719492,5.0,154.0,0.0,1.0,0.2
2d,train__c34__user9__6-1-1,34,Sit_down,user9,6-1-1,10,0,1.0,0.13772296978245216,0.8666666666666667,0.5173625286315459,0.38833818610759585,0.832528283487891,1.0,154.0,1.0,1.0,1.0
25d,train__c34__user9__6-1-1,34,Sit_down,user9,6-1-1,10,0,1.0,0.6072389481784394,0.48333333333333334,0.1054325298742963,0.3308287829781131,0.5761887450441214,2.0,154.0,0.0,1.0,0.5
2d,train__c34__user9__6-1-3,34,Sit_down,user9,6-1-3,9,-1,0.9791666666666666,0.1263605681058164,0.925531914893617,0.8356122130126761,0.20399958876259217,0.8808204103166181,1.0,154.0,1.0,1.0,1.0
25d,train__c34__user9__6-1-3,34,Sit_down,user9,6-1-3,9,0,0.9629629629629629,0.8102612223040812,0.3173076923076923,0.08234012574590183,0.038154487986706974,0.45691112623912034,4.0,154.0,0.0,1.0,0.25
2d,train__c36__user9__1-2-1,36,Walk,user9,1-2-1,13,0,0.7435897435897436,0.13625960015019395,0.853448275862069,0.45475832436343994,0.4394993081025686,0.7971938066271489,1.0,154.0,1.0,1.0,1.0
25d,train__c36__user9__1-2-1,36,Walk,user9,1-2-1,13,0,0.5705128205128205,0.4372708813263185,0.5842696629213483,0.4274161128358601,0.39602525993951526,0.6258431024370733,2.0,154.0,0.0,1.0,0.5
2d,train__c36__user9__1-2-3,36,Walk,user9,1-2-3,9,-1,0.65625,0.14707174146506422,0.9047619047619048,0.6374431784377786,0.14780642559279394,0.813073847382285,6.0,154.0,0.0,0.0,0.16666666666666666
25d,train__c36__user9__1-2-3,36,Walk,user9,1-2-3,9,-1,0.5625,0.20934075123003604,0.6111111111111112,0.2486295929199157,0.1582710471079378,0.604094398936198,10.0,154.0,0.0,0.0,0.1
2d,train__c36__user9__2-2-1,36,Walk,user9,2-2-1,8,0,0.7291666666666666,0.1114818245443417,0.9285714285714286,0.672434901613267,0.3089417089244855,0.8490450707116156,1.0,154.0,1.0,1.0,1.0
25d,train__c36__user9__2-2-1,36,Walk,user9,2-2-1,8,0,0.5625,0.19621339286827136,0.5925925925925926,0.46769898663718296,0.1578915292104136,0.6157876892804253,4.0,154.0,0.0,1.0,0.25
2d,train__c36__user9__2-2-2,36,Walk,user9,2-2-2,9,-1,0.6458333333333334,0.09974982995694923,0.9516129032258065,0.7478985792315095,0.3623780661598158,0.8649386429926641,2.0,154.0,0.0,1.0,0.5
25d,train__c36__user9__2-2-2,36,Walk,user9,2-2-2,9,0,0.5370370370370371,0.1947628536475229,0.6379310344827587,0.20592254565461723,0.7379509599958395,0.6555043492343707,5.0,154.0,0.0,1.0,0.2
2d,train__c36__user9__2-3-1,36,Walk,user9,2-3-1,9,0,0.06481481481481481,0.11774769431705062,1.0,,,0.7314814814814815,,,,,
25d,train__c36__user9__2-3-1,36,Walk,user9,2-3-1,9,0,0.06481481481481481,0.16110372083526311,0.8571428571428571,,,0.6529100529100529,,,,,
2d,train__c36__user9__3-2-1,36,Walk,user9,3-2-1,8,-2,0.08333333333333333,0.1646337980610342,0.6666666666666666,,,0.5499999999999999,,,,,
25d,train__c36__user9__3-2-1,36,Walk,user9,3-2-1,8,-2,0.08333333333333333,0.19310413484960803,0.6666666666666666,,,0.5499999999999999,,,,,
2d,train__c36__user9__3-3-1,36,Walk,user9,3-3-1,23,0,0.9202898550724637,0.1229183235977926,0.937007874015748,0.6656180402457589,0.4235446625675097,0.8807109699330469,1.0,154.0,1.0,1.0,1.0
25d,train__c36__user9__3-3-1,36,Walk,user9,3-3-1,23,0,0.8695652173913043,0.40371201876967555,0.44166666666666665,0.47522821923011266,-0.08382069735439625,0.5461094580272285,3.0,154.0,0.0,1.0,0.3333333333333333
2d,train__c36__user9__3-3-2,36,Walk,user9,3-3-2,23,0,0.8913043478260869,0.16738334582158393,0.8211382113821138,0.6547617376658039,0.3042703938175335,0.8040529043456668,2.0,154.0,0.0,1.0,0.5
25d,train__c36__user9__3-3-2,36,Walk,user9,3-3-2,23,0,0.8840579710144928,0.5751743403986496,0.39344262295081966,0.365043018155125,0.2411979124336816,0.5343933849724387,1.0,154.0,1.0,1.0,1.0
2d,train__c36__user9__3-3-3,36,Walk,user9,3-3-3,16,0,0.890625,0.1716113657502549,0.8362573099415205,0.5421404473696358,0.15499362919052706,0.7898425873940894,1.0,154.0,1.0,1.0,1.0
25d,train__c36__user9__3-3-3,36,Walk,user9,3-3-3,16,0,0.8802083333333334,0.49786641580353713,0.40236686390532544,0.406239514843075,-0.07011596328365798,0.5196878627192956,1.0,154.0,1.0,1.0,1.0
2d,train__c36__user9__4-2-1,36,Walk,user9,4-2-1,14,-1,0.782051282051282,0.18763198960970204,0.7786885245901639,0.6359171099363994,0.4629612945932443,0.7797976248178518,1.0,154.0,1.0,1.0,1.0
25d,train__c36__user9__4-2-1,36,Walk,user9,4-2-1,14,-1,0.6538461538461539,0.3249571135064894,0.4803921568627451,0.7213788893141524,0.3726518325529851,0.6046870780320143,1.0,154.0,1.0,1.0,1.0
2d,train__c36__user9__4-2-2,36,Walk,user9,4-2-2,15,-1,0.8869047619047619,0.23106666265783524,0.5503355704697986,0.5586822229958408,0.2173589724050297,0.6385451851788267,1.0,154.0,1.0,1.0,1.0
25d,train__c36__user9__4-2-2,36,Walk,user9,4-2-2,15,1,0.6785714285714286,0.298853336397328,0.4649122807017544,0.4573229901969684,0.13608592227496033,0.5544976404334266,1.0,154.0,1.0,1.0,1.0
2d,train__c36__user9__4-2-3,36,Walk,user9,4-2-3,8,-1,0.6904761904761905,0.17723963348031663,0.7413793103448276,0.7118391343735815,0.09554711055285493,0.7301561864660965,2.0,154.0,0.0,1.0,0.5
25d,train__c36__user9__4-2-3,36,Walk,user9,4-2-3,8,2,0.5972222222222222,0.523088062053261,0.37209302325581395,0.7994526257404231,,0.5193186475869622,1.0,154.0,1.0,1.0,1.0
2d,train__c36__user9__4-3-1,36,Walk,user9,4-3-1,8,0,0.78125,0.10909164798276945,0.8933333333333333,0.21750415206122026,0.20604112343540013,0.7816618327971103,1.0,154.0,1.0,1.0,1.0
25d,train__c36__user9__4-3-1,36,Walk,user9,4-3-1,8,-2,0.5277777777777778,0.2938463799180326,0.6842105263157895,-0.05633387997808486,,0.5984601792536536,3.0,154.0,0.0,1.0,0.3333333333333333
2d,train__c36__user9__4-3-2,36,Walk,user9,4-3-2,10,-1,0.8055555555555556,0.1380015259896421,0.896551724137931,0.680776697564018,0.3410748054634779,0.8423172839975804,2.0,154.0,0.0,1.0,0.5
25d,train__c36__user9__4-3-2,36,Walk,user9,4-3-2,10,0,0.6916666666666667,0.223632112113586,0.6506024096385542,0.6334964346672999,0.5518789712303755,0.7067385582768797,7.0,154.0,0.0,0.0,0.14285714285714285
2d,train__c36__user9__5-3-3,36,Walk,user9,5-3-3,8,0,0.84375,0.12537414951432946,0.9012345679012346,0.7467816604813082,0.5606749313468876,0.8717827982448265,1.0,154.0,1.0,1.0,1.0
25d,train__c36__user9__5-3-3,36,Walk,user9,5-3-3,8,0,0.7604166666666666,0.3337845229458531,0.547945205479452,0.20496790057324016,0.4916743868516038,0.6097838987515596,1.0,154.0,1.0,1.0,1.0
2d,train__c37__user9__6-2-1,37,Take_medicine,user9,6-2-1,44,1,1.0,0.21646104450268702,0.6317829457364341,0.4179745469461105,0.12624524776814275,0.6737464684322605,1.0,154.0,1.0,1.0,1.0
25d,train__c37__user9__6-2-1,37,Take_medicine,user9,6-2-1,44,-2,1.0,0.5386831861343407,0.5337301587301587,0.4803304644784179,0.22417900304614202,0.6333980589778897,1.0,154.0,1.0,1.0,1.0
2d,train__c37__user9__6-2-2,37,Take_medicine,user9,6-2-2,29,0,1.0,0.22721133751170156,0.6839080459770115,0.8920934933167699,0.7037850998074558,0.7931426571045925,6.0,154.0,0.0,0.0,0.16666666666666666
25d,train__c37__user9__6-2-2,37,Take_medicine,user9,6-2-2,29,0,1.0,0.6103059076086857,0.6810344827586207,0.848187356132682,0.5963296952123939,0.7791124282714391,1.0,154.0,1.0,1.0,1.0
2d,train__c37__user9__6-2-3,37,Take_medicine,user9,6-2-3,35,-1,1.0,0.2381394444803211,0.6691176470588235,0.8521997393597419,0.4262140908190957,0.7602007366297593,7.0,154.0,0.0,0.0,0.14285714285714285
25d,train__c37__user9__6-2-3,37,Take_medicine,user9,6-2-3,35,-1,1.0,0.3987036531422647,0.6029411764705882,0.7983312002137484,0.3631430729432483,0.713686497550942,6.0,154.0,0.0,0.0,0.16666666666666666
2d,train__c37__user9__7-1-1,37,Take_medicine,user9,7-1-1,19,0,0.6666666666666666,0.18623633692606995,0.7105263157894737,0.8467371973041534,0.08249027878876078,0.7233166309904496,1.0,154.0,1.0,1.0,1.0
25d,train__c37__user9__7-1-1,37,Take_medicine,user9,7-1-1,19,-1,0.4074074074074074,0.548390597887484,0.4772727272727273,0.4779335818580179,0.22825077529122306,0.5431529070733843,1.0,154.0,1.0,1.0,1.0
2d,train__c37__user9__7-1-2,37,Take_medicine,user9,7-1-2,19,1,0.48148148148148145,0.1879831329793025,0.7115384615384616,0.5774247318960203,0.060941503150803183,0.6768073879202144,1.0,154.0,1.0,1.0,1.0
25d,train__c37__user9__7-1-2,37,Take_medicine,user9,7-1-2,19,0,0.39035087719298245,0.3375293561618893,0.48314606741573035,0.5194215335538833,0.17816506000716942,0.545069957653876,1.0,154.0,1.0,1.0,1.0
2d,train__c37__user9__7-1-3,37,Take_medicine,user9,7-1-3,35,0,0.5714285714285714,0.24497055891609715,0.6375,0.6739082027209411,0.2698726987152386,0.6703991298185942,3.0,154.0,0.0,1.0,0.3333333333333333
25d,train__c37__user9__7-1-3,37,Take_medicine,user9,7-1-3,35,-1,0.30392156862745096,0.4616584399641005,0.41935483870967744,0.30542721931402855,-0.037701053455322556,0.46375246107532136,7.0,154.0,0.0,0.0,0.14285714285714285
2d,train__c39__user9__6-2-1,39,Take_body_temperature,user9,6-2-1,10,1,1.0,0.2827797595007183,0.6944444444444444,-0.13584601221132053,0.4116969987272527,0.6742371181278564,1.0,154.0,1.0,1.0,1.0
25d,train__c39__user9__6-2-1,39,Take_body_temperature,user9,6-2-1,10,1,0.9907407407407407,1.319463478685722,0.514018691588785,-0.35195561819832955,0.45979745613642103,0.5560736018383045,7.0,154.0,0.0,0.0,0.14285714285714285
2d,train__c39__user9__6-2-3,39,Take_body_temperature,user9,6-2-3,10,0,1.0,0.26063282527704956,0.6,0.23834637008713233,0.2723124725152772,0.649258072447359,1.0,154.0,1.0,1.0,1.0
25d,train__c39__user9__6-2-3,39,Take_body_temperature,user9,6-2-3,10,-2,0.9895833333333334,1.184140112046319,0.3684210526315789,0.6300328223250792,0.2015364181387662,0.5547084258736171,7.0,154.0,0.0,0.0,0.14285714285714285
2d,train__c39__user9__7-1-1,39,Take_body_temperature,user9,7-1-1,16,0,0.6666666666666666,0.16322540620966558,0.65625,0.8365688271238887,0.5999302394666082,0.7312558173390512,2.0,154.0,0.0,1.0,0.5
25d,train__c39__user9__7-1-1,39,Take_body_temperature,user9,7-1-1,16,2,0.5892857142857143,0.20276289049742768,0.696969696969697,0.6198538329295655,0.4723584340833818,0.714674170611115,1.0,154.0,1.0,1.0,1.0
2d,train__c39__user9__7-1-2,39,Take_body_temperature,user9,7-1-2,20,0,0.6666666666666666,0.17658457709791384,0.6375,0.6767186017302955,0.12936043529608937,0.6696655594869029,2.0,154.0,0.0,1.0,0.5
25d,train__c39__user9__7-1-2,39,Take_body_temperature,user9,7-1-2,20,1,0.44298245614035087,0.27950297774424016,0.45544554455445546,0.5289460002361585,0.28851891527137424,0.5443268137879546,2.0,154.0,0.0,1.0,0.5
2d,train__c39__user9__7-1-3,39,Take_body_temperature,user9,7-1-3,12,0,0.6666666666666666,0.17132445806332716,0.6458333333333334,0.9539091933532872,0.4472525390783077,0.7258098597662018,4.0,154.0,0.0,1.0,0.25
25d,train__c39__user9__7-1-3,39,Take_body_temperature,user9,7-1-3,12,2,0.5916666666666667,0.20808130616877715,0.6197183098591549,0.3381326877893603,0.6629548833034539,0.658546622115897,2.0,154.0,0.0,1.0,0.5
