sample_id,user_id,fold,label,c1_prediction,d1_prediction,c1_correct,d1_correct,outcome
train__c00__user16__1-1-1,user16,1,0,0,26,True,False,c1_only
train__c00__user16__1-1-2,user16,1,0,0,17,True,False,c1_only
train__c00__user16__1-1-3,user16,1,0,0,0,True,True,both_correct
train__c00__user18__7-1-1,user18,0,0,0,15,True,False,c1_only
train__c00__user18__7-1-2,user18,0,0,0,0,True,True,both_correct
train__c00__user18__7-1-3,user18,0,0,0,33,True,False,c1_only
train__c00__user20__4-2-1,user20,0,0,0,0,True,True,both_correct
train__c00__user20__4-2-2,user20,0,0,0,0,True,True,both_correct
train__c00__user20__4-2-3,user20,0,0,0,0,True,True,both_correct
train__c00__user21__1-1-1,user21,0,0,6,7,False,False,both_wrong
train__c00__user21__1-1-2,user21,0,0,6,7,False,False,both_wrong
train__c00__user21__1-1-3,user21,0,0,6,34,False,False,both_wrong
train__c00__user21__4-2-1,user21,0,0,6,7,False,False,both_wrong
train__c00__user21__4-2-2,user21,0,0,6,7,False,False,both_wrong
train__c00__user21__4-2-3,user21,0,0,6,34,False,False,both_wrong
train__c00__user22__1-1-2,user22,2,0,0,0,True,True,both_correct
train__c00__user22__1-1-3,user22,2,0,0,34,True,False,c1_only
train__c00__user22__2-2-1,user22,2,0,0,17,True,False,c1_only
train__c00__user22__2-2-2,user22,2,0,0,0,True,True,both_correct
train__c00__user22__2-2-3,user22,2,0,0,32,True,False,c1_only
train__c00__user5__1-1-1,user5,2,0,0,33,True,False,c1_only
train__c00__user5__1-1-2,user5,2,0,0,33,True,False,c1_only
train__c00__user5__1-1-3,user5,2,0,0,33,True,False,c1_only
train__c00__user6__1-1-1,user6,2,0,0,0,True,True,both_correct
train__c00__user6__1-1-2,user6,2,0,0,0,True,True,both_correct
train__c00__user6__1-1-3,user6,2,0,0,0,True,True,both_correct
train__c00__user8__1-1-1,user8,1,0,4,36,False,False,both_wrong
train__c00__user8__1-1-2,user8,1,0,4,5,False,False,both_wrong
train__c00__user8__1-1-3,user8,1,0,4,36,False,False,both_wrong
train__c00__user8__7-1-1,user8,1,0,4,10,False,False,both_wrong
train__c00__user8__7-1-2,user8,1,0,24,6,False,False,both_wrong
train__c00__user8__7-1-3,user8,1,0,8,36,False,False,both_wrong
train__c01__user16__1-1-1,user16,1,1,1,9,True,False,c1_only
train__c01__user16__1-1-2,user16,1,1,1,9,True,False,c1_only
train__c01__user16__1-1-3,user16,1,1,1,9,True,False,c1_only
train__c01__user18__1-1-1,user18,0,1,7,7,False,False,both_wrong
train__c01__user18__1-1-2,user18,0,1,7,7,False,False,both_wrong
train__c01__user18__1-1-3,user18,0,1,7,7,False,False,both_wrong
train__c01__user18__7-1-1,user18,0,1,7,7,False,False,both_wrong
train__c01__user18__7-1-2,user18,0,1,7,7,False,False,both_wrong
train__c01__user18__7-1-3,user18,0,1,7,34,False,False,both_wrong
train__c01__user19__1-1-1,user19,2,1,2,7,False,False,both_wrong
train__c01__user19__1-1-2,user19,2,1,1,7,True,False,c1_only
train__c01__user19__1-1-3,user19,2,1,1,9,True,False,c1_only
train__c01__user20__4-2-1,user20,0,1,7,7,False,False,both_wrong
train__c01__user20__4-2-2,user20,0,1,6,36,False,False,both_wrong
train__c01__user20__4-2-3,user20,0,1,6,6,False,False,both_wrong
train__c01__user21__4-2-1,user21,0,1,8,7,False,False,both_wrong
train__c01__user21__4-2-2,user21,0,1,5,8,False,False,both_wrong
train__c01__user21__4-2-3,user21,0,1,7,34,False,False,both_wrong
train__c01__user22__1-1-2,user22,2,1,0,9,False,False,both_wrong
train__c01__user22__1-1-3,user22,2,1,0,9,False,False,both_wrong
train__c01__user22__2-2-1,user22,2,1,0,0,False,False,both_wrong
train__c01__user22__2-2-2,user22,2,1,0,34,False,False,both_wrong
train__c01__user22__2-2-3,user22,2,1,0,0,False,False,both_wrong
train__c01__user6__1-1-1,user6,2,1,8,0,False,False,both_wrong
train__c01__user6__1-1-2,user6,2,1,8,0,False,False,both_wrong
train__c01__user6__1-1-3,user6,2,1,0,0,False,False,both_wrong
train__c01__user7__1-1-1,user7,2,1,0,0,False,False,both_wrong
train__c01__user7__1-1-2,user7,2,1,0,9,False,False,both_wrong
train__c01__user7__1-1-3,user7,2,1,0,9,False,False,both_wrong
train__c01__user8__1-1-1,user8,1,1,7,7,False,False,both_wrong
train__c01__user8__1-1-2,user8,1,1,1,7,True,False,c1_only
train__c01__user8__1-1-3,user8,1,1,6,10,False,False,both_wrong
train__c01__user8__7-1-1,user8,1,1,10,10,False,False,both_wrong
train__c01__user8__7-1-2,user8,1,1,6,10,False,False,both_wrong
train__c01__user8__7-1-3,user8,1,1,1,10,True,False,c1_only
train__c01__user9__1-1-1,user9,0,1,8,9,False,False,both_wrong
train__c02__user16__2-2-1,user16,1,2,1,10,False,False,both_wrong
train__c02__user16__2-2-2,user16,1,2,6,10,False,False,both_wrong
train__c02__user16__2-2-3,user16,1,2,2,9,True,False,c1_only
train__c02__user18__7-1-1,user18,0,2,8,6,False,False,both_wrong
train__c02__user18__7-1-2,user18,0,2,31,36,False,False,both_wrong
train__c02__user18__7-1-3,user18,0,2,5,36,False,False,both_wrong
train__c02__user19__1-1-1,user19,2,2,2,7,True,False,c1_only
train__c02__user19__1-1-2,user19,2,2,2,2,True,True,both_correct
train__c02__user19__1-1-3,user19,2,2,2,2,True,True,both_correct
train__c02__user1__1-1-1,user1,1,2,23,23,False,False,both_wrong
train__c02__user1__1-1-2,user1,1,2,23,23,False,False,both_wrong
train__c02__user1__1-1-3,user1,1,2,5,36,False,False,both_wrong
train__c02__user20__1-1-1,user20,0,2,6,6,False,False,both_wrong
train__c02__user20__1-1-2,user20,0,2,31,36,False,False,both_wrong
train__c02__user20__1-1-3,user20,0,2,6,6,False,False,both_wrong
train__c02__user20__4-2-1,user20,0,2,6,36,False,False,both_wrong
train__c02__user20__4-2-2,user20,0,2,31,36,False,False,both_wrong
train__c02__user20__4-2-3,user20,0,2,6,6,False,False,both_wrong
train__c02__user21__4-2-1,user21,0,2,7,7,False,False,both_wrong
train__c02__user21__4-2-2,user21,0,2,8,7,False,False,both_wrong
train__c02__user21__4-2-3,user21,0,2,8,7,False,False,both_wrong
train__c02__user22__1-2-1,user22,2,2,7,11,False,False,both_wrong
train__c02__user22__1-2-2,user22,2,2,23,22,False,False,both_wrong
train__c02__user22__1-2-3,user22,2,2,20,34,False,False,both_wrong
train__c02__user22__2-2-1,user22,2,2,6,2,False,True,d1_only
train__c02__user22__2-2-2,user22,2,2,7,4,False,False,both_wrong
train__c02__user22__2-2-3,user22,2,2,7,8,False,False,both_wrong
train__c02__user3__1-2-1,user3,0,2,6,34,False,False,both_wrong
train__c02__user3__1-2-3,user3,0,2,6,8,False,False,both_wrong
train__c02__user5__1-1-1,user5,2,2,7,12,False,False,both_wrong
train__c02__user5__1-1-2,user5,2,2,7,9,False,False,both_wrong
train__c02__user5__1-1-3,user5,2,2,7,31,False,False,both_wrong
train__c02__user5__7-1-1,user5,2,2,23,17,False,False,both_wrong
train__c02__user5__7-1-2,user5,2,2,23,13,False,False,both_wrong
train__c02__user5__7-1-3,user5,2,2,23,17,False,False,both_wrong
train__c02__user6__2-2-1,user6,2,2,1,4,False,False,both_wrong
train__c02__user6__2-2-2,user6,2,2,0,10,False,False,both_wrong
train__c02__user7__1-1-1,user7,2,2,7,7,False,False,both_wrong
train__c02__user7__1-1-2,user7,2,2,2,36,True,False,c1_only
train__c02__user7__1-1-3,user7,2,2,6,5,False,False,both_wrong
train__c02__user8__7-1-2,user8,1,2,2,36,True,False,c1_only
train__c02__user8__7-1-3,user8,1,2,6,7,False,False,both_wrong
train__c02__user9__1-1-1,user9,0,2,8,10,False,False,both_wrong
train__c02__user9__1-1-2,user9,0,2,6,36,False,False,both_wrong
train__c02__user9__1-1-3,user9,0,2,8,8,False,False,both_wrong
train__c03__user18__6-1-1,user18,0,3,36,5,False,False,both_wrong
train__c03__user18__6-1-2,user18,0,3,36,34,False,False,both_wrong
train__c03__user18__6-1-3,user18,0,3,36,36,False,False,both_wrong
train__c03__user18__7-1-1,user18,0,3,31,36,False,False,both_wrong
train__c03__user18__7-1-2,user18,0,3,31,34,False,False,both_wrong
train__c03__user18__7-1-3,user18,0,3,31,36,False,False,both_wrong
train__c03__user19__3-1-1,user19,2,3,21,20,False,False,both_wrong
train__c03__user19__3-1-2,user19,2,3,31,20,False,False,both_wrong
train__c03__user19__3-1-3,user19,2,3,3,36,True,False,c1_only
train__c03__user22__6-1-1,user22,2,3,3,8,True,False,c1_only
train__c03__user22__6-1-2,user22,2,3,36,34,False,False,both_wrong
train__c03__user22__6-1-3,user22,2,3,36,36,False,False,both_wrong
train__c03__user22__7-2-1,user22,2,3,12,31,False,False,both_wrong
train__c03__user22__7-2-2,user22,2,3,12,31,False,False,both_wrong
train__c03__user22__7-2-3,user22,2,3,12,36,False,False,both_wrong
train__c03__user7__5-1-1,user7,2,3,20,20,False,False,both_wrong
train__c03__user7__5-1-2,user7,2,3,28,33,False,False,both_wrong
train__c03__user7__5-1-3,user7,2,3,20,29,False,False,both_wrong
train__c03__user7__6-1-1,user7,2,3,28,36,False,False,both_wrong
train__c03__user7__6-1-2,user7,2,3,36,36,False,False,both_wrong
train__c03__user7__6-1-3,user7,2,3,36,36,False,False,both_wrong
train__c03__user8__6-1-1,user8,1,3,36,5,False,False,both_wrong
train__c03__user8__6-1-2,user8,1,3,36,36,False,False,both_wrong
train__c03__user8__6-1-3,user8,1,3,36,20,False,False,both_wrong
train__c03__user8__7-1-1,user8,1,3,36,36,False,False,both_wrong
train__c03__user8__7-1-2,user8,1,3,36,36,False,False,both_wrong
train__c03__user8__7-1-3,user8,1,3,5,36,False,False,both_wrong
train__c03__user9__3-1-1,user9,0,3,33,21,False,False,both_wrong
train__c03__user9__3-1-2,user9,0,3,33,21,False,False,both_wrong
train__c03__user9__3-1-3,user9,0,3,33,33,False,False,both_wrong
train__c04__user16__2-2-1,user16,1,4,4,9,True,False,c1_only
train__c04__user16__2-2-2,user16,1,4,11,10,False,False,both_wrong
train__c04__user16__2-2-3,user16,1,4,4,9,True,False,c1_only
train__c04__user18__1-1-1,user18,0,4,11,7,False,False,both_wrong
train__c04__user18__1-1-2,user18,0,4,9,7,False,False,both_wrong
train__c04__user18__1-1-3,user18,0,4,8,6,False,False,both_wrong
train__c04__user18__7-1-1,user18,0,4,9,7,False,False,both_wrong
train__c04__user18__7-1-2,user18,0,4,11,7,False,False,both_wrong
train__c04__user18__7-1-3,user18,0,4,11,7,False,False,both_wrong
train__c04__user19__1-1-1,user19,2,4,4,9,True,False,c1_only
train__c04__user19__1-1-2,user19,2,4,4,8,True,False,c1_only
train__c04__user19__1-1-3,user19,2,4,4,9,True,False,c1_only
train__c04__user19__5-2-1,user19,2,4,9,7,False,False,both_wrong
train__c04__user19__5-2-2,user19,2,4,9,7,False,False,both_wrong
train__c04__user19__5-2-3,user19,2,4,9,9,False,False,both_wrong
train__c04__user1__1-1-1,user1,1,4,7,23,False,False,both_wrong
train__c04__user20__6-2-1,user20,0,4,9,6,False,False,both_wrong
train__c04__user20__6-2-2,user20,0,4,9,7,False,False,both_wrong
train__c04__user20__6-2-3,user20,0,4,9,11,False,False,both_wrong
train__c04__user21__1-1-1,user21,0,4,9,9,False,False,both_wrong
train__c04__user21__1-1-2,user21,0,4,9,7,False,False,both_wrong
train__c04__user21__1-1-3,user21,0,4,9,8,False,False,both_wrong
train__c04__user21__7-2-1,user21,0,4,9,7,False,False,both_wrong
train__c04__user21__7-2-2,user21,0,4,9,6,False,False,both_wrong
train__c04__user21__7-2-3,user21,0,4,9,7,False,False,both_wrong
train__c04__user22__1-1-2,user22,2,4,4,17,True,False,c1_only
train__c04__user22__1-1-3,user22,2,4,4,10,True,False,c1_only
train__c04__user22__6-2-1,user22,2,4,28,6,False,False,both_wrong
train__c04__user22__6-2-2,user22,2,4,28,6,False,False,both_wrong
train__c04__user22__6-2-3,user22,2,4,28,32,False,False,both_wrong
train__c04__user2__2-2-1,user2,1,4,10,17,False,False,both_wrong
train__c04__user2__2-2-2,user2,1,4,10,17,False,False,both_wrong
train__c04__user2__2-2-3,user2,1,4,10,34,False,False,both_wrong
train__c04__user2__7-3-3,user2,1,4,38,31,False,False,both_wrong
train__c04__user6__2-2-1,user6,2,4,9,9,False,False,both_wrong
train__c04__user6__2-2-2,user6,2,4,9,9,False,False,both_wrong
train__c04__user6__2-2-3,user6,2,4,8,9,False,False,both_wrong
train__c04__user7__1-1-1,user7,2,4,9,9,False,False,both_wrong
train__c04__user7__1-1-2,user7,2,4,8,8,False,False,both_wrong
train__c04__user7__1-1-3,user7,2,4,9,36,False,False,both_wrong
train__c04__user7__7-2-1,user7,2,4,9,4,False,True,d1_only
train__c04__user7__7-2-2,user7,2,4,8,2,False,False,both_wrong
train__c04__user7__7-2-3,user7,2,4,36,36,False,False,both_wrong
train__c04__user8__1-1-1,user8,1,4,4,36,True,False,c1_only
train__c04__user8__1-1-2,user8,1,4,4,5,True,False,c1_only
train__c04__user8__1-1-3,user8,1,4,4,36,True,False,c1_only
train__c04__user8__7-1-1,user8,1,4,4,10,True,False,c1_only
train__c04__user8__7-1-2,user8,1,4,24,5,False,False,both_wrong
train__c04__user8__7-1-3,user8,1,4,8,36,False,False,both_wrong
train__c04__user9__1-1-1,user9,0,4,8,8,False,False,both_wrong
train__c04__user9__1-1-2,user9,0,4,8,8,False,False,both_wrong
train__c04__user9__1-1-3,user9,0,4,8,8,False,False,both_wrong
train__c04__user9__5-2-1,user9,0,4,10,8,False,False,both_wrong
train__c04__user9__5-2-2,user9,0,4,10,8,False,False,both_wrong
train__c04__user9__5-2-3,user9,0,4,10,36,False,False,both_wrong
train__c05__user18__6-1-1,user18,0,5,5,5,True,True,both_correct
train__c05__user18__6-1-2,user18,0,5,31,31,False,False,both_wrong
train__c05__user18__6-1-3,user18,0,5,15,36,False,False,both_wrong
train__c05__user18__7-1-1,user18,0,5,31,5,False,True,d1_only
train__c05__user18__7-1-2,user18,0,5,31,31,False,False,both_wrong
train__c05__user18__7-1-3,user18,0,5,31,31,False,False,both_wrong
train__c05__user19__1-1-1,user19,2,5,5,5,True,True,both_correct
train__c05__user19__1-1-2,user19,2,5,5,5,True,True,both_correct
train__c05__user19__1-1-3,user19,2,5,5,5,True,True,both_correct
train__c05__user1__1-1-1,user1,1,5,31,31,False,False,both_wrong
train__c05__user1__1-1-2,user1,1,5,31,31,False,False,both_wrong
train__c05__user1__1-1-3,user1,1,5,31,36,False,False,both_wrong
train__c05__user21__6-1-1,user21,0,5,5,5,True,True,both_correct
train__c05__user21__6-1-2,user21,0,5,31,31,False,False,both_wrong
train__c05__user21__6-1-3,user21,0,5,36,6,False,False,both_wrong
train__c05__user22__2-2-1,user22,2,5,5,5,True,True,both_correct
train__c05__user22__2-2-2,user22,2,5,2,31,False,False,both_wrong
train__c05__user22__2-2-3,user22,2,5,5,5,True,True,both_correct
train__c05__user22__6-1-1,user22,2,5,31,5,False,True,d1_only
train__c05__user22__6-1-2,user22,2,5,5,5,True,True,both_correct
train__c05__user22__6-1-3,user22,2,5,5,5,True,True,both_correct
train__c05__user22__7-2-1,user22,2,5,31,31,False,False,both_wrong
train__c05__user22__7-2-2,user22,2,5,31,31,False,False,both_wrong
train__c05__user22__7-2-3,user22,2,5,31,31,False,False,both_wrong
train__c05__user3__1-1-1,user3,0,5,6,12,False,False,both_wrong
train__c05__user3__1-1-2,user3,0,5,31,12,False,False,both_wrong
train__c05__user3__1-1-3,user3,0,5,31,31,False,False,both_wrong
train__c05__user7__1-1-1,user7,2,5,5,5,True,True,both_correct
train__c05__user7__1-1-2,user7,2,5,5,5,True,True,both_correct
train__c05__user7__1-1-3,user7,2,5,5,5,True,True,both_correct
train__c05__user7__6-1-1,user7,2,5,31,31,False,False,both_wrong
train__c05__user7__6-1-2,user7,2,5,28,31,False,False,both_wrong
train__c05__user7__6-1-3,user7,2,5,31,30,False,False,both_wrong
train__c05__user8__6-1-1,user8,1,5,5,23,True,False,c1_only
train__c05__user8__6-1-2,user8,1,5,5,31,True,False,c1_only
train__c05__user8__6-1-3,user8,1,5,5,31,True,False,c1_only
train__c05__user8__7-1-1,user8,1,5,5,6,True,False,c1_only
train__c05__user8__7-1-2,user8,1,5,5,5,True,True,both_correct
train__c05__user8__7-1-3,user8,1,5,31,36,False,False,both_wrong
train__c05__user9__1-1-1,user9,0,5,6,5,False,True,d1_only
train__c05__user9__1-1-2,user9,0,5,6,5,False,True,d1_only
train__c05__user9__1-1-3,user9,0,5,5,5,True,True,both_correct
train__c06__user16__1-2-1,user16,1,6,7,10,False,False,both_wrong
train__c06__user16__1-2-2,user16,1,6,7,10,False,False,both_wrong
train__c06__user16__1-2-3,user16,1,6,6,7,True,False,c1_only
train__c06__user16__3-2-1,user16,1,6,39,10,False,False,both_wrong
train__c06__user16__3-2-2,user16,1,6,7,7,False,False,both_wrong
train__c06__user16__3-2-3,user16,1,6,39,9,False,False,both_wrong
train__c06__user16__5-3-1,user16,1,6,10,6,False,True,d1_only
train__c06__user16__5-3-2,user16,1,6,19,9,False,False,both_wrong
train__c06__user16__5-3-3,user16,1,6,19,17,False,False,both_wrong
train__c06__user16__6-2-1,user16,1,6,6,7,True,False,c1_only
train__c06__user16__6-2-2,user16,1,6,38,7,False,False,both_wrong
train__c06__user16__6-2-3,user16,1,6,6,7,True,False,c1_only
train__c06__user18__6-2-1,user18,0,6,7,7,False,False,both_wrong
train__c06__user18__6-2-3,user18,0,6,7,20,False,False,both_wrong
train__c06__user19__3-2-1,user19,2,6,20,7,False,False,both_wrong
train__c06__user19__3-2-2,user19,2,6,20,7,False,False,both_wrong
train__c06__user19__3-2-3,user19,2,6,20,10,False,False,both_wrong
train__c06__user19__7-2-1,user19,2,6,31,10,False,False,both_wrong
train__c06__user19__7-2-2,user19,2,6,31,10,False,False,both_wrong
train__c06__user19__7-2-3,user19,2,6,31,10,False,False,both_wrong
train__c06__user1__4-1-1,user1,1,6,6,9,True,False,c1_only
train__c06__user1__4-1-2,user1,1,6,6,9,True,False,c1_only
train__c06__user1__4-1-3,user1,1,6,23,34,False,False,both_wrong
train__c06__user1__5-1-1,user1,1,6,23,17,False,False,both_wrong
train__c06__user1__5-1-2,user1,1,6,6,9,True,False,c1_only
train__c06__user1__5-1-3,user1,1,6,23,34,False,False,both_wrong
train__c06__user20__2-1-1,user20,0,6,6,6,True,True,both_correct
train__c06__user20__2-1-2,user20,0,6,9,9,False,False,both_wrong
train__c06__user20__2-1-3,user20,0,6,9,6,False,True,d1_only
train__c06__user20__4-1-1,user20,0,6,7,7,False,False,both_wrong
train__c06__user20__4-1-2,user20,0,6,7,7,False,False,both_wrong
train__c06__user20__4-1-3,user20,0,6,7,7,False,False,both_wrong
train__c06__user21__6-2-1,user21,0,6,7,7,False,False,both_wrong
train__c06__user21__6-2-2,user21,0,6,7,7,False,False,both_wrong
train__c06__user21__6-2-3,user21,0,6,7,34,False,False,both_wrong
train__c06__user21__7-1-1,user21,0,6,6,6,True,True,both_correct
train__c06__user21__7-1-2,user21,0,6,6,6,True,True,both_correct
train__c06__user21__7-1-3,user21,0,6,6,6,True,True,both_correct
train__c06__user22__2-1-1,user22,2,6,6,7,True,False,c1_only
train__c06__user22__2-1-2,user22,2,6,6,7,True,False,c1_only
train__c06__user22__2-1-3,user22,2,6,37,12,False,False,both_wrong
train__c06__user22__4-3-1,user22,2,6,20,10,False,False,both_wrong
train__c06__user22__4-3-2,user22,2,6,23,20,False,False,both_wrong
train__c06__user22__4-3-3,user22,2,6,23,10,False,False,both_wrong
train__c06__user22__6-2-1,user22,2,6,23,22,False,False,both_wrong
train__c06__user22__6-2-2,user22,2,6,23,22,False,False,both_wrong
train__c06__user22__6-2-3,user22,2,6,23,11,False,False,both_wrong
train__c06__user2__1-2-1,user2,1,6,7,10,False,False,both_wrong
train__c06__user2__1-2-2,user2,1,6,6,6,True,True,both_correct
train__c06__user2__1-2-3,user2,1,6,6,8,True,False,c1_only
train__c06__user2__2-1-1,user2,1,6,6,6,True,True,both_correct
train__c06__user2__2-1-2,user2,1,6,2,8,False,False,both_wrong
train__c06__user2__2-1-3,user2,1,6,7,8,False,False,both_wrong
train__c06__user2__2-2-1,user2,1,6,6,17,True,False,c1_only
train__c06__user2__2-2-2,user2,1,6,6,17,True,False,c1_only
train__c06__user2__2-2-3,user2,1,6,6,6,True,True,both_correct
train__c06__user2__4-2-1,user2,1,6,6,10,True,False,c1_only
train__c06__user2__4-2-2,user2,1,6,6,10,True,False,c1_only
train__c06__user2__4-2-3,user2,1,6,6,7,True,False,c1_only
train__c06__user3__1-2-1,user3,0,6,6,7,True,False,c1_only
train__c06__user3__1-2-2,user3,0,6,6,6,True,True,both_correct
train__c06__user3__1-2-3,user3,0,6,7,6,False,True,d1_only
train__c06__user3__4-1-1,user3,0,6,6,20,True,False,c1_only
train__c06__user3__4-1-2,user3,0,6,7,7,False,False,both_wrong
train__c06__user3__4-1-3,user3,0,6,7,7,False,False,both_wrong
train__c06__user3__5-1-1,user3,0,6,7,7,False,False,both_wrong
train__c06__user3__5-1-2,user3,0,6,7,7,False,False,both_wrong
train__c06__user3__5-1-3,user3,0,6,6,6,True,True,both_correct
train__c06__user5__1-2-1,user5,2,6,6,9,True,False,c1_only
train__c06__user5__1-2-2,user5,2,6,6,7,True,False,c1_only
train__c06__user5__1-2-3,user5,2,6,6,7,True,False,c1_only
train__c06__user5__2-1-1,user5,2,6,8,17,False,False,both_wrong
train__c06__user5__2-1-2,user5,2,6,20,17,False,False,both_wrong
train__c06__user5__2-1-3,user5,2,6,6,22,True,False,c1_only
train__c06__user5__3-2-1,user5,2,6,6,7,True,False,c1_only
train__c06__user5__3-2-2,user5,2,6,6,8,True,False,c1_only
train__c06__user5__3-2-3,user5,2,6,6,7,True,False,c1_only
train__c06__user5__6-2-1,user5,2,6,6,7,True,False,c1_only
train__c06__user5__6-2-2,user5,2,6,6,7,True,False,c1_only
train__c06__user5__6-2-3,user5,2,6,6,7,True,False,c1_only
train__c06__user5__7-2-1,user5,2,6,6,9,True,False,c1_only
train__c06__user5__7-2-2,user5,2,6,37,7,False,False,both_wrong
train__c06__user5__7-2-3,user5,2,6,0,9,False,False,both_wrong
train__c06__user6__1-2-1,user6,2,6,38,9,False,False,both_wrong
train__c06__user6__1-2-2,user6,2,6,6,10,True,False,c1_only
train__c06__user6__1-2-3,user6,2,6,2,4,False,False,both_wrong
train__c06__user6__3-2-1,user6,2,6,6,6,True,True,both_correct
train__c06__user6__3-2-2,user6,2,6,6,10,True,False,c1_only
train__c06__user6__3-2-3,user6,2,6,37,4,False,False,both_wrong
train__c06__user6__5-3-1,user6,2,6,29,10,False,False,both_wrong
train__c06__user6__5-3-2,user6,2,6,29,10,False,False,both_wrong
train__c06__user6__5-3-3,user6,2,6,15,21,False,False,both_wrong
train__c06__user6__6-2-1,user6,2,6,6,9,True,False,c1_only
train__c06__user6__6-2-2,user6,2,6,37,4,False,False,both_wrong
train__c06__user6__6-2-3,user6,2,6,37,9,False,False,both_wrong
train__c06__user7__5-2-1,user7,2,6,6,6,True,True,both_correct
train__c06__user7__5-2-2,user7,2,6,6,10,True,False,c1_only
train__c06__user7__5-2-3,user7,2,6,6,7,True,False,c1_only
train__c06__user8__6-2-1,user8,1,6,4,6,False,True,d1_only
train__c06__user8__6-2-2,user8,1,6,37,23,False,False,both_wrong
train__c06__user8__6-2-3,user8,1,6,4,7,False,False,both_wrong
train__c06__user9__3-2-1,user9,0,6,6,10,True,False,c1_only
train__c06__user9__3-2-2,user9,0,6,6,10,True,False,c1_only
train__c06__user9__3-2-3,user9,0,6,6,10,True,False,c1_only
train__c06__user9__7-2-1,user9,0,6,6,10,True,False,c1_only
train__c06__user9__7-2-2,user9,0,6,6,10,True,False,c1_only
train__c06__user9__7-2-3,user9,0,6,6,10,True,False,c1_only
train__c07__user16__1-2-1,user16,1,7,7,9,True,False,c1_only
train__c07__user16__1-2-2,user16,1,7,7,9,True,False,c1_only
train__c07__user16__1-2-3,user16,1,7,7,10,True,False,c1_only
train__c07__user16__5-2-1,user16,1,7,7,9,True,False,c1_only
train__c07__user16__5-2-2,user16,1,7,7,9,True,False,c1_only
train__c07__user16__5-2-3,user16,1,7,7,9,True,False,c1_only
train__c07__user16__6-2-1,user16,1,7,7,10,True,False,c1_only
train__c07__user16__6-2-2,user16,1,7,7,7,True,True,both_correct
train__c07__user16__6-2-3,user16,1,7,7,6,True,False,c1_only
train__c07__user16__7-2-1,user16,1,7,7,9,True,False,c1_only
train__c07__user16__7-2-2,user16,1,7,7,10,True,False,c1_only
train__c07__user16__7-2-3,user16,1,7,7,10,True,False,c1_only
train__c07__user18__7-2-1,user18,0,7,7,7,True,True,both_correct
train__c07__user18__7-2-2,user18,0,7,7,6,True,False,c1_only
train__c07__user18__7-2-3,user18,0,7,7,6,True,False,c1_only
train__c07__user19__7-2-1,user19,2,7,7,10,True,False,c1_only
train__c07__user19__7-2-2,user19,2,7,7,10,True,False,c1_only
train__c07__user19__7-2-3,user19,2,7,10,10,False,False,both_wrong
train__c07__user1__1-2-1,user1,1,7,7,9,True,False,c1_only
train__c07__user1__1-2-2,user1,1,7,7,9,True,False,c1_only
train__c07__user1__3-1-1,user1,1,7,6,10,False,False,both_wrong
train__c07__user1__3-1-2,user1,1,7,6,9,False,False,both_wrong
train__c07__user1__3-1-3,user1,1,7,6,9,False,False,both_wrong
train__c07__user1__4-1-1,user1,1,7,6,9,False,False,both_wrong
train__c07__user1__4-1-2,user1,1,7,6,9,False,False,both_wrong
train__c07__user1__4-1-3,user1,1,7,6,17,False,False,both_wrong
train__c07__user1__6-1-1,user1,1,7,6,10,False,False,both_wrong
train__c07__user1__6-1-2,user1,1,7,7,10,True,False,c1_only
train__c07__user1__6-1-3,user1,1,7,7,9,True,False,c1_only
train__c07__user20__2-1-1,user20,0,7,6,9,False,False,both_wrong
train__c07__user20__2-1-2,user20,0,7,6,6,False,False,both_wrong
train__c07__user20__2-1-3,user20,0,7,6,6,False,False,both_wrong
train__c07__user20__3-1-1,user20,0,7,6,7,False,True,d1_only
train__c07__user20__3-1-2,user20,0,7,6,7,False,True,d1_only
train__c07__user20__3-1-3,user20,0,7,6,6,False,False,both_wrong
train__c07__user20__7-1-1,user20,0,7,7,7,True,True,both_correct
train__c07__user20__7-1-2,user20,0,7,7,6,True,False,c1_only
train__c07__user20__7-1-3,user20,0,7,7,6,True,False,c1_only
train__c07__user21__7-1-1,user21,0,7,9,34,False,False,both_wrong
train__c07__user21__7-1-2,user21,0,7,6,7,False,True,d1_only
train__c07__user21__7-1-3,user21,0,7,6,6,False,False,both_wrong
train__c07__user22__3-1-1,user22,2,7,37,7,False,True,d1_only
train__c07__user22__3-1-2,user22,2,7,37,7,False,True,d1_only
train__c07__user22__3-3-1,user22,2,7,7,7,True,True,both_correct
train__c07__user22__3-3-2,user22,2,7,7,7,True,True,both_correct
train__c07__user22__3-3-3,user22,2,7,7,9,True,False,c1_only
train__c07__user22__4-3-1,user22,2,7,6,10,False,False,both_wrong
train__c07__user22__4-3-2,user22,2,7,23,7,False,True,d1_only
train__c07__user22__4-3-3,user22,2,7,23,20,False,False,both_wrong
train__c07__user22__6-2-1,user22,2,7,23,24,False,False,both_wrong
train__c07__user22__6-2-2,user22,2,7,19,22,False,False,both_wrong
train__c07__user22__6-2-3,user22,2,7,23,9,False,False,both_wrong
train__c07__user2__1-2-1,user2,1,7,8,10,False,False,both_wrong
train__c07__user2__1-2-2,user2,1,7,8,10,False,False,both_wrong
train__c07__user2__1-2-3,user2,1,7,7,7,True,True,both_correct
train__c07__user2__2-1-1,user2,1,7,11,10,False,False,both_wrong
train__c07__user2__2-1-2,user2,1,7,10,7,False,True,d1_only
train__c07__user2__2-1-3,user2,1,7,11,7,False,True,d1_only
train__c07__user2__2-2-1,user2,1,7,23,9,False,False,both_wrong
train__c07__user2__2-2-2,user2,1,7,6,9,False,False,both_wrong
train__c07__user2__2-2-3,user2,1,7,6,9,False,False,both_wrong
train__c07__user2__4-2-1,user2,1,7,7,10,True,False,c1_only
train__c07__user2__4-2-2,user2,1,7,9,7,False,True,d1_only
train__c07__user2__4-2-3,user2,1,7,1,7,False,True,d1_only
train__c07__user2__7-2-1,user2,1,7,11,10,False,False,both_wrong
train__c07__user2__7-2-2,user2,1,7,7,7,True,True,both_correct
train__c07__user2__7-2-3,user2,1,7,7,7,True,True,both_correct
train__c07__user3__4-1-1,user3,0,7,7,7,True,True,both_correct
train__c07__user3__4-1-2,user3,0,7,7,7,True,True,both_correct
train__c07__user3__4-1-3,user3,0,7,7,17,True,False,c1_only
train__c07__user3__5-2-1,user3,0,7,7,7,True,True,both_correct
train__c07__user3__5-2-2,user3,0,7,7,7,True,True,both_correct
train__c07__user3__5-2-3,user3,0,7,7,7,True,True,both_correct
train__c07__user3__6-1-1,user3,0,7,7,7,True,True,both_correct
train__c07__user3__6-1-2,user3,0,7,7,7,True,True,both_correct
train__c07__user3__6-1-3,user3,0,7,6,36,False,False,both_wrong
train__c07__user3__7-1-1,user3,0,7,7,7,True,True,both_correct
train__c07__user3__7-1-2,user3,0,7,7,7,True,True,both_correct
train__c07__user3__7-1-3,user3,0,7,7,7,True,True,both_correct
train__c07__user5__1-2-1,user5,2,7,7,9,True,False,c1_only
train__c07__user5__1-2-2,user5,2,7,7,9,True,False,c1_only
train__c07__user5__1-2-3,user5,2,7,6,7,False,True,d1_only
train__c07__user5__2-1-1,user5,2,7,17,17,False,False,both_wrong
train__c07__user5__2-1-2,user5,2,7,17,17,False,False,both_wrong
train__c07__user5__2-1-3,user5,2,7,17,17,False,False,both_wrong
train__c07__user5__3-2-1,user5,2,7,7,7,True,True,both_correct
train__c07__user5__3-2-2,user5,2,7,7,7,True,True,both_correct
train__c07__user5__3-2-3,user5,2,7,7,9,True,False,c1_only
train__c07__user5__6-2-1,user5,2,7,7,7,True,True,both_correct
train__c07__user5__6-2-2,user5,2,7,7,7,True,True,both_correct
train__c07__user5__6-2-3,user5,2,7,7,7,True,True,both_correct
train__c07__user6__1-2-1,user6,2,7,11,9,False,False,both_wrong
train__c07__user6__1-2-2,user6,2,7,11,7,False,True,d1_only
train__c07__user6__1-2-3,user6,2,7,1,4,False,False,both_wrong
train__c07__user6__5-2-1,user6,2,7,7,6,True,False,c1_only
train__c07__user6__5-2-2,user6,2,7,7,6,True,False,c1_only
train__c07__user6__5-2-3,user6,2,7,7,9,True,False,c1_only
train__c07__user6__6-2-1,user6,2,7,1,2,False,False,both_wrong
train__c07__user6__6-2-3,user6,2,7,2,4,False,False,both_wrong
train__c07__user6__7-2-1,user6,2,7,8,1,False,False,both_wrong
train__c07__user6__7-2-2,user6,2,7,2,1,False,False,both_wrong
train__c07__user6__7-2-3,user6,2,7,8,4,False,False,both_wrong
train__c07__user7__1-2-1,user7,2,7,20,20,False,False,both_wrong
train__c07__user7__1-2-2,user7,2,7,23,34,False,False,both_wrong
train__c07__user7__1-2-3,user7,2,7,19,20,False,False,both_wrong
train__c07__user7__2-2-1,user7,2,7,26,17,False,False,both_wrong
train__c07__user7__2-2-2,user7,2,7,19,17,False,False,both_wrong
train__c07__user7__2-2-3,user7,2,7,26,20,False,False,both_wrong
train__c07__user7__3-2-1,user7,2,7,7,7,True,True,both_correct
train__c07__user7__3-2-2,user7,2,7,7,7,True,True,both_correct
train__c07__user7__3-2-3,user7,2,7,8,8,False,False,both_wrong
train__c07__user7__5-3-1,user7,2,7,17,10,False,False,both_wrong
train__c07__user7__5-3-2,user7,2,7,19,34,False,False,both_wrong
train__c07__user7__5-3-3,user7,2,7,11,20,False,False,both_wrong
train__c07__user7__7-2-1,user7,2,7,6,7,False,True,d1_only
train__c07__user7__7-2-2,user7,2,7,7,6,True,False,c1_only
train__c07__user8__7-2-1,user8,1,7,6,10,False,False,both_wrong
train__c07__user8__7-2-2,user8,1,7,6,8,False,False,both_wrong
train__c07__user8__7-2-3,user8,1,7,6,36,False,False,both_wrong
train__c07__user9__7-2-1,user9,0,7,7,10,True,False,c1_only
train__c07__user9__7-2-2,user9,0,7,10,36,False,False,both_wrong
train__c07__user9__7-2-3,user9,0,7,10,10,False,False,both_wrong
train__c08__user16__6-2-1,user16,1,8,10,9,False,False,both_wrong
train__c08__user16__6-2-2,user16,1,8,10,9,False,False,both_wrong
train__c08__user16__6-2-3,user16,1,8,9,9,False,False,both_wrong
train__c08__user19__7-2-1,user19,2,8,9,8,False,True,d1_only
train__c08__user19__7-2-2,user19,2,8,9,8,False,True,d1_only
train__c08__user19__7-2-3,user19,2,8,11,7,False,False,both_wrong
train__c08__user1__1-2-1,user1,1,8,4,7,False,False,both_wrong
train__c08__user1__1-2-2,user1,1,8,4,9,False,False,both_wrong
train__c08__user1__2-1-1,user1,1,8,9,9,False,False,both_wrong
train__c08__user1__2-1-2,user1,1,8,8,8,True,True,both_correct
train__c08__user1__2-1-3,user1,1,8,9,9,False,False,both_wrong
train__c08__user1__4-1-1,user1,1,8,11,9,False,False,both_wrong
train__c08__user1__4-1-2,user1,1,8,11,9,False,False,both_wrong
train__c08__user1__5-1-1,user1,1,8,34,36,False,False,both_wrong
train__c08__user1__5-1-2,user1,1,8,17,36,False,False,both_wrong
train__c08__user1__5-1-3,user1,1,8,18,36,False,False,both_wrong
train__c08__user20__2-1-1,user20,0,8,6,6,False,False,both_wrong
train__c08__user20__2-1-2,user20,0,8,6,6,False,False,both_wrong
train__c08__user20__2-1-3,user20,0,8,6,7,False,False,both_wrong
train__c08__user21__2-1-1,user21,0,8,6,23,False,False,both_wrong
train__c08__user21__2-1-2,user21,0,8,6,23,False,False,both_wrong
train__c08__user21__2-1-3,user21,0,8,6,36,False,False,both_wrong
train__c08__user21__3-1-1,user21,0,8,36,7,False,False,both_wrong
train__c08__user21__7-1-1,user21,0,8,9,9,False,False,both_wrong
train__c08__user21__7-1-2,user21,0,8,9,9,False,False,both_wrong
train__c08__user21__7-1-3,user21,0,8,9,7,False,False,both_wrong
train__c08__user22__2-1-1,user22,2,8,8,9,True,False,c1_only
train__c08__user22__2-1-2,user22,2,8,8,9,True,False,c1_only
train__c08__user22__2-1-3,user22,2,8,8,8,True,True,both_correct
train__c08__user22__6-2-1,user22,2,8,9,10,False,False,both_wrong
train__c08__user22__6-2-2,user22,2,8,15,22,False,False,both_wrong
train__c08__user22__6-2-3,user22,2,8,9,10,False,False,both_wrong
train__c08__user2__1-2-1,user2,1,8,8,9,True,False,c1_only
train__c08__user2__1-2-2,user2,1,8,4,10,False,False,both_wrong
train__c08__user2__1-2-3,user2,1,8,9,9,False,False,both_wrong
train__c08__user2__2-1-1,user2,1,8,8,10,True,False,c1_only
train__c08__user2__2-1-2,user2,1,8,10,10,False,False,both_wrong
train__c08__user2__2-1-3,user2,1,8,10,6,False,False,both_wrong
train__c08__user2__2-2-1,user2,1,8,17,9,False,False,both_wrong
train__c08__user2__2-2-2,user2,1,8,8,9,True,False,c1_only
train__c08__user2__2-2-3,user2,1,8,17,36,False,False,both_wrong
train__c08__user2__4-2-1,user2,1,8,4,9,False,False,both_wrong
train__c08__user2__4-2-2,user2,1,8,4,9,False,False,both_wrong
train__c08__user2__4-2-3,user2,1,8,9,9,False,False,both_wrong
train__c08__user3__4-1-1,user3,0,8,26,34,False,False,both_wrong
train__c08__user3__4-1-2,user3,0,8,17,34,False,False,both_wrong
train__c08__user3__4-1-3,user3,0,8,17,34,False,False,both_wrong
train__c08__user3__5-1-1,user3,0,8,7,7,False,False,both_wrong
train__c08__user3__5-1-2,user3,0,8,7,7,False,False,both_wrong
train__c08__user3__5-1-3,user3,0,8,9,34,False,False,both_wrong
train__c08__user3__5-2-1,user3,0,8,23,7,False,False,both_wrong
train__c08__user3__5-2-2,user3,0,8,20,7,False,False,both_wrong
train__c08__user3__5-2-3,user3,0,8,23,7,False,False,both_wrong
train__c08__user3__6-1-1,user3,0,8,7,9,False,False,both_wrong
train__c08__user3__6-1-2,user3,0,8,10,9,False,False,both_wrong
train__c08__user3__6-1-3,user3,0,8,9,9,False,False,both_wrong
train__c08__user6__1-2-1,user6,2,8,9,1,False,False,both_wrong
train__c08__user6__1-2-2,user6,2,8,9,7,False,False,both_wrong
train__c08__user6__1-2-3,user6,2,8,8,4,True,False,c1_only
train__c08__user6__2-1-1,user6,2,8,9,4,False,False,both_wrong
train__c08__user6__2-1-2,user6,2,8,9,7,False,False,both_wrong
train__c08__user6__2-1-3,user6,2,8,9,9,False,False,both_wrong
train__c08__user6__2-3-1,user6,2,8,7,7,False,False,both_wrong
train__c08__user6__2-3-2,user6,2,8,7,7,False,False,both_wrong
train__c08__user6__2-3-3,user6,2,8,11,9,False,False,both_wrong
train__c08__user6__6-2-1,user6,2,8,1,2,False,False,both_wrong
train__c08__user6__6-2-2,user6,2,8,8,2,True,False,c1_only
train__c08__user6__6-2-3,user6,2,8,2,4,False,False,both_wrong
train__c08__user6__7-2-1,user6,2,8,9,9,False,False,both_wrong
train__c08__user6__7-2-2,user6,2,8,9,9,False,False,both_wrong
train__c08__user6__7-2-3,user6,2,8,9,9,False,False,both_wrong
train__c08__user7__1-2-1,user7,2,8,9,20,False,False,both_wrong
train__c08__user7__1-2-2,user7,2,8,20,36,False,False,both_wrong
train__c08__user7__1-2-3,user7,2,8,20,20,False,False,both_wrong
train__c08__user7__2-1-1,user7,2,8,5,5,False,False,both_wrong
train__c08__user7__2-1-2,user7,2,8,31,15,False,False,both_wrong
train__c08__user7__2-1-3,user7,2,8,5,3,False,False,both_wrong
train__c08__user7__3-2-1,user7,2,8,8,7,True,False,c1_only
train__c08__user7__3-2-2,user7,2,8,36,4,False,False,both_wrong
train__c08__user7__3-2-3,user7,2,8,36,36,False,False,both_wrong
train__c08__user7__5-3-1,user7,2,8,11,10,False,False,both_wrong
train__c08__user7__5-3-2,user7,2,8,11,10,False,False,both_wrong
train__c08__user7__5-3-3,user7,2,8,11,10,False,False,both_wrong
train__c09__user16__1-2-1,user16,1,9,9,9,True,True,both_correct
train__c09__user16__1-2-2,user16,1,9,9,17,True,False,c1_only
train__c09__user16__1-2-3,user16,1,9,9,17,True,False,c1_only
train__c09__user16__2-1-1,user16,1,9,10,9,False,True,d1_only
train__c09__user16__2-1-2,user16,1,9,10,7,False,False,both_wrong
train__c09__user16__2-1-3,user16,1,9,10,7,False,False,both_wrong
train__c09__user16__7-2-1,user16,1,9,10,7,False,False,both_wrong
train__c09__user16__7-2-2,user16,1,9,10,7,False,False,both_wrong
train__c09__user16__7-2-3,user16,1,9,10,7,False,False,both_wrong
train__c09__user18__3-2-1,user18,0,9,9,7,True,False,c1_only
train__c09__user18__3-2-2,user18,0,9,9,17,True,False,c1_only
train__c09__user18__3-2-3,user18,0,9,9,7,True,False,c1_only
train__c09__user18__4-2-1,user18,0,9,9,7,True,False,c1_only
train__c09__user18__4-2-2,user18,0,9,9,7,True,False,c1_only
train__c09__user18__4-2-3,user18,0,9,9,7,True,False,c1_only
train__c09__user18__7-2-1,user18,0,9,9,7,True,False,c1_only
train__c09__user18__7-2-2,user18,0,9,9,7,True,False,c1_only
train__c09__user18__7-2-3,user18,0,9,9,9,True,True,both_correct
train__c09__user19__2-1-1,user19,2,9,9,9,True,True,both_correct
train__c09__user19__2-1-2,user19,2,9,9,9,True,True,both_correct
train__c09__user19__2-1-3,user19,2,9,9,8,True,False,c1_only
train__c09__user19__3-2-1,user19,2,9,9,9,True,True,both_correct
train__c09__user19__3-2-2,user19,2,9,9,9,True,True,both_correct
train__c09__user19__3-2-3,user19,2,9,9,22,True,False,c1_only
train__c09__user19__7-2-1,user19,2,9,9,22,True,False,c1_only
train__c09__user19__7-2-2,user19,2,9,9,22,True,False,c1_only
train__c09__user19__7-2-3,user19,2,9,9,9,True,True,both_correct
train__c09__user1__2-1-1,user1,1,9,8,9,False,True,d1_only
train__c09__user1__2-1-2,user1,1,9,9,9,True,True,both_correct
train__c09__user1__2-1-3,user1,1,9,4,20,False,False,both_wrong
train__c09__user1__4-1-1,user1,1,9,6,17,False,False,both_wrong
train__c09__user1__4-1-2,user1,1,9,6,17,False,False,both_wrong
train__c09__user1__4-1-3,user1,1,9,8,20,False,False,both_wrong
train__c09__user20__2-1-1,user20,0,9,9,9,True,True,both_correct
train__c09__user20__2-1-2,user20,0,9,9,9,True,True,both_correct
train__c09__user20__2-1-3,user20,0,9,9,22,True,False,c1_only
train__c09__user20__3-1-1,user20,0,9,9,9,True,True,both_correct
train__c09__user20__3-1-2,user20,0,9,9,9,True,True,both_correct
train__c09__user20__3-1-3,user20,0,9,9,9,True,True,both_correct
train__c09__user20__5-1-1,user20,0,9,21,21,False,False,both_wrong
train__c09__user20__5-1-2,user20,0,9,21,22,False,False,both_wrong
train__c09__user20__5-1-3,user20,0,9,21,17,False,False,both_wrong
train__c09__user20__6-3-1,user20,0,9,34,17,False,False,both_wrong
train__c09__user20__6-3-2,user20,0,9,34,0,False,False,both_wrong
train__c09__user20__6-3-3,user20,0,9,32,6,False,False,both_wrong
train__c09__user20__7-1-1,user20,0,9,9,9,True,True,both_correct
train__c09__user20__7-1-2,user20,0,9,9,9,True,True,both_correct
train__c09__user20__7-1-3,user20,0,9,9,20,True,False,c1_only
train__c09__user21__6-2-1,user21,0,9,8,8,False,False,both_wrong
train__c09__user21__6-2-2,user21,0,9,8,7,False,False,both_wrong
train__c09__user21__6-2-3,user21,0,9,10,7,False,False,both_wrong
train__c09__user22__2-1-1,user22,2,9,9,9,True,True,both_correct
train__c09__user22__2-1-2,user22,2,9,9,9,True,True,both_correct
train__c09__user22__2-1-3,user22,2,9,9,9,True,True,both_correct
train__c09__user22__4-3-1,user22,2,9,15,10,False,False,both_wrong
train__c09__user22__4-3-2,user22,2,9,20,10,False,False,both_wrong
train__c09__user22__4-3-3,user22,2,9,15,10,False,False,both_wrong
train__c09__user2__2-1-1,user2,1,9,4,10,False,False,both_wrong
train__c09__user2__2-1-2,user2,1,9,4,9,False,True,d1_only
train__c09__user2__2-1-3,user2,1,9,9,9,True,True,both_correct
train__c09__user2__6-1-1,user2,1,9,15,17,False,False,both_wrong
train__c09__user3__5-1-1,user3,0,9,9,7,True,False,c1_only
train__c09__user3__5-1-2,user3,0,9,9,7,True,False,c1_only
train__c09__user3__5-1-3,user3,0,9,9,7,True,False,c1_only
train__c09__user3__7-1-1,user3,0,9,7,7,False,False,both_wrong
train__c09__user3__7-1-2,user3,0,9,20,22,False,False,both_wrong
train__c09__user3__7-1-3,user3,0,9,23,6,False,False,both_wrong
train__c09__user5__1-2-1,user5,2,9,9,9,True,True,both_correct
train__c09__user5__1-2-2,user5,2,9,7,7,False,False,both_wrong
train__c09__user5__1-2-3,user5,2,9,9,9,True,True,both_correct
train__c09__user5__3-2-1,user5,2,9,8,9,False,True,d1_only
train__c09__user5__3-2-2,user5,2,9,8,9,False,True,d1_only
train__c09__user5__3-2-3,user5,2,9,8,0,False,False,both_wrong
train__c09__user5__4-2-1,user5,2,9,7,9,False,True,d1_only
train__c09__user5__4-2-2,user5,2,9,10,9,False,True,d1_only
train__c09__user5__4-2-3,user5,2,9,0,9,False,True,d1_only
train__c09__user5__7-2-1,user5,2,9,8,9,False,True,d1_only
train__c09__user5__7-2-2,user5,2,9,0,9,False,True,d1_only
train__c09__user5__7-2-3,user5,2,9,0,8,False,False,both_wrong
train__c09__user6__1-2-1,user6,2,9,9,9,True,True,both_correct
train__c09__user6__1-2-2,user6,2,9,9,9,True,True,both_correct
train__c09__user6__1-2-3,user6,2,9,9,9,True,True,both_correct
train__c09__user6__2-1-1,user6,2,9,9,4,True,False,c1_only
train__c09__user6__2-1-2,user6,2,9,9,4,True,False,c1_only
train__c09__user6__2-1-3,user6,2,9,9,9,True,True,both_correct
train__c09__user6__7-2-1,user6,2,9,36,10,False,False,both_wrong
train__c09__user6__7-2-2,user6,2,9,4,9,False,True,d1_only
train__c09__user6__7-2-3,user6,2,9,8,36,False,False,both_wrong
train__c09__user7__1-2-1,user7,2,9,15,20,False,False,both_wrong
train__c09__user7__1-2-2,user7,2,9,9,20,True,False,c1_only
train__c09__user7__1-2-3,user7,2,9,15,20,False,False,both_wrong
train__c09__user7__2-1-1,user7,2,9,9,9,True,True,both_correct
train__c09__user7__2-1-2,user7,2,9,9,9,True,True,both_correct
train__c09__user7__2-1-3,user7,2,9,9,9,True,True,both_correct
train__c09__user7__5-2-1,user7,2,9,8,7,False,False,both_wrong
train__c09__user7__5-2-2,user7,2,9,4,7,False,False,both_wrong
train__c09__user7__5-2-3,user7,2,9,8,4,False,False,both_wrong
train__c09__user8__3-2-1,user8,1,9,15,10,False,False,both_wrong
train__c09__user8__3-2-2,user8,1,9,15,20,False,False,both_wrong
train__c09__user8__3-2-3,user8,1,9,14,20,False,False,both_wrong
train__c09__user8__4-2-1,user8,1,9,10,10,False,False,both_wrong
train__c09__user8__4-2-2,user8,1,9,9,7,True,False,c1_only
train__c09__user8__4-2-3,user8,1,9,10,8,False,False,both_wrong
train__c09__user8__7-2-1,user8,1,9,9,9,True,True,both_correct
train__c09__user8__7-2-2,user8,1,9,9,36,True,False,c1_only
train__c09__user8__7-2-3,user8,1,9,9,10,True,False,c1_only
train__c09__user9__2-1-1,user9,0,9,9,7,True,False,c1_only
train__c09__user9__2-1-2,user9,0,9,8,9,False,True,d1_only
train__c09__user9__2-1-3,user9,0,9,8,8,False,False,both_wrong
train__c09__user9__3-2-1,user9,0,9,17,10,False,False,both_wrong
train__c09__user9__3-2-2,user9,0,9,8,10,False,False,both_wrong
train__c09__user9__3-2-3,user9,0,9,8,8,False,False,both_wrong
train__c09__user9__7-2-1,user9,0,9,10,10,False,False,both_wrong
train__c09__user9__7-2-2,user9,0,9,10,8,False,False,both_wrong
train__c09__user9__7-2-3,user9,0,9,10,7,False,False,both_wrong
train__c10__user16__1-2-1,user16,1,10,7,10,False,True,d1_only
train__c10__user16__1-2-2,user16,1,10,11,7,False,False,both_wrong
train__c10__user16__1-2-3,user16,1,10,10,10,True,True,both_correct
train__c10__user16__2-1-1,user16,1,10,7,10,False,True,d1_only
train__c10__user16__2-1-2,user16,1,10,7,10,False,True,d1_only
train__c10__user16__2-1-3,user16,1,10,7,7,False,False,both_wrong
train__c10__user16__7-2-1,user16,1,10,11,10,False,True,d1_only
train__c10__user16__7-2-2,user16,1,10,11,10,False,True,d1_only
train__c10__user16__7-2-3,user16,1,10,7,10,False,True,d1_only
train__c10__user18__3-2-1,user18,0,10,9,7,False,False,both_wrong
train__c10__user18__3-2-2,user18,0,10,10,7,True,False,c1_only
train__c10__user18__3-2-3,user18,0,10,10,7,True,False,c1_only
train__c10__user18__4-2-1,user18,0,10,9,7,False,False,both_wrong
train__c10__user18__4-2-2,user18,0,10,9,7,False,False,both_wrong
train__c10__user18__4-2-3,user18,0,10,10,7,True,False,c1_only
train__c10__user18__7-2-1,user18,0,10,9,7,False,False,both_wrong
train__c10__user18__7-2-2,user18,0,10,10,7,True,False,c1_only
train__c10__user18__7-2-3,user18,0,10,10,7,True,False,c1_only
train__c10__user19__2-1-1,user19,2,10,11,7,False,False,both_wrong
train__c10__user19__2-1-2,user19,2,10,11,7,False,False,both_wrong
train__c10__user19__2-1-3,user19,2,10,11,7,False,False,both_wrong
train__c10__user19__3-2-1,user19,2,10,11,7,False,False,both_wrong
train__c10__user19__3-2-2,user19,2,10,8,32,False,False,both_wrong
train__c10__user19__3-2-3,user19,2,10,10,7,True,False,c1_only
train__c10__user19__7-2-1,user19,2,10,11,7,False,False,both_wrong
train__c10__user19__7-2-2,user19,2,10,10,7,True,False,c1_only
train__c10__user19__7-2-3,user19,2,10,10,7,True,False,c1_only
train__c10__user1__2-1-1,user1,1,10,7,7,False,False,both_wrong
train__c10__user1__2-1-2,user1,1,10,11,9,False,False,both_wrong
train__c10__user1__2-1-3,user1,1,10,11,9,False,False,both_wrong
train__c10__user1__3-1-1,user1,1,10,7,10,False,True,d1_only
train__c10__user1__3-1-2,user1,1,10,11,10,False,True,d1_only
train__c10__user1__3-1-3,user1,1,10,29,9,False,False,both_wrong
train__c10__user1__4-1-1,user1,1,10,6,9,False,False,both_wrong
train__c10__user20__3-1-1,user20,0,10,9,9,False,False,both_wrong
train__c10__user20__3-1-2,user20,0,10,9,9,False,False,both_wrong
train__c10__user20__3-1-3,user20,0,10,9,9,False,False,both_wrong
train__c10__user20__5-1-1,user20,0,10,17,20,False,False,both_wrong
train__c10__user20__5-1-2,user20,0,10,21,17,False,False,both_wrong
train__c10__user20__5-1-3,user20,0,10,21,17,False,False,both_wrong
train__c10__user20__6-3-1,user20,0,10,34,17,False,False,both_wrong
train__c10__user20__6-3-2,user20,0,10,34,17,False,False,both_wrong
train__c10__user20__6-3-3,user20,0,10,13,9,False,False,both_wrong
train__c10__user20__7-1-1,user20,0,10,7,6,False,False,both_wrong
train__c10__user20__7-1-2,user20,0,10,10,7,True,False,c1_only
train__c10__user20__7-1-3,user20,0,10,10,36,True,False,c1_only
train__c10__user22__4-3-1,user22,2,10,15,10,False,True,d1_only
train__c10__user22__4-3-2,user22,2,10,20,6,False,False,both_wrong
train__c10__user22__4-3-3,user22,2,10,15,10,False,True,d1_only
train__c10__user2__6-1-1,user2,1,10,15,17,False,False,both_wrong
train__c10__user2__6-1-2,user2,1,10,15,17,False,False,both_wrong
train__c10__user3__4-1-1,user3,0,10,7,7,False,False,both_wrong
train__c10__user3__4-1-2,user3,0,10,7,7,False,False,both_wrong
train__c10__user3__4-1-3,user3,0,10,7,7,False,False,both_wrong
train__c10__user3__5-1-1,user3,0,10,11,7,False,False,both_wrong
train__c10__user3__5-1-2,user3,0,10,9,7,False,False,both_wrong
train__c10__user3__5-1-3,user3,0,10,11,7,False,False,both_wrong
train__c10__user3__7-1-1,user3,0,10,7,7,False,False,both_wrong
train__c10__user3__7-1-2,user3,0,10,20,6,False,False,both_wrong
train__c10__user3__7-1-3,user3,0,10,7,7,False,False,both_wrong
train__c10__user5__1-2-1,user5,2,10,7,9,False,False,both_wrong
train__c10__user5__1-2-2,user5,2,10,7,7,False,False,both_wrong
train__c10__user5__4-2-1,user5,2,10,7,9,False,False,both_wrong
train__c10__user5__4-2-2,user5,2,10,7,7,False,False,both_wrong
train__c10__user5__4-2-3,user5,2,10,0,9,False,False,both_wrong
train__c10__user6__1-2-1,user6,2,10,9,1,False,False,both_wrong
train__c10__user6__1-2-2,user6,2,10,9,7,False,False,both_wrong
train__c10__user6__1-2-3,user6,2,10,8,4,False,False,both_wrong
train__c10__user6__2-1-1,user6,2,10,9,4,False,False,both_wrong
train__c10__user6__2-1-2,user6,2,10,9,7,False,False,both_wrong
train__c10__user6__2-1-3,user6,2,10,9,9,False,False,both_wrong
train__c10__user6__7-2-1,user6,2,10,9,9,False,False,both_wrong
train__c10__user6__7-2-2,user6,2,10,9,9,False,False,both_wrong
train__c10__user6__7-2-3,user6,2,10,9,9,False,False,both_wrong
train__c10__user7__2-1-1,user7,2,10,9,9,False,False,both_wrong
train__c10__user7__2-1-2,user7,2,10,9,10,False,True,d1_only
train__c10__user7__2-1-3,user7,2,10,11,9,False,False,both_wrong
train__c10__user7__2-2-1,user7,2,10,20,20,False,False,both_wrong
train__c10__user7__2-2-2,user7,2,10,9,20,False,False,both_wrong
train__c10__user7__2-2-3,user7,2,10,20,20,False,False,both_wrong
train__c10__user7__5-2-1,user7,2,10,11,10,False,True,d1_only
train__c10__user7__5-2-2,user7,2,10,11,7,False,False,both_wrong
train__c10__user7__5-2-3,user7,2,10,11,7,False,False,both_wrong
train__c10__user8__3-2-1,user8,1,10,14,6,False,False,both_wrong
train__c10__user8__3-2-2,user8,1,10,14,6,False,False,both_wrong
train__c10__user8__3-2-3,user8,1,10,4,10,False,True,d1_only
train__c10__user8__4-2-1,user8,1,10,10,10,True,True,both_correct
train__c10__user8__4-2-2,user8,1,10,8,36,False,False,both_wrong
train__c10__user8__4-2-3,user8,1,10,10,7,True,False,c1_only
train__c10__user8__7-2-1,user8,1,10,11,9,False,False,both_wrong
train__c10__user8__7-2-2,user8,1,10,9,10,False,True,d1_only
train__c10__user8__7-2-3,user8,1,10,10,7,True,False,c1_only
train__c10__user9__2-1-1,user9,0,10,11,10,False,True,d1_only
train__c10__user9__2-1-2,user9,0,10,10,10,True,True,both_correct
train__c10__user9__2-1-3,user9,0,10,10,9,True,False,c1_only
train__c10__user9__3-2-1,user9,0,10,10,10,True,True,both_correct
train__c10__user9__3-2-2,user9,0,10,11,10,False,True,d1_only
train__c10__user9__3-2-3,user9,0,10,10,8,True,False,c1_only
train__c10__user9__7-2-1,user9,0,10,11,10,False,True,d1_only
train__c10__user9__7-2-2,user9,0,10,7,7,False,False,both_wrong
train__c10__user9__7-2-3,user9,0,10,7,7,False,False,both_wrong
train__c11__user16__1-2-1,user16,1,11,10,10,False,False,both_wrong
train__c11__user16__1-2-2,user16,1,11,11,10,True,False,c1_only
train__c11__user16__1-2-3,user16,1,11,11,10,True,False,c1_only
train__c11__user16__3-2-1,user16,1,11,11,7,True,False,c1_only
train__c11__user16__3-2-2,user16,1,11,10,10,False,False,both_wrong
train__c11__user16__3-2-3,user16,1,11,11,7,True,False,c1_only
train__c11__user16__5-2-1,user16,1,11,11,9,True,False,c1_only
train__c11__user16__5-2-2,user16,1,11,11,10,True,False,c1_only
train__c11__user16__5-2-3,user16,1,11,11,7,True,False,c1_only
train__c11__user18__4-2-1,user18,0,11,9,7,False,False,both_wrong
train__c11__user18__4-2-2,user18,0,11,32,9,False,False,both_wrong
train__c11__user18__4-2-3,user18,0,11,10,7,False,False,both_wrong
train__c11__user18__6-2-1,user18,0,11,7,6,False,False,both_wrong
train__c11__user18__6-2-2,user18,0,11,23,23,False,False,both_wrong
train__c11__user18__6-2-3,user18,0,11,23,6,False,False,both_wrong
train__c11__user18__7-2-1,user18,0,11,10,7,False,False,both_wrong
train__c11__user18__7-2-2,user18,0,11,10,7,False,False,both_wrong
train__c11__user18__7-2-3,user18,0,11,34,17,False,False,both_wrong
train__c11__user19__2-3-1,user19,2,11,11,7,True,False,c1_only
train__c11__user19__2-3-2,user19,2,11,11,7,True,False,c1_only
train__c11__user19__2-3-3,user19,2,11,10,10,False,False,both_wrong
train__c11__user1__1-2-1,user1,1,11,4,9,False,False,both_wrong
train__c11__user1__1-2-2,user1,1,11,4,9,False,False,both_wrong
train__c11__user1__4-1-1,user1,1,11,7,9,False,False,both_wrong
train__c11__user1__4-1-2,user1,1,11,11,9,True,False,c1_only
train__c11__user1__4-1-3,user1,1,11,2,21,False,False,both_wrong
train__c11__user1__6-1-1,user1,1,11,7,10,False,False,both_wrong
train__c11__user1__6-1-2,user1,1,11,7,10,False,False,both_wrong
train__c11__user1__6-1-3,user1,1,11,7,36,False,False,both_wrong
train__c11__user21__5-2-1,user21,0,11,7,7,False,False,both_wrong
train__c11__user21__5-2-2,user21,0,11,7,7,False,False,both_wrong
train__c11__user21__5-2-3,user21,0,11,7,7,False,False,both_wrong
train__c11__user22__3-3-1,user22,2,11,7,7,False,False,both_wrong
train__c11__user22__3-3-2,user22,2,11,7,7,False,False,both_wrong
train__c11__user22__3-3-3,user22,2,11,7,7,False,False,both_wrong
train__c11__user22__4-3-1,user22,2,11,10,10,False,False,both_wrong
train__c11__user22__4-3-2,user22,2,11,23,6,False,False,both_wrong
train__c11__user22__4-3-3,user22,2,11,19,11,False,True,d1_only
train__c11__user22__5-2-1,user22,2,11,19,7,False,False,both_wrong
train__c11__user22__5-2-2,user22,2,11,19,11,False,True,d1_only
train__c11__user22__5-2-3,user22,2,11,19,10,False,False,both_wrong
train__c11__user2__5-2-1,user2,1,11,10,10,False,False,both_wrong
train__c11__user2__5-2-2,user2,1,11,10,10,False,False,both_wrong
train__c11__user2__5-2-3,user2,1,11,10,36,False,False,both_wrong
train__c11__user2__7-2-1,user2,1,11,11,10,True,False,c1_only
train__c11__user2__7-2-2,user2,1,11,11,10,True,False,c1_only
train__c11__user2__7-2-3,user2,1,11,4,36,False,False,both_wrong
train__c11__user3__3-1-1,user3,0,11,11,7,True,False,c1_only
train__c11__user3__3-1-2,user3,0,11,11,7,True,False,c1_only
train__c11__user3__3-1-3,user3,0,11,9,8,False,False,both_wrong
train__c11__user3__4-1-1,user3,0,11,24,7,False,False,both_wrong
train__c11__user3__4-1-2,user3,0,11,7,7,False,False,both_wrong
train__c11__user5__1-2-1,user5,2,11,7,9,False,False,both_wrong
train__c11__user5__1-2-2,user5,2,11,1,9,False,False,both_wrong
train__c11__user5__1-2-3,user5,2,11,7,9,False,False,both_wrong
train__c11__user5__2-1-1,user5,2,11,7,17,False,False,both_wrong
train__c11__user5__2-1-2,user5,2,11,18,17,False,False,both_wrong
train__c11__user5__2-1-3,user5,2,11,17,17,False,False,both_wrong
train__c11__user5__3-2-1,user5,2,11,7,9,False,False,both_wrong
train__c11__user5__3-2-2,user5,2,11,7,7,False,False,both_wrong
train__c11__user5__3-2-3,user5,2,11,7,9,False,False,both_wrong
train__c11__user5__6-2-1,user5,2,11,7,7,False,False,both_wrong
train__c11__user5__6-2-2,user5,2,11,7,7,False,False,both_wrong
train__c11__user5__6-2-3,user5,2,11,7,9,False,False,both_wrong
train__c11__user6__1-2-1,user6,2,11,11,7,True,False,c1_only
train__c11__user6__1-2-2,user6,2,11,11,10,True,False,c1_only
train__c11__user6__1-2-3,user6,2,11,11,7,True,False,c1_only
train__c11__user6__3-2-1,user6,2,11,7,7,False,False,both_wrong
train__c11__user6__3-2-2,user6,2,11,7,9,False,False,both_wrong
train__c11__user6__3-2-3,user6,2,11,37,9,False,False,both_wrong
train__c11__user6__5-2-1,user6,2,11,7,9,False,False,both_wrong
train__c11__user6__5-2-2,user6,2,11,7,6,False,False,both_wrong
train__c11__user6__5-2-3,user6,2,11,7,9,False,False,both_wrong
train__c11__user7__7-2-1,user7,2,11,11,10,True,False,c1_only
train__c11__user7__7-2-2,user7,2,11,7,1,False,False,both_wrong
train__c11__user7__7-2-3,user7,2,11,7,10,False,False,both_wrong
train__c11__user8__4-2-1,user8,1,11,10,9,False,False,both_wrong
train__c11__user8__4-2-2,user8,1,11,9,8,False,False,both_wrong
train__c11__user8__4-2-3,user8,1,11,10,9,False,False,both_wrong
train__c11__user8__6-2-1,user8,1,11,9,7,False,False,both_wrong
train__c11__user8__6-2-2,user8,1,11,8,8,False,False,both_wrong
train__c11__user8__6-2-3,user8,1,11,10,7,False,False,both_wrong
train__c11__user8__7-2-1,user8,1,11,10,10,False,False,both_wrong
train__c11__user8__7-2-2,user8,1,11,10,36,False,False,both_wrong
train__c11__user8__7-2-3,user8,1,11,10,36,False,False,both_wrong
train__c11__user9__2-3-1,user9,0,11,7,10,False,False,both_wrong
train__c11__user9__2-3-2,user9,0,11,7,10,False,False,both_wrong
train__c11__user9__2-3-3,user9,0,11,7,10,False,False,both_wrong
train__c12__user16__3-1-1,user16,1,12,12,7,True,False,c1_only
train__c12__user16__3-1-2,user16,1,12,12,7,True,False,c1_only
train__c12__user16__3-1-3,user16,1,12,12,23,True,False,c1_only
train__c12__user16__6-2-1,user16,1,12,12,20,True,False,c1_only
train__c12__user16__6-2-2,user16,1,12,12,31,True,False,c1_only
train__c12__user16__6-2-3,user16,1,12,12,36,True,False,c1_only
train__c12__user18__3-1-1,user18,0,12,9,6,False,False,both_wrong
train__c12__user18__3-1-2,user18,0,12,13,34,False,False,both_wrong
train__c12__user18__3-1-3,user18,0,12,13,36,False,False,both_wrong
train__c12__user19__3-3-1,user19,2,12,12,12,True,True,both_correct
train__c12__user19__3-3-2,user19,2,12,12,13,True,False,c1_only
train__c12__user19__3-3-3,user19,2,12,12,32,True,False,c1_only
train__c12__user19__7-2-1,user19,2,12,12,4,True,False,c1_only
train__c12__user19__7-2-2,user19,2,12,12,31,True,False,c1_only
train__c12__user19__7-2-3,user19,2,12,12,7,True,False,c1_only
train__c12__user1__6-2-1,user1,1,12,12,31,True,False,c1_only
train__c12__user1__6-2-2,user1,1,12,12,31,True,False,c1_only
train__c12__user1__6-2-3,user1,1,12,12,31,True,False,c1_only
train__c12__user20__2-1-1,user20,0,12,12,6,True,False,c1_only
train__c12__user20__2-1-2,user20,0,12,28,6,False,False,both_wrong
train__c12__user20__2-1-3,user20,0,12,32,36,False,False,both_wrong
train__c12__user20__3-2-1,user20,0,12,17,7,False,False,both_wrong
train__c12__user20__3-2-2,user20,0,12,17,6,False,False,both_wrong
train__c12__user20__3-2-3,user20,0,12,17,15,False,False,both_wrong
train__c12__user21__2-1-1,user21,0,12,9,6,False,False,both_wrong
train__c12__user21__2-1-2,user21,0,12,9,6,False,False,both_wrong
train__c12__user21__2-1-3,user21,0,12,9,6,False,False,both_wrong
train__c12__user2__3-1-1,user2,1,12,34,31,False,False,both_wrong
train__c12__user2__3-1-2,user2,1,12,13,6,False,False,both_wrong
train__c12__user2__3-1-3,user2,1,12,12,20,True,False,c1_only
train__c12__user3__6-2-1,user3,0,12,12,12,True,True,both_correct
train__c12__user3__6-2-2,user3,0,12,13,6,False,False,both_wrong
train__c12__user3__6-2-3,user3,0,12,12,29,True,False,c1_only
train__c12__user5__3-1-1,user5,2,12,13,13,False,False,both_wrong
train__c12__user5__3-1-2,user5,2,12,13,13,False,False,both_wrong
train__c12__user5__3-1-3,user5,2,12,13,31,False,False,both_wrong
train__c12__user6__3-1-1,user6,2,12,12,13,True,False,c1_only
train__c12__user6__3-1-2,user6,2,12,13,13,False,False,both_wrong
train__c12__user6__3-1-3,user6,2,12,13,36,False,False,both_wrong
train__c12__user6__6-2-1,user6,2,12,36,5,False,False,both_wrong
train__c12__user6__6-2-2,user6,2,12,15,36,False,False,both_wrong
train__c12__user6__6-2-3,user6,2,12,15,36,False,False,both_wrong
train__c12__user7__3-1-1,user7,2,12,13,20,False,False,both_wrong
train__c12__user7__3-1-2,user7,2,12,13,20,False,False,both_wrong
train__c12__user7__3-1-3,user7,2,12,13,20,False,False,both_wrong
train__c12__user8__3-1-1,user8,1,12,0,17,False,False,both_wrong
train__c12__user8__3-1-2,user8,1,12,0,33,False,False,both_wrong
train__c12__user8__3-1-3,user8,1,12,15,0,False,False,both_wrong
train__c12__user9__3-3-1,user9,0,12,12,12,True,True,both_correct
train__c12__user9__3-3-2,user9,0,12,36,12,False,True,d1_only
train__c12__user9__3-3-3,user9,0,12,12,12,True,True,both_correct
train__c12__user9__7-2-1,user9,0,12,34,8,False,False,both_wrong
train__c12__user9__7-2-2,user9,0,12,34,8,False,False,both_wrong
train__c12__user9__7-2-3,user9,0,12,32,8,False,False,both_wrong
train__c13__user16__3-1-1,user16,1,13,12,6,False,False,both_wrong
train__c13__user16__3-1-2,user16,1,13,13,7,True,False,c1_only
train__c13__user16__3-1-3,user16,1,13,13,31,True,False,c1_only
train__c13__user18__3-1-1,user18,0,13,13,12,True,False,c1_only
train__c13__user18__3-1-2,user18,0,13,13,29,True,False,c1_only
train__c13__user18__3-1-3,user18,0,13,13,29,True,False,c1_only
train__c13__user19__3-3-1,user19,2,13,13,36,True,False,c1_only
train__c13__user19__3-3-2,user19,2,13,12,31,False,False,both_wrong
train__c13__user19__3-3-3,user19,2,13,36,36,False,False,both_wrong
train__c13__user19__7-2-1,user19,2,13,12,8,False,False,both_wrong
train__c13__user19__7-2-2,user19,2,13,12,9,False,False,both_wrong
train__c13__user19__7-2-3,user19,2,13,12,8,False,False,both_wrong
train__c13__user1__3-2-1,user1,1,13,13,31,True,False,c1_only
train__c13__user1__3-2-2,user1,1,13,13,31,True,False,c1_only
train__c13__user1__3-2-3,user1,1,13,13,23,True,False,c1_only
train__c13__user20__2-1-1,user20,0,13,32,6,False,False,both_wrong
train__c13__user20__2-1-2,user20,0,13,32,7,False,False,both_wrong
train__c13__user20__2-1-3,user20,0,13,12,36,False,False,both_wrong
train__c13__user20__3-2-1,user20,0,13,17,6,False,False,both_wrong
train__c13__user20__3-2-2,user20,0,13,17,20,False,False,both_wrong
train__c13__user20__3-2-3,user20,0,13,17,34,False,False,both_wrong
train__c13__user20__6-3-1,user20,0,13,12,6,False,False,both_wrong
train__c13__user20__6-3-2,user20,0,13,12,34,False,False,both_wrong
train__c13__user20__6-3-3,user20,0,13,29,20,False,False,both_wrong
train__c13__user21__2-1-1,user21,0,13,9,9,False,False,both_wrong
train__c13__user21__2-1-2,user21,0,13,9,6,False,False,both_wrong
train__c13__user21__2-1-3,user21,0,13,9,9,False,False,both_wrong
train__c13__user2__3-1-1,user2,1,13,20,31,False,False,both_wrong
train__c13__user2__3-1-2,user2,1,13,13,20,True,False,c1_only
train__c13__user2__3-1-3,user2,1,13,13,6,True,False,c1_only
train__c13__user5__5-1-1,user5,2,13,0,0,False,False,both_wrong
train__c13__user5__5-1-2,user5,2,13,0,0,False,False,both_wrong
train__c13__user5__5-1-3,user5,2,13,0,0,False,False,both_wrong
train__c13__user5__7-2-1,user5,2,13,0,0,False,False,both_wrong
train__c13__user5__7-2-2,user5,2,13,0,0,False,False,both_wrong
train__c13__user5__7-2-3,user5,2,13,0,0,False,False,both_wrong
train__c13__user6__3-1-1,user6,2,13,12,31,False,False,both_wrong
train__c13__user6__3-1-2,user6,2,13,36,36,False,False,both_wrong
train__c13__user6__3-1-3,user6,2,13,13,31,True,False,c1_only
train__c13__user7__3-1-1,user7,2,13,13,20,True,False,c1_only
train__c13__user7__3-1-2,user7,2,13,13,20,True,False,c1_only
train__c13__user7__3-1-3,user7,2,13,13,36,True,False,c1_only
train__c13__user8__3-1-1,user8,1,13,0,0,False,False,both_wrong
train__c13__user8__3-1-3,user8,1,13,32,33,False,False,both_wrong
train__c13__user9__3-3-1,user9,0,13,36,36,False,False,both_wrong
train__c13__user9__3-3-2,user9,0,13,13,36,True,False,c1_only
train__c13__user9__3-3-3,user9,0,13,13,36,True,False,c1_only
train__c13__user9__7-2-1,user9,0,13,34,8,False,False,both_wrong
train__c13__user9__7-2-2,user9,0,13,12,36,False,False,both_wrong
train__c13__user9__7-2-3,user9,0,13,34,8,False,False,both_wrong
train__c14__user16__3-2-1,user16,1,14,9,9,False,False,both_wrong
train__c14__user16__3-2-2,user16,1,14,9,9,False,False,both_wrong
train__c14__user16__3-2-3,user16,1,14,9,9,False,False,both_wrong
train__c14__user18__3-2-1,user18,0,14,9,7,False,False,both_wrong
train__c14__user18__3-2-2,user18,0,14,9,7,False,False,both_wrong
train__c14__user18__3-2-3,user18,0,14,9,7,False,False,both_wrong
train__c14__user1__1-2-1,user1,1,14,4,10,False,False,both_wrong
train__c14__user1__1-2-2,user1,1,14,11,10,False,False,both_wrong
train__c14__user1__4-1-1,user1,1,14,6,9,False,False,both_wrong
train__c14__user1__4-1-2,user1,1,14,6,17,False,False,both_wrong
train__c14__user1__4-1-3,user1,1,14,6,20,False,False,both_wrong
train__c14__user20__3-1-1,user20,0,14,11,6,False,False,both_wrong
train__c14__user20__3-1-2,user20,0,14,6,6,False,False,both_wrong
train__c14__user20__3-1-3,user20,0,14,7,36,False,False,both_wrong
train__c14__user22__2-1-1,user22,2,14,9,7,False,False,both_wrong
train__c14__user22__2-1-2,user22,2,14,9,9,False,False,both_wrong
train__c14__user22__2-1-3,user22,2,14,9,9,False,False,both_wrong
train__c14__user3__3-1-1,user3,0,14,7,7,False,False,both_wrong
train__c14__user3__3-1-2,user3,0,14,11,10,False,False,both_wrong
train__c14__user3__3-1-3,user3,0,14,9,6,False,False,both_wrong
train__c14__user6__3-2-1,user6,2,14,6,10,False,False,both_wrong
train__c14__user6__3-2-2,user6,2,14,38,10,False,False,both_wrong
train__c14__user6__3-2-3,user6,2,14,5,10,False,False,both_wrong
train__c14__user7__3-2-1,user7,2,14,38,8,False,False,both_wrong
train__c14__user7__3-2-2,user7,2,14,38,8,False,False,both_wrong
train__c14__user7__3-2-3,user7,2,14,9,36,False,False,both_wrong
train__c14__user8__3-2-1,user8,1,14,29,6,False,False,both_wrong
train__c14__user8__3-2-2,user8,1,14,15,6,False,False,both_wrong
train__c14__user8__3-2-3,user8,1,14,4,10,False,False,both_wrong
train__c15__user16__3-3-1,user16,1,15,17,8,False,False,both_wrong
train__c15__user16__3-3-2,user16,1,15,17,8,False,False,both_wrong
train__c15__user16__3-3-3,user16,1,15,17,36,False,False,both_wrong
train__c15__user16__6-2-1,user16,1,15,15,9,True,False,c1_only
train__c15__user16__6-2-2,user16,1,15,15,9,True,False,c1_only
train__c15__user16__6-2-3,user16,1,15,15,9,True,False,c1_only
train__c15__user18__2-2-1,user18,0,15,9,17,False,False,both_wrong
train__c15__user18__2-2-2,user18,0,15,15,17,True,False,c1_only
train__c15__user18__2-2-3,user18,0,15,15,17,True,False,c1_only
train__c15__user18__3-3-1,user18,0,15,10,7,False,False,both_wrong
train__c15__user18__3-3-2,user18,0,15,10,7,False,False,both_wrong
train__c15__user18__3-3-3,user18,0,15,7,7,False,False,both_wrong
train__c15__user19__7-2-1,user19,2,15,0,20,False,False,both_wrong
train__c15__user19__7-2-2,user19,2,15,12,33,False,False,both_wrong
train__c15__user19__7-2-3,user19,2,15,0,0,False,False,both_wrong
train__c15__user20__3-2-1,user20,0,15,6,31,False,False,both_wrong
train__c15__user20__3-2-2,user20,0,15,6,5,False,False,both_wrong
train__c15__user20__3-2-3,user20,0,15,6,36,False,False,both_wrong
train__c15__user22__2-1-1,user22,2,15,9,9,False,False,both_wrong
train__c15__user22__2-1-2,user22,2,15,9,9,False,False,both_wrong
train__c15__user22__2-1-3,user22,2,15,9,9,False,False,both_wrong
train__c15__user5__5-1-1,user5,2,15,8,8,False,False,both_wrong
train__c15__user5__5-1-2,user5,2,15,0,0,False,False,both_wrong
train__c15__user5__5-1-3,user5,2,15,0,0,False,False,both_wrong
train__c15__user6__3-3-1,user6,2,15,9,10,False,False,both_wrong
train__c15__user6__3-3-3,user6,2,15,15,36,True,False,c1_only
train__c15__user6__6-2-1,user6,2,15,5,17,False,False,both_wrong
train__c15__user6__6-2-2,user6,2,15,5,20,False,False,both_wrong
train__c15__user6__6-2-3,user6,2,15,5,15,False,True,d1_only
train__c15__user7__2-2-1,user7,2,15,9,20,False,False,both_wrong
train__c15__user7__2-2-2,user7,2,15,9,20,False,False,both_wrong
train__c15__user7__2-2-3,user7,2,15,15,20,True,False,c1_only
train__c15__user7__3-3-1,user7,2,15,15,10,True,False,c1_only
train__c15__user7__3-3-3,user7,2,15,15,11,True,False,c1_only
train__c15__user8__2-2-1,user8,1,15,0,20,False,False,both_wrong
train__c15__user8__2-2-2,user8,1,15,18,20,False,False,both_wrong
train__c15__user8__2-2-3,user8,1,15,18,34,False,False,both_wrong
train__c15__user8__3-3-1,user8,1,15,15,17,True,False,c1_only
train__c15__user8__3-3-2,user8,1,15,15,17,True,False,c1_only
train__c15__user8__3-3-3,user8,1,15,15,20,True,False,c1_only
train__c15__user9__7-2-1,user9,0,15,15,36,True,False,c1_only
train__c15__user9__7-2-2,user9,0,15,15,36,True,False,c1_only
train__c15__user9__7-2-3,user9,0,15,10,8,False,False,both_wrong
train__c16__user18__2-1-1,user18,0,16,20,12,False,False,both_wrong
train__c16__user18__2-1-2,user18,0,16,20,20,False,False,both_wrong
train__c16__user18__2-1-3,user18,0,16,20,23,False,False,both_wrong
train__c16__user22__3-2-1,user22,2,16,13,36,False,False,both_wrong
train__c16__user22__3-2-2,user22,2,16,13,13,False,False,both_wrong
train__c16__user22__3-2-3,user22,2,16,13,36,False,False,both_wrong
train__c16__user2__1-1-1,user2,1,16,31,31,False,False,both_wrong
train__c16__user2__1-1-2,user2,1,16,31,31,False,False,both_wrong
train__c16__user2__1-1-3,user2,1,16,31,31,False,False,both_wrong
train__c16__user7__6-1-1,user7,2,16,13,13,False,False,both_wrong
train__c16__user7__6-1-2,user7,2,16,13,13,False,False,both_wrong
train__c16__user7__6-1-3,user7,2,16,13,36,False,False,both_wrong
train__c16__user8__2-1-1,user8,1,16,33,0,False,False,both_wrong
train__c16__user8__2-1-2,user8,1,16,33,0,False,False,both_wrong
train__c16__user8__2-1-3,user8,1,16,33,0,False,False,both_wrong
train__c17__user16__4-1-1,user16,1,17,17,9,True,False,c1_only
train__c17__user16__4-1-2,user16,1,17,17,9,True,False,c1_only
train__c17__user16__4-1-3,user16,1,17,17,9,True,False,c1_only
train__c17__user18__5-1-1,user18,0,17,17,17,True,True,both_correct
train__c17__user18__5-1-2,user18,0,17,17,17,True,True,both_correct
train__c17__user18__5-1-3,user18,0,17,17,9,True,False,c1_only
train__c17__user19__1-2-1,user19,2,17,17,17,True,True,both_correct
train__c17__user19__1-2-2,user19,2,17,17,9,True,False,c1_only
train__c17__user19__1-2-3,user19,2,17,17,9,True,False,c1_only
train__c17__user19__4-1-1,user19,2,17,17,22,True,False,c1_only
train__c17__user19__4-1-2,user19,2,17,17,22,True,False,c1_only
train__c17__user19__4-1-3,user19,2,17,17,22,True,False,c1_only
train__c17__user19__4-3-1,user19,2,17,17,22,True,False,c1_only
train__c17__user19__4-3-2,user19,2,17,22,22,False,False,both_wrong
train__c17__user19__4-3-3,user19,2,17,17,22,True,False,c1_only
train__c17__user19__6-1-1,user19,2,17,17,22,True,False,c1_only
train__c17__user19__6-1-2,user19,2,17,17,22,True,False,c1_only
train__c17__user19__6-1-3,user19,2,17,17,22,True,False,c1_only
train__c17__user1__2-2-1,user1,1,17,17,9,True,False,c1_only
train__c17__user1__2-2-2,user1,1,17,17,9,True,False,c1_only
train__c17__user1__2-2-3,user1,1,17,17,9,True,False,c1_only
train__c17__user1__3-2-1,user1,1,17,17,9,True,False,c1_only
train__c17__user1__3-2-2,user1,1,17,18,9,False,False,both_wrong
train__c17__user1__3-2-3,user1,1,17,18,9,False,False,both_wrong
train__c17__user20__2-2-1,user20,0,17,17,22,True,False,c1_only
train__c17__user20__2-2-2,user20,0,17,17,22,True,False,c1_only
train__c17__user20__2-2-3,user20,0,17,17,23,True,False,c1_only
train__c17__user20__4-1-1,user20,0,17,24,7,False,False,both_wrong
train__c17__user20__4-1-2,user20,0,17,26,7,False,False,both_wrong
train__c17__user20__4-1-3,user20,0,17,24,7,False,False,both_wrong
train__c17__user20__5-1-1,user20,0,17,17,17,True,True,both_correct
train__c17__user20__5-1-2,user20,0,17,17,17,True,True,both_correct
train__c17__user20__5-1-3,user20,0,17,17,17,True,True,both_correct
train__c17__user22__1-2-1,user22,2,17,22,10,False,False,both_wrong
train__c17__user22__1-2-2,user22,2,17,22,9,False,False,both_wrong
train__c17__user22__1-2-3,user22,2,17,17,8,True,False,c1_only
train__c17__user22__4-1-1,user22,2,17,15,10,False,False,both_wrong
train__c17__user22__4-1-2,user22,2,17,15,10,False,False,both_wrong
train__c17__user22__4-1-3,user22,2,17,15,10,False,False,both_wrong
train__c17__user3__3-2-1,user3,0,17,17,17,True,True,both_correct
train__c17__user3__3-2-2,user3,0,17,17,17,True,True,both_correct
train__c17__user3__3-2-3,user3,0,17,17,17,True,True,both_correct
train__c17__user3__4-1-1,user3,0,17,17,17,True,True,both_correct
train__c17__user3__4-1-2,user3,0,17,17,17,True,True,both_correct
train__c17__user3__4-1-3,user3,0,17,17,17,True,True,both_correct
train__c17__user5__4-1-1,user5,2,17,22,22,False,False,both_wrong
train__c17__user5__4-1-2,user5,2,17,22,17,False,True,d1_only
train__c17__user5__4-1-3,user5,2,17,22,17,False,True,d1_only
train__c17__user6__4-1-1,user6,2,17,22,22,False,False,both_wrong
train__c17__user6__4-1-2,user6,2,17,22,22,False,False,both_wrong
train__c17__user6__4-1-3,user6,2,17,21,17,False,True,d1_only
train__c17__user7__4-1-1,user7,2,17,17,20,True,False,c1_only
train__c17__user7__4-1-2,user7,2,17,17,17,True,True,both_correct
train__c17__user7__4-1-3,user7,2,17,9,10,False,False,both_wrong
train__c17__user7__6-3-1,user7,2,17,17,17,True,True,both_correct
train__c17__user8__5-1-1,user8,1,17,26,9,False,False,both_wrong
train__c17__user8__5-1-2,user8,1,17,26,9,False,False,both_wrong
train__c17__user8__5-1-3,user8,1,17,26,9,False,False,both_wrong
train__c17__user9__1-2-2,user9,0,17,34,20,False,False,both_wrong
train__c17__user9__1-2-3,user9,0,17,34,29,False,False,both_wrong
train__c17__user9__4-1-1,user9,0,17,32,12,False,False,both_wrong
train__c17__user9__4-1-2,user9,0,17,20,6,False,False,both_wrong
train__c17__user9__4-1-3,user9,0,17,34,8,False,False,both_wrong
train__c17__user9__4-3-1,user9,0,17,34,12,False,False,both_wrong
train__c17__user9__4-3-2,user9,0,17,32,30,False,False,both_wrong
train__c17__user9__4-3-3,user9,0,17,20,6,False,False,both_wrong
train__c17__user9__6-1-1,user9,0,17,34,22,False,False,both_wrong
train__c17__user9__6-1-2,user9,0,17,17,22,True,False,c1_only
train__c17__user9__6-1-3,user9,0,17,32,20,False,False,both_wrong
train__c18__user18__4-1-1,user18,0,18,22,9,False,False,both_wrong
train__c18__user18__4-1-2,user18,0,18,22,7,False,False,both_wrong
train__c18__user18__4-1-3,user18,0,18,8,9,False,False,both_wrong
train__c18__user18__6-2-1,user18,0,18,17,9,False,False,both_wrong
train__c18__user18__6-2-2,user18,0,18,17,33,False,False,both_wrong
train__c18__user18__6-2-3,user18,0,18,17,7,False,False,both_wrong
train__c18__user20__2-2-1,user20,0,18,17,21,False,False,both_wrong
train__c18__user20__2-2-2,user20,0,18,17,21,False,False,both_wrong
train__c18__user20__2-2-3,user20,0,18,17,20,False,False,both_wrong
train__c18__user22__3-1-1,user22,2,18,9,9,False,False,both_wrong
train__c18__user22__3-1-2,user22,2,18,9,9,False,False,both_wrong
train__c18__user2__4-1-2,user2,1,18,24,7,False,False,both_wrong
train__c18__user2__4-1-3,user2,1,18,24,6,False,False,both_wrong
train__c18__user2__4-3-1,user2,1,18,22,17,False,False,both_wrong
train__c18__user2__4-3-2,user2,1,18,18,17,True,False,c1_only
train__c18__user2__4-3-3,user2,1,18,18,17,True,False,c1_only
train__c18__user3__3-2-1,user3,0,18,17,0,False,False,both_wrong
train__c18__user3__3-2-2,user3,0,18,17,0,False,False,both_wrong
train__c18__user3__3-2-3,user3,0,18,9,17,False,False,both_wrong
train__c18__user5__4-3-1,user5,2,18,22,20,False,False,both_wrong
train__c18__user5__4-3-3,user5,2,18,18,34,True,False,c1_only
train__c18__user6__4-1-1,user6,2,18,22,22,False,False,both_wrong
train__c18__user6__4-1-2,user6,2,18,22,22,False,False,both_wrong
train__c18__user6__4-1-3,user6,2,18,21,17,False,False,both_wrong
train__c18__user8__6-2-1,user8,1,18,8,7,False,False,both_wrong
train__c18__user8__6-2-2,user8,1,18,8,34,False,False,both_wrong
train__c18__user8__6-2-3,user8,1,18,24,7,False,False,both_wrong
train__c19__user16__4-1-1,user16,1,19,19,17,True,False,c1_only
train__c19__user16__4-1-2,user16,1,19,22,9,False,False,both_wrong
train__c19__user16__4-1-3,user16,1,19,7,9,False,False,both_wrong
train__c19__user18__1-2-1,user18,0,19,23,22,False,False,both_wrong
train__c19__user18__1-2-2,user18,0,19,23,12,False,False,both_wrong
train__c19__user18__1-2-3,user18,0,19,20,12,False,False,both_wrong
train__c19__user18__2-1-1,user18,0,19,23,17,False,False,both_wrong
train__c19__user18__2-1-2,user18,0,19,33,21,False,False,both_wrong
train__c19__user18__2-1-3,user18,0,19,33,33,False,False,both_wrong
train__c19__user21__4-1-1,user21,0,19,26,17,False,False,both_wrong
train__c19__user21__4-1-2,user21,0,19,7,7,False,False,both_wrong
train__c19__user21__4-1-3,user21,0,19,7,7,False,False,both_wrong
train__c19__user22__4-1-1,user22,2,19,6,10,False,False,both_wrong
train__c19__user22__4-1-2,user22,2,19,24,10,False,False,both_wrong
train__c19__user22__4-1-3,user22,2,19,24,10,False,False,both_wrong
train__c19__user2__4-1-1,user2,1,19,19,17,True,False,c1_only
train__c19__user2__4-1-2,user2,1,19,6,17,False,False,both_wrong
train__c19__user2__4-1-3,user2,1,19,19,17,True,False,c1_only
train__c19__user3__3-2-1,user3,0,19,7,7,False,False,both_wrong
train__c19__user3__3-2-2,user3,0,19,7,7,False,False,both_wrong
train__c19__user3__3-2-3,user3,0,19,7,7,False,False,both_wrong
train__c19__user3__4-1-1,user3,0,19,7,7,False,False,both_wrong
train__c19__user3__4-1-2,user3,0,19,7,7,False,False,both_wrong
train__c19__user3__4-1-3,user3,0,19,7,7,False,False,both_wrong
train__c19__user5__4-1-1,user5,2,19,22,9,False,False,both_wrong
train__c19__user5__4-1-2,user5,2,19,22,9,False,False,both_wrong
train__c19__user5__4-1-3,user5,2,19,22,22,False,False,both_wrong
train__c19__user6__4-1-1,user6,2,19,23,22,False,False,both_wrong
train__c19__user6__4-1-2,user6,2,19,22,20,False,False,both_wrong
train__c19__user6__4-1-3,user6,2,19,22,20,False,False,both_wrong
train__c19__user8__1-2-1,user8,1,19,26,9,False,False,both_wrong
train__c19__user8__1-2-2,user8,1,19,26,9,False,False,both_wrong
train__c19__user8__1-2-3,user8,1,19,27,9,False,False,both_wrong
train__c19__user8__2-1-1,user8,1,19,34,17,False,False,both_wrong
train__c19__user8__2-1-3,user8,1,19,8,9,False,False,both_wrong
train__c20__user16__4-1-1,user16,1,20,21,17,False,False,both_wrong
train__c20__user16__4-1-2,user16,1,20,20,17,True,False,c1_only
train__c20__user16__4-1-3,user16,1,20,20,17,True,False,c1_only
train__c20__user16__5-3-1,user16,1,20,21,17,False,False,both_wrong
train__c20__user16__5-3-2,user16,1,20,23,17,False,False,both_wrong
train__c20__user16__5-3-3,user16,1,20,6,17,False,False,both_wrong
train__c20__user16__7-3-1,user16,1,20,20,9,True,False,c1_only
train__c20__user16__7-3-2,user16,1,20,20,10,True,False,c1_only
train__c20__user16__7-3-3,user16,1,20,20,36,True,False,c1_only
train__c20__user18__2-1-1,user18,0,20,23,23,False,False,both_wrong
train__c20__user18__2-1-2,user18,0,20,6,7,False,False,both_wrong
train__c20__user18__2-1-3,user18,0,20,6,7,False,False,both_wrong
train__c20__user18__5-1-1,user18,0,20,23,12,False,False,both_wrong
train__c20__user18__5-1-2,user18,0,20,23,22,False,False,both_wrong
train__c20__user18__5-1-3,user18,0,20,23,23,False,False,both_wrong
train__c20__user18__6-2-1,user18,0,20,23,21,False,False,both_wrong
train__c20__user18__6-2-2,user18,0,20,23,20,False,True,d1_only
train__c20__user18__6-2-3,user18,0,20,23,21,False,False,both_wrong
train__c20__user19__4-1-1,user19,2,20,20,22,True,False,c1_only
train__c20__user19__4-1-2,user19,2,20,20,22,True,False,c1_only
train__c20__user19__4-1-3,user19,2,20,20,34,True,False,c1_only
train__c20__user19__5-3-1,user19,2,20,20,9,True,False,c1_only
train__c20__user19__5-3-2,user19,2,20,20,31,True,False,c1_only
train__c20__user19__5-3-3,user19,2,20,20,9,True,False,c1_only
train__c20__user1__3-2-1,user1,1,20,11,9,False,False,both_wrong
train__c20__user1__3-2-2,user1,1,20,11,34,False,False,both_wrong
train__c20__user1__3-2-3,user1,1,20,18,34,False,False,both_wrong
train__c20__user1__5-1-1,user1,1,20,6,20,False,True,d1_only
train__c20__user1__5-1-2,user1,1,20,20,20,True,True,both_correct
train__c20__user1__5-1-3,user1,1,20,6,17,False,False,both_wrong
train__c20__user20__1-1-1,user20,0,20,6,6,False,False,both_wrong
train__c20__user20__1-1-2,user20,0,20,31,36,False,False,both_wrong
train__c20__user20__1-1-3,user20,0,20,6,7,False,False,both_wrong
train__c20__user20__2-2-1,user20,0,20,23,20,False,True,d1_only
train__c20__user20__2-2-2,user20,0,20,23,21,False,False,both_wrong
train__c20__user20__2-2-3,user20,0,20,21,20,False,True,d1_only
train__c20__user20__4-1-1,user20,0,20,23,20,False,True,d1_only
train__c20__user20__4-1-2,user20,0,20,23,34,False,False,both_wrong
train__c20__user20__4-1-3,user20,0,20,23,20,False,True,d1_only
train__c20__user20__5-1-1,user20,0,20,21,21,False,False,both_wrong
train__c20__user20__5-1-2,user20,0,20,21,20,False,True,d1_only
train__c20__user20__5-1-3,user20,0,20,23,20,False,True,d1_only
train__c20__user21__2-2-1,user21,0,20,9,7,False,False,both_wrong
train__c20__user21__2-2-2,user21,0,20,9,7,False,False,both_wrong
train__c20__user21__2-2-3,user21,0,20,6,17,False,False,both_wrong
train__c20__user21__6-2-1,user21,0,20,7,7,False,False,both_wrong
train__c20__user21__6-2-2,user21,0,20,7,7,False,False,both_wrong
train__c20__user21__6-2-3,user21,0,20,7,7,False,False,both_wrong
train__c20__user22__6-1-1,user22,2,20,10,7,False,False,both_wrong
train__c20__user22__6-1-2,user22,2,20,10,7,False,False,both_wrong
train__c20__user22__6-1-3,user22,2,20,7,10,False,False,both_wrong
train__c20__user5__4-1-1,user5,2,20,18,17,False,False,both_wrong
train__c20__user5__4-1-2,user5,2,20,22,22,False,False,both_wrong
train__c20__user5__4-1-3,user5,2,20,22,20,False,True,d1_only
train__c20__user6__4-1-1,user6,2,20,22,8,False,False,both_wrong
train__c20__user6__4-1-2,user6,2,20,22,9,False,False,both_wrong
train__c20__user6__4-1-3,user6,2,20,21,20,False,True,d1_only
train__c20__user6__5-3-1,user6,2,20,19,22,False,False,both_wrong
train__c20__user6__5-3-2,user6,2,20,19,17,False,False,both_wrong
train__c20__user6__5-3-3,user6,2,20,15,20,False,True,d1_only
train__c20__user6__6-2-1,user6,2,20,4,4,False,False,both_wrong
train__c20__user6__6-2-2,user6,2,20,4,36,False,False,both_wrong
train__c20__user6__6-2-3,user6,2,20,4,4,False,False,both_wrong
train__c20__user6__7-3-1,user6,2,20,31,36,False,False,both_wrong
train__c20__user6__7-3-2,user6,2,20,31,6,False,False,both_wrong
train__c20__user6__7-3-3,user6,2,20,34,32,False,False,both_wrong
train__c20__user7__4-1-1,user7,2,20,20,17,True,False,c1_only
train__c20__user7__4-1-2,user7,2,20,20,17,True,False,c1_only
train__c20__user7__4-1-3,user7,2,20,29,10,False,False,both_wrong
train__c20__user8__2-1-1,user8,1,20,8,6,False,False,both_wrong
train__c20__user8__2-1-2,user8,1,20,9,7,False,False,both_wrong
train__c20__user8__2-1-3,user8,1,20,15,34,False,False,both_wrong
train__c20__user8__5-1-1,user8,1,20,7,34,False,False,both_wrong
train__c20__user8__5-1-2,user8,1,20,26,34,False,False,both_wrong
train__c20__user8__5-1-3,user8,1,20,12,36,False,False,both_wrong
train__c20__user8__6-2-1,user8,1,20,12,20,False,True,d1_only
train__c20__user9__5-3-1,user9,0,20,6,6,False,False,both_wrong
train__c20__user9__5-3-2,user9,0,20,6,7,False,False,both_wrong
train__c20__user9__5-3-3,user9,0,20,29,31,False,False,both_wrong
train__c20__user9__6-1-1,user9,0,20,21,23,False,False,both_wrong
train__c20__user9__6-1-2,user9,0,20,21,21,False,False,both_wrong
train__c20__user9__6-1-3,user9,0,20,17,29,False,False,both_wrong
train__c21__user16__4-1-1,user16,1,21,10,17,False,False,both_wrong
train__c21__user16__4-1-2,user16,1,21,22,17,False,False,both_wrong
train__c21__user16__4-1-3,user16,1,21,21,20,True,False,c1_only
train__c21__user16__7-3-1,user16,1,21,9,9,False,False,both_wrong
train__c21__user16__7-3-2,user16,1,21,22,33,False,False,both_wrong
train__c21__user16__7-3-3,user16,1,21,22,9,False,False,both_wrong
train__c21__user18__1-2-1,user18,0,21,29,13,False,False,both_wrong
train__c21__user18__1-2-2,user18,0,21,29,34,False,False,both_wrong
train__c21__user18__1-2-3,user18,0,21,29,7,False,False,both_wrong
train__c21__user18__4-1-1,user18,0,21,17,22,False,False,both_wrong
train__c21__user18__4-1-2,user18,0,21,22,17,False,False,both_wrong
train__c21__user18__4-1-3,user18,0,21,22,9,False,False,both_wrong
train__c21__user19__4-1-1,user19,2,21,21,10,True,False,c1_only
train__c21__user19__4-1-2,user19,2,21,21,22,True,False,c1_only
train__c21__user19__4-1-3,user19,2,21,23,22,False,False,both_wrong
train__c21__user1__6-2-1,user1,1,21,17,20,False,False,both_wrong
train__c21__user1__6-2-2,user1,1,21,10,20,False,False,both_wrong
train__c21__user1__6-2-3,user1,1,21,9,10,False,False,both_wrong
train__c21__user20__4-1-1,user20,0,21,23,17,False,False,both_wrong
train__c21__user20__4-1-2,user20,0,21,23,20,False,False,both_wrong
train__c21__user20__4-1-3,user20,0,21,23,7,False,False,both_wrong
train__c21__user22__1-2-1,user22,2,21,22,22,False,False,both_wrong
train__c21__user22__1-2-2,user22,2,21,21,21,True,True,both_correct
train__c21__user22__1-2-3,user22,2,21,21,21,True,True,both_correct
train__c21__user22__4-1-1,user22,2,21,17,11,False,False,both_wrong
train__c21__user22__4-1-2,user22,2,21,32,10,False,False,both_wrong
train__c21__user22__4-1-3,user22,2,21,17,11,False,False,both_wrong
train__c21__user2__3-2-2,user2,1,21,21,20,True,False,c1_only
train__c21__user2__3-2-3,user2,1,21,10,17,False,False,both_wrong
train__c21__user3__4-1-1,user3,0,21,24,6,False,False,both_wrong
train__c21__user3__4-1-2,user3,0,21,24,7,False,False,both_wrong
train__c21__user3__4-1-3,user3,0,21,17,9,False,False,both_wrong
train__c21__user3__5-2-1,user3,0,21,24,0,False,False,both_wrong
train__c21__user3__5-2-2,user3,0,21,7,0,False,False,both_wrong
train__c21__user3__5-2-3,user3,0,21,17,0,False,False,both_wrong
train__c21__user3__6-2-2,user3,0,21,7,7,False,False,both_wrong
train__c21__user3__6-2-3,user3,0,21,20,12,False,False,both_wrong
train__c21__user6__4-1-1,user6,2,21,21,9,True,False,c1_only
train__c21__user6__4-1-2,user6,2,21,21,9,True,False,c1_only
train__c21__user6__4-1-3,user6,2,21,22,20,False,False,both_wrong
train__c21__user6__7-3-1,user6,2,21,22,9,False,False,both_wrong
train__c21__user6__7-3-2,user6,2,21,22,9,False,False,both_wrong
train__c21__user6__7-3-3,user6,2,21,22,9,False,False,both_wrong
train__c21__user7__4-1-1,user7,2,21,21,17,True,False,c1_only
train__c21__user7__4-1-2,user7,2,21,21,29,True,False,c1_only
train__c21__user7__4-1-3,user7,2,21,29,8,False,False,both_wrong
train__c21__user8__1-2-1,user8,1,21,26,9,False,False,both_wrong
train__c21__user8__1-2-2,user8,1,21,24,9,False,False,both_wrong
train__c21__user8__1-2-3,user8,1,21,24,9,False,False,both_wrong
train__c21__user8__4-1-1,user8,1,21,22,17,False,False,both_wrong
train__c21__user8__4-1-2,user8,1,21,22,17,False,False,both_wrong
train__c21__user8__4-1-3,user8,1,21,22,17,False,False,both_wrong
train__c21__user9__4-1-1,user9,0,21,20,12,False,False,both_wrong
train__c21__user9__4-1-2,user9,0,21,21,22,True,False,c1_only
train__c21__user9__4-1-3,user9,0,21,30,30,False,False,both_wrong
train__c21__user9__6-1-1,user9,0,21,21,22,True,False,c1_only
train__c21__user9__6-1-2,user9,0,21,21,21,True,True,both_correct
train__c21__user9__6-1-3,user9,0,21,17,21,False,True,d1_only
train__c22__user16__4-1-1,user16,1,22,21,17,False,False,both_wrong
train__c22__user16__4-1-2,user16,1,22,22,17,True,False,c1_only
train__c22__user16__4-1-3,user16,1,22,21,17,False,False,both_wrong
train__c22__user16__7-3-1,user16,1,22,22,9,True,False,c1_only
train__c22__user16__7-3-2,user16,1,22,22,17,True,False,c1_only
train__c22__user16__7-3-3,user16,1,22,22,17,True,False,c1_only
train__c22__user18__1-2-1,user18,0,22,7,7,False,False,both_wrong
train__c22__user18__1-2-2,user18,0,22,29,34,False,False,both_wrong
train__c22__user18__1-2-3,user18,0,22,23,20,False,False,both_wrong
train__c22__user18__4-1-1,user18,0,22,17,22,False,True,d1_only
train__c22__user18__4-1-2,user18,0,22,17,9,False,False,both_wrong
train__c22__user18__4-1-3,user18,0,22,22,9,True,False,c1_only
train__c22__user1__6-2-1,user1,1,22,17,20,False,False,both_wrong
train__c22__user1__6-2-2,user1,1,22,12,17,False,False,both_wrong
train__c22__user1__6-2-3,user1,1,22,9,10,False,False,both_wrong
train__c22__user20__2-2-1,user20,0,22,17,21,False,False,both_wrong
train__c22__user20__2-2-2,user20,0,22,21,29,False,False,both_wrong
train__c22__user20__2-2-3,user20,0,22,21,34,False,False,both_wrong
train__c22__user20__4-1-1,user20,0,22,23,6,False,False,both_wrong
train__c22__user20__4-1-2,user20,0,22,23,6,False,False,both_wrong
train__c22__user20__4-1-3,user20,0,22,23,7,False,False,both_wrong
train__c22__user21__2-2-1,user21,0,22,8,9,False,False,both_wrong
train__c22__user21__2-2-2,user21,0,22,8,9,False,False,both_wrong
train__c22__user21__2-2-3,user21,0,22,8,9,False,False,both_wrong
train__c22__user22__4-1-1,user22,2,22,11,10,False,False,both_wrong
train__c22__user22__4-1-2,user22,2,22,11,10,False,False,both_wrong
train__c22__user22__4-1-3,user22,2,22,11,10,False,False,both_wrong
train__c22__user2__3-2-2,user2,1,22,21,17,False,False,both_wrong
train__c22__user2__3-2-3,user2,1,22,38,17,False,False,both_wrong
train__c22__user3__4-1-1,user3,0,22,23,7,False,False,both_wrong
train__c22__user3__4-1-2,user3,0,22,24,7,False,False,both_wrong
train__c22__user3__4-1-3,user3,0,22,17,9,False,False,both_wrong
train__c22__user3__5-2-1,user3,0,22,7,7,False,False,both_wrong
train__c22__user3__5-2-2,user3,0,22,24,7,False,False,both_wrong
train__c22__user3__5-2-3,user3,0,22,7,7,False,False,both_wrong
train__c22__user5__2-1-1,user5,2,22,22,21,True,False,c1_only
train__c22__user5__2-1-2,user5,2,22,17,17,False,False,both_wrong
train__c22__user5__2-1-3,user5,2,22,17,17,False,False,both_wrong
train__c22__user6__4-1-1,user6,2,22,21,9,False,False,both_wrong
train__c22__user6__4-1-2,user6,2,22,21,9,False,False,both_wrong
train__c22__user6__4-1-3,user6,2,22,22,20,True,False,c1_only
train__c22__user6__7-3-1,user6,2,22,22,9,True,False,c1_only
train__c22__user6__7-3-2,user6,2,22,22,9,True,False,c1_only
train__c22__user6__7-3-3,user6,2,22,22,9,True,False,c1_only
train__c22__user8__4-1-1,user8,1,22,22,17,True,False,c1_only
train__c22__user8__4-1-2,user8,1,22,22,17,True,False,c1_only
train__c22__user8__4-1-3,user8,1,22,22,17,True,False,c1_only
train__c22__user8__6-2-1,user8,1,22,24,9,False,False,both_wrong
train__c22__user8__6-2-2,user8,1,22,26,7,False,False,both_wrong
train__c22__user8__6-2-3,user8,1,22,26,9,False,False,both_wrong
train__c23__user16__4-1-1,user16,1,23,23,21,True,False,c1_only
train__c23__user16__4-1-2,user16,1,23,23,17,True,False,c1_only
train__c23__user16__4-1-3,user16,1,23,23,9,True,False,c1_only
train__c23__user16__5-1-1,user16,1,23,21,34,False,False,both_wrong
train__c23__user16__5-1-2,user16,1,23,26,9,False,False,both_wrong
train__c23__user16__5-1-3,user16,1,23,19,9,False,False,both_wrong
train__c23__user18__1-2-1,user18,0,23,20,12,False,False,both_wrong
train__c23__user18__1-2-2,user18,0,23,23,12,True,False,c1_only
train__c23__user18__1-2-3,user18,0,23,23,23,True,True,both_correct
train__c23__user19__1-2-1,user19,2,23,23,8,True,False,c1_only
train__c23__user19__1-2-2,user19,2,23,23,22,True,False,c1_only
train__c23__user19__1-2-3,user19,2,23,23,10,True,False,c1_only
train__c23__user19__3-3-1,user19,2,23,23,17,True,False,c1_only
train__c23__user19__3-3-2,user19,2,23,23,13,True,False,c1_only
train__c23__user19__3-3-3,user19,2,23,23,20,True,False,c1_only
train__c23__user1__5-1-1,user1,1,23,21,17,False,False,both_wrong
train__c23__user1__5-1-2,user1,1,23,17,9,False,False,both_wrong
train__c23__user1__5-1-3,user1,1,23,17,9,False,False,both_wrong
train__c23__user20__6-3-1,user20,0,23,23,6,True,False,c1_only
train__c23__user20__6-3-2,user20,0,23,6,7,False,False,both_wrong
train__c23__user20__6-3-3,user20,0,23,6,7,False,False,both_wrong
train__c23__user21__1-2-1,user21,0,23,6,9,False,False,both_wrong
train__c23__user21__1-2-2,user21,0,23,23,17,True,False,c1_only
train__c23__user21__1-2-3,user21,0,23,6,9,False,False,both_wrong
train__c23__user21__5-2-1,user21,0,23,6,20,False,False,both_wrong
train__c23__user21__5-2-2,user21,0,23,6,7,False,False,both_wrong
train__c23__user21__5-2-3,user21,0,23,6,7,False,False,both_wrong
train__c23__user22__1-2-1,user22,2,23,23,9,True,False,c1_only
train__c23__user22__1-2-2,user22,2,23,23,20,True,False,c1_only
train__c23__user22__1-2-3,user22,2,23,23,20,True,False,c1_only
train__c23__user2__6-1-2,user2,1,23,23,17,True,False,c1_only
train__c23__user2__7-3-1,user2,1,23,23,17,True,False,c1_only
train__c23__user2__7-3-2,user2,1,23,23,9,True,False,c1_only
train__c23__user2__7-3-3,user2,1,23,23,20,True,False,c1_only
train__c23__user3__1-2-1,user3,0,23,36,36,False,False,both_wrong
train__c23__user3__1-2-2,user3,0,23,36,36,False,False,both_wrong
train__c23__user3__3-2-1,user3,0,23,7,6,False,False,both_wrong
train__c23__user3__3-2-2,user3,0,23,7,20,False,False,both_wrong
train__c23__user3__3-2-3,user3,0,23,7,6,False,False,both_wrong
train__c23__user6__4-1-1,user6,2,23,23,21,True,False,c1_only
train__c23__user6__4-1-2,user6,2,23,23,20,True,False,c1_only
train__c23__user6__4-1-3,user6,2,23,23,34,True,False,c1_only
train__c23__user7__6-2-1,user7,2,23,5,31,False,False,both_wrong
train__c23__user7__6-2-2,user7,2,23,20,6,False,False,both_wrong
train__c23__user7__6-2-3,user7,2,23,31,12,False,False,both_wrong
train__c23__user7__7-1-1,user7,2,23,31,30,False,False,both_wrong
train__c23__user7__7-1-2,user7,2,23,20,36,False,False,both_wrong
train__c23__user7__7-1-3,user7,2,23,23,34,True,False,c1_only
train__c23__user8__2-1-1,user8,1,23,8,34,False,False,both_wrong
train__c23__user8__2-1-2,user8,1,23,27,9,False,False,both_wrong
train__c23__user8__2-1-3,user8,1,23,7,9,False,False,both_wrong
train__c23__user8__4-1-3,user8,1,23,22,17,False,False,both_wrong
train__c23__user9__1-2-1,user9,0,23,23,21,True,False,c1_only
train__c23__user9__1-2-2,user9,0,23,23,21,True,False,c1_only
train__c23__user9__1-2-3,user9,0,23,23,21,True,False,c1_only
train__c23__user9__3-3-1,user9,0,23,6,36,False,False,both_wrong
train__c23__user9__3-3-2,user9,0,23,6,36,False,False,both_wrong
train__c23__user9__3-3-3,user9,0,23,6,36,False,False,both_wrong
train__c24__user16__6-2-1,user16,1,24,11,7,False,False,both_wrong
train__c24__user16__6-2-2,user16,1,24,11,7,False,False,both_wrong
train__c24__user16__6-2-3,user16,1,24,7,10,False,False,both_wrong
train__c24__user20__4-1-1,user20,0,24,23,7,False,False,both_wrong
train__c24__user20__4-1-2,user20,0,24,23,7,False,False,both_wrong
train__c24__user20__4-1-3,user20,0,24,23,17,False,False,both_wrong
train__c24__user21__1-2-1,user21,0,24,8,7,False,False,both_wrong
train__c24__user21__1-2-2,user21,0,24,22,17,False,False,both_wrong
train__c24__user21__1-2-3,user21,0,24,8,9,False,False,both_wrong
train__c24__user21__4-1-1,user21,0,24,33,17,False,False,both_wrong
train__c24__user21__4-1-2,user21,0,24,7,7,False,False,both_wrong
train__c24__user21__4-1-3,user21,0,24,17,7,False,False,both_wrong
train__c24__user21__5-2-1,user21,0,24,7,7,False,False,both_wrong
train__c24__user21__5-2-2,user21,0,24,7,7,False,False,both_wrong
train__c24__user21__5-2-3,user21,0,24,7,7,False,False,both_wrong
train__c24__user22__5-2-1,user22,2,24,19,10,False,False,both_wrong
train__c24__user22__5-2-2,user22,2,24,19,24,False,True,d1_only
train__c24__user22__5-2-3,user22,2,24,19,24,False,True,d1_only
train__c24__user2__6-1-1,user2,1,24,22,17,False,False,both_wrong
train__c24__user2__6-1-2,user2,1,24,10,17,False,False,both_wrong
train__c24__user2__7-3-1,user2,1,24,7,9,False,False,both_wrong
train__c24__user2__7-3-2,user2,1,24,10,17,False,False,both_wrong
train__c24__user2__7-3-3,user2,1,24,11,9,False,False,both_wrong
train__c24__user6__5-1-1,user6,2,24,33,33,False,False,both_wrong
train__c24__user6__5-1-2,user6,2,24,17,17,False,False,both_wrong
train__c24__user6__5-1-3,user6,2,24,11,17,False,False,both_wrong
train__c24__user6__6-2-1,user6,2,24,4,4,False,False,both_wrong
train__c24__user6__6-2-2,user6,2,24,4,36,False,False,both_wrong
train__c24__user6__6-2-3,user6,2,24,4,4,False,False,both_wrong
train__c24__user7__1-2-1,user7,2,24,19,20,False,False,both_wrong
train__c24__user7__1-2-2,user7,2,24,33,20,False,False,both_wrong
train__c24__user7__1-2-3,user7,2,24,20,20,False,False,both_wrong
train__c25__user1__5-1-1,user1,1,25,20,20,False,False,both_wrong
train__c25__user1__5-1-2,user1,1,25,17,6,False,False,both_wrong
train__c25__user1__5-1-3,user1,1,25,39,9,False,False,both_wrong
train__c25__user7__5-1-1,user7,2,25,20,17,False,False,both_wrong
train__c25__user7__5-1-2,user7,2,25,20,17,False,False,both_wrong
train__c25__user7__5-1-3,user7,2,25,20,17,False,False,both_wrong
train__c26__user16__5-3-1,user16,1,26,8,23,False,False,both_wrong
train__c26__user16__5-3-2,user16,1,26,19,9,False,False,both_wrong
train__c26__user16__5-3-3,user16,1,26,7,9,False,False,both_wrong
train__c26__user19__3-1-1,user19,2,26,17,17,False,False,both_wrong
train__c26__user19__3-1-2,user19,2,26,17,17,False,False,both_wrong
train__c26__user19__3-1-3,user19,2,26,8,17,False,False,both_wrong
train__c26__user19__5-1-1,user19,2,26,22,22,False,False,both_wrong
train__c26__user19__5-1-2,user19,2,26,22,22,False,False,both_wrong
train__c26__user19__5-1-3,user19,2,26,22,24,False,False,both_wrong
train__c26__user19__5-3-1,user19,2,26,22,22,False,False,both_wrong
train__c26__user19__5-3-2,user19,2,26,22,10,False,False,both_wrong
train__c26__user19__6-2-1,user19,2,26,33,17,False,False,both_wrong
train__c26__user19__6-2-2,user19,2,26,33,33,False,False,both_wrong
train__c26__user19__6-2-3,user19,2,26,33,33,False,False,both_wrong
train__c26__user6__5-3-1,user6,2,26,17,20,False,False,both_wrong
train__c26__user6__5-3-2,user6,2,26,19,9,False,False,both_wrong
train__c26__user9__3-1-1,user9,0,26,26,17,True,False,c1_only
train__c26__user9__3-1-2,user9,0,26,7,17,False,False,both_wrong
train__c26__user9__3-1-3,user9,0,26,20,17,False,False,both_wrong
train__c26__user9__5-1-1,user9,0,26,21,22,False,False,both_wrong
train__c26__user9__5-1-2,user9,0,26,21,22,False,False,both_wrong
train__c26__user9__5-1-3,user9,0,26,22,22,False,False,both_wrong
train__c26__user9__5-3-1,user9,0,26,21,22,False,False,both_wrong
train__c26__user9__5-3-2,user9,0,26,21,22,False,False,both_wrong
train__c26__user9__5-3-3,user9,0,26,21,22,False,False,both_wrong
train__c26__user9__6-2-1,user9,0,26,24,17,False,False,both_wrong
train__c26__user9__6-2-2,user9,0,26,24,34,False,False,both_wrong
train__c26__user9__6-2-3,user9,0,26,7,20,False,False,both_wrong
train__c27__user18__1-2-1,user18,0,27,6,20,False,False,both_wrong
train__c27__user18__1-2-2,user18,0,27,31,6,False,False,both_wrong
train__c27__user18__1-2-3,user18,0,27,20,12,False,False,both_wrong
train__c27__user19__6-2-1,user19,2,27,33,33,False,False,both_wrong
train__c27__user19__6-2-2,user19,2,27,33,17,False,False,both_wrong
train__c27__user19__6-2-3,user19,2,27,33,0,False,False,both_wrong
train__c27__user1__5-1-1,user1,1,27,23,17,False,False,both_wrong
train__c27__user1__5-1-2,user1,1,27,20,17,False,False,both_wrong
train__c27__user1__5-1-3,user1,1,27,6,17,False,False,both_wrong
train__c27__user20__7-2-1,user20,0,27,6,6,False,False,both_wrong
train__c27__user20__7-2-2,user20,0,27,6,7,False,False,both_wrong
train__c27__user20__7-2-3,user20,0,27,6,7,False,False,both_wrong
train__c27__user21__5-1-1,user21,0,27,6,6,False,False,both_wrong
train__c27__user21__5-1-2,user21,0,27,7,7,False,False,both_wrong
train__c27__user21__5-1-3,user21,0,27,7,7,False,False,both_wrong
train__c27__user22__4-2-1,user22,2,27,37,9,False,False,both_wrong
train__c27__user22__4-2-2,user22,2,27,37,9,False,False,both_wrong
train__c27__user22__4-2-3,user22,2,27,37,9,False,False,both_wrong
train__c27__user7__1-2-1,user7,2,27,26,20,False,False,both_wrong
train__c27__user7__1-2-2,user7,2,27,20,17,False,False,both_wrong
train__c27__user7__1-2-3,user7,2,27,27,17,True,False,c1_only
train__c27__user8__1-2-1,user8,1,27,27,9,True,False,c1_only
train__c27__user8__1-2-2,user8,1,27,37,9,False,False,both_wrong
train__c27__user8__1-2-3,user8,1,27,37,9,False,False,both_wrong
train__c27__user9__6-2-1,user9,0,27,23,17,False,False,both_wrong
train__c27__user9__6-2-2,user9,0,27,23,21,False,False,both_wrong
train__c27__user9__6-2-3,user9,0,27,6,20,False,False,both_wrong
train__c28__user16__4-1-1,user16,1,28,36,36,False,False,both_wrong
train__c28__user16__4-1-2,user16,1,28,28,31,True,False,c1_only
train__c28__user16__4-1-3,user16,1,28,3,31,False,False,both_wrong
train__c28__user18__5-1-1,user18,0,28,36,36,False,False,both_wrong
train__c28__user18__5-1-2,user18,0,28,28,31,True,False,c1_only
train__c28__user18__5-1-3,user18,0,28,36,36,False,False,both_wrong
train__c28__user22__7-2-1,user22,2,28,28,31,True,False,c1_only
train__c28__user22__7-2-2,user22,2,28,28,31,True,False,c1_only
train__c28__user22__7-2-3,user22,2,28,28,36,True,False,c1_only
train__c28__user2__5-1-1,user2,1,28,28,31,True,False,c1_only
train__c28__user2__5-1-2,user2,1,28,28,31,True,False,c1_only
train__c28__user2__5-1-3,user2,1,28,5,31,False,False,both_wrong
train__c28__user2__6-1-1,user2,1,28,28,31,True,False,c1_only
train__c28__user2__6-1-2,user2,1,28,28,31,True,False,c1_only
train__c28__user3__2-1-1,user3,0,28,28,30,True,False,c1_only
train__c28__user3__2-1-2,user3,0,28,36,30,False,False,both_wrong
train__c28__user3__2-1-3,user3,0,28,28,30,True,False,c1_only
train__c28__user6__4-1-1,user6,2,28,12,36,False,False,both_wrong
train__c28__user6__4-1-2,user6,2,28,12,36,False,False,both_wrong
train__c28__user6__4-1-3,user6,2,28,12,36,False,False,both_wrong
train__c28__user7__3-1-1,user7,2,28,28,31,True,False,c1_only
train__c28__user7__3-1-2,user7,2,28,28,31,True,False,c1_only
train__c28__user7__3-1-3,user7,2,28,28,36,True,False,c1_only
train__c28__user8__5-1-1,user8,1,28,28,5,True,False,c1_only
train__c28__user8__5-1-2,user8,1,28,28,36,True,False,c1_only
train__c28__user8__5-1-3,user8,1,28,28,31,True,False,c1_only
train__c29__user16__3-1-1,user16,1,29,7,23,False,False,both_wrong
train__c29__user16__3-1-2,user16,1,29,29,31,True,False,c1_only
train__c29__user16__3-1-3,user16,1,29,29,36,True,False,c1_only
train__c29__user18__6-1-1,user18,0,29,34,36,False,False,both_wrong
train__c29__user18__6-1-2,user18,0,29,34,32,False,False,both_wrong
train__c29__user18__6-1-3,user18,0,29,34,36,False,False,both_wrong
train__c29__user19__2-2-1,user19,2,29,12,29,False,True,d1_only
train__c29__user19__2-2-2,user19,2,29,29,29,True,True,both_correct
train__c29__user19__2-2-3,user19,2,29,29,29,True,True,both_correct
train__c29__user19__3-3-1,user19,2,29,29,31,True,False,c1_only
train__c29__user19__3-3-2,user19,2,29,29,29,True,True,both_correct
train__c29__user19__3-3-3,user19,2,29,29,29,True,True,both_correct
train__c29__user19__4-2-1,user19,2,29,29,29,True,True,both_correct
train__c29__user19__4-2-2,user19,2,29,29,29,True,True,both_correct
train__c29__user19__4-2-3,user19,2,29,29,36,True,False,c1_only
train__c29__user19__5-3-1,user19,2,29,29,29,True,True,both_correct
train__c29__user19__5-3-2,user19,2,29,29,29,True,True,both_correct
train__c29__user19__5-3-3,user19,2,29,29,29,True,True,both_correct
train__c29__user1__1-1-1,user1,1,29,37,31,False,False,both_wrong
train__c29__user1__1-1-2,user1,1,29,3,36,False,False,both_wrong
train__c29__user1__1-1-3,user1,1,29,3,36,False,False,both_wrong
train__c29__user1__3-2-1,user1,1,29,12,36,False,False,both_wrong
train__c29__user1__3-2-2,user1,1,29,36,31,False,False,both_wrong
train__c29__user1__3-2-3,user1,1,29,3,36,False,False,both_wrong
train__c29__user20__1-2-1,user20,0,29,29,34,True,False,c1_only
train__c29__user20__1-2-2,user20,0,29,29,34,True,False,c1_only
train__c29__user20__1-2-3,user20,0,29,29,34,True,False,c1_only
train__c29__user20__6-1-1,user20,0,29,36,29,False,True,d1_only
train__c29__user20__6-1-2,user20,0,29,29,29,True,True,both_correct
train__c29__user20__6-1-3,user20,0,29,36,29,False,True,d1_only
train__c29__user21__3-2-1,user21,0,29,34,36,False,False,both_wrong
train__c29__user21__3-2-2,user21,0,29,32,36,False,False,both_wrong
train__c29__user21__3-2-3,user21,0,29,34,36,False,False,both_wrong
train__c29__user22__6-2-1,user22,2,29,32,32,False,False,both_wrong
train__c29__user22__6-2-2,user22,2,29,29,12,True,False,c1_only
train__c29__user22__6-2-3,user22,2,29,23,31,False,False,both_wrong
train__c29__user2__2-2-1,user2,1,29,15,20,False,False,both_wrong
train__c29__user2__2-2-2,user2,1,29,34,36,False,False,both_wrong
train__c29__user2__2-2-3,user2,1,29,34,36,False,False,both_wrong
train__c29__user2__5-1-1,user2,1,29,29,31,True,False,c1_only
train__c29__user2__5-1-2,user2,1,29,29,31,True,False,c1_only
train__c29__user2__5-1-3,user2,1,29,29,31,True,False,c1_only
train__c29__user3__2-1-1,user3,0,29,29,29,True,True,both_correct
train__c29__user3__2-1-2,user3,0,29,29,29,True,True,both_correct
train__c29__user3__2-1-3,user3,0,29,29,29,True,True,both_correct
train__c29__user6__3-1-1,user6,2,29,35,34,False,False,both_wrong
train__c29__user6__3-1-2,user6,2,29,29,30,True,False,c1_only
train__c29__user6__3-1-3,user6,2,29,29,29,True,True,both_correct
train__c29__user7__4-1-1,user7,2,29,29,29,True,True,both_correct
train__c29__user7__4-1-2,user7,2,29,29,29,True,True,both_correct
train__c29__user7__4-1-3,user7,2,29,29,34,True,False,c1_only
train__c29__user9__2-2-1,user9,0,29,32,34,False,False,both_wrong
train__c29__user9__2-2-2,user9,0,29,32,34,False,False,both_wrong
train__c29__user9__2-2-3,user9,0,29,34,34,False,False,both_wrong
train__c29__user9__3-3-1,user9,0,29,29,29,True,True,both_correct
train__c29__user9__3-3-2,user9,0,29,23,36,False,False,both_wrong
train__c29__user9__3-3-3,user9,0,29,31,36,False,False,both_wrong
train__c29__user9__4-2-2,user9,0,29,29,29,True,True,both_correct
train__c29__user9__4-2-3,user9,0,29,29,29,True,True,both_correct
train__c29__user9__5-3-1,user9,0,29,29,29,True,True,both_correct
train__c29__user9__5-3-2,user9,0,29,29,34,True,False,c1_only
train__c29__user9__5-3-3,user9,0,29,29,29,True,True,both_correct
train__c30__user16__6-1-1,user16,1,30,30,31,True,False,c1_only
train__c30__user16__6-1-2,user16,1,30,30,31,True,False,c1_only
train__c30__user16__6-1-3,user16,1,30,30,31,True,False,c1_only
train__c30__user18__6-2-1,user18,0,30,30,36,True,False,c1_only
train__c30__user18__6-2-2,user18,0,30,30,36,True,False,c1_only
train__c30__user18__6-2-3,user18,0,30,30,29,True,False,c1_only
train__c30__user19__2-2-1,user19,2,30,30,29,True,False,c1_only
train__c30__user19__2-2-2,user19,2,30,30,29,True,False,c1_only
train__c30__user19__2-2-3,user19,2,30,30,29,True,False,c1_only
train__c30__user1__1-1-1,user1,1,30,3,31,False,False,both_wrong
train__c30__user1__1-1-2,user1,1,30,3,31,False,False,both_wrong
train__c30__user1__1-1-3,user1,1,30,30,31,True,False,c1_only
train__c30__user20__6-1-1,user20,0,30,30,31,True,False,c1_only
train__c30__user20__6-1-2,user20,0,30,30,30,True,True,both_correct
train__c30__user20__6-1-3,user20,0,30,30,30,True,True,both_correct
train__c30__user21__3-2-1,user21,0,30,31,31,False,False,both_wrong
train__c30__user21__3-2-2,user21,0,30,30,31,True,False,c1_only
train__c30__user21__3-2-3,user21,0,30,31,36,False,False,both_wrong
train__c30__user22__6-2-1,user22,2,30,30,31,True,False,c1_only
train__c30__user22__6-2-2,user22,2,30,30,31,True,False,c1_only
train__c30__user22__6-2-3,user22,2,30,30,30,True,True,both_correct
train__c30__user2__5-1-1,user2,1,30,30,31,True,False,c1_only
train__c30__user2__5-1-2,user2,1,30,30,31,True,False,c1_only
train__c30__user2__5-1-3,user2,1,30,30,31,True,False,c1_only
train__c30__user2__6-1-1,user2,1,30,30,31,True,False,c1_only
train__c30__user2__6-1-2,user2,1,30,30,31,True,False,c1_only
train__c30__user6__6-1-1,user6,2,30,30,29,True,False,c1_only
train__c30__user6__6-1-2,user6,2,30,30,31,True,False,c1_only
train__c30__user6__6-1-3,user6,2,30,30,29,True,False,c1_only
train__c30__user7__2-2-1,user7,2,30,30,30,True,True,both_correct
train__c30__user7__2-2-2,user7,2,30,30,30,True,True,both_correct
train__c30__user7__2-2-3,user7,2,30,30,29,True,False,c1_only
train__c30__user8__6-2-1,user8,1,30,30,36,True,False,c1_only
train__c30__user8__6-2-2,user8,1,30,30,36,True,False,c1_only
train__c30__user8__6-2-3,user8,1,30,30,36,True,False,c1_only
train__c30__user9__2-2-1,user9,0,30,30,30,True,True,both_correct
train__c30__user9__2-2-2,user9,0,30,30,29,True,False,c1_only
train__c30__user9__2-2-3,user9,0,30,31,36,False,False,both_wrong
train__c31__user18__5-1-1,user18,0,31,31,29,True,False,c1_only
train__c31__user18__5-1-2,user18,0,31,31,31,True,True,both_correct
train__c31__user18__5-1-3,user18,0,31,30,29,False,False,both_wrong
train__c31__user18__6-1-1,user18,0,31,31,12,True,False,c1_only
train__c31__user18__6-1-2,user18,0,31,31,31,True,True,both_correct
train__c31__user18__6-1-3,user18,0,31,31,31,True,True,both_correct
train__c31__user18__6-2-1,user18,0,31,31,31,True,True,both_correct
train__c31__user18__6-2-2,user18,0,31,31,31,True,True,both_correct
train__c31__user18__6-2-3,user18,0,31,31,31,True,True,both_correct
train__c31__user19__1-1-1,user19,2,31,31,2,True,False,c1_only
train__c31__user19__1-1-2,user19,2,31,5,5,False,False,both_wrong
train__c31__user19__1-1-3,user19,2,31,5,31,False,True,d1_only
train__c31__user19__4-2-1,user19,2,31,31,31,True,True,both_correct
train__c31__user19__4-2-2,user19,2,31,31,31,True,True,both_correct
train__c31__user19__4-2-3,user19,2,31,31,31,True,True,both_correct
train__c31__user1__7-1-1,user1,1,31,31,20,True,False,c1_only
train__c31__user1__7-1-2,user1,1,31,31,21,True,False,c1_only
train__c31__user1__7-1-3,user1,1,31,31,31,True,True,both_correct
train__c31__user20__1-2-1,user20,0,31,31,6,True,False,c1_only
train__c31__user20__1-2-2,user20,0,31,31,31,True,True,both_correct
train__c31__user20__1-2-3,user20,0,31,31,6,True,False,c1_only
train__c31__user22__3-2-1,user22,2,31,31,36,True,False,c1_only
train__c31__user22__3-2-2,user22,2,31,31,36,True,False,c1_only
train__c31__user22__3-2-3,user22,2,31,31,36,True,False,c1_only
train__c31__user22__6-2-1,user22,2,31,31,31,True,True,both_correct
train__c31__user22__6-2-2,user22,2,31,31,31,True,True,both_correct
train__c31__user22__6-2-3,user22,2,31,31,31,True,True,both_correct
train__c31__user22__7-3-1,user22,2,31,31,20,True,False,c1_only
train__c31__user22__7-3-2,user22,2,31,31,10,True,False,c1_only
train__c31__user22__7-3-3,user22,2,31,31,20,True,False,c1_only
train__c31__user2__1-2-1,user2,1,31,2,36,False,False,both_wrong
train__c31__user2__1-2-2,user2,1,31,5,36,False,False,both_wrong
train__c31__user2__1-2-3,user2,1,31,5,36,False,False,both_wrong
train__c31__user2__2-2-1,user2,1,31,31,23,True,False,c1_only
train__c31__user2__2-2-2,user2,1,31,31,31,True,True,both_correct
train__c31__user2__2-2-3,user2,1,31,31,36,True,False,c1_only
train__c31__user2__6-1-1,user2,1,31,31,31,True,True,both_correct
train__c31__user2__6-1-2,user2,1,31,31,31,True,True,both_correct
train__c31__user2__7-3-1,user2,1,31,31,31,True,True,both_correct
train__c31__user2__7-3-2,user2,1,31,31,31,True,True,both_correct
train__c31__user2__7-3-3,user2,1,31,31,31,True,True,both_correct
train__c31__user3__2-1-1,user3,0,31,31,31,True,True,both_correct
train__c31__user3__2-1-2,user3,0,31,31,31,True,True,both_correct
train__c31__user3__2-1-3,user3,0,31,31,31,True,True,both_correct
train__c31__user3__7-1-1,user3,0,31,31,31,True,True,both_correct
train__c31__user3__7-1-2,user3,0,31,31,31,True,True,both_correct
train__c31__user3__7-1-3,user3,0,31,31,31,True,True,both_correct
train__c31__user7__2-2-1,user7,2,31,30,30,False,False,both_wrong
train__c31__user7__2-2-2,user7,2,31,30,30,False,False,both_wrong
train__c31__user7__2-2-3,user7,2,31,30,30,False,False,both_wrong
train__c31__user7__4-1-1,user7,2,31,30,31,False,True,d1_only
train__c31__user7__4-1-2,user7,2,31,31,36,True,False,c1_only
train__c31__user7__4-1-3,user7,2,31,31,30,True,False,c1_only
train__c31__user8__5-1-1,user8,1,31,31,31,True,True,both_correct
train__c31__user8__5-1-2,user8,1,31,31,31,True,True,both_correct
train__c31__user8__5-1-3,user8,1,31,31,36,True,False,c1_only
train__c31__user8__6-1-1,user8,1,31,8,36,False,False,both_wrong
train__c31__user8__6-1-2,user8,1,31,15,36,False,False,both_wrong
train__c31__user8__6-1-3,user8,1,31,3,36,False,False,both_wrong
train__c31__user8__6-2-1,user8,1,31,31,31,True,True,both_correct
train__c31__user8__6-2-2,user8,1,31,31,31,True,True,both_correct
train__c31__user8__6-2-3,user8,1,31,5,31,False,True,d1_only
train__c31__user9__1-1-1,user9,0,31,6,36,False,False,both_wrong
train__c31__user9__1-1-2,user9,0,31,6,36,False,False,both_wrong
train__c31__user9__1-1-3,user9,0,31,6,36,False,False,both_wrong
train__c31__user9__4-2-2,user9,0,31,31,31,True,True,both_correct
train__c31__user9__4-2-3,user9,0,31,31,36,True,False,c1_only
train__c32__user16__3-1-1,user16,1,32,12,9,False,False,both_wrong
train__c32__user16__3-1-2,user16,1,32,12,17,False,False,both_wrong
train__c32__user16__3-1-3,user16,1,32,13,36,False,False,both_wrong
train__c32__user16__4-1-1,user16,1,32,32,36,True,False,c1_only
train__c32__user16__4-1-2,user16,1,32,32,36,True,False,c1_only
train__c32__user16__4-1-3,user16,1,32,32,36,True,False,c1_only
train__c32__user18__5-1-1,user18,0,32,32,36,True,False,c1_only
train__c32__user18__5-1-2,user18,0,32,32,36,True,False,c1_only
train__c32__user18__6-2-1,user18,0,32,32,36,True,False,c1_only
train__c32__user18__6-2-2,user18,0,32,32,36,True,False,c1_only
train__c32__user18__6-2-3,user18,0,32,32,36,True,False,c1_only
train__c32__user19__5-1-1,user19,2,32,32,32,True,True,both_correct
train__c32__user19__5-1-2,user19,2,32,32,32,True,True,both_correct
train__c32__user19__5-1-3,user19,2,32,32,32,True,True,both_correct
train__c32__user1__2-2-1,user1,1,32,36,36,False,False,both_wrong
train__c32__user1__2-2-2,user1,1,32,36,31,False,False,both_wrong
train__c32__user1__2-2-3,user1,1,32,36,36,False,False,both_wrong
train__c32__user1__3-2-1,user1,1,32,32,36,True,False,c1_only
train__c32__user1__3-2-2,user1,1,32,32,36,True,False,c1_only
train__c32__user1__3-2-3,user1,1,32,32,36,True,False,c1_only
train__c32__user1__6-2-1,user1,1,32,32,36,True,False,c1_only
train__c32__user1__6-2-2,user1,1,32,32,36,True,False,c1_only
train__c32__user1__6-2-3,user1,1,32,32,36,True,False,c1_only
train__c32__user20__6-3-1,user20,0,32,32,8,True,False,c1_only
train__c32__user20__6-3-2,user20,0,32,32,34,True,False,c1_only
train__c32__user20__6-3-3,user20,0,32,32,36,True,False,c1_only
train__c32__user21__2-2-1,user21,0,32,32,36,True,False,c1_only
train__c32__user21__2-2-2,user21,0,32,34,36,False,False,both_wrong
train__c32__user21__2-2-3,user21,0,32,34,34,False,False,both_wrong
train__c32__user21__4-1-1,user21,0,32,34,36,False,False,both_wrong
train__c32__user21__4-1-2,user21,0,32,32,36,True,False,c1_only
train__c32__user21__4-1-3,user21,0,32,32,34,True,False,c1_only
train__c32__user22__7-2-1,user22,2,32,12,7,False,False,both_wrong
train__c32__user22__7-2-2,user22,2,32,32,32,True,True,both_correct
train__c32__user22__7-3-1,user22,2,32,32,7,True,False,c1_only
train__c32__user22__7-3-2,user22,2,32,32,7,True,False,c1_only
train__c32__user2__4-1-1,user2,1,32,32,36,True,False,c1_only
train__c32__user2__4-1-2,user2,1,32,32,36,True,False,c1_only
train__c32__user2__4-1-3,user2,1,32,6,36,False,False,both_wrong
train__c32__user2__4-3-3,user2,1,32,5,17,False,False,both_wrong
train__c32__user2__7-3-1,user2,1,32,6,34,False,False,both_wrong
train__c32__user2__7-3-2,user2,1,32,38,36,False,False,both_wrong
train__c32__user2__7-3-3,user2,1,32,29,34,False,False,both_wrong
train__c32__user3__2-1-1,user3,0,32,32,36,True,False,c1_only
train__c32__user3__2-1-2,user3,0,32,32,36,True,False,c1_only
train__c32__user3__2-1-3,user3,0,32,32,36,True,False,c1_only
train__c32__user3__7-1-1,user3,0,32,32,36,True,False,c1_only
train__c32__user3__7-1-2,user3,0,32,32,34,True,False,c1_only
train__c32__user3__7-1-3,user3,0,32,32,36,True,False,c1_only
train__c32__user6__4-1-1,user6,2,32,32,34,True,False,c1_only
train__c32__user6__4-1-2,user6,2,32,32,32,True,True,both_correct
train__c32__user6__4-1-3,user6,2,32,32,34,True,False,c1_only
train__c32__user7__4-1-1,user7,2,32,32,32,True,True,both_correct
train__c32__user7__4-1-2,user7,2,32,30,32,False,True,d1_only
train__c32__user7__4-1-3,user7,2,32,32,32,True,True,both_correct
train__c32__user8__5-1-1,user8,1,32,29,36,False,False,both_wrong
train__c32__user8__5-1-2,user8,1,32,29,36,False,False,both_wrong
train__c32__user9__5-1-1,user9,0,32,34,36,False,False,both_wrong
train__c32__user9__5-1-2,user9,0,32,32,34,True,False,c1_only
train__c32__user9__5-1-3,user9,0,32,32,36,True,False,c1_only
train__c33__user16__5-3-1,user16,1,33,33,21,True,False,c1_only
train__c33__user16__5-3-2,user16,1,33,33,21,True,False,c1_only
train__c33__user16__5-3-3,user16,1,33,33,33,True,True,both_correct
train__c33__user16__6-1-1,user16,1,33,33,21,True,False,c1_only
train__c33__user16__6-1-2,user16,1,33,34,36,False,False,both_wrong
train__c33__user16__6-1-3,user16,1,33,34,34,False,False,both_wrong
train__c33__user19__3-3-1,user19,2,33,33,33,True,True,both_correct
train__c33__user19__3-3-2,user19,2,33,33,34,True,False,c1_only
train__c33__user19__3-3-3,user19,2,33,29,34,False,False,both_wrong
train__c33__user3__2-1-1,user3,0,33,33,33,True,True,both_correct
train__c33__user3__2-1-2,user3,0,33,36,36,False,False,both_wrong
train__c33__user3__2-1-3,user3,0,33,33,33,True,True,both_correct
train__c33__user6__5-3-1,user6,2,33,32,33,False,True,d1_only
train__c33__user6__5-3-2,user6,2,33,32,33,False,True,d1_only
train__c33__user6__5-3-3,user6,2,33,33,33,True,True,both_correct
train__c33__user6__6-1-1,user6,2,33,32,33,False,True,d1_only
train__c33__user6__6-1-2,user6,2,33,32,34,False,False,both_wrong
train__c33__user6__6-1-3,user6,2,33,32,33,False,True,d1_only
train__c33__user7__2-2-1,user7,2,33,32,33,False,True,d1_only
train__c33__user7__2-2-2,user7,2,33,33,33,True,True,both_correct
train__c33__user7__2-2-3,user7,2,33,33,34,True,False,c1_only
train__c33__user9__3-3-1,user9,0,33,33,0,True,False,c1_only
train__c33__user9__3-3-2,user9,0,33,33,0,True,False,c1_only
train__c33__user9__3-3-3,user9,0,33,33,33,True,True,both_correct
train__c33__user9__6-2-1,user9,0,33,33,0,True,False,c1_only
train__c33__user9__6-2-2,user9,0,33,33,33,True,True,both_correct
train__c33__user9__6-2-3,user9,0,33,33,0,True,False,c1_only
train__c34__user16__4-1-1,user16,1,34,34,36,True,False,c1_only
train__c34__user16__4-1-2,user16,1,34,34,34,True,True,both_correct
train__c34__user16__4-1-3,user16,1,34,34,36,True,False,c1_only
train__c34__user16__7-1-1,user16,1,34,34,34,True,True,both_correct
train__c34__user16__7-1-2,user16,1,34,34,34,True,True,both_correct
train__c34__user16__7-1-3,user16,1,34,34,36,True,False,c1_only
train__c34__user16__7-3-1,user16,1,34,34,34,True,True,both_correct
train__c34__user16__7-3-2,user16,1,34,34,36,True,False,c1_only
train__c34__user16__7-3-3,user16,1,34,34,36,True,False,c1_only
train__c34__user18__4-1-2,user18,0,34,9,8,False,False,both_wrong
train__c34__user18__4-1-3,user18,0,34,9,34,False,True,d1_only
train__c34__user18__5-1-3,user18,0,34,17,9,False,False,both_wrong
train__c34__user19__1-2-1,user19,2,34,34,34,True,True,both_correct
train__c34__user19__1-2-2,user19,2,34,34,34,True,True,both_correct
train__c34__user19__1-2-3,user19,2,34,34,34,True,True,both_correct
train__c34__user19__5-3-1,user19,2,34,34,34,True,True,both_correct
train__c34__user19__5-3-2,user19,2,34,34,34,True,True,both_correct
train__c34__user19__5-3-3,user19,2,34,34,34,True,True,both_correct
train__c34__user19__6-1-1,user19,2,34,34,34,True,True,both_correct
train__c34__user19__6-1-2,user19,2,34,34,34,True,True,both_correct
train__c34__user19__6-1-3,user19,2,34,34,34,True,True,both_correct
train__c34__user1__2-2-1,user1,1,34,34,36,True,False,c1_only
train__c34__user1__2-2-2,user1,1,34,34,36,True,False,c1_only
train__c34__user1__2-2-3,user1,1,34,34,34,True,True,both_correct
train__c34__user1__3-2-1,user1,1,34,34,36,True,False,c1_only
train__c34__user1__3-2-2,user1,1,34,34,36,True,False,c1_only
train__c34__user1__3-2-3,user1,1,34,34,36,True,False,c1_only
train__c34__user1__6-2-1,user1,1,34,34,36,True,False,c1_only
train__c34__user1__6-2-2,user1,1,34,34,36,True,False,c1_only
train__c34__user1__6-2-3,user1,1,34,34,36,True,False,c1_only
train__c34__user1__7-1-1,user1,1,34,34,36,True,False,c1_only
train__c34__user1__7-1-2,user1,1,34,34,36,True,False,c1_only
train__c34__user1__7-1-3,user1,1,34,31,36,False,False,both_wrong
train__c34__user22__1-2-2,user22,2,34,34,34,True,True,both_correct
train__c34__user22__1-2-3,user22,2,34,34,32,True,False,c1_only
train__c34__user22__4-3-1,user22,2,34,32,8,False,False,both_wrong
train__c34__user22__4-3-2,user22,2,34,29,20,False,False,both_wrong
train__c34__user22__4-3-3,user22,2,34,32,8,False,False,both_wrong
train__c34__user22__5-2-1,user22,2,34,32,32,False,False,both_wrong
train__c34__user22__5-2-2,user22,2,34,17,22,False,False,both_wrong
train__c34__user22__5-2-3,user22,2,34,17,34,False,True,d1_only
train__c34__user22__6-2-1,user22,2,34,32,9,False,False,both_wrong
train__c34__user22__6-2-2,user22,2,34,35,8,False,False,both_wrong
train__c34__user22__6-2-3,user22,2,34,29,11,False,False,both_wrong
train__c34__user22__7-1-1,user22,2,34,32,9,False,False,both_wrong
train__c34__user22__7-1-2,user22,2,34,35,9,False,False,both_wrong
train__c34__user22__7-1-3,user22,2,34,32,10,False,False,both_wrong
train__c34__user2__4-3-1,user2,1,34,34,36,True,False,c1_only
train__c34__user2__4-3-2,user2,1,34,34,34,True,True,both_correct
train__c34__user2__4-3-3,user2,1,34,34,34,True,True,both_correct
train__c34__user2__6-1-1,user2,1,34,34,34,True,True,both_correct
train__c34__user2__6-1-2,user2,1,34,34,36,True,False,c1_only
train__c34__user2__7-1-1,user2,1,34,34,36,True,False,c1_only
train__c34__user2__7-1-2,user2,1,34,34,36,True,False,c1_only
train__c34__user2__7-1-3,user2,1,34,34,36,True,False,c1_only
train__c34__user2__7-3-1,user2,1,34,34,36,True,False,c1_only
train__c34__user2__7-3-2,user2,1,34,34,34,True,True,both_correct
train__c34__user2__7-3-3,user2,1,34,34,36,True,False,c1_only
train__c34__user3__3-2-1,user3,0,34,34,34,True,True,both_correct
train__c34__user3__3-2-2,user3,0,34,34,34,True,True,both_correct
train__c34__user3__3-2-3,user3,0,34,34,34,True,True,both_correct
train__c34__user3__5-2-1,user3,0,34,34,33,True,False,c1_only
train__c34__user3__5-2-2,user3,0,34,34,34,True,True,both_correct
train__c34__user3__5-2-3,user3,0,34,34,34,True,True,both_correct
train__c34__user3__6-2-2,user3,0,34,7,7,False,False,both_wrong
train__c34__user5__3-1-1,user5,2,34,17,34,False,True,d1_only
train__c34__user5__3-1-2,user5,2,34,34,34,True,True,both_correct
train__c34__user5__3-1-3,user5,2,34,34,32,True,False,c1_only
train__c34__user5__7-1-1,user5,2,34,34,34,True,True,both_correct
train__c34__user5__7-1-2,user5,2,34,36,29,False,False,both_wrong
train__c34__user5__7-1-3,user5,2,34,36,36,False,False,both_wrong
train__c34__user6__4-1-1,user6,2,34,36,36,False,False,both_wrong
train__c34__user6__4-1-2,user6,2,34,34,34,True,True,both_correct
train__c34__user6__4-1-3,user6,2,34,34,34,True,True,both_correct
train__c34__user6__5-1-2,user6,2,34,17,17,False,False,both_wrong
train__c34__user6__5-3-1,user6,2,34,13,2,False,False,both_wrong
train__c34__user6__5-3-2,user6,2,34,32,34,False,True,d1_only
train__c34__user6__5-3-3,user6,2,34,32,32,False,False,both_wrong
train__c34__user6__7-1-1,user6,2,34,34,34,True,True,both_correct
train__c34__user6__7-1-2,user6,2,34,34,34,True,True,both_correct
train__c34__user6__7-1-3,user6,2,34,34,34,True,True,both_correct
train__c34__user6__7-3-1,user6,2,34,36,36,False,False,both_wrong
train__c34__user6__7-3-2,user6,2,34,34,32,True,False,c1_only
train__c34__user6__7-3-3,user6,2,34,34,32,True,False,c1_only
train__c34__user7__1-2-1,user7,2,34,36,36,False,False,both_wrong
train__c34__user7__1-2-2,user7,2,34,36,29,False,False,both_wrong
train__c34__user7__1-2-3,user7,2,34,36,36,False,False,both_wrong
train__c34__user7__2-2-1,user7,2,34,35,36,False,False,both_wrong
train__c34__user7__2-2-2,user7,2,34,9,36,False,False,both_wrong
train__c34__user7__2-2-3,user7,2,34,17,36,False,False,both_wrong
train__c34__user7__4-1-1,user7,2,34,34,34,True,True,both_correct
train__c34__user7__4-1-2,user7,2,34,35,32,False,False,both_wrong
train__c34__user7__4-1-3,user7,2,34,17,36,False,False,both_wrong
train__c34__user7__5-3-1,user7,2,34,17,20,False,False,both_wrong
train__c34__user7__5-3-2,user7,2,34,34,36,True,False,c1_only
train__c34__user7__5-3-3,user7,2,34,29,36,False,False,both_wrong
train__c34__user7__6-3-1,user7,2,34,36,34,False,True,d1_only
train__c34__user7__6-3-3,user7,2,34,36,36,False,False,both_wrong
train__c34__user7__7-1-1,user7,2,34,34,34,True,True,both_correct
train__c34__user7__7-1-2,user7,2,34,34,32,True,False,c1_only
train__c34__user7__7-1-3,user7,2,34,34,34,True,True,both_correct
train__c34__user8__4-1-1,user8,1,34,34,36,True,False,c1_only
train__c34__user8__4-1-2,user8,1,34,34,36,True,False,c1_only
train__c34__user8__4-1-3,user8,1,34,34,34,True,True,both_correct
train__c34__user8__5-1-1,user8,1,34,34,36,True,False,c1_only
train__c34__user8__5-1-2,user8,1,34,34,34,True,True,both_correct
train__c34__user8__5-1-3,user8,1,34,34,36,True,False,c1_only
train__c34__user9__1-2-1,user9,0,34,34,36,True,False,c1_only
train__c34__user9__1-2-2,user9,0,34,34,34,True,True,both_correct
train__c34__user9__1-2-3,user9,0,34,34,34,True,True,both_correct
train__c34__user9__5-3-1,user9,0,34,34,34,True,True,both_correct
train__c34__user9__5-3-2,user9,0,34,34,34,True,True,both_correct
train__c34__user9__5-3-3,user9,0,34,34,34,True,True,both_correct
train__c34__user9__6-1-1,user9,0,34,34,34,True,True,both_correct
train__c34__user9__6-1-2,user9,0,34,34,34,True,True,both_correct
train__c34__user9__6-1-3,user9,0,34,34,34,True,True,both_correct
train__c35__user16__6-1-1,user16,1,35,29,6,False,False,both_wrong
train__c35__user16__6-1-2,user16,1,35,29,36,False,False,both_wrong
train__c35__user16__6-1-3,user16,1,35,29,36,False,False,both_wrong
train__c35__user18__5-1-1,user18,0,35,34,34,False,False,both_wrong
train__c35__user18__5-1-2,user18,0,35,12,20,False,False,both_wrong
train__c35__user18__5-1-3,user18,0,35,34,34,False,False,both_wrong
train__c35__user1__3-2-1,user1,1,35,36,23,False,False,both_wrong
train__c35__user1__3-2-2,user1,1,35,36,31,False,False,both_wrong
train__c35__user1__3-2-3,user1,1,35,36,36,False,False,both_wrong
train__c35__user20__1-2-1,user20,0,35,32,20,False,False,both_wrong
train__c35__user20__1-2-2,user20,0,35,32,34,False,False,both_wrong
train__c35__user20__1-2-3,user20,0,35,34,12,False,False,both_wrong
train__c35__user5__6-1-1,user5,2,35,36,12,False,False,both_wrong
train__c35__user5__6-1-2,user5,2,35,36,12,False,False,both_wrong
train__c35__user5__6-1-3,user5,2,35,36,36,False,False,both_wrong
train__c35__user6__6-1-1,user6,2,35,32,29,False,False,both_wrong
train__c35__user6__6-1-2,user6,2,35,36,29,False,False,both_wrong
train__c35__user6__6-1-3,user6,2,35,34,34,False,False,both_wrong
train__c35__user8__5-1-1,user8,1,35,35,17,True,False,c1_only
train__c35__user8__5-1-2,user8,1,35,12,21,False,False,both_wrong
train__c35__user8__5-1-3,user8,1,35,12,33,False,False,both_wrong
train__c36__user16__1-1-1,user16,1,36,36,9,True,False,c1_only
train__c36__user16__1-1-2,user16,1,36,36,36,True,True,both_correct
train__c36__user16__1-1-3,user16,1,36,36,36,True,True,both_correct
train__c36__user16__2-3-1,user16,1,36,36,36,True,True,both_correct
train__c36__user16__2-3-2,user16,1,36,36,36,True,True,both_correct
train__c36__user16__2-3-3,user16,1,36,36,36,True,True,both_correct
train__c36__user16__3-1-1,user16,1,36,36,9,True,False,c1_only
train__c36__user16__3-1-2,user16,1,36,12,36,False,True,d1_only
train__c36__user16__3-1-3,user16,1,36,12,31,False,False,both_wrong
train__c36__user16__3-3-1,user16,1,36,9,36,False,True,d1_only
train__c36__user16__3-3-2,user16,1,36,34,36,False,True,d1_only
train__c36__user16__3-3-3,user16,1,36,17,8,False,False,both_wrong
train__c36__user16__5-2-1,user16,1,36,36,36,True,True,both_correct
train__c36__user16__5-2-2,user16,1,36,36,36,True,True,both_correct
train__c36__user16__5-2-3,user16,1,36,36,36,True,True,both_correct
train__c36__user16__5-3-1,user16,1,36,36,31,True,False,c1_only
train__c36__user16__5-3-2,user16,1,36,36,31,True,False,c1_only
train__c36__user16__5-3-3,user16,1,36,36,36,True,True,both_correct
train__c36__user16__7-3-1,user16,1,36,36,36,True,True,both_correct
train__c36__user16__7-3-2,user16,1,36,36,36,True,True,both_correct
train__c36__user16__7-3-3,user16,1,36,36,36,True,True,both_correct
train__c36__user18__1-2-1,user18,0,36,36,36,True,True,both_correct
train__c36__user18__1-2-2,user18,0,36,36,36,True,True,both_correct
train__c36__user18__1-2-3,user18,0,36,36,36,True,True,both_correct
train__c36__user18__2-2-1,user18,0,36,36,36,True,True,both_correct
train__c36__user18__2-2-2,user18,0,36,36,36,True,True,both_correct
train__c36__user18__2-2-3,user18,0,36,36,36,True,True,both_correct
train__c36__user18__3-3-1,user18,0,36,36,36,True,True,both_correct
train__c36__user18__3-3-2,user18,0,36,36,36,True,True,both_correct
train__c36__user18__3-3-3,user18,0,36,36,36,True,True,both_correct
train__c36__user18__4-2-1,user18,0,36,36,36,True,True,both_correct
train__c36__user18__4-2-2,user18,0,36,36,36,True,True,both_correct
train__c36__user18__4-2-3,user18,0,36,36,36,True,True,both_correct
train__c36__user18__6-2-1,user18,0,36,36,36,True,True,both_correct
train__c36__user18__6-2-2,user18,0,36,36,36,True,True,both_correct
train__c36__user18__6-2-3,user18,0,36,36,36,True,True,both_correct
train__c36__user19__1-2-1,user19,2,36,36,29,True,False,c1_only
train__c36__user19__1-2-2,user19,2,36,36,36,True,True,both_correct
train__c36__user19__1-2-3,user19,2,36,36,34,True,False,c1_only
train__c36__user19__2-2-1,user19,2,36,36,36,True,True,both_correct
train__c36__user19__2-2-2,user19,2,36,12,36,False,True,d1_only
train__c36__user19__2-2-3,user19,2,36,36,36,True,True,both_correct
train__c36__user19__2-3-1,user19,2,36,36,36,True,True,both_correct
train__c36__user19__2-3-2,user19,2,36,36,36,True,True,both_correct
train__c36__user19__2-3-3,user19,2,36,36,36,True,True,both_correct
train__c36__user19__3-2-1,user19,2,36,36,36,True,True,both_correct
train__c36__user19__3-2-2,user19,2,36,36,36,True,True,both_correct
train__c36__user19__3-2-3,user19,2,36,36,36,True,True,both_correct
train__c36__user19__3-3-1,user19,2,36,36,36,True,True,both_correct
train__c36__user19__3-3-2,user19,2,36,36,36,True,True,both_correct
train__c36__user19__4-2-1,user19,2,36,36,36,True,True,both_correct
train__c36__user19__4-2-2,user19,2,36,36,36,True,True,both_correct
train__c36__user19__4-2-3,user19,2,36,36,36,True,True,both_correct
train__c36__user19__4-3-1,user19,2,36,36,36,True,True,both_correct
train__c36__user19__4-3-2,user19,2,36,36,36,True,True,both_correct
train__c36__user19__4-3-3,user19,2,36,36,36,True,True,both_correct
train__c36__user19__5-3-1,user19,2,36,36,36,True,True,both_correct
train__c36__user19__5-3-2,user19,2,36,12,36,False,True,d1_only
train__c36__user19__5-3-3,user19,2,36,32,36,False,True,d1_only
train__c36__user19__7-2-1,user19,2,36,36,36,True,True,both_correct
train__c36__user19__7-2-2,user19,2,36,36,36,True,True,both_correct
train__c36__user19__7-2-3,user19,2,36,36,36,True,True,both_correct
train__c36__user1__1-2-1,user1,1,36,36,36,True,True,both_correct
train__c36__user1__1-2-2,user1,1,36,36,36,True,True,both_correct
train__c36__user1__2-1-1,user1,1,36,36,36,True,True,both_correct
train__c36__user1__2-1-2,user1,1,36,36,36,True,True,both_correct
train__c36__user1__2-1-3,user1,1,36,36,36,True,True,both_correct
train__c36__user1__2-2-1,user1,1,36,36,31,True,False,c1_only
train__c36__user1__2-2-2,user1,1,36,36,31,True,False,c1_only
train__c36__user1__2-2-3,user1,1,36,36,36,True,True,both_correct
train__c36__user1__3-2-1,user1,1,36,36,31,True,False,c1_only
train__c36__user1__3-2-2,user1,1,36,36,36,True,True,both_correct
train__c36__user1__3-2-3,user1,1,36,36,36,True,True,both_correct
train__c36__user1__6-1-1,user1,1,36,36,36,True,True,both_correct
train__c36__user1__6-1-2,user1,1,36,36,36,True,True,both_correct
train__c36__user1__6-1-3,user1,1,36,36,36,True,True,both_correct
train__c36__user1__6-2-1,user1,1,36,36,31,True,False,c1_only
train__c36__user1__6-2-2,user1,1,36,36,36,True,True,both_correct
train__c36__user1__6-2-3,user1,1,36,36,36,True,True,both_correct
train__c36__user20__2-2-1,user20,0,36,36,36,True,True,both_correct
train__c36__user20__2-2-2,user20,0,36,36,36,True,True,both_correct
train__c36__user20__2-2-3,user20,0,36,36,36,True,True,both_correct
train__c36__user20__4-2-1,user20,0,36,36,36,True,True,both_correct
train__c36__user20__4-2-2,user20,0,36,30,36,False,True,d1_only
train__c36__user20__4-2-3,user20,0,36,30,36,False,True,d1_only
train__c36__user20__7-2-1,user20,0,36,36,36,True,True,both_correct
train__c36__user20__7-2-2,user20,0,36,30,36,False,True,d1_only
train__c36__user20__7-2-3,user20,0,36,30,29,False,False,both_wrong
train__c36__user21__1-1-1,user21,0,36,36,36,True,True,both_correct
train__c36__user21__1-1-2,user21,0,36,36,8,True,False,c1_only
train__c36__user21__1-1-3,user21,0,36,36,34,True,False,c1_only
train__c36__user21__1-2-1,user21,0,36,36,36,True,True,both_correct
train__c36__user21__1-2-2,user21,0,36,36,36,True,True,both_correct
train__c36__user21__1-2-3,user21,0,36,36,36,True,True,both_correct
train__c36__user21__2-2-1,user21,0,36,36,36,True,True,both_correct
train__c36__user21__2-2-2,user21,0,36,36,36,True,True,both_correct
train__c36__user21__2-2-3,user21,0,36,36,36,True,True,both_correct
train__c36__user21__3-2-1,user21,0,36,36,36,True,True,both_correct
train__c36__user21__3-2-2,user21,0,36,36,36,True,True,both_correct
train__c36__user21__3-2-3,user21,0,36,36,36,True,True,both_correct
train__c36__user21__4-1-1,user21,0,36,36,36,True,True,both_correct
train__c36__user21__4-1-2,user21,0,36,36,36,True,True,both_correct
train__c36__user21__4-1-3,user21,0,36,36,36,True,True,both_correct
train__c36__user21__5-1-1,user21,0,36,36,36,True,True,both_correct
train__c36__user21__5-1-2,user21,0,36,36,8,True,False,c1_only
train__c36__user21__5-1-3,user21,0,36,34,34,False,False,both_wrong
train__c36__user21__5-2-1,user21,0,36,36,36,True,True,both_correct
train__c36__user21__5-2-2,user21,0,36,36,36,True,True,both_correct
train__c36__user21__5-2-3,user21,0,36,36,36,True,True,both_correct
train__c36__user21__6-2-1,user21,0,36,36,36,True,True,both_correct
train__c36__user21__6-2-2,user21,0,36,36,36,True,True,both_correct
train__c36__user21__6-2-3,user21,0,36,36,36,True,True,both_correct
train__c36__user22__1-2-1,user22,2,36,36,36,True,True,both_correct
train__c36__user22__1-2-2,user22,2,36,36,32,True,False,c1_only
train__c36__user22__1-2-3,user22,2,36,36,32,True,False,c1_only
train__c36__user22__2-1-1,user22,2,36,36,36,True,True,both_correct
train__c36__user22__2-1-2,user22,2,36,36,36,True,True,both_correct
train__c36__user22__2-1-3,user22,2,36,36,36,True,True,both_correct
train__c36__user22__2-2-1,user22,2,36,36,11,True,False,c1_only
train__c36__user22__2-2-2,user22,2,36,36,11,True,False,c1_only
train__c36__user22__2-2-3,user22,2,36,36,37,True,False,c1_only
train__c36__user22__3-1-1,user22,2,36,36,36,True,True,both_correct
train__c36__user22__3-1-2,user22,2,36,36,36,True,True,both_correct
train__c36__user22__3-2-1,user22,2,36,36,32,True,False,c1_only
train__c36__user22__3-2-2,user22,2,36,36,36,True,True,both_correct
train__c36__user22__3-2-3,user22,2,36,36,36,True,True,both_correct
train__c36__user22__4-2-1,user22,2,36,36,10,True,False,c1_only
train__c36__user22__4-2-2,user22,2,36,36,11,True,False,c1_only
train__c36__user22__4-2-3,user22,2,36,3,34,False,False,both_wrong
train__c36__user22__5-2-1,user22,2,36,36,36,True,True,both_correct
train__c36__user22__5-2-2,user22,2,36,36,36,True,True,both_correct
train__c36__user22__5-2-3,user22,2,36,36,36,True,True,both_correct
train__c36__user22__6-2-1,user22,2,36,36,36,True,True,both_correct
train__c36__user22__6-2-2,user22,2,36,36,36,True,True,both_correct
train__c36__user2__1-2-1,user2,1,36,36,36,True,True,both_correct
train__c36__user2__1-2-2,user2,1,36,36,36,True,True,both_correct
train__c36__user2__1-2-3,user2,1,36,36,5,True,False,c1_only
train__c36__user2__2-1-1,user2,1,36,36,36,True,True,both_correct
train__c36__user2__2-1-2,user2,1,36,36,36,True,True,both_correct
train__c36__user2__2-1-3,user2,1,36,34,36,False,True,d1_only
train__c36__user2__3-2-2,user2,1,36,5,20,False,False,both_wrong
train__c36__user2__3-2-3,user2,1,36,5,20,False,False,both_wrong
train__c36__user2__4-1-1,user2,1,36,36,36,True,True,both_correct
train__c36__user2__4-1-2,user2,1,36,36,36,True,True,both_correct
train__c36__user2__4-1-3,user2,1,36,36,36,True,True,both_correct
train__c36__user2__4-3-1,user2,1,36,36,36,True,True,both_correct
train__c36__user2__4-3-2,user2,1,36,36,20,True,False,c1_only
train__c36__user2__4-3-3,user2,1,36,5,20,False,False,both_wrong
train__c36__user2__5-2-1,user2,1,36,36,5,True,False,c1_only
train__c36__user2__5-2-2,user2,1,36,36,36,True,True,both_correct
train__c36__user2__5-2-3,user2,1,36,36,36,True,True,both_correct
train__c36__user2__6-1-1,user2,1,36,36,36,True,True,both_correct
train__c36__user2__6-1-2,user2,1,36,36,36,True,True,both_correct
train__c36__user2__7-2-1,user2,1,36,36,36,True,True,both_correct
train__c36__user2__7-2-2,user2,1,36,36,36,True,True,both_correct
train__c36__user2__7-2-3,user2,1,36,36,36,True,True,both_correct
train__c36__user2__7-3-1,user2,1,36,36,36,True,True,both_correct
train__c36__user2__7-3-2,user2,1,36,36,36,True,True,both_correct
train__c36__user2__7-3-3,user2,1,36,36,36,True,True,both_correct
train__c36__user3__1-2-1,user3,0,36,36,36,True,True,both_correct
train__c36__user3__1-2-2,user3,0,36,36,36,True,True,both_correct
train__c36__user3__1-2-3,user3,0,36,36,36,True,True,both_correct
train__c36__user3__2-2-1,user3,0,36,36,36,True,True,both_correct
train__c36__user3__2-2-2,user3,0,36,36,36,True,True,both_correct
train__c36__user3__2-2-3,user3,0,36,36,36,True,True,both_correct
train__c36__user3__3-2-1,user3,0,36,36,36,True,True,both_correct
train__c36__user3__3-2-2,user3,0,36,36,36,True,True,both_correct
train__c36__user3__3-2-3,user3,0,36,36,36,True,True,both_correct
train__c36__user3__5-2-1,user3,0,36,36,36,True,True,both_correct
train__c36__user3__5-2-2,user3,0,36,36,36,True,True,both_correct
train__c36__user3__5-2-3,user3,0,36,36,36,True,True,both_correct
train__c36__user3__6-1-1,user3,0,36,36,36,True,True,both_correct
train__c36__user3__6-1-2,user3,0,36,36,36,True,True,both_correct
train__c36__user3__6-1-3,user3,0,36,36,36,True,True,both_correct
train__c36__user3__6-2-1,user3,0,36,36,36,True,True,both_correct
train__c36__user3__6-2-2,user3,0,36,15,12,False,False,both_wrong
train__c36__user3__6-2-3,user3,0,36,12,36,False,True,d1_only
train__c36__user3__7-1-1,user3,0,36,36,36,True,True,both_correct
train__c36__user3__7-1-2,user3,0,36,36,36,True,True,both_correct
train__c36__user3__7-1-3,user3,0,36,36,29,True,False,c1_only
train__c36__user6__1-1-1,user6,2,36,36,0,True,False,c1_only
train__c36__user6__1-1-2,user6,2,36,36,29,True,False,c1_only
train__c36__user6__1-1-3,user6,2,36,5,29,False,False,both_wrong
train__c36__user6__2-3-1,user6,2,36,36,36,True,True,both_correct
train__c36__user6__2-3-2,user6,2,36,36,36,True,True,both_correct
train__c36__user6__2-3-3,user6,2,36,36,36,True,True,both_correct
train__c36__user6__3-1-1,user6,2,36,36,31,True,False,c1_only
train__c36__user6__3-1-2,user6,2,36,36,36,True,True,both_correct
train__c36__user6__3-1-3,user6,2,36,12,36,False,True,d1_only
train__c36__user6__3-3-1,user6,2,36,36,36,True,True,both_correct
train__c36__user6__3-3-2,user6,2,36,36,36,True,True,both_correct
train__c36__user6__3-3-3,user6,2,36,29,29,False,False,both_wrong
train__c36__user6__5-2-1,user6,2,36,36,36,True,True,both_correct
train__c36__user6__5-2-2,user6,2,36,36,36,True,True,both_correct
train__c36__user6__5-2-3,user6,2,36,36,36,True,True,both_correct
train__c36__user6__5-3-1,user6,2,36,36,36,True,True,both_correct
train__c36__user6__5-3-2,user6,2,36,36,5,True,False,c1_only
train__c36__user6__5-3-3,user6,2,36,36,20,True,False,c1_only
train__c36__user6__7-3-1,user6,2,36,36,36,True,True,both_correct
train__c36__user6__7-3-2,user6,2,36,36,36,True,True,both_correct
train__c36__user6__7-3-3,user6,2,36,36,36,True,True,both_correct
train__c36__user7__1-2-1,user7,2,36,36,36,True,True,both_correct
train__c36__user7__1-2-2,user7,2,36,36,36,True,True,both_correct
train__c36__user7__1-2-3,user7,2,36,36,36,True,True,both_correct
train__c36__user7__3-2-1,user7,2,36,36,36,True,True,both_correct
train__c36__user7__3-2-2,user7,2,36,36,36,True,True,both_correct
train__c36__user7__3-2-3,user7,2,36,36,36,True,True,both_correct
train__c36__user7__3-3-1,user7,2,36,36,36,True,True,both_correct
train__c36__user7__3-3-3,user7,2,36,36,36,True,True,both_correct
train__c36__user7__4-1-1,user7,2,36,36,36,True,True,both_correct
train__c36__user7__4-1-2,user7,2,36,36,36,True,True,both_correct
train__c36__user7__4-1-3,user7,2,36,36,36,True,True,both_correct
train__c36__user7__5-2-1,user7,2,36,36,36,True,True,both_correct
train__c36__user7__5-2-2,user7,2,36,36,36,True,True,both_correct
train__c36__user7__5-2-3,user7,2,36,36,36,True,True,both_correct
train__c36__user7__5-3-1,user7,2,36,36,36,True,True,both_correct
train__c36__user7__5-3-2,user7,2,36,36,36,True,True,both_correct
train__c36__user7__5-3-3,user7,2,36,36,36,True,True,both_correct
train__c36__user7__6-1-1,user7,2,36,36,36,True,True,both_correct
train__c36__user7__6-1-2,user7,2,36,36,36,True,True,both_correct
train__c36__user7__6-1-3,user7,2,36,36,36,True,True,both_correct
train__c36__user7__6-3-1,user7,2,36,36,36,True,True,both_correct
train__c36__user7__6-3-3,user7,2,36,36,36,True,True,both_correct
train__c36__user8__1-2-1,user8,1,36,36,34,True,False,c1_only
train__c36__user8__1-2-2,user8,1,36,36,34,True,False,c1_only
train__c36__user8__1-2-3,user8,1,36,36,36,True,True,both_correct
train__c36__user8__2-2-1,user8,1,36,36,36,True,True,both_correct
train__c36__user8__2-2-2,user8,1,36,36,36,True,True,both_correct
train__c36__user8__2-2-3,user8,1,36,36,36,True,True,both_correct
train__c36__user8__3-3-1,user8,1,36,36,36,True,True,both_correct
train__c36__user8__3-3-2,user8,1,36,34,36,False,True,d1_only
train__c36__user8__3-3-3,user8,1,36,36,36,True,True,both_correct
train__c36__user8__4-2-1,user8,1,36,36,36,True,True,both_correct
train__c36__user8__4-2-2,user8,1,36,36,36,True,True,both_correct
train__c36__user8__4-2-3,user8,1,36,36,36,True,True,both_correct
train__c36__user8__6-2-1,user8,1,36,36,36,True,True,both_correct
train__c36__user8__6-2-2,user8,1,36,36,36,True,True,both_correct
train__c36__user9__1-2-1,user9,0,36,36,36,True,True,both_correct
train__c36__user9__1-2-2,user9,0,36,36,36,True,True,both_correct
train__c36__user9__1-2-3,user9,0,36,36,36,True,True,both_correct
train__c36__user9__2-2-1,user9,0,36,36,36,True,True,both_correct
train__c36__user9__2-2-2,user9,0,36,36,36,True,True,both_correct
train__c36__user9__2-2-3,user9,0,36,36,36,True,True,both_correct
train__c36__user9__2-3-1,user9,0,36,36,36,True,True,both_correct
train__c36__user9__2-3-2,user9,0,36,36,36,True,True,both_correct
train__c36__user9__2-3-3,user9,0,36,36,36,True,True,both_correct
train__c36__user9__3-2-1,user9,0,36,36,36,True,True,both_correct
train__c36__user9__3-2-2,user9,0,36,36,36,True,True,both_correct
train__c36__user9__3-2-3,user9,0,36,36,36,True,True,both_correct
train__c36__user9__3-3-1,user9,0,36,36,36,True,True,both_correct
train__c36__user9__3-3-2,user9,0,36,36,36,True,True,both_correct
train__c36__user9__3-3-3,user9,0,36,36,36,True,True,both_correct
train__c36__user9__4-2-1,user9,0,36,36,36,True,True,both_correct
train__c36__user9__4-2-2,user9,0,36,36,36,True,True,both_correct
train__c36__user9__4-2-3,user9,0,36,36,34,True,False,c1_only
train__c36__user9__4-3-1,user9,0,36,36,36,True,True,both_correct
train__c36__user9__4-3-2,user9,0,36,36,36,True,True,both_correct
train__c36__user9__4-3-3,user9,0,36,36,36,True,True,both_correct
train__c36__user9__5-3-1,user9,0,36,36,36,True,True,both_correct
train__c36__user9__5-3-2,user9,0,36,36,36,True,True,both_correct
train__c36__user9__5-3-3,user9,0,36,36,36,True,True,both_correct
train__c36__user9__7-2-1,user9,0,36,36,36,True,True,both_correct
train__c36__user9__7-2-2,user9,0,36,36,36,True,True,both_correct
train__c36__user9__7-2-3,user9,0,36,36,36,True,True,both_correct
train__c37__user16__6-2-1,user16,1,37,7,7,False,False,both_wrong
train__c37__user16__6-2-2,user16,1,37,7,6,False,False,both_wrong
train__c37__user16__6-2-3,user16,1,37,7,7,False,False,both_wrong
train__c37__user18__7-1-1,user18,0,37,6,17,False,False,both_wrong
train__c37__user18__7-1-2,user18,0,37,6,36,False,False,both_wrong
train__c37__user18__7-1-3,user18,0,37,6,9,False,False,both_wrong
train__c37__user18__7-2-1,user18,0,37,7,6,False,False,both_wrong
train__c37__user18__7-2-2,user18,0,37,8,7,False,False,both_wrong
train__c37__user18__7-2-3,user18,0,37,9,36,False,False,both_wrong
train__c37__user19__6-2-1,user19,2,37,6,10,False,False,both_wrong
train__c37__user19__6-2-2,user19,2,37,8,20,False,False,both_wrong
train__c37__user19__6-2-3,user19,2,37,8,20,False,False,both_wrong
train__c37__user19__7-1-1,user19,2,37,2,8,False,False,both_wrong
train__c37__user19__7-1-2,user19,2,37,2,8,False,False,both_wrong
train__c37__user19__7-1-3,user19,2,37,2,2,False,False,both_wrong
train__c37__user20__7-1-1,user20,0,37,7,6,False,False,both_wrong
train__c37__user20__7-1-2,user20,0,37,11,6,False,False,both_wrong
train__c37__user20__7-1-3,user20,0,37,7,6,False,False,both_wrong
train__c37__user21__7-1-1,user21,0,37,6,6,False,False,both_wrong
train__c37__user21__7-1-2,user21,0,37,6,6,False,False,both_wrong
train__c37__user21__7-1-3,user21,0,37,6,36,False,False,both_wrong
train__c37__user22__7-1-1,user22,2,37,6,9,False,False,both_wrong
train__c37__user22__7-1-2,user22,2,37,6,9,False,False,both_wrong
train__c37__user22__7-1-3,user22,2,37,6,9,False,False,both_wrong
train__c37__user2__7-1-1,user2,1,37,6,9,False,False,both_wrong
train__c37__user2__7-1-2,user2,1,37,7,9,False,False,both_wrong
train__c37__user2__7-1-3,user2,1,37,38,9,False,False,both_wrong
train__c37__user3__2-2-1,user3,0,37,7,7,False,False,both_wrong
train__c37__user3__2-2-2,user3,0,37,6,8,False,False,both_wrong
train__c37__user3__2-2-3,user3,0,37,6,7,False,False,both_wrong
train__c37__user3__7-1-1,user3,0,37,6,6,False,False,both_wrong
train__c37__user3__7-1-2,user3,0,37,6,6,False,False,both_wrong
train__c37__user3__7-1-3,user3,0,37,23,34,False,False,both_wrong
train__c37__user6__6-2-1,user6,2,37,8,4,False,False,both_wrong
train__c37__user6__6-2-2,user6,2,37,0,4,False,False,both_wrong
train__c37__user6__6-2-3,user6,2,37,8,2,False,False,both_wrong
train__c37__user7__4-1-1,user7,2,37,28,36,False,False,both_wrong
train__c37__user7__4-1-2,user7,2,37,28,36,False,False,both_wrong
train__c37__user7__4-1-3,user7,2,37,15,36,False,False,both_wrong
train__c37__user8__7-1-1,user8,1,37,37,6,True,False,c1_only
train__c37__user8__7-1-2,user8,1,37,1,8,False,False,both_wrong
train__c37__user8__7-1-3,user8,1,37,37,8,True,False,c1_only
train__c37__user8__7-2-1,user8,1,37,10,8,False,False,both_wrong
train__c37__user8__7-2-2,user8,1,37,23,36,False,False,both_wrong
train__c37__user8__7-2-3,user8,1,37,10,36,False,False,both_wrong
train__c37__user9__6-2-1,user9,0,37,7,21,False,False,both_wrong
train__c37__user9__6-2-2,user9,0,37,6,17,False,False,both_wrong
train__c37__user9__6-2-3,user9,0,37,6,17,False,False,both_wrong
train__c37__user9__7-1-1,user9,0,37,6,10,False,False,both_wrong
train__c37__user9__7-1-2,user9,0,37,6,36,False,False,both_wrong
train__c37__user9__7-1-3,user9,0,37,8,9,False,False,both_wrong
train__c38__user16__7-1-1,user16,1,38,38,9,True,False,c1_only
train__c38__user16__7-1-2,user16,1,38,22,10,False,False,both_wrong
train__c38__user16__7-1-3,user16,1,38,9,10,False,False,both_wrong
train__c38__user18__7-1-1,user18,0,38,6,38,False,True,d1_only
train__c38__user18__7-1-2,user18,0,38,6,6,False,False,both_wrong
train__c38__user18__7-1-3,user18,0,38,5,12,False,False,both_wrong
train__c38__user19__5-3-1,user19,2,38,23,11,False,False,both_wrong
train__c38__user19__5-3-2,user19,2,38,6,20,False,False,both_wrong
train__c38__user19__5-3-3,user19,2,38,23,8,False,False,both_wrong
train__c38__user19__7-1-1,user19,2,38,11,7,False,False,both_wrong
train__c38__user19__7-1-2,user19,2,38,10,10,False,False,both_wrong
train__c38__user1__7-1-1,user1,1,38,23,17,False,False,both_wrong
train__c38__user1__7-1-2,user1,1,38,23,17,False,False,both_wrong
train__c38__user1__7-1-3,user1,1,38,23,17,False,False,both_wrong
train__c38__user20__6-2-1,user20,0,38,11,7,False,False,both_wrong
train__c38__user20__6-2-2,user20,0,38,11,7,False,False,both_wrong
train__c38__user20__6-2-3,user20,0,38,11,7,False,False,both_wrong
train__c38__user20__7-1-1,user20,0,38,6,36,False,False,both_wrong
train__c38__user20__7-1-2,user20,0,38,7,6,False,False,both_wrong
train__c38__user20__7-1-3,user20,0,38,6,36,False,False,both_wrong
train__c38__user21__3-2-1,user21,0,38,20,6,False,False,both_wrong
train__c38__user21__3-2-2,user21,0,38,20,6,False,False,both_wrong
train__c38__user21__3-2-3,user21,0,38,7,36,False,False,both_wrong
train__c38__user21__7-1-1,user21,0,38,9,6,False,False,both_wrong
train__c38__user21__7-1-2,user21,0,38,9,7,False,False,both_wrong
train__c38__user21__7-1-3,user21,0,38,9,6,False,False,both_wrong
train__c38__user21__7-2-1,user21,0,38,7,7,False,False,both_wrong
train__c38__user21__7-2-2,user21,0,38,11,6,False,False,both_wrong
train__c38__user21__7-2-3,user21,0,38,8,7,False,False,both_wrong
train__c38__user22__5-1-1,user22,2,38,10,7,False,False,both_wrong
train__c38__user22__5-1-2,user22,2,38,6,7,False,False,both_wrong
train__c38__user22__5-1-3,user22,2,38,10,11,False,False,both_wrong
train__c38__user22__6-2-1,user22,2,38,28,6,False,False,both_wrong
train__c38__user22__6-2-2,user22,2,38,28,13,False,False,both_wrong
train__c38__user22__6-2-3,user22,2,38,28,31,False,False,both_wrong
train__c38__user2__2-2-1,user2,1,38,38,6,True,False,c1_only
train__c38__user2__2-2-2,user2,1,38,38,36,True,False,c1_only
train__c38__user2__2-2-3,user2,1,38,23,31,False,False,both_wrong
train__c38__user2__7-3-1,user2,1,38,6,9,False,False,both_wrong
train__c38__user2__7-3-2,user2,1,38,6,6,False,False,both_wrong
train__c38__user2__7-3-3,user2,1,38,6,31,False,False,both_wrong
train__c38__user3__2-2-1,user3,0,38,6,7,False,False,both_wrong
train__c38__user3__2-2-2,user3,0,38,7,7,False,False,both_wrong
train__c38__user3__2-2-3,user3,0,38,7,7,False,False,both_wrong
train__c38__user3__7-1-1,user3,0,38,7,6,False,False,both_wrong
train__c38__user3__7-1-2,user3,0,38,7,7,False,False,both_wrong
train__c38__user3__7-1-3,user3,0,38,7,6,False,False,both_wrong
train__c38__user6__7-1-1,user6,2,38,9,9,False,False,both_wrong
train__c38__user6__7-1-2,user6,2,38,9,4,False,False,both_wrong
train__c38__user6__7-1-3,user6,2,38,4,4,False,False,both_wrong
train__c39__user16__6-2-1,user16,1,39,7,10,False,False,both_wrong
train__c39__user16__6-2-2,user16,1,39,7,10,False,False,both_wrong
train__c39__user16__6-2-3,user16,1,39,7,9,False,False,both_wrong
train__c39__user18__7-1-1,user18,0,39,6,38,False,False,both_wrong
train__c39__user18__7-1-2,user18,0,39,6,7,False,False,both_wrong
train__c39__user18__7-1-3,user18,0,39,6,6,False,False,both_wrong
train__c39__user19__6-2-1,user19,2,39,23,37,False,False,both_wrong
train__c39__user19__6-2-2,user19,2,39,23,32,False,False,both_wrong
train__c39__user19__6-2-3,user19,2,39,23,11,False,False,both_wrong
train__c39__user19__7-1-1,user19,2,39,37,9,False,False,both_wrong
train__c39__user19__7-1-2,user19,2,39,7,7,False,False,both_wrong
train__c39__user19__7-1-3,user19,2,39,2,7,False,False,both_wrong
train__c39__user21__3-2-1,user21,0,39,20,7,False,False,both_wrong
train__c39__user21__3-2-2,user21,0,39,20,7,False,False,both_wrong
train__c39__user21__3-2-3,user21,0,39,20,6,False,False,both_wrong
train__c39__user21__6-1-1,user21,0,39,8,6,False,False,both_wrong
train__c39__user21__6-1-2,user21,0,39,7,7,False,False,both_wrong
train__c39__user21__6-1-3,user21,0,39,31,7,False,False,both_wrong
train__c39__user22__5-1-1,user22,2,39,10,10,False,False,both_wrong
train__c39__user22__5-1-2,user22,2,39,10,10,False,False,both_wrong
train__c39__user22__5-1-3,user22,2,39,10,34,False,False,both_wrong
train__c39__user2__2-2-1,user2,1,39,39,6,True,False,c1_only
train__c39__user2__2-2-2,user2,1,39,39,6,True,False,c1_only
train__c39__user2__2-2-3,user2,1,39,39,7,True,False,c1_only
train__c39__user3__2-2-2,user3,0,39,7,7,False,False,both_wrong
train__c39__user3__2-2-3,user3,0,39,8,9,False,False,both_wrong
train__c39__user6__6-2-1,user6,2,39,8,4,False,False,both_wrong
train__c39__user6__6-2-2,user6,2,39,37,36,False,False,both_wrong
train__c39__user6__6-2-3,user6,2,39,8,4,False,False,both_wrong
train__c39__user7__4-1-1,user7,2,39,31,7,False,False,both_wrong
train__c39__user7__4-1-3,user7,2,39,31,12,False,False,both_wrong
train__c39__user7__7-1-1,user7,2,39,6,36,False,False,both_wrong
train__c39__user7__7-1-2,user7,2,39,6,12,False,False,both_wrong
train__c39__user7__7-1-3,user7,2,39,23,36,False,False,both_wrong
train__c39__user9__6-2-1,user9,0,39,23,34,False,False,both_wrong
train__c39__user9__6-2-2,user9,0,39,33,34,False,False,both_wrong
train__c39__user9__6-2-3,user9,0,39,24,34,False,False,both_wrong
train__c39__user9__7-1-1,user9,0,39,6,8,False,False,both_wrong
train__c39__user9__7-1-2,user9,0,39,8,8,False,False,both_wrong
train__c39__user9__7-1-3,user9,0,39,8,7,False,False,both_wrong
