sample_id,class_id,action_name,user_id,trial_id,fold_split,frame_id,timestamp,frame_key,skeleton_json_path,duplicate_json_files_for_frame,people_count,candidate_index,selection_margin,clean_status,selection_reason,use_for_frame_training,retained_segment_index
train__c00__user4__1-1-2,0,Wash_face,user4,1-1-2,validation,102,2025-05-08_11-45-26.116,2025-05-08_11-45-26.116_00000102,Skeleton/0_Wash_face/user4/1-1-2/predictions/Color_2025-05-08_11-45-26.116_00000102.json,1,2,,,ambiguous,multi_person_visual_decision_unavailable,False,
train__c00__user6__1-1-3,0,Wash_face,user6,1-1-3,train,79,2025-05-31_17-47-37.816,2025-05-31_17-47-37.816_00000079,Skeleton/0_Wash_face/user6/1-1-3/predictions/Color_2025-05-31_17-47-37.816_00000079.json,1,2,,,ambiguous,multi_person_visual_decision_unavailable,False,
train__c00__user8__1-1-1,0,Wash_face,user8,1-1-1,train,83,2025-05-31_18-06-28.216,2025-05-31_18-06-28.216_00000083,Skeleton/0_Wash_face/user8/1-1-1/predictions/Color_2025-05-31_18-06-28.216_00000083.json,1,3,,,ambiguous,multi_person_visual_decision_unavailable,False,
train__c00__user8__1-1-1,0,Wash_face,user8,1-1-1,train,84,2025-05-31_18-06-28.316,2025-05-31_18-06-28.316_00000084,Skeleton/0_Wash_face/user8/1-1-1/predictions/Color_2025-05-31_18-06-28.316_00000084.json,1,2,,,ambiguous,multi_person_visual_decision_unavailable,False,
train__c00__user8__1-1-1,0,Wash_face,user8,1-1-1,train,88,2025-05-31_18-06-28.716,2025-05-31_18-06-28.716_00000088,Skeleton/0_Wash_face/user8/1-1-1/predictions/Color_2025-05-31_18-06-28.716_00000088.json,1,2,,,ambiguous,multi_person_visual_decision_unavailable,False,
train__c00__user8__1-1-1,0,Wash_face,user8,1-1-1,train,89,2025-05-31_18-06-28.816,2025-05-31_18-06-28.816_00000089,Skeleton/0_Wash_face/user8/1-1-1/predictions/Color_2025-05-31_18-06-28.816_00000089.json,1,2,,,ambiguous,multi_person_visual_decision_unavailable,False,
train__c00__user8__1-1-1,0,Wash_face,user8,1-1-1,train,90,2025-05-31_18-06-28.916,2025-05-31_18-06-28.916_00000090,Skeleton/0_Wash_face/user8/1-1-1/predictions/Color_2025-05-31_18-06-28.916_00000090.json,1,2,,,ambiguous,multi_person_visual_decision_unavailable,False,
train__c00__user8__1-1-1,0,Wash_face,user8,1-1-1,train,91,2025-05-31_18-06-29.016,2025-05-31_18-06-29.016_00000091,Skeleton/0_Wash_face/user8/1-1-1/predictions/Color_2025-05-31_18-06-29.016_00000091.json,1,2,,,ambiguous,multi_person_visual_decision_unavailable,False,
train__c00__user8__1-1-1,0,Wash_face,user8,1-1-1,train,92,2025-05-31_18-06-29.116,2025-05-31_18-06-29.116_00000092,Skeleton/0_Wash_face/user8/1-1-1/predictions/Color_2025-05-31_18-06-29.116_00000092.json,1,2,,,ambiguous,multi_person_visual_decision_unavailable,False,
train__c00__user8__1-1-1,0,Wash_face,user8,1-1-1,train,93,2025-05-31_18-06-29.216,2025-05-31_18-06-29.216_00000093,Skeleton/0_Wash_face/user8/1-1-1/predictions/Color_2025-05-31_18-06-29.216_00000093.json,1,2,,,ambiguous,multi_person_visual_decision_unavailable,False,
train__c00__user8__1-1-1,0,Wash_face,user8,1-1-1,train,94,2025-05-31_18-06-29.316,2025-05-31_18-06-29.316_00000094,Skeleton/0_Wash_face/user8/1-1-1/predictions/Color_2025-05-31_18-06-29.316_00000094.json,1,2,,,ambiguous,multi_person_visual_decision_unavailable,False,
train__c00__user8__1-1-1,0,Wash_face,user8,1-1-1,train,97,2025-05-31_18-06-29.616,2025-05-31_18-06-29.616_00000097,Skeleton/0_Wash_face/user8/1-1-1/predictions/Color_2025-05-31_18-06-29.616_00000097.json,1,2,,,ambiguous,multi_person_visual_decision_unavailable,False,
train__c00__user8__1-1-1,0,Wash_face,user8,1-1-1,train,105,2025-05-31_18-06-30.416,2025-05-31_18-06-30.416_00000105,Skeleton/0_Wash_face/user8/1-1-1/predictions/Color_2025-05-31_18-06-30.416_00000105.json,1,2,,,ambiguous,multi_person_visual_decision_unavailable,False,
train__c00__user8__1-1-2,0,Wash_face,user8,1-1-2,train,73,2025-05-31_18-07-37.216,2025-05-31_18-07-37.216_00000073,Skeleton/0_Wash_face/user8/1-1-2/predictions/Color_2025-05-31_18-07-37.216_00000073.json,1,3,,,ambiguous,multi_person_visual_decision_unavailable,False,
train__c00__user8__1-1-2,0,Wash_face,user8,1-1-2,train,74,2025-05-31_18-07-37.316,2025-05-31_18-07-37.316_00000074,Skeleton/0_Wash_face/user8/1-1-2/predictions/Color_2025-05-31_18-07-37.316_00000074.json,1,3,,,ambiguous,multi_person_visual_decision_unavailable,False,
train__c00__user8__1-1-2,0,Wash_face,user8,1-1-2,train,77,2025-05-31_18-07-37.616,2025-05-31_18-07-37.616_00000077,Skeleton/0_Wash_face/user8/1-1-2/predictions/Color_2025-05-31_18-07-37.616_00000077.json,1,2,,,ambiguous,multi_person_visual_decision_unavailable,False,
train__c00__user8__1-1-2,0,Wash_face,user8,1-1-2,train,78,2025-05-31_18-07-37.716,2025-05-31_18-07-37.716_00000078,Skeleton/0_Wash_face/user8/1-1-2/predictions/Color_2025-05-31_18-07-37.716_00000078.json,1,2,,,ambiguous,multi_person_visual_decision_unavailable,False,
train__c00__user8__1-1-2,0,Wash_face,user8,1-1-2,train,79,2025-05-31_18-07-37.816,2025-05-31_18-07-37.816_00000079,Skeleton/0_Wash_face/user8/1-1-2/predictions/Color_2025-05-31_18-07-37.816_00000079.json,1,2,,,ambiguous,multi_person_visual_decision_unavailable,False,
train__c00__user8__1-1-2,0,Wash_face,user8,1-1-2,train,80,2025-05-31_18-07-37.916,2025-05-31_18-07-37.916_00000080,Skeleton/0_Wash_face/user8/1-1-2/predictions/Color_2025-05-31_18-07-37.916_00000080.json,1,3,,,ambiguous,multi_person_visual_decision_unavailable,False,
train__c00__user8__1-1-2,0,Wash_face,user8,1-1-2,train,81,2025-05-31_18-07-38.016,2025-05-31_18-07-38.016_00000081,Skeleton/0_Wash_face/user8/1-1-2/predictions/Color_2025-05-31_18-07-38.016_00000081.json,1,2,,,ambiguous,multi_person_visual_decision_unavailable,False,
train__c00__user8__1-1-2,0,Wash_face,user8,1-1-2,train,82,2025-05-31_18-07-38.116,2025-05-31_18-07-38.116_00000082,Skeleton/0_Wash_face/user8/1-1-2/predictions/Color_2025-05-31_18-07-38.116_00000082.json,1,2,,,ambiguous,multi_person_visual_decision_unavailable,False,
train__c00__user8__1-1-2,0,Wash_face,user8,1-1-2,train,83,2025-05-31_18-07-38.216,2025-05-31_18-07-38.216_00000083,Skeleton/0_Wash_face/user8/1-1-2/predictions/Color_2025-05-31_18-07-38.216_00000083.json,1,2,,,ambiguous,multi_person_visual_decision_unavailable,False,
train__c00__user8__1-1-2,0,Wash_face,user8,1-1-2,train,85,2025-05-31_18-07-38.416,2025-05-31_18-07-38.416_00000085,Skeleton/0_Wash_face/user8/1-1-2/predictions/Color_2025-05-31_18-07-38.416_00000085.json,1,2,,,ambiguous,multi_person_visual_decision_unavailable,False,
train__c00__user8__1-1-2,0,Wash_face,user8,1-1-2,train,86,2025-05-31_18-07-38.516,2025-05-31_18-07-38.516_00000086,Skeleton/0_Wash_face/user8/1-1-2/predictions/Color_2025-05-31_18-07-38.516_00000086.json,1,2,,,ambiguous,multi_person_visual_decision_unavailable,False,
train__c00__user8__1-1-2,0,Wash_face,user8,1-1-2,train,91,2025-05-31_18-07-39.016,2025-05-31_18-07-39.016_00000091,Skeleton/0_Wash_face/user8/1-1-2/predictions/Color_2025-05-31_18-07-39.016_00000091.json,1,2,,,ambiguous,multi_person_visual_decision_unavailable,False,
train__c00__user8__1-1-2,0,Wash_face,user8,1-1-2,train,92,2025-05-31_18-07-39.116,2025-05-31_18-07-39.116_00000092,Skeleton/0_Wash_face/user8/1-1-2/predictions/Color_2025-05-31_18-07-39.116_00000092.json,1,2,,,ambiguous,multi_person_visual_decision_unavailable,False,
train__c00__user8__1-1-3,0,Wash_face,user8,1-1-3,train,69,2025-05-31_18-09-12.816,2025-05-31_18-09-12.816_00000069,Skeleton/0_Wash_face/user8/1-1-3/predictions/Color_2025-05-31_18-09-12.816_00000069.json,1,2,,,ambiguous,multi_person_visual_decision_unavailable,False,
train__c00__user8__1-1-3,0,Wash_face,user8,1-1-3,train,71,2025-05-31_18-09-13.016,2025-05-31_18-09-13.016_00000071,Skeleton/0_Wash_face/user8/1-1-3/predictions/Color_2025-05-31_18-09-13.016_00000071.json,1,2,,,ambiguous,multi_person_visual_decision_unavailable,False,
train__c00__user8__1-1-3,0,Wash_face,user8,1-1-3,train,72,2025-05-31_18-09-13.116,2025-05-31_18-09-13.116_00000072,Skeleton/0_Wash_face/user8/1-1-3/predictions/Color_2025-05-31_18-09-13.116_00000072.json,1,2,,,ambiguous,multi_person_visual_decision_unavailable,False,
train__c00__user8__1-1-3,0,Wash_face,user8,1-1-3,train,81,2025-05-31_18-09-14.016,2025-05-31_18-09-14.016_00000081,Skeleton/0_Wash_face/user8/1-1-3/predictions/Color_2025-05-31_18-09-14.016_00000081.json,1,2,,,ambiguous,multi_person_visual_decision_unavailable,False,
train__c00__user8__1-1-3,0,Wash_face,user8,1-1-3,train,82,2025-05-31_18-09-14.116,2025-05-31_18-09-14.116_00000082,Skeleton/0_Wash_face/user8/1-1-3/predictions/Color_2025-05-31_18-09-14.116_00000082.json,1,2,,,ambiguous,multi_person_visual_decision_unavailable,False,
train__c00__user8__1-1-3,0,Wash_face,user8,1-1-3,train,83,2025-05-31_18-09-14.216,2025-05-31_18-09-14.216_00000083,Skeleton/0_Wash_face/user8/1-1-3/predictions/Color_2025-05-31_18-09-14.216_00000083.json,1,2,,,ambiguous,multi_person_visual_decision_unavailable,False,
train__c00__user8__1-1-3,0,Wash_face,user8,1-1-3,train,84,2025-05-31_18-09-14.316,2025-05-31_18-09-14.316_00000084,Skeleton/0_Wash_face/user8/1-1-3/predictions/Color_2025-05-31_18-09-14.316_00000084.json,1,2,,,ambiguous,multi_person_visual_decision_unavailable,False,
train__c00__user8__7-1-1,0,Wash_face,user8,7-1-1,train,135,2025-05-31_18-19-06.416,2025-05-31_18-19-06.416_00000135,Skeleton/0_Wash_face/user8/7-1-1/predictions/Color_2025-05-31_18-19-06.416_00000135.json,1,3,,,ambiguous,multi_person_visual_decision_unavailable,False,
train__c00__user8__7-1-1,0,Wash_face,user8,7-1-1,train,136,2025-05-31_18-19-06.516,2025-05-31_18-19-06.516_00000136,Skeleton/0_Wash_face/user8/7-1-1/predictions/Color_2025-05-31_18-19-06.516_00000136.json,1,2,,,ambiguous,multi_person_visual_decision_unavailable,False,
train__c00__user8__7-1-1,0,Wash_face,user8,7-1-1,train,137,2025-05-31_18-19-06.616,2025-05-31_18-19-06.616_00000137,Skeleton/0_Wash_face/user8/7-1-1/predictions/Color_2025-05-31_18-19-06.616_00000137.json,1,2,,,ambiguous,multi_person_visual_decision_unavailable,False,
train__c00__user8__7-1-1,0,Wash_face,user8,7-1-1,train,138,2025-05-31_18-19-06.716,2025-05-31_18-19-06.716_00000138,Skeleton/0_Wash_face/user8/7-1-1/predictions/Color_2025-05-31_18-19-06.716_00000138.json,1,2,,,ambiguous,multi_person_visual_decision_unavailable,False,
train__c00__user8__7-1-1,0,Wash_face,user8,7-1-1,train,139,2025-05-31_18-19-06.816,2025-05-31_18-19-06.816_00000139,Skeleton/0_Wash_face/user8/7-1-1/predictions/Color_2025-05-31_18-19-06.816_00000139.json,1,2,,,ambiguous,multi_person_visual_decision_unavailable,False,
train__c00__user8__7-1-1,0,Wash_face,user8,7-1-1,train,140,2025-05-31_18-19-06.916,2025-05-31_18-19-06.916_00000140,Skeleton/0_Wash_face/user8/7-1-1/predictions/Color_2025-05-31_18-19-06.916_00000140.json,1,2,,,ambiguous,multi_person_visual_decision_unavailable,False,
train__c00__user8__7-1-1,0,Wash_face,user8,7-1-1,train,141,2025-05-31_18-19-07.016,2025-05-31_18-19-07.016_00000141,Skeleton/0_Wash_face/user8/7-1-1/predictions/Color_2025-05-31_18-19-07.016_00000141.json,1,2,,,ambiguous,multi_person_visual_decision_unavailable,False,
train__c00__user8__7-1-1,0,Wash_face,user8,7-1-1,train,145,2025-05-31_18-19-07.416,2025-05-31_18-19-07.416_00000145,Skeleton/0_Wash_face/user8/7-1-1/predictions/Color_2025-05-31_18-19-07.416_00000145.json,1,2,,,ambiguous,multi_person_visual_decision_unavailable,False,
train__c00__user8__7-1-1,0,Wash_face,user8,7-1-1,train,147,2025-05-31_18-19-07.616,2025-05-31_18-19-07.616_00000147,Skeleton/0_Wash_face/user8/7-1-1/predictions/Color_2025-05-31_18-19-07.616_00000147.json,1,2,,,ambiguous,multi_person_visual_decision_unavailable,False,
train__c00__user8__7-1-1,0,Wash_face,user8,7-1-1,train,148,2025-05-31_18-19-07.716,2025-05-31_18-19-07.716_00000148,Skeleton/0_Wash_face/user8/7-1-1/predictions/Color_2025-05-31_18-19-07.716_00000148.json,1,2,,,ambiguous,multi_person_visual_decision_unavailable,False,
train__c00__user8__7-1-1,0,Wash_face,user8,7-1-1,train,155,2025-05-31_18-19-08.416,2025-05-31_18-19-08.416_00000155,Skeleton/0_Wash_face/user8/7-1-1/predictions/Color_2025-05-31_18-19-08.416_00000155.json,1,2,,,ambiguous,multi_person_visual_decision_unavailable,False,
train__c00__user8__7-1-1,0,Wash_face,user8,7-1-1,train,156,2025-05-31_18-19-08.516,2025-05-31_18-19-08.516_00000156,Skeleton/0_Wash_face/user8/7-1-1/predictions/Color_2025-05-31_18-19-08.516_00000156.json,1,2,,,ambiguous,multi_person_visual_decision_unavailable,False,
train__c00__user8__7-1-1,0,Wash_face,user8,7-1-1,train,157,2025-05-31_18-19-08.616,2025-05-31_18-19-08.616_00000157,Skeleton/0_Wash_face/user8/7-1-1/predictions/Color_2025-05-31_18-19-08.616_00000157.json,1,2,,,ambiguous,multi_person_visual_decision_unavailable,False,
train__c00__user8__7-1-1,0,Wash_face,user8,7-1-1,train,158,2025-05-31_18-19-08.716,2025-05-31_18-19-08.716_00000158,Skeleton/0_Wash_face/user8/7-1-1/predictions/Color_2025-05-31_18-19-08.716_00000158.json,1,2,,,ambiguous,multi_person_visual_decision_unavailable,False,
train__c00__user8__7-1-1,0,Wash_face,user8,7-1-1,train,159,2025-05-31_18-19-08.816,2025-05-31_18-19-08.816_00000159,Skeleton/0_Wash_face/user8/7-1-1/predictions/Color_2025-05-31_18-19-08.816_00000159.json,1,2,,,ambiguous,multi_person_visual_decision_unavailable,False,
train__c00__user8__7-1-2,0,Wash_face,user8,7-1-2,train,170,2025-05-31_18-17-09.916,2025-05-31_18-17-09.916_00000170,Skeleton/0_Wash_face/user8/7-1-2/predictions/Color_2025-05-31_18-17-09.916_00000170.json,1,3,,0.1375082218130034,ambiguous,multi_person_visual_margin_lt_20pct,False,
train__c00__user8__7-1-2,0,Wash_face,user8,7-1-2,train,172,2025-05-31_18-17-10.116,2025-05-31_18-17-10.116_00000172,Skeleton/0_Wash_face/user8/7-1-2/predictions/Color_2025-05-31_18-17-10.116_00000172.json,1,4,,,ambiguous,multi_person_visual_decision_unavailable,False,
train__c00__user8__7-1-2,0,Wash_face,user8,7-1-2,train,175,2025-05-31_18-17-10.416,2025-05-31_18-17-10.416_00000175,Skeleton/0_Wash_face/user8/7-1-2/predictions/Color_2025-05-31_18-17-10.416_00000175.json,1,3,,,ambiguous,multi_person_visual_decision_unavailable,False,
train__c00__user8__7-1-2,0,Wash_face,user8,7-1-2,train,181,2025-05-31_18-17-11.016,2025-05-31_18-17-11.016_00000181,Skeleton/0_Wash_face/user8/7-1-2/predictions/Color_2025-05-31_18-17-11.016_00000181.json,1,3,,,ambiguous,multi_person_visual_decision_unavailable,False,
train__c00__user8__7-1-2,0,Wash_face,user8,7-1-2,train,182,2025-05-31_18-17-11.116,2025-05-31_18-17-11.116_00000182,Skeleton/0_Wash_face/user8/7-1-2/predictions/Color_2025-05-31_18-17-11.116_00000182.json,1,3,,,ambiguous,multi_person_visual_decision_unavailable,False,
train__c00__user8__7-1-2,0,Wash_face,user8,7-1-2,train,183,2025-05-31_18-17-11.216,2025-05-31_18-17-11.216_00000183,Skeleton/0_Wash_face/user8/7-1-2/predictions/Color_2025-05-31_18-17-11.216_00000183.json,1,3,,,ambiguous,multi_person_visual_decision_unavailable,False,
train__c00__user8__7-1-2,0,Wash_face,user8,7-1-2,train,184,2025-05-31_18-17-11.316,2025-05-31_18-17-11.316_00000184,Skeleton/0_Wash_face/user8/7-1-2/predictions/Color_2025-05-31_18-17-11.316_00000184.json,1,3,,,ambiguous,multi_person_visual_decision_unavailable,False,
train__c00__user8__7-1-2,0,Wash_face,user8,7-1-2,train,185,2025-05-31_18-17-11.416,2025-05-31_18-17-11.416_00000185,Skeleton/0_Wash_face/user8/7-1-2/predictions/Color_2025-05-31_18-17-11.416_00000185.json,1,4,,,ambiguous,multi_person_visual_decision_unavailable,False,
train__c00__user8__7-1-2,0,Wash_face,user8,7-1-2,train,186,2025-05-31_18-17-11.516,2025-05-31_18-17-11.516_00000186,Skeleton/0_Wash_face/user8/7-1-2/predictions/Color_2025-05-31_18-17-11.516_00000186.json,1,4,,,ambiguous,multi_person_visual_decision_unavailable,False,
train__c00__user8__7-1-2,0,Wash_face,user8,7-1-2,train,187,2025-05-31_18-17-11.616,2025-05-31_18-17-11.616_00000187,Skeleton/0_Wash_face/user8/7-1-2/predictions/Color_2025-05-31_18-17-11.616_00000187.json,1,4,,,ambiguous,multi_person_visual_decision_unavailable,False,
train__c00__user8__7-1-2,0,Wash_face,user8,7-1-2,train,188,2025-05-31_18-17-11.716,2025-05-31_18-17-11.716_00000188,Skeleton/0_Wash_face/user8/7-1-2/predictions/Color_2025-05-31_18-17-11.716_00000188.json,1,4,,,ambiguous,multi_person_visual_decision_unavailable,False,
train__c00__user8__7-1-2,0,Wash_face,user8,7-1-2,train,189,2025-05-31_18-17-11.816,2025-05-31_18-17-11.816_00000189,Skeleton/0_Wash_face/user8/7-1-2/predictions/Color_2025-05-31_18-17-11.816_00000189.json,1,2,,,ambiguous,multi_person_visual_decision_unavailable,False,
train__c00__user8__7-1-2,0,Wash_face,user8,7-1-2,train,190,2025-05-31_18-17-11.916,2025-05-31_18-17-11.916_00000190,Skeleton/0_Wash_face/user8/7-1-2/predictions/Color_2025-05-31_18-17-11.916_00000190.json,1,3,,,ambiguous,multi_person_visual_decision_unavailable,False,
train__c00__user8__7-1-2,0,Wash_face,user8,7-1-2,train,191,2025-05-31_18-17-12.016,2025-05-31_18-17-12.016_00000191,Skeleton/0_Wash_face/user8/7-1-2/predictions/Color_2025-05-31_18-17-12.016_00000191.json,1,3,,,ambiguous,multi_person_visual_decision_unavailable,False,
train__c00__user8__7-1-2,0,Wash_face,user8,7-1-2,train,193,2025-05-31_18-17-12.216,2025-05-31_18-17-12.216_00000193,Skeleton/0_Wash_face/user8/7-1-2/predictions/Color_2025-05-31_18-17-12.216_00000193.json,1,3,,,ambiguous,multi_person_visual_decision_unavailable,False,
train__c00__user8__7-1-2,0,Wash_face,user8,7-1-2,train,194,2025-05-31_18-17-12.316,2025-05-31_18-17-12.316_00000194,Skeleton/0_Wash_face/user8/7-1-2/predictions/Color_2025-05-31_18-17-12.316_00000194.json,1,3,,,ambiguous,multi_person_visual_decision_unavailable,False,
train__c00__user8__7-1-2,0,Wash_face,user8,7-1-2,train,195,2025-05-31_18-17-12.416,2025-05-31_18-17-12.416_00000195,Skeleton/0_Wash_face/user8/7-1-2/predictions/Color_2025-05-31_18-17-12.416_00000195.json,1,2,,,ambiguous,multi_person_visual_decision_unavailable,False,
train__c00__user8__7-1-2,0,Wash_face,user8,7-1-2,train,196,2025-05-31_18-17-12.516,2025-05-31_18-17-12.516_00000196,Skeleton/0_Wash_face/user8/7-1-2/predictions/Color_2025-05-31_18-17-12.516_00000196.json,1,3,,,ambiguous,multi_person_visual_decision_unavailable,False,
train__c00__user8__7-1-3,0,Wash_face,user8,7-1-3,train,95,2025-05-31_18-20-56.416,2025-05-31_18-20-56.416_00000095,Skeleton/0_Wash_face/user8/7-1-3/predictions/Color_2025-05-31_18-20-56.416_00000095.json,1,2,,,ambiguous,multi_person_visual_decision_unavailable,False,
train__c00__user8__7-1-3,0,Wash_face,user8,7-1-3,train,96,2025-05-31_18-20-56.516,2025-05-31_18-20-56.516_00000096,Skeleton/0_Wash_face/user8/7-1-3/predictions/Color_2025-05-31_18-20-56.516_00000096.json,1,2,,,ambiguous,multi_person_visual_decision_unavailable,False,
train__c00__user8__7-1-3,0,Wash_face,user8,7-1-3,train,97,2025-05-31_18-20-56.616,2025-05-31_18-20-56.616_00000097,Skeleton/0_Wash_face/user8/7-1-3/predictions/Color_2025-05-31_18-20-56.616_00000097.json,1,2,,,ambiguous,multi_person_visual_decision_unavailable,False,
train__c00__user8__7-1-3,0,Wash_face,user8,7-1-3,train,98,2025-05-31_18-20-56.716,2025-05-31_18-20-56.716_00000098,Skeleton/0_Wash_face/user8/7-1-3/predictions/Color_2025-05-31_18-20-56.716_00000098.json,1,2,,,ambiguous,multi_person_visual_decision_unavailable,False,
train__c00__user8__7-1-3,0,Wash_face,user8,7-1-3,train,99,2025-05-31_18-20-56.816,2025-05-31_18-20-56.816_00000099,Skeleton/0_Wash_face/user8/7-1-3/predictions/Color_2025-05-31_18-20-56.816_00000099.json,1,2,,,ambiguous,multi_person_visual_decision_unavailable,False,
train__c00__user8__7-1-3,0,Wash_face,user8,7-1-3,train,100,2025-05-31_18-20-56.916,2025-05-31_18-20-56.916_00000100,Skeleton/0_Wash_face/user8/7-1-3/predictions/Color_2025-05-31_18-20-56.916_00000100.json,1,2,,,ambiguous,multi_person_visual_decision_unavailable,False,
train__c00__user8__7-1-3,0,Wash_face,user8,7-1-3,train,101,2025-05-31_18-20-57.016,2025-05-31_18-20-57.016_00000101,Skeleton/0_Wash_face/user8/7-1-3/predictions/Color_2025-05-31_18-20-57.016_00000101.json,1,2,,,ambiguous,multi_person_visual_decision_unavailable,False,
train__c00__user8__7-1-3,0,Wash_face,user8,7-1-3,train,102,2025-05-31_18-20-57.116,2025-05-31_18-20-57.116_00000102,Skeleton/0_Wash_face/user8/7-1-3/predictions/Color_2025-05-31_18-20-57.116_00000102.json,1,2,,,ambiguous,multi_person_visual_decision_unavailable,False,
train__c00__user8__7-1-3,0,Wash_face,user8,7-1-3,train,106,2025-05-31_18-20-57.516,2025-05-31_18-20-57.516_00000106,Skeleton/0_Wash_face/user8/7-1-3/predictions/Color_2025-05-31_18-20-57.516_00000106.json,1,2,,,ambiguous,multi_person_visual_decision_unavailable,False,
train__c00__user8__7-1-3,0,Wash_face,user8,7-1-3,train,107,2025-05-31_18-20-57.616,2025-05-31_18-20-57.616_00000107,Skeleton/0_Wash_face/user8/7-1-3/predictions/Color_2025-05-31_18-20-57.616_00000107.json,1,2,,,ambiguous,multi_person_visual_decision_unavailable,False,
train__c00__user8__7-1-3,0,Wash_face,user8,7-1-3,train,108,2025-05-31_18-20-57.716,2025-05-31_18-20-57.716_00000108,Skeleton/0_Wash_face/user8/7-1-3/predictions/Color_2025-05-31_18-20-57.716_00000108.json,1,2,,,ambiguous,multi_person_visual_decision_unavailable,False,
train__c00__user8__7-1-3,0,Wash_face,user8,7-1-3,train,109,2025-05-31_18-20-57.816,2025-05-31_18-20-57.816_00000109,Skeleton/0_Wash_face/user8/7-1-3/predictions/Color_2025-05-31_18-20-57.816_00000109.json,1,2,,,ambiguous,multi_person_visual_decision_unavailable,False,
train__c00__user8__7-1-3,0,Wash_face,user8,7-1-3,train,110,2025-05-31_18-20-57.916,2025-05-31_18-20-57.916_00000110,Skeleton/0_Wash_face/user8/7-1-3/predictions/Color_2025-05-31_18-20-57.916_00000110.json,1,2,,,ambiguous,multi_person_visual_decision_unavailable,False,
train__c01__user6__1-1-1,1,Brush_teeth,user6,1-1-1,train,70,2025-05-31_17-42-37.916,2025-05-31_17-42-37.916_00000070,Skeleton/1_Brush_teeth/user6/1-1-1/predictions/Color_2025-05-31_17-42-37.916_00000070.json,1,2,,,ambiguous,multi_person_visual_decision_unavailable,False,
train__c01__user6__1-1-2,1,Brush_teeth,user6,1-1-2,train,83,2025-05-31_17-45-45.216,2025-05-31_17-45-45.216_00000083,Skeleton/1_Brush_teeth/user6/1-1-2/predictions/Color_2025-05-31_17-45-45.216_00000083.json,1,2,,,ambiguous,multi_person_visual_decision_unavailable,False,
train__c01__user6__1-1-3,1,Brush_teeth,user6,1-1-3,train,45,2025-05-31_17-47-34.416,2025-05-31_17-47-34.416_00000045,Skeleton/1_Brush_teeth/user6/1-1-3/predictions/Color_2025-05-31_17-47-34.416_00000045.json,1,3,,0.0584218425587487,ambiguous,multi_person_visual_margin_lt_20pct,False,
train__c01__user6__1-1-3,1,Brush_teeth,user6,1-1-3,train,46,2025-05-31_17-47-34.516,2025-05-31_17-47-34.516_00000046,Skeleton/1_Brush_teeth/user6/1-1-3/predictions/Color_2025-05-31_17-47-34.516_00000046.json,1,3,,0.16591880501774,ambiguous,multi_person_visual_margin_lt_20pct,False,
train__c01__user6__1-1-3,1,Brush_teeth,user6,1-1-3,train,47,2025-05-31_17-47-34.616,2025-05-31_17-47-34.616_00000047,Skeleton/1_Brush_teeth/user6/1-1-3/predictions/Color_2025-05-31_17-47-34.616_00000047.json,1,3,,0.012894018965503,ambiguous,multi_person_visual_margin_lt_20pct,False,
train__c01__user6__1-1-3,1,Brush_teeth,user6,1-1-3,train,48,2025-05-31_17-47-34.716,2025-05-31_17-47-34.716_00000048,Skeleton/1_Brush_teeth/user6/1-1-3/predictions/Color_2025-05-31_17-47-34.716_00000048.json,1,3,,0.1136071515126864,ambiguous,multi_person_visual_margin_lt_20pct,False,
train__c01__user6__1-1-3,1,Brush_teeth,user6,1-1-3,train,51,2025-05-31_17-47-35.016,2025-05-31_17-47-35.016_00000051,Skeleton/1_Brush_teeth/user6/1-1-3/predictions/Color_2025-05-31_17-47-35.016_00000051.json,1,3,,0.1602029645993807,ambiguous,multi_person_visual_margin_lt_20pct,False,
train__c01__user6__1-1-3,1,Brush_teeth,user6,1-1-3,train,54,2025-05-31_17-47-35.316,2025-05-31_17-47-35.316_00000054,Skeleton/1_Brush_teeth/user6/1-1-3/predictions/Color_2025-05-31_17-47-35.316_00000054.json,1,3,,0.1956008838894412,ambiguous,multi_person_visual_margin_lt_20pct,False,
train__c01__user8__1-1-1,1,Brush_teeth,user8,1-1-1,train,47,2025-05-31_18-06-24.616,2025-05-31_18-06-24.616_00000047,Skeleton/1_Brush_teeth/user8/1-1-1/predictions/Color_2025-05-31_18-06-24.616_00000047.json,1,2,,,ambiguous,multi_person_visual_decision_unavailable,False,
train__c01__user8__1-1-1,1,Brush_teeth,user8,1-1-1,train,57,2025-05-31_18-06-25.616,2025-05-31_18-06-25.616_00000057,Skeleton/1_Brush_teeth/user8/1-1-1/predictions/Color_2025-05-31_18-06-25.616_00000057.json,1,3,,,ambiguous,multi_person_visual_decision_unavailable,False,
train__c01__user8__1-1-1,1,Brush_teeth,user8,1-1-1,train,61,2025-05-31_18-06-26.016,2025-05-31_18-06-26.016_00000061,Skeleton/1_Brush_teeth/user8/1-1-1/predictions/Color_2025-05-31_18-06-26.016_00000061.json,1,3,,,ambiguous,multi_person_visual_decision_unavailable,False,
train__c01__user8__1-1-2,1,Brush_teeth,user8,1-1-2,train,19,2025-05-31_18-07-31.816,2025-05-31_18-07-31.816_00000019,Skeleton/1_Brush_teeth/user8/1-1-2/predictions/Color_2025-05-31_18-07-31.816_00000019.json,1,3,,,ambiguous,multi_person_visual_decision_unavailable,False,
train__c01__user8__1-1-2,1,Brush_teeth,user8,1-1-2,train,20,2025-05-31_18-07-31.916,2025-05-31_18-07-31.916_00000020,Skeleton/1_Brush_teeth/user8/1-1-2/predictions/Color_2025-05-31_18-07-31.916_00000020.json,1,3,,,ambiguous,multi_person_visual_decision_unavailable,False,
train__c01__user8__1-1-2,1,Brush_teeth,user8,1-1-2,train,21,2025-05-31_18-07-32.016,2025-05-31_18-07-32.016_00000021,Skeleton/1_Brush_teeth/user8/1-1-2/predictions/Color_2025-05-31_18-07-32.016_00000021.json,1,3,,,ambiguous,multi_person_visual_decision_unavailable,False,
train__c01__user8__1-1-2,1,Brush_teeth,user8,1-1-2,train,22,2025-05-31_18-07-32.116,2025-05-31_18-07-32.116_00000022,Skeleton/1_Brush_teeth/user8/1-1-2/predictions/Color_2025-05-31_18-07-32.116_00000022.json,1,3,,,ambiguous,multi_person_visual_decision_unavailable,False,
train__c01__user8__1-1-2,1,Brush_teeth,user8,1-1-2,train,26,2025-05-31_18-07-32.516,2025-05-31_18-07-32.516_00000026,Skeleton/1_Brush_teeth/user8/1-1-2/predictions/Color_2025-05-31_18-07-32.516_00000026.json,1,3,,,ambiguous,multi_person_visual_decision_unavailable,False,
train__c01__user8__1-1-2,1,Brush_teeth,user8,1-1-2,train,43,2025-05-31_18-07-34.216,2025-05-31_18-07-34.216_00000043,Skeleton/1_Brush_teeth/user8/1-1-2/predictions/Color_2025-05-31_18-07-34.216_00000043.json,1,3,,,ambiguous,multi_person_visual_decision_unavailable,False,
train__c01__user8__1-1-2,1,Brush_teeth,user8,1-1-2,train,45,2025-05-31_18-07-34.416,2025-05-31_18-07-34.416_00000045,Skeleton/1_Brush_teeth/user8/1-1-2/predictions/Color_2025-05-31_18-07-34.416_00000045.json,1,3,,,ambiguous,multi_person_visual_decision_unavailable,False,
train__c01__user8__1-1-2,1,Brush_teeth,user8,1-1-2,train,46,2025-05-31_18-07-34.516,2025-05-31_18-07-34.516_00000046,Skeleton/1_Brush_teeth/user8/1-1-2/predictions/Color_2025-05-31_18-07-34.516_00000046.json,1,3,,,ambiguous,multi_person_visual_decision_unavailable,False,
train__c01__user8__1-1-2,1,Brush_teeth,user8,1-1-2,train,48,2025-05-31_18-07-34.716,2025-05-31_18-07-34.716_00000048,Skeleton/1_Brush_teeth/user8/1-1-2/predictions/Color_2025-05-31_18-07-34.716_00000048.json,1,3,,,ambiguous,multi_person_visual_decision_unavailable,False,
train__c01__user8__1-1-2,1,Brush_teeth,user8,1-1-2,train,51,2025-05-31_18-07-35.016,2025-05-31_18-07-35.016_00000051,Skeleton/1_Brush_teeth/user8/1-1-2/predictions/Color_2025-05-31_18-07-35.016_00000051.json,1,3,,,ambiguous,multi_person_visual_decision_unavailable,False,
train__c01__user8__7-1-2,1,Brush_teeth,user8,7-1-2,train,60,2025-05-31_18-16-58.916,2025-05-31_18-16-58.916_00000060,Skeleton/1_Brush_teeth/user8/7-1-2/predictions/Color_2025-05-31_18-16-58.916_00000060.json,1,3,,,ambiguous,multi_person_visual_decision_unavailable,False,
train__c01__user8__7-1-2,1,Brush_teeth,user8,7-1-2,train,62,2025-05-31_18-16-59.116,2025-05-31_18-16-59.116_00000062,Skeleton/1_Brush_teeth/user8/7-1-2/predictions/Color_2025-05-31_18-16-59.116_00000062.json,1,2,,,ambiguous,multi_person_visual_decision_unavailable,False,
train__c01__user8__7-1-2,1,Brush_teeth,user8,7-1-2,train,65,2025-05-31_18-16-59.416,2025-05-31_18-16-59.416_00000065,Skeleton/1_Brush_teeth/user8/7-1-2/predictions/Color_2025-05-31_18-16-59.416_00000065.json,1,2,,,ambiguous,multi_person_visual_decision_unavailable,False,
train__c01__user8__7-1-3,1,Brush_teeth,user8,7-1-3,train,31,2025-05-31_18-20-50.016,2025-05-31_18-20-50.016_00000031,Skeleton/1_Brush_teeth/user8/7-1-3/predictions/Color_2025-05-31_18-20-50.016_00000031.json,1,2,,,ambiguous,multi_person_visual_decision_unavailable,False,
train__c01__user8__7-1-3,1,Brush_teeth,user8,7-1-3,train,40,2025-05-31_18-20-50.916,2025-05-31_18-20-50.916_00000040,Skeleton/1_Brush_teeth/user8/7-1-3/predictions/Color_2025-05-31_18-20-50.916_00000040.json,1,3,,,ambiguous,multi_person_visual_decision_unavailable,False,
train__c01__user8__7-1-3,1,Brush_teeth,user8,7-1-3,train,41,2025-05-31_18-20-51.016,2025-05-31_18-20-51.016_00000041,Skeleton/1_Brush_teeth/user8/7-1-3/predictions/Color_2025-05-31_18-20-51.016_00000041.json,1,3,,,ambiguous,multi_person_visual_decision_unavailable,False,
train__c01__user9__1-1-1,1,Brush_teeth,user9,1-1-1,train,21,2025-05-31_18-26-28.016,2025-05-31_18-26-28.016_00000021,Skeleton/1_Brush_teeth/user9/1-1-1/predictions/Color_2025-05-31_18-26-28.016_00000021.json,1,2,,,ambiguous,multi_person_visual_decision_unavailable,False,
train__c01__user9__1-1-1,1,Brush_teeth,user9,1-1-1,train,40,2025-05-31_18-26-29.916,2025-05-31_18-26-29.916_00000040,Skeleton/1_Brush_teeth/user9/1-1-1/predictions/Color_2025-05-31_18-26-29.916_00000040.json,1,2,,,ambiguous,multi_person_visual_decision_unavailable,False,
train__c01__user9__1-1-1,1,Brush_teeth,user9,1-1-1,train,44,2025-05-31_18-26-30.316,2025-05-31_18-26-30.316_00000044,Skeleton/1_Brush_teeth/user9/1-1-1/predictions/Color_2025-05-31_18-26-30.316_00000044.json,1,2,,,ambiguous,multi_person_visual_decision_unavailable,False,
train__c02__user7__1-1-2,2,Comb_hair,user7,1-1-2,train,81,2025-05-31_18-01-17.016,2025-05-31_18-01-17.016_00000081,Skeleton/2_Comb_hair/user7/1-1-2/predictions/Color_2025-05-31_18-01-17.016_00000081.json,1,2,,,ambiguous,multi_person_visual_decision_unavailable,False,
train__c02__user7__1-1-2,2,Comb_hair,user7,1-1-2,train,82,2025-05-31_18-01-17.116,2025-05-31_18-01-17.116_00000082,Skeleton/2_Comb_hair/user7/1-1-2/predictions/Color_2025-05-31_18-01-17.116_00000082.json,1,2,,,ambiguous,multi_person_visual_decision_unavailable,False,
train__c02__user7__1-1-3,2,Comb_hair,user7,1-1-3,train,79,2025-05-31_18-02-32.816,2025-05-31_18-02-32.816_00000079,Skeleton/2_Comb_hair/user7/1-1-3/predictions/Color_2025-05-31_18-02-32.816_00000079.json,1,2,,,ambiguous,multi_person_visual_decision_unavailable,False,
train__c02__user7__1-1-3,2,Comb_hair,user7,1-1-3,train,80,2025-05-31_18-02-32.916,2025-05-31_18-02-32.916_00000080,Skeleton/2_Comb_hair/user7/1-1-3/predictions/Color_2025-05-31_18-02-32.916_00000080.json,1,2,,,ambiguous,multi_person_visual_decision_unavailable,False,
train__c02__user7__1-1-3,2,Comb_hair,user7,1-1-3,train,89,2025-05-31_18-02-33.816,2025-05-31_18-02-33.816_00000089,Skeleton/2_Comb_hair/user7/1-1-3/predictions/Color_2025-05-31_18-02-33.816_00000089.json,1,3,,,ambiguous,multi_person_visual_decision_unavailable,False,
train__c02__user7__1-1-3,2,Comb_hair,user7,1-1-3,train,91,2025-05-31_18-02-34.016,2025-05-31_18-02-34.016_00000091,Skeleton/2_Comb_hair/user7/1-1-3/predictions/Color_2025-05-31_18-02-34.016_00000091.json,1,3,,,ambiguous,multi_person_visual_decision_unavailable,False,
train__c02__user7__1-1-3,2,Comb_hair,user7,1-1-3,train,92,2025-05-31_18-02-34.116,2025-05-31_18-02-34.116_00000092,Skeleton/2_Comb_hair/user7/1-1-3/predictions/Color_2025-05-31_18-02-34.116_00000092.json,1,3,,,ambiguous,multi_person_visual_decision_unavailable,False,
train__c02__user7__1-1-3,2,Comb_hair,user7,1-1-3,train,93,2025-05-31_18-02-34.216,2025-05-31_18-02-34.216_00000093,Skeleton/2_Comb_hair/user7/1-1-3/predictions/Color_2025-05-31_18-02-34.216_00000093.json,1,2,,,ambiguous,multi_person_visual_decision_unavailable,False,
train__c02__user8__7-1-2,2,Comb_hair,user8,7-1-2,train,105,2025-05-31_18-17-03.416,2025-05-31_18-17-03.416_00000105,Skeleton/2_Comb_hair/user8/7-1-2/predictions/Color_2025-05-31_18-17-03.416_00000105.json,1,3,,,ambiguous,multi_person_visual_decision_unavailable,False,
train__c03__user8__7-1-1,3,Take_off_clothes,user8,7-1-1,train,85,2025-05-31_18-19-01.416,2025-05-31_18-19-01.416_00000085,Skeleton/3_Take_off_clothes/user8/7-1-1/predictions/Color_2025-05-31_18-19-01.416_00000085.json,1,3,,,ambiguous,multi_person_visual_decision_unavailable,False,
train__c03__user8__7-1-1,3,Take_off_clothes,user8,7-1-1,train,86,2025-05-31_18-19-01.516,2025-05-31_18-19-01.516_00000086,Skeleton/3_Take_off_clothes/user8/7-1-1/predictions/Color_2025-05-31_18-19-01.516_00000086.json,1,3,,,ambiguous,multi_person_visual_decision_unavailable,False,
train__c03__user8__7-1-1,3,Take_off_clothes,user8,7-1-1,train,87,2025-05-31_18-19-01.616,2025-05-31_18-19-01.616_00000087,Skeleton/3_Take_off_clothes/user8/7-1-1/predictions/Color_2025-05-31_18-19-01.616_00000087.json,1,3,,,ambiguous,multi_person_visual_decision_unavailable,False,
train__c03__user8__7-1-1,3,Take_off_clothes,user8,7-1-1,train,89,2025-05-31_18-19-01.816,2025-05-31_18-19-01.816_00000089,Skeleton/3_Take_off_clothes/user8/7-1-1/predictions/Color_2025-05-31_18-19-01.816_00000089.json,1,3,,,ambiguous,multi_person_visual_decision_unavailable,False,
train__c03__user8__7-1-1,3,Take_off_clothes,user8,7-1-1,train,96,2025-05-31_18-19-02.516,2025-05-31_18-19-02.516_00000096,Skeleton/3_Take_off_clothes/user8/7-1-1/predictions/Color_2025-05-31_18-19-02.516_00000096.json,1,2,,,ambiguous,multi_person_visual_decision_unavailable,False,
train__c03__user8__7-1-1,3,Take_off_clothes,user8,7-1-1,train,97,2025-05-31_18-19-02.616,2025-05-31_18-19-02.616_00000097,Skeleton/3_Take_off_clothes/user8/7-1-1/predictions/Color_2025-05-31_18-19-02.616_00000097.json,1,2,,,ambiguous,multi_person_visual_decision_unavailable,False,
train__c03__user8__7-1-1,3,Take_off_clothes,user8,7-1-1,train,98,2025-05-31_18-19-02.716,2025-05-31_18-19-02.716_00000098,Skeleton/3_Take_off_clothes/user8/7-1-1/predictions/Color_2025-05-31_18-19-02.716_00000098.json,1,2,,,ambiguous,multi_person_visual_decision_unavailable,False,
train__c03__user8__7-1-1,3,Take_off_clothes,user8,7-1-1,train,115,2025-05-31_18-19-04.416,2025-05-31_18-19-04.416_00000115,Skeleton/3_Take_off_clothes/user8/7-1-1/predictions/Color_2025-05-31_18-19-04.416_00000115.json,1,2,,,ambiguous,multi_person_visual_decision_unavailable,False,
train__c03__user8__7-1-1,3,Take_off_clothes,user8,7-1-1,train,116,2025-05-31_18-19-04.516,2025-05-31_18-19-04.516_00000116,Skeleton/3_Take_off_clothes/user8/7-1-1/predictions/Color_2025-05-31_18-19-04.516_00000116.json,1,2,,,ambiguous,multi_person_visual_decision_unavailable,False,
train__c03__user8__7-1-1,3,Take_off_clothes,user8,7-1-1,train,117,2025-05-31_18-19-04.616,2025-05-31_18-19-04.616_00000117,Skeleton/3_Take_off_clothes/user8/7-1-1/predictions/Color_2025-05-31_18-19-04.616_00000117.json,1,3,,,ambiguous,multi_person_visual_decision_unavailable,False,
train__c03__user8__7-1-1,3,Take_off_clothes,user8,7-1-1,train,118,2025-05-31_18-19-04.716,2025-05-31_18-19-04.716_00000118,Skeleton/3_Take_off_clothes/user8/7-1-1/predictions/Color_2025-05-31_18-19-04.716_00000118.json,1,3,,,ambiguous,multi_person_visual_decision_unavailable,False,
train__c03__user8__7-1-1,3,Take_off_clothes,user8,7-1-1,train,119,2025-05-31_18-19-04.816,2025-05-31_18-19-04.816_00000119,Skeleton/3_Take_off_clothes/user8/7-1-1/predictions/Color_2025-05-31_18-19-04.816_00000119.json,1,2,,,ambiguous,multi_person_visual_decision_unavailable,False,
train__c03__user8__7-1-1,3,Take_off_clothes,user8,7-1-1,train,120,2025-05-31_18-19-04.916,2025-05-31_18-19-04.916_00000120,Skeleton/3_Take_off_clothes/user8/7-1-1/predictions/Color_2025-05-31_18-19-04.916_00000120.json,1,2,,,ambiguous,multi_person_visual_decision_unavailable,False,
train__c03__user8__7-1-2,3,Take_off_clothes,user8,7-1-2,train,122,2025-05-31_18-17-05.116,2025-05-31_18-17-05.116_00000122,Skeleton/3_Take_off_clothes/user8/7-1-2/predictions/Color_2025-05-31_18-17-05.116_00000122.json,1,3,,,ambiguous,multi_person_visual_decision_unavailable,False,
train__c03__user8__7-1-2,3,Take_off_clothes,user8,7-1-2,train,123,2025-05-31_18-17-05.216,2025-05-31_18-17-05.216_00000123,Skeleton/3_Take_off_clothes/user8/7-1-2/predictions/Color_2025-05-31_18-17-05.216_00000123.json,1,2,,,ambiguous,multi_person_visual_decision_unavailable,False,
train__c03__user8__7-1-2,3,Take_off_clothes,user8,7-1-2,train,127,2025-05-31_18-17-05.616,2025-05-31_18-17-05.616_00000127,Skeleton/3_Take_off_clothes/user8/7-1-2/predictions/Color_2025-05-31_18-17-05.616_00000127.json,1,2,,,ambiguous,multi_person_visual_decision_unavailable,False,
train__c03__user8__7-1-2,3,Take_off_clothes,user8,7-1-2,train,128,2025-05-31_18-17-05.716,2025-05-31_18-17-05.716_00000128,Skeleton/3_Take_off_clothes/user8/7-1-2/predictions/Color_2025-05-31_18-17-05.716_00000128.json,1,2,,,ambiguous,multi_person_visual_decision_unavailable,False,
train__c03__user8__7-1-2,3,Take_off_clothes,user8,7-1-2,train,133,2025-05-31_18-17-06.216,2025-05-31_18-17-06.216_00000133,Skeleton/3_Take_off_clothes/user8/7-1-2/predictions/Color_2025-05-31_18-17-06.216_00000133.json,1,2,,,ambiguous,multi_person_visual_decision_unavailable,False,
train__c03__user8__7-1-2,3,Take_off_clothes,user8,7-1-2,train,134,2025-05-31_18-17-06.316,2025-05-31_18-17-06.316_00000134,Skeleton/3_Take_off_clothes/user8/7-1-2/predictions/Color_2025-05-31_18-17-06.316_00000134.json,1,2,,,ambiguous,multi_person_visual_decision_unavailable,False,
train__c03__user8__7-1-3,3,Take_off_clothes,user8,7-1-3,train,77,2025-05-31_18-20-54.616,2025-05-31_18-20-54.616_00000077,Skeleton/3_Take_off_clothes/user8/7-1-3/predictions/Color_2025-05-31_18-20-54.616_00000077.json,1,2,,,ambiguous,multi_person_visual_decision_unavailable,False,
train__c03__user18__6-1-2,3,Take_off_clothes,user18,6-1-2,train,40,2025-06-09_17-11-37.916,2025-06-09_17-11-37.916_00000040,Skeleton/3_Take_off_clothes/user18/6-1-2/predictions/Color_2025-06-09_17-11-37.916_00000040.json,1,2,,,ambiguous,multi_person_visual_decision_unavailable,False,
train__c03__user18__6-1-2,3,Take_off_clothes,user18,6-1-2,train,46,2025-06-09_17-11-38.516,2025-06-09_17-11-38.516_00000046,Skeleton/3_Take_off_clothes/user18/6-1-2/predictions/Color_2025-06-09_17-11-38.516_00000046.json,1,2,,0.084328204963121,ambiguous,multi_person_visual_margin_lt_20pct,False,
train__c03__user18__6-1-2,3,Take_off_clothes,user18,6-1-2,train,47,2025-06-09_17-11-38.616,2025-06-09_17-11-38.616_00000047,Skeleton/3_Take_off_clothes/user18/6-1-2/predictions/Color_2025-06-09_17-11-38.616_00000047.json,1,2,,0.0317024874329311,ambiguous,multi_person_visual_margin_lt_20pct,False,
train__c03__user18__7-1-3,3,Take_off_clothes,user18,7-1-3,train,90,2025-06-10_11-33-16.916,2025-06-10_11-33-16.916_00000090,Skeleton/3_Take_off_clothes/user18/7-1-3/predictions/Color_2025-06-10_11-33-16.916_00000090.json,1,2,,0.119683840296418,ambiguous,multi_person_visual_margin_lt_20pct,False,
train__c03__user18__7-1-3,3,Take_off_clothes,user18,7-1-3,train,91,2025-06-10_11-33-17.016,2025-06-10_11-33-17.016_00000091,Skeleton/3_Take_off_clothes/user18/7-1-3/predictions/Color_2025-06-10_11-33-17.016_00000091.json,1,2,,0.0461873621256846,ambiguous,multi_person_visual_margin_lt_20pct,False,
train__c03__user23__5-2-2,3,Take_off_clothes,user23,5-2-2,validation,42,2025-06-13_14-09-11.116,2025-06-13_14-09-11.116_00000042,Skeleton/3_Take_off_clothes/user23/5-2-2/predictions/Color_2025-06-13_14-09-11.116_00000042.json,1,2,,,ambiguous,multi_person_visual_decision_unavailable,False,
train__c03__user23__5-2-2,3,Take_off_clothes,user23,5-2-2,validation,44,2025-06-13_14-09-11.316,2025-06-13_14-09-11.316_00000044,Skeleton/3_Take_off_clothes/user23/5-2-2/predictions/Color_2025-06-13_14-09-11.316_00000044.json,1,2,,,ambiguous,multi_person_visual_decision_unavailable,False,
train__c03__user23__5-2-2,3,Take_off_clothes,user23,5-2-2,validation,54,2025-06-13_14-09-12.316,2025-06-13_14-09-12.316_00000054,Skeleton/3_Take_off_clothes/user23/5-2-2/predictions/Color_2025-06-13_14-09-12.316_00000054.json,1,2,,,ambiguous,multi_person_visual_decision_unavailable,False,
train__c03__user23__5-2-3,3,Take_off_clothes,user23,5-2-3,validation,31,2025-06-13_14-10-18.016,2025-06-13_14-10-18.016_00000031,Skeleton/3_Take_off_clothes/user23/5-2-3/predictions/Color_2025-06-13_14-10-18.016_00000031.json,1,2,,,ambiguous,multi_person_visual_decision_unavailable,False,
train__c03__user23__5-2-3,3,Take_off_clothes,user23,5-2-3,validation,35,2025-06-13_14-10-18.416,2025-06-13_14-10-18.416_00000035,Skeleton/3_Take_off_clothes/user23/5-2-3/predictions/Color_2025-06-13_14-10-18.416_00000035.json,1,2,,,ambiguous,multi_person_visual_decision_unavailable,False,
train__c04__user7__1-1-3,4,Wipe_hands,user7,1-1-3,train,71,2025-05-31_18-02-32.016,2025-05-31_18-02-32.016_00000071,Skeleton/4_Wipe_hands/user7/1-1-3/predictions/Color_2025-05-31_18-02-32.016_00000071.json,1,2,,,ambiguous,multi_person_visual_decision_unavailable,False,
train__c04__user8__1-1-1,4,Wipe_hands,user8,1-1-1,train,80,2025-05-31_18-06-27.916,2025-05-31_18-06-27.916_00000080,Skeleton/4_Wipe_hands/user8/1-1-1/predictions/Color_2025-05-31_18-06-27.916_00000080.json,1,2,,,ambiguous,multi_person_visual_decision_unavailable,False,
train__c04__user8__1-1-1,4,Wipe_hands,user8,1-1-1,train,83,2025-05-31_18-06-28.216,2025-05-31_18-06-28.216_00000083,Skeleton/4_Wipe_hands/user8/1-1-1/predictions/Color_2025-05-31_18-06-28.216_00000083.json,1,3,,,ambiguous,multi_person_visual_decision_unavailable,False,
train__c04__user8__1-1-1,4,Wipe_hands,user8,1-1-1,train,84,2025-05-31_18-06-28.316,2025-05-31_18-06-28.316_00000084,Skeleton/4_Wipe_hands/user8/1-1-1/predictions/Color_2025-05-31_18-06-28.316_00000084.json,1,2,,,ambiguous,multi_person_visual_decision_unavailable,False,
train__c04__user8__1-1-1,4,Wipe_hands,user8,1-1-1,train,88,2025-05-31_18-06-28.716,2025-05-31_18-06-28.716_00000088,Skeleton/4_Wipe_hands/user8/1-1-1/predictions/Color_2025-05-31_18-06-28.716_00000088.json,1,2,,,ambiguous,multi_person_visual_decision_unavailable,False,
train__c04__user8__1-1-1,4,Wipe_hands,user8,1-1-1,train,89,2025-05-31_18-06-28.816,2025-05-31_18-06-28.816_00000089,Skeleton/4_Wipe_hands/user8/1-1-1/predictions/Color_2025-05-31_18-06-28.816_00000089.json,1,2,,,ambiguous,multi_person_visual_decision_unavailable,False,
train__c04__user8__1-1-1,4,Wipe_hands,user8,1-1-1,train,90,2025-05-31_18-06-28.916,2025-05-31_18-06-28.916_00000090,Skeleton/4_Wipe_hands/user8/1-1-1/predictions/Color_2025-05-31_18-06-28.916_00000090.json,1,2,,,ambiguous,multi_person_visual_decision_unavailable,False,
train__c04__user8__1-1-1,4,Wipe_hands,user8,1-1-1,train,91,2025-05-31_18-06-29.016,2025-05-31_18-06-29.016_00000091,Skeleton/4_Wipe_hands/user8/1-1-1/predictions/Color_2025-05-31_18-06-29.016_00000091.json,1,2,,,ambiguous,multi_person_visual_decision_unavailable,False,
train__c04__user8__1-1-1,4,Wipe_hands,user8,1-1-1,train,92,2025-05-31_18-06-29.116,2025-05-31_18-06-29.116_00000092,Skeleton/4_Wipe_hands/user8/1-1-1/predictions/Color_2025-05-31_18-06-29.116_00000092.json,1,2,,,ambiguous,multi_person_visual_decision_unavailable,False,
train__c04__user8__1-1-1,4,Wipe_hands,user8,1-1-1,train,93,2025-05-31_18-06-29.216,2025-05-31_18-06-29.216_00000093,Skeleton/4_Wipe_hands/user8/1-1-1/predictions/Color_2025-05-31_18-06-29.216_00000093.json,1,2,,,ambiguous,multi_person_visual_decision_unavailable,False,
train__c04__user8__1-1-1,4,Wipe_hands,user8,1-1-1,train,94,2025-05-31_18-06-29.316,2025-05-31_18-06-29.316_00000094,Skeleton/4_Wipe_hands/user8/1-1-1/predictions/Color_2025-05-31_18-06-29.316_00000094.json,1,2,,,ambiguous,multi_person_visual_decision_unavailable,False,
train__c04__user8__1-1-1,4,Wipe_hands,user8,1-1-1,train,97,2025-05-31_18-06-29.616,2025-05-31_18-06-29.616_00000097,Skeleton/4_Wipe_hands/user8/1-1-1/predictions/Color_2025-05-31_18-06-29.616_00000097.json,1,2,,,ambiguous,multi_person_visual_decision_unavailable,False,
train__c04__user8__1-1-1,4,Wipe_hands,user8,1-1-1,train,105,2025-05-31_18-06-30.416,2025-05-31_18-06-30.416_00000105,Skeleton/4_Wipe_hands/user8/1-1-1/predictions/Color_2025-05-31_18-06-30.416_00000105.json,1,2,,,ambiguous,multi_person_visual_decision_unavailable,False,
train__c04__user8__1-1-2,4,Wipe_hands,user8,1-1-2,train,71,2025-05-31_18-07-37.016,2025-05-31_18-07-37.016_00000071,Skeleton/4_Wipe_hands/user8/1-1-2/predictions/Color_2025-05-31_18-07-37.016_00000071.json,1,2,,,ambiguous,multi_person_visual_decision_unavailable,False,
train__c04__user8__1-1-2,4,Wipe_hands,user8,1-1-2,train,73,2025-05-31_18-07-37.216,2025-05-31_18-07-37.216_00000073,Skeleton/4_Wipe_hands/user8/1-1-2/predictions/Color_2025-05-31_18-07-37.216_00000073.json,1,3,,,ambiguous,multi_person_visual_decision_unavailable,False,
train__c04__user8__1-1-2,4,Wipe_hands,user8,1-1-2,train,74,2025-05-31_18-07-37.316,2025-05-31_18-07-37.316_00000074,Skeleton/4_Wipe_hands/user8/1-1-2/predictions/Color_2025-05-31_18-07-37.316_00000074.json,1,3,,,ambiguous,multi_person_visual_decision_unavailable,False,
train__c04__user8__1-1-2,4,Wipe_hands,user8,1-1-2,train,77,2025-05-31_18-07-37.616,2025-05-31_18-07-37.616_00000077,Skeleton/4_Wipe_hands/user8/1-1-2/predictions/Color_2025-05-31_18-07-37.616_00000077.json,1,2,,,ambiguous,multi_person_visual_decision_unavailable,False,
train__c04__user8__1-1-2,4,Wipe_hands,user8,1-1-2,train,78,2025-05-31_18-07-37.716,2025-05-31_18-07-37.716_00000078,Skeleton/4_Wipe_hands/user8/1-1-2/predictions/Color_2025-05-31_18-07-37.716_00000078.json,1,2,,,ambiguous,multi_person_visual_decision_unavailable,False,
train__c04__user8__1-1-2,4,Wipe_hands,user8,1-1-2,train,79,2025-05-31_18-07-37.816,2025-05-31_18-07-37.816_00000079,Skeleton/4_Wipe_hands/user8/1-1-2/predictions/Color_2025-05-31_18-07-37.816_00000079.json,1,2,,,ambiguous,multi_person_visual_decision_unavailable,False,
train__c04__user8__1-1-2,4,Wipe_hands,user8,1-1-2,train,80,2025-05-31_18-07-37.916,2025-05-31_18-07-37.916_00000080,Skeleton/4_Wipe_hands/user8/1-1-2/predictions/Color_2025-05-31_18-07-37.916_00000080.json,1,3,,,ambiguous,multi_person_visual_decision_unavailable,False,
train__c04__user8__1-1-2,4,Wipe_hands,user8,1-1-2,train,81,2025-05-31_18-07-38.016,2025-05-31_18-07-38.016_00000081,Skeleton/4_Wipe_hands/user8/1-1-2/predictions/Color_2025-05-31_18-07-38.016_00000081.json,1,2,,,ambiguous,multi_person_visual_decision_unavailable,False,
train__c04__user8__1-1-2,4,Wipe_hands,user8,1-1-2,train,82,2025-05-31_18-07-38.116,2025-05-31_18-07-38.116_00000082,Skeleton/4_Wipe_hands/user8/1-1-2/predictions/Color_2025-05-31_18-07-38.116_00000082.json,1,2,,,ambiguous,multi_person_visual_decision_unavailable,False,
train__c04__user8__1-1-2,4,Wipe_hands,user8,1-1-2,train,83,2025-05-31_18-07-38.216,2025-05-31_18-07-38.216_00000083,Skeleton/4_Wipe_hands/user8/1-1-2/predictions/Color_2025-05-31_18-07-38.216_00000083.json,1,2,,,ambiguous,multi_person_visual_decision_unavailable,False,
train__c04__user8__1-1-2,4,Wipe_hands,user8,1-1-2,train,85,2025-05-31_18-07-38.416,2025-05-31_18-07-38.416_00000085,Skeleton/4_Wipe_hands/user8/1-1-2/predictions/Color_2025-05-31_18-07-38.416_00000085.json,1,2,,,ambiguous,multi_person_visual_decision_unavailable,False,
train__c04__user8__1-1-2,4,Wipe_hands,user8,1-1-2,train,86,2025-05-31_18-07-38.516,2025-05-31_18-07-38.516_00000086,Skeleton/4_Wipe_hands/user8/1-1-2/predictions/Color_2025-05-31_18-07-38.516_00000086.json,1,2,,,ambiguous,multi_person_visual_decision_unavailable,False,
train__c04__user8__1-1-2,4,Wipe_hands,user8,1-1-2,train,91,2025-05-31_18-07-39.016,2025-05-31_18-07-39.016_00000091,Skeleton/4_Wipe_hands/user8/1-1-2/predictions/Color_2025-05-31_18-07-39.016_00000091.json,1,2,,,ambiguous,multi_person_visual_decision_unavailable,False,
train__c04__user8__1-1-2,4,Wipe_hands,user8,1-1-2,train,92,2025-05-31_18-07-39.116,2025-05-31_18-07-39.116_00000092,Skeleton/4_Wipe_hands/user8/1-1-2/predictions/Color_2025-05-31_18-07-39.116_00000092.json,1,2,,,ambiguous,multi_person_visual_decision_unavailable,False,
train__c04__user8__1-1-3,4,Wipe_hands,user8,1-1-3,train,66,2025-05-31_18-09-12.516,2025-05-31_18-09-12.516_00000066,Skeleton/4_Wipe_hands/user8/1-1-3/predictions/Color_2025-05-31_18-09-12.516_00000066.json,1,2,,,ambiguous,multi_person_visual_decision_unavailable,False,
train__c04__user8__1-1-3,4,Wipe_hands,user8,1-1-3,train,69,2025-05-31_18-09-12.816,2025-05-31_18-09-12.816_00000069,Skeleton/4_Wipe_hands/user8/1-1-3/predictions/Color_2025-05-31_18-09-12.816_00000069.json,1,2,,,ambiguous,multi_person_visual_decision_unavailable,False,
train__c04__user8__1-1-3,4,Wipe_hands,user8,1-1-3,train,71,2025-05-31_18-09-13.016,2025-05-31_18-09-13.016_00000071,Skeleton/4_Wipe_hands/user8/1-1-3/predictions/Color_2025-05-31_18-09-13.016_00000071.json,1,2,,,ambiguous,multi_person_visual_decision_unavailable,False,
train__c04__user8__1-1-3,4,Wipe_hands,user8,1-1-3,train,72,2025-05-31_18-09-13.116,2025-05-31_18-09-13.116_00000072,Skeleton/4_Wipe_hands/user8/1-1-3/predictions/Color_2025-05-31_18-09-13.116_00000072.json,1,2,,,ambiguous,multi_person_visual_decision_unavailable,False,
train__c04__user8__1-1-3,4,Wipe_hands,user8,1-1-3,train,81,2025-05-31_18-09-14.016,2025-05-31_18-09-14.016_00000081,Skeleton/4_Wipe_hands/user8/1-1-3/predictions/Color_2025-05-31_18-09-14.016_00000081.json,1,2,,,ambiguous,multi_person_visual_decision_unavailable,False,
train__c04__user8__1-1-3,4,Wipe_hands,user8,1-1-3,train,82,2025-05-31_18-09-14.116,2025-05-31_18-09-14.116_00000082,Skeleton/4_Wipe_hands/user8/1-1-3/predictions/Color_2025-05-31_18-09-14.116_00000082.json,1,2,,,ambiguous,multi_person_visual_decision_unavailable,False,
train__c04__user8__1-1-3,4,Wipe_hands,user8,1-1-3,train,83,2025-05-31_18-09-14.216,2025-05-31_18-09-14.216_00000083,Skeleton/4_Wipe_hands/user8/1-1-3/predictions/Color_2025-05-31_18-09-14.216_00000083.json,1,2,,,ambiguous,multi_person_visual_decision_unavailable,False,
train__c04__user8__1-1-3,4,Wipe_hands,user8,1-1-3,train,84,2025-05-31_18-09-14.316,2025-05-31_18-09-14.316_00000084,Skeleton/4_Wipe_hands/user8/1-1-3/predictions/Color_2025-05-31_18-09-14.316_00000084.json,1,2,,,ambiguous,multi_person_visual_decision_unavailable,False,
train__c04__user8__7-1-1,4,Wipe_hands,user8,7-1-1,train,134,2025-05-31_18-19-06.316,2025-05-31_18-19-06.316_00000134,Skeleton/4_Wipe_hands/user8/7-1-1/predictions/Color_2025-05-31_18-19-06.316_00000134.json,1,2,,,ambiguous,multi_person_visual_decision_unavailable,False,
train__c04__user8__7-1-1,4,Wipe_hands,user8,7-1-1,train,135,2025-05-31_18-19-06.416,2025-05-31_18-19-06.416_00000135,Skeleton/4_Wipe_hands/user8/7-1-1/predictions/Color_2025-05-31_18-19-06.416_00000135.json,1,3,,,ambiguous,multi_person_visual_decision_unavailable,False,
train__c04__user8__7-1-1,4,Wipe_hands,user8,7-1-1,train,136,2025-05-31_18-19-06.516,2025-05-31_18-19-06.516_00000136,Skeleton/4_Wipe_hands/user8/7-1-1/predictions/Color_2025-05-31_18-19-06.516_00000136.json,1,2,,,ambiguous,multi_person_visual_decision_unavailable,False,
train__c04__user8__7-1-1,4,Wipe_hands,user8,7-1-1,train,137,2025-05-31_18-19-06.616,2025-05-31_18-19-06.616_00000137,Skeleton/4_Wipe_hands/user8/7-1-1/predictions/Color_2025-05-31_18-19-06.616_00000137.json,1,2,,,ambiguous,multi_person_visual_decision_unavailable,False,
train__c04__user8__7-1-1,4,Wipe_hands,user8,7-1-1,train,138,2025-05-31_18-19-06.716,2025-05-31_18-19-06.716_00000138,Skeleton/4_Wipe_hands/user8/7-1-1/predictions/Color_2025-05-31_18-19-06.716_00000138.json,1,2,,,ambiguous,multi_person_visual_decision_unavailable,False,
train__c04__user8__7-1-1,4,Wipe_hands,user8,7-1-1,train,139,2025-05-31_18-19-06.816,2025-05-31_18-19-06.816_00000139,Skeleton/4_Wipe_hands/user8/7-1-1/predictions/Color_2025-05-31_18-19-06.816_00000139.json,1,2,,,ambiguous,multi_person_visual_decision_unavailable,False,
train__c04__user8__7-1-1,4,Wipe_hands,user8,7-1-1,train,140,2025-05-31_18-19-06.916,2025-05-31_18-19-06.916_00000140,Skeleton/4_Wipe_hands/user8/7-1-1/predictions/Color_2025-05-31_18-19-06.916_00000140.json,1,2,,,ambiguous,multi_person_visual_decision_unavailable,False,
train__c04__user8__7-1-1,4,Wipe_hands,user8,7-1-1,train,141,2025-05-31_18-19-07.016,2025-05-31_18-19-07.016_00000141,Skeleton/4_Wipe_hands/user8/7-1-1/predictions/Color_2025-05-31_18-19-07.016_00000141.json,1,2,,,ambiguous,multi_person_visual_decision_unavailable,False,
train__c04__user8__7-1-1,4,Wipe_hands,user8,7-1-1,train,145,2025-05-31_18-19-07.416,2025-05-31_18-19-07.416_00000145,Skeleton/4_Wipe_hands/user8/7-1-1/predictions/Color_2025-05-31_18-19-07.416_00000145.json,1,2,,,ambiguous,multi_person_visual_decision_unavailable,False,
train__c04__user8__7-1-1,4,Wipe_hands,user8,7-1-1,train,147,2025-05-31_18-19-07.616,2025-05-31_18-19-07.616_00000147,Skeleton/4_Wipe_hands/user8/7-1-1/predictions/Color_2025-05-31_18-19-07.616_00000147.json,1,2,,,ambiguous,multi_person_visual_decision_unavailable,False,
train__c04__user8__7-1-1,4,Wipe_hands,user8,7-1-1,train,148,2025-05-31_18-19-07.716,2025-05-31_18-19-07.716_00000148,Skeleton/4_Wipe_hands/user8/7-1-1/predictions/Color_2025-05-31_18-19-07.716_00000148.json,1,2,,,ambiguous,multi_person_visual_decision_unavailable,False,
train__c04__user8__7-1-1,4,Wipe_hands,user8,7-1-1,train,155,2025-05-31_18-19-08.416,2025-05-31_18-19-08.416_00000155,Skeleton/4_Wipe_hands/user8/7-1-1/predictions/Color_2025-05-31_18-19-08.416_00000155.json,1,2,,,ambiguous,multi_person_visual_decision_unavailable,False,
train__c04__user8__7-1-1,4,Wipe_hands,user8,7-1-1,train,156,2025-05-31_18-19-08.516,2025-05-31_18-19-08.516_00000156,Skeleton/4_Wipe_hands/user8/7-1-1/predictions/Color_2025-05-31_18-19-08.516_00000156.json,1,2,,,ambiguous,multi_person_visual_decision_unavailable,False,
train__c04__user8__7-1-1,4,Wipe_hands,user8,7-1-1,train,157,2025-05-31_18-19-08.616,2025-05-31_18-19-08.616_00000157,Skeleton/4_Wipe_hands/user8/7-1-1/predictions/Color_2025-05-31_18-19-08.616_00000157.json,1,2,,,ambiguous,multi_person_visual_decision_unavailable,False,
train__c04__user8__7-1-1,4,Wipe_hands,user8,7-1-1,train,158,2025-05-31_18-19-08.716,2025-05-31_18-19-08.716_00000158,Skeleton/4_Wipe_hands/user8/7-1-1/predictions/Color_2025-05-31_18-19-08.716_00000158.json,1,2,,,ambiguous,multi_person_visual_decision_unavailable,False,
train__c04__user8__7-1-1,4,Wipe_hands,user8,7-1-1,train,159,2025-05-31_18-19-08.816,2025-05-31_18-19-08.816_00000159,Skeleton/4_Wipe_hands/user8/7-1-1/predictions/Color_2025-05-31_18-19-08.816_00000159.json,1,2,,,ambiguous,multi_person_visual_decision_unavailable,False,
train__c04__user8__7-1-2,4,Wipe_hands,user8,7-1-2,train,170,2025-05-31_18-17-09.916,2025-05-31_18-17-09.916_00000170,Skeleton/4_Wipe_hands/user8/7-1-2/predictions/Color_2025-05-31_18-17-09.916_00000170.json,1,3,,0.1375082218130034,ambiguous,multi_person_visual_margin_lt_20pct,False,
train__c04__user8__7-1-2,4,Wipe_hands,user8,7-1-2,train,172,2025-05-31_18-17-10.116,2025-05-31_18-17-10.116_00000172,Skeleton/4_Wipe_hands/user8/7-1-2/predictions/Color_2025-05-31_18-17-10.116_00000172.json,1,4,,,ambiguous,multi_person_visual_decision_unavailable,False,
train__c04__user8__7-1-2,4,Wipe_hands,user8,7-1-2,train,175,2025-05-31_18-17-10.416,2025-05-31_18-17-10.416_00000175,Skeleton/4_Wipe_hands/user8/7-1-2/predictions/Color_2025-05-31_18-17-10.416_00000175.json,1,3,,,ambiguous,multi_person_visual_decision_unavailable,False,
train__c04__user8__7-1-2,4,Wipe_hands,user8,7-1-2,train,181,2025-05-31_18-17-11.016,2025-05-31_18-17-11.016_00000181,Skeleton/4_Wipe_hands/user8/7-1-2/predictions/Color_2025-05-31_18-17-11.016_00000181.json,1,3,,,ambiguous,multi_person_visual_decision_unavailable,False,
train__c04__user8__7-1-2,4,Wipe_hands,user8,7-1-2,train,182,2025-05-31_18-17-11.116,2025-05-31_18-17-11.116_00000182,Skeleton/4_Wipe_hands/user8/7-1-2/predictions/Color_2025-05-31_18-17-11.116_00000182.json,1,3,,,ambiguous,multi_person_visual_decision_unavailable,False,
train__c04__user8__7-1-2,4,Wipe_hands,user8,7-1-2,train,183,2025-05-31_18-17-11.216,2025-05-31_18-17-11.216_00000183,Skeleton/4_Wipe_hands/user8/7-1-2/predictions/Color_2025-05-31_18-17-11.216_00000183.json,1,3,,,ambiguous,multi_person_visual_decision_unavailable,False,
train__c04__user8__7-1-2,4,Wipe_hands,user8,7-1-2,train,184,2025-05-31_18-17-11.316,2025-05-31_18-17-11.316_00000184,Skeleton/4_Wipe_hands/user8/7-1-2/predictions/Color_2025-05-31_18-17-11.316_00000184.json,1,3,,,ambiguous,multi_person_visual_decision_unavailable,False,
train__c04__user8__7-1-2,4,Wipe_hands,user8,7-1-2,train,185,2025-05-31_18-17-11.416,2025-05-31_18-17-11.416_00000185,Skeleton/4_Wipe_hands/user8/7-1-2/predictions/Color_2025-05-31_18-17-11.416_00000185.json,1,4,,,ambiguous,multi_person_visual_decision_unavailable,False,
train__c04__user8__7-1-2,4,Wipe_hands,user8,7-1-2,train,186,2025-05-31_18-17-11.516,2025-05-31_18-17-11.516_00000186,Skeleton/4_Wipe_hands/user8/7-1-2/predictions/Color_2025-05-31_18-17-11.516_00000186.json,1,4,,,ambiguous,multi_person_visual_decision_unavailable,False,
train__c04__user8__7-1-2,4,Wipe_hands,user8,7-1-2,train,187,2025-05-31_18-17-11.616,2025-05-31_18-17-11.616_00000187,Skeleton/4_Wipe_hands/user8/7-1-2/predictions/Color_2025-05-31_18-17-11.616_00000187.json,1,4,,,ambiguous,multi_person_visual_decision_unavailable,False,
train__c04__user8__7-1-2,4,Wipe_hands,user8,7-1-2,train,188,2025-05-31_18-17-11.716,2025-05-31_18-17-11.716_00000188,Skeleton/4_Wipe_hands/user8/7-1-2/predictions/Color_2025-05-31_18-17-11.716_00000188.json,1,4,,,ambiguous,multi_person_visual_decision_unavailable,False,
train__c04__user8__7-1-2,4,Wipe_hands,user8,7-1-2,train,189,2025-05-31_18-17-11.816,2025-05-31_18-17-11.816_00000189,Skeleton/4_Wipe_hands/user8/7-1-2/predictions/Color_2025-05-31_18-17-11.816_00000189.json,1,2,,,ambiguous,multi_person_visual_decision_unavailable,False,
train__c04__user8__7-1-2,4,Wipe_hands,user8,7-1-2,train,190,2025-05-31_18-17-11.916,2025-05-31_18-17-11.916_00000190,Skeleton/4_Wipe_hands/user8/7-1-2/predictions/Color_2025-05-31_18-17-11.916_00000190.json,1,3,,,ambiguous,multi_person_visual_decision_unavailable,False,
train__c04__user8__7-1-2,4,Wipe_hands,user8,7-1-2,train,191,2025-05-31_18-17-12.016,2025-05-31_18-17-12.016_00000191,Skeleton/4_Wipe_hands/user8/7-1-2/predictions/Color_2025-05-31_18-17-12.016_00000191.json,1,3,,,ambiguous,multi_person_visual_decision_unavailable,False,
train__c04__user8__7-1-2,4,Wipe_hands,user8,7-1-2,train,193,2025-05-31_18-17-12.216,2025-05-31_18-17-12.216_00000193,Skeleton/4_Wipe_hands/user8/7-1-2/predictions/Color_2025-05-31_18-17-12.216_00000193.json,1,3,,,ambiguous,multi_person_visual_decision_unavailable,False,
train__c04__user8__7-1-2,4,Wipe_hands,user8,7-1-2,train,194,2025-05-31_18-17-12.316,2025-05-31_18-17-12.316_00000194,Skeleton/4_Wipe_hands/user8/7-1-2/predictions/Color_2025-05-31_18-17-12.316_00000194.json,1,3,,,ambiguous,multi_person_visual_decision_unavailable,False,
train__c04__user8__7-1-2,4,Wipe_hands,user8,7-1-2,train,195,2025-05-31_18-17-12.416,2025-05-31_18-17-12.416_00000195,Skeleton/4_Wipe_hands/user8/7-1-2/predictions/Color_2025-05-31_18-17-12.416_00000195.json,1,2,,,ambiguous,multi_person_visual_decision_unavailable,False,
train__c04__user8__7-1-2,4,Wipe_hands,user8,7-1-2,train,196,2025-05-31_18-17-12.516,2025-05-31_18-17-12.516_00000196,Skeleton/4_Wipe_hands/user8/7-1-2/predictions/Color_2025-05-31_18-17-12.516_00000196.json,1,3,,,ambiguous,multi_person_visual_decision_unavailable,False,
train__c04__user8__7-1-3,4,Wipe_hands,user8,7-1-3,train,95,2025-05-31_18-20-56.416,2025-05-31_18-20-56.416_00000095,Skeleton/4_Wipe_hands/user8/7-1-3/predictions/Color_2025-05-31_18-20-56.416_00000095.json,1,2,,,ambiguous,multi_person_visual_decision_unavailable,False,
train__c04__user8__7-1-3,4,Wipe_hands,user8,7-1-3,train,96,2025-05-31_18-20-56.516,2025-05-31_18-20-56.516_00000096,Skeleton/4_Wipe_hands/user8/7-1-3/predictions/Color_2025-05-31_18-20-56.516_00000096.json,1,2,,,ambiguous,multi_person_visual_decision_unavailable,False,
train__c04__user8__7-1-3,4,Wipe_hands,user8,7-1-3,train,97,2025-05-31_18-20-56.616,2025-05-31_18-20-56.616_00000097,Skeleton/4_Wipe_hands/user8/7-1-3/predictions/Color_2025-05-31_18-20-56.616_00000097.json,1,2,,,ambiguous,multi_person_visual_decision_unavailable,False,
train__c04__user8__7-1-3,4,Wipe_hands,user8,7-1-3,train,98,2025-05-31_18-20-56.716,2025-05-31_18-20-56.716_00000098,Skeleton/4_Wipe_hands/user8/7-1-3/predictions/Color_2025-05-31_18-20-56.716_00000098.json,1,2,,,ambiguous,multi_person_visual_decision_unavailable,False,
train__c04__user8__7-1-3,4,Wipe_hands,user8,7-1-3,train,99,2025-05-31_18-20-56.816,2025-05-31_18-20-56.816_00000099,Skeleton/4_Wipe_hands/user8/7-1-3/predictions/Color_2025-05-31_18-20-56.816_00000099.json,1,2,,,ambiguous,multi_person_visual_decision_unavailable,False,
train__c04__user8__7-1-3,4,Wipe_hands,user8,7-1-3,train,100,2025-05-31_18-20-56.916,2025-05-31_18-20-56.916_00000100,Skeleton/4_Wipe_hands/user8/7-1-3/predictions/Color_2025-05-31_18-20-56.916_00000100.json,1,2,,,ambiguous,multi_person_visual_decision_unavailable,False,
train__c04__user8__7-1-3,4,Wipe_hands,user8,7-1-3,train,101,2025-05-31_18-20-57.016,2025-05-31_18-20-57.016_00000101,Skeleton/4_Wipe_hands/user8/7-1-3/predictions/Color_2025-05-31_18-20-57.016_00000101.json,1,2,,,ambiguous,multi_person_visual_decision_unavailable,False,
train__c04__user8__7-1-3,4,Wipe_hands,user8,7-1-3,train,102,2025-05-31_18-20-57.116,2025-05-31_18-20-57.116_00000102,Skeleton/4_Wipe_hands/user8/7-1-3/predictions/Color_2025-05-31_18-20-57.116_00000102.json,1,2,,,ambiguous,multi_person_visual_decision_unavailable,False,
train__c04__user8__7-1-3,4,Wipe_hands,user8,7-1-3,train,106,2025-05-31_18-20-57.516,2025-05-31_18-20-57.516_00000106,Skeleton/4_Wipe_hands/user8/7-1-3/predictions/Color_2025-05-31_18-20-57.516_00000106.json,1,2,,,ambiguous,multi_person_visual_decision_unavailable,False,
train__c04__user8__7-1-3,4,Wipe_hands,user8,7-1-3,train,107,2025-05-31_18-20-57.616,2025-05-31_18-20-57.616_00000107,Skeleton/4_Wipe_hands/user8/7-1-3/predictions/Color_2025-05-31_18-20-57.616_00000107.json,1,2,,,ambiguous,multi_person_visual_decision_unavailable,False,
train__c04__user8__7-1-3,4,Wipe_hands,user8,7-1-3,train,108,2025-05-31_18-20-57.716,2025-05-31_18-20-57.716_00000108,Skeleton/4_Wipe_hands/user8/7-1-3/predictions/Color_2025-05-31_18-20-57.716_00000108.json,1,2,,,ambiguous,multi_person_visual_decision_unavailable,False,
train__c04__user8__7-1-3,4,Wipe_hands,user8,7-1-3,train,109,2025-05-31_18-20-57.816,2025-05-31_18-20-57.816_00000109,Skeleton/4_Wipe_hands/user8/7-1-3/predictions/Color_2025-05-31_18-20-57.816_00000109.json,1,2,,,ambiguous,multi_person_visual_decision_unavailable,False,
train__c04__user8__7-1-3,4,Wipe_hands,user8,7-1-3,train,110,2025-05-31_18-20-57.916,2025-05-31_18-20-57.916_00000110,Skeleton/4_Wipe_hands/user8/7-1-3/predictions/Color_2025-05-31_18-20-57.916_00000110.json,1,2,,,ambiguous,multi_person_visual_decision_unavailable,False,
train__c05__user1__1-1-1,5,Put_on_clothes,user1,1-1-1,train,301,2025-05-07_11-49-07.016,2025-05-07_11-49-07.016_00000301,Skeleton/5_Put_on_clothes/user1/1-1-1/predictions/Color_2025-05-07_11-49-07.016_00000301.json,1,2,,,ambiguous,multi_person_visual_decision_unavailable,False,
train__c05__user1__1-1-1,5,Put_on_clothes,user1,1-1-1,train,303,2025-05-07_11-49-07.216,2025-05-07_11-49-07.216_00000303,Skeleton/5_Put_on_clothes/user1/1-1-1/predictions/Color_2025-05-07_11-49-07.216_00000303.json,1,2,,0.0533281132068651,ambiguous,multi_person_visual_margin_lt_20pct,False,
train__c05__user1__1-1-2,5,Put_on_clothes,user1,1-1-2,train,330,2025-05-07_12-00-52.916,2025-05-07_12-00-52.916_00000330,Skeleton/5_Put_on_clothes/user1/1-1-2/predictions/Color_2025-05-07_12-00-52.916_00000330.json,1,2,,,ambiguous,multi_person_visual_decision_unavailable,False,
train__c05__user1__1-1-2,5,Put_on_clothes,user1,1-1-2,train,331,2025-05-07_12-00-53.016,2025-05-07_12-00-53.016_00000331,Skeleton/5_Put_on_clothes/user1/1-1-2/predictions/Color_2025-05-07_12-00-53.016_00000331.json,1,2,,,ambiguous,multi_person_visual_decision_unavailable,False,
train__c05__user1__1-1-3,5,Put_on_clothes,user1,1-1-3,train,134,2025-05-07_12-05-39.316,2025-05-07_12-05-39.316_00000134,Skeleton/5_Put_on_clothes/user1/1-1-3/predictions/Color_2025-05-07_12-05-39.316_00000134.json,1,2,,0.0596420286273519,ambiguous,multi_person_visual_margin_lt_20pct,False,
train__c05__user4__5-2-1,5,Put_on_clothes,user4,5-2-1,validation,102,2025-05-07_19-22-37.116,2025-05-07_19-22-37.116_00000102,Skeleton/5_Put_on_clothes/user4/5-2-1/predictions/Color_2025-05-07_19-22-37.116_00000102.json,1,2,,,ambiguous,multi_person_visual_decision_unavailable,False,
train__c05__user4__5-2-2,5,Put_on_clothes,user4,5-2-2,validation,150,2025-05-07_19-25-06.916,2025-05-07_19-25-06.916_00000150,Skeleton/5_Put_on_clothes/user4/5-2-2/predictions/Color_2025-05-07_19-25-06.916_00000150.json,1,2,,,ambiguous,multi_person_visual_decision_unavailable,False,
train__c05__user4__5-2-2,5,Put_on_clothes,user4,5-2-2,validation,151,2025-05-07_19-25-07.016,2025-05-07_19-25-07.016_00000151,Skeleton/5_Put_on_clothes/user4/5-2-2/predictions/Color_2025-05-07_19-25-07.016_00000151.json,1,2,,,ambiguous,multi_person_visual_decision_unavailable,False,
train__c05__user4__5-2-2,5,Put_on_clothes,user4,5-2-2,validation,152,2025-05-07_19-25-07.116,2025-05-07_19-25-07.116_00000152,Skeleton/5_Put_on_clothes/user4/5-2-2/predictions/Color_2025-05-07_19-25-07.116_00000152.json,1,2,,,ambiguous,multi_person_visual_decision_unavailable,False,
train__c05__user4__5-2-2,5,Put_on_clothes,user4,5-2-2,validation,154,2025-05-07_19-25-07.316,2025-05-07_19-25-07.316_00000154,Skeleton/5_Put_on_clothes/user4/5-2-2/predictions/Color_2025-05-07_19-25-07.316_00000154.json,1,2,,,ambiguous,multi_person_visual_decision_unavailable,False,
train__c05__user4__5-2-2,5,Put_on_clothes,user4,5-2-2,validation,155,2025-05-07_19-25-07.416,2025-05-07_19-25-07.416_00000155,Skeleton/5_Put_on_clothes/user4/5-2-2/predictions/Color_2025-05-07_19-25-07.416_00000155.json,1,2,,,ambiguous,multi_person_visual_decision_unavailable,False,
train__c05__user4__5-2-2,5,Put_on_clothes,user4,5-2-2,validation,172,2025-05-07_19-25-09.116,2025-05-07_19-25-09.116_00000172,Skeleton/5_Put_on_clothes/user4/5-2-2/predictions/Color_2025-05-07_19-25-09.116_00000172.json,1,2,,,ambiguous,multi_person_visual_decision_unavailable,False,
train__c05__user4__5-2-3,5,Put_on_clothes,user4,5-2-3,validation,95,2025-05-07_19-27-52.416,2025-05-07_19-27-52.416_00000095,Skeleton/5_Put_on_clothes/user4/5-2-3/predictions/Color_2025-05-07_19-27-52.416_00000095.json,1,2,,,ambiguous,multi_person_visual_decision_unavailable,False,
train__c05__user4__5-2-3,5,Put_on_clothes,user4,5-2-3,validation,96,2025-05-07_19-27-52.516,2025-05-07_19-27-52.516_00000096,Skeleton/5_Put_on_clothes/user4/5-2-3/predictions/Color_2025-05-07_19-27-52.516_00000096.json,1,2,,,ambiguous,multi_person_visual_decision_unavailable,False,
train__c05__user4__5-2-3,5,Put_on_clothes,user4,5-2-3,validation,141,2025-05-07_19-27-57.016,2025-05-07_19-27-57.016_00000141,Skeleton/5_Put_on_clothes/user4/5-2-3/predictions/Color_2025-05-07_19-27-57.016_00000141.json,1,2,,,ambiguous,multi_person_visual_decision_unavailable,False,
train__c05__user4__5-2-3,5,Put_on_clothes,user4,5-2-3,validation,142,2025-05-07_19-27-57.116,2025-05-07_19-27-57.116_00000142,Skeleton/5_Put_on_clothes/user4/5-2-3/predictions/Color_2025-05-07_19-27-57.116_00000142.json,1,2,,,ambiguous,multi_person_visual_decision_unavailable,False,
train__c05__user7__1-1-1,5,Put_on_clothes,user7,1-1-1,train,163,2025-05-31_17-59-19.216,2025-05-31_17-59-19.216_00000163,Skeleton/5_Put_on_clothes/user7/1-1-1/predictions/Color_2025-05-31_17-59-19.216_00000163.json,1,2,,0.1206799927966506,ambiguous,multi_person_visual_margin_lt_20pct,False,
train__c05__user7__1-1-1,5,Put_on_clothes,user7,1-1-1,train,164,2025-05-31_17-59-19.316,2025-05-31_17-59-19.316_00000164,Skeleton/5_Put_on_clothes/user7/1-1-1/predictions/Color_2025-05-31_17-59-19.316_00000164.json,1,2,,,ambiguous,multi_person_visual_decision_unavailable,False,
train__c05__user7__1-1-1,5,Put_on_clothes,user7,1-1-1,train,166,2025-05-31_17-59-19.516,2025-05-31_17-59-19.516_00000166,Skeleton/5_Put_on_clothes/user7/1-1-1/predictions/Color_2025-05-31_17-59-19.516_00000166.json,1,2,,,ambiguous,multi_person_visual_decision_unavailable,False,
train__c05__user7__1-1-1,5,Put_on_clothes,user7,1-1-1,train,167,2025-05-31_17-59-19.616,2025-05-31_17-59-19.616_00000167,Skeleton/5_Put_on_clothes/user7/1-1-1/predictions/Color_2025-05-31_17-59-19.616_00000167.json,1,2,,,ambiguous,multi_person_visual_decision_unavailable,False,
train__c05__user7__1-1-1,5,Put_on_clothes,user7,1-1-1,train,168,2025-05-31_17-59-19.716,2025-05-31_17-59-19.716_00000168,Skeleton/5_Put_on_clothes/user7/1-1-1/predictions/Color_2025-05-31_17-59-19.716_00000168.json,1,2,,,ambiguous,multi_person_visual_decision_unavailable,False,
train__c05__user7__1-1-1,5,Put_on_clothes,user7,1-1-1,train,172,2025-05-31_17-59-20.116,2025-05-31_17-59-20.116_00000172,Skeleton/5_Put_on_clothes/user7/1-1-1/predictions/Color_2025-05-31_17-59-20.116_00000172.json,1,3,,,ambiguous,multi_person_visual_decision_unavailable,False,
train__c05__user7__1-1-1,5,Put_on_clothes,user7,1-1-1,train,173,2025-05-31_17-59-20.216,2025-05-31_17-59-20.216_00000173,Skeleton/5_Put_on_clothes/user7/1-1-1/predictions/Color_2025-05-31_17-59-20.216_00000173.json,1,2,,,ambiguous,multi_person_visual_decision_unavailable,False,
train__c05__user7__1-1-1,5,Put_on_clothes,user7,1-1-1,train,174,2025-05-31_17-59-20.316,2025-05-31_17-59-20.316_00000174,Skeleton/5_Put_on_clothes/user7/1-1-1/predictions/Color_2025-05-31_17-59-20.316_00000174.json,1,3,,0.1682203910222481,ambiguous,multi_person_visual_margin_lt_20pct,False,
train__c05__user7__1-1-1,5,Put_on_clothes,user7,1-1-1,train,177,2025-05-31_17-59-20.616,2025-05-31_17-59-20.616_00000177,Skeleton/5_Put_on_clothes/user7/1-1-1/predictions/Color_2025-05-31_17-59-20.616_00000177.json,1,4,,,ambiguous,multi_person_visual_decision_unavailable,False,
train__c05__user7__1-1-1,5,Put_on_clothes,user7,1-1-1,train,180,2025-05-31_17-59-20.916,2025-05-31_17-59-20.916_00000180,Skeleton/5_Put_on_clothes/user7/1-1-1/predictions/Color_2025-05-31_17-59-20.916_00000180.json,1,3,,,ambiguous,multi_person_visual_decision_unavailable,False,
train__c05__user7__1-1-1,5,Put_on_clothes,user7,1-1-1,train,183,2025-05-31_17-59-21.216,2025-05-31_17-59-21.216_00000183,Skeleton/5_Put_on_clothes/user7/1-1-1/predictions/Color_2025-05-31_17-59-21.216_00000183.json,1,3,,,ambiguous,multi_person_visual_decision_unavailable,False,
train__c05__user7__1-1-1,5,Put_on_clothes,user7,1-1-1,train,184,2025-05-31_17-59-21.316,2025-05-31_17-59-21.316_00000184,Skeleton/5_Put_on_clothes/user7/1-1-1/predictions/Color_2025-05-31_17-59-21.316_00000184.json,1,3,,,ambiguous,multi_person_visual_decision_unavailable,False,
train__c05__user7__1-1-1,5,Put_on_clothes,user7,1-1-1,train,185,2025-05-31_17-59-21.416,2025-05-31_17-59-21.416_00000185,Skeleton/5_Put_on_clothes/user7/1-1-1/predictions/Color_2025-05-31_17-59-21.416_00000185.json,1,2,,,ambiguous,multi_person_visual_decision_unavailable,False,
train__c05__user7__1-1-1,5,Put_on_clothes,user7,1-1-1,train,186,2025-05-31_17-59-21.516,2025-05-31_17-59-21.516_00000186,Skeleton/5_Put_on_clothes/user7/1-1-1/predictions/Color_2025-05-31_17-59-21.516_00000186.json,1,4,,,ambiguous,multi_person_visual_decision_unavailable,False,
train__c05__user7__1-1-1,5,Put_on_clothes,user7,1-1-1,train,187,2025-05-31_17-59-21.616,2025-05-31_17-59-21.616_00000187,Skeleton/5_Put_on_clothes/user7/1-1-1/predictions/Color_2025-05-31_17-59-21.616_00000187.json,1,2,,,ambiguous,multi_person_visual_decision_unavailable,False,
train__c05__user7__1-1-1,5,Put_on_clothes,user7,1-1-1,train,188,2025-05-31_17-59-21.716,2025-05-31_17-59-21.716_00000188,Skeleton/5_Put_on_clothes/user7/1-1-1/predictions/Color_2025-05-31_17-59-21.716_00000188.json,1,3,,0.1570118344139127,ambiguous,multi_person_visual_margin_lt_20pct,False,
train__c05__user7__1-1-1,5,Put_on_clothes,user7,1-1-1,train,190,2025-05-31_17-59-21.916,2025-05-31_17-59-21.916_00000190,Skeleton/5_Put_on_clothes/user7/1-1-1/predictions/Color_2025-05-31_17-59-21.916_00000190.json,1,3,,0.1871062590697731,ambiguous,multi_person_visual_margin_lt_20pct,False,
train__c05__user7__1-1-1,5,Put_on_clothes,user7,1-1-1,train,191,2025-05-31_17-59-22.016,2025-05-31_17-59-22.016_00000191,Skeleton/5_Put_on_clothes/user7/1-1-1/predictions/Color_2025-05-31_17-59-22.016_00000191.json,1,2,,,ambiguous,multi_person_visual_decision_unavailable,False,
train__c05__user7__1-1-1,5,Put_on_clothes,user7,1-1-1,train,192,2025-05-31_17-59-22.116,2025-05-31_17-59-22.116_00000192,Skeleton/5_Put_on_clothes/user7/1-1-1/predictions/Color_2025-05-31_17-59-22.116_00000192.json,1,3,,,ambiguous,multi_person_visual_decision_unavailable,False,
train__c05__user7__1-1-1,5,Put_on_clothes,user7,1-1-1,train,194,2025-05-31_17-59-22.316,2025-05-31_17-59-22.316_00000194,Skeleton/5_Put_on_clothes/user7/1-1-1/predictions/Color_2025-05-31_17-59-22.316_00000194.json,1,3,,,ambiguous,multi_person_visual_decision_unavailable,False,
train__c05__user7__1-1-1,5,Put_on_clothes,user7,1-1-1,train,195,2025-05-31_17-59-22.416,2025-05-31_17-59-22.416_00000195,Skeleton/5_Put_on_clothes/user7/1-1-1/predictions/Color_2025-05-31_17-59-22.416_00000195.json,1,3,,,ambiguous,multi_person_visual_decision_unavailable,False,
train__c05__user7__1-1-1,5,Put_on_clothes,user7,1-1-1,train,196,2025-05-31_17-59-22.516,2025-05-31_17-59-22.516_00000196,Skeleton/5_Put_on_clothes/user7/1-1-1/predictions/Color_2025-05-31_17-59-22.516_00000196.json,1,2,,,ambiguous,multi_person_visual_decision_unavailable,False,
train__c05__user7__1-1-1,5,Put_on_clothes,user7,1-1-1,train,197,2025-05-31_17-59-22.616,2025-05-31_17-59-22.616_00000197,Skeleton/5_Put_on_clothes/user7/1-1-1/predictions/Color_2025-05-31_17-59-22.616_00000197.json,1,2,,,ambiguous,multi_person_visual_decision_unavailable,False,
train__c05__user7__1-1-1,5,Put_on_clothes,user7,1-1-1,train,200,2025-05-31_17-59-22.916,2025-05-31_17-59-22.916_00000200,Skeleton/5_Put_on_clothes/user7/1-1-1/predictions/Color_2025-05-31_17-59-22.916_00000200.json,1,3,,,ambiguous,multi_person_visual_decision_unavailable,False,
train__c05__user7__1-1-1,5,Put_on_clothes,user7,1-1-1,train,204,2025-05-31_17-59-23.316,2025-05-31_17-59-23.316_00000204,Skeleton/5_Put_on_clothes/user7/1-1-1/predictions/Color_2025-05-31_17-59-23.316_00000204.json,1,3,,0.1353970390189702,ambiguous,multi_person_visual_margin_lt_20pct,False,
train__c05__user7__1-1-1,5,Put_on_clothes,user7,1-1-1,train,205,2025-05-31_17-59-23.416,2025-05-31_17-59-23.416_00000205,Skeleton/5_Put_on_clothes/user7/1-1-1/predictions/Color_2025-05-31_17-59-23.416_00000205.json,1,2,,,ambiguous,multi_person_visual_decision_unavailable,False,
train__c05__user7__1-1-1,5,Put_on_clothes,user7,1-1-1,train,206,2025-05-31_17-59-23.516,2025-05-31_17-59-23.516_00000206,Skeleton/5_Put_on_clothes/user7/1-1-1/predictions/Color_2025-05-31_17-59-23.516_00000206.json,1,3,,,ambiguous,multi_person_visual_decision_unavailable,False,
train__c05__user7__1-1-1,5,Put_on_clothes,user7,1-1-1,train,207,2025-05-31_17-59-23.616,2025-05-31_17-59-23.616_00000207,Skeleton/5_Put_on_clothes/user7/1-1-1/predictions/Color_2025-05-31_17-59-23.616_00000207.json,1,3,,,ambiguous,multi_person_visual_decision_unavailable,False,
train__c05__user7__1-1-1,5,Put_on_clothes,user7,1-1-1,train,208,2025-05-31_17-59-23.716,2025-05-31_17-59-23.716_00000208,Skeleton/5_Put_on_clothes/user7/1-1-1/predictions/Color_2025-05-31_17-59-23.716_00000208.json,1,3,,,ambiguous,multi_person_visual_decision_unavailable,False,
train__c05__user7__1-1-1,5,Put_on_clothes,user7,1-1-1,train,209,2025-05-31_17-59-23.816,2025-05-31_17-59-23.816_00000209,Skeleton/5_Put_on_clothes/user7/1-1-1/predictions/Color_2025-05-31_17-59-23.816_00000209.json,1,3,,,ambiguous,multi_person_visual_decision_unavailable,False,
train__c05__user7__1-1-1,5,Put_on_clothes,user7,1-1-1,train,210,2025-05-31_17-59-23.916,2025-05-31_17-59-23.916_00000210,Skeleton/5_Put_on_clothes/user7/1-1-1/predictions/Color_2025-05-31_17-59-23.916_00000210.json,1,3,,,ambiguous,multi_person_visual_decision_unavailable,False,
train__c05__user7__1-1-2,5,Put_on_clothes,user7,1-1-2,train,97,2025-05-31_18-01-18.616,2025-05-31_18-01-18.616_00000097,Skeleton/5_Put_on_clothes/user7/1-1-2/predictions/Color_2025-05-31_18-01-18.616_00000097.json,1,2,,,ambiguous,multi_person_visual_decision_unavailable,False,
train__c05__user7__1-1-2,5,Put_on_clothes,user7,1-1-2,train,98,2025-05-31_18-01-18.716,2025-05-31_18-01-18.716_00000098,Skeleton/5_Put_on_clothes/user7/1-1-2/predictions/Color_2025-05-31_18-01-18.716_00000098.json,1,2,,,ambiguous,multi_person_visual_decision_unavailable,False,
train__c05__user7__1-1-2,5,Put_on_clothes,user7,1-1-2,train,99,2025-05-31_18-01-18.816,2025-05-31_18-01-18.816_00000099,Skeleton/5_Put_on_clothes/user7/1-1-2/predictions/Color_2025-05-31_18-01-18.816_00000099.json,1,2,,,ambiguous,multi_person_visual_decision_unavailable,False,
train__c05__user7__1-1-2,5,Put_on_clothes,user7,1-1-2,train,101,2025-05-31_18-01-19.016,2025-05-31_18-01-19.016_00000101,Skeleton/5_Put_on_clothes/user7/1-1-2/predictions/Color_2025-05-31_18-01-19.016_00000101.json,1,2,,,ambiguous,multi_person_visual_decision_unavailable,False,
train__c05__user7__1-1-2,5,Put_on_clothes,user7,1-1-2,train,102,2025-05-31_18-01-19.116,2025-05-31_18-01-19.116_00000102,Skeleton/5_Put_on_clothes/user7/1-1-2/predictions/Color_2025-05-31_18-01-19.116_00000102.json,1,2,,,ambiguous,multi_person_visual_decision_unavailable,False,
train__c05__user7__1-1-2,5,Put_on_clothes,user7,1-1-2,train,103,2025-05-31_18-01-19.216,2025-05-31_18-01-19.216_00000103,Skeleton/5_Put_on_clothes/user7/1-1-2/predictions/Color_2025-05-31_18-01-19.216_00000103.json,1,3,,,ambiguous,multi_person_visual_decision_unavailable,False,
train__c05__user7__1-1-2,5,Put_on_clothes,user7,1-1-2,train,104,2025-05-31_18-01-19.316,2025-05-31_18-01-19.316_00000104,Skeleton/5_Put_on_clothes/user7/1-1-2/predictions/Color_2025-05-31_18-01-19.316_00000104.json,1,3,,,ambiguous,multi_person_visual_decision_unavailable,False,
train__c05__user7__1-1-2,5,Put_on_clothes,user7,1-1-2,train,105,2025-05-31_18-01-19.416,2025-05-31_18-01-19.416_00000105,Skeleton/5_Put_on_clothes/user7/1-1-2/predictions/Color_2025-05-31_18-01-19.416_00000105.json,1,3,,,ambiguous,multi_person_visual_decision_unavailable,False,
train__c05__user7__1-1-2,5,Put_on_clothes,user7,1-1-2,train,106,2025-05-31_18-01-19.516,2025-05-31_18-01-19.516_00000106,Skeleton/5_Put_on_clothes/user7/1-1-2/predictions/Color_2025-05-31_18-01-19.516_00000106.json,1,3,,,ambiguous,multi_person_visual_decision_unavailable,False,
train__c05__user7__1-1-2,5,Put_on_clothes,user7,1-1-2,train,107,2025-05-31_18-01-19.616,2025-05-31_18-01-19.616_00000107,Skeleton/5_Put_on_clothes/user7/1-1-2/predictions/Color_2025-05-31_18-01-19.616_00000107.json,1,3,,,ambiguous,multi_person_visual_decision_unavailable,False,
train__c05__user7__1-1-2,5,Put_on_clothes,user7,1-1-2,train,108,2025-05-31_18-01-19.716,2025-05-31_18-01-19.716_00000108,Skeleton/5_Put_on_clothes/user7/1-1-2/predictions/Color_2025-05-31_18-01-19.716_00000108.json,1,3,,,ambiguous,multi_person_visual_decision_unavailable,False,
train__c05__user7__1-1-2,5,Put_on_clothes,user7,1-1-2,train,113,2025-05-31_18-01-20.216,2025-05-31_18-01-20.216_00000113,Skeleton/5_Put_on_clothes/user7/1-1-2/predictions/Color_2025-05-31_18-01-20.216_00000113.json,1,2,,,ambiguous,multi_person_visual_decision_unavailable,False,
train__c05__user7__1-1-2,5,Put_on_clothes,user7,1-1-2,train,114,2025-05-31_18-01-20.316,2025-05-31_18-01-20.316_00000114,Skeleton/5_Put_on_clothes/user7/1-1-2/predictions/Color_2025-05-31_18-01-20.316_00000114.json,1,2,,,ambiguous,multi_person_visual_decision_unavailable,False,
train__c05__user7__1-1-2,5,Put_on_clothes,user7,1-1-2,train,115,2025-05-31_18-01-20.416,2025-05-31_18-01-20.416_00000115,Skeleton/5_Put_on_clothes/user7/1-1-2/predictions/Color_2025-05-31_18-01-20.416_00000115.json,1,2,,,ambiguous,multi_person_visual_decision_unavailable,False,
train__c05__user7__1-1-2,5,Put_on_clothes,user7,1-1-2,train,116,2025-05-31_18-01-20.516,2025-05-31_18-01-20.516_00000116,Skeleton/5_Put_on_clothes/user7/1-1-2/predictions/Color_2025-05-31_18-01-20.516_00000116.json,1,2,,,ambiguous,multi_person_visual_decision_unavailable,False,
train__c05__user7__1-1-2,5,Put_on_clothes,user7,1-1-2,train,117,2025-05-31_18-01-20.616,2025-05-31_18-01-20.616_00000117,Skeleton/5_Put_on_clothes/user7/1-1-2/predictions/Color_2025-05-31_18-01-20.616_00000117.json,1,3,,,ambiguous,multi_person_visual_decision_unavailable,False,
train__c05__user7__1-1-2,5,Put_on_clothes,user7,1-1-2,train,119,2025-05-31_18-01-20.816,2025-05-31_18-01-20.816_00000119,Skeleton/5_Put_on_clothes/user7/1-1-2/predictions/Color_2025-05-31_18-01-20.816_00000119.json,1,3,,,ambiguous,multi_person_visual_decision_unavailable,False,
train__c05__user7__1-1-2,5,Put_on_clothes,user7,1-1-2,train,120,2025-05-31_18-01-20.916,2025-05-31_18-01-20.916_00000120,Skeleton/5_Put_on_clothes/user7/1-1-2/predictions/Color_2025-05-31_18-01-20.916_00000120.json,1,3,,,ambiguous,multi_person_visual_decision_unavailable,False,
train__c05__user7__1-1-2,5,Put_on_clothes,user7,1-1-2,train,122,2025-05-31_18-01-21.116,2025-05-31_18-01-21.116_00000122,Skeleton/5_Put_on_clothes/user7/1-1-2/predictions/Color_2025-05-31_18-01-21.116_00000122.json,1,2,,,ambiguous,multi_person_visual_decision_unavailable,False,
train__c05__user7__1-1-2,5,Put_on_clothes,user7,1-1-2,train,129,2025-05-31_18-01-21.816,2025-05-31_18-01-21.816_00000129,Skeleton/5_Put_on_clothes/user7/1-1-2/predictions/Color_2025-05-31_18-01-21.816_00000129.json,1,2,,,ambiguous,multi_person_visual_decision_unavailable,False,
train__c05__user7__1-1-2,5,Put_on_clothes,user7,1-1-2,train,130,2025-05-31_18-01-21.916,2025-05-31_18-01-21.916_00000130,Skeleton/5_Put_on_clothes/user7/1-1-2/predictions/Color_2025-05-31_18-01-21.916_00000130.json,1,3,,,ambiguous,multi_person_visual_decision_unavailable,False,
train__c05__user7__1-1-2,5,Put_on_clothes,user7,1-1-2,train,135,2025-05-31_18-01-22.416,2025-05-31_18-01-22.416_00000135,Skeleton/5_Put_on_clothes/user7/1-1-2/predictions/Color_2025-05-31_18-01-22.416_00000135.json,1,3,,,ambiguous,multi_person_visual_decision_unavailable,False,
train__c05__user7__1-1-2,5,Put_on_clothes,user7,1-1-2,train,140,2025-05-31_18-01-22.916,2025-05-31_18-01-22.916_00000140,Skeleton/5_Put_on_clothes/user7/1-1-2/predictions/Color_2025-05-31_18-01-22.916_00000140.json,1,3,,,ambiguous,multi_person_visual_decision_unavailable,False,
train__c05__user7__1-1-2,5,Put_on_clothes,user7,1-1-2,train,141,2025-05-31_18-01-23.016,2025-05-31_18-01-23.016_00000141,Skeleton/5_Put_on_clothes/user7/1-1-2/predictions/Color_2025-05-31_18-01-23.016_00000141.json,1,3,,,ambiguous,multi_person_visual_decision_unavailable,False,
train__c05__user7__1-1-2,5,Put_on_clothes,user7,1-1-2,train,142,2025-05-31_18-01-23.116,2025-05-31_18-01-23.116_00000142,Skeleton/5_Put_on_clothes/user7/1-1-2/predictions/Color_2025-05-31_18-01-23.116_00000142.json,1,3,,,ambiguous,multi_person_visual_decision_unavailable,False,
train__c05__user7__1-1-2,5,Put_on_clothes,user7,1-1-2,train,143,2025-05-31_18-01-23.216,2025-05-31_18-01-23.216_00000143,Skeleton/5_Put_on_clothes/user7/1-1-2/predictions/Color_2025-05-31_18-01-23.216_00000143.json,1,3,,,ambiguous,multi_person_visual_decision_unavailable,False,
train__c05__user7__1-1-2,5,Put_on_clothes,user7,1-1-2,train,151,2025-05-31_18-01-24.016,2025-05-31_18-01-24.016_00000151,Skeleton/5_Put_on_clothes/user7/1-1-2/predictions/Color_2025-05-31_18-01-24.016_00000151.json,1,2,,,ambiguous,multi_person_visual_decision_unavailable,False,
train__c05__user7__1-1-2,5,Put_on_clothes,user7,1-1-2,train,152,2025-05-31_18-01-24.116,2025-05-31_18-01-24.116_00000152,Skeleton/5_Put_on_clothes/user7/1-1-2/predictions/Color_2025-05-31_18-01-24.116_00000152.json,1,3,,,ambiguous,multi_person_visual_decision_unavailable,False,
train__c05__user7__1-1-2,5,Put_on_clothes,user7,1-1-2,train,154,2025-05-31_18-01-24.316,2025-05-31_18-01-24.316_00000154,Skeleton/5_Put_on_clothes/user7/1-1-2/predictions/Color_2025-05-31_18-01-24.316_00000154.json,1,3,,,ambiguous,multi_person_visual_decision_unavailable,False,
train__c05__user7__1-1-2,5,Put_on_clothes,user7,1-1-2,train,157,2025-05-31_18-01-24.616,2025-05-31_18-01-24.616_00000157,Skeleton/5_Put_on_clothes/user7/1-1-2/predictions/Color_2025-05-31_18-01-24.616_00000157.json,1,3,,,ambiguous,multi_person_visual_decision_unavailable,False,
train__c05__user7__1-1-2,5,Put_on_clothes,user7,1-1-2,train,158,2025-05-31_18-01-24.716,2025-05-31_18-01-24.716_00000158,Skeleton/5_Put_on_clothes/user7/1-1-2/predictions/Color_2025-05-31_18-01-24.716_00000158.json,1,3,,,ambiguous,multi_person_visual_decision_unavailable,False,
train__c05__user7__1-1-2,5,Put_on_clothes,user7,1-1-2,train,159,2025-05-31_18-01-24.816,2025-05-31_18-01-24.816_00000159,Skeleton/5_Put_on_clothes/user7/1-1-2/predictions/Color_2025-05-31_18-01-24.816_00000159.json,1,3,,,ambiguous,multi_person_visual_decision_unavailable,False,
train__c05__user7__1-1-2,5,Put_on_clothes,user7,1-1-2,train,160,2025-05-31_18-01-24.916,2025-05-31_18-01-24.916_00000160,Skeleton/5_Put_on_clothes/user7/1-1-2/predictions/Color_2025-05-31_18-01-24.916_00000160.json,1,3,,,ambiguous,multi_person_visual_decision_unavailable,False,
train__c05__user7__1-1-2,5,Put_on_clothes,user7,1-1-2,train,161,2025-05-31_18-01-25.016,2025-05-31_18-01-25.016_00000161,Skeleton/5_Put_on_clothes/user7/1-1-2/predictions/Color_2025-05-31_18-01-25.016_00000161.json,1,3,,,ambiguous,multi_person_visual_decision_unavailable,False,
train__c05__user7__1-1-2,5,Put_on_clothes,user7,1-1-2,train,162,2025-05-31_18-01-25.116,2025-05-31_18-01-25.116_00000162,Skeleton/5_Put_on_clothes/user7/1-1-2/predictions/Color_2025-05-31_18-01-25.116_00000162.json,1,3,,,ambiguous,multi_person_visual_decision_unavailable,False,
train__c05__user7__1-1-2,5,Put_on_clothes,user7,1-1-2,train,163,2025-05-31_18-01-25.216,2025-05-31_18-01-25.216_00000163,Skeleton/5_Put_on_clothes/user7/1-1-2/predictions/Color_2025-05-31_18-01-25.216_00000163.json,1,3,,,ambiguous,multi_person_visual_decision_unavailable,False,
train__c05__user7__1-1-2,5,Put_on_clothes,user7,1-1-2,train,164,2025-05-31_18-01-25.316,2025-05-31_18-01-25.316_00000164,Skeleton/5_Put_on_clothes/user7/1-1-2/predictions/Color_2025-05-31_18-01-25.316_00000164.json,1,3,,,ambiguous,multi_person_visual_decision_unavailable,False,
train__c05__user7__1-1-2,5,Put_on_clothes,user7,1-1-2,train,165,2025-05-31_18-01-25.416,2025-05-31_18-01-25.416_00000165,Skeleton/5_Put_on_clothes/user7/1-1-2/predictions/Color_2025-05-31_18-01-25.416_00000165.json,1,3,,,ambiguous,multi_person_visual_decision_unavailable,False,
train__c05__user7__1-1-3,5,Put_on_clothes,user7,1-1-3,train,130,2025-05-31_18-02-37.916,2025-05-31_18-02-37.916_00000130,Skeleton/5_Put_on_clothes/user7/1-1-3/predictions/Color_2025-05-31_18-02-37.916_00000130.json,1,2,,,ambiguous,multi_person_visual_decision_unavailable,False,
train__c05__user7__1-1-3,5,Put_on_clothes,user7,1-1-3,train,131,2025-05-31_18-02-38.016,2025-05-31_18-02-38.016_00000131,Skeleton/5_Put_on_clothes/user7/1-1-3/predictions/Color_2025-05-31_18-02-38.016_00000131.json,1,2,,,ambiguous,multi_person_visual_decision_unavailable,False,
train__c05__user7__1-1-3,5,Put_on_clothes,user7,1-1-3,train,132,2025-05-31_18-02-38.116,2025-05-31_18-02-38.116_00000132,Skeleton/5_Put_on_clothes/user7/1-1-3/predictions/Color_2025-05-31_18-02-38.116_00000132.json,1,2,,,ambiguous,multi_person_visual_decision_unavailable,False,
train__c05__user7__1-1-3,5,Put_on_clothes,user7,1-1-3,train,133,2025-05-31_18-02-38.216,2025-05-31_18-02-38.216_00000133,Skeleton/5_Put_on_clothes/user7/1-1-3/predictions/Color_2025-05-31_18-02-38.216_00000133.json,1,2,,,ambiguous,multi_person_visual_decision_unavailable,False,
train__c05__user7__1-1-3,5,Put_on_clothes,user7,1-1-3,train,134,2025-05-31_18-02-38.316,2025-05-31_18-02-38.316_00000134,Skeleton/5_Put_on_clothes/user7/1-1-3/predictions/Color_2025-05-31_18-02-38.316_00000134.json,1,2,,,ambiguous,multi_person_visual_decision_unavailable,False,
train__c05__user7__1-1-3,5,Put_on_clothes,user7,1-1-3,train,137,2025-05-31_18-02-38.616,2025-05-31_18-02-38.616_00000137,Skeleton/5_Put_on_clothes/user7/1-1-3/predictions/Color_2025-05-31_18-02-38.616_00000137.json,1,3,,0.1689857591270311,ambiguous,multi_person_visual_margin_lt_20pct,False,
train__c05__user7__1-1-3,5,Put_on_clothes,user7,1-1-3,train,138,2025-05-31_18-02-38.716,2025-05-31_18-02-38.716_00000138,Skeleton/5_Put_on_clothes/user7/1-1-3/predictions/Color_2025-05-31_18-02-38.716_00000138.json,1,3,,,ambiguous,multi_person_visual_decision_unavailable,False,
train__c05__user7__1-1-3,5,Put_on_clothes,user7,1-1-3,train,139,2025-05-31_18-02-38.816,2025-05-31_18-02-38.816_00000139,Skeleton/5_Put_on_clothes/user7/1-1-3/predictions/Color_2025-05-31_18-02-38.816_00000139.json,1,2,,,ambiguous,multi_person_visual_decision_unavailable,False,
train__c05__user7__1-1-3,5,Put_on_clothes,user7,1-1-3,train,140,2025-05-31_18-02-38.916,2025-05-31_18-02-38.916_00000140,Skeleton/5_Put_on_clothes/user7/1-1-3/predictions/Color_2025-05-31_18-02-38.916_00000140.json,1,2,,,ambiguous,multi_person_visual_decision_unavailable,False,
train__c05__user7__1-1-3,5,Put_on_clothes,user7,1-1-3,train,141,2025-05-31_18-02-39.016,2025-05-31_18-02-39.016_00000141,Skeleton/5_Put_on_clothes/user7/1-1-3/predictions/Color_2025-05-31_18-02-39.016_00000141.json,1,2,,,ambiguous,multi_person_visual_decision_unavailable,False,
train__c05__user7__1-1-3,5,Put_on_clothes,user7,1-1-3,train,142,2025-05-31_18-02-39.116,2025-05-31_18-02-39.116_00000142,Skeleton/5_Put_on_clothes/user7/1-1-3/predictions/Color_2025-05-31_18-02-39.116_00000142.json,1,3,,,ambiguous,multi_person_visual_decision_unavailable,False,
train__c05__user7__1-1-3,5,Put_on_clothes,user7,1-1-3,train,144,2025-05-31_18-02-39.316,2025-05-31_18-02-39.316_00000144,Skeleton/5_Put_on_clothes/user7/1-1-3/predictions/Color_2025-05-31_18-02-39.316_00000144.json,1,2,,,ambiguous,multi_person_visual_decision_unavailable,False,
train__c05__user7__1-1-3,5,Put_on_clothes,user7,1-1-3,train,145,2025-05-31_18-02-39.416,2025-05-31_18-02-39.416_00000145,Skeleton/5_Put_on_clothes/user7/1-1-3/predictions/Color_2025-05-31_18-02-39.416_00000145.json,1,2,,,ambiguous,multi_person_visual_decision_unavailable,False,
train__c05__user7__1-1-3,5,Put_on_clothes,user7,1-1-3,train,146,2025-05-31_18-02-39.516,2025-05-31_18-02-39.516_00000146,Skeleton/5_Put_on_clothes/user7/1-1-3/predictions/Color_2025-05-31_18-02-39.516_00000146.json,1,2,,0.0244806025013713,ambiguous,multi_person_visual_margin_lt_20pct,False,
train__c05__user7__1-1-3,5,Put_on_clothes,user7,1-1-3,train,147,2025-05-31_18-02-39.616,2025-05-31_18-02-39.616_00000147,Skeleton/5_Put_on_clothes/user7/1-1-3/predictions/Color_2025-05-31_18-02-39.616_00000147.json,1,2,,,ambiguous,multi_person_visual_decision_unavailable,False,
train__c05__user7__1-1-3,5,Put_on_clothes,user7,1-1-3,train,148,2025-05-31_18-02-39.716,2025-05-31_18-02-39.716_00000148,Skeleton/5_Put_on_clothes/user7/1-1-3/predictions/Color_2025-05-31_18-02-39.716_00000148.json,1,2,,,ambiguous,multi_person_visual_decision_unavailable,False,
train__c05__user7__1-1-3,5,Put_on_clothes,user7,1-1-3,train,149,2025-05-31_18-02-39.816,2025-05-31_18-02-39.816_00000149,Skeleton/5_Put_on_clothes/user7/1-1-3/predictions/Color_2025-05-31_18-02-39.816_00000149.json,1,3,,,ambiguous,multi_person_visual_decision_unavailable,False,
train__c05__user7__1-1-3,5,Put_on_clothes,user7,1-1-3,train,150,2025-05-31_18-02-39.916,2025-05-31_18-02-39.916_00000150,Skeleton/5_Put_on_clothes/user7/1-1-3/predictions/Color_2025-05-31_18-02-39.916_00000150.json,1,3,,,ambiguous,multi_person_visual_decision_unavailable,False,
train__c05__user7__1-1-3,5,Put_on_clothes,user7,1-1-3,train,151,2025-05-31_18-02-40.016,2025-05-31_18-02-40.016_00000151,Skeleton/5_Put_on_clothes/user7/1-1-3/predictions/Color_2025-05-31_18-02-40.016_00000151.json,1,3,,,ambiguous,multi_person_visual_decision_unavailable,False,
train__c05__user7__1-1-3,5,Put_on_clothes,user7,1-1-3,train,159,2025-05-31_18-02-40.816,2025-05-31_18-02-40.816_00000159,Skeleton/5_Put_on_clothes/user7/1-1-3/predictions/Color_2025-05-31_18-02-40.816_00000159.json,1,3,,,ambiguous,multi_person_visual_decision_unavailable,False,
train__c05__user7__1-1-3,5,Put_on_clothes,user7,1-1-3,train,160,2025-05-31_18-02-40.916,2025-05-31_18-02-40.916_00000160,Skeleton/5_Put_on_clothes/user7/1-1-3/predictions/Color_2025-05-31_18-02-40.916_00000160.json,1,3,,,ambiguous,multi_person_visual_decision_unavailable,False,
train__c05__user7__1-1-3,5,Put_on_clothes,user7,1-1-3,train,161,2025-05-31_18-02-41.016,2025-05-31_18-02-41.016_00000161,Skeleton/5_Put_on_clothes/user7/1-1-3/predictions/Color_2025-05-31_18-02-41.016_00000161.json,1,2,,,ambiguous,multi_person_visual_decision_unavailable,False,
train__c05__user7__1-1-3,5,Put_on_clothes,user7,1-1-3,train,162,2025-05-31_18-02-41.116,2025-05-31_18-02-41.116_00000162,Skeleton/5_Put_on_clothes/user7/1-1-3/predictions/Color_2025-05-31_18-02-41.116_00000162.json,1,2,,,ambiguous,multi_person_visual_decision_unavailable,False,
train__c05__user7__1-1-3,5,Put_on_clothes,user7,1-1-3,train,163,2025-05-31_18-02-41.216,2025-05-31_18-02-41.216_00000163,Skeleton/5_Put_on_clothes/user7/1-1-3/predictions/Color_2025-05-31_18-02-41.216_00000163.json,1,3,,,ambiguous,multi_person_visual_decision_unavailable,False,
train__c05__user7__1-1-3,5,Put_on_clothes,user7,1-1-3,train,164,2025-05-31_18-02-41.316,2025-05-31_18-02-41.316_00000164,Skeleton/5_Put_on_clothes/user7/1-1-3/predictions/Color_2025-05-31_18-02-41.316_00000164.json,1,2,,,ambiguous,multi_person_visual_decision_unavailable,False,
train__c05__user7__1-1-3,5,Put_on_clothes,user7,1-1-3,train,165,2025-05-31_18-02-41.416,2025-05-31_18-02-41.416_00000165,Skeleton/5_Put_on_clothes/user7/1-1-3/predictions/Color_2025-05-31_18-02-41.416_00000165.json,1,2,,,ambiguous,multi_person_visual_decision_unavailable,False,
train__c05__user7__1-1-3,5,Put_on_clothes,user7,1-1-3,train,166,2025-05-31_18-02-41.516,2025-05-31_18-02-41.516_00000166,Skeleton/5_Put_on_clothes/user7/1-1-3/predictions/Color_2025-05-31_18-02-41.516_00000166.json,1,2,,,ambiguous,multi_person_visual_decision_unavailable,False,
train__c05__user7__1-1-3,5,Put_on_clothes,user7,1-1-3,train,169,2025-05-31_18-02-41.816,2025-05-31_18-02-41.816_00000169,Skeleton/5_Put_on_clothes/user7/1-1-3/predictions/Color_2025-05-31_18-02-41.816_00000169.json,1,3,,0.0367722640482679,ambiguous,multi_person_visual_margin_lt_20pct,False,
train__c05__user7__1-1-3,5,Put_on_clothes,user7,1-1-3,train,170,2025-05-31_18-02-41.916,2025-05-31_18-02-41.916_00000170,Skeleton/5_Put_on_clothes/user7/1-1-3/predictions/Color_2025-05-31_18-02-41.916_00000170.json,1,3,,,ambiguous,multi_person_visual_decision_unavailable,False,
train__c05__user7__1-1-3,5,Put_on_clothes,user7,1-1-3,train,171,2025-05-31_18-02-42.016,2025-05-31_18-02-42.016_00000171,Skeleton/5_Put_on_clothes/user7/1-1-3/predictions/Color_2025-05-31_18-02-42.016_00000171.json,1,3,,,ambiguous,multi_person_visual_decision_unavailable,False,
train__c05__user7__1-1-3,5,Put_on_clothes,user7,1-1-3,train,172,2025-05-31_18-02-42.116,2025-05-31_18-02-42.116_00000172,Skeleton/5_Put_on_clothes/user7/1-1-3/predictions/Color_2025-05-31_18-02-42.116_00000172.json,1,3,,,ambiguous,multi_person_visual_decision_unavailable,False,
train__c05__user7__1-1-3,5,Put_on_clothes,user7,1-1-3,train,173,2025-05-31_18-02-42.216,2025-05-31_18-02-42.216_00000173,Skeleton/5_Put_on_clothes/user7/1-1-3/predictions/Color_2025-05-31_18-02-42.216_00000173.json,1,3,,,ambiguous,multi_person_visual_decision_unavailable,False,
train__c05__user7__1-1-3,5,Put_on_clothes,user7,1-1-3,train,178,2025-05-31_18-02-42.716,2025-05-31_18-02-42.716_00000178,Skeleton/5_Put_on_clothes/user7/1-1-3/predictions/Color_2025-05-31_18-02-42.716_00000178.json,1,2,,0.1941617505860082,ambiguous,multi_person_visual_margin_lt_20pct,False,
train__c05__user7__1-1-3,5,Put_on_clothes,user7,1-1-3,train,179,2025-05-31_18-02-42.816,2025-05-31_18-02-42.816_00000179,Skeleton/5_Put_on_clothes/user7/1-1-3/predictions/Color_2025-05-31_18-02-42.816_00000179.json,1,2,,,ambiguous,multi_person_visual_decision_unavailable,False,
train__c05__user7__1-1-3,5,Put_on_clothes,user7,1-1-3,train,181,2025-05-31_18-02-43.016,2025-05-31_18-02-43.016_00000181,Skeleton/5_Put_on_clothes/user7/1-1-3/predictions/Color_2025-05-31_18-02-43.016_00000181.json,1,2,,,ambiguous,multi_person_visual_decision_unavailable,False,
train__c05__user7__1-1-3,5,Put_on_clothes,user7,1-1-3,train,182,2025-05-31_18-02-43.116,2025-05-31_18-02-43.116_00000182,Skeleton/5_Put_on_clothes/user7/1-1-3/predictions/Color_2025-05-31_18-02-43.116_00000182.json,1,2,,,ambiguous,multi_person_visual_decision_unavailable,False,
train__c05__user7__1-1-3,5,Put_on_clothes,user7,1-1-3,train,198,2025-05-31_18-02-44.716,2025-05-31_18-02-44.716_00000198,Skeleton/5_Put_on_clothes/user7/1-1-3/predictions/Color_2025-05-31_18-02-44.716_00000198.json,1,3,,,ambiguous,multi_person_visual_decision_unavailable,False,
train__c05__user8__6-1-1,5,Put_on_clothes,user8,6-1-1,train,132,2025-05-31_16-08-41.116,2025-05-31_16-08-41.116_00000132,Skeleton/5_Put_on_clothes/user8/6-1-1/predictions/Color_2025-05-31_16-08-41.116_00000132.json,1,2,,,ambiguous,multi_person_visual_decision_unavailable,False,
train__c05__user8__6-1-2,5,Put_on_clothes,user8,6-1-2,train,74,2025-05-31_16-10-04.316,2025-05-31_16-10-04.316_00000074,Skeleton/5_Put_on_clothes/user8/6-1-2/predictions/Color_2025-05-31_16-10-04.316_00000074.json,1,2,,,ambiguous,multi_person_visual_decision_unavailable,False,
train__c05__user8__6-1-2,5,Put_on_clothes,user8,6-1-2,train,81,2025-05-31_16-10-05.016,2025-05-31_16-10-05.016_00000081,Skeleton/5_Put_on_clothes/user8/6-1-2/predictions/Color_2025-05-31_16-10-05.016_00000081.json,1,2,,,ambiguous,multi_person_visual_decision_unavailable,False,
train__c05__user8__6-1-2,5,Put_on_clothes,user8,6-1-2,train,93,2025-05-31_16-10-06.216,2025-05-31_16-10-06.216_00000093,Skeleton/5_Put_on_clothes/user8/6-1-2/predictions/Color_2025-05-31_16-10-06.216_00000093.json,1,2,,,ambiguous,multi_person_visual_decision_unavailable,False,
train__c05__user8__6-1-2,5,Put_on_clothes,user8,6-1-2,train,121,2025-05-31_16-10-09.016,2025-05-31_16-10-09.016_00000121,Skeleton/5_Put_on_clothes/user8/6-1-2/predictions/Color_2025-05-31_16-10-09.016_00000121.json,1,2,,,ambiguous,multi_person_visual_decision_unavailable,False,
train__c05__user8__6-1-2,5,Put_on_clothes,user8,6-1-2,train,123,2025-05-31_16-10-09.216,2025-05-31_16-10-09.216_00000123,Skeleton/5_Put_on_clothes/user8/6-1-2/predictions/Color_2025-05-31_16-10-09.216_00000123.json,1,2,,0.1677256286594278,ambiguous,multi_person_visual_margin_lt_20pct,False,
train__c05__user8__6-1-3,5,Put_on_clothes,user8,6-1-3,train,99,2025-05-31_16-11-25.816,2025-05-31_16-11-25.816_00000099,Skeleton/5_Put_on_clothes/user8/6-1-3/predictions/Color_2025-05-31_16-11-25.816_00000099.json,1,2,,0.0441336846057774,ambiguous,multi_person_visual_margin_lt_20pct,False,
train__c05__user8__7-1-1,5,Put_on_clothes,user8,7-1-1,train,218,2025-05-31_18-19-14.716,2025-05-31_18-19-14.716_00000218,Skeleton/5_Put_on_clothes/user8/7-1-1/predictions/Color_2025-05-31_18-19-14.716_00000218.json,1,2,,,ambiguous,multi_person_visual_decision_unavailable,False,
train__c05__user8__7-1-1,5,Put_on_clothes,user8,7-1-1,train,221,2025-05-31_18-19-15.016,2025-05-31_18-19-15.016_00000221,Skeleton/5_Put_on_clothes/user8/7-1-1/predictions/Color_2025-05-31_18-19-15.016_00000221.json,1,2,,,ambiguous,multi_person_visual_decision_unavailable,False,
train__c05__user8__7-1-1,5,Put_on_clothes,user8,7-1-1,train,222,2025-05-31_18-19-15.116,2025-05-31_18-19-15.116_00000222,Skeleton/5_Put_on_clothes/user8/7-1-1/predictions/Color_2025-05-31_18-19-15.116_00000222.json,1,2,,,ambiguous,multi_person_visual_decision_unavailable,False,
train__c05__user8__7-1-1,5,Put_on_clothes,user8,7-1-1,train,223,2025-05-31_18-19-15.216,2025-05-31_18-19-15.216_00000223,Skeleton/5_Put_on_clothes/user8/7-1-1/predictions/Color_2025-05-31_18-19-15.216_00000223.json,1,2,,,ambiguous,multi_person_visual_decision_unavailable,False,
train__c05__user8__7-1-1,5,Put_on_clothes,user8,7-1-1,train,225,2025-05-31_18-19-15.416,2025-05-31_18-19-15.416_00000225,Skeleton/5_Put_on_clothes/user8/7-1-1/predictions/Color_2025-05-31_18-19-15.416_00000225.json,1,2,,,ambiguous,multi_person_visual_decision_unavailable,False,
train__c05__user8__7-1-1,5,Put_on_clothes,user8,7-1-1,train,226,2025-05-31_18-19-15.516,2025-05-31_18-19-15.516_00000226,Skeleton/5_Put_on_clothes/user8/7-1-1/predictions/Color_2025-05-31_18-19-15.516_00000226.json,1,2,,,ambiguous,multi_person_visual_decision_unavailable,False,
train__c05__user8__7-1-1,5,Put_on_clothes,user8,7-1-1,train,227,2025-05-31_18-19-15.616,2025-05-31_18-19-15.616_00000227,Skeleton/5_Put_on_clothes/user8/7-1-1/predictions/Color_2025-05-31_18-19-15.616_00000227.json,1,2,,,ambiguous,multi_person_visual_decision_unavailable,False,
train__c05__user8__7-1-1,5,Put_on_clothes,user8,7-1-1,train,228,2025-05-31_18-19-15.716,2025-05-31_18-19-15.716_00000228,Skeleton/5_Put_on_clothes/user8/7-1-1/predictions/Color_2025-05-31_18-19-15.716_00000228.json,1,2,,,ambiguous,multi_person_visual_decision_unavailable,False,
train__c05__user8__7-1-1,5,Put_on_clothes,user8,7-1-1,train,229,2025-05-31_18-19-15.816,2025-05-31_18-19-15.816_00000229,Skeleton/5_Put_on_clothes/user8/7-1-1/predictions/Color_2025-05-31_18-19-15.816_00000229.json,1,2,,,ambiguous,multi_person_visual_decision_unavailable,False,
train__c05__user8__7-1-1,5,Put_on_clothes,user8,7-1-1,train,230,2025-05-31_18-19-15.916,2025-05-31_18-19-15.916_00000230,Skeleton/5_Put_on_clothes/user8/7-1-1/predictions/Color_2025-05-31_18-19-15.916_00000230.json,1,2,,,ambiguous,multi_person_visual_decision_unavailable,False,
train__c05__user8__7-1-1,5,Put_on_clothes,user8,7-1-1,train,237,2025-05-31_18-19-16.616,2025-05-31_18-19-16.616_00000237,Skeleton/5_Put_on_clothes/user8/7-1-1/predictions/Color_2025-05-31_18-19-16.616_00000237.json,1,3,,,ambiguous,multi_person_visual_decision_unavailable,False,
train__c05__user8__7-1-1,5,Put_on_clothes,user8,7-1-1,train,238,2025-05-31_18-19-16.716,2025-05-31_18-19-16.716_00000238,Skeleton/5_Put_on_clothes/user8/7-1-1/predictions/Color_2025-05-31_18-19-16.716_00000238.json,1,2,,,ambiguous,multi_person_visual_decision_unavailable,False,
train__c05__user8__7-1-1,5,Put_on_clothes,user8,7-1-1,train,239,2025-05-31_18-19-16.816,2025-05-31_18-19-16.816_00000239,Skeleton/5_Put_on_clothes/user8/7-1-1/predictions/Color_2025-05-31_18-19-16.816_00000239.json,1,2,,,ambiguous,multi_person_visual_decision_unavailable,False,
train__c05__user8__7-1-1,5,Put_on_clothes,user8,7-1-1,train,240,2025-05-31_18-19-16.916,2025-05-31_18-19-16.916_00000240,Skeleton/5_Put_on_clothes/user8/7-1-1/predictions/Color_2025-05-31_18-19-16.916_00000240.json,1,2,,,ambiguous,multi_person_visual_decision_unavailable,False,
train__c05__user8__7-1-1,5,Put_on_clothes,user8,7-1-1,train,241,2025-05-31_18-19-17.016,2025-05-31_18-19-17.016_00000241,Skeleton/5_Put_on_clothes/user8/7-1-1/predictions/Color_2025-05-31_18-19-17.016_00000241.json,1,2,,,ambiguous,multi_person_visual_decision_unavailable,False,
train__c05__user8__7-1-1,5,Put_on_clothes,user8,7-1-1,train,242,2025-05-31_18-19-17.116,2025-05-31_18-19-17.116_00000242,Skeleton/5_Put_on_clothes/user8/7-1-1/predictions/Color_2025-05-31_18-19-17.116_00000242.json,1,2,,,ambiguous,multi_person_visual_decision_unavailable,False,
train__c05__user8__7-1-1,5,Put_on_clothes,user8,7-1-1,train,243,2025-05-31_18-19-17.216,2025-05-31_18-19-17.216_00000243,Skeleton/5_Put_on_clothes/user8/7-1-1/predictions/Color_2025-05-31_18-19-17.216_00000243.json,1,2,,,ambiguous,multi_person_visual_decision_unavailable,False,
train__c05__user8__7-1-1,5,Put_on_clothes,user8,7-1-1,train,244,2025-05-31_18-19-17.316,2025-05-31_18-19-17.316_00000244,Skeleton/5_Put_on_clothes/user8/7-1-1/predictions/Color_2025-05-31_18-19-17.316_00000244.json,1,2,,,ambiguous,multi_person_visual_decision_unavailable,False,
train__c05__user8__7-1-1,5,Put_on_clothes,user8,7-1-1,train,262,2025-05-31_18-19-19.116,2025-05-31_18-19-19.116_00000262,Skeleton/5_Put_on_clothes/user8/7-1-1/predictions/Color_2025-05-31_18-19-19.116_00000262.json,1,2,,,ambiguous,multi_person_visual_decision_unavailable,False,
train__c05__user8__7-1-1,5,Put_on_clothes,user8,7-1-1,train,263,2025-05-31_18-19-19.216,2025-05-31_18-19-19.216_00000263,Skeleton/5_Put_on_clothes/user8/7-1-1/predictions/Color_2025-05-31_18-19-19.216_00000263.json,1,2,,,ambiguous,multi_person_visual_decision_unavailable,False,
train__c05__user8__7-1-1,5,Put_on_clothes,user8,7-1-1,train,264,2025-05-31_18-19-19.316,2025-05-31_18-19-19.316_00000264,Skeleton/5_Put_on_clothes/user8/7-1-1/predictions/Color_2025-05-31_18-19-19.316_00000264.json,1,2,,,ambiguous,multi_person_visual_decision_unavailable,False,
train__c05__user8__7-1-1,5,Put_on_clothes,user8,7-1-1,train,266,2025-05-31_18-19-19.516,2025-05-31_18-19-19.516_00000266,Skeleton/5_Put_on_clothes/user8/7-1-1/predictions/Color_2025-05-31_18-19-19.516_00000266.json,1,2,,,ambiguous,multi_person_visual_decision_unavailable,False,
train__c05__user8__7-1-1,5,Put_on_clothes,user8,7-1-1,train,267,2025-05-31_18-19-19.616,2025-05-31_18-19-19.616_00000267,Skeleton/5_Put_on_clothes/user8/7-1-1/predictions/Color_2025-05-31_18-19-19.616_00000267.json,1,2,,,ambiguous,multi_person_visual_decision_unavailable,False,
train__c05__user8__7-1-1,5,Put_on_clothes,user8,7-1-1,train,268,2025-05-31_18-19-19.716,2025-05-31_18-19-19.716_00000268,Skeleton/5_Put_on_clothes/user8/7-1-1/predictions/Color_2025-05-31_18-19-19.716_00000268.json,1,2,,,ambiguous,multi_person_visual_decision_unavailable,False,
train__c05__user8__7-1-2,5,Put_on_clothes,user8,7-1-2,train,237,2025-05-31_18-17-16.616,2025-05-31_18-17-16.616_00000237,Skeleton/5_Put_on_clothes/user8/7-1-2/predictions/Color_2025-05-31_18-17-16.616_00000237.json,1,2,,0.1701001006725574,ambiguous,multi_person_visual_margin_lt_20pct,False,
train__c05__user8__7-1-2,5,Put_on_clothes,user8,7-1-2,train,246,2025-05-31_18-17-17.516,2025-05-31_18-17-17.516_00000246,Skeleton/5_Put_on_clothes/user8/7-1-2/predictions/Color_2025-05-31_18-17-17.516_00000246.json,1,3,,,ambiguous,multi_person_visual_decision_unavailable,False,
train__c05__user8__7-1-2,5,Put_on_clothes,user8,7-1-2,train,247,2025-05-31_18-17-17.616,2025-05-31_18-17-17.616_00000247,Skeleton/5_Put_on_clothes/user8/7-1-2/predictions/Color_2025-05-31_18-17-17.616_00000247.json,1,2,,,ambiguous,multi_person_visual_decision_unavailable,False,
train__c05__user8__7-1-2,5,Put_on_clothes,user8,7-1-2,train,249,2025-05-31_18-17-17.816,2025-05-31_18-17-17.816_00000249,Skeleton/5_Put_on_clothes/user8/7-1-2/predictions/Color_2025-05-31_18-17-17.816_00000249.json,1,2,,,ambiguous,multi_person_visual_decision_unavailable,False,
train__c05__user8__7-1-2,5,Put_on_clothes,user8,7-1-2,train,252,2025-05-31_18-17-18.116,2025-05-31_18-17-18.116_00000252,Skeleton/5_Put_on_clothes/user8/7-1-2/predictions/Color_2025-05-31_18-17-18.116_00000252.json,1,2,,,ambiguous,multi_person_visual_decision_unavailable,False,
train__c05__user8__7-1-2,5,Put_on_clothes,user8,7-1-2,train,280,2025-05-31_18-17-20.916,2025-05-31_18-17-20.916_00000280,Skeleton/5_Put_on_clothes/user8/7-1-2/predictions/Color_2025-05-31_18-17-20.916_00000280.json,1,2,,,ambiguous,multi_person_visual_decision_unavailable,False,
train__c05__user8__7-1-2,5,Put_on_clothes,user8,7-1-2,train,281,2025-05-31_18-17-21.016,2025-05-31_18-17-21.016_00000281,Skeleton/5_Put_on_clothes/user8/7-1-2/predictions/Color_2025-05-31_18-17-21.016_00000281.json,1,2,,,ambiguous,multi_person_visual_decision_unavailable,False,
train__c05__user8__7-1-2,5,Put_on_clothes,user8,7-1-2,train,291,2025-05-31_18-17-22.016,2025-05-31_18-17-22.016_00000291,Skeleton/5_Put_on_clothes/user8/7-1-2/predictions/Color_2025-05-31_18-17-22.016_00000291.json,1,2,,,ambiguous,multi_person_visual_decision_unavailable,False,
train__c05__user8__7-1-2,5,Put_on_clothes,user8,7-1-2,train,292,2025-05-31_18-17-22.116,2025-05-31_18-17-22.116_00000292,Skeleton/5_Put_on_clothes/user8/7-1-2/predictions/Color_2025-05-31_18-17-22.116_00000292.json,1,2,,,ambiguous,multi_person_visual_decision_unavailable,False,
train__c05__user8__7-1-2,5,Put_on_clothes,user8,7-1-2,train,294,2025-05-31_18-17-22.316,2025-05-31_18-17-22.316_00000294,Skeleton/5_Put_on_clothes/user8/7-1-2/predictions/Color_2025-05-31_18-17-22.316_00000294.json,1,2,,,ambiguous,multi_person_visual_decision_unavailable,False,
train__c05__user8__7-1-2,5,Put_on_clothes,user8,7-1-2,train,295,2025-05-31_18-17-22.416,2025-05-31_18-17-22.416_00000295,Skeleton/5_Put_on_clothes/user8/7-1-2/predictions/Color_2025-05-31_18-17-22.416_00000295.json,1,2,,,ambiguous,multi_person_visual_decision_unavailable,False,
train__c05__user8__7-1-2,5,Put_on_clothes,user8,7-1-2,train,299,2025-05-31_18-17-22.816,2025-05-31_18-17-22.816_00000299,Skeleton/5_Put_on_clothes/user8/7-1-2/predictions/Color_2025-05-31_18-17-22.816_00000299.json,1,2,,,ambiguous,multi_person_visual_decision_unavailable,False,
train__c05__user8__7-1-2,5,Put_on_clothes,user8,7-1-2,train,300,2025-05-31_18-17-22.916,2025-05-31_18-17-22.916_00000300,Skeleton/5_Put_on_clothes/user8/7-1-2/predictions/Color_2025-05-31_18-17-22.916_00000300.json,1,2,,,ambiguous,multi_person_visual_decision_unavailable,False,
train__c05__user8__7-1-2,5,Put_on_clothes,user8,7-1-2,train,301,2025-05-31_18-17-23.016,2025-05-31_18-17-23.016_00000301,Skeleton/5_Put_on_clothes/user8/7-1-2/predictions/Color_2025-05-31_18-17-23.016_00000301.json,1,3,,,ambiguous,multi_person_visual_decision_unavailable,False,
train__c05__user8__7-1-3,5,Put_on_clothes,user8,7-1-3,train,139,2025-05-31_18-21-00.816,2025-05-31_18-21-00.816_00000139,Skeleton/5_Put_on_clothes/user8/7-1-3/predictions/Color_2025-05-31_18-21-00.816_00000139.json,1,2,,,ambiguous,multi_person_visual_decision_unavailable,False,
train__c05__user8__7-1-3,5,Put_on_clothes,user8,7-1-3,train,140,2025-05-31_18-21-00.916,2025-05-31_18-21-00.916_00000140,Skeleton/5_Put_on_clothes/user8/7-1-3/predictions/Color_2025-05-31_18-21-00.916_00000140.json,1,2,,0.1212656357618437,ambiguous,multi_person_visual_margin_lt_20pct,False,
train__c05__user8__7-1-3,5,Put_on_clothes,user8,7-1-3,train,146,2025-05-31_18-21-01.516,2025-05-31_18-21-01.516_00000146,Skeleton/5_Put_on_clothes/user8/7-1-3/predictions/Color_2025-05-31_18-21-01.516_00000146.json,1,3,,,ambiguous,multi_person_visual_decision_unavailable,False,
train__c05__user8__7-1-3,5,Put_on_clothes,user8,7-1-3,train,147,2025-05-31_18-21-01.616,2025-05-31_18-21-01.616_00000147,Skeleton/5_Put_on_clothes/user8/7-1-3/predictions/Color_2025-05-31_18-21-01.616_00000147.json,1,3,,,ambiguous,multi_person_visual_decision_unavailable,False,
train__c05__user8__7-1-3,5,Put_on_clothes,user8,7-1-3,train,148,2025-05-31_18-21-01.716,2025-05-31_18-21-01.716_00000148,Skeleton/5_Put_on_clothes/user8/7-1-3/predictions/Color_2025-05-31_18-21-01.716_00000148.json,1,4,,,ambiguous,multi_person_visual_decision_unavailable,False,
train__c05__user8__7-1-3,5,Put_on_clothes,user8,7-1-3,train,149,2025-05-31_18-21-01.816,2025-05-31_18-21-01.816_00000149,Skeleton/5_Put_on_clothes/user8/7-1-3/predictions/Color_2025-05-31_18-21-01.816_00000149.json,1,3,,,ambiguous,multi_person_visual_decision_unavailable,False,
train__c05__user8__7-1-3,5,Put_on_clothes,user8,7-1-3,train,150,2025-05-31_18-21-01.916,2025-05-31_18-21-01.916_00000150,Skeleton/5_Put_on_clothes/user8/7-1-3/predictions/Color_2025-05-31_18-21-01.916_00000150.json,1,3,,,ambiguous,multi_person_visual_decision_unavailable,False,
train__c05__user9__1-1-1,5,Put_on_clothes,user9,1-1-1,train,169,2025-05-31_18-26-42.816,2025-05-31_18-26-42.816_00000169,Skeleton/5_Put_on_clothes/user9/1-1-1/predictions/Color_2025-05-31_18-26-42.816_00000169.json,1,2,,,ambiguous,multi_person_visual_decision_unavailable,False,
train__c05__user9__1-1-1,5,Put_on_clothes,user9,1-1-1,train,173,2025-05-31_18-26-43.216,2025-05-31_18-26-43.216_00000173,Skeleton/5_Put_on_clothes/user9/1-1-1/predictions/Color_2025-05-31_18-26-43.216_00000173.json,1,2,,,ambiguous,multi_person_visual_decision_unavailable,False,
train__c05__user9__1-1-1,5,Put_on_clothes,user9,1-1-1,train,176,2025-05-31_18-26-43.516,2025-05-31_18-26-43.516_00000176,Skeleton/5_Put_on_clothes/user9/1-1-1/predictions/Color_2025-05-31_18-26-43.516_00000176.json,1,2,,,ambiguous,multi_person_visual_decision_unavailable,False,
train__c05__user9__1-1-1,5,Put_on_clothes,user9,1-1-1,train,177,2025-05-31_18-26-43.616,2025-05-31_18-26-43.616_00000177,Skeleton/5_Put_on_clothes/user9/1-1-1/predictions/Color_2025-05-31_18-26-43.616_00000177.json,1,2,,,ambiguous,multi_person_visual_decision_unavailable,False,
train__c05__user9__1-1-1,5,Put_on_clothes,user9,1-1-1,train,178,2025-05-31_18-26-43.716,2025-05-31_18-26-43.716_00000178,Skeleton/5_Put_on_clothes/user9/1-1-1/predictions/Color_2025-05-31_18-26-43.716_00000178.json,1,2,,,ambiguous,multi_person_visual_decision_unavailable,False,
train__c05__user9__1-1-1,5,Put_on_clothes,user9,1-1-1,train,179,2025-05-31_18-26-43.816,2025-05-31_18-26-43.816_00000179,Skeleton/5_Put_on_clothes/user9/1-1-1/predictions/Color_2025-05-31_18-26-43.816_00000179.json,1,2,,,ambiguous,multi_person_visual_decision_unavailable,False,
train__c05__user9__1-1-1,5,Put_on_clothes,user9,1-1-1,train,180,2025-05-31_18-26-43.916,2025-05-31_18-26-43.916_00000180,Skeleton/5_Put_on_clothes/user9/1-1-1/predictions/Color_2025-05-31_18-26-43.916_00000180.json,1,2,,,ambiguous,multi_person_visual_decision_unavailable,False,
train__c05__user9__1-1-1,5,Put_on_clothes,user9,1-1-1,train,181,2025-05-31_18-26-44.016,2025-05-31_18-26-44.016_00000181,Skeleton/5_Put_on_clothes/user9/1-1-1/predictions/Color_2025-05-31_18-26-44.016_00000181.json,1,2,,,ambiguous,multi_person_visual_decision_unavailable,False,
train__c05__user9__1-1-1,5,Put_on_clothes,user9,1-1-1,train,182,2025-05-31_18-26-44.116,2025-05-31_18-26-44.116_00000182,Skeleton/5_Put_on_clothes/user9/1-1-1/predictions/Color_2025-05-31_18-26-44.116_00000182.json,1,2,,,ambiguous,multi_person_visual_decision_unavailable,False,
train__c05__user9__1-1-1,5,Put_on_clothes,user9,1-1-1,train,183,2025-05-31_18-26-44.216,2025-05-31_18-26-44.216_00000183,Skeleton/5_Put_on_clothes/user9/1-1-1/predictions/Color_2025-05-31_18-26-44.216_00000183.json,1,2,,,ambiguous,multi_person_visual_decision_unavailable,False,
train__c05__user9__1-1-1,5,Put_on_clothes,user9,1-1-1,train,184,2025-05-31_18-26-44.316,2025-05-31_18-26-44.316_00000184,Skeleton/5_Put_on_clothes/user9/1-1-1/predictions/Color_2025-05-31_18-26-44.316_00000184.json,1,2,,,ambiguous,multi_person_visual_decision_unavailable,False,
train__c05__user9__1-1-1,5,Put_on_clothes,user9,1-1-1,train,185,2025-05-31_18-26-44.416,2025-05-31_18-26-44.416_00000185,Skeleton/5_Put_on_clothes/user9/1-1-1/predictions/Color_2025-05-31_18-26-44.416_00000185.json,1,3,,,ambiguous,multi_person_visual_decision_unavailable,False,
train__c05__user9__1-1-1,5,Put_on_clothes,user9,1-1-1,train,186,2025-05-31_18-26-44.516,2025-05-31_18-26-44.516_00000186,Skeleton/5_Put_on_clothes/user9/1-1-1/predictions/Color_2025-05-31_18-26-44.516_00000186.json,1,2,,,ambiguous,multi_person_visual_decision_unavailable,False,
train__c05__user9__1-1-1,5,Put_on_clothes,user9,1-1-1,train,187,2025-05-31_18-26-44.616,2025-05-31_18-26-44.616_00000187,Skeleton/5_Put_on_clothes/user9/1-1-1/predictions/Color_2025-05-31_18-26-44.616_00000187.json,1,2,,,ambiguous,multi_person_visual_decision_unavailable,False,
train__c05__user9__1-1-1,5,Put_on_clothes,user9,1-1-1,train,191,2025-05-31_18-26-45.016,2025-05-31_18-26-45.016_00000191,Skeleton/5_Put_on_clothes/user9/1-1-1/predictions/Color_2025-05-31_18-26-45.016_00000191.json,1,2,,,ambiguous,multi_person_visual_decision_unavailable,False,
train__c05__user9__1-1-1,5,Put_on_clothes,user9,1-1-1,train,192,2025-05-31_18-26-45.116,2025-05-31_18-26-45.116_00000192,Skeleton/5_Put_on_clothes/user9/1-1-1/predictions/Color_2025-05-31_18-26-45.116_00000192.json,1,2,,,ambiguous,multi_person_visual_decision_unavailable,False,
train__c05__user9__1-1-1,5,Put_on_clothes,user9,1-1-1,train,197,2025-05-31_18-26-45.616,2025-05-31_18-26-45.616_00000197,Skeleton/5_Put_on_clothes/user9/1-1-1/predictions/Color_2025-05-31_18-26-45.616_00000197.json,1,2,,,ambiguous,multi_person_visual_decision_unavailable,False,
train__c05__user9__1-1-1,5,Put_on_clothes,user9,1-1-1,train,200,2025-05-31_18-26-45.916,2025-05-31_18-26-45.916_00000200,Skeleton/5_Put_on_clothes/user9/1-1-1/predictions/Color_2025-05-31_18-26-45.916_00000200.json,1,2,,,ambiguous,multi_person_visual_decision_unavailable,False,
train__c05__user9__1-1-1,5,Put_on_clothes,user9,1-1-1,train,201,2025-05-31_18-26-46.016,2025-05-31_18-26-46.016_00000201,Skeleton/5_Put_on_clothes/user9/1-1-1/predictions/Color_2025-05-31_18-26-46.016_00000201.json,1,2,,,ambiguous,multi_person_visual_decision_unavailable,False,
train__c05__user9__1-1-1,5,Put_on_clothes,user9,1-1-1,train,202,2025-05-31_18-26-46.116,2025-05-31_18-26-46.116_00000202,Skeleton/5_Put_on_clothes/user9/1-1-1/predictions/Color_2025-05-31_18-26-46.116_00000202.json,1,2,,,ambiguous,multi_person_visual_decision_unavailable,False,
train__c05__user9__1-1-1,5,Put_on_clothes,user9,1-1-1,train,203,2025-05-31_18-26-46.216,2025-05-31_18-26-46.216_00000203,Skeleton/5_Put_on_clothes/user9/1-1-1/predictions/Color_2025-05-31_18-26-46.216_00000203.json,1,2,,,ambiguous,multi_person_visual_decision_unavailable,False,
train__c05__user9__1-1-1,5,Put_on_clothes,user9,1-1-1,train,204,2025-05-31_18-26-46.316,2025-05-31_18-26-46.316_00000204,Skeleton/5_Put_on_clothes/user9/1-1-1/predictions/Color_2025-05-31_18-26-46.316_00000204.json,1,2,,,ambiguous,multi_person_visual_decision_unavailable,False,
train__c05__user9__1-1-1,5,Put_on_clothes,user9,1-1-1,train,205,2025-05-31_18-26-46.416,2025-05-31_18-26-46.416_00000205,Skeleton/5_Put_on_clothes/user9/1-1-1/predictions/Color_2025-05-31_18-26-46.416_00000205.json,1,2,,,ambiguous,multi_person_visual_decision_unavailable,False,
train__c05__user9__1-1-1,5,Put_on_clothes,user9,1-1-1,train,210,2025-05-31_18-26-46.916,2025-05-31_18-26-46.916_00000210,Skeleton/5_Put_on_clothes/user9/1-1-1/predictions/Color_2025-05-31_18-26-46.916_00000210.json,1,3,,,ambiguous,multi_person_visual_decision_unavailable,False,
train__c05__user9__1-1-1,5,Put_on_clothes,user9,1-1-1,train,218,2025-05-31_18-26-47.716,2025-05-31_18-26-47.716_00000218,Skeleton/5_Put_on_clothes/user9/1-1-1/predictions/Color_2025-05-31_18-26-47.716_00000218.json,1,2,,,ambiguous,multi_person_visual_decision_unavailable,False,
train__c05__user9__1-1-2,5,Put_on_clothes,user9,1-1-2,train,127,2025-05-31_18-28-07.616,2025-05-31_18-28-07.616_00000127,Skeleton/5_Put_on_clothes/user9/1-1-2/predictions/Color_2025-05-31_18-28-07.616_00000127.json,1,2,,,ambiguous,multi_person_visual_decision_unavailable,False,
train__c05__user9__1-1-2,5,Put_on_clothes,user9,1-1-2,train,129,2025-05-31_18-28-07.816,2025-05-31_18-28-07.816_00000129,Skeleton/5_Put_on_clothes/user9/1-1-2/predictions/Color_2025-05-31_18-28-07.816_00000129.json,1,2,,0.0998961892317185,ambiguous,multi_person_visual_margin_lt_20pct,False,
train__c05__user9__1-1-2,5,Put_on_clothes,user9,1-1-2,train,132,2025-05-31_18-28-08.116,2025-05-31_18-28-08.116_00000132,Skeleton/5_Put_on_clothes/user9/1-1-2/predictions/Color_2025-05-31_18-28-08.116_00000132.json,1,2,,,ambiguous,multi_person_visual_decision_unavailable,False,
train__c05__user9__1-1-2,5,Put_on_clothes,user9,1-1-2,train,133,2025-05-31_18-28-08.216,2025-05-31_18-28-08.216_00000133,Skeleton/5_Put_on_clothes/user9/1-1-2/predictions/Color_2025-05-31_18-28-08.216_00000133.json,1,2,,,ambiguous,multi_person_visual_decision_unavailable,False,
train__c05__user9__1-1-2,5,Put_on_clothes,user9,1-1-2,train,134,2025-05-31_18-28-08.316,2025-05-31_18-28-08.316_00000134,Skeleton/5_Put_on_clothes/user9/1-1-2/predictions/Color_2025-05-31_18-28-08.316_00000134.json,1,2,,,ambiguous,multi_person_visual_decision_unavailable,False,
train__c05__user9__1-1-2,5,Put_on_clothes,user9,1-1-2,train,135,2025-05-31_18-28-08.416,2025-05-31_18-28-08.416_00000135,Skeleton/5_Put_on_clothes/user9/1-1-2/predictions/Color_2025-05-31_18-28-08.416_00000135.json,1,2,,,ambiguous,multi_person_visual_decision_unavailable,False,
train__c05__user9__1-1-2,5,Put_on_clothes,user9,1-1-2,train,136,2025-05-31_18-28-08.516,2025-05-31_18-28-08.516_00000136,Skeleton/5_Put_on_clothes/user9/1-1-2/predictions/Color_2025-05-31_18-28-08.516_00000136.json,1,2,,,ambiguous,multi_person_visual_decision_unavailable,False,
train__c05__user9__1-1-2,5,Put_on_clothes,user9,1-1-2,train,137,2025-05-31_18-28-08.616,2025-05-31_18-28-08.616_00000137,Skeleton/5_Put_on_clothes/user9/1-1-2/predictions/Color_2025-05-31_18-28-08.616_00000137.json,1,3,,,ambiguous,multi_person_visual_decision_unavailable,False,
train__c05__user9__1-1-2,5,Put_on_clothes,user9,1-1-2,train,138,2025-05-31_18-28-08.716,2025-05-31_18-28-08.716_00000138,Skeleton/5_Put_on_clothes/user9/1-1-2/predictions/Color_2025-05-31_18-28-08.716_00000138.json,1,2,,,ambiguous,multi_person_visual_decision_unavailable,False,
train__c05__user9__1-1-2,5,Put_on_clothes,user9,1-1-2,train,139,2025-05-31_18-28-08.816,2025-05-31_18-28-08.816_00000139,Skeleton/5_Put_on_clothes/user9/1-1-2/predictions/Color_2025-05-31_18-28-08.816_00000139.json,1,2,,,ambiguous,multi_person_visual_decision_unavailable,False,
train__c05__user9__1-1-2,5,Put_on_clothes,user9,1-1-2,train,141,2025-05-31_18-28-09.016,2025-05-31_18-28-09.016_00000141,Skeleton/5_Put_on_clothes/user9/1-1-2/predictions/Color_2025-05-31_18-28-09.016_00000141.json,1,2,,,ambiguous,multi_person_visual_decision_unavailable,False,
train__c05__user9__1-1-2,5,Put_on_clothes,user9,1-1-2,train,143,2025-05-31_18-28-09.216,2025-05-31_18-28-09.216_00000143,Skeleton/5_Put_on_clothes/user9/1-1-2/predictions/Color_2025-05-31_18-28-09.216_00000143.json,1,2,,,ambiguous,multi_person_visual_decision_unavailable,False,
train__c05__user9__1-1-2,5,Put_on_clothes,user9,1-1-2,train,144,2025-05-31_18-28-09.316,2025-05-31_18-28-09.316_00000144,Skeleton/5_Put_on_clothes/user9/1-1-2/predictions/Color_2025-05-31_18-28-09.316_00000144.json,1,2,,,ambiguous,multi_person_visual_decision_unavailable,False,
train__c05__user9__1-1-2,5,Put_on_clothes,user9,1-1-2,train,146,2025-05-31_18-28-09.516,2025-05-31_18-28-09.516_00000146,Skeleton/5_Put_on_clothes/user9/1-1-2/predictions/Color_2025-05-31_18-28-09.516_00000146.json,1,3,,,ambiguous,multi_person_visual_decision_unavailable,False,
train__c05__user9__1-1-2,5,Put_on_clothes,user9,1-1-2,train,158,2025-05-31_18-28-10.716,2025-05-31_18-28-10.716_00000158,Skeleton/5_Put_on_clothes/user9/1-1-2/predictions/Color_2025-05-31_18-28-10.716_00000158.json,1,2,,,ambiguous,multi_person_visual_decision_unavailable,False,
train__c05__user9__1-1-3,5,Put_on_clothes,user9,1-1-3,train,176,2025-05-31_18-29-49.516,2025-05-31_18-29-49.516_00000176,Skeleton/5_Put_on_clothes/user9/1-1-3/predictions/Color_2025-05-31_18-29-49.516_00000176.json,1,2,,,ambiguous,multi_person_visual_decision_unavailable,False,
train__c05__user9__1-1-3,5,Put_on_clothes,user9,1-1-3,train,177,2025-05-31_18-29-49.616,2025-05-31_18-29-49.616_00000177,Skeleton/5_Put_on_clothes/user9/1-1-3/predictions/Color_2025-05-31_18-29-49.616_00000177.json,1,3,,,ambiguous,multi_person_visual_decision_unavailable,False,
train__c05__user9__1-1-3,5,Put_on_clothes,user9,1-1-3,train,178,2025-05-31_18-29-49.716,2025-05-31_18-29-49.716_00000178,Skeleton/5_Put_on_clothes/user9/1-1-3/predictions/Color_2025-05-31_18-29-49.716_00000178.json,1,3,,,ambiguous,multi_person_visual_decision_unavailable,False,
train__c05__user9__1-1-3,5,Put_on_clothes,user9,1-1-3,train,179,2025-05-31_18-29-49.816,2025-05-31_18-29-49.816_00000179,Skeleton/5_Put_on_clothes/user9/1-1-3/predictions/Color_2025-05-31_18-29-49.816_00000179.json,1,2,,,ambiguous,multi_person_visual_decision_unavailable,False,
train__c05__user9__1-1-3,5,Put_on_clothes,user9,1-1-3,train,180,2025-05-31_18-29-49.916,2025-05-31_18-29-49.916_00000180,Skeleton/5_Put_on_clothes/user9/1-1-3/predictions/Color_2025-05-31_18-29-49.916_00000180.json,1,2,,,ambiguous,multi_person_visual_decision_unavailable,False,
train__c05__user9__1-1-3,5,Put_on_clothes,user9,1-1-3,train,181,2025-05-31_18-29-50.016,2025-05-31_18-29-50.016_00000181,Skeleton/5_Put_on_clothes/user9/1-1-3/predictions/Color_2025-05-31_18-29-50.016_00000181.json,1,2,,,ambiguous,multi_person_visual_decision_unavailable,False,
train__c05__user9__1-1-3,5,Put_on_clothes,user9,1-1-3,train,182,2025-05-31_18-29-50.116,2025-05-31_18-29-50.116_00000182,Skeleton/5_Put_on_clothes/user9/1-1-3/predictions/Color_2025-05-31_18-29-50.116_00000182.json,1,2,,,ambiguous,multi_person_visual_decision_unavailable,False,
train__c05__user9__1-1-3,5,Put_on_clothes,user9,1-1-3,train,184,2025-05-31_18-29-50.316,2025-05-31_18-29-50.316_00000184,Skeleton/5_Put_on_clothes/user9/1-1-3/predictions/Color_2025-05-31_18-29-50.316_00000184.json,1,2,,,ambiguous,multi_person_visual_decision_unavailable,False,
train__c05__user9__1-1-3,5,Put_on_clothes,user9,1-1-3,train,193,2025-05-31_18-29-51.216,2025-05-31_18-29-51.216_00000193,Skeleton/5_Put_on_clothes/user9/1-1-3/predictions/Color_2025-05-31_18-29-51.216_00000193.json,1,3,,0.04997512167545,ambiguous,multi_person_visual_margin_lt_20pct,False,
train__c05__user9__1-1-3,5,Put_on_clothes,user9,1-1-3,train,195,2025-05-31_18-29-51.416,2025-05-31_18-29-51.416_00000195,Skeleton/5_Put_on_clothes/user9/1-1-3/predictions/Color_2025-05-31_18-29-51.416_00000195.json,1,3,,0.0845343210172953,ambiguous,multi_person_visual_margin_lt_20pct,False,
train__c05__user9__1-1-3,5,Put_on_clothes,user9,1-1-3,train,198,2025-05-31_18-29-51.716,2025-05-31_18-29-51.716_00000198,Skeleton/5_Put_on_clothes/user9/1-1-3/predictions/Color_2025-05-31_18-29-51.716_00000198.json,1,3,,0.1409283578654651,ambiguous,multi_person_visual_margin_lt_20pct,False,
train__c05__user9__1-1-3,5,Put_on_clothes,user9,1-1-3,train,203,2025-05-31_18-29-52.216,2025-05-31_18-29-52.216_00000203,Skeleton/5_Put_on_clothes/user9/1-1-3/predictions/Color_2025-05-31_18-29-52.216_00000203.json,1,2,,,ambiguous,multi_person_visual_decision_unavailable,False,
train__c05__user9__1-1-3,5,Put_on_clothes,user9,1-1-3,train,209,2025-05-31_18-29-52.816,2025-05-31_18-29-52.816_00000209,Skeleton/5_Put_on_clothes/user9/1-1-3/predictions/Color_2025-05-31_18-29-52.816_00000209.json,1,2,,,ambiguous,multi_person_visual_decision_unavailable,False,
train__c05__user17__1-1-1,5,Put_on_clothes,user17,1-1-1,validation,257,2025-06-10_10-58-32.616,2025-06-10_10-58-32.616_00000257,Skeleton/5_Put_on_clothes/user17/1-1-1/predictions/Color_2025-06-10_10-58-32.616_00000257.json,1,2,,,ambiguous,multi_person_visual_decision_unavailable,False,
train__c05__user17__1-1-1,5,Put_on_clothes,user17,1-1-1,validation,271,2025-06-10_10-58-34.016,2025-06-10_10-58-34.016_00000271,Skeleton/5_Put_on_clothes/user17/1-1-1/predictions/Color_2025-06-10_10-58-34.016_00000271.json,1,2,,,ambiguous,multi_person_visual_decision_unavailable,False,
train__c05__user17__1-1-1,5,Put_on_clothes,user17,1-1-1,validation,273,2025-06-10_10-58-34.216,2025-06-10_10-58-34.216_00000273,Skeleton/5_Put_on_clothes/user17/1-1-1/predictions/Color_2025-06-10_10-58-34.216_00000273.json,1,2,,,ambiguous,multi_person_visual_decision_unavailable,False,
train__c05__user17__1-1-1,5,Put_on_clothes,user17,1-1-1,validation,307,2025-06-10_10-58-37.616,2025-06-10_10-58-37.616_00000307,Skeleton/5_Put_on_clothes/user17/1-1-1/predictions/Color_2025-06-10_10-58-37.616_00000307.json,1,2,,,ambiguous,multi_person_visual_decision_unavailable,False,
train__c05__user17__1-1-3,5,Put_on_clothes,user17,1-1-3,validation,141,2025-06-10_11-01-21.016,2025-06-10_11-01-21.016_00000141,Skeleton/5_Put_on_clothes/user17/1-1-3/predictions/Color_2025-06-10_11-01-21.016_00000141.json,1,2,,,ambiguous,multi_person_visual_decision_unavailable,False,
train__c05__user17__1-1-3,5,Put_on_clothes,user17,1-1-3,validation,149,2025-06-10_11-01-21.816,2025-06-10_11-01-21.816_00000149,Skeleton/5_Put_on_clothes/user17/1-1-3/predictions/Color_2025-06-10_11-01-21.816_00000149.json,1,2,,,ambiguous,multi_person_visual_decision_unavailable,False,
train__c05__user17__1-1-3,5,Put_on_clothes,user17,1-1-3,validation,176,2025-06-10_11-01-24.516,2025-06-10_11-01-24.516_00000176,Skeleton/5_Put_on_clothes/user17/1-1-3/predictions/Color_2025-06-10_11-01-24.516_00000176.json,1,2,,,ambiguous,multi_person_visual_decision_unavailable,False,
train__c05__user17__6-1-2,5,Put_on_clothes,user17,6-1-2,validation,102,2025-06-09_17-30-41.116,2025-06-09_17-30-41.116_00000102,Skeleton/5_Put_on_clothes/user17/6-1-2/predictions/Color_2025-06-09_17-30-41.116_00000102.json,1,2,,,ambiguous,multi_person_visual_decision_unavailable,False,
train__c05__user17__6-1-2,5,Put_on_clothes,user17,6-1-2,validation,110,2025-06-09_17-30-41.916,2025-06-09_17-30-41.916_00000110,Skeleton/5_Put_on_clothes/user17/6-1-2/predictions/Color_2025-06-09_17-30-41.916_00000110.json,1,2,,,ambiguous,multi_person_visual_decision_unavailable,False,
train__c05__user18__6-1-1,5,Put_on_clothes,user18,6-1-1,train,117,2025-06-09_17-10-24.616,2025-06-09_17-10-24.616_00000117,Skeleton/5_Put_on_clothes/user18/6-1-1/predictions/Color_2025-06-09_17-10-24.616_00000117.json,1,2,,0.0401943694304561,ambiguous,multi_person_visual_margin_lt_20pct,False,
train__c05__user21__6-1-3,5,Put_on_clothes,user21,6-1-3,train,53,2025-06-13_16-59-24.216,2025-06-13_16-59-24.216_00000053,Skeleton/5_Put_on_clothes/user21/6-1-3/predictions/Color_2025-06-13_16-59-24.216_00000053.json,1,2,,0.0605813754041635,ambiguous,multi_person_visual_margin_lt_20pct,False,
train__c05__user21__6-1-3,5,Put_on_clothes,user21,6-1-3,train,54,2025-06-13_16-59-24.316,2025-06-13_16-59-24.316_00000054,Skeleton/5_Put_on_clothes/user21/6-1-3/predictions/Color_2025-06-13_16-59-24.316_00000054.json,1,2,,,ambiguous,multi_person_visual_decision_unavailable,False,
train__c05__user21__6-1-3,5,Put_on_clothes,user21,6-1-3,train,55,2025-06-13_16-59-24.416,2025-06-13_16-59-24.416_00000055,Skeleton/5_Put_on_clothes/user21/6-1-3/predictions/Color_2025-06-13_16-59-24.416_00000055.json,1,2,,,ambiguous,multi_person_visual_decision_unavailable,False,
train__c05__user21__6-1-3,5,Put_on_clothes,user21,6-1-3,train,56,2025-06-13_16-59-24.516,2025-06-13_16-59-24.516_00000056,Skeleton/5_Put_on_clothes/user21/6-1-3/predictions/Color_2025-06-13_16-59-24.516_00000056.json,1,3,,,ambiguous,multi_person_visual_decision_unavailable,False,
train__c05__user23__4-3-2,5,Put_on_clothes,user23,4-3-2,validation,79,2025-06-12_17-04-45.816,2025-06-12_17-04-45.816_00000079,Skeleton/5_Put_on_clothes/user23/4-3-2/predictions/Color_2025-06-12_17-04-45.816_00000079.json,1,2,,,ambiguous,multi_person_visual_decision_unavailable,False,
train__c05__user23__4-3-2,5,Put_on_clothes,user23,4-3-2,validation,80,2025-06-12_17-04-45.916,2025-06-12_17-04-45.916_00000080,Skeleton/5_Put_on_clothes/user23/4-3-2/predictions/Color_2025-06-12_17-04-45.916_00000080.json,1,2,,,ambiguous,multi_person_visual_decision_unavailable,False,
train__c05__user23__5-2-3,5,Put_on_clothes,user23,5-2-3,validation,93,2025-06-13_14-10-24.216,2025-06-13_14-10-24.216_00000093,Skeleton/5_Put_on_clothes/user23/5-2-3/predictions/Color_2025-06-13_14-10-24.216_00000093.json,1,2,,,ambiguous,multi_person_visual_decision_unavailable,False,
train__c07__user17__2-2-2,7,Eat_food,user17,2-2-2,validation,319,2025-06-09_11-47-20.816,2025-06-09_11-47-20.816_00000319,Skeleton/7_Eat_food/user17/2-2-2/predictions/Color_2025-06-09_11-47-20.816_00000319.json,1,2,,,ambiguous,multi_person_visual_decision_unavailable,False,
train__c07__user17__2-2-2,7,Eat_food,user17,2-2-2,validation,320,2025-06-09_11-47-20.916,2025-06-09_11-47-20.916_00000320,Skeleton/7_Eat_food/user17/2-2-2/predictions/Color_2025-06-09_11-47-20.916_00000320.json,1,2,,,ambiguous,multi_person_visual_decision_unavailable,False,
train__c08__user7__2-1-3,8,Take_and_use_tableware,user7,2-1-3,train,30,2025-06-01_13-12-31.916,2025-06-01_13-12-31.916_00000030,Skeleton/8_Take_and_use_tableware/user7/2-1-3/predictions/Color_2025-06-01_13-12-31.916_00000030.json,1,2,,,ambiguous,multi_person_visual_decision_unavailable,False,
train__c09__user1__2-1-1,9,Pour_drinks,user1,2-1-1,train,128,2025-06-12_15-06-31.716,2025-06-12_15-06-31.716_00000128,Skeleton/9_Pour_drinks/user1/2-1-1/predictions/Color_2025-06-12_15-06-31.716_00000128.json,2,2,,,ambiguous,multi_person_visual_decision_unavailable,False,
train__c09__user1__2-1-1,9,Pour_drinks,user1,2-1-1,train,129,2025-06-12_15-06-31.816,2025-06-12_15-06-31.816_00000129,Skeleton/9_Pour_drinks/user1/2-1-1/predictions/Color_2025-06-12_15-06-31.816_00000129.json,2,2,,,ambiguous,multi_person_visual_decision_unavailable,False,
train__c12__user3__6-2-3,12,Sweep_the_floor,user3,6-2-3,train,102,2025-06-11_16-53-30.116,2025-06-11_16-53-30.116_00000102,Skeleton/12_Sweep_the_floor/user3/6-2-3/predictions/Color_2025-06-11_16-53-30.116_00000102.json,1,2,,,ambiguous,multi_person_visual_decision_unavailable,False,
train__c12__user3__6-2-3,12,Sweep_the_floor,user3,6-2-3,train,113,2025-06-11_16-53-31.216,2025-06-11_16-53-31.216_00000113,Skeleton/12_Sweep_the_floor/user3/6-2-3/predictions/Color_2025-06-11_16-53-31.216_00000113.json,1,2,,,ambiguous,multi_person_visual_decision_unavailable,False,
train__c12__user3__6-2-3,12,Sweep_the_floor,user3,6-2-3,train,115,2025-06-11_16-53-31.416,2025-06-11_16-53-31.416_00000115,Skeleton/12_Sweep_the_floor/user3/6-2-3/predictions/Color_2025-06-11_16-53-31.416_00000115.json,1,2,,,ambiguous,multi_person_visual_decision_unavailable,False,
train__c12__user3__6-2-3,12,Sweep_the_floor,user3,6-2-3,train,116,2025-06-11_16-53-31.516,2025-06-11_16-53-31.516_00000116,Skeleton/12_Sweep_the_floor/user3/6-2-3/predictions/Color_2025-06-11_16-53-31.516_00000116.json,1,2,,,ambiguous,multi_person_visual_decision_unavailable,False,
train__c12__user3__6-2-3,12,Sweep_the_floor,user3,6-2-3,train,117,2025-06-11_16-53-31.616,2025-06-11_16-53-31.616_00000117,Skeleton/12_Sweep_the_floor/user3/6-2-3/predictions/Color_2025-06-11_16-53-31.616_00000117.json,1,2,,,ambiguous,multi_person_visual_decision_unavailable,False,
train__c12__user3__6-2-3,12,Sweep_the_floor,user3,6-2-3,train,118,2025-06-11_16-53-31.716,2025-06-11_16-53-31.716_00000118,Skeleton/12_Sweep_the_floor/user3/6-2-3/predictions/Color_2025-06-11_16-53-31.716_00000118.json,1,2,,,ambiguous,multi_person_visual_decision_unavailable,False,
train__c12__user3__6-2-3,12,Sweep_the_floor,user3,6-2-3,train,119,2025-06-11_16-53-31.816,2025-06-11_16-53-31.816_00000119,Skeleton/12_Sweep_the_floor/user3/6-2-3/predictions/Color_2025-06-11_16-53-31.816_00000119.json,1,2,,,ambiguous,multi_person_visual_decision_unavailable,False,
train__c12__user3__6-2-3,12,Sweep_the_floor,user3,6-2-3,train,120,2025-06-11_16-53-31.916,2025-06-11_16-53-31.916_00000120,Skeleton/12_Sweep_the_floor/user3/6-2-3/predictions/Color_2025-06-11_16-53-31.916_00000120.json,1,2,,,ambiguous,multi_person_visual_decision_unavailable,False,
train__c12__user3__6-2-3,12,Sweep_the_floor,user3,6-2-3,train,123,2025-06-11_16-53-32.216,2025-06-11_16-53-32.216_00000123,Skeleton/12_Sweep_the_floor/user3/6-2-3/predictions/Color_2025-06-11_16-53-32.216_00000123.json,1,2,,,ambiguous,multi_person_visual_decision_unavailable,False,
train__c12__user17__3-1-1,12,Sweep_the_floor,user17,3-1-1,validation,97,2025-06-09_11-50-54.616,2025-06-09_11-50-54.616_00000097,Skeleton/12_Sweep_the_floor/user17/3-1-1/predictions/Color_2025-06-09_11-50-54.616_00000097.json,1,2,,,ambiguous,multi_person_visual_decision_unavailable,False,
train__c12__user17__3-1-1,12,Sweep_the_floor,user17,3-1-1,validation,109,2025-06-09_11-50-55.816,2025-06-09_11-50-55.816_00000109,Skeleton/12_Sweep_the_floor/user17/3-1-1/predictions/Color_2025-06-09_11-50-55.816_00000109.json,1,2,,,ambiguous,multi_person_visual_decision_unavailable,False,
train__c12__user23__3-2-2,12,Sweep_the_floor,user23,3-2-2,validation,58,2025-06-12_10-09-49.716,2025-06-12_10-09-49.716_00000058,Skeleton/12_Sweep_the_floor/user23/3-2-2/predictions/Color_2025-06-12_10-09-49.716_00000058.json,1,2,,,ambiguous,multi_person_visual_decision_unavailable,False,
train__c12__user23__3-2-2,12,Sweep_the_floor,user23,3-2-2,validation,67,2025-06-12_10-09-50.616,2025-06-12_10-09-50.616_00000067,Skeleton/12_Sweep_the_floor/user23/3-2-2/predictions/Color_2025-06-12_10-09-50.616_00000067.json,1,2,,,ambiguous,multi_person_visual_decision_unavailable,False,
train__c12__user23__3-2-2,12,Sweep_the_floor,user23,3-2-2,validation,71,2025-06-12_10-09-51.016,2025-06-12_10-09-51.016_00000071,Skeleton/12_Sweep_the_floor/user23/3-2-2/predictions/Color_2025-06-12_10-09-51.016_00000071.json,1,2,,,ambiguous,multi_person_visual_decision_unavailable,False,
train__c13__user2__3-1-1,13,Mop_the_floor,user2,3-1-1,train,189,2025-06-12_15-13-26.816,2025-06-12_15-13-26.816_00000189,Skeleton/13_Mop_the_floor/user2/3-1-1/predictions/Color_2025-06-12_15-13-26.816_00000189.json,1,2,,,ambiguous,multi_person_visual_decision_unavailable,False,
train__c13__user2__3-1-1,13,Mop_the_floor,user2,3-1-1,train,191,2025-06-12_15-13-27.016,2025-06-12_15-13-27.016_00000191,Skeleton/13_Mop_the_floor/user2/3-1-1/predictions/Color_2025-06-12_15-13-27.016_00000191.json,1,2,,,ambiguous,multi_person_visual_decision_unavailable,False,
train__c13__user17__3-1-2,13,Mop_the_floor,user17,3-1-2,validation,131,2025-06-09_11-53-05.016,2025-06-09_11-53-05.016_00000131,Skeleton/13_Mop_the_floor/user17/3-1-2/predictions/Color_2025-06-09_11-53-05.016_00000131.json,1,2,,,ambiguous,multi_person_visual_decision_unavailable,False,
train__c15__user6__6-2-3,15,Wipe_windows_and_tables,user6,6-2-3,train,196,2025-06-01_12-55-51.516,2025-06-01_12-55-51.516_00000196,Skeleton/15_Wipe_windows_and_tables/user6/6-2-3/predictions/Color_2025-06-01_12-55-51.516_00000196.json,1,2,,0.1324260487855712,ambiguous,multi_person_visual_margin_lt_20pct,False,
train__c15__user23__3-1-1,15,Wipe_windows_and_tables,user23,3-1-1,validation,18,2025-06-12_16-46-48.716,2025-06-12_16-46-48.716_00000018,Skeleton/15_Wipe_windows_and_tables/user23/3-1-1/predictions/Color_2025-06-12_16-46-48.716_00000018.json,1,2,,,ambiguous,multi_person_visual_decision_unavailable,False,
train__c15__user23__3-1-1,15,Wipe_windows_and_tables,user23,3-1-1,validation,19,2025-06-12_16-46-48.816,2025-06-12_16-46-48.816_00000019,Skeleton/15_Wipe_windows_and_tables/user23/3-1-1/predictions/Color_2025-06-12_16-46-48.816_00000019.json,1,2,,,ambiguous,multi_person_visual_decision_unavailable,False,
train__c15__user23__3-1-1,15,Wipe_windows_and_tables,user23,3-1-1,validation,20,2025-06-12_16-46-48.916,2025-06-12_16-46-48.916_00000020,Skeleton/15_Wipe_windows_and_tables/user23/3-1-1/predictions/Color_2025-06-12_16-46-48.916_00000020.json,1,2,,,ambiguous,multi_person_visual_decision_unavailable,False,
train__c15__user23__3-1-1,15,Wipe_windows_and_tables,user23,3-1-1,validation,21,2025-06-12_16-46-49.016,2025-06-12_16-46-49.016_00000021,Skeleton/15_Wipe_windows_and_tables/user23/3-1-1/predictions/Color_2025-06-12_16-46-49.016_00000021.json,1,2,,,ambiguous,multi_person_visual_decision_unavailable,False,
train__c15__user23__3-1-1,15,Wipe_windows_and_tables,user23,3-1-1,validation,22,2025-06-12_16-46-49.116,2025-06-12_16-46-49.116_00000022,Skeleton/15_Wipe_windows_and_tables/user23/3-1-1/predictions/Color_2025-06-12_16-46-49.116_00000022.json,1,2,,,ambiguous,multi_person_visual_decision_unavailable,False,
train__c15__user23__3-1-1,15,Wipe_windows_and_tables,user23,3-1-1,validation,23,2025-06-12_16-46-49.216,2025-06-12_16-46-49.216_00000023,Skeleton/15_Wipe_windows_and_tables/user23/3-1-1/predictions/Color_2025-06-12_16-46-49.216_00000023.json,1,2,,,ambiguous,multi_person_visual_decision_unavailable,False,
train__c15__user23__3-1-1,15,Wipe_windows_and_tables,user23,3-1-1,validation,24,2025-06-12_16-46-49.316,2025-06-12_16-46-49.316_00000024,Skeleton/15_Wipe_windows_and_tables/user23/3-1-1/predictions/Color_2025-06-12_16-46-49.316_00000024.json,1,2,,,ambiguous,multi_person_visual_decision_unavailable,False,
train__c15__user23__3-1-1,15,Wipe_windows_and_tables,user23,3-1-1,validation,25,2025-06-12_16-46-49.416,2025-06-12_16-46-49.416_00000025,Skeleton/15_Wipe_windows_and_tables/user23/3-1-1/predictions/Color_2025-06-12_16-46-49.416_00000025.json,1,2,,,ambiguous,multi_person_visual_decision_unavailable,False,
train__c15__user23__3-1-1,15,Wipe_windows_and_tables,user23,3-1-1,validation,26,2025-06-12_16-46-49.516,2025-06-12_16-46-49.516_00000026,Skeleton/15_Wipe_windows_and_tables/user23/3-1-1/predictions/Color_2025-06-12_16-46-49.516_00000026.json,1,2,,,ambiguous,multi_person_visual_decision_unavailable,False,
train__c15__user23__3-1-1,15,Wipe_windows_and_tables,user23,3-1-1,validation,27,2025-06-12_16-46-49.616,2025-06-12_16-46-49.616_00000027,Skeleton/15_Wipe_windows_and_tables/user23/3-1-1/predictions/Color_2025-06-12_16-46-49.616_00000027.json,1,2,,,ambiguous,multi_person_visual_decision_unavailable,False,
train__c15__user23__3-1-1,15,Wipe_windows_and_tables,user23,3-1-1,validation,28,2025-06-12_16-46-49.716,2025-06-12_16-46-49.716_00000028,Skeleton/15_Wipe_windows_and_tables/user23/3-1-1/predictions/Color_2025-06-12_16-46-49.716_00000028.json,1,2,,,ambiguous,multi_person_visual_decision_unavailable,False,
train__c15__user23__3-1-1,15,Wipe_windows_and_tables,user23,3-1-1,validation,29,2025-06-12_16-46-49.816,2025-06-12_16-46-49.816_00000029,Skeleton/15_Wipe_windows_and_tables/user23/3-1-1/predictions/Color_2025-06-12_16-46-49.816_00000029.json,1,2,,,ambiguous,multi_person_visual_decision_unavailable,False,
train__c15__user23__3-1-1,15,Wipe_windows_and_tables,user23,3-1-1,validation,30,2025-06-12_16-46-49.916,2025-06-12_16-46-49.916_00000030,Skeleton/15_Wipe_windows_and_tables/user23/3-1-1/predictions/Color_2025-06-12_16-46-49.916_00000030.json,1,2,,,ambiguous,multi_person_visual_decision_unavailable,False,
train__c15__user23__3-1-1,15,Wipe_windows_and_tables,user23,3-1-1,validation,31,2025-06-12_16-46-50.016,2025-06-12_16-46-50.016_00000031,Skeleton/15_Wipe_windows_and_tables/user23/3-1-1/predictions/Color_2025-06-12_16-46-50.016_00000031.json,1,2,,,ambiguous,multi_person_visual_decision_unavailable,False,
train__c15__user23__3-1-2,15,Wipe_windows_and_tables,user23,3-1-2,validation,10,2025-06-12_16-48-00.916,2025-06-12_16-48-00.916_00000010,Skeleton/15_Wipe_windows_and_tables/user23/3-1-2/predictions/Color_2025-06-12_16-48-00.916_00000010.json,1,2,,,ambiguous,multi_person_visual_decision_unavailable,False,
train__c15__user23__3-1-2,15,Wipe_windows_and_tables,user23,3-1-2,validation,11,2025-06-12_16-48-01.016,2025-06-12_16-48-01.016_00000011,Skeleton/15_Wipe_windows_and_tables/user23/3-1-2/predictions/Color_2025-06-12_16-48-01.016_00000011.json,1,2,,,ambiguous,multi_person_visual_decision_unavailable,False,
train__c15__user23__3-1-2,15,Wipe_windows_and_tables,user23,3-1-2,validation,12,2025-06-12_16-48-01.116,2025-06-12_16-48-01.116_00000012,Skeleton/15_Wipe_windows_and_tables/user23/3-1-2/predictions/Color_2025-06-12_16-48-01.116_00000012.json,1,2,,,ambiguous,multi_person_visual_decision_unavailable,False,
train__c15__user23__3-1-2,15,Wipe_windows_and_tables,user23,3-1-2,validation,13,2025-06-12_16-48-01.216,2025-06-12_16-48-01.216_00000013,Skeleton/15_Wipe_windows_and_tables/user23/3-1-2/predictions/Color_2025-06-12_16-48-01.216_00000013.json,1,2,,,ambiguous,multi_person_visual_decision_unavailable,False,
train__c15__user23__3-1-2,15,Wipe_windows_and_tables,user23,3-1-2,validation,14,2025-06-12_16-48-01.316,2025-06-12_16-48-01.316_00000014,Skeleton/15_Wipe_windows_and_tables/user23/3-1-2/predictions/Color_2025-06-12_16-48-01.316_00000014.json,1,2,,,ambiguous,multi_person_visual_decision_unavailable,False,
train__c15__user23__3-1-2,15,Wipe_windows_and_tables,user23,3-1-2,validation,15,2025-06-12_16-48-01.416,2025-06-12_16-48-01.416_00000015,Skeleton/15_Wipe_windows_and_tables/user23/3-1-2/predictions/Color_2025-06-12_16-48-01.416_00000015.json,1,2,,,ambiguous,multi_person_visual_decision_unavailable,False,
train__c15__user23__3-1-2,15,Wipe_windows_and_tables,user23,3-1-2,validation,16,2025-06-12_16-48-01.516,2025-06-12_16-48-01.516_00000016,Skeleton/15_Wipe_windows_and_tables/user23/3-1-2/predictions/Color_2025-06-12_16-48-01.516_00000016.json,1,2,,,ambiguous,multi_person_visual_decision_unavailable,False,
train__c15__user23__3-1-2,15,Wipe_windows_and_tables,user23,3-1-2,validation,17,2025-06-12_16-48-01.616,2025-06-12_16-48-01.616_00000017,Skeleton/15_Wipe_windows_and_tables/user23/3-1-2/predictions/Color_2025-06-12_16-48-01.616_00000017.json,1,2,,,ambiguous,multi_person_visual_decision_unavailable,False,
train__c15__user23__3-1-2,15,Wipe_windows_and_tables,user23,3-1-2,validation,18,2025-06-12_16-48-01.716,2025-06-12_16-48-01.716_00000018,Skeleton/15_Wipe_windows_and_tables/user23/3-1-2/predictions/Color_2025-06-12_16-48-01.716_00000018.json,1,2,,,ambiguous,multi_person_visual_decision_unavailable,False,
train__c15__user23__3-1-3,15,Wipe_windows_and_tables,user23,3-1-3,validation,30,2025-06-13_12-03-32.916,2025-06-13_12-03-32.916_00000030,Skeleton/15_Wipe_windows_and_tables/user23/3-1-3/predictions/Color_2025-06-13_12-03-32.916_00000030.json,1,2,,,ambiguous,multi_person_visual_decision_unavailable,False,
train__c15__user23__3-1-3,15,Wipe_windows_and_tables,user23,3-1-3,validation,31,2025-06-13_12-03-33.016,2025-06-13_12-03-33.016_00000031,Skeleton/15_Wipe_windows_and_tables/user23/3-1-3/predictions/Color_2025-06-13_12-03-33.016_00000031.json,1,2,,,ambiguous,multi_person_visual_decision_unavailable,False,
train__c15__user23__3-1-3,15,Wipe_windows_and_tables,user23,3-1-3,validation,32,2025-06-13_12-03-33.116,2025-06-13_12-03-33.116_00000032,Skeleton/15_Wipe_windows_and_tables/user23/3-1-3/predictions/Color_2025-06-13_12-03-33.116_00000032.json,1,2,,,ambiguous,multi_person_visual_decision_unavailable,False,
train__c15__user23__3-1-3,15,Wipe_windows_and_tables,user23,3-1-3,validation,33,2025-06-13_12-03-33.216,2025-06-13_12-03-33.216_00000033,Skeleton/15_Wipe_windows_and_tables/user23/3-1-3/predictions/Color_2025-06-13_12-03-33.216_00000033.json,1,2,,,ambiguous,multi_person_visual_decision_unavailable,False,
train__c15__user23__3-1-3,15,Wipe_windows_and_tables,user23,3-1-3,validation,34,2025-06-13_12-03-33.316,2025-06-13_12-03-33.316_00000034,Skeleton/15_Wipe_windows_and_tables/user23/3-1-3/predictions/Color_2025-06-13_12-03-33.316_00000034.json,1,2,,,ambiguous,multi_person_visual_decision_unavailable,False,
train__c15__user23__3-1-3,15,Wipe_windows_and_tables,user23,3-1-3,validation,35,2025-06-13_12-03-33.416,2025-06-13_12-03-33.416_00000035,Skeleton/15_Wipe_windows_and_tables/user23/3-1-3/predictions/Color_2025-06-13_12-03-33.416_00000035.json,1,2,,,ambiguous,multi_person_visual_decision_unavailable,False,
train__c15__user23__3-1-3,15,Wipe_windows_and_tables,user23,3-1-3,validation,36,2025-06-13_12-03-33.516,2025-06-13_12-03-33.516_00000036,Skeleton/15_Wipe_windows_and_tables/user23/3-1-3/predictions/Color_2025-06-13_12-03-33.516_00000036.json,1,2,,,ambiguous,multi_person_visual_decision_unavailable,False,
train__c15__user23__3-1-3,15,Wipe_windows_and_tables,user23,3-1-3,validation,37,2025-06-13_12-03-33.616,2025-06-13_12-03-33.616_00000037,Skeleton/15_Wipe_windows_and_tables/user23/3-1-3/predictions/Color_2025-06-13_12-03-33.616_00000037.json,1,2,,,ambiguous,multi_person_visual_decision_unavailable,False,
train__c15__user23__3-1-3,15,Wipe_windows_and_tables,user23,3-1-3,validation,40,2025-06-13_12-03-33.916,2025-06-13_12-03-33.916_00000040,Skeleton/15_Wipe_windows_and_tables/user23/3-1-3/predictions/Color_2025-06-13_12-03-33.916_00000040.json,1,2,,,ambiguous,multi_person_visual_decision_unavailable,False,
train__c15__user23__3-1-3,15,Wipe_windows_and_tables,user23,3-1-3,validation,111,2025-06-13_12-03-41.016,2025-06-13_12-03-41.016_00000111,Skeleton/15_Wipe_windows_and_tables/user23/3-1-3/predictions/Color_2025-06-13_12-03-41.016_00000111.json,1,2,,,ambiguous,multi_person_visual_decision_unavailable,False,
train__c15__user23__3-1-3,15,Wipe_windows_and_tables,user23,3-1-3,validation,123,2025-06-13_12-03-42.216,2025-06-13_12-03-42.216_00000123,Skeleton/15_Wipe_windows_and_tables/user23/3-1-3/predictions/Color_2025-06-13_12-03-42.216_00000123.json,1,2,,,ambiguous,multi_person_visual_decision_unavailable,False,
train__c15__user23__3-1-3,15,Wipe_windows_and_tables,user23,3-1-3,validation,125,2025-06-13_12-03-42.416,2025-06-13_12-03-42.416_00000125,Skeleton/15_Wipe_windows_and_tables/user23/3-1-3/predictions/Color_2025-06-13_12-03-42.416_00000125.json,1,2,,,ambiguous,multi_person_visual_decision_unavailable,False,
train__c15__user23__3-1-3,15,Wipe_windows_and_tables,user23,3-1-3,validation,126,2025-06-13_12-03-42.516,2025-06-13_12-03-42.516_00000126,Skeleton/15_Wipe_windows_and_tables/user23/3-1-3/predictions/Color_2025-06-13_12-03-42.516_00000126.json,1,2,,,ambiguous,multi_person_visual_decision_unavailable,False,
train__c15__user23__3-1-3,15,Wipe_windows_and_tables,user23,3-1-3,validation,127,2025-06-13_12-03-42.616,2025-06-13_12-03-42.616_00000127,Skeleton/15_Wipe_windows_and_tables/user23/3-1-3/predictions/Color_2025-06-13_12-03-42.616_00000127.json,1,2,,,ambiguous,multi_person_visual_decision_unavailable,False,
train__c15__user23__3-1-3,15,Wipe_windows_and_tables,user23,3-1-3,validation,128,2025-06-13_12-03-42.716,2025-06-13_12-03-42.716_00000128,Skeleton/15_Wipe_windows_and_tables/user23/3-1-3/predictions/Color_2025-06-13_12-03-42.716_00000128.json,1,2,,,ambiguous,multi_person_visual_decision_unavailable,False,
train__c15__user23__3-1-3,15,Wipe_windows_and_tables,user23,3-1-3,validation,129,2025-06-13_12-03-42.816,2025-06-13_12-03-42.816_00000129,Skeleton/15_Wipe_windows_and_tables/user23/3-1-3/predictions/Color_2025-06-13_12-03-42.816_00000129.json,1,2,,,ambiguous,multi_person_visual_decision_unavailable,False,
train__c15__user23__3-1-3,15,Wipe_windows_and_tables,user23,3-1-3,validation,130,2025-06-13_12-03-42.916,2025-06-13_12-03-42.916_00000130,Skeleton/15_Wipe_windows_and_tables/user23/3-1-3/predictions/Color_2025-06-13_12-03-42.916_00000130.json,1,2,,,ambiguous,multi_person_visual_decision_unavailable,False,
train__c16__user2__1-1-1,16,Fold_clothes,user2,1-1-1,train,155,2025-06-13_12-21-27.416,2025-06-13_12-21-27.416_00000155,Skeleton/16_Fold_clothes/user2/1-1-1/predictions/Color_2025-06-13_12-21-27.416_00000155.json,1,2,,,ambiguous,multi_person_visual_decision_unavailable,False,
train__c16__user2__1-1-1,16,Fold_clothes,user2,1-1-1,train,156,2025-06-13_12-21-27.516,2025-06-13_12-21-27.516_00000156,Skeleton/16_Fold_clothes/user2/1-1-1/predictions/Color_2025-06-13_12-21-27.516_00000156.json,1,2,,,ambiguous,multi_person_visual_decision_unavailable,False,
train__c16__user2__1-1-1,16,Fold_clothes,user2,1-1-1,train,157,2025-06-13_12-21-27.616,2025-06-13_12-21-27.616_00000157,Skeleton/16_Fold_clothes/user2/1-1-1/predictions/Color_2025-06-13_12-21-27.616_00000157.json,1,2,,,ambiguous,multi_person_visual_decision_unavailable,False,
train__c16__user2__1-1-1,16,Fold_clothes,user2,1-1-1,train,158,2025-06-13_12-21-27.716,2025-06-13_12-21-27.716_00000158,Skeleton/16_Fold_clothes/user2/1-1-1/predictions/Color_2025-06-13_12-21-27.716_00000158.json,1,2,,,ambiguous,multi_person_visual_decision_unavailable,False,
train__c16__user2__1-1-1,16,Fold_clothes,user2,1-1-1,train,159,2025-06-13_12-21-27.816,2025-06-13_12-21-27.816_00000159,Skeleton/16_Fold_clothes/user2/1-1-1/predictions/Color_2025-06-13_12-21-27.816_00000159.json,1,2,,,ambiguous,multi_person_visual_decision_unavailable,False,
train__c16__user2__1-1-1,16,Fold_clothes,user2,1-1-1,train,160,2025-06-13_12-21-27.916,2025-06-13_12-21-27.916_00000160,Skeleton/16_Fold_clothes/user2/1-1-1/predictions/Color_2025-06-13_12-21-27.916_00000160.json,1,2,,,ambiguous,multi_person_visual_decision_unavailable,False,
train__c16__user2__1-1-1,16,Fold_clothes,user2,1-1-1,train,161,2025-06-13_12-21-28.016,2025-06-13_12-21-28.016_00000161,Skeleton/16_Fold_clothes/user2/1-1-1/predictions/Color_2025-06-13_12-21-28.016_00000161.json,1,2,,,ambiguous,multi_person_visual_decision_unavailable,False,
train__c16__user2__1-1-1,16,Fold_clothes,user2,1-1-1,train,169,2025-06-13_12-21-28.816,2025-06-13_12-21-28.816_00000169,Skeleton/16_Fold_clothes/user2/1-1-1/predictions/Color_2025-06-13_12-21-28.816_00000169.json,1,2,,,ambiguous,multi_person_visual_decision_unavailable,False,
train__c16__user2__1-1-1,16,Fold_clothes,user2,1-1-1,train,170,2025-06-13_12-21-28.916,2025-06-13_12-21-28.916_00000170,Skeleton/16_Fold_clothes/user2/1-1-1/predictions/Color_2025-06-13_12-21-28.916_00000170.json,1,2,,,ambiguous,multi_person_visual_decision_unavailable,False,
train__c16__user2__1-1-1,16,Fold_clothes,user2,1-1-1,train,171,2025-06-13_12-21-29.016,2025-06-13_12-21-29.016_00000171,Skeleton/16_Fold_clothes/user2/1-1-1/predictions/Color_2025-06-13_12-21-29.016_00000171.json,1,2,,,ambiguous,multi_person_visual_decision_unavailable,False,
train__c16__user2__1-1-1,16,Fold_clothes,user2,1-1-1,train,172,2025-06-13_12-21-29.116,2025-06-13_12-21-29.116_00000172,Skeleton/16_Fold_clothes/user2/1-1-1/predictions/Color_2025-06-13_12-21-29.116_00000172.json,1,2,,,ambiguous,multi_person_visual_decision_unavailable,False,
train__c16__user2__1-1-1,16,Fold_clothes,user2,1-1-1,train,173,2025-06-13_12-21-29.216,2025-06-13_12-21-29.216_00000173,Skeleton/16_Fold_clothes/user2/1-1-1/predictions/Color_2025-06-13_12-21-29.216_00000173.json,1,2,,,ambiguous,multi_person_visual_decision_unavailable,False,
train__c16__user2__1-1-1,16,Fold_clothes,user2,1-1-1,train,174,2025-06-13_12-21-29.316,2025-06-13_12-21-29.316_00000174,Skeleton/16_Fold_clothes/user2/1-1-1/predictions/Color_2025-06-13_12-21-29.316_00000174.json,1,2,,,ambiguous,multi_person_visual_decision_unavailable,False,
train__c16__user2__1-1-1,16,Fold_clothes,user2,1-1-1,train,175,2025-06-13_12-21-29.416,2025-06-13_12-21-29.416_00000175,Skeleton/16_Fold_clothes/user2/1-1-1/predictions/Color_2025-06-13_12-21-29.416_00000175.json,1,2,,,ambiguous,multi_person_visual_decision_unavailable,False,
train__c16__user2__1-1-1,16,Fold_clothes,user2,1-1-1,train,176,2025-06-13_12-21-29.516,2025-06-13_12-21-29.516_00000176,Skeleton/16_Fold_clothes/user2/1-1-1/predictions/Color_2025-06-13_12-21-29.516_00000176.json,1,2,,,ambiguous,multi_person_visual_decision_unavailable,False,
train__c16__user2__1-1-1,16,Fold_clothes,user2,1-1-1,train,177,2025-06-13_12-21-29.616,2025-06-13_12-21-29.616_00000177,Skeleton/16_Fold_clothes/user2/1-1-1/predictions/Color_2025-06-13_12-21-29.616_00000177.json,1,2,,,ambiguous,multi_person_visual_decision_unavailable,False,
train__c16__user2__1-1-1,16,Fold_clothes,user2,1-1-1,train,178,2025-06-13_12-21-29.716,2025-06-13_12-21-29.716_00000178,Skeleton/16_Fold_clothes/user2/1-1-1/predictions/Color_2025-06-13_12-21-29.716_00000178.json,1,2,,,ambiguous,multi_person_visual_decision_unavailable,False,
train__c16__user2__1-1-1,16,Fold_clothes,user2,1-1-1,train,179,2025-06-13_12-21-29.816,2025-06-13_12-21-29.816_00000179,Skeleton/16_Fold_clothes/user2/1-1-1/predictions/Color_2025-06-13_12-21-29.816_00000179.json,1,2,,,ambiguous,multi_person_visual_decision_unavailable,False,
train__c16__user2__1-1-1,16,Fold_clothes,user2,1-1-1,train,180,2025-06-13_12-21-29.916,2025-06-13_12-21-29.916_00000180,Skeleton/16_Fold_clothes/user2/1-1-1/predictions/Color_2025-06-13_12-21-29.916_00000180.json,1,2,,,ambiguous,multi_person_visual_decision_unavailable,False,
train__c16__user2__1-1-1,16,Fold_clothes,user2,1-1-1,train,181,2025-06-13_12-21-30.016,2025-06-13_12-21-30.016_00000181,Skeleton/16_Fold_clothes/user2/1-1-1/predictions/Color_2025-06-13_12-21-30.016_00000181.json,1,2,,,ambiguous,multi_person_visual_decision_unavailable,False,
train__c16__user2__1-1-1,16,Fold_clothes,user2,1-1-1,train,182,2025-06-13_12-21-30.116,2025-06-13_12-21-30.116_00000182,Skeleton/16_Fold_clothes/user2/1-1-1/predictions/Color_2025-06-13_12-21-30.116_00000182.json,1,2,,,ambiguous,multi_person_visual_decision_unavailable,False,
train__c16__user2__1-1-1,16,Fold_clothes,user2,1-1-1,train,183,2025-06-13_12-21-30.216,2025-06-13_12-21-30.216_00000183,Skeleton/16_Fold_clothes/user2/1-1-1/predictions/Color_2025-06-13_12-21-30.216_00000183.json,1,2,,,ambiguous,multi_person_visual_decision_unavailable,False,
train__c16__user2__1-1-1,16,Fold_clothes,user2,1-1-1,train,184,2025-06-13_12-21-30.316,2025-06-13_12-21-30.316_00000184,Skeleton/16_Fold_clothes/user2/1-1-1/predictions/Color_2025-06-13_12-21-30.316_00000184.json,1,2,,,ambiguous,multi_person_visual_decision_unavailable,False,
train__c16__user2__1-1-1,16,Fold_clothes,user2,1-1-1,train,185,2025-06-13_12-21-30.416,2025-06-13_12-21-30.416_00000185,Skeleton/16_Fold_clothes/user2/1-1-1/predictions/Color_2025-06-13_12-21-30.416_00000185.json,1,2,,,ambiguous,multi_person_visual_decision_unavailable,False,
train__c16__user2__1-1-1,16,Fold_clothes,user2,1-1-1,train,186,2025-06-13_12-21-30.516,2025-06-13_12-21-30.516_00000186,Skeleton/16_Fold_clothes/user2/1-1-1/predictions/Color_2025-06-13_12-21-30.516_00000186.json,1,2,,,ambiguous,multi_person_visual_decision_unavailable,False,
train__c16__user2__1-1-1,16,Fold_clothes,user2,1-1-1,train,187,2025-06-13_12-21-30.616,2025-06-13_12-21-30.616_00000187,Skeleton/16_Fold_clothes/user2/1-1-1/predictions/Color_2025-06-13_12-21-30.616_00000187.json,1,2,,,ambiguous,multi_person_visual_decision_unavailable,False,
train__c16__user2__1-1-2,16,Fold_clothes,user2,1-1-2,train,59,2025-06-13_12-25-38.816,2025-06-13_12-25-38.816_00000059,Skeleton/16_Fold_clothes/user2/1-1-2/predictions/Color_2025-06-13_12-25-38.816_00000059.json,1,2,,,ambiguous,multi_person_visual_decision_unavailable,False,
train__c16__user2__1-1-2,16,Fold_clothes,user2,1-1-2,train,108,2025-06-13_12-25-43.716,2025-06-13_12-25-43.716_00000108,Skeleton/16_Fold_clothes/user2/1-1-2/predictions/Color_2025-06-13_12-25-43.716_00000108.json,1,2,,,ambiguous,multi_person_visual_decision_unavailable,False,
train__c16__user2__1-1-2,16,Fold_clothes,user2,1-1-2,train,109,2025-06-13_12-25-43.816,2025-06-13_12-25-43.816_00000109,Skeleton/16_Fold_clothes/user2/1-1-2/predictions/Color_2025-06-13_12-25-43.816_00000109.json,1,2,,,ambiguous,multi_person_visual_decision_unavailable,False,
train__c16__user2__1-1-2,16,Fold_clothes,user2,1-1-2,train,110,2025-06-13_12-25-43.916,2025-06-13_12-25-43.916_00000110,Skeleton/16_Fold_clothes/user2/1-1-2/predictions/Color_2025-06-13_12-25-43.916_00000110.json,1,2,,,ambiguous,multi_person_visual_decision_unavailable,False,
train__c16__user2__1-1-2,16,Fold_clothes,user2,1-1-2,train,111,2025-06-13_12-25-44.016,2025-06-13_12-25-44.016_00000111,Skeleton/16_Fold_clothes/user2/1-1-2/predictions/Color_2025-06-13_12-25-44.016_00000111.json,1,2,,,ambiguous,multi_person_visual_decision_unavailable,False,
train__c16__user2__1-1-2,16,Fold_clothes,user2,1-1-2,train,112,2025-06-13_12-25-44.116,2025-06-13_12-25-44.116_00000112,Skeleton/16_Fold_clothes/user2/1-1-2/predictions/Color_2025-06-13_12-25-44.116_00000112.json,1,2,,,ambiguous,multi_person_visual_decision_unavailable,False,
train__c16__user2__1-1-2,16,Fold_clothes,user2,1-1-2,train,113,2025-06-13_12-25-44.216,2025-06-13_12-25-44.216_00000113,Skeleton/16_Fold_clothes/user2/1-1-2/predictions/Color_2025-06-13_12-25-44.216_00000113.json,1,2,,,ambiguous,multi_person_visual_decision_unavailable,False,
train__c16__user2__1-1-2,16,Fold_clothes,user2,1-1-2,train,114,2025-06-13_12-25-44.316,2025-06-13_12-25-44.316_00000114,Skeleton/16_Fold_clothes/user2/1-1-2/predictions/Color_2025-06-13_12-25-44.316_00000114.json,1,2,,,ambiguous,multi_person_visual_decision_unavailable,False,
train__c16__user2__1-1-2,16,Fold_clothes,user2,1-1-2,train,115,2025-06-13_12-25-44.416,2025-06-13_12-25-44.416_00000115,Skeleton/16_Fold_clothes/user2/1-1-2/predictions/Color_2025-06-13_12-25-44.416_00000115.json,1,2,,,ambiguous,multi_person_visual_decision_unavailable,False,
train__c16__user2__1-1-2,16,Fold_clothes,user2,1-1-2,train,116,2025-06-13_12-25-44.516,2025-06-13_12-25-44.516_00000116,Skeleton/16_Fold_clothes/user2/1-1-2/predictions/Color_2025-06-13_12-25-44.516_00000116.json,1,2,,,ambiguous,multi_person_visual_decision_unavailable,False,
train__c16__user2__1-1-2,16,Fold_clothes,user2,1-1-2,train,117,2025-06-13_12-25-44.616,2025-06-13_12-25-44.616_00000117,Skeleton/16_Fold_clothes/user2/1-1-2/predictions/Color_2025-06-13_12-25-44.616_00000117.json,1,2,,,ambiguous,multi_person_visual_decision_unavailable,False,
train__c16__user2__1-1-2,16,Fold_clothes,user2,1-1-2,train,118,2025-06-13_12-25-44.716,2025-06-13_12-25-44.716_00000118,Skeleton/16_Fold_clothes/user2/1-1-2/predictions/Color_2025-06-13_12-25-44.716_00000118.json,1,2,,,ambiguous,multi_person_visual_decision_unavailable,False,
train__c16__user2__1-1-2,16,Fold_clothes,user2,1-1-2,train,119,2025-06-13_12-25-44.816,2025-06-13_12-25-44.816_00000119,Skeleton/16_Fold_clothes/user2/1-1-2/predictions/Color_2025-06-13_12-25-44.816_00000119.json,1,2,,,ambiguous,multi_person_visual_decision_unavailable,False,
train__c16__user2__1-1-2,16,Fold_clothes,user2,1-1-2,train,129,2025-06-13_12-25-45.816,2025-06-13_12-25-45.816_00000129,Skeleton/16_Fold_clothes/user2/1-1-2/predictions/Color_2025-06-13_12-25-45.816_00000129.json,1,2,,,ambiguous,multi_person_visual_decision_unavailable,False,
train__c16__user2__1-1-2,16,Fold_clothes,user2,1-1-2,train,130,2025-06-13_12-25-45.916,2025-06-13_12-25-45.916_00000130,Skeleton/16_Fold_clothes/user2/1-1-2/predictions/Color_2025-06-13_12-25-45.916_00000130.json,1,2,,,ambiguous,multi_person_visual_decision_unavailable,False,
train__c16__user2__1-1-2,16,Fold_clothes,user2,1-1-2,train,131,2025-06-13_12-25-46.016,2025-06-13_12-25-46.016_00000131,Skeleton/16_Fold_clothes/user2/1-1-2/predictions/Color_2025-06-13_12-25-46.016_00000131.json,1,2,,,ambiguous,multi_person_visual_decision_unavailable,False,
train__c16__user2__1-1-2,16,Fold_clothes,user2,1-1-2,train,132,2025-06-13_12-25-46.116,2025-06-13_12-25-46.116_00000132,Skeleton/16_Fold_clothes/user2/1-1-2/predictions/Color_2025-06-13_12-25-46.116_00000132.json,1,2,,,ambiguous,multi_person_visual_decision_unavailable,False,
train__c16__user2__1-1-2,16,Fold_clothes,user2,1-1-2,train,133,2025-06-13_12-25-46.216,2025-06-13_12-25-46.216_00000133,Skeleton/16_Fold_clothes/user2/1-1-2/predictions/Color_2025-06-13_12-25-46.216_00000133.json,1,2,,,ambiguous,multi_person_visual_decision_unavailable,False,
train__c16__user2__1-1-3,16,Fold_clothes,user2,1-1-3,train,32,2025-06-13_12-27-03.116,2025-06-13_12-27-03.116_00000032,Skeleton/16_Fold_clothes/user2/1-1-3/predictions/Color_2025-06-13_12-27-03.116_00000032.json,1,2,,,ambiguous,multi_person_visual_decision_unavailable,False,
train__c16__user2__1-1-3,16,Fold_clothes,user2,1-1-3,train,54,2025-06-13_12-27-05.316,2025-06-13_12-27-05.316_00000054,Skeleton/16_Fold_clothes/user2/1-1-3/predictions/Color_2025-06-13_12-27-05.316_00000054.json,1,2,,,ambiguous,multi_person_visual_decision_unavailable,False,
train__c16__user2__1-1-3,16,Fold_clothes,user2,1-1-3,train,55,2025-06-13_12-27-05.416,2025-06-13_12-27-05.416_00000055,Skeleton/16_Fold_clothes/user2/1-1-3/predictions/Color_2025-06-13_12-27-05.416_00000055.json,1,2,,,ambiguous,multi_person_visual_decision_unavailable,False,
train__c16__user2__1-1-3,16,Fold_clothes,user2,1-1-3,train,56,2025-06-13_12-27-05.516,2025-06-13_12-27-05.516_00000056,Skeleton/16_Fold_clothes/user2/1-1-3/predictions/Color_2025-06-13_12-27-05.516_00000056.json,1,2,,,ambiguous,multi_person_visual_decision_unavailable,False,
train__c16__user2__1-1-3,16,Fold_clothes,user2,1-1-3,train,57,2025-06-13_12-27-05.616,2025-06-13_12-27-05.616_00000057,Skeleton/16_Fold_clothes/user2/1-1-3/predictions/Color_2025-06-13_12-27-05.616_00000057.json,1,2,,,ambiguous,multi_person_visual_decision_unavailable,False,
train__c16__user2__1-1-3,16,Fold_clothes,user2,1-1-3,train,58,2025-06-13_12-27-05.716,2025-06-13_12-27-05.716_00000058,Skeleton/16_Fold_clothes/user2/1-1-3/predictions/Color_2025-06-13_12-27-05.716_00000058.json,1,2,,,ambiguous,multi_person_visual_decision_unavailable,False,
train__c16__user2__1-1-3,16,Fold_clothes,user2,1-1-3,train,59,2025-06-13_12-27-05.816,2025-06-13_12-27-05.816_00000059,Skeleton/16_Fold_clothes/user2/1-1-3/predictions/Color_2025-06-13_12-27-05.816_00000059.json,1,2,,,ambiguous,multi_person_visual_decision_unavailable,False,
train__c16__user2__1-1-3,16,Fold_clothes,user2,1-1-3,train,60,2025-06-13_12-27-05.916,2025-06-13_12-27-05.916_00000060,Skeleton/16_Fold_clothes/user2/1-1-3/predictions/Color_2025-06-13_12-27-05.916_00000060.json,1,2,,,ambiguous,multi_person_visual_decision_unavailable,False,
train__c16__user2__1-1-3,16,Fold_clothes,user2,1-1-3,train,61,2025-06-13_12-27-06.016,2025-06-13_12-27-06.016_00000061,Skeleton/16_Fold_clothes/user2/1-1-3/predictions/Color_2025-06-13_12-27-06.016_00000061.json,1,2,,,ambiguous,multi_person_visual_decision_unavailable,False,
train__c16__user2__1-1-3,16,Fold_clothes,user2,1-1-3,train,62,2025-06-13_12-27-06.116,2025-06-13_12-27-06.116_00000062,Skeleton/16_Fold_clothes/user2/1-1-3/predictions/Color_2025-06-13_12-27-06.116_00000062.json,1,2,,,ambiguous,multi_person_visual_decision_unavailable,False,
train__c16__user2__1-1-3,16,Fold_clothes,user2,1-1-3,train,63,2025-06-13_12-27-06.216,2025-06-13_12-27-06.216_00000063,Skeleton/16_Fold_clothes/user2/1-1-3/predictions/Color_2025-06-13_12-27-06.216_00000063.json,1,2,,,ambiguous,multi_person_visual_decision_unavailable,False,
train__c16__user2__1-1-3,16,Fold_clothes,user2,1-1-3,train,64,2025-06-13_12-27-06.316,2025-06-13_12-27-06.316_00000064,Skeleton/16_Fold_clothes/user2/1-1-3/predictions/Color_2025-06-13_12-27-06.316_00000064.json,1,2,,,ambiguous,multi_person_visual_decision_unavailable,False,
train__c16__user2__1-1-3,16,Fold_clothes,user2,1-1-3,train,65,2025-06-13_12-27-06.416,2025-06-13_12-27-06.416_00000065,Skeleton/16_Fold_clothes/user2/1-1-3/predictions/Color_2025-06-13_12-27-06.416_00000065.json,1,2,,,ambiguous,multi_person_visual_decision_unavailable,False,
train__c16__user2__1-1-3,16,Fold_clothes,user2,1-1-3,train,66,2025-06-13_12-27-06.516,2025-06-13_12-27-06.516_00000066,Skeleton/16_Fold_clothes/user2/1-1-3/predictions/Color_2025-06-13_12-27-06.516_00000066.json,1,2,,,ambiguous,multi_person_visual_decision_unavailable,False,
train__c16__user2__1-1-3,16,Fold_clothes,user2,1-1-3,train,67,2025-06-13_12-27-06.616,2025-06-13_12-27-06.616_00000067,Skeleton/16_Fold_clothes/user2/1-1-3/predictions/Color_2025-06-13_12-27-06.616_00000067.json,1,2,,,ambiguous,multi_person_visual_decision_unavailable,False,
train__c16__user17__6-1-1,16,Fold_clothes,user17,6-1-1,validation,196,2025-06-09_17-29-31.516,2025-06-09_17-29-31.516_00000196,Skeleton/16_Fold_clothes/user17/6-1-1/predictions/Color_2025-06-09_17-29-31.516_00000196.json,1,2,,,ambiguous,multi_person_visual_decision_unavailable,False,
train__c16__user17__6-1-1,16,Fold_clothes,user17,6-1-1,validation,207,2025-06-09_17-29-32.616,2025-06-09_17-29-32.616_00000207,Skeleton/16_Fold_clothes/user17/6-1-1/predictions/Color_2025-06-09_17-29-32.616_00000207.json,1,2,,,ambiguous,multi_person_visual_decision_unavailable,False,
train__c16__user17__6-1-1,16,Fold_clothes,user17,6-1-1,validation,208,2025-06-09_17-29-32.716,2025-06-09_17-29-32.716_00000208,Skeleton/16_Fold_clothes/user17/6-1-1/predictions/Color_2025-06-09_17-29-32.716_00000208.json,1,2,,,ambiguous,multi_person_visual_decision_unavailable,False,
train__c16__user17__6-1-2,16,Fold_clothes,user17,6-1-2,validation,165,2025-06-09_17-30-47.416,2025-06-09_17-30-47.416_00000165,Skeleton/16_Fold_clothes/user17/6-1-2/predictions/Color_2025-06-09_17-30-47.416_00000165.json,1,2,,,ambiguous,multi_person_visual_decision_unavailable,False,
train__c16__user17__6-1-3,16,Fold_clothes,user17,6-1-3,validation,143,2025-06-09_17-32-28.216,2025-06-09_17-32-28.216_00000143,Skeleton/16_Fold_clothes/user17/6-1-3/predictions/Color_2025-06-09_17-32-28.216_00000143.json,1,2,,,ambiguous,multi_person_visual_decision_unavailable,False,
train__c16__user18__2-1-1,16,Fold_clothes,user18,2-1-1,train,87,2025-06-09_13-59-45.616,2025-06-09_13-59-45.616_00000087,Skeleton/16_Fold_clothes/user18/2-1-1/predictions/Color_2025-06-09_13-59-45.616_00000087.json,1,2,,0.1407542080317886,ambiguous,multi_person_visual_margin_lt_20pct,False,
train__c16__user23__4-3-1,16,Fold_clothes,user23,4-3-1,validation,40,2025-06-12_17-02-30.916,2025-06-12_17-02-30.916_00000040,Skeleton/16_Fold_clothes/user23/4-3-1/predictions/Color_2025-06-12_17-02-30.916_00000040.json,1,2,,,ambiguous,multi_person_visual_decision_unavailable,False,
train__c16__user24__4-1-1,16,Fold_clothes,user24,4-1-1,validation,103,2025-06-13_10-26-19.216,2025-06-13_10-26-19.216_00000103,Skeleton/16_Fold_clothes/user24/4-1-1/predictions/Color_2025-06-13_10-26-19.216_00000103.json,1,2,,,ambiguous,multi_person_visual_decision_unavailable,False,
train__c16__user24__4-1-3,16,Fold_clothes,user24,4-1-3,validation,46,2025-06-13_10-35-01.516,2025-06-13_10-35-01.516_00000046,Skeleton/16_Fold_clothes/user24/4-1-3/predictions/Color_2025-06-13_10-35-01.516_00000046.json,1,2,,,ambiguous,multi_person_visual_decision_unavailable,False,
train__c17__user6__4-1-2,17,Tap_the_keyboard,user6,4-1-2,train,12,2025-05-31_15-42-10.116,2025-05-31_15-42-10.116_00000012,Skeleton/17_Tap_the_keyboard/user6/4-1-2/predictions/Color_2025-05-31_15-42-10.116_00000012.json,1,2,,,ambiguous,multi_person_visual_decision_unavailable,False,
train__c17__user9__6-1-3,17,Tap_the_keyboard,user9,6-1-3,train,39,2025-05-31_17-18-49.816,2025-05-31_17-18-49.816_00000039,Skeleton/17_Tap_the_keyboard/user9/6-1-3/predictions/Color_2025-05-31_17-18-49.816_00000039.json,1,2,,0.0114421811379584,ambiguous,multi_person_visual_margin_lt_20pct,False,
train__c17__user9__6-1-3,17,Tap_the_keyboard,user9,6-1-3,train,40,2025-05-31_17-18-49.916,2025-05-31_17-18-49.916_00000040,Skeleton/17_Tap_the_keyboard/user9/6-1-3/predictions/Color_2025-05-31_17-18-49.916_00000040.json,1,2,,0.0079913868673544,ambiguous,multi_person_visual_margin_lt_20pct,False,
train__c17__user9__6-1-3,17,Tap_the_keyboard,user9,6-1-3,train,41,2025-05-31_17-18-50.016,2025-05-31_17-18-50.016_00000041,Skeleton/17_Tap_the_keyboard/user9/6-1-3/predictions/Color_2025-05-31_17-18-50.016_00000041.json,1,2,,0.0295734378926041,ambiguous,multi_person_visual_margin_lt_20pct,False,
train__c17__user9__6-1-3,17,Tap_the_keyboard,user9,6-1-3,train,42,2025-05-31_17-18-50.116,2025-05-31_17-18-50.116_00000042,Skeleton/17_Tap_the_keyboard/user9/6-1-3/predictions/Color_2025-05-31_17-18-50.116_00000042.json,1,2,,0.035275189943188,ambiguous,multi_person_visual_margin_lt_20pct,False,
train__c17__user9__6-1-3,17,Tap_the_keyboard,user9,6-1-3,train,43,2025-05-31_17-18-50.216,2025-05-31_17-18-50.216_00000043,Skeleton/17_Tap_the_keyboard/user9/6-1-3/predictions/Color_2025-05-31_17-18-50.216_00000043.json,1,2,,0.0763897313466602,ambiguous,multi_person_visual_margin_lt_20pct,False,
train__c17__user9__6-1-3,17,Tap_the_keyboard,user9,6-1-3,train,44,2025-05-31_17-18-50.316,2025-05-31_17-18-50.316_00000044,Skeleton/17_Tap_the_keyboard/user9/6-1-3/predictions/Color_2025-05-31_17-18-50.316_00000044.json,1,2,,0.0804513874028571,ambiguous,multi_person_visual_margin_lt_20pct,False,
train__c17__user9__6-1-3,17,Tap_the_keyboard,user9,6-1-3,train,45,2025-05-31_17-18-50.416,2025-05-31_17-18-50.416_00000045,Skeleton/17_Tap_the_keyboard/user9/6-1-3/predictions/Color_2025-05-31_17-18-50.416_00000045.json,1,2,,0.0172818791192351,ambiguous,multi_person_visual_margin_lt_20pct,False,
train__c17__user9__6-1-3,17,Tap_the_keyboard,user9,6-1-3,train,46,2025-05-31_17-18-50.516,2025-05-31_17-18-50.516_00000046,Skeleton/17_Tap_the_keyboard/user9/6-1-3/predictions/Color_2025-05-31_17-18-50.516_00000046.json,1,2,,0.0342989023897903,ambiguous,multi_person_visual_margin_lt_20pct,False,
train__c17__user9__6-1-3,17,Tap_the_keyboard,user9,6-1-3,train,47,2025-05-31_17-18-50.616,2025-05-31_17-18-50.616_00000047,Skeleton/17_Tap_the_keyboard/user9/6-1-3/predictions/Color_2025-05-31_17-18-50.616_00000047.json,1,2,,0.0044188215299398,ambiguous,multi_person_visual_margin_lt_20pct,False,
train__c17__user9__6-1-3,17,Tap_the_keyboard,user9,6-1-3,train,48,2025-05-31_17-18-50.716,2025-05-31_17-18-50.716_00000048,Skeleton/17_Tap_the_keyboard/user9/6-1-3/predictions/Color_2025-05-31_17-18-50.716_00000048.json,1,2,,0.0738932122781823,ambiguous,multi_person_visual_margin_lt_20pct,False,
train__c17__user9__6-1-3,17,Tap_the_keyboard,user9,6-1-3,train,49,2025-05-31_17-18-50.816,2025-05-31_17-18-50.816_00000049,Skeleton/17_Tap_the_keyboard/user9/6-1-3/predictions/Color_2025-05-31_17-18-50.816_00000049.json,1,2,,0.0953712873915878,ambiguous,multi_person_visual_margin_lt_20pct,False,
train__c17__user9__6-1-3,17,Tap_the_keyboard,user9,6-1-3,train,50,2025-05-31_17-18-50.916,2025-05-31_17-18-50.916_00000050,Skeleton/17_Tap_the_keyboard/user9/6-1-3/predictions/Color_2025-05-31_17-18-50.916_00000050.json,1,2,,0.1189025626439119,ambiguous,multi_person_visual_margin_lt_20pct,False,
train__c17__user9__6-1-3,17,Tap_the_keyboard,user9,6-1-3,train,51,2025-05-31_17-18-51.016,2025-05-31_17-18-51.016_00000051,Skeleton/17_Tap_the_keyboard/user9/6-1-3/predictions/Color_2025-05-31_17-18-51.016_00000051.json,1,2,,0.1137144773082155,ambiguous,multi_person_visual_margin_lt_20pct,False,
train__c17__user9__6-1-3,17,Tap_the_keyboard,user9,6-1-3,train,52,2025-05-31_17-18-51.116,2025-05-31_17-18-51.116_00000052,Skeleton/17_Tap_the_keyboard/user9/6-1-3/predictions/Color_2025-05-31_17-18-51.116_00000052.json,1,2,,0.1786187537697598,ambiguous,multi_person_visual_margin_lt_20pct,False,
train__c17__user9__6-1-3,17,Tap_the_keyboard,user9,6-1-3,train,53,2025-05-31_17-18-51.216,2025-05-31_17-18-51.216_00000053,Skeleton/17_Tap_the_keyboard/user9/6-1-3/predictions/Color_2025-05-31_17-18-51.216_00000053.json,1,2,,0.1197675969479141,ambiguous,multi_person_visual_margin_lt_20pct,False,
train__c17__user9__6-1-3,17,Tap_the_keyboard,user9,6-1-3,train,54,2025-05-31_17-18-51.316,2025-05-31_17-18-51.316_00000054,Skeleton/17_Tap_the_keyboard/user9/6-1-3/predictions/Color_2025-05-31_17-18-51.316_00000054.json,1,2,,0.1494468276667197,ambiguous,multi_person_visual_margin_lt_20pct,False,
train__c17__user9__6-1-3,17,Tap_the_keyboard,user9,6-1-3,train,55,2025-05-31_17-18-51.416,2025-05-31_17-18-51.416_00000055,Skeleton/17_Tap_the_keyboard/user9/6-1-3/predictions/Color_2025-05-31_17-18-51.416_00000055.json,1,2,,0.1100980955079841,ambiguous,multi_person_visual_margin_lt_20pct,False,
train__c17__user9__6-1-3,17,Tap_the_keyboard,user9,6-1-3,train,56,2025-05-31_17-18-51.516,2025-05-31_17-18-51.516_00000056,Skeleton/17_Tap_the_keyboard/user9/6-1-3/predictions/Color_2025-05-31_17-18-51.516_00000056.json,1,2,,0.1482060843168742,ambiguous,multi_person_visual_margin_lt_20pct,False,
train__c17__user9__6-1-3,17,Tap_the_keyboard,user9,6-1-3,train,61,2025-05-31_17-18-52.016,2025-05-31_17-18-52.016_00000061,Skeleton/17_Tap_the_keyboard/user9/6-1-3/predictions/Color_2025-05-31_17-18-52.016_00000061.json,1,2,,0.1997138098717844,ambiguous,multi_person_visual_margin_lt_20pct,False,
train__c17__user9__6-1-3,17,Tap_the_keyboard,user9,6-1-3,train,63,2025-05-31_17-18-52.216,2025-05-31_17-18-52.216_00000063,Skeleton/17_Tap_the_keyboard/user9/6-1-3/predictions/Color_2025-05-31_17-18-52.216_00000063.json,1,2,,0.1231147486054203,ambiguous,multi_person_visual_margin_lt_20pct,False,
train__c18__user6__4-1-2,18,Write,user6,4-1-2,train,12,2025-05-31_15-42-10.116,2025-05-31_15-42-10.116_00000012,Skeleton/18_Write/user6/4-1-2/predictions/Color_2025-05-31_15-42-10.116_00000012.json,1,2,,,ambiguous,multi_person_visual_decision_unavailable,False,
train__c18__user23__4-1-1,18,Write,user23,4-1-1,validation,64,2025-06-12_16-50-53.316,2025-06-12_16-50-53.316_00000064,Skeleton/18_Write/user23/4-1-1/predictions/Color_2025-06-12_16-50-53.316_00000064.json,1,2,,,ambiguous,multi_person_visual_decision_unavailable,False,
train__c18__user23__4-1-1,18,Write,user23,4-1-1,validation,65,2025-06-12_16-50-53.416,2025-06-12_16-50-53.416_00000065,Skeleton/18_Write/user23/4-1-1/predictions/Color_2025-06-12_16-50-53.416_00000065.json,1,2,,,ambiguous,multi_person_visual_decision_unavailable,False,
train__c18__user23__4-1-1,18,Write,user23,4-1-1,validation,66,2025-06-12_16-50-53.516,2025-06-12_16-50-53.516_00000066,Skeleton/18_Write/user23/4-1-1/predictions/Color_2025-06-12_16-50-53.516_00000066.json,1,2,,,ambiguous,multi_person_visual_decision_unavailable,False,
train__c18__user23__4-1-1,18,Write,user23,4-1-1,validation,67,2025-06-12_16-50-53.616,2025-06-12_16-50-53.616_00000067,Skeleton/18_Write/user23/4-1-1/predictions/Color_2025-06-12_16-50-53.616_00000067.json,1,2,,,ambiguous,multi_person_visual_decision_unavailable,False,
train__c18__user23__4-1-1,18,Write,user23,4-1-1,validation,68,2025-06-12_16-50-53.716,2025-06-12_16-50-53.716_00000068,Skeleton/18_Write/user23/4-1-1/predictions/Color_2025-06-12_16-50-53.716_00000068.json,1,2,,,ambiguous,multi_person_visual_decision_unavailable,False,
train__c18__user23__4-1-1,18,Write,user23,4-1-1,validation,78,2025-06-12_16-50-54.716,2025-06-12_16-50-54.716_00000078,Skeleton/18_Write/user23/4-1-1/predictions/Color_2025-06-12_16-50-54.716_00000078.json,1,2,,,ambiguous,multi_person_visual_decision_unavailable,False,
train__c18__user23__4-1-1,18,Write,user23,4-1-1,validation,79,2025-06-12_16-50-54.816,2025-06-12_16-50-54.816_00000079,Skeleton/18_Write/user23/4-1-1/predictions/Color_2025-06-12_16-50-54.816_00000079.json,1,2,,,ambiguous,multi_person_visual_decision_unavailable,False,
train__c21__user24__7-2-3,21,Read_documents,user24,7-2-3,validation,156,2025-06-12_11-38-21.516,2025-06-12_11-38-21.516_00000156,Skeleton/21_Read_documents/user24/7-2-3/predictions/Color_2025-06-12_11-38-21.516_00000156.json,1,2,,,ambiguous,multi_person_visual_decision_unavailable,False,
train__c22__user24__7-2-3,22,Turn_pages,user24,7-2-3,validation,156,2025-06-12_11-38-21.516,2025-06-12_11-38-21.516_00000156,Skeleton/22_Turn_pages/user24/7-2-3/predictions/Color_2025-06-12_11-38-21.516_00000156.json,1,2,,,ambiguous,multi_person_visual_decision_unavailable,False,
train__c23__user6__4-1-1,23,Listen_to_music_with_headphones,user6,4-1-1,train,138,2025-05-31_15-40-09.716,2025-05-31_15-40-09.716_00000138,Skeleton/23_Listen_to_music_with_headphones/user6/4-1-1/predictions/Color_2025-05-31_15-40-09.716_00000138.json,1,2,,,ambiguous,multi_person_visual_decision_unavailable,False,
train__c23__user17__7-1-1,23,Listen_to_music_with_headphones,user17,7-1-1,validation,177,2025-06-09_17-42-20.616,2025-06-09_17-42-20.616_00000177,Skeleton/23_Listen_to_music_with_headphones/user17/7-1-1/predictions/Color_2025-06-09_17-42-20.616_00000177.json,1,2,,,ambiguous,multi_person_visual_decision_unavailable,False,
train__c23__user17__7-1-1,23,Listen_to_music_with_headphones,user17,7-1-1,validation,178,2025-06-09_17-42-20.716,2025-06-09_17-42-20.716_00000178,Skeleton/23_Listen_to_music_with_headphones/user17/7-1-1/predictions/Color_2025-06-09_17-42-20.716_00000178.json,1,2,,,ambiguous,multi_person_visual_decision_unavailable,False,
train__c23__user17__7-1-1,23,Listen_to_music_with_headphones,user17,7-1-1,validation,179,2025-06-09_17-42-20.816,2025-06-09_17-42-20.816_00000179,Skeleton/23_Listen_to_music_with_headphones/user17/7-1-1/predictions/Color_2025-06-09_17-42-20.816_00000179.json,1,2,,,ambiguous,multi_person_visual_decision_unavailable,False,
train__c23__user17__7-1-1,23,Listen_to_music_with_headphones,user17,7-1-1,validation,180,2025-06-09_17-42-20.916,2025-06-09_17-42-20.916_00000180,Skeleton/23_Listen_to_music_with_headphones/user17/7-1-1/predictions/Color_2025-06-09_17-42-20.916_00000180.json,1,2,,,ambiguous,multi_person_visual_decision_unavailable,False,
train__c23__user17__7-1-1,23,Listen_to_music_with_headphones,user17,7-1-1,validation,181,2025-06-09_17-42-21.016,2025-06-09_17-42-21.016_00000181,Skeleton/23_Listen_to_music_with_headphones/user17/7-1-1/predictions/Color_2025-06-09_17-42-21.016_00000181.json,1,2,,,ambiguous,multi_person_visual_decision_unavailable,False,
train__c23__user17__7-1-1,23,Listen_to_music_with_headphones,user17,7-1-1,validation,182,2025-06-09_17-42-21.116,2025-06-09_17-42-21.116_00000182,Skeleton/23_Listen_to_music_with_headphones/user17/7-1-1/predictions/Color_2025-06-09_17-42-21.116_00000182.json,1,2,,,ambiguous,multi_person_visual_decision_unavailable,False,
train__c23__user17__7-1-1,23,Listen_to_music_with_headphones,user17,7-1-1,validation,183,2025-06-09_17-42-21.216,2025-06-09_17-42-21.216_00000183,Skeleton/23_Listen_to_music_with_headphones/user17/7-1-1/predictions/Color_2025-06-09_17-42-21.216_00000183.json,1,2,,,ambiguous,multi_person_visual_decision_unavailable,False,
train__c23__user17__7-1-1,23,Listen_to_music_with_headphones,user17,7-1-1,validation,184,2025-06-09_17-42-21.316,2025-06-09_17-42-21.316_00000184,Skeleton/23_Listen_to_music_with_headphones/user17/7-1-1/predictions/Color_2025-06-09_17-42-21.316_00000184.json,1,2,,,ambiguous,multi_person_visual_decision_unavailable,False,
train__c23__user17__7-1-1,23,Listen_to_music_with_headphones,user17,7-1-1,validation,185,2025-06-09_17-42-21.416,2025-06-09_17-42-21.416_00000185,Skeleton/23_Listen_to_music_with_headphones/user17/7-1-1/predictions/Color_2025-06-09_17-42-21.416_00000185.json,1,2,,,ambiguous,multi_person_visual_decision_unavailable,False,
train__c23__user17__7-1-1,23,Listen_to_music_with_headphones,user17,7-1-1,validation,186,2025-06-09_17-42-21.516,2025-06-09_17-42-21.516_00000186,Skeleton/23_Listen_to_music_with_headphones/user17/7-1-1/predictions/Color_2025-06-09_17-42-21.516_00000186.json,1,2,,,ambiguous,multi_person_visual_decision_unavailable,False,
train__c23__user17__7-1-1,23,Listen_to_music_with_headphones,user17,7-1-1,validation,187,2025-06-09_17-42-21.616,2025-06-09_17-42-21.616_00000187,Skeleton/23_Listen_to_music_with_headphones/user17/7-1-1/predictions/Color_2025-06-09_17-42-21.616_00000187.json,1,2,,,ambiguous,multi_person_visual_decision_unavailable,False,
train__c23__user17__7-1-1,23,Listen_to_music_with_headphones,user17,7-1-1,validation,188,2025-06-09_17-42-21.716,2025-06-09_17-42-21.716_00000188,Skeleton/23_Listen_to_music_with_headphones/user17/7-1-1/predictions/Color_2025-06-09_17-42-21.716_00000188.json,1,2,,,ambiguous,multi_person_visual_decision_unavailable,False,
train__c23__user17__7-1-1,23,Listen_to_music_with_headphones,user17,7-1-1,validation,189,2025-06-09_17-42-21.816,2025-06-09_17-42-21.816_00000189,Skeleton/23_Listen_to_music_with_headphones/user17/7-1-1/predictions/Color_2025-06-09_17-42-21.816_00000189.json,1,2,,,ambiguous,multi_person_visual_decision_unavailable,False,
train__c23__user17__7-1-1,23,Listen_to_music_with_headphones,user17,7-1-1,validation,190,2025-06-09_17-42-21.916,2025-06-09_17-42-21.916_00000190,Skeleton/23_Listen_to_music_with_headphones/user17/7-1-1/predictions/Color_2025-06-09_17-42-21.916_00000190.json,1,2,,,ambiguous,multi_person_visual_decision_unavailable,False,
train__c23__user17__7-1-1,23,Listen_to_music_with_headphones,user17,7-1-1,validation,191,2025-06-09_17-42-22.016,2025-06-09_17-42-22.016_00000191,Skeleton/23_Listen_to_music_with_headphones/user17/7-1-1/predictions/Color_2025-06-09_17-42-22.016_00000191.json,1,2,,,ambiguous,multi_person_visual_decision_unavailable,False,
train__c23__user17__7-1-1,23,Listen_to_music_with_headphones,user17,7-1-1,validation,192,2025-06-09_17-42-22.116,2025-06-09_17-42-22.116_00000192,Skeleton/23_Listen_to_music_with_headphones/user17/7-1-1/predictions/Color_2025-06-09_17-42-22.116_00000192.json,1,2,,,ambiguous,multi_person_visual_decision_unavailable,False,
train__c23__user17__7-1-1,23,Listen_to_music_with_headphones,user17,7-1-1,validation,193,2025-06-09_17-42-22.216,2025-06-09_17-42-22.216_00000193,Skeleton/23_Listen_to_music_with_headphones/user17/7-1-1/predictions/Color_2025-06-09_17-42-22.216_00000193.json,1,2,,,ambiguous,multi_person_visual_decision_unavailable,False,
train__c23__user17__7-1-1,23,Listen_to_music_with_headphones,user17,7-1-1,validation,194,2025-06-09_17-42-22.316,2025-06-09_17-42-22.316_00000194,Skeleton/23_Listen_to_music_with_headphones/user17/7-1-1/predictions/Color_2025-06-09_17-42-22.316_00000194.json,1,2,,,ambiguous,multi_person_visual_decision_unavailable,False,
train__c23__user17__7-1-1,23,Listen_to_music_with_headphones,user17,7-1-1,validation,195,2025-06-09_17-42-22.416,2025-06-09_17-42-22.416_00000195,Skeleton/23_Listen_to_music_with_headphones/user17/7-1-1/predictions/Color_2025-06-09_17-42-22.416_00000195.json,1,2,,,ambiguous,multi_person_visual_decision_unavailable,False,
train__c23__user17__7-1-1,23,Listen_to_music_with_headphones,user17,7-1-1,validation,196,2025-06-09_17-42-22.516,2025-06-09_17-42-22.516_00000196,Skeleton/23_Listen_to_music_with_headphones/user17/7-1-1/predictions/Color_2025-06-09_17-42-22.516_00000196.json,1,2,,,ambiguous,multi_person_visual_decision_unavailable,False,
train__c23__user17__7-1-1,23,Listen_to_music_with_headphones,user17,7-1-1,validation,197,2025-06-09_17-42-22.616,2025-06-09_17-42-22.616_00000197,Skeleton/23_Listen_to_music_with_headphones/user17/7-1-1/predictions/Color_2025-06-09_17-42-22.616_00000197.json,1,2,,,ambiguous,multi_person_visual_decision_unavailable,False,
train__c23__user17__7-1-1,23,Listen_to_music_with_headphones,user17,7-1-1,validation,198,2025-06-09_17-42-22.716,2025-06-09_17-42-22.716_00000198,Skeleton/23_Listen_to_music_with_headphones/user17/7-1-1/predictions/Color_2025-06-09_17-42-22.716_00000198.json,1,3,,,ambiguous,multi_person_visual_decision_unavailable,False,
train__c23__user17__7-1-1,23,Listen_to_music_with_headphones,user17,7-1-1,validation,199,2025-06-09_17-42-22.816,2025-06-09_17-42-22.816_00000199,Skeleton/23_Listen_to_music_with_headphones/user17/7-1-1/predictions/Color_2025-06-09_17-42-22.816_00000199.json,1,2,,,ambiguous,multi_person_visual_decision_unavailable,False,
train__c23__user17__7-1-1,23,Listen_to_music_with_headphones,user17,7-1-1,validation,200,2025-06-09_17-42-22.916,2025-06-09_17-42-22.916_00000200,Skeleton/23_Listen_to_music_with_headphones/user17/7-1-1/predictions/Color_2025-06-09_17-42-22.916_00000200.json,1,2,,,ambiguous,multi_person_visual_decision_unavailable,False,
train__c23__user17__7-1-1,23,Listen_to_music_with_headphones,user17,7-1-1,validation,201,2025-06-09_17-42-23.016,2025-06-09_17-42-23.016_00000201,Skeleton/23_Listen_to_music_with_headphones/user17/7-1-1/predictions/Color_2025-06-09_17-42-23.016_00000201.json,1,2,,,ambiguous,multi_person_visual_decision_unavailable,False,
train__c23__user17__7-1-1,23,Listen_to_music_with_headphones,user17,7-1-1,validation,202,2025-06-09_17-42-23.116,2025-06-09_17-42-23.116_00000202,Skeleton/23_Listen_to_music_with_headphones/user17/7-1-1/predictions/Color_2025-06-09_17-42-23.116_00000202.json,1,2,,,ambiguous,multi_person_visual_decision_unavailable,False,
train__c23__user17__7-1-1,23,Listen_to_music_with_headphones,user17,7-1-1,validation,203,2025-06-09_17-42-23.216,2025-06-09_17-42-23.216_00000203,Skeleton/23_Listen_to_music_with_headphones/user17/7-1-1/predictions/Color_2025-06-09_17-42-23.216_00000203.json,1,2,,,ambiguous,multi_person_visual_decision_unavailable,False,
train__c23__user17__7-1-1,23,Listen_to_music_with_headphones,user17,7-1-1,validation,204,2025-06-09_17-42-23.316,2025-06-09_17-42-23.316_00000204,Skeleton/23_Listen_to_music_with_headphones/user17/7-1-1/predictions/Color_2025-06-09_17-42-23.316_00000204.json,1,2,,,ambiguous,multi_person_visual_decision_unavailable,False,
train__c23__user17__7-1-1,23,Listen_to_music_with_headphones,user17,7-1-1,validation,205,2025-06-09_17-42-23.416,2025-06-09_17-42-23.416_00000205,Skeleton/23_Listen_to_music_with_headphones/user17/7-1-1/predictions/Color_2025-06-09_17-42-23.416_00000205.json,1,2,,,ambiguous,multi_person_visual_decision_unavailable,False,
train__c23__user17__7-1-1,23,Listen_to_music_with_headphones,user17,7-1-1,validation,206,2025-06-09_17-42-23.516,2025-06-09_17-42-23.516_00000206,Skeleton/23_Listen_to_music_with_headphones/user17/7-1-1/predictions/Color_2025-06-09_17-42-23.516_00000206.json,1,2,,,ambiguous,multi_person_visual_decision_unavailable,False,
train__c23__user17__7-1-1,23,Listen_to_music_with_headphones,user17,7-1-1,validation,207,2025-06-09_17-42-23.616,2025-06-09_17-42-23.616_00000207,Skeleton/23_Listen_to_music_with_headphones/user17/7-1-1/predictions/Color_2025-06-09_17-42-23.616_00000207.json,1,2,,,ambiguous,multi_person_visual_decision_unavailable,False,
train__c23__user17__7-1-1,23,Listen_to_music_with_headphones,user17,7-1-1,validation,208,2025-06-09_17-42-23.716,2025-06-09_17-42-23.716_00000208,Skeleton/23_Listen_to_music_with_headphones/user17/7-1-1/predictions/Color_2025-06-09_17-42-23.716_00000208.json,1,2,,,ambiguous,multi_person_visual_decision_unavailable,False,
train__c23__user17__7-1-1,23,Listen_to_music_with_headphones,user17,7-1-1,validation,209,2025-06-09_17-42-23.816,2025-06-09_17-42-23.816_00000209,Skeleton/23_Listen_to_music_with_headphones/user17/7-1-1/predictions/Color_2025-06-09_17-42-23.816_00000209.json,1,2,,,ambiguous,multi_person_visual_decision_unavailable,False,
train__c23__user17__7-1-1,23,Listen_to_music_with_headphones,user17,7-1-1,validation,210,2025-06-09_17-42-23.916,2025-06-09_17-42-23.916_00000210,Skeleton/23_Listen_to_music_with_headphones/user17/7-1-1/predictions/Color_2025-06-09_17-42-23.916_00000210.json,1,2,,,ambiguous,multi_person_visual_decision_unavailable,False,
train__c23__user17__7-1-1,23,Listen_to_music_with_headphones,user17,7-1-1,validation,211,2025-06-09_17-42-24.016,2025-06-09_17-42-24.016_00000211,Skeleton/23_Listen_to_music_with_headphones/user17/7-1-1/predictions/Color_2025-06-09_17-42-24.016_00000211.json,1,2,,,ambiguous,multi_person_visual_decision_unavailable,False,
train__c23__user17__7-1-1,23,Listen_to_music_with_headphones,user17,7-1-1,validation,212,2025-06-09_17-42-24.116,2025-06-09_17-42-24.116_00000212,Skeleton/23_Listen_to_music_with_headphones/user17/7-1-1/predictions/Color_2025-06-09_17-42-24.116_00000212.json,1,2,,,ambiguous,multi_person_visual_decision_unavailable,False,
train__c23__user17__7-1-1,23,Listen_to_music_with_headphones,user17,7-1-1,validation,213,2025-06-09_17-42-24.216,2025-06-09_17-42-24.216_00000213,Skeleton/23_Listen_to_music_with_headphones/user17/7-1-1/predictions/Color_2025-06-09_17-42-24.216_00000213.json,1,2,,,ambiguous,multi_person_visual_decision_unavailable,False,
train__c23__user17__7-1-1,23,Listen_to_music_with_headphones,user17,7-1-1,validation,214,2025-06-09_17-42-24.316,2025-06-09_17-42-24.316_00000214,Skeleton/23_Listen_to_music_with_headphones/user17/7-1-1/predictions/Color_2025-06-09_17-42-24.316_00000214.json,1,2,,,ambiguous,multi_person_visual_decision_unavailable,False,
train__c23__user17__7-1-1,23,Listen_to_music_with_headphones,user17,7-1-1,validation,215,2025-06-09_17-42-24.416,2025-06-09_17-42-24.416_00000215,Skeleton/23_Listen_to_music_with_headphones/user17/7-1-1/predictions/Color_2025-06-09_17-42-24.416_00000215.json,1,2,,,ambiguous,multi_person_visual_decision_unavailable,False,
train__c23__user17__7-1-1,23,Listen_to_music_with_headphones,user17,7-1-1,validation,216,2025-06-09_17-42-24.516,2025-06-09_17-42-24.516_00000216,Skeleton/23_Listen_to_music_with_headphones/user17/7-1-1/predictions/Color_2025-06-09_17-42-24.516_00000216.json,1,2,,,ambiguous,multi_person_visual_decision_unavailable,False,
train__c23__user17__7-1-1,23,Listen_to_music_with_headphones,user17,7-1-1,validation,217,2025-06-09_17-42-24.616,2025-06-09_17-42-24.616_00000217,Skeleton/23_Listen_to_music_with_headphones/user17/7-1-1/predictions/Color_2025-06-09_17-42-24.616_00000217.json,1,2,,,ambiguous,multi_person_visual_decision_unavailable,False,
train__c23__user17__7-1-1,23,Listen_to_music_with_headphones,user17,7-1-1,validation,218,2025-06-09_17-42-24.716,2025-06-09_17-42-24.716_00000218,Skeleton/23_Listen_to_music_with_headphones/user17/7-1-1/predictions/Color_2025-06-09_17-42-24.716_00000218.json,1,2,,,ambiguous,multi_person_visual_decision_unavailable,False,
train__c23__user17__7-1-1,23,Listen_to_music_with_headphones,user17,7-1-1,validation,219,2025-06-09_17-42-24.816,2025-06-09_17-42-24.816_00000219,Skeleton/23_Listen_to_music_with_headphones/user17/7-1-1/predictions/Color_2025-06-09_17-42-24.816_00000219.json,1,2,,,ambiguous,multi_person_visual_decision_unavailable,False,
train__c23__user17__7-1-1,23,Listen_to_music_with_headphones,user17,7-1-1,validation,220,2025-06-09_17-42-24.916,2025-06-09_17-42-24.916_00000220,Skeleton/23_Listen_to_music_with_headphones/user17/7-1-1/predictions/Color_2025-06-09_17-42-24.916_00000220.json,1,2,,,ambiguous,multi_person_visual_decision_unavailable,False,
train__c23__user17__7-1-1,23,Listen_to_music_with_headphones,user17,7-1-1,validation,221,2025-06-09_17-42-25.016,2025-06-09_17-42-25.016_00000221,Skeleton/23_Listen_to_music_with_headphones/user17/7-1-1/predictions/Color_2025-06-09_17-42-25.016_00000221.json,1,2,,,ambiguous,multi_person_visual_decision_unavailable,False,
train__c23__user17__7-1-1,23,Listen_to_music_with_headphones,user17,7-1-1,validation,222,2025-06-09_17-42-25.116,2025-06-09_17-42-25.116_00000222,Skeleton/23_Listen_to_music_with_headphones/user17/7-1-1/predictions/Color_2025-06-09_17-42-25.116_00000222.json,1,2,,,ambiguous,multi_person_visual_decision_unavailable,False,
train__c23__user17__7-1-1,23,Listen_to_music_with_headphones,user17,7-1-1,validation,223,2025-06-09_17-42-25.216,2025-06-09_17-42-25.216_00000223,Skeleton/23_Listen_to_music_with_headphones/user17/7-1-1/predictions/Color_2025-06-09_17-42-25.216_00000223.json,1,2,,,ambiguous,multi_person_visual_decision_unavailable,False,
train__c23__user17__7-1-1,23,Listen_to_music_with_headphones,user17,7-1-1,validation,224,2025-06-09_17-42-25.316,2025-06-09_17-42-25.316_00000224,Skeleton/23_Listen_to_music_with_headphones/user17/7-1-1/predictions/Color_2025-06-09_17-42-25.316_00000224.json,1,2,,,ambiguous,multi_person_visual_decision_unavailable,False,
train__c23__user17__7-1-1,23,Listen_to_music_with_headphones,user17,7-1-1,validation,225,2025-06-09_17-42-25.416,2025-06-09_17-42-25.416_00000225,Skeleton/23_Listen_to_music_with_headphones/user17/7-1-1/predictions/Color_2025-06-09_17-42-25.416_00000225.json,1,2,,,ambiguous,multi_person_visual_decision_unavailable,False,
train__c23__user17__7-1-1,23,Listen_to_music_with_headphones,user17,7-1-1,validation,226,2025-06-09_17-42-25.516,2025-06-09_17-42-25.516_00000226,Skeleton/23_Listen_to_music_with_headphones/user17/7-1-1/predictions/Color_2025-06-09_17-42-25.516_00000226.json,1,2,,,ambiguous,multi_person_visual_decision_unavailable,False,
train__c23__user17__7-1-1,23,Listen_to_music_with_headphones,user17,7-1-1,validation,227,2025-06-09_17-42-25.616,2025-06-09_17-42-25.616_00000227,Skeleton/23_Listen_to_music_with_headphones/user17/7-1-1/predictions/Color_2025-06-09_17-42-25.616_00000227.json,1,2,,,ambiguous,multi_person_visual_decision_unavailable,False,
train__c23__user17__7-1-1,23,Listen_to_music_with_headphones,user17,7-1-1,validation,228,2025-06-09_17-42-25.716,2025-06-09_17-42-25.716_00000228,Skeleton/23_Listen_to_music_with_headphones/user17/7-1-1/predictions/Color_2025-06-09_17-42-25.716_00000228.json,1,2,,,ambiguous,multi_person_visual_decision_unavailable,False,
train__c23__user17__7-1-1,23,Listen_to_music_with_headphones,user17,7-1-1,validation,229,2025-06-09_17-42-25.816,2025-06-09_17-42-25.816_00000229,Skeleton/23_Listen_to_music_with_headphones/user17/7-1-1/predictions/Color_2025-06-09_17-42-25.816_00000229.json,1,2,,,ambiguous,multi_person_visual_decision_unavailable,False,
train__c23__user17__7-1-1,23,Listen_to_music_with_headphones,user17,7-1-1,validation,230,2025-06-09_17-42-25.916,2025-06-09_17-42-25.916_00000230,Skeleton/23_Listen_to_music_with_headphones/user17/7-1-1/predictions/Color_2025-06-09_17-42-25.916_00000230.json,1,2,,,ambiguous,multi_person_visual_decision_unavailable,False,
train__c23__user17__7-1-1,23,Listen_to_music_with_headphones,user17,7-1-1,validation,231,2025-06-09_17-42-26.016,2025-06-09_17-42-26.016_00000231,Skeleton/23_Listen_to_music_with_headphones/user17/7-1-1/predictions/Color_2025-06-09_17-42-26.016_00000231.json,1,2,,,ambiguous,multi_person_visual_decision_unavailable,False,
train__c23__user17__7-1-1,23,Listen_to_music_with_headphones,user17,7-1-1,validation,232,2025-06-09_17-42-26.116,2025-06-09_17-42-26.116_00000232,Skeleton/23_Listen_to_music_with_headphones/user17/7-1-1/predictions/Color_2025-06-09_17-42-26.116_00000232.json,1,2,,,ambiguous,multi_person_visual_decision_unavailable,False,
train__c23__user17__7-1-1,23,Listen_to_music_with_headphones,user17,7-1-1,validation,233,2025-06-09_17-42-26.216,2025-06-09_17-42-26.216_00000233,Skeleton/23_Listen_to_music_with_headphones/user17/7-1-1/predictions/Color_2025-06-09_17-42-26.216_00000233.json,1,2,,,ambiguous,multi_person_visual_decision_unavailable,False,
train__c23__user17__7-1-1,23,Listen_to_music_with_headphones,user17,7-1-1,validation,234,2025-06-09_17-42-26.316,2025-06-09_17-42-26.316_00000234,Skeleton/23_Listen_to_music_with_headphones/user17/7-1-1/predictions/Color_2025-06-09_17-42-26.316_00000234.json,1,2,,,ambiguous,multi_person_visual_decision_unavailable,False,
train__c23__user17__7-1-1,23,Listen_to_music_with_headphones,user17,7-1-1,validation,235,2025-06-09_17-42-26.416,2025-06-09_17-42-26.416_00000235,Skeleton/23_Listen_to_music_with_headphones/user17/7-1-1/predictions/Color_2025-06-09_17-42-26.416_00000235.json,1,2,,,ambiguous,multi_person_visual_decision_unavailable,False,
train__c23__user17__7-1-1,23,Listen_to_music_with_headphones,user17,7-1-1,validation,236,2025-06-09_17-42-26.516,2025-06-09_17-42-26.516_00000236,Skeleton/23_Listen_to_music_with_headphones/user17/7-1-1/predictions/Color_2025-06-09_17-42-26.516_00000236.json,1,2,,,ambiguous,multi_person_visual_decision_unavailable,False,
train__c23__user17__7-1-1,23,Listen_to_music_with_headphones,user17,7-1-1,validation,237,2025-06-09_17-42-26.616,2025-06-09_17-42-26.616_00000237,Skeleton/23_Listen_to_music_with_headphones/user17/7-1-1/predictions/Color_2025-06-09_17-42-26.616_00000237.json,1,2,,,ambiguous,multi_person_visual_decision_unavailable,False,
train__c23__user17__7-1-1,23,Listen_to_music_with_headphones,user17,7-1-1,validation,238,2025-06-09_17-42-26.716,2025-06-09_17-42-26.716_00000238,Skeleton/23_Listen_to_music_with_headphones/user17/7-1-1/predictions/Color_2025-06-09_17-42-26.716_00000238.json,1,2,,,ambiguous,multi_person_visual_decision_unavailable,False,
train__c23__user17__7-1-1,23,Listen_to_music_with_headphones,user17,7-1-1,validation,239,2025-06-09_17-42-26.816,2025-06-09_17-42-26.816_00000239,Skeleton/23_Listen_to_music_with_headphones/user17/7-1-1/predictions/Color_2025-06-09_17-42-26.816_00000239.json,1,2,,,ambiguous,multi_person_visual_decision_unavailable,False,
train__c23__user17__7-1-2,23,Listen_to_music_with_headphones,user17,7-1-2,validation,174,2025-06-09_17-43-50.316,2025-06-09_17-43-50.316_00000174,Skeleton/23_Listen_to_music_with_headphones/user17/7-1-2/predictions/Color_2025-06-09_17-43-50.316_00000174.json,1,2,,,ambiguous,multi_person_visual_decision_unavailable,False,
train__c23__user17__7-1-2,23,Listen_to_music_with_headphones,user17,7-1-2,validation,175,2025-06-09_17-43-50.416,2025-06-09_17-43-50.416_00000175,Skeleton/23_Listen_to_music_with_headphones/user17/7-1-2/predictions/Color_2025-06-09_17-43-50.416_00000175.json,1,2,,,ambiguous,multi_person_visual_decision_unavailable,False,
train__c23__user17__7-1-2,23,Listen_to_music_with_headphones,user17,7-1-2,validation,176,2025-06-09_17-43-50.516,2025-06-09_17-43-50.516_00000176,Skeleton/23_Listen_to_music_with_headphones/user17/7-1-2/predictions/Color_2025-06-09_17-43-50.516_00000176.json,1,2,,,ambiguous,multi_person_visual_decision_unavailable,False,
train__c23__user17__7-1-2,23,Listen_to_music_with_headphones,user17,7-1-2,validation,177,2025-06-09_17-43-50.616,2025-06-09_17-43-50.616_00000177,Skeleton/23_Listen_to_music_with_headphones/user17/7-1-2/predictions/Color_2025-06-09_17-43-50.616_00000177.json,1,2,,,ambiguous,multi_person_visual_decision_unavailable,False,
train__c23__user17__7-1-3,23,Listen_to_music_with_headphones,user17,7-1-3,validation,92,2025-06-09_17-44-59.116,2025-06-09_17-44-59.116_00000092,Skeleton/23_Listen_to_music_with_headphones/user17/7-1-3/predictions/Color_2025-06-09_17-44-59.116_00000092.json,1,2,,,ambiguous,multi_person_visual_decision_unavailable,False,
train__c23__user17__7-1-3,23,Listen_to_music_with_headphones,user17,7-1-3,validation,93,2025-06-09_17-44-59.216,2025-06-09_17-44-59.216_00000093,Skeleton/23_Listen_to_music_with_headphones/user17/7-1-3/predictions/Color_2025-06-09_17-44-59.216_00000093.json,1,2,,,ambiguous,multi_person_visual_decision_unavailable,False,
train__c23__user17__7-1-3,23,Listen_to_music_with_headphones,user17,7-1-3,validation,94,2025-06-09_17-44-59.316,2025-06-09_17-44-59.316_00000094,Skeleton/23_Listen_to_music_with_headphones/user17/7-1-3/predictions/Color_2025-06-09_17-44-59.316_00000094.json,1,2,,,ambiguous,multi_person_visual_decision_unavailable,False,
train__c23__user17__7-1-3,23,Listen_to_music_with_headphones,user17,7-1-3,validation,95,2025-06-09_17-44-59.416,2025-06-09_17-44-59.416_00000095,Skeleton/23_Listen_to_music_with_headphones/user17/7-1-3/predictions/Color_2025-06-09_17-44-59.416_00000095.json,1,2,,,ambiguous,multi_person_visual_decision_unavailable,False,
train__c23__user17__7-1-3,23,Listen_to_music_with_headphones,user17,7-1-3,validation,96,2025-06-09_17-44-59.516,2025-06-09_17-44-59.516_00000096,Skeleton/23_Listen_to_music_with_headphones/user17/7-1-3/predictions/Color_2025-06-09_17-44-59.516_00000096.json,1,2,,,ambiguous,multi_person_visual_decision_unavailable,False,
train__c23__user17__7-1-3,23,Listen_to_music_with_headphones,user17,7-1-3,validation,97,2025-06-09_17-44-59.616,2025-06-09_17-44-59.616_00000097,Skeleton/23_Listen_to_music_with_headphones/user17/7-1-3/predictions/Color_2025-06-09_17-44-59.616_00000097.json,1,2,,,ambiguous,multi_person_visual_decision_unavailable,False,
train__c23__user17__7-1-3,23,Listen_to_music_with_headphones,user17,7-1-3,validation,98,2025-06-09_17-44-59.716,2025-06-09_17-44-59.716_00000098,Skeleton/23_Listen_to_music_with_headphones/user17/7-1-3/predictions/Color_2025-06-09_17-44-59.716_00000098.json,1,2,,,ambiguous,multi_person_visual_decision_unavailable,False,
train__c23__user17__7-1-3,23,Listen_to_music_with_headphones,user17,7-1-3,validation,99,2025-06-09_17-44-59.816,2025-06-09_17-44-59.816_00000099,Skeleton/23_Listen_to_music_with_headphones/user17/7-1-3/predictions/Color_2025-06-09_17-44-59.816_00000099.json,1,2,,,ambiguous,multi_person_visual_decision_unavailable,False,
train__c23__user17__7-1-3,23,Listen_to_music_with_headphones,user17,7-1-3,validation,100,2025-06-09_17-44-59.916,2025-06-09_17-44-59.916_00000100,Skeleton/23_Listen_to_music_with_headphones/user17/7-1-3/predictions/Color_2025-06-09_17-44-59.916_00000100.json,1,2,,,ambiguous,multi_person_visual_decision_unavailable,False,
train__c23__user17__7-1-3,23,Listen_to_music_with_headphones,user17,7-1-3,validation,101,2025-06-09_17-45-00.016,2025-06-09_17-45-00.016_00000101,Skeleton/23_Listen_to_music_with_headphones/user17/7-1-3/predictions/Color_2025-06-09_17-45-00.016_00000101.json,1,2,,,ambiguous,multi_person_visual_decision_unavailable,False,
train__c23__user17__7-1-3,23,Listen_to_music_with_headphones,user17,7-1-3,validation,102,2025-06-09_17-45-00.116,2025-06-09_17-45-00.116_00000102,Skeleton/23_Listen_to_music_with_headphones/user17/7-1-3/predictions/Color_2025-06-09_17-45-00.116_00000102.json,1,2,,,ambiguous,multi_person_visual_decision_unavailable,False,
train__c23__user17__7-1-3,23,Listen_to_music_with_headphones,user17,7-1-3,validation,103,2025-06-09_17-45-00.216,2025-06-09_17-45-00.216_00000103,Skeleton/23_Listen_to_music_with_headphones/user17/7-1-3/predictions/Color_2025-06-09_17-45-00.216_00000103.json,1,2,,,ambiguous,multi_person_visual_decision_unavailable,False,
train__c23__user17__7-1-3,23,Listen_to_music_with_headphones,user17,7-1-3,validation,104,2025-06-09_17-45-00.316,2025-06-09_17-45-00.316_00000104,Skeleton/23_Listen_to_music_with_headphones/user17/7-1-3/predictions/Color_2025-06-09_17-45-00.316_00000104.json,1,2,,,ambiguous,multi_person_visual_decision_unavailable,False,
train__c23__user17__7-1-3,23,Listen_to_music_with_headphones,user17,7-1-3,validation,105,2025-06-09_17-45-00.416,2025-06-09_17-45-00.416_00000105,Skeleton/23_Listen_to_music_with_headphones/user17/7-1-3/predictions/Color_2025-06-09_17-45-00.416_00000105.json,1,2,,,ambiguous,multi_person_visual_decision_unavailable,False,
train__c23__user17__7-1-3,23,Listen_to_music_with_headphones,user17,7-1-3,validation,106,2025-06-09_17-45-00.516,2025-06-09_17-45-00.516_00000106,Skeleton/23_Listen_to_music_with_headphones/user17/7-1-3/predictions/Color_2025-06-09_17-45-00.516_00000106.json,1,2,,,ambiguous,multi_person_visual_decision_unavailable,False,
train__c23__user17__7-1-3,23,Listen_to_music_with_headphones,user17,7-1-3,validation,107,2025-06-09_17-45-00.616,2025-06-09_17-45-00.616_00000107,Skeleton/23_Listen_to_music_with_headphones/user17/7-1-3/predictions/Color_2025-06-09_17-45-00.616_00000107.json,1,2,,,ambiguous,multi_person_visual_decision_unavailable,False,
train__c23__user17__7-1-3,23,Listen_to_music_with_headphones,user17,7-1-3,validation,108,2025-06-09_17-45-00.716,2025-06-09_17-45-00.716_00000108,Skeleton/23_Listen_to_music_with_headphones/user17/7-1-3/predictions/Color_2025-06-09_17-45-00.716_00000108.json,1,2,,,ambiguous,multi_person_visual_decision_unavailable,False,
train__c23__user17__7-1-3,23,Listen_to_music_with_headphones,user17,7-1-3,validation,109,2025-06-09_17-45-00.816,2025-06-09_17-45-00.816_00000109,Skeleton/23_Listen_to_music_with_headphones/user17/7-1-3/predictions/Color_2025-06-09_17-45-00.816_00000109.json,1,2,,,ambiguous,multi_person_visual_decision_unavailable,False,
train__c23__user17__7-1-3,23,Listen_to_music_with_headphones,user17,7-1-3,validation,110,2025-06-09_17-45-00.916,2025-06-09_17-45-00.916_00000110,Skeleton/23_Listen_to_music_with_headphones/user17/7-1-3/predictions/Color_2025-06-09_17-45-00.916_00000110.json,1,2,,,ambiguous,multi_person_visual_decision_unavailable,False,
train__c23__user17__7-1-3,23,Listen_to_music_with_headphones,user17,7-1-3,validation,111,2025-06-09_17-45-01.016,2025-06-09_17-45-01.016_00000111,Skeleton/23_Listen_to_music_with_headphones/user17/7-1-3/predictions/Color_2025-06-09_17-45-01.016_00000111.json,1,2,,,ambiguous,multi_person_visual_decision_unavailable,False,
train__c23__user17__7-1-3,23,Listen_to_music_with_headphones,user17,7-1-3,validation,112,2025-06-09_17-45-01.116,2025-06-09_17-45-01.116_00000112,Skeleton/23_Listen_to_music_with_headphones/user17/7-1-3/predictions/Color_2025-06-09_17-45-01.116_00000112.json,1,2,,,ambiguous,multi_person_visual_decision_unavailable,False,
train__c23__user17__7-1-3,23,Listen_to_music_with_headphones,user17,7-1-3,validation,113,2025-06-09_17-45-01.216,2025-06-09_17-45-01.216_00000113,Skeleton/23_Listen_to_music_with_headphones/user17/7-1-3/predictions/Color_2025-06-09_17-45-01.216_00000113.json,1,2,,,ambiguous,multi_person_visual_decision_unavailable,False,
train__c23__user17__7-1-3,23,Listen_to_music_with_headphones,user17,7-1-3,validation,114,2025-06-09_17-45-01.316,2025-06-09_17-45-01.316_00000114,Skeleton/23_Listen_to_music_with_headphones/user17/7-1-3/predictions/Color_2025-06-09_17-45-01.316_00000114.json,1,2,,,ambiguous,multi_person_visual_decision_unavailable,False,
train__c23__user17__7-1-3,23,Listen_to_music_with_headphones,user17,7-1-3,validation,115,2025-06-09_17-45-01.416,2025-06-09_17-45-01.416_00000115,Skeleton/23_Listen_to_music_with_headphones/user17/7-1-3/predictions/Color_2025-06-09_17-45-01.416_00000115.json,1,2,,,ambiguous,multi_person_visual_decision_unavailable,False,
train__c23__user17__7-1-3,23,Listen_to_music_with_headphones,user17,7-1-3,validation,116,2025-06-09_17-45-01.516,2025-06-09_17-45-01.516_00000116,Skeleton/23_Listen_to_music_with_headphones/user17/7-1-3/predictions/Color_2025-06-09_17-45-01.516_00000116.json,1,2,,,ambiguous,multi_person_visual_decision_unavailable,False,
train__c23__user17__7-1-3,23,Listen_to_music_with_headphones,user17,7-1-3,validation,117,2025-06-09_17-45-01.616,2025-06-09_17-45-01.616_00000117,Skeleton/23_Listen_to_music_with_headphones/user17/7-1-3/predictions/Color_2025-06-09_17-45-01.616_00000117.json,1,2,,,ambiguous,multi_person_visual_decision_unavailable,False,
train__c23__user17__7-1-3,23,Listen_to_music_with_headphones,user17,7-1-3,validation,118,2025-06-09_17-45-01.716,2025-06-09_17-45-01.716_00000118,Skeleton/23_Listen_to_music_with_headphones/user17/7-1-3/predictions/Color_2025-06-09_17-45-01.716_00000118.json,1,2,,,ambiguous,multi_person_visual_decision_unavailable,False,
train__c23__user17__7-1-3,23,Listen_to_music_with_headphones,user17,7-1-3,validation,119,2025-06-09_17-45-01.816,2025-06-09_17-45-01.816_00000119,Skeleton/23_Listen_to_music_with_headphones/user17/7-1-3/predictions/Color_2025-06-09_17-45-01.816_00000119.json,1,2,,,ambiguous,multi_person_visual_decision_unavailable,False,
train__c23__user17__7-1-3,23,Listen_to_music_with_headphones,user17,7-1-3,validation,120,2025-06-09_17-45-01.916,2025-06-09_17-45-01.916_00000120,Skeleton/23_Listen_to_music_with_headphones/user17/7-1-3/predictions/Color_2025-06-09_17-45-01.916_00000120.json,1,2,,,ambiguous,multi_person_visual_decision_unavailable,False,
train__c23__user17__7-1-3,23,Listen_to_music_with_headphones,user17,7-1-3,validation,121,2025-06-09_17-45-02.016,2025-06-09_17-45-02.016_00000121,Skeleton/23_Listen_to_music_with_headphones/user17/7-1-3/predictions/Color_2025-06-09_17-45-02.016_00000121.json,1,2,,,ambiguous,multi_person_visual_decision_unavailable,False,
train__c23__user17__7-1-3,23,Listen_to_music_with_headphones,user17,7-1-3,validation,122,2025-06-09_17-45-02.116,2025-06-09_17-45-02.116_00000122,Skeleton/23_Listen_to_music_with_headphones/user17/7-1-3/predictions/Color_2025-06-09_17-45-02.116_00000122.json,1,2,,,ambiguous,multi_person_visual_decision_unavailable,False,
train__c23__user17__7-1-3,23,Listen_to_music_with_headphones,user17,7-1-3,validation,123,2025-06-09_17-45-02.216,2025-06-09_17-45-02.216_00000123,Skeleton/23_Listen_to_music_with_headphones/user17/7-1-3/predictions/Color_2025-06-09_17-45-02.216_00000123.json,1,2,,,ambiguous,multi_person_visual_decision_unavailable,False,
train__c23__user17__7-1-3,23,Listen_to_music_with_headphones,user17,7-1-3,validation,124,2025-06-09_17-45-02.316,2025-06-09_17-45-02.316_00000124,Skeleton/23_Listen_to_music_with_headphones/user17/7-1-3/predictions/Color_2025-06-09_17-45-02.316_00000124.json,1,2,,,ambiguous,multi_person_visual_decision_unavailable,False,
train__c23__user17__7-1-3,23,Listen_to_music_with_headphones,user17,7-1-3,validation,125,2025-06-09_17-45-02.416,2025-06-09_17-45-02.416_00000125,Skeleton/23_Listen_to_music_with_headphones/user17/7-1-3/predictions/Color_2025-06-09_17-45-02.416_00000125.json,1,2,,,ambiguous,multi_person_visual_decision_unavailable,False,
train__c23__user17__7-1-3,23,Listen_to_music_with_headphones,user17,7-1-3,validation,126,2025-06-09_17-45-02.516,2025-06-09_17-45-02.516_00000126,Skeleton/23_Listen_to_music_with_headphones/user17/7-1-3/predictions/Color_2025-06-09_17-45-02.516_00000126.json,1,2,,,ambiguous,multi_person_visual_decision_unavailable,False,
train__c23__user17__7-1-3,23,Listen_to_music_with_headphones,user17,7-1-3,validation,127,2025-06-09_17-45-02.616,2025-06-09_17-45-02.616_00000127,Skeleton/23_Listen_to_music_with_headphones/user17/7-1-3/predictions/Color_2025-06-09_17-45-02.616_00000127.json,1,2,,,ambiguous,multi_person_visual_decision_unavailable,False,
train__c23__user17__7-1-3,23,Listen_to_music_with_headphones,user17,7-1-3,validation,128,2025-06-09_17-45-02.716,2025-06-09_17-45-02.716_00000128,Skeleton/23_Listen_to_music_with_headphones/user17/7-1-3/predictions/Color_2025-06-09_17-45-02.716_00000128.json,1,2,,,ambiguous,multi_person_visual_decision_unavailable,False,
train__c23__user17__7-1-3,23,Listen_to_music_with_headphones,user17,7-1-3,validation,129,2025-06-09_17-45-02.816,2025-06-09_17-45-02.816_00000129,Skeleton/23_Listen_to_music_with_headphones/user17/7-1-3/predictions/Color_2025-06-09_17-45-02.816_00000129.json,1,2,,,ambiguous,multi_person_visual_decision_unavailable,False,
train__c23__user17__7-1-3,23,Listen_to_music_with_headphones,user17,7-1-3,validation,130,2025-06-09_17-45-02.916,2025-06-09_17-45-02.916_00000130,Skeleton/23_Listen_to_music_with_headphones/user17/7-1-3/predictions/Color_2025-06-09_17-45-02.916_00000130.json,1,2,,,ambiguous,multi_person_visual_decision_unavailable,False,
train__c23__user17__7-1-3,23,Listen_to_music_with_headphones,user17,7-1-3,validation,131,2025-06-09_17-45-03.016,2025-06-09_17-45-03.016_00000131,Skeleton/23_Listen_to_music_with_headphones/user17/7-1-3/predictions/Color_2025-06-09_17-45-03.016_00000131.json,1,2,,,ambiguous,multi_person_visual_decision_unavailable,False,
train__c23__user17__7-1-3,23,Listen_to_music_with_headphones,user17,7-1-3,validation,132,2025-06-09_17-45-03.116,2025-06-09_17-45-03.116_00000132,Skeleton/23_Listen_to_music_with_headphones/user17/7-1-3/predictions/Color_2025-06-09_17-45-03.116_00000132.json,1,2,,,ambiguous,multi_person_visual_decision_unavailable,False,
train__c23__user17__7-1-3,23,Listen_to_music_with_headphones,user17,7-1-3,validation,133,2025-06-09_17-45-03.216,2025-06-09_17-45-03.216_00000133,Skeleton/23_Listen_to_music_with_headphones/user17/7-1-3/predictions/Color_2025-06-09_17-45-03.216_00000133.json,1,2,,,ambiguous,multi_person_visual_decision_unavailable,False,
train__c23__user17__7-1-3,23,Listen_to_music_with_headphones,user17,7-1-3,validation,134,2025-06-09_17-45-03.316,2025-06-09_17-45-03.316_00000134,Skeleton/23_Listen_to_music_with_headphones/user17/7-1-3/predictions/Color_2025-06-09_17-45-03.316_00000134.json,1,2,,,ambiguous,multi_person_visual_decision_unavailable,False,
train__c23__user17__7-1-3,23,Listen_to_music_with_headphones,user17,7-1-3,validation,135,2025-06-09_17-45-03.416,2025-06-09_17-45-03.416_00000135,Skeleton/23_Listen_to_music_with_headphones/user17/7-1-3/predictions/Color_2025-06-09_17-45-03.416_00000135.json,1,2,,,ambiguous,multi_person_visual_decision_unavailable,False,
train__c23__user17__7-1-3,23,Listen_to_music_with_headphones,user17,7-1-3,validation,136,2025-06-09_17-45-03.516,2025-06-09_17-45-03.516_00000136,Skeleton/23_Listen_to_music_with_headphones/user17/7-1-3/predictions/Color_2025-06-09_17-45-03.516_00000136.json,1,2,,,ambiguous,multi_person_visual_decision_unavailable,False,
train__c23__user17__7-1-3,23,Listen_to_music_with_headphones,user17,7-1-3,validation,137,2025-06-09_17-45-03.616,2025-06-09_17-45-03.616_00000137,Skeleton/23_Listen_to_music_with_headphones/user17/7-1-3/predictions/Color_2025-06-09_17-45-03.616_00000137.json,1,2,,,ambiguous,multi_person_visual_decision_unavailable,False,
train__c23__user17__7-1-3,23,Listen_to_music_with_headphones,user17,7-1-3,validation,138,2025-06-09_17-45-03.716,2025-06-09_17-45-03.716_00000138,Skeleton/23_Listen_to_music_with_headphones/user17/7-1-3/predictions/Color_2025-06-09_17-45-03.716_00000138.json,1,2,,,ambiguous,multi_person_visual_decision_unavailable,False,
train__c23__user17__7-1-3,23,Listen_to_music_with_headphones,user17,7-1-3,validation,139,2025-06-09_17-45-03.816,2025-06-09_17-45-03.816_00000139,Skeleton/23_Listen_to_music_with_headphones/user17/7-1-3/predictions/Color_2025-06-09_17-45-03.816_00000139.json,1,2,,,ambiguous,multi_person_visual_decision_unavailable,False,
train__c23__user17__7-1-3,23,Listen_to_music_with_headphones,user17,7-1-3,validation,140,2025-06-09_17-45-03.916,2025-06-09_17-45-03.916_00000140,Skeleton/23_Listen_to_music_with_headphones/user17/7-1-3/predictions/Color_2025-06-09_17-45-03.916_00000140.json,1,2,,,ambiguous,multi_person_visual_decision_unavailable,False,
train__c23__user17__7-1-3,23,Listen_to_music_with_headphones,user17,7-1-3,validation,141,2025-06-09_17-45-04.016,2025-06-09_17-45-04.016_00000141,Skeleton/23_Listen_to_music_with_headphones/user17/7-1-3/predictions/Color_2025-06-09_17-45-04.016_00000141.json,1,2,,,ambiguous,multi_person_visual_decision_unavailable,False,
train__c23__user17__7-1-3,23,Listen_to_music_with_headphones,user17,7-1-3,validation,142,2025-06-09_17-45-04.116,2025-06-09_17-45-04.116_00000142,Skeleton/23_Listen_to_music_with_headphones/user17/7-1-3/predictions/Color_2025-06-09_17-45-04.116_00000142.json,1,2,,,ambiguous,multi_person_visual_decision_unavailable,False,
train__c23__user17__7-1-3,23,Listen_to_music_with_headphones,user17,7-1-3,validation,143,2025-06-09_17-45-04.216,2025-06-09_17-45-04.216_00000143,Skeleton/23_Listen_to_music_with_headphones/user17/7-1-3/predictions/Color_2025-06-09_17-45-04.216_00000143.json,1,2,,,ambiguous,multi_person_visual_decision_unavailable,False,
train__c23__user17__7-1-3,23,Listen_to_music_with_headphones,user17,7-1-3,validation,144,2025-06-09_17-45-04.316,2025-06-09_17-45-04.316_00000144,Skeleton/23_Listen_to_music_with_headphones/user17/7-1-3/predictions/Color_2025-06-09_17-45-04.316_00000144.json,1,2,,,ambiguous,multi_person_visual_decision_unavailable,False,
train__c23__user17__7-1-3,23,Listen_to_music_with_headphones,user17,7-1-3,validation,145,2025-06-09_17-45-04.416,2025-06-09_17-45-04.416_00000145,Skeleton/23_Listen_to_music_with_headphones/user17/7-1-3/predictions/Color_2025-06-09_17-45-04.416_00000145.json,1,2,,,ambiguous,multi_person_visual_decision_unavailable,False,
train__c23__user17__7-1-3,23,Listen_to_music_with_headphones,user17,7-1-3,validation,146,2025-06-09_17-45-04.516,2025-06-09_17-45-04.516_00000146,Skeleton/23_Listen_to_music_with_headphones/user17/7-1-3/predictions/Color_2025-06-09_17-45-04.516_00000146.json,1,2,,,ambiguous,multi_person_visual_decision_unavailable,False,
train__c23__user17__7-1-3,23,Listen_to_music_with_headphones,user17,7-1-3,validation,147,2025-06-09_17-45-04.616,2025-06-09_17-45-04.616_00000147,Skeleton/23_Listen_to_music_with_headphones/user17/7-1-3/predictions/Color_2025-06-09_17-45-04.616_00000147.json,1,2,,,ambiguous,multi_person_visual_decision_unavailable,False,
train__c23__user17__7-1-3,23,Listen_to_music_with_headphones,user17,7-1-3,validation,148,2025-06-09_17-45-04.716,2025-06-09_17-45-04.716_00000148,Skeleton/23_Listen_to_music_with_headphones/user17/7-1-3/predictions/Color_2025-06-09_17-45-04.716_00000148.json,1,2,,,ambiguous,multi_person_visual_decision_unavailable,False,
train__c23__user17__7-1-3,23,Listen_to_music_with_headphones,user17,7-1-3,validation,149,2025-06-09_17-45-04.816,2025-06-09_17-45-04.816_00000149,Skeleton/23_Listen_to_music_with_headphones/user17/7-1-3/predictions/Color_2025-06-09_17-45-04.816_00000149.json,1,2,,,ambiguous,multi_person_visual_decision_unavailable,False,
train__c23__user17__7-1-3,23,Listen_to_music_with_headphones,user17,7-1-3,validation,150,2025-06-09_17-45-04.916,2025-06-09_17-45-04.916_00000150,Skeleton/23_Listen_to_music_with_headphones/user17/7-1-3/predictions/Color_2025-06-09_17-45-04.916_00000150.json,1,2,,,ambiguous,multi_person_visual_decision_unavailable,False,
train__c23__user17__7-1-3,23,Listen_to_music_with_headphones,user17,7-1-3,validation,151,2025-06-09_17-45-05.016,2025-06-09_17-45-05.016_00000151,Skeleton/23_Listen_to_music_with_headphones/user17/7-1-3/predictions/Color_2025-06-09_17-45-05.016_00000151.json,1,2,,,ambiguous,multi_person_visual_decision_unavailable,False,
train__c23__user17__7-1-3,23,Listen_to_music_with_headphones,user17,7-1-3,validation,152,2025-06-09_17-45-05.116,2025-06-09_17-45-05.116_00000152,Skeleton/23_Listen_to_music_with_headphones/user17/7-1-3/predictions/Color_2025-06-09_17-45-05.116_00000152.json,1,2,,,ambiguous,multi_person_visual_decision_unavailable,False,
train__c23__user17__7-1-3,23,Listen_to_music_with_headphones,user17,7-1-3,validation,153,2025-06-09_17-45-05.216,2025-06-09_17-45-05.216_00000153,Skeleton/23_Listen_to_music_with_headphones/user17/7-1-3/predictions/Color_2025-06-09_17-45-05.216_00000153.json,1,2,,,ambiguous,multi_person_visual_decision_unavailable,False,
train__c23__user17__7-1-3,23,Listen_to_music_with_headphones,user17,7-1-3,validation,154,2025-06-09_17-45-05.316,2025-06-09_17-45-05.316_00000154,Skeleton/23_Listen_to_music_with_headphones/user17/7-1-3/predictions/Color_2025-06-09_17-45-05.316_00000154.json,1,2,,,ambiguous,multi_person_visual_decision_unavailable,False,
train__c23__user17__7-1-3,23,Listen_to_music_with_headphones,user17,7-1-3,validation,155,2025-06-09_17-45-05.416,2025-06-09_17-45-05.416_00000155,Skeleton/23_Listen_to_music_with_headphones/user17/7-1-3/predictions/Color_2025-06-09_17-45-05.416_00000155.json,1,2,,,ambiguous,multi_person_visual_decision_unavailable,False,
train__c23__user17__7-1-3,23,Listen_to_music_with_headphones,user17,7-1-3,validation,156,2025-06-09_17-45-05.516,2025-06-09_17-45-05.516_00000156,Skeleton/23_Listen_to_music_with_headphones/user17/7-1-3/predictions/Color_2025-06-09_17-45-05.516_00000156.json,1,2,,,ambiguous,multi_person_visual_decision_unavailable,False,
train__c23__user17__7-1-3,23,Listen_to_music_with_headphones,user17,7-1-3,validation,157,2025-06-09_17-45-05.616,2025-06-09_17-45-05.616_00000157,Skeleton/23_Listen_to_music_with_headphones/user17/7-1-3/predictions/Color_2025-06-09_17-45-05.616_00000157.json,1,2,,,ambiguous,multi_person_visual_decision_unavailable,False,
train__c23__user17__7-1-3,23,Listen_to_music_with_headphones,user17,7-1-3,validation,158,2025-06-09_17-45-05.716,2025-06-09_17-45-05.716_00000158,Skeleton/23_Listen_to_music_with_headphones/user17/7-1-3/predictions/Color_2025-06-09_17-45-05.716_00000158.json,1,2,,,ambiguous,multi_person_visual_decision_unavailable,False,
train__c23__user17__7-1-3,23,Listen_to_music_with_headphones,user17,7-1-3,validation,159,2025-06-09_17-45-05.816,2025-06-09_17-45-05.816_00000159,Skeleton/23_Listen_to_music_with_headphones/user17/7-1-3/predictions/Color_2025-06-09_17-45-05.816_00000159.json,1,2,,,ambiguous,multi_person_visual_decision_unavailable,False,
train__c23__user17__7-1-3,23,Listen_to_music_with_headphones,user17,7-1-3,validation,160,2025-06-09_17-45-05.916,2025-06-09_17-45-05.916_00000160,Skeleton/23_Listen_to_music_with_headphones/user17/7-1-3/predictions/Color_2025-06-09_17-45-05.916_00000160.json,1,2,,,ambiguous,multi_person_visual_decision_unavailable,False,
train__c23__user21__1-2-2,23,Listen_to_music_with_headphones,user21,1-2-2,train,150,2025-06-13_17-35-15.916,2025-06-13_17-35-15.916_00000150,Skeleton/23_Listen_to_music_with_headphones/user21/1-2-2/predictions/Color_2025-06-13_17-35-15.916_00000150.json,1,2,,0.1078158232911087,ambiguous,multi_person_visual_margin_lt_20pct,False,
train__c24__user4__3-2-3,24,Use_a_mobile_phone,user4,3-2-3,validation,79,2025-05-07_19-14-41.816,2025-05-07_19-14-41.816_00000079,Skeleton/24_Use_a_mobile_phone/user4/3-2-3/predictions/Color_2025-05-07_19-14-41.816_00000079.json,1,2,,,ambiguous,multi_person_visual_decision_unavailable,False,
train__c29__user17__4-1-1,29,Do_squats,user17,4-1-1,validation,316,2025-06-09_17-23-27.516,2025-06-09_17-23-27.516_00000316,Skeleton/29_Do_squats/user17/4-1-1/predictions/Color_2025-06-09_17-23-27.516_00000316.json,1,2,,,ambiguous,multi_person_visual_decision_unavailable,False,
train__c29__user17__4-1-1,29,Do_squats,user17,4-1-1,validation,321,2025-06-09_17-23-28.016,2025-06-09_17-23-28.016_00000321,Skeleton/29_Do_squats/user17/4-1-1/predictions/Color_2025-06-09_17-23-28.016_00000321.json,1,2,,,ambiguous,multi_person_visual_decision_unavailable,False,
train__c29__user17__4-1-1,29,Do_squats,user17,4-1-1,validation,322,2025-06-09_17-23-28.116,2025-06-09_17-23-28.116_00000322,Skeleton/29_Do_squats/user17/4-1-1/predictions/Color_2025-06-09_17-23-28.116_00000322.json,1,2,,,ambiguous,multi_person_visual_decision_unavailable,False,
train__c29__user17__4-1-1,29,Do_squats,user17,4-1-1,validation,323,2025-06-09_17-23-28.216,2025-06-09_17-23-28.216_00000323,Skeleton/29_Do_squats/user17/4-1-1/predictions/Color_2025-06-09_17-23-28.216_00000323.json,1,2,,,ambiguous,multi_person_visual_decision_unavailable,False,
train__c29__user17__4-1-1,29,Do_squats,user17,4-1-1,validation,324,2025-06-09_17-23-28.316,2025-06-09_17-23-28.316_00000324,Skeleton/29_Do_squats/user17/4-1-1/predictions/Color_2025-06-09_17-23-28.316_00000324.json,1,2,,,ambiguous,multi_person_visual_decision_unavailable,False,
train__c29__user17__4-1-1,29,Do_squats,user17,4-1-1,validation,325,2025-06-09_17-23-28.416,2025-06-09_17-23-28.416_00000325,Skeleton/29_Do_squats/user17/4-1-1/predictions/Color_2025-06-09_17-23-28.416_00000325.json,1,2,,,ambiguous,multi_person_visual_decision_unavailable,False,
train__c29__user17__4-1-1,29,Do_squats,user17,4-1-1,validation,326,2025-06-09_17-23-28.516,2025-06-09_17-23-28.516_00000326,Skeleton/29_Do_squats/user17/4-1-1/predictions/Color_2025-06-09_17-23-28.516_00000326.json,1,2,,,ambiguous,multi_person_visual_decision_unavailable,False,
train__c29__user17__4-1-1,29,Do_squats,user17,4-1-1,validation,327,2025-06-09_17-23-28.616,2025-06-09_17-23-28.616_00000327,Skeleton/29_Do_squats/user17/4-1-1/predictions/Color_2025-06-09_17-23-28.616_00000327.json,1,2,,,ambiguous,multi_person_visual_decision_unavailable,False,
train__c29__user17__4-1-1,29,Do_squats,user17,4-1-1,validation,328,2025-06-09_17-23-28.716,2025-06-09_17-23-28.716_00000328,Skeleton/29_Do_squats/user17/4-1-1/predictions/Color_2025-06-09_17-23-28.716_00000328.json,1,2,,,ambiguous,multi_person_visual_decision_unavailable,False,
train__c29__user17__4-1-1,29,Do_squats,user17,4-1-1,validation,346,2025-06-09_17-23-30.516,2025-06-09_17-23-30.516_00000346,Skeleton/29_Do_squats/user17/4-1-1/predictions/Color_2025-06-09_17-23-30.516_00000346.json,1,2,,,ambiguous,multi_person_visual_decision_unavailable,False,
train__c29__user17__4-1-1,29,Do_squats,user17,4-1-1,validation,347,2025-06-09_17-23-30.616,2025-06-09_17-23-30.616_00000347,Skeleton/29_Do_squats/user17/4-1-1/predictions/Color_2025-06-09_17-23-30.616_00000347.json,1,2,,,ambiguous,multi_person_visual_decision_unavailable,False,
train__c29__user17__4-1-2,29,Do_squats,user17,4-1-2,validation,275,2025-06-09_17-25-48.416,2025-06-09_17-25-48.416_00000275,Skeleton/29_Do_squats/user17/4-1-2/predictions/Color_2025-06-09_17-25-48.416_00000275.json,1,2,,,ambiguous,multi_person_visual_decision_unavailable,False,
train__c29__user17__4-1-2,29,Do_squats,user17,4-1-2,validation,296,2025-06-09_17-25-50.516,2025-06-09_17-25-50.516_00000296,Skeleton/29_Do_squats/user17/4-1-2/predictions/Color_2025-06-09_17-25-50.516_00000296.json,1,2,,,ambiguous,multi_person_visual_decision_unavailable,False,
train__c29__user17__4-1-3,29,Do_squats,user17,4-1-3,validation,213,2025-06-09_17-27-38.216,2025-06-09_17-27-38.216_00000213,Skeleton/29_Do_squats/user17/4-1-3/predictions/Color_2025-06-09_17-27-38.216_00000213.json,1,2,,,ambiguous,multi_person_visual_decision_unavailable,False,
train__c29__user17__4-1-3,29,Do_squats,user17,4-1-3,validation,217,2025-06-09_17-27-38.616,2025-06-09_17-27-38.616_00000217,Skeleton/29_Do_squats/user17/4-1-3/predictions/Color_2025-06-09_17-27-38.616_00000217.json,1,2,,,ambiguous,multi_person_visual_decision_unavailable,False,
train__c29__user17__4-1-3,29,Do_squats,user17,4-1-3,validation,220,2025-06-09_17-27-38.916,2025-06-09_17-27-38.916_00000220,Skeleton/29_Do_squats/user17/4-1-3/predictions/Color_2025-06-09_17-27-38.916_00000220.json,1,2,,,ambiguous,multi_person_visual_decision_unavailable,False,
train__c29__user17__4-1-3,29,Do_squats,user17,4-1-3,validation,227,2025-06-09_17-27-39.616,2025-06-09_17-27-39.616_00000227,Skeleton/29_Do_squats/user17/4-1-3/predictions/Color_2025-06-09_17-27-39.616_00000227.json,1,2,,,ambiguous,multi_person_visual_decision_unavailable,False,
train__c29__user23__6-1-3,29,Do_squats,user23,6-1-3,validation,66,2025-06-12_17-11-02.516,2025-06-12_17-11-02.516_00000066,Skeleton/29_Do_squats/user23/6-1-3/predictions/Color_2025-06-12_17-11-02.516_00000066.json,1,2,,,ambiguous,multi_person_visual_decision_unavailable,False,
train__c29__user23__6-1-3,29,Do_squats,user23,6-1-3,validation,67,2025-06-12_17-11-02.616,2025-06-12_17-11-02.616_00000067,Skeleton/29_Do_squats/user23/6-1-3/predictions/Color_2025-06-12_17-11-02.616_00000067.json,1,2,,,ambiguous,multi_person_visual_decision_unavailable,False,
train__c29__user23__6-1-3,29,Do_squats,user23,6-1-3,validation,76,2025-06-12_17-11-03.516,2025-06-12_17-11-03.516_00000076,Skeleton/29_Do_squats/user23/6-1-3/predictions/Color_2025-06-12_17-11-03.516_00000076.json,1,2,,,ambiguous,multi_person_visual_decision_unavailable,False,
train__c29__user23__6-3-1,29,Do_squats,user23,6-3-1,validation,73,2025-06-12_17-13-25.216,2025-06-12_17-13-25.216_00000073,Skeleton/29_Do_squats/user23/6-3-1/predictions/Color_2025-06-12_17-13-25.216_00000073.json,1,2,,,ambiguous,multi_person_visual_decision_unavailable,False,
train__c29__user23__6-3-1,29,Do_squats,user23,6-3-1,validation,74,2025-06-12_17-13-25.316,2025-06-12_17-13-25.316_00000074,Skeleton/29_Do_squats/user23/6-3-1/predictions/Color_2025-06-12_17-13-25.316_00000074.json,1,2,,,ambiguous,multi_person_visual_decision_unavailable,False,
train__c31__user2__1-2-2,31,Do_stretching_exercises,user2,1-2-2,train,97,2025-05-08_17-03-12.616,2025-05-08_17-03-12.616_00000097,Skeleton/31_Do_stretching_exercises/user2/1-2-2/predictions/Color_2025-05-08_17-03-12.616_00000097.json,1,2,,0.0941103944597311,ambiguous,multi_person_visual_margin_lt_20pct,False,
train__c31__user9__1-1-1,31,Do_stretching_exercises,user9,1-1-1,train,255,2025-05-31_18-26-51.416,2025-05-31_18-26-51.416_00000255,Skeleton/31_Do_stretching_exercises/user9/1-1-1/predictions/Color_2025-05-31_18-26-51.416_00000255.json,1,2,,,ambiguous,multi_person_visual_decision_unavailable,False,
train__c31__user9__1-1-1,31,Do_stretching_exercises,user9,1-1-1,train,256,2025-05-31_18-26-51.516,2025-05-31_18-26-51.516_00000256,Skeleton/31_Do_stretching_exercises/user9/1-1-1/predictions/Color_2025-05-31_18-26-51.516_00000256.json,1,2,,,ambiguous,multi_person_visual_decision_unavailable,False,
train__c31__user9__1-1-1,31,Do_stretching_exercises,user9,1-1-1,train,257,2025-05-31_18-26-51.616,2025-05-31_18-26-51.616_00000257,Skeleton/31_Do_stretching_exercises/user9/1-1-1/predictions/Color_2025-05-31_18-26-51.616_00000257.json,1,2,,,ambiguous,multi_person_visual_decision_unavailable,False,
train__c31__user9__1-1-1,31,Do_stretching_exercises,user9,1-1-1,train,258,2025-05-31_18-26-51.716,2025-05-31_18-26-51.716_00000258,Skeleton/31_Do_stretching_exercises/user9/1-1-1/predictions/Color_2025-05-31_18-26-51.716_00000258.json,1,2,,,ambiguous,multi_person_visual_decision_unavailable,False,
train__c31__user9__1-1-1,31,Do_stretching_exercises,user9,1-1-1,train,259,2025-05-31_18-26-51.816,2025-05-31_18-26-51.816_00000259,Skeleton/31_Do_stretching_exercises/user9/1-1-1/predictions/Color_2025-05-31_18-26-51.816_00000259.json,1,2,,,ambiguous,multi_person_visual_decision_unavailable,False,
train__c31__user9__1-1-1,31,Do_stretching_exercises,user9,1-1-1,train,262,2025-05-31_18-26-52.116,2025-05-31_18-26-52.116_00000262,Skeleton/31_Do_stretching_exercises/user9/1-1-1/predictions/Color_2025-05-31_18-26-52.116_00000262.json,1,3,,,ambiguous,multi_person_visual_decision_unavailable,False,
train__c31__user9__1-1-1,31,Do_stretching_exercises,user9,1-1-1,train,263,2025-05-31_18-26-52.216,2025-05-31_18-26-52.216_00000263,Skeleton/31_Do_stretching_exercises/user9/1-1-1/predictions/Color_2025-05-31_18-26-52.216_00000263.json,1,2,,,ambiguous,multi_person_visual_decision_unavailable,False,
train__c31__user9__1-1-1,31,Do_stretching_exercises,user9,1-1-1,train,264,2025-05-31_18-26-52.316,2025-05-31_18-26-52.316_00000264,Skeleton/31_Do_stretching_exercises/user9/1-1-1/predictions/Color_2025-05-31_18-26-52.316_00000264.json,1,2,,,ambiguous,multi_person_visual_decision_unavailable,False,
train__c31__user9__1-1-1,31,Do_stretching_exercises,user9,1-1-1,train,265,2025-05-31_18-26-52.416,2025-05-31_18-26-52.416_00000265,Skeleton/31_Do_stretching_exercises/user9/1-1-1/predictions/Color_2025-05-31_18-26-52.416_00000265.json,1,2,,,ambiguous,multi_person_visual_decision_unavailable,False,
train__c31__user9__1-1-1,31,Do_stretching_exercises,user9,1-1-1,train,266,2025-05-31_18-26-52.516,2025-05-31_18-26-52.516_00000266,Skeleton/31_Do_stretching_exercises/user9/1-1-1/predictions/Color_2025-05-31_18-26-52.516_00000266.json,1,2,,,ambiguous,multi_person_visual_decision_unavailable,False,
train__c31__user9__1-1-1,31,Do_stretching_exercises,user9,1-1-1,train,267,2025-05-31_18-26-52.616,2025-05-31_18-26-52.616_00000267,Skeleton/31_Do_stretching_exercises/user9/1-1-1/predictions/Color_2025-05-31_18-26-52.616_00000267.json,1,2,,,ambiguous,multi_person_visual_decision_unavailable,False,
train__c31__user9__1-1-1,31,Do_stretching_exercises,user9,1-1-1,train,268,2025-05-31_18-26-52.716,2025-05-31_18-26-52.716_00000268,Skeleton/31_Do_stretching_exercises/user9/1-1-1/predictions/Color_2025-05-31_18-26-52.716_00000268.json,1,2,,,ambiguous,multi_person_visual_decision_unavailable,False,
train__c31__user9__1-1-1,31,Do_stretching_exercises,user9,1-1-1,train,269,2025-05-31_18-26-52.816,2025-05-31_18-26-52.816_00000269,Skeleton/31_Do_stretching_exercises/user9/1-1-1/predictions/Color_2025-05-31_18-26-52.816_00000269.json,1,2,,,ambiguous,multi_person_visual_decision_unavailable,False,
train__c31__user9__1-1-1,31,Do_stretching_exercises,user9,1-1-1,train,271,2025-05-31_18-26-53.016,2025-05-31_18-26-53.016_00000271,Skeleton/31_Do_stretching_exercises/user9/1-1-1/predictions/Color_2025-05-31_18-26-53.016_00000271.json,1,2,,,ambiguous,multi_person_visual_decision_unavailable,False,
train__c31__user9__1-1-1,31,Do_stretching_exercises,user9,1-1-1,train,272,2025-05-31_18-26-53.116,2025-05-31_18-26-53.116_00000272,Skeleton/31_Do_stretching_exercises/user9/1-1-1/predictions/Color_2025-05-31_18-26-53.116_00000272.json,1,3,,,ambiguous,multi_person_visual_decision_unavailable,False,
train__c31__user9__1-1-2,31,Do_stretching_exercises,user9,1-1-2,train,158,2025-05-31_18-28-10.716,2025-05-31_18-28-10.716_00000158,Skeleton/31_Do_stretching_exercises/user9/1-1-2/predictions/Color_2025-05-31_18-28-10.716_00000158.json,1,2,,,ambiguous,multi_person_visual_decision_unavailable,False,
train__c31__user9__1-1-2,31,Do_stretching_exercises,user9,1-1-2,train,159,2025-05-31_18-28-10.816,2025-05-31_18-28-10.816_00000159,Skeleton/31_Do_stretching_exercises/user9/1-1-2/predictions/Color_2025-05-31_18-28-10.816_00000159.json,1,2,,,ambiguous,multi_person_visual_decision_unavailable,False,
train__c31__user9__1-1-2,31,Do_stretching_exercises,user9,1-1-2,train,160,2025-05-31_18-28-10.916,2025-05-31_18-28-10.916_00000160,Skeleton/31_Do_stretching_exercises/user9/1-1-2/predictions/Color_2025-05-31_18-28-10.916_00000160.json,1,2,,,ambiguous,multi_person_visual_decision_unavailable,False,
train__c31__user9__1-1-2,31,Do_stretching_exercises,user9,1-1-2,train,163,2025-05-31_18-28-11.216,2025-05-31_18-28-11.216_00000163,Skeleton/31_Do_stretching_exercises/user9/1-1-2/predictions/Color_2025-05-31_18-28-11.216_00000163.json,1,3,,,ambiguous,multi_person_visual_decision_unavailable,False,
train__c31__user9__1-1-2,31,Do_stretching_exercises,user9,1-1-2,train,166,2025-05-31_18-28-11.516,2025-05-31_18-28-11.516_00000166,Skeleton/31_Do_stretching_exercises/user9/1-1-2/predictions/Color_2025-05-31_18-28-11.516_00000166.json,1,3,,,ambiguous,multi_person_visual_decision_unavailable,False,
train__c31__user17__3-1-2,31,Do_stretching_exercises,user17,3-1-2,validation,254,2025-06-09_11-53-17.316,2025-06-09_11-53-17.316_00000254,Skeleton/31_Do_stretching_exercises/user17/3-1-2/predictions/Color_2025-06-09_11-53-17.316_00000254.json,1,2,,,ambiguous,multi_person_visual_decision_unavailable,False,
train__c31__user17__3-1-2,31,Do_stretching_exercises,user17,3-1-2,validation,255,2025-06-09_11-53-17.416,2025-06-09_11-53-17.416_00000255,Skeleton/31_Do_stretching_exercises/user17/3-1-2/predictions/Color_2025-06-09_11-53-17.416_00000255.json,1,2,,,ambiguous,multi_person_visual_decision_unavailable,False,
train__c31__user17__3-1-3,31,Do_stretching_exercises,user17,3-1-3,validation,146,2025-06-09_11-55-31.516,2025-06-09_11-55-31.516_00000146,Skeleton/31_Do_stretching_exercises/user17/3-1-3/predictions/Color_2025-06-09_11-55-31.516_00000146.json,1,2,,,ambiguous,multi_person_visual_decision_unavailable,False,
train__c31__user17__4-1-1,31,Do_stretching_exercises,user17,4-1-1,validation,281,2025-06-09_17-23-24.016,2025-06-09_17-23-24.016_00000281,Skeleton/31_Do_stretching_exercises/user17/4-1-1/predictions/Color_2025-06-09_17-23-24.016_00000281.json,1,2,,,ambiguous,multi_person_visual_decision_unavailable,False,
train__c31__user17__4-1-1,31,Do_stretching_exercises,user17,4-1-1,validation,282,2025-06-09_17-23-24.116,2025-06-09_17-23-24.116_00000282,Skeleton/31_Do_stretching_exercises/user17/4-1-1/predictions/Color_2025-06-09_17-23-24.116_00000282.json,1,2,,,ambiguous,multi_person_visual_decision_unavailable,False,
train__c31__user17__4-1-1,31,Do_stretching_exercises,user17,4-1-1,validation,283,2025-06-09_17-23-24.216,2025-06-09_17-23-24.216_00000283,Skeleton/31_Do_stretching_exercises/user17/4-1-1/predictions/Color_2025-06-09_17-23-24.216_00000283.json,1,2,,,ambiguous,multi_person_visual_decision_unavailable,False,
train__c31__user17__4-1-1,31,Do_stretching_exercises,user17,4-1-1,validation,284,2025-06-09_17-23-24.316,2025-06-09_17-23-24.316_00000284,Skeleton/31_Do_stretching_exercises/user17/4-1-1/predictions/Color_2025-06-09_17-23-24.316_00000284.json,1,2,,,ambiguous,multi_person_visual_decision_unavailable,False,
train__c31__user17__4-1-1,31,Do_stretching_exercises,user17,4-1-1,validation,290,2025-06-09_17-23-24.916,2025-06-09_17-23-24.916_00000290,Skeleton/31_Do_stretching_exercises/user17/4-1-1/predictions/Color_2025-06-09_17-23-24.916_00000290.json,1,2,,,ambiguous,multi_person_visual_decision_unavailable,False,
train__c31__user17__4-1-1,31,Do_stretching_exercises,user17,4-1-1,validation,291,2025-06-09_17-23-25.016,2025-06-09_17-23-25.016_00000291,Skeleton/31_Do_stretching_exercises/user17/4-1-1/predictions/Color_2025-06-09_17-23-25.016_00000291.json,1,2,,,ambiguous,multi_person_visual_decision_unavailable,False,
train__c31__user17__4-1-1,31,Do_stretching_exercises,user17,4-1-1,validation,292,2025-06-09_17-23-25.116,2025-06-09_17-23-25.116_00000292,Skeleton/31_Do_stretching_exercises/user17/4-1-1/predictions/Color_2025-06-09_17-23-25.116_00000292.json,1,2,,,ambiguous,multi_person_visual_decision_unavailable,False,
train__c31__user17__4-1-2,31,Do_stretching_exercises,user17,4-1-2,validation,246,2025-06-09_17-25-45.516,2025-06-09_17-25-45.516_00000246,Skeleton/31_Do_stretching_exercises/user17/4-1-2/predictions/Color_2025-06-09_17-25-45.516_00000246.json,1,2,,,ambiguous,multi_person_visual_decision_unavailable,False,
train__c31__user17__4-1-2,31,Do_stretching_exercises,user17,4-1-2,validation,247,2025-06-09_17-25-45.616,2025-06-09_17-25-45.616_00000247,Skeleton/31_Do_stretching_exercises/user17/4-1-2/predictions/Color_2025-06-09_17-25-45.616_00000247.json,1,2,,,ambiguous,multi_person_visual_decision_unavailable,False,
train__c31__user17__4-1-2,31,Do_stretching_exercises,user17,4-1-2,validation,252,2025-06-09_17-25-46.116,2025-06-09_17-25-46.116_00000252,Skeleton/31_Do_stretching_exercises/user17/4-1-2/predictions/Color_2025-06-09_17-25-46.116_00000252.json,1,2,,,ambiguous,multi_person_visual_decision_unavailable,False,
train__c31__user17__4-1-2,31,Do_stretching_exercises,user17,4-1-2,validation,253,2025-06-09_17-25-46.216,2025-06-09_17-25-46.216_00000253,Skeleton/31_Do_stretching_exercises/user17/4-1-2/predictions/Color_2025-06-09_17-25-46.216_00000253.json,1,2,,,ambiguous,multi_person_visual_decision_unavailable,False,
train__c31__user17__4-1-2,31,Do_stretching_exercises,user17,4-1-2,validation,254,2025-06-09_17-25-46.316,2025-06-09_17-25-46.316_00000254,Skeleton/31_Do_stretching_exercises/user17/4-1-2/predictions/Color_2025-06-09_17-25-46.316_00000254.json,1,2,,,ambiguous,multi_person_visual_decision_unavailable,False,
train__c31__user17__4-1-2,31,Do_stretching_exercises,user17,4-1-2,validation,255,2025-06-09_17-25-46.416,2025-06-09_17-25-46.416_00000255,Skeleton/31_Do_stretching_exercises/user17/4-1-2/predictions/Color_2025-06-09_17-25-46.416_00000255.json,1,2,,,ambiguous,multi_person_visual_decision_unavailable,False,
train__c31__user17__4-1-2,31,Do_stretching_exercises,user17,4-1-2,validation,262,2025-06-09_17-25-47.116,2025-06-09_17-25-47.116_00000262,Skeleton/31_Do_stretching_exercises/user17/4-1-2/predictions/Color_2025-06-09_17-25-47.116_00000262.json,1,2,,,ambiguous,multi_person_visual_decision_unavailable,False,
train__c31__user17__4-1-2,31,Do_stretching_exercises,user17,4-1-2,validation,263,2025-06-09_17-25-47.216,2025-06-09_17-25-47.216_00000263,Skeleton/31_Do_stretching_exercises/user17/4-1-2/predictions/Color_2025-06-09_17-25-47.216_00000263.json,1,2,,,ambiguous,multi_person_visual_decision_unavailable,False,
train__c31__user17__4-1-2,31,Do_stretching_exercises,user17,4-1-2,validation,264,2025-06-09_17-25-47.316,2025-06-09_17-25-47.316_00000264,Skeleton/31_Do_stretching_exercises/user17/4-1-2/predictions/Color_2025-06-09_17-25-47.316_00000264.json,1,2,,,ambiguous,multi_person_visual_decision_unavailable,False,
train__c31__user17__4-1-2,31,Do_stretching_exercises,user17,4-1-2,validation,265,2025-06-09_17-25-47.416,2025-06-09_17-25-47.416_00000265,Skeleton/31_Do_stretching_exercises/user17/4-1-2/predictions/Color_2025-06-09_17-25-47.416_00000265.json,1,2,,,ambiguous,multi_person_visual_decision_unavailable,False,
train__c31__user17__4-1-2,31,Do_stretching_exercises,user17,4-1-2,validation,273,2025-06-09_17-25-48.216,2025-06-09_17-25-48.216_00000273,Skeleton/31_Do_stretching_exercises/user17/4-1-2/predictions/Color_2025-06-09_17-25-48.216_00000273.json,1,2,,,ambiguous,multi_person_visual_decision_unavailable,False,
train__c31__user17__4-1-3,31,Do_stretching_exercises,user17,4-1-3,validation,186,2025-06-09_17-27-35.516,2025-06-09_17-27-35.516_00000186,Skeleton/31_Do_stretching_exercises/user17/4-1-3/predictions/Color_2025-06-09_17-27-35.516_00000186.json,1,2,,,ambiguous,multi_person_visual_decision_unavailable,False,
train__c31__user17__4-1-3,31,Do_stretching_exercises,user17,4-1-3,validation,187,2025-06-09_17-27-35.616,2025-06-09_17-27-35.616_00000187,Skeleton/31_Do_stretching_exercises/user17/4-1-3/predictions/Color_2025-06-09_17-27-35.616_00000187.json,1,2,,,ambiguous,multi_person_visual_decision_unavailable,False,
train__c31__user17__4-1-3,31,Do_stretching_exercises,user17,4-1-3,validation,193,2025-06-09_17-27-36.216,2025-06-09_17-27-36.216_00000193,Skeleton/31_Do_stretching_exercises/user17/4-1-3/predictions/Color_2025-06-09_17-27-36.216_00000193.json,1,2,,,ambiguous,multi_person_visual_decision_unavailable,False,
train__c31__user23__6-1-2,31,Do_stretching_exercises,user23,6-1-2,validation,44,2025-06-12_17-09-57.316,2025-06-12_17-09-57.316_00000044,Skeleton/31_Do_stretching_exercises/user23/6-1-2/predictions/Color_2025-06-12_17-09-57.316_00000044.json,1,2,,,ambiguous,multi_person_visual_decision_unavailable,False,
train__c31__user23__6-1-2,31,Do_stretching_exercises,user23,6-1-2,validation,45,2025-06-12_17-09-57.416,2025-06-12_17-09-57.416_00000045,Skeleton/31_Do_stretching_exercises/user23/6-1-2/predictions/Color_2025-06-12_17-09-57.416_00000045.json,1,2,,,ambiguous,multi_person_visual_decision_unavailable,False,
train__c31__user23__6-1-2,31,Do_stretching_exercises,user23,6-1-2,validation,46,2025-06-12_17-09-57.516,2025-06-12_17-09-57.516_00000046,Skeleton/31_Do_stretching_exercises/user23/6-1-2/predictions/Color_2025-06-12_17-09-57.516_00000046.json,1,2,,,ambiguous,multi_person_visual_decision_unavailable,False,
train__c31__user23__6-1-2,31,Do_stretching_exercises,user23,6-1-2,validation,61,2025-06-12_17-09-59.016,2025-06-12_17-09-59.016_00000061,Skeleton/31_Do_stretching_exercises/user23/6-1-2/predictions/Color_2025-06-12_17-09-59.016_00000061.json,1,2,,,ambiguous,multi_person_visual_decision_unavailable,False,
train__c31__user23__6-1-3,31,Do_stretching_exercises,user23,6-1-3,validation,54,2025-06-12_17-11-01.316,2025-06-12_17-11-01.316_00000054,Skeleton/31_Do_stretching_exercises/user23/6-1-3/predictions/Color_2025-06-12_17-11-01.316_00000054.json,1,2,,,ambiguous,multi_person_visual_decision_unavailable,False,
train__c32__user6__4-1-2,32,Stand_up,user6,4-1-2,train,171,2025-05-31_15-42-26.016,2025-05-31_15-42-26.016_00000171,Skeleton/32_Stand_up/user6/4-1-2/predictions/Color_2025-05-31_15-42-26.016_00000171.json,1,2,,,ambiguous,multi_person_visual_decision_unavailable,False,
train__c32__user17__4-1-1,32,Stand_up,user17,4-1-1,validation,268,2025-06-09_17-23-22.716,2025-06-09_17-23-22.716_00000268,Skeleton/32_Stand_up/user17/4-1-1/predictions/Color_2025-06-09_17-23-22.716_00000268.json,1,2,,,ambiguous,multi_person_visual_decision_unavailable,False,
train__c32__user17__4-1-1,32,Stand_up,user17,4-1-1,validation,271,2025-06-09_17-23-23.016,2025-06-09_17-23-23.016_00000271,Skeleton/32_Stand_up/user17/4-1-1/predictions/Color_2025-06-09_17-23-23.016_00000271.json,1,2,,,ambiguous,multi_person_visual_decision_unavailable,False,
train__c32__user17__4-1-1,32,Stand_up,user17,4-1-1,validation,272,2025-06-09_17-23-23.116,2025-06-09_17-23-23.116_00000272,Skeleton/32_Stand_up/user17/4-1-1/predictions/Color_2025-06-09_17-23-23.116_00000272.json,1,2,,,ambiguous,multi_person_visual_decision_unavailable,False,
train__c32__user17__4-1-2,32,Stand_up,user17,4-1-2,validation,241,2025-06-09_17-25-45.016,2025-06-09_17-25-45.016_00000241,Skeleton/32_Stand_up/user17/4-1-2/predictions/Color_2025-06-09_17-25-45.016_00000241.json,1,2,,,ambiguous,multi_person_visual_decision_unavailable,False,
train__c32__user17__4-1-2,32,Stand_up,user17,4-1-2,validation,242,2025-06-09_17-25-45.116,2025-06-09_17-25-45.116_00000242,Skeleton/32_Stand_up/user17/4-1-2/predictions/Color_2025-06-09_17-25-45.116_00000242.json,1,2,,,ambiguous,multi_person_visual_decision_unavailable,False,
train__c32__user17__4-1-2,32,Stand_up,user17,4-1-2,validation,243,2025-06-09_17-25-45.216,2025-06-09_17-25-45.216_00000243,Skeleton/32_Stand_up/user17/4-1-2/predictions/Color_2025-06-09_17-25-45.216_00000243.json,1,2,,,ambiguous,multi_person_visual_decision_unavailable,False,
train__c32__user17__4-1-2,32,Stand_up,user17,4-1-2,validation,246,2025-06-09_17-25-45.516,2025-06-09_17-25-45.516_00000246,Skeleton/32_Stand_up/user17/4-1-2/predictions/Color_2025-06-09_17-25-45.516_00000246.json,1,2,,,ambiguous,multi_person_visual_decision_unavailable,False,
train__c32__user17__4-1-2,32,Stand_up,user17,4-1-2,validation,247,2025-06-09_17-25-45.616,2025-06-09_17-25-45.616_00000247,Skeleton/32_Stand_up/user17/4-1-2/predictions/Color_2025-06-09_17-25-45.616_00000247.json,1,2,,,ambiguous,multi_person_visual_decision_unavailable,False,
train__c32__user17__4-1-3,32,Stand_up,user17,4-1-3,validation,186,2025-06-09_17-27-35.516,2025-06-09_17-27-35.516_00000186,Skeleton/32_Stand_up/user17/4-1-3/predictions/Color_2025-06-09_17-27-35.516_00000186.json,1,2,,,ambiguous,multi_person_visual_decision_unavailable,False,
train__c32__user17__4-1-3,32,Stand_up,user17,4-1-3,validation,187,2025-06-09_17-27-35.616,2025-06-09_17-27-35.616_00000187,Skeleton/32_Stand_up/user17/4-1-3/predictions/Color_2025-06-09_17-27-35.616_00000187.json,1,2,,,ambiguous,multi_person_visual_decision_unavailable,False,
train__c34__user17__4-1-1,34,Sit_down,user17,4-1-1,validation,58,2025-06-09_17-23-01.716,2025-06-09_17-23-01.716_00000058,Skeleton/34_Sit_down/user17/4-1-1/predictions/Color_2025-06-09_17-23-01.716_00000058.json,1,2,,,ambiguous,multi_person_visual_decision_unavailable,False,
train__c34__user17__7-1-1,34,Sit_down,user17,7-1-1,validation,161,2025-06-09_17-42-19.016,2025-06-09_17-42-19.016_00000161,Skeleton/34_Sit_down/user17/7-1-1/predictions/Color_2025-06-09_17-42-19.016_00000161.json,1,2,,,ambiguous,multi_person_visual_decision_unavailable,False,
train__c34__user17__7-1-1,34,Sit_down,user17,7-1-1,validation,162,2025-06-09_17-42-19.116,2025-06-09_17-42-19.116_00000162,Skeleton/34_Sit_down/user17/7-1-1/predictions/Color_2025-06-09_17-42-19.116_00000162.json,1,2,,,ambiguous,multi_person_visual_decision_unavailable,False,
train__c34__user17__7-1-1,34,Sit_down,user17,7-1-1,validation,163,2025-06-09_17-42-19.216,2025-06-09_17-42-19.216_00000163,Skeleton/34_Sit_down/user17/7-1-1/predictions/Color_2025-06-09_17-42-19.216_00000163.json,1,2,,,ambiguous,multi_person_visual_decision_unavailable,False,
train__c34__user17__7-1-1,34,Sit_down,user17,7-1-1,validation,164,2025-06-09_17-42-19.316,2025-06-09_17-42-19.316_00000164,Skeleton/34_Sit_down/user17/7-1-1/predictions/Color_2025-06-09_17-42-19.316_00000164.json,1,2,,,ambiguous,multi_person_visual_decision_unavailable,False,
train__c34__user17__7-1-1,34,Sit_down,user17,7-1-1,validation,165,2025-06-09_17-42-19.416,2025-06-09_17-42-19.416_00000165,Skeleton/34_Sit_down/user17/7-1-1/predictions/Color_2025-06-09_17-42-19.416_00000165.json,1,2,,,ambiguous,multi_person_visual_decision_unavailable,False,
train__c34__user17__7-1-1,34,Sit_down,user17,7-1-1,validation,166,2025-06-09_17-42-19.516,2025-06-09_17-42-19.516_00000166,Skeleton/34_Sit_down/user17/7-1-1/predictions/Color_2025-06-09_17-42-19.516_00000166.json,1,2,,,ambiguous,multi_person_visual_decision_unavailable,False,
train__c34__user17__7-1-1,34,Sit_down,user17,7-1-1,validation,167,2025-06-09_17-42-19.616,2025-06-09_17-42-19.616_00000167,Skeleton/34_Sit_down/user17/7-1-1/predictions/Color_2025-06-09_17-42-19.616_00000167.json,1,2,,,ambiguous,multi_person_visual_decision_unavailable,False,
train__c34__user17__7-1-1,34,Sit_down,user17,7-1-1,validation,168,2025-06-09_17-42-19.716,2025-06-09_17-42-19.716_00000168,Skeleton/34_Sit_down/user17/7-1-1/predictions/Color_2025-06-09_17-42-19.716_00000168.json,1,2,,,ambiguous,multi_person_visual_decision_unavailable,False,
train__c34__user17__7-1-2,34,Sit_down,user17,7-1-2,validation,110,2025-06-09_17-43-43.916,2025-06-09_17-43-43.916_00000110,Skeleton/34_Sit_down/user17/7-1-2/predictions/Color_2025-06-09_17-43-43.916_00000110.json,1,2,,,ambiguous,multi_person_visual_decision_unavailable,False,
train__c34__user17__7-1-2,34,Sit_down,user17,7-1-2,validation,111,2025-06-09_17-43-44.016,2025-06-09_17-43-44.016_00000111,Skeleton/34_Sit_down/user17/7-1-2/predictions/Color_2025-06-09_17-43-44.016_00000111.json,1,2,,,ambiguous,multi_person_visual_decision_unavailable,False,
train__c34__user17__7-1-3,34,Sit_down,user17,7-1-3,validation,81,2025-06-09_17-44-58.016,2025-06-09_17-44-58.016_00000081,Skeleton/34_Sit_down/user17/7-1-3/predictions/Color_2025-06-09_17-44-58.016_00000081.json,1,2,,,ambiguous,multi_person_visual_decision_unavailable,False,
train__c34__user17__7-1-3,34,Sit_down,user17,7-1-3,validation,82,2025-06-09_17-44-58.116,2025-06-09_17-44-58.116_00000082,Skeleton/34_Sit_down/user17/7-1-3/predictions/Color_2025-06-09_17-44-58.116_00000082.json,1,2,,,ambiguous,multi_person_visual_decision_unavailable,False,
train__c34__user17__7-1-3,34,Sit_down,user17,7-1-3,validation,83,2025-06-09_17-44-58.216,2025-06-09_17-44-58.216_00000083,Skeleton/34_Sit_down/user17/7-1-3/predictions/Color_2025-06-09_17-44-58.216_00000083.json,1,3,,,ambiguous,multi_person_visual_decision_unavailable,False,
train__c34__user17__7-1-3,34,Sit_down,user17,7-1-3,validation,84,2025-06-09_17-44-58.316,2025-06-09_17-44-58.316_00000084,Skeleton/34_Sit_down/user17/7-1-3/predictions/Color_2025-06-09_17-44-58.316_00000084.json,1,3,,,ambiguous,multi_person_visual_decision_unavailable,False,
train__c34__user17__7-1-3,34,Sit_down,user17,7-1-3,validation,85,2025-06-09_17-44-58.416,2025-06-09_17-44-58.416_00000085,Skeleton/34_Sit_down/user17/7-1-3/predictions/Color_2025-06-09_17-44-58.416_00000085.json,1,2,,,ambiguous,multi_person_visual_decision_unavailable,False,
train__c34__user17__7-1-3,34,Sit_down,user17,7-1-3,validation,86,2025-06-09_17-44-58.516,2025-06-09_17-44-58.516_00000086,Skeleton/34_Sit_down/user17/7-1-3/predictions/Color_2025-06-09_17-44-58.516_00000086.json,1,2,,,ambiguous,multi_person_visual_decision_unavailable,False,
train__c34__user17__7-1-3,34,Sit_down,user17,7-1-3,validation,87,2025-06-09_17-44-58.616,2025-06-09_17-44-58.616_00000087,Skeleton/34_Sit_down/user17/7-1-3/predictions/Color_2025-06-09_17-44-58.616_00000087.json,1,2,,,ambiguous,multi_person_visual_decision_unavailable,False,
train__c35__user23__1-2-1,35,Do_lunges,user23,1-2-1,validation,14,2025-06-12_16-38-27.316,2025-06-12_16-38-27.316_00000014,Skeleton/35_Do_lunges/user23/1-2-1/predictions/Color_2025-06-12_16-38-27.316_00000014.json,1,2,,,ambiguous,multi_person_visual_decision_unavailable,False,
train__c35__user23__1-2-1,35,Do_lunges,user23,1-2-1,validation,15,2025-06-12_16-38-27.416,2025-06-12_16-38-27.416_00000015,Skeleton/35_Do_lunges/user23/1-2-1/predictions/Color_2025-06-12_16-38-27.416_00000015.json,1,2,,,ambiguous,multi_person_visual_decision_unavailable,False,
train__c35__user23__1-2-1,35,Do_lunges,user23,1-2-1,validation,16,2025-06-12_16-38-27.516,2025-06-12_16-38-27.516_00000016,Skeleton/35_Do_lunges/user23/1-2-1/predictions/Color_2025-06-12_16-38-27.516_00000016.json,1,2,,,ambiguous,multi_person_visual_decision_unavailable,False,
train__c35__user23__1-2-1,35,Do_lunges,user23,1-2-1,validation,17,2025-06-12_16-38-27.616,2025-06-12_16-38-27.616_00000017,Skeleton/35_Do_lunges/user23/1-2-1/predictions/Color_2025-06-12_16-38-27.616_00000017.json,1,2,,,ambiguous,multi_person_visual_decision_unavailable,False,
train__c36__user2__2-1-2,36,Walk,user2,2-1-2,train,42,2025-05-08_17-10-12.116,2025-05-08_17-10-12.116_00000042,Skeleton/36_Walk/user2/2-1-2/predictions/Color_2025-05-08_17-10-12.116_00000042.json,1,2,,0.0508095252683066,ambiguous,multi_person_visual_margin_lt_20pct,False,
train__c36__user2__7-2-1,36,Walk,user2,7-2-1,train,39,2025-05-08_18-18-07.816,2025-05-08_18-18-07.816_00000039,Skeleton/36_Walk/user2/7-2-1/predictions/Color_2025-05-08_18-18-07.816_00000039.json,1,2,,,ambiguous,multi_person_visual_decision_unavailable,False,
train__c36__user3__1-2-3,36,Walk,user3,1-2-3,train,96,2025-05-08_16-15-35.516,2025-05-08_16-15-35.516_00000096,Skeleton/36_Walk/user3/1-2-3/predictions/Color_2025-05-08_16-15-35.516_00000096.json,1,2,,,ambiguous,multi_person_visual_decision_unavailable,False,
train__c36__user3__6-2-2,36,Walk,user3,6-2-2,train,70,2025-06-11_16-50-43.916,2025-06-11_16-50-43.916_00000070,Skeleton/36_Walk/user3/6-2-2/predictions/Color_2025-06-11_16-50-43.916_00000070.json,1,2,,,ambiguous,multi_person_visual_decision_unavailable,False,
train__c36__user3__6-2-2,36,Walk,user3,6-2-2,train,72,2025-06-11_16-50-44.116,2025-06-11_16-50-44.116_00000072,Skeleton/36_Walk/user3/6-2-2/predictions/Color_2025-06-11_16-50-44.116_00000072.json,1,2,,,ambiguous,multi_person_visual_decision_unavailable,False,
train__c36__user4__1-2-2,36,Walk,user4,1-2-2,validation,49,2025-05-08_15-17-26.816,2025-05-08_15-17-26.816_00000049,Skeleton/36_Walk/user4/1-2-2/predictions/Color_2025-05-08_15-17-26.816_00000049.json,1,2,,,ambiguous,multi_person_visual_decision_unavailable,False,
train__c36__user4__2-2-1,36,Walk,user4,2-2-1,validation,49,2025-05-08_15-29-13.816,2025-05-08_15-29-13.816_00000049,Skeleton/36_Walk/user4/2-2-1/predictions/Color_2025-05-08_15-29-13.816_00000049.json,1,2,,,ambiguous,multi_person_visual_decision_unavailable,False,
train__c36__user4__2-2-2,36,Walk,user4,2-2-2,validation,50,2025-05-08_15-31-23.916,2025-05-08_15-31-23.916_00000050,Skeleton/36_Walk/user4/2-2-2/predictions/Color_2025-05-08_15-31-23.916_00000050.json,1,2,,,ambiguous,multi_person_visual_decision_unavailable,False,
train__c36__user4__2-2-2,36,Walk,user4,2-2-2,validation,51,2025-05-08_15-31-24.016,2025-05-08_15-31-24.016_00000051,Skeleton/36_Walk/user4/2-2-2/predictions/Color_2025-05-08_15-31-24.016_00000051.json,1,2,,,ambiguous,multi_person_visual_decision_unavailable,False,
train__c36__user4__2-2-3,36,Walk,user4,2-2-3,validation,58,2025-05-08_15-35-42.716,2025-05-08_15-35-42.716_00000058,Skeleton/36_Walk/user4/2-2-3/predictions/Color_2025-05-08_15-35-42.716_00000058.json,1,2,,,ambiguous,multi_person_visual_decision_unavailable,False,
train__c36__user4__2-2-3,36,Walk,user4,2-2-3,validation,66,2025-05-08_15-35-43.516,2025-05-08_15-35-43.516_00000066,Skeleton/36_Walk/user4/2-2-3/predictions/Color_2025-05-08_15-35-43.516_00000066.json,1,2,,,ambiguous,multi_person_visual_decision_unavailable,False,
train__c36__user4__4-2-2,36,Walk,user4,4-2-2,validation,54,2025-05-08_15-42-48.316,2025-05-08_15-42-48.316_00000054,Skeleton/36_Walk/user4/4-2-2/predictions/Color_2025-05-08_15-42-48.316_00000054.json,1,2,,,ambiguous,multi_person_visual_decision_unavailable,False,
train__c36__user4__4-2-3,36,Walk,user4,4-2-3,validation,44,2025-05-08_15-45-02.316,2025-05-08_15-45-02.316_00000044,Skeleton/36_Walk/user4/4-2-3/predictions/Color_2025-05-08_15-45-02.316_00000044.json,1,2,,,ambiguous,multi_person_visual_decision_unavailable,False,
train__c36__user4__5-2-2,36,Walk,user4,5-2-2,validation,47,2025-05-07_19-24-56.616,2025-05-07_19-24-56.616_00000047,Skeleton/36_Walk/user4/5-2-2/predictions/Color_2025-05-07_19-24-56.616_00000047.json,1,2,,,ambiguous,multi_person_visual_decision_unavailable,False,
train__c36__user4__7-1-2,36,Walk,user4,7-1-2,validation,54,2025-05-08_16-04-05.316,2025-05-08_16-04-05.316_00000054,Skeleton/36_Walk/user4/7-1-2/predictions/Color_2025-05-08_16-04-05.316_00000054.json,1,2,,,ambiguous,multi_person_visual_decision_unavailable,False,
train__c36__user4__7-1-2,36,Walk,user4,7-1-2,validation,55,2025-05-08_16-04-05.416,2025-05-08_16-04-05.416_00000055,Skeleton/36_Walk/user4/7-1-2/predictions/Color_2025-05-08_16-04-05.416_00000055.json,1,2,,,ambiguous,multi_person_visual_decision_unavailable,False,
train__c36__user4__7-1-2,36,Walk,user4,7-1-2,validation,57,2025-05-08_16-04-05.616,2025-05-08_16-04-05.616_00000057,Skeleton/36_Walk/user4/7-1-2/predictions/Color_2025-05-08_16-04-05.616_00000057.json,1,2,,,ambiguous,multi_person_visual_decision_unavailable,False,
train__c36__user4__7-1-2,36,Walk,user4,7-1-2,validation,58,2025-05-08_16-04-05.716,2025-05-08_16-04-05.716_00000058,Skeleton/36_Walk/user4/7-1-2/predictions/Color_2025-05-08_16-04-05.716_00000058.json,1,2,,,ambiguous,multi_person_visual_decision_unavailable,False,
train__c36__user4__7-1-3,36,Walk,user4,7-1-3,validation,49,2025-05-08_16-06-02.816,2025-05-08_16-06-02.816_00000049,Skeleton/36_Walk/user4/7-1-3/predictions/Color_2025-05-08_16-06-02.816_00000049.json,1,2,,,ambiguous,multi_person_visual_decision_unavailable,False,
train__c36__user4__7-1-3,36,Walk,user4,7-1-3,validation,51,2025-05-08_16-06-03.016,2025-05-08_16-06-03.016_00000051,Skeleton/36_Walk/user4/7-1-3/predictions/Color_2025-05-08_16-06-03.016_00000051.json,1,2,,,ambiguous,multi_person_visual_decision_unavailable,False,
train__c36__user6__1-1-1,36,Walk,user6,1-1-1,train,30,2025-05-31_17-42-33.916,2025-05-31_17-42-33.916_00000030,Skeleton/36_Walk/user6/1-1-1/predictions/Color_2025-05-31_17-42-33.916_00000030.json,1,2,,,ambiguous,multi_person_visual_decision_unavailable,False,
train__c36__user6__1-1-1,36,Walk,user6,1-1-1,train,44,2025-05-31_17-42-35.316,2025-05-31_17-42-35.316_00000044,Skeleton/36_Walk/user6/1-1-1/predictions/Color_2025-05-31_17-42-35.316_00000044.json,1,2,,,ambiguous,multi_person_visual_decision_unavailable,False,
train__c36__user6__1-1-1,36,Walk,user6,1-1-1,train,45,2025-05-31_17-42-35.416,2025-05-31_17-42-35.416_00000045,Skeleton/36_Walk/user6/1-1-1/predictions/Color_2025-05-31_17-42-35.416_00000045.json,1,2,,,ambiguous,multi_person_visual_decision_unavailable,False,
train__c36__user6__1-1-1,36,Walk,user6,1-1-1,train,46,2025-05-31_17-42-35.516,2025-05-31_17-42-35.516_00000046,Skeleton/36_Walk/user6/1-1-1/predictions/Color_2025-05-31_17-42-35.516_00000046.json,1,2,,,ambiguous,multi_person_visual_decision_unavailable,False,
train__c36__user6__1-1-1,36,Walk,user6,1-1-1,train,47,2025-05-31_17-42-35.616,2025-05-31_17-42-35.616_00000047,Skeleton/36_Walk/user6/1-1-1/predictions/Color_2025-05-31_17-42-35.616_00000047.json,1,3,,0.0137071766785875,ambiguous,multi_person_visual_margin_lt_20pct,False,
train__c36__user6__1-1-1,36,Walk,user6,1-1-1,train,48,2025-05-31_17-42-35.716,2025-05-31_17-42-35.716_00000048,Skeleton/36_Walk/user6/1-1-1/predictions/Color_2025-05-31_17-42-35.716_00000048.json,1,3,,0.1023943073671284,ambiguous,multi_person_visual_margin_lt_20pct,False,
train__c36__user6__1-1-1,36,Walk,user6,1-1-1,train,50,2025-05-31_17-42-35.916,2025-05-31_17-42-35.916_00000050,Skeleton/36_Walk/user6/1-1-1/predictions/Color_2025-05-31_17-42-35.916_00000050.json,1,3,,0.1533594677265302,ambiguous,multi_person_visual_margin_lt_20pct,False,
train__c36__user6__1-1-1,36,Walk,user6,1-1-1,train,51,2025-05-31_17-42-36.016,2025-05-31_17-42-36.016_00000051,Skeleton/36_Walk/user6/1-1-1/predictions/Color_2025-05-31_17-42-36.016_00000051.json,1,3,,,ambiguous,multi_person_visual_decision_unavailable,False,
train__c36__user6__1-1-3,36,Walk,user6,1-1-3,train,35,2025-05-31_17-47-33.416,2025-05-31_17-47-33.416_00000035,Skeleton/36_Walk/user6/1-1-3/predictions/Color_2025-05-31_17-47-33.416_00000035.json,1,2,,,ambiguous,multi_person_visual_decision_unavailable,False,
train__c36__user6__1-1-3,36,Walk,user6,1-1-3,train,36,2025-05-31_17-47-33.516,2025-05-31_17-47-33.516_00000036,Skeleton/36_Walk/user6/1-1-3/predictions/Color_2025-05-31_17-47-33.516_00000036.json,1,3,,0.1548405957557741,ambiguous,multi_person_visual_margin_lt_20pct,False,
train__c36__user6__5-3-2,36,Walk,user6,5-3-2,train,24,2025-05-30_19-47-36.316,2025-05-30_19-47-36.316_00000024,Skeleton/36_Walk/user6/5-3-2/predictions/Color_2025-05-30_19-47-36.316_00000024.json,1,2,,,ambiguous,multi_person_visual_decision_unavailable,False,
train__c36__user6__5-3-3,36,Walk,user6,5-3-3,train,20,2025-05-30_19-57-27.916,2025-05-30_19-57-27.916_00000020,Skeleton/36_Walk/user6/5-3-3/predictions/Color_2025-05-30_19-57-27.916_00000020.json,1,3,,,ambiguous,multi_person_visual_decision_unavailable,False,
train__c36__user6__5-3-3,36,Walk,user6,5-3-3,train,24,2025-05-30_19-57-28.316,2025-05-30_19-57-28.316_00000024,Skeleton/36_Walk/user6/5-3-3/predictions/Color_2025-05-30_19-57-28.316_00000024.json,1,2,,0.1268578726285365,ambiguous,multi_person_visual_margin_lt_20pct,False,
train__c36__user6__5-3-3,36,Walk,user6,5-3-3,train,26,2025-05-30_19-57-28.516,2025-05-30_19-57-28.516_00000026,Skeleton/36_Walk/user6/5-3-3/predictions/Color_2025-05-30_19-57-28.516_00000026.json,1,2,,0.1402447426014581,ambiguous,multi_person_visual_margin_lt_20pct,False,
train__c36__user8__1-2-2,36,Walk,user8,1-2-2,train,28,2025-05-30_21-13-01.716,2025-05-30_21-13-01.716_00000028,Skeleton/36_Walk/user8/1-2-2/predictions/Color_2025-05-30_21-13-01.716_00000028.json,1,2,,,ambiguous,multi_person_visual_decision_unavailable,False,
train__c36__user8__6-2-1,36,Walk,user8,6-2-1,train,28,2025-05-30_21-52-18.716,2025-05-30_21-52-18.716_00000028,Skeleton/36_Walk/user8/6-2-1/predictions/Color_2025-05-30_21-52-18.716_00000028.json,1,2,,,ambiguous,multi_person_visual_decision_unavailable,False,
train__c36__user20__2-2-3,36,Walk,user20,2-2-3,train,21,2025-06-09_15-40-16.016,2025-06-09_15-40-16.016_00000021,Skeleton/36_Walk/user20/2-2-3/predictions/Color_2025-06-09_15-40-16.016_00000021.json,1,2,,,ambiguous,multi_person_visual_decision_unavailable,False,
train__c36__user23__5-3-1,36,Walk,user23,5-3-1,validation,21,2025-06-12_10-22-44.016,2025-06-12_10-22-44.016_00000021,Skeleton/36_Walk/user23/5-3-1/predictions/Color_2025-06-12_10-22-44.016_00000021.json,1,2,,,ambiguous,multi_person_visual_decision_unavailable,False,
train__c36__user23__5-3-1,36,Walk,user23,5-3-1,validation,22,2025-06-12_10-22-44.116,2025-06-12_10-22-44.116_00000022,Skeleton/36_Walk/user23/5-3-1/predictions/Color_2025-06-12_10-22-44.116_00000022.json,1,2,,,ambiguous,multi_person_visual_decision_unavailable,False,
train__c36__user24__7-2-3,36,Walk,user24,7-2-3,validation,34,2025-06-12_11-38-09.316,2025-06-12_11-38-09.316_00000034,Skeleton/36_Walk/user24/7-2-3/predictions/Color_2025-06-12_11-38-09.316_00000034.json,1,2,,,ambiguous,multi_person_visual_decision_unavailable,False,
train__c37__user8__7-1-1,37,Take_medicine,user8,7-1-1,train,305,2025-05-31_18-19-23.416,2025-05-31_18-19-23.416_00000305,Skeleton/37_Take_medicine/user8/7-1-1/predictions/Color_2025-05-31_18-19-23.416_00000305.json,1,2,,,ambiguous,multi_person_visual_decision_unavailable,False,
train__c37__user8__7-1-1,37,Take_medicine,user8,7-1-1,train,317,2025-05-31_18-19-24.616,2025-05-31_18-19-24.616_00000317,Skeleton/37_Take_medicine/user8/7-1-1/predictions/Color_2025-05-31_18-19-24.616_00000317.json,1,2,,,ambiguous,multi_person_visual_decision_unavailable,False,
train__c37__user8__7-1-1,37,Take_medicine,user8,7-1-1,train,326,2025-05-31_18-19-25.516,2025-05-31_18-19-25.516_00000326,Skeleton/37_Take_medicine/user8/7-1-1/predictions/Color_2025-05-31_18-19-25.516_00000326.json,1,2,,,ambiguous,multi_person_visual_decision_unavailable,False,
train__c37__user8__7-1-1,37,Take_medicine,user8,7-1-1,train,341,2025-05-31_18-19-27.016,2025-05-31_18-19-27.016_00000341,Skeleton/37_Take_medicine/user8/7-1-1/predictions/Color_2025-05-31_18-19-27.016_00000341.json,1,2,,,ambiguous,multi_person_visual_decision_unavailable,False,
train__c37__user8__7-1-2,37,Take_medicine,user8,7-1-2,train,309,2025-05-31_18-17-23.816,2025-05-31_18-17-23.816_00000309,Skeleton/37_Take_medicine/user8/7-1-2/predictions/Color_2025-05-31_18-17-23.816_00000309.json,1,2,,,ambiguous,multi_person_visual_decision_unavailable,False,
train__c37__user8__7-1-3,37,Take_medicine,user8,7-1-3,train,157,2025-05-31_18-21-02.616,2025-05-31_18-21-02.616_00000157,Skeleton/37_Take_medicine/user8/7-1-3/predictions/Color_2025-05-31_18-21-02.616_00000157.json,1,3,,,ambiguous,multi_person_visual_decision_unavailable,False,
train__c37__user8__7-1-3,37,Take_medicine,user8,7-1-3,train,158,2025-05-31_18-21-02.716,2025-05-31_18-21-02.716_00000158,Skeleton/37_Take_medicine/user8/7-1-3/predictions/Color_2025-05-31_18-21-02.716_00000158.json,1,3,,,ambiguous,multi_person_visual_decision_unavailable,False,
train__c37__user9__7-1-2,37,Take_medicine,user9,7-1-2,train,41,2025-05-31_18-35-08.016,2025-05-31_18-35-08.016_00000041,Skeleton/37_Take_medicine/user9/7-1-2/predictions/Color_2025-05-31_18-35-08.016_00000041.json,1,2,,,ambiguous,multi_person_visual_decision_unavailable,False,
train__c37__user9__7-1-2,37,Take_medicine,user9,7-1-2,train,42,2025-05-31_18-35-08.116,2025-05-31_18-35-08.116_00000042,Skeleton/37_Take_medicine/user9/7-1-2/predictions/Color_2025-05-31_18-35-08.116_00000042.json,1,2,,,ambiguous,multi_person_visual_decision_unavailable,False,
train__c37__user9__7-1-2,37,Take_medicine,user9,7-1-2,train,43,2025-05-31_18-35-08.216,2025-05-31_18-35-08.216_00000043,Skeleton/37_Take_medicine/user9/7-1-2/predictions/Color_2025-05-31_18-35-08.216_00000043.json,1,2,,,ambiguous,multi_person_visual_decision_unavailable,False,
train__c37__user9__7-1-2,37,Take_medicine,user9,7-1-2,train,44,2025-05-31_18-35-08.316,2025-05-31_18-35-08.316_00000044,Skeleton/37_Take_medicine/user9/7-1-2/predictions/Color_2025-05-31_18-35-08.316_00000044.json,1,2,,,ambiguous,multi_person_visual_decision_unavailable,False,
train__c37__user9__7-1-2,37,Take_medicine,user9,7-1-2,train,45,2025-05-31_18-35-08.416,2025-05-31_18-35-08.416_00000045,Skeleton/37_Take_medicine/user9/7-1-2/predictions/Color_2025-05-31_18-35-08.416_00000045.json,1,2,,,ambiguous,multi_person_visual_decision_unavailable,False,
train__c37__user9__7-1-3,37,Take_medicine,user9,7-1-3,train,24,2025-05-31_18-36-36.316,2025-05-31_18-36-36.316_00000024,Skeleton/37_Take_medicine/user9/7-1-3/predictions/Color_2025-05-31_18-36-36.316_00000024.json,1,2,,,ambiguous,multi_person_visual_decision_unavailable,False,
train__c37__user9__7-1-3,37,Take_medicine,user9,7-1-3,train,26,2025-05-31_18-36-36.516,2025-05-31_18-36-36.516_00000026,Skeleton/37_Take_medicine/user9/7-1-3/predictions/Color_2025-05-31_18-36-36.516_00000026.json,1,2,,,ambiguous,multi_person_visual_decision_unavailable,False,
train__c37__user9__7-1-3,37,Take_medicine,user9,7-1-3,train,32,2025-05-31_18-36-37.116,2025-05-31_18-36-37.116_00000032,Skeleton/37_Take_medicine/user9/7-1-3/predictions/Color_2025-05-31_18-36-37.116_00000032.json,1,2,,,ambiguous,multi_person_visual_decision_unavailable,False,
train__c37__user9__7-1-3,37,Take_medicine,user9,7-1-3,train,33,2025-05-31_18-36-37.216,2025-05-31_18-36-37.216_00000033,Skeleton/37_Take_medicine/user9/7-1-3/predictions/Color_2025-05-31_18-36-37.216_00000033.json,1,2,,,ambiguous,multi_person_visual_decision_unavailable,False,
train__c37__user9__7-1-3,37,Take_medicine,user9,7-1-3,train,34,2025-05-31_18-36-37.316,2025-05-31_18-36-37.316_00000034,Skeleton/37_Take_medicine/user9/7-1-3/predictions/Color_2025-05-31_18-36-37.316_00000034.json,1,3,,,ambiguous,multi_person_visual_decision_unavailable,False,
train__c37__user9__7-1-3,37,Take_medicine,user9,7-1-3,train,55,2025-05-31_18-36-39.416,2025-05-31_18-36-39.416_00000055,Skeleton/37_Take_medicine/user9/7-1-3/predictions/Color_2025-05-31_18-36-39.416_00000055.json,1,3,,0.1332627957323396,ambiguous,multi_person_visual_margin_lt_20pct,False,
train__c37__user17__4-1-1,37,Take_medicine,user17,4-1-1,validation,469,2025-06-09_17-23-42.816,2025-06-09_17-23-42.816_00000469,Skeleton/37_Take_medicine/user17/4-1-1/predictions/Color_2025-06-09_17-23-42.816_00000469.json,1,2,,,ambiguous,multi_person_visual_decision_unavailable,False,
train__c37__user17__4-1-1,37,Take_medicine,user17,4-1-1,validation,470,2025-06-09_17-23-42.916,2025-06-09_17-23-42.916_00000470,Skeleton/37_Take_medicine/user17/4-1-1/predictions/Color_2025-06-09_17-23-42.916_00000470.json,1,2,,,ambiguous,multi_person_visual_decision_unavailable,False,
train__c37__user17__4-1-1,37,Take_medicine,user17,4-1-1,validation,471,2025-06-09_17-23-43.016,2025-06-09_17-23-43.016_00000471,Skeleton/37_Take_medicine/user17/4-1-1/predictions/Color_2025-06-09_17-23-43.016_00000471.json,1,2,,,ambiguous,multi_person_visual_decision_unavailable,False,
train__c37__user17__4-1-1,37,Take_medicine,user17,4-1-1,validation,473,2025-06-09_17-23-43.216,2025-06-09_17-23-43.216_00000473,Skeleton/37_Take_medicine/user17/4-1-1/predictions/Color_2025-06-09_17-23-43.216_00000473.json,1,2,,,ambiguous,multi_person_visual_decision_unavailable,False,
train__c37__user17__4-1-1,37,Take_medicine,user17,4-1-1,validation,476,2025-06-09_17-23-43.516,2025-06-09_17-23-43.516_00000476,Skeleton/37_Take_medicine/user17/4-1-1/predictions/Color_2025-06-09_17-23-43.516_00000476.json,1,2,,,ambiguous,multi_person_visual_decision_unavailable,False,
train__c37__user17__4-1-1,37,Take_medicine,user17,4-1-1,validation,477,2025-06-09_17-23-43.616,2025-06-09_17-23-43.616_00000477,Skeleton/37_Take_medicine/user17/4-1-1/predictions/Color_2025-06-09_17-23-43.616_00000477.json,1,2,,,ambiguous,multi_person_visual_decision_unavailable,False,
train__c37__user17__4-1-2,37,Take_medicine,user17,4-1-2,validation,369,2025-06-09_17-25-57.816,2025-06-09_17-25-57.816_00000369,Skeleton/37_Take_medicine/user17/4-1-2/predictions/Color_2025-06-09_17-25-57.816_00000369.json,1,2,,,ambiguous,multi_person_visual_decision_unavailable,False,
train__c37__user17__4-1-2,37,Take_medicine,user17,4-1-2,validation,379,2025-06-09_17-25-58.816,2025-06-09_17-25-58.816_00000379,Skeleton/37_Take_medicine/user17/4-1-2/predictions/Color_2025-06-09_17-25-58.816_00000379.json,1,2,,,ambiguous,multi_person_visual_decision_unavailable,False,
train__c37__user17__4-1-2,37,Take_medicine,user17,4-1-2,validation,383,2025-06-09_17-25-59.216,2025-06-09_17-25-59.216_00000383,Skeleton/37_Take_medicine/user17/4-1-2/predictions/Color_2025-06-09_17-25-59.216_00000383.json,1,2,,,ambiguous,multi_person_visual_decision_unavailable,False,
train__c37__user17__4-1-2,37,Take_medicine,user17,4-1-2,validation,384,2025-06-09_17-25-59.316,2025-06-09_17-25-59.316_00000384,Skeleton/37_Take_medicine/user17/4-1-2/predictions/Color_2025-06-09_17-25-59.316_00000384.json,1,2,,,ambiguous,multi_person_visual_decision_unavailable,False,
train__c37__user17__4-1-2,37,Take_medicine,user17,4-1-2,validation,385,2025-06-09_17-25-59.416,2025-06-09_17-25-59.416_00000385,Skeleton/37_Take_medicine/user17/4-1-2/predictions/Color_2025-06-09_17-25-59.416_00000385.json,1,2,,,ambiguous,multi_person_visual_decision_unavailable,False,
train__c37__user17__4-1-3,37,Take_medicine,user17,4-1-3,validation,300,2025-06-09_17-27-46.916,2025-06-09_17-27-46.916_00000300,Skeleton/37_Take_medicine/user17/4-1-3/predictions/Color_2025-06-09_17-27-46.916_00000300.json,1,2,,,ambiguous,multi_person_visual_decision_unavailable,False,
train__c37__user17__4-1-3,37,Take_medicine,user17,4-1-3,validation,301,2025-06-09_17-27-47.016,2025-06-09_17-27-47.016_00000301,Skeleton/37_Take_medicine/user17/4-1-3/predictions/Color_2025-06-09_17-27-47.016_00000301.json,1,2,,,ambiguous,multi_person_visual_decision_unavailable,False,
train__c37__user17__4-1-3,37,Take_medicine,user17,4-1-3,validation,302,2025-06-09_17-27-47.116,2025-06-09_17-27-47.116_00000302,Skeleton/37_Take_medicine/user17/4-1-3/predictions/Color_2025-06-09_17-27-47.116_00000302.json,1,2,,,ambiguous,multi_person_visual_decision_unavailable,False,
train__c37__user17__4-1-3,37,Take_medicine,user17,4-1-3,validation,303,2025-06-09_17-27-47.216,2025-06-09_17-27-47.216_00000303,Skeleton/37_Take_medicine/user17/4-1-3/predictions/Color_2025-06-09_17-27-47.216_00000303.json,1,2,,,ambiguous,multi_person_visual_decision_unavailable,False,
train__c37__user17__4-1-3,37,Take_medicine,user17,4-1-3,validation,304,2025-06-09_17-27-47.316,2025-06-09_17-27-47.316_00000304,Skeleton/37_Take_medicine/user17/4-1-3/predictions/Color_2025-06-09_17-27-47.316_00000304.json,1,2,,,ambiguous,multi_person_visual_decision_unavailable,False,
train__c38__user24__4-3-2,38,Massage_oneself,user24,4-3-2,validation,37,2025-06-13_10-38-54.616,2025-06-13_10-38-54.616_00000037,Skeleton/38_Massage_oneself/user24/4-3-2/predictions/Color_2025-06-13_10-38-54.616_00000037.json,1,2,,,ambiguous,multi_person_visual_decision_unavailable,False,
train__c39__user17__4-1-1,39,Take_body_temperature,user17,4-1-1,validation,406,2025-06-09_17-23-36.516,2025-06-09_17-23-36.516_00000406,Skeleton/39_Take_body_temperature/user17/4-1-1/predictions/Color_2025-06-09_17-23-36.516_00000406.json,1,2,,,ambiguous,multi_person_visual_decision_unavailable,False,
train__c39__user17__4-1-1,39,Take_body_temperature,user17,4-1-1,validation,407,2025-06-09_17-23-36.616,2025-06-09_17-23-36.616_00000407,Skeleton/39_Take_body_temperature/user17/4-1-1/predictions/Color_2025-06-09_17-23-36.616_00000407.json,1,2,,,ambiguous,multi_person_visual_decision_unavailable,False,
train__c39__user17__4-1-1,39,Take_body_temperature,user17,4-1-1,validation,408,2025-06-09_17-23-36.716,2025-06-09_17-23-36.716_00000408,Skeleton/39_Take_body_temperature/user17/4-1-1/predictions/Color_2025-06-09_17-23-36.716_00000408.json,1,2,,,ambiguous,multi_person_visual_decision_unavailable,False,
train__c39__user17__4-1-1,39,Take_body_temperature,user17,4-1-1,validation,409,2025-06-09_17-23-36.816,2025-06-09_17-23-36.816_00000409,Skeleton/39_Take_body_temperature/user17/4-1-1/predictions/Color_2025-06-09_17-23-36.816_00000409.json,1,2,,,ambiguous,multi_person_visual_decision_unavailable,False,
train__c39__user17__4-1-1,39,Take_body_temperature,user17,4-1-1,validation,410,2025-06-09_17-23-36.916,2025-06-09_17-23-36.916_00000410,Skeleton/39_Take_body_temperature/user17/4-1-1/predictions/Color_2025-06-09_17-23-36.916_00000410.json,1,2,,,ambiguous,multi_person_visual_decision_unavailable,False,
train__c39__user17__4-1-1,39,Take_body_temperature,user17,4-1-1,validation,429,2025-06-09_17-23-38.816,2025-06-09_17-23-38.816_00000429,Skeleton/39_Take_body_temperature/user17/4-1-1/predictions/Color_2025-06-09_17-23-38.816_00000429.json,1,2,,,ambiguous,multi_person_visual_decision_unavailable,False,
train__c39__user17__4-1-1,39,Take_body_temperature,user17,4-1-1,validation,430,2025-06-09_17-23-38.916,2025-06-09_17-23-38.916_00000430,Skeleton/39_Take_body_temperature/user17/4-1-1/predictions/Color_2025-06-09_17-23-38.916_00000430.json,1,2,,,ambiguous,multi_person_visual_decision_unavailable,False,
train__c39__user17__4-1-1,39,Take_body_temperature,user17,4-1-1,validation,431,2025-06-09_17-23-39.016,2025-06-09_17-23-39.016_00000431,Skeleton/39_Take_body_temperature/user17/4-1-1/predictions/Color_2025-06-09_17-23-39.016_00000431.json,1,2,,,ambiguous,multi_person_visual_decision_unavailable,False,
train__c39__user17__4-1-1,39,Take_body_temperature,user17,4-1-1,validation,432,2025-06-09_17-23-39.116,2025-06-09_17-23-39.116_00000432,Skeleton/39_Take_body_temperature/user17/4-1-1/predictions/Color_2025-06-09_17-23-39.116_00000432.json,1,2,,,ambiguous,multi_person_visual_decision_unavailable,False,
train__c39__user17__4-1-1,39,Take_body_temperature,user17,4-1-1,validation,433,2025-06-09_17-23-39.216,2025-06-09_17-23-39.216_00000433,Skeleton/39_Take_body_temperature/user17/4-1-1/predictions/Color_2025-06-09_17-23-39.216_00000433.json,1,2,,,ambiguous,multi_person_visual_decision_unavailable,False,
train__c39__user17__4-1-1,39,Take_body_temperature,user17,4-1-1,validation,434,2025-06-09_17-23-39.316,2025-06-09_17-23-39.316_00000434,Skeleton/39_Take_body_temperature/user17/4-1-1/predictions/Color_2025-06-09_17-23-39.316_00000434.json,1,2,,,ambiguous,multi_person_visual_decision_unavailable,False,
train__c39__user17__4-1-1,39,Take_body_temperature,user17,4-1-1,validation,435,2025-06-09_17-23-39.416,2025-06-09_17-23-39.416_00000435,Skeleton/39_Take_body_temperature/user17/4-1-1/predictions/Color_2025-06-09_17-23-39.416_00000435.json,1,2,,,ambiguous,multi_person_visual_decision_unavailable,False,
train__c39__user17__4-1-1,39,Take_body_temperature,user17,4-1-1,validation,436,2025-06-09_17-23-39.516,2025-06-09_17-23-39.516_00000436,Skeleton/39_Take_body_temperature/user17/4-1-1/predictions/Color_2025-06-09_17-23-39.516_00000436.json,1,2,,,ambiguous,multi_person_visual_decision_unavailable,False,
train__c39__user17__4-1-1,39,Take_body_temperature,user17,4-1-1,validation,437,2025-06-09_17-23-39.616,2025-06-09_17-23-39.616_00000437,Skeleton/39_Take_body_temperature/user17/4-1-1/predictions/Color_2025-06-09_17-23-39.616_00000437.json,1,2,,,ambiguous,multi_person_visual_decision_unavailable,False,
train__c39__user17__4-1-1,39,Take_body_temperature,user17,4-1-1,validation,442,2025-06-09_17-23-40.116,2025-06-09_17-23-40.116_00000442,Skeleton/39_Take_body_temperature/user17/4-1-1/predictions/Color_2025-06-09_17-23-40.116_00000442.json,1,2,,,ambiguous,multi_person_visual_decision_unavailable,False,
train__c39__user17__4-1-1,39,Take_body_temperature,user17,4-1-1,validation,443,2025-06-09_17-23-40.216,2025-06-09_17-23-40.216_00000443,Skeleton/39_Take_body_temperature/user17/4-1-1/predictions/Color_2025-06-09_17-23-40.216_00000443.json,1,2,,,ambiguous,multi_person_visual_decision_unavailable,False,
train__c39__user17__4-1-1,39,Take_body_temperature,user17,4-1-1,validation,445,2025-06-09_17-23-40.416,2025-06-09_17-23-40.416_00000445,Skeleton/39_Take_body_temperature/user17/4-1-1/predictions/Color_2025-06-09_17-23-40.416_00000445.json,1,2,,,ambiguous,multi_person_visual_decision_unavailable,False,
train__c39__user17__4-1-1,39,Take_body_temperature,user17,4-1-1,validation,446,2025-06-09_17-23-40.516,2025-06-09_17-23-40.516_00000446,Skeleton/39_Take_body_temperature/user17/4-1-1/predictions/Color_2025-06-09_17-23-40.516_00000446.json,1,2,,,ambiguous,multi_person_visual_decision_unavailable,False,
train__c39__user17__4-1-1,39,Take_body_temperature,user17,4-1-1,validation,469,2025-06-09_17-23-42.816,2025-06-09_17-23-42.816_00000469,Skeleton/39_Take_body_temperature/user17/4-1-1/predictions/Color_2025-06-09_17-23-42.816_00000469.json,1,2,,,ambiguous,multi_person_visual_decision_unavailable,False,
train__c39__user17__4-1-1,39,Take_body_temperature,user17,4-1-1,validation,470,2025-06-09_17-23-42.916,2025-06-09_17-23-42.916_00000470,Skeleton/39_Take_body_temperature/user17/4-1-1/predictions/Color_2025-06-09_17-23-42.916_00000470.json,1,2,,,ambiguous,multi_person_visual_decision_unavailable,False,
train__c39__user17__4-1-1,39,Take_body_temperature,user17,4-1-1,validation,471,2025-06-09_17-23-43.016,2025-06-09_17-23-43.016_00000471,Skeleton/39_Take_body_temperature/user17/4-1-1/predictions/Color_2025-06-09_17-23-43.016_00000471.json,1,2,,,ambiguous,multi_person_visual_decision_unavailable,False,
train__c39__user17__4-1-1,39,Take_body_temperature,user17,4-1-1,validation,473,2025-06-09_17-23-43.216,2025-06-09_17-23-43.216_00000473,Skeleton/39_Take_body_temperature/user17/4-1-1/predictions/Color_2025-06-09_17-23-43.216_00000473.json,1,2,,,ambiguous,multi_person_visual_decision_unavailable,False,
train__c39__user17__4-1-1,39,Take_body_temperature,user17,4-1-1,validation,476,2025-06-09_17-23-43.516,2025-06-09_17-23-43.516_00000476,Skeleton/39_Take_body_temperature/user17/4-1-1/predictions/Color_2025-06-09_17-23-43.516_00000476.json,1,2,,,ambiguous,multi_person_visual_decision_unavailable,False,
train__c39__user17__4-1-1,39,Take_body_temperature,user17,4-1-1,validation,477,2025-06-09_17-23-43.616,2025-06-09_17-23-43.616_00000477,Skeleton/39_Take_body_temperature/user17/4-1-1/predictions/Color_2025-06-09_17-23-43.616_00000477.json,1,2,,,ambiguous,multi_person_visual_decision_unavailable,False,
train__c39__user17__4-1-1,39,Take_body_temperature,user17,4-1-1,validation,478,2025-06-09_17-23-43.716,2025-06-09_17-23-43.716_00000478,Skeleton/39_Take_body_temperature/user17/4-1-1/predictions/Color_2025-06-09_17-23-43.716_00000478.json,1,2,,,ambiguous,multi_person_visual_decision_unavailable,False,
train__c39__user17__4-1-2,39,Take_body_temperature,user17,4-1-2,validation,319,2025-06-09_17-25-52.816,2025-06-09_17-25-52.816_00000319,Skeleton/39_Take_body_temperature/user17/4-1-2/predictions/Color_2025-06-09_17-25-52.816_00000319.json,1,2,,,ambiguous,multi_person_visual_decision_unavailable,False,
train__c39__user17__4-1-2,39,Take_body_temperature,user17,4-1-2,validation,322,2025-06-09_17-25-53.116,2025-06-09_17-25-53.116_00000322,Skeleton/39_Take_body_temperature/user17/4-1-2/predictions/Color_2025-06-09_17-25-53.116_00000322.json,1,2,,,ambiguous,multi_person_visual_decision_unavailable,False,
train__c39__user17__4-1-2,39,Take_body_temperature,user17,4-1-2,validation,323,2025-06-09_17-25-53.216,2025-06-09_17-25-53.216_00000323,Skeleton/39_Take_body_temperature/user17/4-1-2/predictions/Color_2025-06-09_17-25-53.216_00000323.json,1,2,,,ambiguous,multi_person_visual_decision_unavailable,False,
train__c39__user17__4-1-2,39,Take_body_temperature,user17,4-1-2,validation,324,2025-06-09_17-25-53.316,2025-06-09_17-25-53.316_00000324,Skeleton/39_Take_body_temperature/user17/4-1-2/predictions/Color_2025-06-09_17-25-53.316_00000324.json,1,2,,,ambiguous,multi_person_visual_decision_unavailable,False,
train__c39__user17__4-1-2,39,Take_body_temperature,user17,4-1-2,validation,326,2025-06-09_17-25-53.516,2025-06-09_17-25-53.516_00000326,Skeleton/39_Take_body_temperature/user17/4-1-2/predictions/Color_2025-06-09_17-25-53.516_00000326.json,1,2,,,ambiguous,multi_person_visual_decision_unavailable,False,
train__c39__user17__4-1-2,39,Take_body_temperature,user17,4-1-2,validation,327,2025-06-09_17-25-53.616,2025-06-09_17-25-53.616_00000327,Skeleton/39_Take_body_temperature/user17/4-1-2/predictions/Color_2025-06-09_17-25-53.616_00000327.json,1,2,,,ambiguous,multi_person_visual_decision_unavailable,False,
train__c39__user17__4-1-2,39,Take_body_temperature,user17,4-1-2,validation,328,2025-06-09_17-25-53.716,2025-06-09_17-25-53.716_00000328,Skeleton/39_Take_body_temperature/user17/4-1-2/predictions/Color_2025-06-09_17-25-53.716_00000328.json,1,2,,,ambiguous,multi_person_visual_decision_unavailable,False,
train__c39__user17__4-1-2,39,Take_body_temperature,user17,4-1-2,validation,329,2025-06-09_17-25-53.816,2025-06-09_17-25-53.816_00000329,Skeleton/39_Take_body_temperature/user17/4-1-2/predictions/Color_2025-06-09_17-25-53.816_00000329.json,1,2,,,ambiguous,multi_person_visual_decision_unavailable,False,
train__c39__user17__4-1-2,39,Take_body_temperature,user17,4-1-2,validation,330,2025-06-09_17-25-53.916,2025-06-09_17-25-53.916_00000330,Skeleton/39_Take_body_temperature/user17/4-1-2/predictions/Color_2025-06-09_17-25-53.916_00000330.json,1,2,,,ambiguous,multi_person_visual_decision_unavailable,False,
train__c39__user17__4-1-2,39,Take_body_temperature,user17,4-1-2,validation,331,2025-06-09_17-25-54.016,2025-06-09_17-25-54.016_00000331,Skeleton/39_Take_body_temperature/user17/4-1-2/predictions/Color_2025-06-09_17-25-54.016_00000331.json,1,2,,,ambiguous,multi_person_visual_decision_unavailable,False,
train__c39__user17__4-1-2,39,Take_body_temperature,user17,4-1-2,validation,332,2025-06-09_17-25-54.116,2025-06-09_17-25-54.116_00000332,Skeleton/39_Take_body_temperature/user17/4-1-2/predictions/Color_2025-06-09_17-25-54.116_00000332.json,1,2,,,ambiguous,multi_person_visual_decision_unavailable,False,
train__c39__user17__4-1-2,39,Take_body_temperature,user17,4-1-2,validation,333,2025-06-09_17-25-54.216,2025-06-09_17-25-54.216_00000333,Skeleton/39_Take_body_temperature/user17/4-1-2/predictions/Color_2025-06-09_17-25-54.216_00000333.json,1,2,,,ambiguous,multi_person_visual_decision_unavailable,False,
train__c39__user17__4-1-2,39,Take_body_temperature,user17,4-1-2,validation,334,2025-06-09_17-25-54.316,2025-06-09_17-25-54.316_00000334,Skeleton/39_Take_body_temperature/user17/4-1-2/predictions/Color_2025-06-09_17-25-54.316_00000334.json,1,2,,,ambiguous,multi_person_visual_decision_unavailable,False,
train__c39__user17__4-1-2,39,Take_body_temperature,user17,4-1-2,validation,335,2025-06-09_17-25-54.416,2025-06-09_17-25-54.416_00000335,Skeleton/39_Take_body_temperature/user17/4-1-2/predictions/Color_2025-06-09_17-25-54.416_00000335.json,1,2,,,ambiguous,multi_person_visual_decision_unavailable,False,
train__c39__user17__4-1-2,39,Take_body_temperature,user17,4-1-2,validation,336,2025-06-09_17-25-54.516,2025-06-09_17-25-54.516_00000336,Skeleton/39_Take_body_temperature/user17/4-1-2/predictions/Color_2025-06-09_17-25-54.516_00000336.json,1,2,,,ambiguous,multi_person_visual_decision_unavailable,False,
train__c39__user17__4-1-2,39,Take_body_temperature,user17,4-1-2,validation,337,2025-06-09_17-25-54.616,2025-06-09_17-25-54.616_00000337,Skeleton/39_Take_body_temperature/user17/4-1-2/predictions/Color_2025-06-09_17-25-54.616_00000337.json,1,2,,,ambiguous,multi_person_visual_decision_unavailable,False,
train__c39__user17__4-1-2,39,Take_body_temperature,user17,4-1-2,validation,338,2025-06-09_17-25-54.716,2025-06-09_17-25-54.716_00000338,Skeleton/39_Take_body_temperature/user17/4-1-2/predictions/Color_2025-06-09_17-25-54.716_00000338.json,1,2,,,ambiguous,multi_person_visual_decision_unavailable,False,
train__c39__user17__4-1-2,39,Take_body_temperature,user17,4-1-2,validation,339,2025-06-09_17-25-54.816,2025-06-09_17-25-54.816_00000339,Skeleton/39_Take_body_temperature/user17/4-1-2/predictions/Color_2025-06-09_17-25-54.816_00000339.json,1,2,,,ambiguous,multi_person_visual_decision_unavailable,False,
train__c39__user17__4-1-2,39,Take_body_temperature,user17,4-1-2,validation,340,2025-06-09_17-25-54.916,2025-06-09_17-25-54.916_00000340,Skeleton/39_Take_body_temperature/user17/4-1-2/predictions/Color_2025-06-09_17-25-54.916_00000340.json,1,2,,,ambiguous,multi_person_visual_decision_unavailable,False,
train__c39__user17__4-1-2,39,Take_body_temperature,user17,4-1-2,validation,341,2025-06-09_17-25-55.016,2025-06-09_17-25-55.016_00000341,Skeleton/39_Take_body_temperature/user17/4-1-2/predictions/Color_2025-06-09_17-25-55.016_00000341.json,1,2,,,ambiguous,multi_person_visual_decision_unavailable,False,
train__c39__user17__4-1-2,39,Take_body_temperature,user17,4-1-2,validation,342,2025-06-09_17-25-55.116,2025-06-09_17-25-55.116_00000342,Skeleton/39_Take_body_temperature/user17/4-1-2/predictions/Color_2025-06-09_17-25-55.116_00000342.json,1,2,,,ambiguous,multi_person_visual_decision_unavailable,False,
train__c39__user17__4-1-2,39,Take_body_temperature,user17,4-1-2,validation,343,2025-06-09_17-25-55.216,2025-06-09_17-25-55.216_00000343,Skeleton/39_Take_body_temperature/user17/4-1-2/predictions/Color_2025-06-09_17-25-55.216_00000343.json,1,2,,,ambiguous,multi_person_visual_decision_unavailable,False,
train__c39__user17__4-1-2,39,Take_body_temperature,user17,4-1-2,validation,344,2025-06-09_17-25-55.316,2025-06-09_17-25-55.316_00000344,Skeleton/39_Take_body_temperature/user17/4-1-2/predictions/Color_2025-06-09_17-25-55.316_00000344.json,1,2,,,ambiguous,multi_person_visual_decision_unavailable,False,
train__c39__user17__4-1-2,39,Take_body_temperature,user17,4-1-2,validation,345,2025-06-09_17-25-55.416,2025-06-09_17-25-55.416_00000345,Skeleton/39_Take_body_temperature/user17/4-1-2/predictions/Color_2025-06-09_17-25-55.416_00000345.json,1,2,,,ambiguous,multi_person_visual_decision_unavailable,False,
train__c39__user17__4-1-2,39,Take_body_temperature,user17,4-1-2,validation,346,2025-06-09_17-25-55.516,2025-06-09_17-25-55.516_00000346,Skeleton/39_Take_body_temperature/user17/4-1-2/predictions/Color_2025-06-09_17-25-55.516_00000346.json,1,2,,,ambiguous,multi_person_visual_decision_unavailable,False,
train__c39__user17__4-1-2,39,Take_body_temperature,user17,4-1-2,validation,348,2025-06-09_17-25-55.716,2025-06-09_17-25-55.716_00000348,Skeleton/39_Take_body_temperature/user17/4-1-2/predictions/Color_2025-06-09_17-25-55.716_00000348.json,1,2,,,ambiguous,multi_person_visual_decision_unavailable,False,
train__c39__user17__4-1-3,39,Take_body_temperature,user17,4-1-3,validation,253,2025-06-09_17-27-42.216,2025-06-09_17-27-42.216_00000253,Skeleton/39_Take_body_temperature/user17/4-1-3/predictions/Color_2025-06-09_17-27-42.216_00000253.json,1,2,,,ambiguous,multi_person_visual_decision_unavailable,False,
train__c39__user17__4-1-3,39,Take_body_temperature,user17,4-1-3,validation,254,2025-06-09_17-27-42.316,2025-06-09_17-27-42.316_00000254,Skeleton/39_Take_body_temperature/user17/4-1-3/predictions/Color_2025-06-09_17-27-42.316_00000254.json,1,2,,,ambiguous,multi_person_visual_decision_unavailable,False,
train__c39__user17__4-1-3,39,Take_body_temperature,user17,4-1-3,validation,255,2025-06-09_17-27-42.416,2025-06-09_17-27-42.416_00000255,Skeleton/39_Take_body_temperature/user17/4-1-3/predictions/Color_2025-06-09_17-27-42.416_00000255.json,1,2,,,ambiguous,multi_person_visual_decision_unavailable,False,
train__c39__user17__4-1-3,39,Take_body_temperature,user17,4-1-3,validation,256,2025-06-09_17-27-42.516,2025-06-09_17-27-42.516_00000256,Skeleton/39_Take_body_temperature/user17/4-1-3/predictions/Color_2025-06-09_17-27-42.516_00000256.json,1,2,,,ambiguous,multi_person_visual_decision_unavailable,False,
train__c39__user17__4-1-3,39,Take_body_temperature,user17,4-1-3,validation,257,2025-06-09_17-27-42.616,2025-06-09_17-27-42.616_00000257,Skeleton/39_Take_body_temperature/user17/4-1-3/predictions/Color_2025-06-09_17-27-42.616_00000257.json,1,2,,,ambiguous,multi_person_visual_decision_unavailable,False,
train__c39__user17__4-1-3,39,Take_body_temperature,user17,4-1-3,validation,258,2025-06-09_17-27-42.716,2025-06-09_17-27-42.716_00000258,Skeleton/39_Take_body_temperature/user17/4-1-3/predictions/Color_2025-06-09_17-27-42.716_00000258.json,1,2,,,ambiguous,multi_person_visual_decision_unavailable,False,
train__c39__user17__4-1-3,39,Take_body_temperature,user17,4-1-3,validation,259,2025-06-09_17-27-42.816,2025-06-09_17-27-42.816_00000259,Skeleton/39_Take_body_temperature/user17/4-1-3/predictions/Color_2025-06-09_17-27-42.816_00000259.json,1,2,,,ambiguous,multi_person_visual_decision_unavailable,False,
train__c39__user17__4-1-3,39,Take_body_temperature,user17,4-1-3,validation,260,2025-06-09_17-27-42.916,2025-06-09_17-27-42.916_00000260,Skeleton/39_Take_body_temperature/user17/4-1-3/predictions/Color_2025-06-09_17-27-42.916_00000260.json,1,2,,,ambiguous,multi_person_visual_decision_unavailable,False,
train__c39__user17__4-1-3,39,Take_body_temperature,user17,4-1-3,validation,263,2025-06-09_17-27-43.216,2025-06-09_17-27-43.216_00000263,Skeleton/39_Take_body_temperature/user17/4-1-3/predictions/Color_2025-06-09_17-27-43.216_00000263.json,1,2,,,ambiguous,multi_person_visual_decision_unavailable,False,
train__c39__user17__4-1-3,39,Take_body_temperature,user17,4-1-3,validation,266,2025-06-09_17-27-43.516,2025-06-09_17-27-43.516_00000266,Skeleton/39_Take_body_temperature/user17/4-1-3/predictions/Color_2025-06-09_17-27-43.516_00000266.json,1,2,,,ambiguous,multi_person_visual_decision_unavailable,False,
train__c39__user17__7-1-1,39,Take_body_temperature,user17,7-1-1,validation,96,2025-06-09_17-42-12.516,2025-06-09_17-42-12.516_00000096,Skeleton/39_Take_body_temperature/user17/7-1-1/predictions/Color_2025-06-09_17-42-12.516_00000096.json,1,2,,,ambiguous,multi_person_visual_decision_unavailable,False,
train__c39__user17__7-1-1,39,Take_body_temperature,user17,7-1-1,validation,97,2025-06-09_17-42-12.616,2025-06-09_17-42-12.616_00000097,Skeleton/39_Take_body_temperature/user17/7-1-1/predictions/Color_2025-06-09_17-42-12.616_00000097.json,1,3,,,ambiguous,multi_person_visual_decision_unavailable,False,
train__c39__user17__7-1-1,39,Take_body_temperature,user17,7-1-1,validation,98,2025-06-09_17-42-12.716,2025-06-09_17-42-12.716_00000098,Skeleton/39_Take_body_temperature/user17/7-1-1/predictions/Color_2025-06-09_17-42-12.716_00000098.json,1,3,,,ambiguous,multi_person_visual_decision_unavailable,False,
train__c39__user17__7-1-1,39,Take_body_temperature,user17,7-1-1,validation,99,2025-06-09_17-42-12.816,2025-06-09_17-42-12.816_00000099,Skeleton/39_Take_body_temperature/user17/7-1-1/predictions/Color_2025-06-09_17-42-12.816_00000099.json,1,3,,,ambiguous,multi_person_visual_decision_unavailable,False,
train__c39__user17__7-1-1,39,Take_body_temperature,user17,7-1-1,validation,100,2025-06-09_17-42-12.916,2025-06-09_17-42-12.916_00000100,Skeleton/39_Take_body_temperature/user17/7-1-1/predictions/Color_2025-06-09_17-42-12.916_00000100.json,1,3,,,ambiguous,multi_person_visual_decision_unavailable,False,
train__c39__user17__7-1-1,39,Take_body_temperature,user17,7-1-1,validation,101,2025-06-09_17-42-13.016,2025-06-09_17-42-13.016_00000101,Skeleton/39_Take_body_temperature/user17/7-1-1/predictions/Color_2025-06-09_17-42-13.016_00000101.json,1,3,,,ambiguous,multi_person_visual_decision_unavailable,False,
train__c39__user17__7-1-1,39,Take_body_temperature,user17,7-1-1,validation,102,2025-06-09_17-42-13.116,2025-06-09_17-42-13.116_00000102,Skeleton/39_Take_body_temperature/user17/7-1-1/predictions/Color_2025-06-09_17-42-13.116_00000102.json,1,3,,,ambiguous,multi_person_visual_decision_unavailable,False,
train__c39__user17__7-1-1,39,Take_body_temperature,user17,7-1-1,validation,103,2025-06-09_17-42-13.216,2025-06-09_17-42-13.216_00000103,Skeleton/39_Take_body_temperature/user17/7-1-1/predictions/Color_2025-06-09_17-42-13.216_00000103.json,1,3,,,ambiguous,multi_person_visual_decision_unavailable,False,
train__c39__user17__7-1-1,39,Take_body_temperature,user17,7-1-1,validation,104,2025-06-09_17-42-13.316,2025-06-09_17-42-13.316_00000104,Skeleton/39_Take_body_temperature/user17/7-1-1/predictions/Color_2025-06-09_17-42-13.316_00000104.json,1,2,,,ambiguous,multi_person_visual_decision_unavailable,False,
train__c39__user17__7-1-1,39,Take_body_temperature,user17,7-1-1,validation,105,2025-06-09_17-42-13.416,2025-06-09_17-42-13.416_00000105,Skeleton/39_Take_body_temperature/user17/7-1-1/predictions/Color_2025-06-09_17-42-13.416_00000105.json,1,2,,,ambiguous,multi_person_visual_decision_unavailable,False,
train__c39__user17__7-1-1,39,Take_body_temperature,user17,7-1-1,validation,106,2025-06-09_17-42-13.516,2025-06-09_17-42-13.516_00000106,Skeleton/39_Take_body_temperature/user17/7-1-1/predictions/Color_2025-06-09_17-42-13.516_00000106.json,1,2,,,ambiguous,multi_person_visual_decision_unavailable,False,
train__c39__user17__7-1-1,39,Take_body_temperature,user17,7-1-1,validation,107,2025-06-09_17-42-13.616,2025-06-09_17-42-13.616_00000107,Skeleton/39_Take_body_temperature/user17/7-1-1/predictions/Color_2025-06-09_17-42-13.616_00000107.json,1,2,,,ambiguous,multi_person_visual_decision_unavailable,False,
train__c39__user17__7-1-1,39,Take_body_temperature,user17,7-1-1,validation,108,2025-06-09_17-42-13.716,2025-06-09_17-42-13.716_00000108,Skeleton/39_Take_body_temperature/user17/7-1-1/predictions/Color_2025-06-09_17-42-13.716_00000108.json,1,2,,,ambiguous,multi_person_visual_decision_unavailable,False,
train__c39__user17__7-1-1,39,Take_body_temperature,user17,7-1-1,validation,109,2025-06-09_17-42-13.816,2025-06-09_17-42-13.816_00000109,Skeleton/39_Take_body_temperature/user17/7-1-1/predictions/Color_2025-06-09_17-42-13.816_00000109.json,1,2,,,ambiguous,multi_person_visual_decision_unavailable,False,
train__c39__user17__7-1-1,39,Take_body_temperature,user17,7-1-1,validation,110,2025-06-09_17-42-13.916,2025-06-09_17-42-13.916_00000110,Skeleton/39_Take_body_temperature/user17/7-1-1/predictions/Color_2025-06-09_17-42-13.916_00000110.json,1,2,,,ambiguous,multi_person_visual_decision_unavailable,False,
train__c39__user17__7-1-1,39,Take_body_temperature,user17,7-1-1,validation,111,2025-06-09_17-42-14.016,2025-06-09_17-42-14.016_00000111,Skeleton/39_Take_body_temperature/user17/7-1-1/predictions/Color_2025-06-09_17-42-14.016_00000111.json,1,2,,,ambiguous,multi_person_visual_decision_unavailable,False,
train__c39__user17__7-1-1,39,Take_body_temperature,user17,7-1-1,validation,112,2025-06-09_17-42-14.116,2025-06-09_17-42-14.116_00000112,Skeleton/39_Take_body_temperature/user17/7-1-1/predictions/Color_2025-06-09_17-42-14.116_00000112.json,1,3,,,ambiguous,multi_person_visual_decision_unavailable,False,
train__c39__user17__7-1-1,39,Take_body_temperature,user17,7-1-1,validation,113,2025-06-09_17-42-14.216,2025-06-09_17-42-14.216_00000113,Skeleton/39_Take_body_temperature/user17/7-1-1/predictions/Color_2025-06-09_17-42-14.216_00000113.json,1,3,,,ambiguous,multi_person_visual_decision_unavailable,False,
train__c39__user17__7-1-1,39,Take_body_temperature,user17,7-1-1,validation,114,2025-06-09_17-42-14.316,2025-06-09_17-42-14.316_00000114,Skeleton/39_Take_body_temperature/user17/7-1-1/predictions/Color_2025-06-09_17-42-14.316_00000114.json,1,3,,,ambiguous,multi_person_visual_decision_unavailable,False,
train__c39__user17__7-1-1,39,Take_body_temperature,user17,7-1-1,validation,115,2025-06-09_17-42-14.416,2025-06-09_17-42-14.416_00000115,Skeleton/39_Take_body_temperature/user17/7-1-1/predictions/Color_2025-06-09_17-42-14.416_00000115.json,1,3,,,ambiguous,multi_person_visual_decision_unavailable,False,
train__c39__user17__7-1-1,39,Take_body_temperature,user17,7-1-1,validation,116,2025-06-09_17-42-14.516,2025-06-09_17-42-14.516_00000116,Skeleton/39_Take_body_temperature/user17/7-1-1/predictions/Color_2025-06-09_17-42-14.516_00000116.json,1,3,,,ambiguous,multi_person_visual_decision_unavailable,False,
train__c39__user17__7-1-1,39,Take_body_temperature,user17,7-1-1,validation,117,2025-06-09_17-42-14.616,2025-06-09_17-42-14.616_00000117,Skeleton/39_Take_body_temperature/user17/7-1-1/predictions/Color_2025-06-09_17-42-14.616_00000117.json,1,3,,,ambiguous,multi_person_visual_decision_unavailable,False,
train__c39__user17__7-1-1,39,Take_body_temperature,user17,7-1-1,validation,118,2025-06-09_17-42-14.716,2025-06-09_17-42-14.716_00000118,Skeleton/39_Take_body_temperature/user17/7-1-1/predictions/Color_2025-06-09_17-42-14.716_00000118.json,1,3,,,ambiguous,multi_person_visual_decision_unavailable,False,
train__c39__user17__7-1-1,39,Take_body_temperature,user17,7-1-1,validation,119,2025-06-09_17-42-14.816,2025-06-09_17-42-14.816_00000119,Skeleton/39_Take_body_temperature/user17/7-1-1/predictions/Color_2025-06-09_17-42-14.816_00000119.json,1,3,,,ambiguous,multi_person_visual_decision_unavailable,False,
train__c39__user17__7-1-1,39,Take_body_temperature,user17,7-1-1,validation,120,2025-06-09_17-42-14.916,2025-06-09_17-42-14.916_00000120,Skeleton/39_Take_body_temperature/user17/7-1-1/predictions/Color_2025-06-09_17-42-14.916_00000120.json,1,3,,,ambiguous,multi_person_visual_decision_unavailable,False,
train__c39__user17__7-1-1,39,Take_body_temperature,user17,7-1-1,validation,121,2025-06-09_17-42-15.016,2025-06-09_17-42-15.016_00000121,Skeleton/39_Take_body_temperature/user17/7-1-1/predictions/Color_2025-06-09_17-42-15.016_00000121.json,1,3,,,ambiguous,multi_person_visual_decision_unavailable,False,
train__c39__user17__7-1-1,39,Take_body_temperature,user17,7-1-1,validation,122,2025-06-09_17-42-15.116,2025-06-09_17-42-15.116_00000122,Skeleton/39_Take_body_temperature/user17/7-1-1/predictions/Color_2025-06-09_17-42-15.116_00000122.json,1,3,,,ambiguous,multi_person_visual_decision_unavailable,False,
train__c39__user17__7-1-1,39,Take_body_temperature,user17,7-1-1,validation,123,2025-06-09_17-42-15.216,2025-06-09_17-42-15.216_00000123,Skeleton/39_Take_body_temperature/user17/7-1-1/predictions/Color_2025-06-09_17-42-15.216_00000123.json,1,3,,,ambiguous,multi_person_visual_decision_unavailable,False,
train__c39__user17__7-1-1,39,Take_body_temperature,user17,7-1-1,validation,124,2025-06-09_17-42-15.316,2025-06-09_17-42-15.316_00000124,Skeleton/39_Take_body_temperature/user17/7-1-1/predictions/Color_2025-06-09_17-42-15.316_00000124.json,1,3,,,ambiguous,multi_person_visual_decision_unavailable,False,
train__c39__user17__7-1-1,39,Take_body_temperature,user17,7-1-1,validation,125,2025-06-09_17-42-15.416,2025-06-09_17-42-15.416_00000125,Skeleton/39_Take_body_temperature/user17/7-1-1/predictions/Color_2025-06-09_17-42-15.416_00000125.json,1,3,,,ambiguous,multi_person_visual_decision_unavailable,False,
train__c39__user17__7-1-1,39,Take_body_temperature,user17,7-1-1,validation,126,2025-06-09_17-42-15.516,2025-06-09_17-42-15.516_00000126,Skeleton/39_Take_body_temperature/user17/7-1-1/predictions/Color_2025-06-09_17-42-15.516_00000126.json,1,3,,,ambiguous,multi_person_visual_decision_unavailable,False,
train__c39__user17__7-1-1,39,Take_body_temperature,user17,7-1-1,validation,127,2025-06-09_17-42-15.616,2025-06-09_17-42-15.616_00000127,Skeleton/39_Take_body_temperature/user17/7-1-1/predictions/Color_2025-06-09_17-42-15.616_00000127.json,1,3,,,ambiguous,multi_person_visual_decision_unavailable,False,
train__c39__user17__7-1-1,39,Take_body_temperature,user17,7-1-1,validation,128,2025-06-09_17-42-15.716,2025-06-09_17-42-15.716_00000128,Skeleton/39_Take_body_temperature/user17/7-1-1/predictions/Color_2025-06-09_17-42-15.716_00000128.json,1,3,,,ambiguous,multi_person_visual_decision_unavailable,False,
train__c39__user17__7-1-1,39,Take_body_temperature,user17,7-1-1,validation,129,2025-06-09_17-42-15.816,2025-06-09_17-42-15.816_00000129,Skeleton/39_Take_body_temperature/user17/7-1-1/predictions/Color_2025-06-09_17-42-15.816_00000129.json,1,3,,,ambiguous,multi_person_visual_decision_unavailable,False,
train__c39__user17__7-1-1,39,Take_body_temperature,user17,7-1-1,validation,130,2025-06-09_17-42-15.916,2025-06-09_17-42-15.916_00000130,Skeleton/39_Take_body_temperature/user17/7-1-1/predictions/Color_2025-06-09_17-42-15.916_00000130.json,1,3,,,ambiguous,multi_person_visual_decision_unavailable,False,
train__c39__user17__7-1-1,39,Take_body_temperature,user17,7-1-1,validation,131,2025-06-09_17-42-16.016,2025-06-09_17-42-16.016_00000131,Skeleton/39_Take_body_temperature/user17/7-1-1/predictions/Color_2025-06-09_17-42-16.016_00000131.json,1,3,,,ambiguous,multi_person_visual_decision_unavailable,False,
train__c39__user17__7-1-1,39,Take_body_temperature,user17,7-1-1,validation,132,2025-06-09_17-42-16.116,2025-06-09_17-42-16.116_00000132,Skeleton/39_Take_body_temperature/user17/7-1-1/predictions/Color_2025-06-09_17-42-16.116_00000132.json,1,3,,,ambiguous,multi_person_visual_decision_unavailable,False,
train__c39__user17__7-1-1,39,Take_body_temperature,user17,7-1-1,validation,133,2025-06-09_17-42-16.216,2025-06-09_17-42-16.216_00000133,Skeleton/39_Take_body_temperature/user17/7-1-1/predictions/Color_2025-06-09_17-42-16.216_00000133.json,1,3,,,ambiguous,multi_person_visual_decision_unavailable,False,
train__c39__user17__7-1-1,39,Take_body_temperature,user17,7-1-1,validation,134,2025-06-09_17-42-16.316,2025-06-09_17-42-16.316_00000134,Skeleton/39_Take_body_temperature/user17/7-1-1/predictions/Color_2025-06-09_17-42-16.316_00000134.json,1,3,,,ambiguous,multi_person_visual_decision_unavailable,False,
train__c39__user17__7-1-2,39,Take_body_temperature,user17,7-1-2,validation,66,2025-06-09_17-43-39.516,2025-06-09_17-43-39.516_00000066,Skeleton/39_Take_body_temperature/user17/7-1-2/predictions/Color_2025-06-09_17-43-39.516_00000066.json,1,2,,,ambiguous,multi_person_visual_decision_unavailable,False,
train__c39__user17__7-1-2,39,Take_body_temperature,user17,7-1-2,validation,67,2025-06-09_17-43-39.616,2025-06-09_17-43-39.616_00000067,Skeleton/39_Take_body_temperature/user17/7-1-2/predictions/Color_2025-06-09_17-43-39.616_00000067.json,1,2,,,ambiguous,multi_person_visual_decision_unavailable,False,
train__c39__user17__7-1-2,39,Take_body_temperature,user17,7-1-2,validation,68,2025-06-09_17-43-39.716,2025-06-09_17-43-39.716_00000068,Skeleton/39_Take_body_temperature/user17/7-1-2/predictions/Color_2025-06-09_17-43-39.716_00000068.json,1,2,,,ambiguous,multi_person_visual_decision_unavailable,False,
train__c39__user17__7-1-2,39,Take_body_temperature,user17,7-1-2,validation,69,2025-06-09_17-43-39.816,2025-06-09_17-43-39.816_00000069,Skeleton/39_Take_body_temperature/user17/7-1-2/predictions/Color_2025-06-09_17-43-39.816_00000069.json,1,2,,,ambiguous,multi_person_visual_decision_unavailable,False,
train__c39__user17__7-1-3,39,Take_body_temperature,user17,7-1-3,validation,51,2025-06-09_17-44-55.016,2025-06-09_17-44-55.016_00000051,Skeleton/39_Take_body_temperature/user17/7-1-3/predictions/Color_2025-06-09_17-44-55.016_00000051.json,1,2,,,ambiguous,multi_person_visual_decision_unavailable,False,
train__c39__user17__7-1-3,39,Take_body_temperature,user17,7-1-3,validation,52,2025-06-09_17-44-55.116,2025-06-09_17-44-55.116_00000052,Skeleton/39_Take_body_temperature/user17/7-1-3/predictions/Color_2025-06-09_17-44-55.116_00000052.json,1,2,,,ambiguous,multi_person_visual_decision_unavailable,False,
train__c39__user17__7-1-3,39,Take_body_temperature,user17,7-1-3,validation,53,2025-06-09_17-44-55.216,2025-06-09_17-44-55.216_00000053,Skeleton/39_Take_body_temperature/user17/7-1-3/predictions/Color_2025-06-09_17-44-55.216_00000053.json,1,2,,,ambiguous,multi_person_visual_decision_unavailable,False,
train__c39__user17__7-1-3,39,Take_body_temperature,user17,7-1-3,validation,54,2025-06-09_17-44-55.316,2025-06-09_17-44-55.316_00000054,Skeleton/39_Take_body_temperature/user17/7-1-3/predictions/Color_2025-06-09_17-44-55.316_00000054.json,1,2,,,ambiguous,multi_person_visual_decision_unavailable,False,
train__c39__user17__7-1-3,39,Take_body_temperature,user17,7-1-3,validation,55,2025-06-09_17-44-55.416,2025-06-09_17-44-55.416_00000055,Skeleton/39_Take_body_temperature/user17/7-1-3/predictions/Color_2025-06-09_17-44-55.416_00000055.json,1,2,,,ambiguous,multi_person_visual_decision_unavailable,False,
train__c39__user17__7-1-3,39,Take_body_temperature,user17,7-1-3,validation,56,2025-06-09_17-44-55.516,2025-06-09_17-44-55.516_00000056,Skeleton/39_Take_body_temperature/user17/7-1-3/predictions/Color_2025-06-09_17-44-55.516_00000056.json,1,2,,,ambiguous,multi_person_visual_decision_unavailable,False,
train__c39__user17__7-1-3,39,Take_body_temperature,user17,7-1-3,validation,57,2025-06-09_17-44-55.616,2025-06-09_17-44-55.616_00000057,Skeleton/39_Take_body_temperature/user17/7-1-3/predictions/Color_2025-06-09_17-44-55.616_00000057.json,1,2,,,ambiguous,multi_person_visual_decision_unavailable,False,
train__c39__user17__7-1-3,39,Take_body_temperature,user17,7-1-3,validation,58,2025-06-09_17-44-55.716,2025-06-09_17-44-55.716_00000058,Skeleton/39_Take_body_temperature/user17/7-1-3/predictions/Color_2025-06-09_17-44-55.716_00000058.json,1,2,,,ambiguous,multi_person_visual_decision_unavailable,False,
train__c39__user17__7-1-3,39,Take_body_temperature,user17,7-1-3,validation,59,2025-06-09_17-44-55.816,2025-06-09_17-44-55.816_00000059,Skeleton/39_Take_body_temperature/user17/7-1-3/predictions/Color_2025-06-09_17-44-55.816_00000059.json,1,2,,,ambiguous,multi_person_visual_decision_unavailable,False,
train__c39__user17__7-1-3,39,Take_body_temperature,user17,7-1-3,validation,60,2025-06-09_17-44-55.916,2025-06-09_17-44-55.916_00000060,Skeleton/39_Take_body_temperature/user17/7-1-3/predictions/Color_2025-06-09_17-44-55.916_00000060.json,1,2,,,ambiguous,multi_person_visual_decision_unavailable,False,
train__c39__user17__7-1-3,39,Take_body_temperature,user17,7-1-3,validation,61,2025-06-09_17-44-56.016,2025-06-09_17-44-56.016_00000061,Skeleton/39_Take_body_temperature/user17/7-1-3/predictions/Color_2025-06-09_17-44-56.016_00000061.json,1,2,,,ambiguous,multi_person_visual_decision_unavailable,False,
train__c39__user17__7-1-3,39,Take_body_temperature,user17,7-1-3,validation,62,2025-06-09_17-44-56.116,2025-06-09_17-44-56.116_00000062,Skeleton/39_Take_body_temperature/user17/7-1-3/predictions/Color_2025-06-09_17-44-56.116_00000062.json,1,2,,,ambiguous,multi_person_visual_decision_unavailable,False,
train__c39__user17__7-1-3,39,Take_body_temperature,user17,7-1-3,validation,63,2025-06-09_17-44-56.216,2025-06-09_17-44-56.216_00000063,Skeleton/39_Take_body_temperature/user17/7-1-3/predictions/Color_2025-06-09_17-44-56.216_00000063.json,1,2,,,ambiguous,multi_person_visual_decision_unavailable,False,
train__c39__user17__7-1-3,39,Take_body_temperature,user17,7-1-3,validation,64,2025-06-09_17-44-56.316,2025-06-09_17-44-56.316_00000064,Skeleton/39_Take_body_temperature/user17/7-1-3/predictions/Color_2025-06-09_17-44-56.316_00000064.json,1,2,,,ambiguous,multi_person_visual_decision_unavailable,False,
train__c39__user17__7-1-3,39,Take_body_temperature,user17,7-1-3,validation,65,2025-06-09_17-44-56.416,2025-06-09_17-44-56.416_00000065,Skeleton/39_Take_body_temperature/user17/7-1-3/predictions/Color_2025-06-09_17-44-56.416_00000065.json,1,2,,,ambiguous,multi_person_visual_decision_unavailable,False,
train__c39__user17__7-1-3,39,Take_body_temperature,user17,7-1-3,validation,66,2025-06-09_17-44-56.516,2025-06-09_17-44-56.516_00000066,Skeleton/39_Take_body_temperature/user17/7-1-3/predictions/Color_2025-06-09_17-44-56.516_00000066.json,1,2,,,ambiguous,multi_person_visual_decision_unavailable,False,
train__c39__user17__7-1-3,39,Take_body_temperature,user17,7-1-3,validation,67,2025-06-09_17-44-56.616,2025-06-09_17-44-56.616_00000067,Skeleton/39_Take_body_temperature/user17/7-1-3/predictions/Color_2025-06-09_17-44-56.616_00000067.json,1,2,,,ambiguous,multi_person_visual_decision_unavailable,False,
train__c39__user17__7-1-3,39,Take_body_temperature,user17,7-1-3,validation,68,2025-06-09_17-44-56.716,2025-06-09_17-44-56.716_00000068,Skeleton/39_Take_body_temperature/user17/7-1-3/predictions/Color_2025-06-09_17-44-56.716_00000068.json,1,2,,,ambiguous,multi_person_visual_decision_unavailable,False,
train__c39__user17__7-1-3,39,Take_body_temperature,user17,7-1-3,validation,69,2025-06-09_17-44-56.816,2025-06-09_17-44-56.816_00000069,Skeleton/39_Take_body_temperature/user17/7-1-3/predictions/Color_2025-06-09_17-44-56.816_00000069.json,1,2,,,ambiguous,multi_person_visual_decision_unavailable,False,
train__c39__user17__7-1-3,39,Take_body_temperature,user17,7-1-3,validation,70,2025-06-09_17-44-56.916,2025-06-09_17-44-56.916_00000070,Skeleton/39_Take_body_temperature/user17/7-1-3/predictions/Color_2025-06-09_17-44-56.916_00000070.json,1,2,,,ambiguous,multi_person_visual_decision_unavailable,False,
train__c39__user17__7-1-3,39,Take_body_temperature,user17,7-1-3,validation,71,2025-06-09_17-44-57.016,2025-06-09_17-44-57.016_00000071,Skeleton/39_Take_body_temperature/user17/7-1-3/predictions/Color_2025-06-09_17-44-57.016_00000071.json,1,2,,,ambiguous,multi_person_visual_decision_unavailable,False,
train__c39__user17__7-1-3,39,Take_body_temperature,user17,7-1-3,validation,72,2025-06-09_17-44-57.116,2025-06-09_17-44-57.116_00000072,Skeleton/39_Take_body_temperature/user17/7-1-3/predictions/Color_2025-06-09_17-44-57.116_00000072.json,1,2,,,ambiguous,multi_person_visual_decision_unavailable,False,
train__c39__user17__7-1-3,39,Take_body_temperature,user17,7-1-3,validation,73,2025-06-09_17-44-57.216,2025-06-09_17-44-57.216_00000073,Skeleton/39_Take_body_temperature/user17/7-1-3/predictions/Color_2025-06-09_17-44-57.216_00000073.json,1,2,,,ambiguous,multi_person_visual_decision_unavailable,False,
