sample_id,class_id,action_name,user_id,trial_id,fold_split,unique_frames,retained_frames,single_person_frames,confident_multi_person_frames,ambiguous_frames,retained_segments,retention_rate
train__c00__user16__1-1-1,0,Wash_face,user16,1-1-1,train,47,47,47,0,0,1,1.0
train__c00__user16__1-1-2,0,Wash_face,user16,1-1-2,train,55,55,55,0,0,1,1.0
train__c00__user16__1-1-3,0,Wash_face,user16,1-1-3,train,22,22,22,0,0,1,1.0
train__c00__user18__7-1-1,0,Wash_face,user18,7-1-1,train,20,20,20,0,0,1,1.0
train__c00__user18__7-1-2,0,Wash_face,user18,7-1-2,train,13,13,13,0,0,1,1.0
train__c00__user18__7-1-3,0,Wash_face,user18,7-1-3,train,3,3,3,0,0,1,1.0
train__c00__user20__4-2-1,0,Wash_face,user20,4-2-1,train,42,42,42,0,0,1,1.0
train__c00__user20__4-2-2,0,Wash_face,user20,4-2-2,train,23,23,23,0,0,1,1.0
train__c00__user20__4-2-3,0,Wash_face,user20,4-2-3,train,34,34,34,0,0,1,1.0
train__c00__user21__1-1-1,0,Wash_face,user21,1-1-1,train,14,14,14,0,0,1,1.0
train__c00__user21__1-1-2,0,Wash_face,user21,1-1-2,train,10,10,10,0,0,1,1.0
train__c00__user21__1-1-3,0,Wash_face,user21,1-1-3,train,5,5,5,0,0,1,1.0
train__c00__user21__4-2-1,0,Wash_face,user21,4-2-1,train,7,7,7,0,0,1,1.0
train__c00__user21__4-2-2,0,Wash_face,user21,4-2-2,train,6,6,6,0,0,1,1.0
train__c00__user21__4-2-3,0,Wash_face,user21,4-2-3,train,9,9,9,0,0,1,1.0
train__c00__user22__1-1-2,0,Wash_face,user22,1-1-2,train,25,25,25,0,0,1,1.0
train__c00__user22__1-1-3,0,Wash_face,user22,1-1-3,train,8,8,8,0,0,1,1.0
train__c00__user22__2-2-1,0,Wash_face,user22,2-2-1,train,17,17,17,0,0,1,1.0
train__c00__user22__2-2-2,0,Wash_face,user22,2-2-2,train,13,13,13,0,0,1,1.0
train__c00__user22__2-2-3,0,Wash_face,user22,2-2-3,train,4,4,4,0,0,1,1.0
train__c00__user23__1-1-1,0,Wash_face,user23,1-1-1,validation,43,43,43,0,0,1,1.0
train__c00__user23__1-1-2,0,Wash_face,user23,1-1-2,validation,19,19,19,0,0,1,1.0
train__c00__user23__1-1-3,0,Wash_face,user23,1-1-3,validation,18,18,18,0,0,1,1.0
train__c00__user24__6-2-1,0,Wash_face,user24,6-2-1,validation,35,35,35,0,0,1,1.0
train__c00__user24__6-2-2,0,Wash_face,user24,6-2-2,validation,26,26,26,0,0,1,1.0
train__c00__user24__6-2-3,0,Wash_face,user24,6-2-3,validation,17,17,17,0,0,1,1.0
train__c00__user24__7-1-1,0,Wash_face,user24,7-1-1,validation,31,31,31,0,0,1,1.0
train__c00__user24__7-1-2,0,Wash_face,user24,7-1-2,validation,15,15,15,0,0,1,1.0
train__c00__user24__7-1-3,0,Wash_face,user24,7-1-3,validation,21,21,21,0,0,1,1.0
train__c00__user4__1-1-1,0,Wash_face,user4,1-1-1,validation,42,42,42,0,0,1,1.0
train__c00__user4__1-1-2,0,Wash_face,user4,1-1-2,validation,63,62,62,0,1,2,0.9841269841269841
train__c00__user4__1-1-3,0,Wash_face,user4,1-1-3,validation,31,31,31,0,0,1,1.0
train__c00__user5__1-1-1,0,Wash_face,user5,1-1-1,train,40,40,40,0,0,1,1.0
train__c00__user5__1-1-2,0,Wash_face,user5,1-1-2,train,38,38,38,0,0,1,1.0
train__c00__user5__1-1-3,0,Wash_face,user5,1-1-3,train,30,30,30,0,0,1,1.0
train__c00__user6__1-1-1,0,Wash_face,user6,1-1-1,train,47,47,0,47,0,1,1.0
train__c00__user6__1-1-2,0,Wash_face,user6,1-1-2,train,45,45,0,45,0,1,1.0
train__c00__user6__1-1-3,0,Wash_face,user6,1-1-3,train,34,33,0,33,1,2,0.9705882352941176
train__c00__user8__1-1-1,0,Wash_face,user8,1-1-1,train,26,15,0,15,11,5,0.5769230769230769
train__c00__user8__1-1-2,0,Wash_face,user8,1-1-2,train,24,11,0,11,13,5,0.4583333333333333
train__c00__user8__1-1-3,0,Wash_face,user8,1-1-3,train,18,11,0,11,7,3,0.6111111111111112
train__c00__user8__7-1-1,0,Wash_face,user8,7-1-1,train,25,10,0,10,15,3,0.4
train__c00__user8__7-1-2,0,Wash_face,user8,7-1-2,train,28,10,0,10,18,5,0.35714285714285715
train__c00__user8__7-1-3,0,Wash_face,user8,7-1-3,train,18,5,3,2,13,3,0.2777777777777778
train__c01__user16__1-1-1,1,Brush_teeth,user16,1-1-1,train,32,32,32,0,0,1,1.0
train__c01__user16__1-1-2,1,Brush_teeth,user16,1-1-2,train,58,58,58,0,0,1,1.0
train__c01__user16__1-1-3,1,Brush_teeth,user16,1-1-3,train,19,19,19,0,0,1,1.0
train__c01__user17__1-1-1,1,Brush_teeth,user17,1-1-1,validation,20,20,20,0,0,1,1.0
train__c01__user17__1-1-2,1,Brush_teeth,user17,1-1-2,validation,25,25,25,0,0,1,1.0
train__c01__user17__1-1-3,1,Brush_teeth,user17,1-1-3,validation,24,24,24,0,0,1,1.0
train__c01__user18__1-1-1,1,Brush_teeth,user18,1-1-1,train,41,41,41,0,0,1,1.0
train__c01__user18__1-1-2,1,Brush_teeth,user18,1-1-2,train,35,35,35,0,0,1,1.0
train__c01__user18__1-1-3,1,Brush_teeth,user18,1-1-3,train,31,31,31,0,0,1,1.0
train__c01__user18__7-1-1,1,Brush_teeth,user18,7-1-1,train,23,23,23,0,0,1,1.0
train__c01__user18__7-1-2,1,Brush_teeth,user18,7-1-2,train,13,13,13,0,0,1,1.0
train__c01__user18__7-1-3,1,Brush_teeth,user18,7-1-3,train,5,5,5,0,0,1,1.0
train__c01__user19__1-1-1,1,Brush_teeth,user19,1-1-1,train,18,18,18,0,0,1,1.0
train__c01__user19__1-1-2,1,Brush_teeth,user19,1-1-2,train,7,7,7,0,0,1,1.0
train__c01__user19__1-1-3,1,Brush_teeth,user19,1-1-3,train,14,14,14,0,0,1,1.0
train__c01__user20__4-2-1,1,Brush_teeth,user20,4-2-1,train,22,22,22,0,0,1,1.0
train__c01__user20__4-2-2,1,Brush_teeth,user20,4-2-2,train,12,12,12,0,0,1,1.0
train__c01__user20__4-2-3,1,Brush_teeth,user20,4-2-3,train,20,20,20,0,0,1,1.0
train__c01__user21__4-2-1,1,Brush_teeth,user21,4-2-1,train,15,15,15,0,0,1,1.0
train__c01__user21__4-2-2,1,Brush_teeth,user21,4-2-2,train,11,11,11,0,0,1,1.0
train__c01__user21__4-2-3,1,Brush_teeth,user21,4-2-3,train,10,10,10,0,0,1,1.0
train__c01__user22__1-1-2,1,Brush_teeth,user22,1-1-2,train,16,16,16,0,0,1,1.0
train__c01__user22__1-1-3,1,Brush_teeth,user22,1-1-3,train,8,8,8,0,0,1,1.0
train__c01__user22__2-2-1,1,Brush_teeth,user22,2-2-1,train,18,18,18,0,0,1,1.0
train__c01__user22__2-2-2,1,Brush_teeth,user22,2-2-2,train,10,10,9,1,0,1,1.0
train__c01__user22__2-2-3,1,Brush_teeth,user22,2-2-3,train,7,7,7,0,0,1,1.0
train__c01__user23__1-1-1,1,Brush_teeth,user23,1-1-1,validation,39,39,39,0,0,1,1.0
train__c01__user23__1-1-2,1,Brush_teeth,user23,1-1-2,validation,16,16,16,0,0,1,1.0
train__c01__user23__1-1-3,1,Brush_teeth,user23,1-1-3,validation,23,23,23,0,0,1,1.0
train__c01__user24__6-2-1,1,Brush_teeth,user24,6-2-1,validation,26,26,26,0,0,1,1.0
train__c01__user24__6-2-2,1,Brush_teeth,user24,6-2-2,validation,8,8,8,0,0,1,1.0
train__c01__user24__6-2-3,1,Brush_teeth,user24,6-2-3,validation,4,4,4,0,0,1,1.0
train__c01__user24__7-1-1,1,Brush_teeth,user24,7-1-1,validation,12,12,12,0,0,1,1.0
train__c01__user24__7-1-2,1,Brush_teeth,user24,7-1-2,validation,3,3,3,0,0,1,1.0
train__c01__user24__7-1-3,1,Brush_teeth,user24,7-1-3,validation,7,7,7,0,0,1,1.0
train__c01__user6__1-1-1,1,Brush_teeth,user6,1-1-1,train,72,71,0,71,1,2,0.9861111111111112
train__c01__user6__1-1-2,1,Brush_teeth,user6,1-1-2,train,76,75,0,75,1,2,0.9868421052631579
train__c01__user6__1-1-3,1,Brush_teeth,user6,1-1-3,train,28,22,0,22,6,4,0.7857142857142857
train__c01__user7__1-1-1,1,Brush_teeth,user7,1-1-1,train,36,36,0,36,0,1,1.0
train__c01__user7__1-1-2,1,Brush_teeth,user7,1-1-2,train,18,18,0,18,0,1,1.0
train__c01__user7__1-1-3,1,Brush_teeth,user7,1-1-3,train,21,21,0,21,0,1,1.0
train__c01__user8__1-1-1,1,Brush_teeth,user8,1-1-1,train,26,23,0,23,3,4,0.8846153846153846
train__c01__user8__1-1-2,1,Brush_teeth,user8,1-1-2,train,46,36,0,36,10,7,0.782608695652174
train__c01__user8__1-1-3,1,Brush_teeth,user8,1-1-3,train,40,40,0,40,0,1,1.0
train__c01__user8__7-1-1,1,Brush_teeth,user8,7-1-1,train,13,13,0,13,0,1,1.0
train__c01__user8__7-1-2,1,Brush_teeth,user8,7-1-2,train,16,13,0,13,3,3,0.8125
train__c01__user8__7-1-3,1,Brush_teeth,user8,7-1-3,train,12,9,0,9,3,2,0.75
train__c01__user9__1-1-1,1,Brush_teeth,user9,1-1-1,train,25,22,0,22,3,3,0.88
train__c02__user16__2-2-1,2,Comb_hair,user16,2-2-1,train,32,32,32,0,0,1,1.0
train__c02__user16__2-2-2,2,Comb_hair,user16,2-2-2,train,45,45,45,0,0,1,1.0
train__c02__user16__2-2-3,2,Comb_hair,user16,2-2-3,train,17,17,17,0,0,1,1.0
train__c02__user17__1-1-1,2,Comb_hair,user17,1-1-1,validation,70,70,70,0,0,1,1.0
train__c02__user17__1-1-2,2,Comb_hair,user17,1-1-2,validation,11,11,11,0,0,1,1.0
train__c02__user17__1-1-3,2,Comb_hair,user17,1-1-3,validation,21,21,21,0,0,1,1.0
train__c02__user18__7-1-1,2,Comb_hair,user18,7-1-1,train,24,24,24,0,0,1,1.0
train__c02__user18__7-1-2,2,Comb_hair,user18,7-1-2,train,13,13,13,0,0,1,1.0
train__c02__user18__7-1-3,2,Comb_hair,user18,7-1-3,train,6,6,6,0,0,1,1.0
train__c02__user19__1-1-1,2,Comb_hair,user19,1-1-1,train,11,11,11,0,0,1,1.0
train__c02__user19__1-1-2,2,Comb_hair,user19,1-1-2,train,10,10,10,0,0,1,1.0
train__c02__user19__1-1-3,2,Comb_hair,user19,1-1-3,train,13,13,13,0,0,1,1.0
train__c02__user1__1-1-1,2,Comb_hair,user1,1-1-1,train,56,56,56,0,0,1,1.0
train__c02__user1__1-1-2,2,Comb_hair,user1,1-1-2,train,53,53,53,0,0,1,1.0
train__c02__user1__1-1-3,2,Comb_hair,user1,1-1-3,train,16,16,16,0,0,1,1.0
train__c02__user20__1-1-1,2,Comb_hair,user20,1-1-1,train,25,25,25,0,0,1,1.0
train__c02__user20__1-1-2,2,Comb_hair,user20,1-1-2,train,20,20,20,0,0,1,1.0
train__c02__user20__1-1-3,2,Comb_hair,user20,1-1-3,train,25,25,25,0,0,1,1.0
train__c02__user20__4-2-1,2,Comb_hair,user20,4-2-1,train,13,13,13,0,0,1,1.0
train__c02__user20__4-2-2,2,Comb_hair,user20,4-2-2,train,16,16,16,0,0,1,1.0
train__c02__user20__4-2-3,2,Comb_hair,user20,4-2-3,train,18,18,18,0,0,1,1.0
train__c02__user21__4-2-1,2,Comb_hair,user21,4-2-1,train,16,16,16,0,0,1,1.0
train__c02__user21__4-2-2,2,Comb_hair,user21,4-2-2,train,11,11,11,0,0,1,1.0
train__c02__user21__4-2-3,2,Comb_hair,user21,4-2-3,train,7,7,7,0,0,1,1.0
train__c02__user22__1-2-1,2,Comb_hair,user22,1-2-1,train,17,17,17,0,0,1,1.0
train__c02__user22__1-2-2,2,Comb_hair,user22,1-2-2,train,6,6,6,0,0,1,1.0
train__c02__user22__1-2-3,2,Comb_hair,user22,1-2-3,train,7,7,7,0,0,1,1.0
train__c02__user22__2-2-1,2,Comb_hair,user22,2-2-1,train,13,13,13,0,0,1,1.0
train__c02__user22__2-2-2,2,Comb_hair,user22,2-2-2,train,17,17,17,0,0,1,1.0
train__c02__user22__2-2-3,2,Comb_hair,user22,2-2-3,train,8,8,8,0,0,1,1.0
train__c02__user23__2-2-1,2,Comb_hair,user23,2-2-1,validation,36,36,36,0,0,1,1.0
train__c02__user23__2-2-2,2,Comb_hair,user23,2-2-2,validation,28,28,28,0,0,1,1.0
train__c02__user23__2-2-3,2,Comb_hair,user23,2-2-3,validation,20,20,20,0,0,1,1.0
train__c02__user24__7-1-1,2,Comb_hair,user24,7-1-1,validation,13,13,13,0,0,1,1.0
train__c02__user24__7-1-2,2,Comb_hair,user24,7-1-2,validation,4,4,4,0,0,1,1.0
train__c02__user24__7-1-3,2,Comb_hair,user24,7-1-3,validation,6,6,6,0,0,1,1.0
train__c02__user3__1-2-1,2,Comb_hair,user3,1-2-1,train,12,12,12,0,0,1,1.0
train__c02__user3__1-2-3,2,Comb_hair,user3,1-2-3,train,5,5,5,0,0,1,1.0
train__c02__user5__1-1-1,2,Comb_hair,user5,1-1-1,train,66,66,66,0,0,1,1.0
train__c02__user5__1-1-2,2,Comb_hair,user5,1-1-2,train,79,79,79,0,0,1,1.0
train__c02__user5__1-1-3,2,Comb_hair,user5,1-1-3,train,24,24,24,0,0,1,1.0
train__c02__user5__7-1-1,2,Comb_hair,user5,7-1-1,train,70,70,70,0,0,1,1.0
train__c02__user5__7-1-2,2,Comb_hair,user5,7-1-2,train,62,62,62,0,0,1,1.0
train__c02__user5__7-1-3,2,Comb_hair,user5,7-1-3,train,59,59,59,0,0,1,1.0
train__c02__user6__2-2-1,2,Comb_hair,user6,2-2-1,train,24,24,0,24,0,1,1.0
train__c02__user6__2-2-2,2,Comb_hair,user6,2-2-2,train,37,37,0,37,0,1,1.0
train__c02__user7__1-1-1,2,Comb_hair,user7,1-1-1,train,36,36,0,36,0,1,1.0
train__c02__user7__1-1-2,2,Comb_hair,user7,1-1-2,train,14,12,0,12,2,2,0.8571428571428571
train__c02__user7__1-1-3,2,Comb_hair,user7,1-1-3,train,33,27,0,27,6,4,0.8181818181818182
train__c02__user8__7-1-2,2,Comb_hair,user8,7-1-2,train,8,7,0,7,1,1,0.875
train__c02__user8__7-1-3,2,Comb_hair,user8,7-1-3,train,6,6,0,6,0,1,1.0
train__c02__user9__1-1-1,2,Comb_hair,user9,1-1-1,train,19,19,0,19,0,1,1.0
train__c02__user9__1-1-2,2,Comb_hair,user9,1-1-2,train,13,13,0,13,0,1,1.0
train__c02__user9__1-1-3,2,Comb_hair,user9,1-1-3,train,10,10,0,10,0,1,1.0
train__c03__user17__6-1-1,3,Take_off_clothes,user17,6-1-1,validation,39,39,39,0,0,1,1.0
train__c03__user17__6-1-2,3,Take_off_clothes,user17,6-1-2,validation,32,32,32,0,0,1,1.0
train__c03__user17__6-1-3,3,Take_off_clothes,user17,6-1-3,validation,22,22,22,0,0,1,1.0
train__c03__user18__6-1-1,3,Take_off_clothes,user18,6-1-1,train,35,35,20,15,0,1,1.0
train__c03__user18__6-1-2,3,Take_off_clothes,user18,6-1-2,train,11,8,3,5,3,2,0.7272727272727273
train__c03__user18__6-1-3,3,Take_off_clothes,user18,6-1-3,train,22,22,21,1,0,1,1.0
train__c03__user18__7-1-1,3,Take_off_clothes,user18,7-1-1,train,16,16,16,0,0,1,1.0
train__c03__user18__7-1-2,3,Take_off_clothes,user18,7-1-2,train,10,10,10,0,0,1,1.0
train__c03__user18__7-1-3,3,Take_off_clothes,user18,7-1-3,train,11,9,9,0,2,2,0.8181818181818182
train__c03__user19__3-1-1,3,Take_off_clothes,user19,3-1-1,train,49,49,49,0,0,1,1.0
train__c03__user19__3-1-2,3,Take_off_clothes,user19,3-1-2,train,35,35,35,0,0,1,1.0
train__c03__user19__3-1-3,3,Take_off_clothes,user19,3-1-3,train,20,20,20,0,0,1,1.0
train__c03__user22__6-1-1,3,Take_off_clothes,user22,6-1-1,train,32,32,31,1,0,1,1.0
train__c03__user22__6-1-2,3,Take_off_clothes,user22,6-1-2,train,27,27,25,2,0,1,1.0
train__c03__user22__6-1-3,3,Take_off_clothes,user22,6-1-3,train,18,18,18,0,0,1,1.0
train__c03__user22__7-2-1,3,Take_off_clothes,user22,7-2-1,train,50,50,50,0,0,1,1.0
train__c03__user22__7-2-2,3,Take_off_clothes,user22,7-2-2,train,37,37,37,0,0,1,1.0
train__c03__user22__7-2-3,3,Take_off_clothes,user22,7-2-3,train,11,11,11,0,0,1,1.0
train__c03__user23__4-3-1,3,Take_off_clothes,user23,4-3-1,validation,15,15,15,0,0,1,1.0
train__c03__user23__4-3-2,3,Take_off_clothes,user23,4-3-2,validation,24,24,24,0,0,1,1.0
train__c03__user23__4-3-3,3,Take_off_clothes,user23,4-3-3,validation,17,17,17,0,0,1,1.0
train__c03__user23__5-2-1,3,Take_off_clothes,user23,5-2-1,validation,12,12,12,0,0,1,1.0
train__c03__user23__5-2-2,3,Take_off_clothes,user23,5-2-2,validation,24,21,21,0,3,4,0.875
train__c03__user23__5-2-3,3,Take_off_clothes,user23,5-2-3,validation,13,11,11,0,2,3,0.8461538461538461
train__c03__user4__5-2-2,3,Take_off_clothes,user4,5-2-2,validation,66,66,66,0,0,1,1.0
train__c03__user4__5-2-3,3,Take_off_clothes,user4,5-2-3,validation,24,24,24,0,0,1,1.0
train__c03__user7__5-1-1,3,Take_off_clothes,user7,5-1-1,train,68,68,68,0,0,1,1.0
train__c03__user7__5-1-2,3,Take_off_clothes,user7,5-1-2,train,76,76,76,0,0,1,1.0
train__c03__user7__5-1-3,3,Take_off_clothes,user7,5-1-3,train,40,40,39,1,0,1,1.0
train__c03__user7__6-1-1,3,Take_off_clothes,user7,6-1-1,train,18,18,18,0,0,1,1.0
train__c03__user7__6-1-2,3,Take_off_clothes,user7,6-1-2,train,20,20,20,0,0,1,1.0
train__c03__user7__6-1-3,3,Take_off_clothes,user7,6-1-3,train,18,18,18,0,0,1,1.0
train__c03__user8__6-1-1,3,Take_off_clothes,user8,6-1-1,train,35,35,34,1,0,1,1.0
train__c03__user8__6-1-2,3,Take_off_clothes,user8,6-1-2,train,25,25,24,1,0,1,1.0
train__c03__user8__6-1-3,3,Take_off_clothes,user8,6-1-3,train,34,34,34,0,0,1,1.0
train__c03__user8__7-1-1,3,Take_off_clothes,user8,7-1-1,train,37,24,0,24,13,4,0.6486486486486487
train__c03__user8__7-1-2,3,Take_off_clothes,user8,7-1-2,train,21,15,0,15,6,3,0.7142857142857143
train__c03__user8__7-1-3,3,Take_off_clothes,user8,7-1-3,train,11,10,0,10,1,1,0.9090909090909091
train__c03__user9__3-1-1,3,Take_off_clothes,user9,3-1-1,train,69,69,69,0,0,1,1.0
train__c03__user9__3-1-2,3,Take_off_clothes,user9,3-1-2,train,59,59,2,57,0,1,1.0
train__c03__user9__3-1-3,3,Take_off_clothes,user9,3-1-3,train,28,28,28,0,0,1,1.0
train__c04__user16__2-2-1,4,Wipe_hands,user16,2-2-1,train,34,34,34,0,0,1,1.0
train__c04__user16__2-2-2,4,Wipe_hands,user16,2-2-2,train,31,31,31,0,0,1,1.0
train__c04__user16__2-2-3,4,Wipe_hands,user16,2-2-3,train,24,24,24,0,0,1,1.0
train__c04__user17__1-1-1,4,Wipe_hands,user17,1-1-1,validation,45,45,45,0,0,1,1.0
train__c04__user17__1-1-2,4,Wipe_hands,user17,1-1-2,validation,28,28,28,0,0,1,1.0
train__c04__user17__1-1-3,4,Wipe_hands,user17,1-1-3,validation,24,24,24,0,0,1,1.0
train__c04__user17__7-2-1,4,Wipe_hands,user17,7-2-1,validation,46,46,46,0,0,1,1.0
train__c04__user17__7-2-2,4,Wipe_hands,user17,7-2-2,validation,31,31,31,0,0,1,1.0
train__c04__user17__7-2-3,4,Wipe_hands,user17,7-2-3,validation,19,19,19,0,0,1,1.0
train__c04__user18__1-1-1,4,Wipe_hands,user18,1-1-1,train,40,40,40,0,0,1,1.0
train__c04__user18__1-1-2,4,Wipe_hands,user18,1-1-2,train,25,25,25,0,0,1,1.0
train__c04__user18__1-1-3,4,Wipe_hands,user18,1-1-3,train,24,24,24,0,0,1,1.0
train__c04__user18__7-1-1,4,Wipe_hands,user18,7-1-1,train,20,20,20,0,0,1,1.0
train__c04__user18__7-1-2,4,Wipe_hands,user18,7-1-2,train,13,13,13,0,0,1,1.0
train__c04__user18__7-1-3,4,Wipe_hands,user18,7-1-3,train,5,5,5,0,0,1,1.0
train__c04__user19__1-1-1,4,Wipe_hands,user19,1-1-1,train,21,21,21,0,0,1,1.0
train__c04__user19__1-1-2,4,Wipe_hands,user19,1-1-2,train,18,18,18,0,0,1,1.0
train__c04__user19__1-1-3,4,Wipe_hands,user19,1-1-3,train,20,20,20,0,0,1,1.0
train__c04__user19__5-2-1,4,Wipe_hands,user19,5-2-1,train,35,35,35,0,0,1,1.0
train__c04__user19__5-2-2,4,Wipe_hands,user19,5-2-2,train,30,30,30,0,0,1,1.0
train__c04__user19__5-2-3,4,Wipe_hands,user19,5-2-3,train,23,23,23,0,0,1,1.0
train__c04__user1__1-1-1,4,Wipe_hands,user1,1-1-1,train,46,46,46,0,0,1,1.0
train__c04__user20__6-2-1,4,Wipe_hands,user20,6-2-1,train,31,31,31,0,0,1,1.0
train__c04__user20__6-2-2,4,Wipe_hands,user20,6-2-2,train,18,18,18,0,0,1,1.0
train__c04__user20__6-2-3,4,Wipe_hands,user20,6-2-3,train,39,39,39,0,0,1,1.0
train__c04__user21__1-1-1,4,Wipe_hands,user21,1-1-1,train,27,27,27,0,0,1,1.0
train__c04__user21__1-1-2,4,Wipe_hands,user21,1-1-2,train,29,29,29,0,0,1,1.0
train__c04__user21__1-1-3,4,Wipe_hands,user21,1-1-3,train,13,13,13,0,0,1,1.0
train__c04__user21__7-2-1,4,Wipe_hands,user21,7-2-1,train,23,23,23,0,0,1,1.0
train__c04__user21__7-2-2,4,Wipe_hands,user21,7-2-2,train,13,13,13,0,0,1,1.0
train__c04__user21__7-2-3,4,Wipe_hands,user21,7-2-3,train,24,24,21,3,0,1,1.0
train__c04__user22__1-1-2,4,Wipe_hands,user22,1-1-2,train,16,16,16,0,0,1,1.0
train__c04__user22__1-1-3,4,Wipe_hands,user22,1-1-3,train,9,9,9,0,0,1,1.0
train__c04__user22__6-2-1,4,Wipe_hands,user22,6-2-1,train,29,29,29,0,0,1,1.0
train__c04__user22__6-2-2,4,Wipe_hands,user22,6-2-2,train,24,24,24,0,0,1,1.0
train__c04__user22__6-2-3,4,Wipe_hands,user22,6-2-3,train,6,6,6,0,0,1,1.0
train__c04__user23__1-1-1,4,Wipe_hands,user23,1-1-1,validation,27,27,27,0,0,1,1.0
train__c04__user23__1-1-2,4,Wipe_hands,user23,1-1-2,validation,15,15,15,0,0,1,1.0
train__c04__user23__1-1-3,4,Wipe_hands,user23,1-1-3,validation,21,21,21,0,0,1,1.0
train__c04__user24__6-2-1,4,Wipe_hands,user24,6-2-1,validation,28,28,28,0,0,1,1.0
train__c04__user24__6-2-2,4,Wipe_hands,user24,6-2-2,validation,20,20,20,0,0,1,1.0
train__c04__user24__6-2-3,4,Wipe_hands,user24,6-2-3,validation,24,24,24,0,0,1,1.0
train__c04__user2__2-2-1,4,Wipe_hands,user2,2-2-1,train,34,34,34,0,0,1,1.0
train__c04__user2__2-2-2,4,Wipe_hands,user2,2-2-2,train,37,37,37,0,0,1,1.0
train__c04__user2__2-2-3,4,Wipe_hands,user2,2-2-3,train,8,8,8,0,0,1,1.0
train__c04__user2__7-3-3,4,Wipe_hands,user2,7-3-3,train,29,29,29,0,0,1,1.0
train__c04__user4__1-1-1,4,Wipe_hands,user4,1-1-1,validation,23,23,23,0,0,1,1.0
train__c04__user4__1-1-2,4,Wipe_hands,user4,1-1-2,validation,22,22,22,0,0,1,1.0
train__c04__user4__1-1-3,4,Wipe_hands,user4,1-1-3,validation,19,19,19,0,0,1,1.0
train__c04__user6__2-2-1,4,Wipe_hands,user6,2-2-1,train,20,20,0,20,0,1,1.0
train__c04__user6__2-2-2,4,Wipe_hands,user6,2-2-2,train,24,24,0,24,0,1,1.0
train__c04__user6__2-2-3,4,Wipe_hands,user6,2-2-3,train,11,11,0,11,0,1,1.0
train__c04__user7__1-1-1,4,Wipe_hands,user7,1-1-1,train,23,23,0,23,0,1,1.0
train__c04__user7__1-1-2,4,Wipe_hands,user7,1-1-2,train,10,10,0,10,0,1,1.0
train__c04__user7__1-1-3,4,Wipe_hands,user7,1-1-3,train,14,13,0,13,1,1,0.9285714285714286
train__c04__user7__7-2-1,4,Wipe_hands,user7,7-2-1,train,29,29,29,0,0,1,1.0
train__c04__user7__7-2-2,4,Wipe_hands,user7,7-2-2,train,19,19,19,0,0,1,1.0
train__c04__user7__7-2-3,4,Wipe_hands,user7,7-2-3,train,8,8,7,1,0,1,1.0
train__c04__user8__1-1-1,4,Wipe_hands,user8,1-1-1,train,29,17,0,17,12,6,0.5862068965517241
train__c04__user8__1-1-2,4,Wipe_hands,user8,1-1-2,train,25,11,0,11,14,5,0.44
train__c04__user8__1-1-3,4,Wipe_hands,user8,1-1-3,train,21,13,0,13,8,4,0.6190476190476191
train__c04__user8__7-1-1,4,Wipe_hands,user8,7-1-1,train,26,10,0,10,16,3,0.38461538461538464
train__c04__user8__7-1-2,4,Wipe_hands,user8,7-1-2,train,30,12,0,12,18,6,0.4
train__c04__user8__7-1-3,4,Wipe_hands,user8,7-1-3,train,18,5,3,2,13,3,0.2777777777777778
train__c04__user9__1-1-1,4,Wipe_hands,user9,1-1-1,train,13,13,0,13,0,1,1.0
train__c04__user9__1-1-2,4,Wipe_hands,user9,1-1-2,train,11,11,0,11,0,1,1.0
train__c04__user9__1-1-3,4,Wipe_hands,user9,1-1-3,train,16,16,0,16,0,1,1.0
train__c04__user9__5-2-1,4,Wipe_hands,user9,5-2-1,train,29,29,29,0,0,1,1.0
train__c04__user9__5-2-2,4,Wipe_hands,user9,5-2-2,train,21,21,21,0,0,1,1.0
train__c04__user9__5-2-3,4,Wipe_hands,user9,5-2-3,train,19,19,19,0,0,1,1.0
train__c05__user17__1-1-1,5,Put_on_clothes,user17,1-1-1,validation,90,86,86,0,4,5,0.9555555555555556
train__c05__user17__1-1-2,5,Put_on_clothes,user17,1-1-2,validation,60,60,60,0,0,1,1.0
train__c05__user17__1-1-3,5,Put_on_clothes,user17,1-1-3,validation,55,52,52,0,3,4,0.9454545454545454
train__c05__user17__6-1-1,5,Put_on_clothes,user17,6-1-1,validation,56,56,56,0,0,1,1.0
train__c05__user17__6-1-2,5,Put_on_clothes,user17,6-1-2,validation,54,52,52,0,2,2,0.9629629629629629
train__c05__user17__6-1-3,5,Put_on_clothes,user17,6-1-3,validation,66,66,66,0,0,1,1.0
train__c05__user18__6-1-1,5,Put_on_clothes,user18,6-1-1,train,43,42,42,0,1,2,0.9767441860465116
train__c05__user18__6-1-2,5,Put_on_clothes,user18,6-1-2,train,47,47,0,47,0,1,1.0
train__c05__user18__6-1-3,5,Put_on_clothes,user18,6-1-3,train,39,39,35,4,0,1,1.0
train__c05__user18__7-1-1,5,Put_on_clothes,user18,7-1-1,train,56,56,55,1,0,1,1.0
train__c05__user18__7-1-2,5,Put_on_clothes,user18,7-1-2,train,39,39,38,1,0,1,1.0
train__c05__user18__7-1-3,5,Put_on_clothes,user18,7-1-3,train,42,42,42,0,0,1,1.0
train__c05__user19__1-1-1,5,Put_on_clothes,user19,1-1-1,train,117,117,115,2,0,1,1.0
train__c05__user19__1-1-2,5,Put_on_clothes,user19,1-1-2,train,88,88,86,2,0,1,1.0
train__c05__user19__1-1-3,5,Put_on_clothes,user19,1-1-3,train,59,59,57,2,0,1,1.0
train__c05__user1__1-1-1,5,Put_on_clothes,user1,1-1-1,train,125,123,121,2,2,3,0.984
train__c05__user1__1-1-2,5,Put_on_clothes,user1,1-1-2,train,53,51,51,0,2,2,0.9622641509433962
train__c05__user1__1-1-3,5,Put_on_clothes,user1,1-1-3,train,39,38,35,3,1,2,0.9743589743589743
train__c05__user21__6-1-1,5,Put_on_clothes,user21,6-1-1,train,85,85,84,1,0,1,1.0
train__c05__user21__6-1-2,5,Put_on_clothes,user21,6-1-2,train,121,121,121,0,0,1,1.0
train__c05__user21__6-1-3,5,Put_on_clothes,user21,6-1-3,train,44,40,40,0,4,2,0.9090909090909091
train__c05__user22__2-2-1,5,Put_on_clothes,user22,2-2-1,train,74,74,71,3,0,1,1.0
train__c05__user22__2-2-2,5,Put_on_clothes,user22,2-2-2,train,114,114,108,6,0,1,1.0
train__c05__user22__2-2-3,5,Put_on_clothes,user22,2-2-3,train,41,41,40,1,0,1,1.0
train__c05__user22__6-1-1,5,Put_on_clothes,user22,6-1-1,train,52,52,52,0,0,1,1.0
train__c05__user22__6-1-2,5,Put_on_clothes,user22,6-1-2,train,46,46,46,0,0,1,1.0
train__c05__user22__6-1-3,5,Put_on_clothes,user22,6-1-3,train,56,56,56,0,0,1,1.0
train__c05__user22__7-2-1,5,Put_on_clothes,user22,7-2-1,train,81,81,81,0,0,1,1.0
train__c05__user22__7-2-2,5,Put_on_clothes,user22,7-2-2,train,62,62,62,0,0,1,1.0
train__c05__user22__7-2-3,5,Put_on_clothes,user22,7-2-3,train,26,26,26,0,0,1,1.0
train__c05__user23__4-3-1,5,Put_on_clothes,user23,4-3-1,validation,33,33,33,0,0,1,1.0
train__c05__user23__4-3-2,5,Put_on_clothes,user23,4-3-2,validation,30,28,28,0,2,2,0.9333333333333333
train__c05__user23__4-3-3,5,Put_on_clothes,user23,4-3-3,validation,18,18,18,0,0,1,1.0
train__c05__user23__5-2-1,5,Put_on_clothes,user23,5-2-1,validation,37,37,37,0,0,1,1.0
train__c05__user23__5-2-2,5,Put_on_clothes,user23,5-2-2,validation,38,38,38,0,0,1,1.0
train__c05__user23__5-2-3,5,Put_on_clothes,user23,5-2-3,validation,25,24,24,0,1,2,0.96
train__c05__user3__1-1-1,5,Put_on_clothes,user3,1-1-1,train,73,73,73,0,0,1,1.0
train__c05__user3__1-1-2,5,Put_on_clothes,user3,1-1-2,train,44,44,44,0,0,1,1.0
train__c05__user3__1-1-3,5,Put_on_clothes,user3,1-1-3,train,34,34,34,0,0,1,1.0
train__c05__user4__5-2-1,5,Put_on_clothes,user4,5-2-1,validation,93,92,92,0,1,2,0.989247311827957
train__c05__user4__5-2-2,5,Put_on_clothes,user4,5-2-2,validation,106,100,100,0,6,4,0.9433962264150944
train__c05__user4__5-2-3,5,Put_on_clothes,user4,5-2-3,validation,83,79,79,0,4,3,0.9518072289156626
train__c05__user7__1-1-1,5,Put_on_clothes,user7,1-1-1,train,67,36,0,36,31,11,0.5373134328358209
train__c05__user7__1-1-2,5,Put_on_clothes,user7,1-1-2,train,69,31,0,31,38,10,0.4492753623188406
train__c05__user7__1-1-3,5,Put_on_clothes,user7,1-1-3,train,72,35,0,35,37,8,0.4861111111111111
train__c05__user7__6-1-1,5,Put_on_clothes,user7,6-1-1,train,35,35,35,0,0,1,1.0
train__c05__user7__6-1-2,5,Put_on_clothes,user7,6-1-2,train,71,71,71,0,0,1,1.0
train__c05__user7__6-1-3,5,Put_on_clothes,user7,6-1-3,train,33,33,32,1,0,1,1.0
train__c05__user8__6-1-1,5,Put_on_clothes,user8,6-1-1,train,145,144,143,1,1,2,0.993103448275862
train__c05__user8__6-1-2,5,Put_on_clothes,user8,6-1-2,train,93,88,87,1,5,6,0.946236559139785
train__c05__user8__6-1-3,5,Put_on_clothes,user8,6-1-3,train,41,40,39,1,1,2,0.975609756097561
train__c05__user8__7-1-1,5,Put_on_clothes,user8,7-1-1,train,71,47,3,44,24,6,0.6619718309859155
train__c05__user8__7-1-2,5,Put_on_clothes,user8,7-1-2,train,65,51,0,51,14,7,0.7846153846153846
train__c05__user8__7-1-3,5,Put_on_clothes,user8,7-1-3,train,16,9,0,9,7,2,0.5625
train__c05__user9__1-1-1,5,Put_on_clothes,user9,1-1-1,train,61,36,3,33,25,9,0.5901639344262295
train__c05__user9__1-1-2,5,Put_on_clothes,user9,1-1-2,train,36,21,0,21,15,7,0.5833333333333334
train__c05__user9__1-1-3,5,Put_on_clothes,user9,1-1-3,train,43,30,2,28,13,8,0.6976744186046512
train__c06__user16__1-2-1,6,Drink_water,user16,1-2-1,train,25,25,25,0,0,1,1.0
train__c06__user16__1-2-2,6,Drink_water,user16,1-2-2,train,29,29,29,0,0,1,1.0
train__c06__user16__1-2-3,6,Drink_water,user16,1-2-3,train,20,20,19,1,0,1,1.0
train__c06__user16__3-2-1,6,Drink_water,user16,3-2-1,train,31,31,31,0,0,1,1.0
train__c06__user16__3-2-2,6,Drink_water,user16,3-2-2,train,25,25,25,0,0,1,1.0
train__c06__user16__3-2-3,6,Drink_water,user16,3-2-3,train,13,13,13,0,0,1,1.0
train__c06__user16__5-3-1,6,Drink_water,user16,5-3-1,train,138,138,138,0,0,1,1.0
train__c06__user16__5-3-2,6,Drink_water,user16,5-3-2,train,78,78,78,0,0,1,1.0
train__c06__user16__5-3-3,6,Drink_water,user16,5-3-3,train,32,32,32,0,0,1,1.0
train__c06__user16__6-2-1,6,Drink_water,user16,6-2-1,train,16,16,16,0,0,1,1.0
train__c06__user16__6-2-2,6,Drink_water,user16,6-2-2,train,13,13,13,0,0,1,1.0
train__c06__user16__6-2-3,6,Drink_water,user16,6-2-3,train,19,19,19,0,0,1,1.0
train__c06__user18__6-2-1,6,Drink_water,user18,6-2-1,train,9,9,9,0,0,1,1.0
train__c06__user18__6-2-3,6,Drink_water,user18,6-2-3,train,5,5,5,0,0,1,1.0
train__c06__user19__3-2-1,6,Drink_water,user19,3-2-1,train,13,13,13,0,0,1,1.0
train__c06__user19__3-2-2,6,Drink_water,user19,3-2-2,train,11,11,11,0,0,1,1.0
train__c06__user19__3-2-3,6,Drink_water,user19,3-2-3,train,17,17,17,0,0,1,1.0
train__c06__user19__7-2-1,6,Drink_water,user19,7-2-1,train,16,16,16,0,0,1,1.0
train__c06__user19__7-2-2,6,Drink_water,user19,7-2-2,train,20,20,20,0,0,1,1.0
train__c06__user19__7-2-3,6,Drink_water,user19,7-2-3,train,20,20,20,0,0,1,1.0
train__c06__user1__4-1-1,6,Drink_water,user1,4-1-1,train,61,61,61,0,0,1,1.0
train__c06__user1__4-1-2,6,Drink_water,user1,4-1-2,train,47,47,47,0,0,1,1.0
train__c06__user1__4-1-3,6,Drink_water,user1,4-1-3,train,22,22,22,0,0,1,1.0
train__c06__user1__5-1-1,6,Drink_water,user1,5-1-1,train,34,34,34,0,0,1,1.0
train__c06__user1__5-1-2,6,Drink_water,user1,5-1-2,train,29,29,29,0,0,1,1.0
train__c06__user1__5-1-3,6,Drink_water,user1,5-1-3,train,15,15,15,0,0,1,1.0
train__c06__user20__2-1-1,6,Drink_water,user20,2-1-1,train,21,21,21,0,0,1,1.0
train__c06__user20__2-1-2,6,Drink_water,user20,2-1-2,train,30,30,30,0,0,1,1.0
train__c06__user20__2-1-3,6,Drink_water,user20,2-1-3,train,10,10,10,0,0,1,1.0
train__c06__user20__4-1-1,6,Drink_water,user20,4-1-1,train,30,30,30,0,0,1,1.0
train__c06__user20__4-1-2,6,Drink_water,user20,4-1-2,train,10,10,10,0,0,1,1.0
train__c06__user20__4-1-3,6,Drink_water,user20,4-1-3,train,15,15,15,0,0,1,1.0
train__c06__user21__6-2-1,6,Drink_water,user21,6-2-1,train,26,26,26,0,0,1,1.0
train__c06__user21__6-2-2,6,Drink_water,user21,6-2-2,train,28,28,28,0,0,1,1.0
train__c06__user21__6-2-3,6,Drink_water,user21,6-2-3,train,10,10,10,0,0,1,1.0
train__c06__user21__7-1-1,6,Drink_water,user21,7-1-1,train,16,16,16,0,0,1,1.0
train__c06__user21__7-1-2,6,Drink_water,user21,7-1-2,train,11,11,11,0,0,1,1.0
train__c06__user21__7-1-3,6,Drink_water,user21,7-1-3,train,19,19,19,0,0,1,1.0
train__c06__user22__2-1-1,6,Drink_water,user22,2-1-1,train,32,32,32,0,0,1,1.0
train__c06__user22__2-1-2,6,Drink_water,user22,2-1-2,train,20,20,20,0,0,1,1.0
train__c06__user22__2-1-3,6,Drink_water,user22,2-1-3,train,12,12,12,0,0,1,1.0
train__c06__user22__4-3-1,6,Drink_water,user22,4-3-1,train,16,16,16,0,0,1,1.0
train__c06__user22__4-3-2,6,Drink_water,user22,4-3-2,train,14,14,14,0,0,1,1.0
train__c06__user22__4-3-3,6,Drink_water,user22,4-3-3,train,24,24,24,0,0,1,1.0
train__c06__user22__6-2-1,6,Drink_water,user22,6-2-1,train,23,23,23,0,0,1,1.0
train__c06__user22__6-2-2,6,Drink_water,user22,6-2-2,train,15,15,15,0,0,1,1.0
train__c06__user22__6-2-3,6,Drink_water,user22,6-2-3,train,14,14,14,0,0,1,1.0
train__c06__user23__5-3-3,6,Drink_water,user23,5-3-3,validation,10,10,10,0,0,1,1.0
train__c06__user24__2-1-1,6,Drink_water,user24,2-1-1,validation,25,25,25,0,0,1,1.0
train__c06__user24__2-1-2,6,Drink_water,user24,2-1-2,validation,27,27,27,0,0,1,1.0
train__c06__user24__2-1-3,6,Drink_water,user24,2-1-3,validation,14,14,14,0,0,1,1.0
train__c06__user24__4-2-1,6,Drink_water,user24,4-2-1,validation,42,42,42,0,0,1,1.0
train__c06__user24__4-2-2,6,Drink_water,user24,4-2-2,validation,30,30,30,0,0,1,1.0
train__c06__user24__4-2-3,6,Drink_water,user24,4-2-3,validation,17,17,17,0,0,1,1.0
train__c06__user2__1-2-1,6,Drink_water,user2,1-2-1,train,30,30,30,0,0,1,1.0
train__c06__user2__1-2-2,6,Drink_water,user2,1-2-2,train,24,24,24,0,0,1,1.0
train__c06__user2__1-2-3,6,Drink_water,user2,1-2-3,train,18,18,18,0,0,1,1.0
train__c06__user2__2-1-1,6,Drink_water,user2,2-1-1,train,15,15,15,0,0,1,1.0
train__c06__user2__2-1-2,6,Drink_water,user2,2-1-2,train,19,19,19,0,0,1,1.0
train__c06__user2__2-1-3,6,Drink_water,user2,2-1-3,train,19,19,19,0,0,1,1.0
train__c06__user2__2-2-1,6,Drink_water,user2,2-2-1,train,40,40,40,0,0,1,1.0
train__c06__user2__2-2-2,6,Drink_water,user2,2-2-2,train,24,24,24,0,0,1,1.0
train__c06__user2__2-2-3,6,Drink_water,user2,2-2-3,train,16,16,16,0,0,1,1.0
train__c06__user2__4-2-1,6,Drink_water,user2,4-2-1,train,14,14,14,0,0,1,1.0
train__c06__user2__4-2-2,6,Drink_water,user2,4-2-2,train,9,9,9,0,0,1,1.0
train__c06__user2__4-2-3,6,Drink_water,user2,4-2-3,train,10,10,10,0,0,1,1.0
train__c06__user3__1-2-1,6,Drink_water,user3,1-2-1,train,20,20,20,0,0,1,1.0
train__c06__user3__1-2-2,6,Drink_water,user3,1-2-2,train,20,20,20,0,0,1,1.0
train__c06__user3__1-2-3,6,Drink_water,user3,1-2-3,train,8,8,8,0,0,1,1.0
train__c06__user3__4-1-1,6,Drink_water,user3,4-1-1,train,22,22,22,0,0,1,1.0
train__c06__user3__4-1-2,6,Drink_water,user3,4-1-2,train,34,34,34,0,0,1,1.0
train__c06__user3__4-1-3,6,Drink_water,user3,4-1-3,train,13,13,13,0,0,1,1.0
train__c06__user3__5-1-1,6,Drink_water,user3,5-1-1,train,18,18,18,0,0,1,1.0
train__c06__user3__5-1-2,6,Drink_water,user3,5-1-2,train,11,11,11,0,0,1,1.0
train__c06__user3__5-1-3,6,Drink_water,user3,5-1-3,train,18,18,18,0,0,1,1.0
train__c06__user4__2-1-1,6,Drink_water,user4,2-1-1,validation,37,37,37,0,0,1,1.0
train__c06__user4__2-1-2,6,Drink_water,user4,2-1-2,validation,34,34,34,0,0,1,1.0
train__c06__user4__2-1-3,6,Drink_water,user4,2-1-3,validation,18,18,18,0,0,1,1.0
train__c06__user4__4-2-1,6,Drink_water,user4,4-2-1,validation,87,87,87,0,0,1,1.0
train__c06__user4__4-2-2,6,Drink_water,user4,4-2-2,validation,41,41,41,0,0,1,1.0
train__c06__user4__4-2-3,6,Drink_water,user4,4-2-3,validation,33,33,33,0,0,1,1.0
train__c06__user5__1-2-1,6,Drink_water,user5,1-2-1,train,26,26,26,0,0,1,1.0
train__c06__user5__1-2-2,6,Drink_water,user5,1-2-2,train,28,28,28,0,0,1,1.0
train__c06__user5__1-2-3,6,Drink_water,user5,1-2-3,train,20,20,20,0,0,1,1.0
train__c06__user5__2-1-1,6,Drink_water,user5,2-1-1,train,75,75,75,0,0,1,1.0
train__c06__user5__2-1-2,6,Drink_water,user5,2-1-2,train,61,61,61,0,0,1,1.0
train__c06__user5__2-1-3,6,Drink_water,user5,2-1-3,train,47,47,47,0,0,1,1.0
train__c06__user5__3-2-1,6,Drink_water,user5,3-2-1,train,33,33,33,0,0,1,1.0
train__c06__user5__3-2-2,6,Drink_water,user5,3-2-2,train,17,17,17,0,0,1,1.0
train__c06__user5__3-2-3,6,Drink_water,user5,3-2-3,train,24,24,24,0,0,1,1.0
train__c06__user5__6-2-1,6,Drink_water,user5,6-2-1,train,38,38,38,0,0,1,1.0
train__c06__user5__6-2-2,6,Drink_water,user5,6-2-2,train,71,71,71,0,0,1,1.0
train__c06__user5__6-2-3,6,Drink_water,user5,6-2-3,train,26,26,26,0,0,1,1.0
train__c06__user5__7-2-1,6,Drink_water,user5,7-2-1,train,53,53,53,0,0,1,1.0
train__c06__user5__7-2-2,6,Drink_water,user5,7-2-2,train,24,24,24,0,0,1,1.0
train__c06__user5__7-2-3,6,Drink_water,user5,7-2-3,train,20,20,20,0,0,1,1.0
train__c06__user6__1-2-1,6,Drink_water,user6,1-2-1,train,57,57,57,0,0,1,1.0
train__c06__user6__1-2-2,6,Drink_water,user6,1-2-2,train,55,55,55,0,0,1,1.0
train__c06__user6__1-2-3,6,Drink_water,user6,1-2-3,train,36,36,36,0,0,1,1.0
train__c06__user6__3-2-1,6,Drink_water,user6,3-2-1,train,44,44,44,0,0,1,1.0
train__c06__user6__3-2-2,6,Drink_water,user6,3-2-2,train,31,31,31,0,0,1,1.0
train__c06__user6__3-2-3,6,Drink_water,user6,3-2-3,train,19,19,19,0,0,1,1.0
train__c06__user6__5-3-1,6,Drink_water,user6,5-3-1,train,70,70,70,0,0,1,1.0
train__c06__user6__5-3-2,6,Drink_water,user6,5-3-2,train,72,72,72,0,0,1,1.0
train__c06__user6__5-3-3,6,Drink_water,user6,5-3-3,train,45,45,0,45,0,1,1.0
train__c06__user6__6-2-1,6,Drink_water,user6,6-2-1,train,35,35,35,0,0,1,1.0
train__c06__user6__6-2-2,6,Drink_water,user6,6-2-2,train,18,18,18,0,0,1,1.0
train__c06__user6__6-2-3,6,Drink_water,user6,6-2-3,train,20,20,20,0,0,1,1.0
train__c06__user7__5-2-1,6,Drink_water,user7,5-2-1,train,33,33,33,0,0,1,1.0
train__c06__user7__5-2-2,6,Drink_water,user7,5-2-2,train,16,16,16,0,0,1,1.0
train__c06__user7__5-2-3,6,Drink_water,user7,5-2-3,train,11,11,11,0,0,1,1.0
train__c06__user8__6-2-1,6,Drink_water,user8,6-2-1,train,24,24,24,0,0,1,1.0
train__c06__user8__6-2-2,6,Drink_water,user8,6-2-2,train,16,16,16,0,0,1,1.0
train__c06__user8__6-2-3,6,Drink_water,user8,6-2-3,train,26,26,26,0,0,1,1.0
train__c06__user9__3-2-1,6,Drink_water,user9,3-2-1,train,36,36,36,0,0,1,1.0
train__c06__user9__3-2-2,6,Drink_water,user9,3-2-2,train,24,24,23,1,0,1,1.0
train__c06__user9__3-2-3,6,Drink_water,user9,3-2-3,train,19,19,19,0,0,1,1.0
train__c06__user9__7-2-1,6,Drink_water,user9,7-2-1,train,15,15,15,0,0,1,1.0
train__c06__user9__7-2-2,6,Drink_water,user9,7-2-2,train,9,9,9,0,0,1,1.0
train__c06__user9__7-2-3,6,Drink_water,user9,7-2-3,train,14,14,14,0,0,1,1.0
train__c07__user16__1-2-1,7,Eat_food,user16,1-2-1,train,22,22,22,0,0,1,1.0
train__c07__user16__1-2-2,7,Eat_food,user16,1-2-2,train,26,26,26,0,0,1,1.0
train__c07__user16__1-2-3,7,Eat_food,user16,1-2-3,train,23,23,23,0,0,1,1.0
train__c07__user16__5-2-1,7,Eat_food,user16,5-2-1,train,28,28,28,0,0,1,1.0
train__c07__user16__5-2-2,7,Eat_food,user16,5-2-2,train,32,32,32,0,0,1,1.0
train__c07__user16__5-2-3,7,Eat_food,user16,5-2-3,train,16,16,16,0,0,1,1.0
train__c07__user16__6-2-1,7,Eat_food,user16,6-2-1,train,23,23,23,0,0,1,1.0
train__c07__user16__6-2-2,7,Eat_food,user16,6-2-2,train,29,29,29,0,0,1,1.0
train__c07__user16__6-2-3,7,Eat_food,user16,6-2-3,train,35,35,35,0,0,1,1.0
train__c07__user16__7-2-1,7,Eat_food,user16,7-2-1,train,41,41,41,0,0,1,1.0
train__c07__user16__7-2-2,7,Eat_food,user16,7-2-2,train,21,21,21,0,0,1,1.0
train__c07__user16__7-2-3,7,Eat_food,user16,7-2-3,train,27,27,27,0,0,1,1.0
train__c07__user17__1-2-1,7,Eat_food,user17,1-2-1,validation,22,22,22,0,0,1,1.0
train__c07__user17__1-2-2,7,Eat_food,user17,1-2-2,validation,8,8,8,0,0,1,1.0
train__c07__user17__1-2-3,7,Eat_food,user17,1-2-3,validation,23,23,23,0,0,1,1.0
train__c07__user17__2-2-1,7,Eat_food,user17,2-2-1,validation,45,45,45,0,0,1,1.0
train__c07__user17__2-2-2,7,Eat_food,user17,2-2-2,validation,45,43,43,0,2,1,0.9555555555555556
train__c07__user17__2-2-3,7,Eat_food,user17,2-2-3,validation,20,20,20,0,0,1,1.0
train__c07__user17__3-2-1,7,Eat_food,user17,3-2-1,validation,37,37,37,0,0,1,1.0
train__c07__user17__3-2-2,7,Eat_food,user17,3-2-2,validation,34,34,34,0,0,1,1.0
train__c07__user17__3-2-3,7,Eat_food,user17,3-2-3,validation,26,26,26,0,0,1,1.0
train__c07__user17__5-2-1,7,Eat_food,user17,5-2-1,validation,30,30,30,0,0,1,1.0
train__c07__user17__5-2-2,7,Eat_food,user17,5-2-2,validation,26,26,26,0,0,1,1.0
train__c07__user17__5-2-3,7,Eat_food,user17,5-2-3,validation,22,22,22,0,0,1,1.0
train__c07__user17__7-2-1,7,Eat_food,user17,7-2-1,validation,42,42,42,0,0,1,1.0
train__c07__user17__7-2-2,7,Eat_food,user17,7-2-2,validation,28,28,28,0,0,1,1.0
train__c07__user17__7-2-3,7,Eat_food,user17,7-2-3,validation,30,30,30,0,0,1,1.0
train__c07__user18__7-2-1,7,Eat_food,user18,7-2-1,train,19,19,19,0,0,1,1.0
train__c07__user18__7-2-2,7,Eat_food,user18,7-2-2,train,12,12,12,0,0,1,1.0
train__c07__user18__7-2-3,7,Eat_food,user18,7-2-3,train,26,26,26,0,0,1,1.0
train__c07__user19__7-2-1,7,Eat_food,user19,7-2-1,train,23,23,23,0,0,1,1.0
train__c07__user19__7-2-2,7,Eat_food,user19,7-2-2,train,26,26,26,0,0,1,1.0
train__c07__user19__7-2-3,7,Eat_food,user19,7-2-3,train,20,20,20,0,0,1,1.0
train__c07__user1__1-2-1,7,Eat_food,user1,1-2-1,train,55,55,55,0,0,1,1.0
train__c07__user1__1-2-2,7,Eat_food,user1,1-2-2,train,55,55,55,0,0,1,1.0
train__c07__user1__3-1-1,7,Eat_food,user1,3-1-1,train,37,37,37,0,0,1,1.0
train__c07__user1__3-1-2,7,Eat_food,user1,3-1-2,train,29,29,29,0,0,1,1.0
train__c07__user1__3-1-3,7,Eat_food,user1,3-1-3,train,15,15,15,0,0,1,1.0
train__c07__user1__4-1-1,7,Eat_food,user1,4-1-1,train,92,92,92,0,0,1,1.0
train__c07__user1__4-1-2,7,Eat_food,user1,4-1-2,train,84,84,84,0,0,1,1.0
train__c07__user1__4-1-3,7,Eat_food,user1,4-1-3,train,45,45,45,0,0,1,1.0
train__c07__user1__6-1-1,7,Eat_food,user1,6-1-1,train,27,27,27,0,0,1,1.0
train__c07__user1__6-1-2,7,Eat_food,user1,6-1-2,train,33,33,33,0,0,1,1.0
train__c07__user1__6-1-3,7,Eat_food,user1,6-1-3,train,19,19,19,0,0,1,1.0
train__c07__user20__2-1-1,7,Eat_food,user20,2-1-1,train,34,34,34,0,0,1,1.0
train__c07__user20__2-1-2,7,Eat_food,user20,2-1-2,train,39,39,39,0,0,1,1.0
train__c07__user20__2-1-3,7,Eat_food,user20,2-1-3,train,14,14,14,0,0,1,1.0
train__c07__user20__3-1-1,7,Eat_food,user20,3-1-1,train,46,46,46,0,0,1,1.0
train__c07__user20__3-1-2,7,Eat_food,user20,3-1-2,train,54,54,54,0,0,1,1.0
train__c07__user20__3-1-3,7,Eat_food,user20,3-1-3,train,29,29,29,0,0,1,1.0
train__c07__user20__7-1-1,7,Eat_food,user20,7-1-1,train,25,25,25,0,0,1,1.0
train__c07__user20__7-1-2,7,Eat_food,user20,7-1-2,train,26,26,26,0,0,1,1.0
train__c07__user20__7-1-3,7,Eat_food,user20,7-1-3,train,26,26,26,0,0,1,1.0
train__c07__user21__7-1-1,7,Eat_food,user21,7-1-1,train,16,16,16,0,0,1,1.0
train__c07__user21__7-1-2,7,Eat_food,user21,7-1-2,train,12,12,12,0,0,1,1.0
train__c07__user21__7-1-3,7,Eat_food,user21,7-1-3,train,17,17,17,0,0,1,1.0
train__c07__user22__3-1-1,7,Eat_food,user22,3-1-1,train,22,22,22,0,0,1,1.0
train__c07__user22__3-1-2,7,Eat_food,user22,3-1-2,train,22,22,22,0,0,1,1.0
train__c07__user22__3-3-1,7,Eat_food,user22,3-3-1,train,35,35,35,0,0,1,1.0
train__c07__user22__3-3-2,7,Eat_food,user22,3-3-2,train,21,21,21,0,0,1,1.0
train__c07__user22__3-3-3,7,Eat_food,user22,3-3-3,train,9,9,9,0,0,1,1.0
train__c07__user22__4-3-1,7,Eat_food,user22,4-3-1,train,28,28,28,0,0,1,1.0
train__c07__user22__4-3-2,7,Eat_food,user22,4-3-2,train,20,20,20,0,0,1,1.0
train__c07__user22__4-3-3,7,Eat_food,user22,4-3-3,train,16,16,16,0,0,1,1.0
train__c07__user22__6-2-1,7,Eat_food,user22,6-2-1,train,1,1,1,0,0,1,1.0
train__c07__user22__6-2-2,7,Eat_food,user22,6-2-2,train,13,13,13,0,0,1,1.0
train__c07__user22__6-2-3,7,Eat_food,user22,6-2-3,train,8,8,8,0,0,1,1.0
train__c07__user23__2-3-1,7,Eat_food,user23,2-3-1,validation,31,31,31,0,0,1,1.0
train__c07__user23__2-3-2,7,Eat_food,user23,2-3-2,validation,12,12,12,0,0,1,1.0
train__c07__user23__2-3-3,7,Eat_food,user23,2-3-3,validation,24,24,24,0,0,1,1.0
train__c07__user24__2-1-1,7,Eat_food,user24,2-1-1,validation,16,16,16,0,0,1,1.0
train__c07__user24__2-1-2,7,Eat_food,user24,2-1-2,validation,25,25,25,0,0,1,1.0
train__c07__user24__2-1-3,7,Eat_food,user24,2-1-3,validation,17,17,17,0,0,1,1.0
train__c07__user2__1-2-1,7,Eat_food,user2,1-2-1,train,26,26,26,0,0,1,1.0
train__c07__user2__1-2-2,7,Eat_food,user2,1-2-2,train,7,7,7,0,0,1,1.0
train__c07__user2__1-2-3,7,Eat_food,user2,1-2-3,train,4,4,4,0,0,1,1.0
train__c07__user2__2-1-1,7,Eat_food,user2,2-1-1,train,9,9,9,0,0,1,1.0
train__c07__user2__2-1-2,7,Eat_food,user2,2-1-2,train,5,5,5,0,0,1,1.0
train__c07__user2__2-1-3,7,Eat_food,user2,2-1-3,train,4,4,4,0,0,1,1.0
train__c07__user2__2-2-1,7,Eat_food,user2,2-2-1,train,17,17,17,0,0,1,1.0
train__c07__user2__2-2-2,7,Eat_food,user2,2-2-2,train,18,18,18,0,0,1,1.0
train__c07__user2__2-2-3,7,Eat_food,user2,2-2-3,train,11,11,11,0,0,1,1.0
train__c07__user2__4-2-1,7,Eat_food,user2,4-2-1,train,9,9,9,0,0,1,1.0
train__c07__user2__4-2-2,7,Eat_food,user2,4-2-2,train,12,12,12,0,0,1,1.0
train__c07__user2__4-2-3,7,Eat_food,user2,4-2-3,train,4,4,4,0,0,1,1.0
train__c07__user2__7-2-1,7,Eat_food,user2,7-2-1,train,15,15,15,0,0,1,1.0
train__c07__user2__7-2-2,7,Eat_food,user2,7-2-2,train,8,8,8,0,0,1,1.0
train__c07__user2__7-2-3,7,Eat_food,user2,7-2-3,train,14,14,14,0,0,1,1.0
train__c07__user3__4-1-1,7,Eat_food,user3,4-1-1,train,53,53,53,0,0,1,1.0
train__c07__user3__4-1-2,7,Eat_food,user3,4-1-2,train,13,13,13,0,0,1,1.0
train__c07__user3__4-1-3,7,Eat_food,user3,4-1-3,train,4,4,4,0,0,1,1.0
train__c07__user3__5-2-1,7,Eat_food,user3,5-2-1,train,19,19,19,0,0,1,1.0
train__c07__user3__5-2-2,7,Eat_food,user3,5-2-2,train,10,10,10,0,0,1,1.0
train__c07__user3__5-2-3,7,Eat_food,user3,5-2-3,train,19,19,19,0,0,1,1.0
train__c07__user3__6-1-1,7,Eat_food,user3,6-1-1,train,7,7,7,0,0,1,1.0
train__c07__user3__6-1-2,7,Eat_food,user3,6-1-2,train,11,11,11,0,0,1,1.0
train__c07__user3__6-1-3,7,Eat_food,user3,6-1-3,train,5,5,5,0,0,1,1.0
train__c07__user3__7-1-1,7,Eat_food,user3,7-1-1,train,14,14,14,0,0,1,1.0
train__c07__user3__7-1-2,7,Eat_food,user3,7-1-2,train,16,16,16,0,0,1,1.0
train__c07__user3__7-1-3,7,Eat_food,user3,7-1-3,train,6,6,6,0,0,1,1.0
train__c07__user4__1-2-2,7,Eat_food,user4,1-2-2,validation,34,34,34,0,0,1,1.0
train__c07__user4__1-2-3,7,Eat_food,user4,1-2-3,validation,27,27,27,0,0,1,1.0
train__c07__user4__2-1-1,7,Eat_food,user4,2-1-1,validation,72,72,72,0,0,1,1.0
train__c07__user4__2-1-2,7,Eat_food,user4,2-1-2,validation,22,22,22,0,0,1,1.0
train__c07__user4__2-1-3,7,Eat_food,user4,2-1-3,validation,24,24,24,0,0,1,1.0
train__c07__user4__5-1-1,7,Eat_food,user4,5-1-1,validation,13,13,13,0,0,1,1.0
train__c07__user4__5-1-2,7,Eat_food,user4,5-1-2,validation,24,24,24,0,0,1,1.0
train__c07__user4__5-1-3,7,Eat_food,user4,5-1-3,validation,33,33,33,0,0,1,1.0
train__c07__user4__7-2-1,7,Eat_food,user4,7-2-1,validation,30,30,30,0,0,1,1.0
train__c07__user4__7-2-2,7,Eat_food,user4,7-2-2,validation,17,17,17,0,0,1,1.0
train__c07__user4__7-2-3,7,Eat_food,user4,7-2-3,validation,21,21,21,0,0,1,1.0
train__c07__user5__1-2-1,7,Eat_food,user5,1-2-1,train,25,25,25,0,0,1,1.0
train__c07__user5__1-2-2,7,Eat_food,user5,1-2-2,train,54,54,54,0,0,1,1.0
train__c07__user5__1-2-3,7,Eat_food,user5,1-2-3,train,22,22,22,0,0,1,1.0
train__c07__user5__2-1-1,7,Eat_food,user5,2-1-1,train,38,38,38,0,0,1,1.0
train__c07__user5__2-1-2,7,Eat_food,user5,2-1-2,train,36,36,36,0,0,1,1.0
train__c07__user5__2-1-3,7,Eat_food,user5,2-1-3,train,39,39,39,0,0,1,1.0
train__c07__user5__3-2-1,7,Eat_food,user5,3-2-1,train,42,42,42,0,0,1,1.0
train__c07__user5__3-2-2,7,Eat_food,user5,3-2-2,train,55,55,55,0,0,1,1.0
train__c07__user5__3-2-3,7,Eat_food,user5,3-2-3,train,51,51,51,0,0,1,1.0
train__c07__user5__6-2-1,7,Eat_food,user5,6-2-1,train,42,42,42,0,0,1,1.0
train__c07__user5__6-2-2,7,Eat_food,user5,6-2-2,train,52,52,52,0,0,1,1.0
train__c07__user5__6-2-3,7,Eat_food,user5,6-2-3,train,34,34,34,0,0,1,1.0
train__c07__user6__1-2-1,7,Eat_food,user6,1-2-1,train,32,32,32,0,0,1,1.0
train__c07__user6__1-2-2,7,Eat_food,user6,1-2-2,train,20,20,20,0,0,1,1.0
train__c07__user6__1-2-3,7,Eat_food,user6,1-2-3,train,9,9,9,0,0,1,1.0
train__c07__user6__5-2-1,7,Eat_food,user6,5-2-1,train,17,17,17,0,0,1,1.0
train__c07__user6__5-2-2,7,Eat_food,user6,5-2-2,train,15,15,15,0,0,1,1.0
train__c07__user6__5-2-3,7,Eat_food,user6,5-2-3,train,27,27,27,0,0,1,1.0
train__c07__user6__6-2-1,7,Eat_food,user6,6-2-1,train,21,21,21,0,0,1,1.0
train__c07__user6__6-2-3,7,Eat_food,user6,6-2-3,train,26,26,26,0,0,1,1.0
train__c07__user6__7-2-1,7,Eat_food,user6,7-2-1,train,40,40,40,0,0,1,1.0
train__c07__user6__7-2-2,7,Eat_food,user6,7-2-2,train,34,34,34,0,0,1,1.0
train__c07__user6__7-2-3,7,Eat_food,user6,7-2-3,train,30,30,30,0,0,1,1.0
train__c07__user7__1-2-1,7,Eat_food,user7,1-2-1,train,21,21,21,0,0,1,1.0
train__c07__user7__1-2-2,7,Eat_food,user7,1-2-2,train,12,12,12,0,0,1,1.0
train__c07__user7__1-2-3,7,Eat_food,user7,1-2-3,train,17,17,17,0,0,1,1.0
train__c07__user7__2-2-1,7,Eat_food,user7,2-2-1,train,25,25,25,0,0,1,1.0
train__c07__user7__2-2-2,7,Eat_food,user7,2-2-2,train,24,24,24,0,0,1,1.0
train__c07__user7__2-2-3,7,Eat_food,user7,2-2-3,train,25,25,25,0,0,1,1.0
train__c07__user7__3-2-1,7,Eat_food,user7,3-2-1,train,13,13,13,0,0,1,1.0
train__c07__user7__3-2-2,7,Eat_food,user7,3-2-2,train,12,12,12,0,0,1,1.0
train__c07__user7__3-2-3,7,Eat_food,user7,3-2-3,train,10,10,10,0,0,1,1.0
train__c07__user7__5-3-1,7,Eat_food,user7,5-3-1,train,32,32,32,0,0,1,1.0
train__c07__user7__5-3-2,7,Eat_food,user7,5-3-2,train,23,23,23,0,0,1,1.0
train__c07__user7__5-3-3,7,Eat_food,user7,5-3-3,train,16,16,16,0,0,1,1.0
train__c07__user7__7-2-1,7,Eat_food,user7,7-2-1,train,26,26,26,0,0,1,1.0
train__c07__user7__7-2-2,7,Eat_food,user7,7-2-2,train,17,17,17,0,0,1,1.0
train__c07__user8__7-2-1,7,Eat_food,user8,7-2-1,train,48,48,48,0,0,1,1.0
train__c07__user8__7-2-2,7,Eat_food,user8,7-2-2,train,50,50,50,0,0,1,1.0
train__c07__user8__7-2-3,7,Eat_food,user8,7-2-3,train,18,18,18,0,0,1,1.0
train__c07__user9__7-2-1,7,Eat_food,user9,7-2-1,train,3,3,3,0,0,1,1.0
train__c07__user9__7-2-2,7,Eat_food,user9,7-2-2,train,4,4,4,0,0,1,1.0
train__c07__user9__7-2-3,7,Eat_food,user9,7-2-3,train,6,6,6,0,0,1,1.0
train__c08__user16__6-2-1,8,Take_and_use_tableware,user16,6-2-1,train,19,19,19,0,0,1,1.0
train__c08__user16__6-2-2,8,Take_and_use_tableware,user16,6-2-2,train,17,17,17,0,0,1,1.0
train__c08__user16__6-2-3,8,Take_and_use_tableware,user16,6-2-3,train,41,41,41,0,0,1,1.0
train__c08__user17__1-2-1,8,Take_and_use_tableware,user17,1-2-1,validation,22,22,22,0,0,1,1.0
train__c08__user17__1-2-2,8,Take_and_use_tableware,user17,1-2-2,validation,8,8,8,0,0,1,1.0
train__c08__user17__1-2-3,8,Take_and_use_tableware,user17,1-2-3,validation,23,23,23,0,0,1,1.0
train__c08__user17__2-1-1,8,Take_and_use_tableware,user17,2-1-1,validation,36,36,36,0,0,1,1.0
train__c08__user17__2-1-2,8,Take_and_use_tableware,user17,2-1-2,validation,27,27,27,0,0,1,1.0
train__c08__user17__2-1-3,8,Take_and_use_tableware,user17,2-1-3,validation,25,25,25,0,0,1,1.0
train__c08__user17__3-2-1,8,Take_and_use_tableware,user17,3-2-1,validation,46,46,46,0,0,1,1.0
train__c08__user17__3-2-2,8,Take_and_use_tableware,user17,3-2-2,validation,29,29,29,0,0,1,1.0
train__c08__user17__3-2-3,8,Take_and_use_tableware,user17,3-2-3,validation,37,37,37,0,0,1,1.0
train__c08__user19__7-2-1,8,Take_and_use_tableware,user19,7-2-1,train,25,25,25,0,0,1,1.0
train__c08__user19__7-2-2,8,Take_and_use_tableware,user19,7-2-2,train,21,21,21,0,0,1,1.0
train__c08__user19__7-2-3,8,Take_and_use_tableware,user19,7-2-3,train,16,16,16,0,0,1,1.0
train__c08__user1__1-2-1,8,Take_and_use_tableware,user1,1-2-1,train,27,27,27,0,0,1,1.0
train__c08__user1__1-2-2,8,Take_and_use_tableware,user1,1-2-2,train,25,25,25,0,0,1,1.0
train__c08__user1__2-1-1,8,Take_and_use_tableware,user1,2-1-1,train,50,50,50,0,0,1,1.0
train__c08__user1__2-1-2,8,Take_and_use_tableware,user1,2-1-2,train,32,32,32,0,0,1,1.0
train__c08__user1__2-1-3,8,Take_and_use_tableware,user1,2-1-3,train,43,43,43,0,0,1,1.0
train__c08__user1__4-1-1,8,Take_and_use_tableware,user1,4-1-1,train,23,23,23,0,0,1,1.0
train__c08__user1__4-1-2,8,Take_and_use_tableware,user1,4-1-2,train,22,22,22,0,0,1,1.0
train__c08__user1__5-1-1,8,Take_and_use_tableware,user1,5-1-1,train,22,22,22,0,0,1,1.0
train__c08__user1__5-1-2,8,Take_and_use_tableware,user1,5-1-2,train,15,15,15,0,0,1,1.0
train__c08__user1__5-1-3,8,Take_and_use_tableware,user1,5-1-3,train,13,13,13,0,0,1,1.0
train__c08__user20__2-1-1,8,Take_and_use_tableware,user20,2-1-1,train,20,20,20,0,0,1,1.0
train__c08__user20__2-1-2,8,Take_and_use_tableware,user20,2-1-2,train,14,14,14,0,0,1,1.0
train__c08__user20__2-1-3,8,Take_and_use_tableware,user20,2-1-3,train,13,13,13,0,0,1,1.0
train__c08__user21__2-1-1,8,Take_and_use_tableware,user21,2-1-1,train,70,70,70,0,0,1,1.0
train__c08__user21__2-1-2,8,Take_and_use_tableware,user21,2-1-2,train,75,75,75,0,0,1,1.0
train__c08__user21__2-1-3,8,Take_and_use_tableware,user21,2-1-3,train,33,33,33,0,0,1,1.0
train__c08__user21__3-1-1,8,Take_and_use_tableware,user21,3-1-1,train,20,20,20,0,0,1,1.0
train__c08__user21__7-1-1,8,Take_and_use_tableware,user21,7-1-1,train,10,10,10,0,0,1,1.0
train__c08__user21__7-1-2,8,Take_and_use_tableware,user21,7-1-2,train,9,9,9,0,0,1,1.0
train__c08__user21__7-1-3,8,Take_and_use_tableware,user21,7-1-3,train,16,16,16,0,0,1,1.0
train__c08__user22__2-1-1,8,Take_and_use_tableware,user22,2-1-1,train,42,42,42,0,0,1,1.0
train__c08__user22__2-1-2,8,Take_and_use_tableware,user22,2-1-2,train,49,49,49,0,0,1,1.0
train__c08__user22__2-1-3,8,Take_and_use_tableware,user22,2-1-3,train,23,23,23,0,0,1,1.0
train__c08__user22__6-2-1,8,Take_and_use_tableware,user22,6-2-1,train,26,26,26,0,0,1,1.0
train__c08__user22__6-2-2,8,Take_and_use_tableware,user22,6-2-2,train,21,21,21,0,0,1,1.0
train__c08__user22__6-2-3,8,Take_and_use_tableware,user22,6-2-3,train,15,15,15,0,0,1,1.0
train__c08__user2__1-2-1,8,Take_and_use_tableware,user2,1-2-1,train,32,32,32,0,0,1,1.0
train__c08__user2__1-2-2,8,Take_and_use_tableware,user2,1-2-2,train,30,30,30,0,0,1,1.0
train__c08__user2__1-2-3,8,Take_and_use_tableware,user2,1-2-3,train,21,21,21,0,0,1,1.0
train__c08__user2__2-1-1,8,Take_and_use_tableware,user2,2-1-1,train,40,40,40,0,0,1,1.0
train__c08__user2__2-1-2,8,Take_and_use_tableware,user2,2-1-2,train,80,80,80,0,0,1,1.0
train__c08__user2__2-1-3,8,Take_and_use_tableware,user2,2-1-3,train,40,40,40,0,0,1,1.0
train__c08__user2__2-2-1,8,Take_and_use_tableware,user2,2-2-1,train,58,58,58,0,0,1,1.0
train__c08__user2__2-2-2,8,Take_and_use_tableware,user2,2-2-2,train,57,57,57,0,0,1,1.0
train__c08__user2__2-2-3,8,Take_and_use_tableware,user2,2-2-3,train,27,27,27,0,0,1,1.0
train__c08__user2__4-2-1,8,Take_and_use_tableware,user2,4-2-1,train,78,78,78,0,0,1,1.0
train__c08__user2__4-2-2,8,Take_and_use_tableware,user2,4-2-2,train,80,80,80,0,0,1,1.0
train__c08__user2__4-2-3,8,Take_and_use_tableware,user2,4-2-3,train,53,53,53,0,0,1,1.0
train__c08__user3__4-1-1,8,Take_and_use_tableware,user3,4-1-1,train,11,11,11,0,0,1,1.0
train__c08__user3__4-1-2,8,Take_and_use_tableware,user3,4-1-2,train,10,10,10,0,0,1,1.0
train__c08__user3__4-1-3,8,Take_and_use_tableware,user3,4-1-3,train,11,11,11,0,0,1,1.0
train__c08__user3__5-1-1,8,Take_and_use_tableware,user3,5-1-1,train,23,23,23,0,0,1,1.0
train__c08__user3__5-1-2,8,Take_and_use_tableware,user3,5-1-2,train,10,10,10,0,0,1,1.0
train__c08__user3__5-1-3,8,Take_and_use_tableware,user3,5-1-3,train,14,14,14,0,0,1,1.0
train__c08__user3__5-2-1,8,Take_and_use_tableware,user3,5-2-1,train,35,35,35,0,0,1,1.0
train__c08__user3__5-2-2,8,Take_and_use_tableware,user3,5-2-2,train,20,20,20,0,0,1,1.0
train__c08__user3__5-2-3,8,Take_and_use_tableware,user3,5-2-3,train,41,41,41,0,0,1,1.0
train__c08__user3__6-1-1,8,Take_and_use_tableware,user3,6-1-1,train,27,27,27,0,0,2,1.0
train__c08__user3__6-1-2,8,Take_and_use_tableware,user3,6-1-2,train,42,42,42,0,0,2,1.0
train__c08__user3__6-1-3,8,Take_and_use_tableware,user3,6-1-3,train,19,19,19,0,0,2,1.0
train__c08__user4__1-2-1,8,Take_and_use_tableware,user4,1-2-1,validation,62,62,62,0,0,1,1.0
train__c08__user4__1-2-2,8,Take_and_use_tableware,user4,1-2-2,validation,46,46,46,0,0,1,1.0
train__c08__user4__2-1-1,8,Take_and_use_tableware,user4,2-1-1,validation,19,19,19,0,0,1,1.0
train__c08__user4__2-1-2,8,Take_and_use_tableware,user4,2-1-2,validation,10,10,10,0,0,1,1.0
train__c08__user4__2-1-3,8,Take_and_use_tableware,user4,2-1-3,validation,9,9,9,0,0,1,1.0
train__c08__user6__1-2-1,8,Take_and_use_tableware,user6,1-2-1,train,30,30,30,0,0,1,1.0
train__c08__user6__1-2-2,8,Take_and_use_tableware,user6,1-2-2,train,23,23,23,0,0,1,1.0
train__c08__user6__1-2-3,8,Take_and_use_tableware,user6,1-2-3,train,13,13,13,0,0,1,1.0
train__c08__user6__2-1-1,8,Take_and_use_tableware,user6,2-1-1,train,61,61,61,0,0,1,1.0
train__c08__user6__2-1-2,8,Take_and_use_tableware,user6,2-1-2,train,40,40,40,0,0,1,1.0
train__c08__user6__2-1-3,8,Take_and_use_tableware,user6,2-1-3,train,37,37,37,0,0,1,1.0
train__c08__user6__2-3-1,8,Take_and_use_tableware,user6,2-3-1,train,41,41,41,0,0,1,1.0
train__c08__user6__2-3-2,8,Take_and_use_tableware,user6,2-3-2,train,50,50,50,0,0,1,1.0
train__c08__user6__2-3-3,8,Take_and_use_tableware,user6,2-3-3,train,52,52,52,0,0,1,1.0
train__c08__user6__6-2-1,8,Take_and_use_tableware,user6,6-2-1,train,24,24,24,0,0,1,1.0
train__c08__user6__6-2-2,8,Take_and_use_tableware,user6,6-2-2,train,13,13,13,0,0,1,1.0
train__c08__user6__6-2-3,8,Take_and_use_tableware,user6,6-2-3,train,32,32,32,0,0,1,1.0
train__c08__user6__7-2-1,8,Take_and_use_tableware,user6,7-2-1,train,24,24,24,0,0,1,1.0
train__c08__user6__7-2-2,8,Take_and_use_tableware,user6,7-2-2,train,23,23,23,0,0,1,1.0
train__c08__user6__7-2-3,8,Take_and_use_tableware,user6,7-2-3,train,15,15,15,0,0,1,1.0
train__c08__user7__1-2-1,8,Take_and_use_tableware,user7,1-2-1,train,23,23,23,0,0,1,1.0
train__c08__user7__1-2-2,8,Take_and_use_tableware,user7,1-2-2,train,7,7,7,0,0,1,1.0
train__c08__user7__1-2-3,8,Take_and_use_tableware,user7,1-2-3,train,14,14,14,0,0,1,1.0
train__c08__user7__2-1-1,8,Take_and_use_tableware,user7,2-1-1,train,38,38,38,0,0,1,1.0
train__c08__user7__2-1-2,8,Take_and_use_tableware,user7,2-1-2,train,43,43,43,0,0,1,1.0
train__c08__user7__2-1-3,8,Take_and_use_tableware,user7,2-1-3,train,37,36,36,0,1,1,0.972972972972973
train__c08__user7__3-2-1,8,Take_and_use_tableware,user7,3-2-1,train,10,10,10,0,0,1,1.0
train__c08__user7__3-2-2,8,Take_and_use_tableware,user7,3-2-2,train,25,25,25,0,0,1,1.0
train__c08__user7__3-2-3,8,Take_and_use_tableware,user7,3-2-3,train,10,10,10,0,0,1,1.0
train__c08__user7__5-3-1,8,Take_and_use_tableware,user7,5-3-1,train,18,18,18,0,0,1,1.0
train__c08__user7__5-3-2,8,Take_and_use_tableware,user7,5-3-2,train,17,17,17,0,0,1,1.0
train__c08__user7__5-3-3,8,Take_and_use_tableware,user7,5-3-3,train,9,9,9,0,0,1,1.0
train__c09__user16__1-2-1,9,Pour_drinks,user16,1-2-1,train,37,37,37,0,0,1,1.0
train__c09__user16__1-2-2,9,Pour_drinks,user16,1-2-2,train,56,56,56,0,0,1,1.0
train__c09__user16__1-2-3,9,Pour_drinks,user16,1-2-3,train,31,31,31,0,0,1,1.0
train__c09__user16__2-1-1,9,Pour_drinks,user16,2-1-1,train,41,41,41,0,0,1,1.0
train__c09__user16__2-1-2,9,Pour_drinks,user16,2-1-2,train,20,20,20,0,0,1,1.0
train__c09__user16__2-1-3,9,Pour_drinks,user16,2-1-3,train,24,24,24,0,0,1,1.0
train__c09__user16__7-2-1,9,Pour_drinks,user16,7-2-1,train,32,32,32,0,0,1,1.0
train__c09__user16__7-2-2,9,Pour_drinks,user16,7-2-2,train,30,30,30,0,0,1,1.0
train__c09__user16__7-2-3,9,Pour_drinks,user16,7-2-3,train,25,25,25,0,0,1,1.0
train__c09__user17__1-2-1,9,Pour_drinks,user17,1-2-1,validation,27,27,27,0,0,1,1.0
train__c09__user17__1-2-2,9,Pour_drinks,user17,1-2-2,validation,14,14,14,0,0,1,1.0
train__c09__user17__1-2-3,9,Pour_drinks,user17,1-2-3,validation,25,25,25,0,0,1,1.0
train__c09__user17__2-1-1,9,Pour_drinks,user17,2-1-1,validation,29,29,29,0,0,1,1.0
train__c09__user17__2-1-2,9,Pour_drinks,user17,2-1-2,validation,20,20,20,0,0,1,1.0
train__c09__user17__2-1-3,9,Pour_drinks,user17,2-1-3,validation,13,13,13,0,0,1,1.0
train__c09__user17__5-2-1,9,Pour_drinks,user17,5-2-1,validation,18,18,18,0,0,1,1.0
train__c09__user17__5-2-2,9,Pour_drinks,user17,5-2-2,validation,23,23,23,0,0,1,1.0
train__c09__user17__5-2-3,9,Pour_drinks,user17,5-2-3,validation,14,14,14,0,0,1,1.0
train__c09__user18__3-2-1,9,Pour_drinks,user18,3-2-1,train,31,31,31,0,0,1,1.0
train__c09__user18__3-2-2,9,Pour_drinks,user18,3-2-2,train,14,14,14,0,0,1,1.0
train__c09__user18__3-2-3,9,Pour_drinks,user18,3-2-3,train,10,10,10,0,0,1,1.0
train__c09__user18__4-2-1,9,Pour_drinks,user18,4-2-1,train,6,6,6,0,0,1,1.0
train__c09__user18__4-2-2,9,Pour_drinks,user18,4-2-2,train,4,4,4,0,0,1,1.0
train__c09__user18__4-2-3,9,Pour_drinks,user18,4-2-3,train,8,8,8,0,0,1,1.0
train__c09__user18__7-2-1,9,Pour_drinks,user18,7-2-1,train,8,8,8,0,0,1,1.0
train__c09__user18__7-2-2,9,Pour_drinks,user18,7-2-2,train,6,6,6,0,0,1,1.0
train__c09__user18__7-2-3,9,Pour_drinks,user18,7-2-3,train,4,4,4,0,0,1,1.0
train__c09__user19__2-1-1,9,Pour_drinks,user19,2-1-1,train,45,45,45,0,0,1,1.0
train__c09__user19__2-1-2,9,Pour_drinks,user19,2-1-2,train,40,40,40,0,0,1,1.0
train__c09__user19__2-1-3,9,Pour_drinks,user19,2-1-3,train,33,33,33,0,0,1,1.0
train__c09__user19__3-2-1,9,Pour_drinks,user19,3-2-1,train,38,38,38,0,0,1,1.0
train__c09__user19__3-2-2,9,Pour_drinks,user19,3-2-2,train,33,33,33,0,0,1,1.0
train__c09__user19__3-2-3,9,Pour_drinks,user19,3-2-3,train,23,23,23,0,0,1,1.0
train__c09__user19__7-2-1,9,Pour_drinks,user19,7-2-1,train,29,29,29,0,0,1,1.0
train__c09__user19__7-2-2,9,Pour_drinks,user19,7-2-2,train,21,21,21,0,0,1,1.0
train__c09__user19__7-2-3,9,Pour_drinks,user19,7-2-3,train,32,32,32,0,0,1,1.0
train__c09__user1__2-1-1,9,Pour_drinks,user1,2-1-1,train,67,65,65,0,2,2,0.9701492537313433
train__c09__user1__2-1-2,9,Pour_drinks,user1,2-1-2,train,37,37,37,0,0,1,1.0
train__c09__user1__2-1-3,9,Pour_drinks,user1,2-1-3,train,33,33,33,0,0,1,1.0
train__c09__user1__4-1-1,9,Pour_drinks,user1,4-1-1,train,75,75,75,0,0,1,1.0
train__c09__user1__4-1-2,9,Pour_drinks,user1,4-1-2,train,72,72,72,0,0,1,1.0
train__c09__user1__4-1-3,9,Pour_drinks,user1,4-1-3,train,71,71,71,0,0,1,1.0
train__c09__user20__2-1-1,9,Pour_drinks,user20,2-1-1,train,72,72,72,0,0,1,1.0
train__c09__user20__2-1-2,9,Pour_drinks,user20,2-1-2,train,61,61,61,0,0,1,1.0
train__c09__user20__2-1-3,9,Pour_drinks,user20,2-1-3,train,45,45,45,0,0,1,1.0
train__c09__user20__3-1-1,9,Pour_drinks,user20,3-1-1,train,65,65,65,0,0,1,1.0
train__c09__user20__3-1-2,9,Pour_drinks,user20,3-1-2,train,68,68,68,0,0,1,1.0
train__c09__user20__3-1-3,9,Pour_drinks,user20,3-1-3,train,47,47,47,0,0,1,1.0
train__c09__user20__5-1-1,9,Pour_drinks,user20,5-1-1,train,23,23,23,0,0,1,1.0
train__c09__user20__5-1-2,9,Pour_drinks,user20,5-1-2,train,36,36,36,0,0,1,1.0
train__c09__user20__5-1-3,9,Pour_drinks,user20,5-1-3,train,27,27,27,0,0,1,1.0
train__c09__user20__6-3-1,9,Pour_drinks,user20,6-3-1,train,48,48,48,0,0,1,1.0
train__c09__user20__6-3-2,9,Pour_drinks,user20,6-3-2,train,24,24,24,0,0,1,1.0
train__c09__user20__6-3-3,9,Pour_drinks,user20,6-3-3,train,43,43,43,0,0,1,1.0
train__c09__user20__7-1-1,9,Pour_drinks,user20,7-1-1,train,42,42,42,0,0,1,1.0
train__c09__user20__7-1-2,9,Pour_drinks,user20,7-1-2,train,57,57,57,0,0,1,1.0
train__c09__user20__7-1-3,9,Pour_drinks,user20,7-1-3,train,30,30,30,0,0,1,1.0
train__c09__user21__6-2-1,9,Pour_drinks,user21,6-2-1,train,25,25,25,0,0,1,1.0
train__c09__user21__6-2-2,9,Pour_drinks,user21,6-2-2,train,17,17,17,0,0,1,1.0
train__c09__user21__6-2-3,9,Pour_drinks,user21,6-2-3,train,15,15,15,0,0,1,1.0
train__c09__user22__2-1-1,9,Pour_drinks,user22,2-1-1,train,29,29,29,0,0,1,1.0
train__c09__user22__2-1-2,9,Pour_drinks,user22,2-1-2,train,27,27,27,0,0,1,1.0
train__c09__user22__2-1-3,9,Pour_drinks,user22,2-1-3,train,24,24,24,0,0,1,1.0
train__c09__user22__4-3-1,9,Pour_drinks,user22,4-3-1,train,19,19,19,0,0,1,1.0
train__c09__user22__4-3-2,9,Pour_drinks,user22,4-3-2,train,9,9,9,0,0,1,1.0
train__c09__user22__4-3-3,9,Pour_drinks,user22,4-3-3,train,4,4,4,0,0,1,1.0
train__c09__user23__5-3-3,9,Pour_drinks,user23,5-3-3,validation,30,30,30,0,0,1,1.0
train__c09__user2__2-1-1,9,Pour_drinks,user2,2-1-1,train,58,58,58,0,0,1,1.0
train__c09__user2__2-1-2,9,Pour_drinks,user2,2-1-2,train,59,59,59,0,0,1,1.0
train__c09__user2__2-1-3,9,Pour_drinks,user2,2-1-3,train,25,25,25,0,0,1,1.0
train__c09__user2__6-1-1,9,Pour_drinks,user2,6-1-1,train,50,50,50,0,0,1,1.0
train__c09__user3__5-1-1,9,Pour_drinks,user3,5-1-1,train,28,28,28,0,0,1,1.0
train__c09__user3__5-1-2,9,Pour_drinks,user3,5-1-2,train,15,15,15,0,0,1,1.0
train__c09__user3__5-1-3,9,Pour_drinks,user3,5-1-3,train,30,30,30,0,0,1,1.0
train__c09__user3__7-1-1,9,Pour_drinks,user3,7-1-1,train,40,40,40,0,0,1,1.0
train__c09__user3__7-1-2,9,Pour_drinks,user3,7-1-2,train,30,30,30,0,0,1,1.0
train__c09__user3__7-1-3,9,Pour_drinks,user3,7-1-3,train,17,17,17,0,0,1,1.0
train__c09__user4__1-2-1,9,Pour_drinks,user4,1-2-1,validation,69,69,69,0,0,1,1.0
train__c09__user4__1-2-2,9,Pour_drinks,user4,1-2-2,validation,59,59,59,0,0,1,1.0
train__c09__user4__1-2-3,9,Pour_drinks,user4,1-2-3,validation,51,51,51,0,0,1,1.0
train__c09__user4__6-1-1,9,Pour_drinks,user4,6-1-1,validation,69,69,69,0,0,1,1.0
train__c09__user4__6-1-2,9,Pour_drinks,user4,6-1-2,validation,68,68,68,0,0,1,1.0
train__c09__user4__6-1-3,9,Pour_drinks,user4,6-1-3,validation,43,43,43,0,0,1,1.0
train__c09__user5__1-2-1,9,Pour_drinks,user5,1-2-1,train,55,55,55,0,0,1,1.0
train__c09__user5__1-2-2,9,Pour_drinks,user5,1-2-2,train,30,30,30,0,0,1,1.0
train__c09__user5__1-2-3,9,Pour_drinks,user5,1-2-3,train,24,24,24,0,0,1,1.0
train__c09__user5__3-2-1,9,Pour_drinks,user5,3-2-1,train,40,40,40,0,0,1,1.0
train__c09__user5__3-2-2,9,Pour_drinks,user5,3-2-2,train,23,23,23,0,0,1,1.0
train__c09__user5__3-2-3,9,Pour_drinks,user5,3-2-3,train,28,28,28,0,0,1,1.0
train__c09__user5__4-2-1,9,Pour_drinks,user5,4-2-1,train,43,43,43,0,0,1,1.0
train__c09__user5__4-2-2,9,Pour_drinks,user5,4-2-2,train,31,31,31,0,0,1,1.0
train__c09__user5__4-2-3,9,Pour_drinks,user5,4-2-3,train,30,30,30,0,0,1,1.0
train__c09__user5__7-2-1,9,Pour_drinks,user5,7-2-1,train,35,35,35,0,0,1,1.0
train__c09__user5__7-2-2,9,Pour_drinks,user5,7-2-2,train,20,20,20,0,0,1,1.0
train__c09__user5__7-2-3,9,Pour_drinks,user5,7-2-3,train,13,13,13,0,0,1,1.0
train__c09__user6__1-2-1,9,Pour_drinks,user6,1-2-1,train,124,124,124,0,0,1,1.0
train__c09__user6__1-2-2,9,Pour_drinks,user6,1-2-2,train,33,33,33,0,0,1,1.0
train__c09__user6__1-2-3,9,Pour_drinks,user6,1-2-3,train,18,18,18,0,0,1,1.0
train__c09__user6__2-1-1,9,Pour_drinks,user6,2-1-1,train,55,55,53,2,0,1,1.0
train__c09__user6__2-1-2,9,Pour_drinks,user6,2-1-2,train,46,46,46,0,0,1,1.0
train__c09__user6__2-1-3,9,Pour_drinks,user6,2-1-3,train,23,23,23,0,0,1,1.0
train__c09__user6__7-2-1,9,Pour_drinks,user6,7-2-1,train,39,39,39,0,0,1,1.0
train__c09__user6__7-2-2,9,Pour_drinks,user6,7-2-2,train,32,32,32,0,0,1,1.0
train__c09__user6__7-2-3,9,Pour_drinks,user6,7-2-3,train,19,19,19,0,0,1,1.0
train__c09__user7__1-2-1,9,Pour_drinks,user7,1-2-1,train,26,26,26,0,0,1,1.0
train__c09__user7__1-2-2,9,Pour_drinks,user7,1-2-2,train,19,19,19,0,0,1,1.0
train__c09__user7__1-2-3,9,Pour_drinks,user7,1-2-3,train,21,21,21,0,0,1,1.0
train__c09__user7__2-1-1,9,Pour_drinks,user7,2-1-1,train,36,36,36,0,0,1,1.0
train__c09__user7__2-1-2,9,Pour_drinks,user7,2-1-2,train,32,32,32,0,0,1,1.0
train__c09__user7__2-1-3,9,Pour_drinks,user7,2-1-3,train,14,14,14,0,0,1,1.0
train__c09__user7__5-2-1,9,Pour_drinks,user7,5-2-1,train,27,27,27,0,0,1,1.0
train__c09__user7__5-2-2,9,Pour_drinks,user7,5-2-2,train,12,12,12,0,0,1,1.0
train__c09__user7__5-2-3,9,Pour_drinks,user7,5-2-3,train,13,13,13,0,0,1,1.0
train__c09__user8__3-2-1,9,Pour_drinks,user8,3-2-1,train,17,17,17,0,0,1,1.0
train__c09__user8__3-2-2,9,Pour_drinks,user8,3-2-2,train,13,13,13,0,0,1,1.0
train__c09__user8__3-2-3,9,Pour_drinks,user8,3-2-3,train,16,16,16,0,0,1,1.0
train__c09__user8__4-2-1,9,Pour_drinks,user8,4-2-1,train,16,16,16,0,0,1,1.0
train__c09__user8__4-2-2,9,Pour_drinks,user8,4-2-2,train,13,13,13,0,0,1,1.0
train__c09__user8__4-2-3,9,Pour_drinks,user8,4-2-3,train,24,24,24,0,0,1,1.0
train__c09__user8__7-2-1,9,Pour_drinks,user8,7-2-1,train,23,23,23,0,0,1,1.0
train__c09__user8__7-2-2,9,Pour_drinks,user8,7-2-2,train,11,11,11,0,0,1,1.0
train__c09__user8__7-2-3,9,Pour_drinks,user8,7-2-3,train,16,16,16,0,0,1,1.0
train__c09__user9__2-1-1,9,Pour_drinks,user9,2-1-1,train,22,22,22,0,0,1,1.0
train__c09__user9__2-1-2,9,Pour_drinks,user9,2-1-2,train,26,26,26,0,0,1,1.0
train__c09__user9__2-1-3,9,Pour_drinks,user9,2-1-3,train,8,8,8,0,0,1,1.0
train__c09__user9__3-2-1,9,Pour_drinks,user9,3-2-1,train,21,21,21,0,0,1,1.0
train__c09__user9__3-2-2,9,Pour_drinks,user9,3-2-2,train,16,16,16,0,0,1,1.0
train__c09__user9__3-2-3,9,Pour_drinks,user9,3-2-3,train,8,8,8,0,0,1,1.0
train__c09__user9__7-2-1,9,Pour_drinks,user9,7-2-1,train,16,16,16,0,0,1,1.0
train__c09__user9__7-2-2,9,Pour_drinks,user9,7-2-2,train,9,9,9,0,0,1,1.0
train__c09__user9__7-2-3,9,Pour_drinks,user9,7-2-3,train,11,11,11,0,0,1,1.0
train__c10__user16__1-2-1,10,Stir_drinks,user16,1-2-1,train,21,21,21,0,0,1,1.0
train__c10__user16__1-2-2,10,Stir_drinks,user16,1-2-2,train,26,26,26,0,0,1,1.0
train__c10__user16__1-2-3,10,Stir_drinks,user16,1-2-3,train,15,15,15,0,0,1,1.0
train__c10__user16__2-1-1,10,Stir_drinks,user16,2-1-1,train,31,31,31,0,0,1,1.0
train__c10__user16__2-1-2,10,Stir_drinks,user16,2-1-2,train,18,18,18,0,0,1,1.0
train__c10__user16__2-1-3,10,Stir_drinks,user16,2-1-3,train,14,14,14,0,0,1,1.0
train__c10__user16__7-2-1,10,Stir_drinks,user16,7-2-1,train,39,39,39,0,0,1,1.0
train__c10__user16__7-2-2,10,Stir_drinks,user16,7-2-2,train,38,38,38,0,0,1,1.0
train__c10__user16__7-2-3,10,Stir_drinks,user16,7-2-3,train,20,20,20,0,0,1,1.0
train__c10__user17__2-1-1,10,Stir_drinks,user17,2-1-1,validation,33,33,33,0,0,1,1.0
train__c10__user17__2-1-2,10,Stir_drinks,user17,2-1-2,validation,28,28,28,0,0,1,1.0
train__c10__user17__2-1-3,10,Stir_drinks,user17,2-1-3,validation,22,22,22,0,0,1,1.0
train__c10__user17__2-2-1,10,Stir_drinks,user17,2-2-1,validation,27,27,27,0,0,1,1.0
train__c10__user17__2-2-2,10,Stir_drinks,user17,2-2-2,validation,28,28,28,0,0,1,1.0
train__c10__user17__2-2-3,10,Stir_drinks,user17,2-2-3,validation,20,20,20,0,0,1,1.0
train__c10__user17__5-2-1,10,Stir_drinks,user17,5-2-1,validation,22,22,22,0,0,1,1.0
train__c10__user17__5-2-2,10,Stir_drinks,user17,5-2-2,validation,12,12,12,0,0,1,1.0
train__c10__user17__5-2-3,10,Stir_drinks,user17,5-2-3,validation,15,15,15,0,0,1,1.0
train__c10__user18__3-2-1,10,Stir_drinks,user18,3-2-1,train,38,38,38,0,0,1,1.0
train__c10__user18__3-2-2,10,Stir_drinks,user18,3-2-2,train,17,17,17,0,0,1,1.0
train__c10__user18__3-2-3,10,Stir_drinks,user18,3-2-3,train,18,18,18,0,0,1,1.0
train__c10__user18__4-2-1,10,Stir_drinks,user18,4-2-1,train,33,33,33,0,0,1,1.0
train__c10__user18__4-2-2,10,Stir_drinks,user18,4-2-2,train,10,10,10,0,0,1,1.0
train__c10__user18__4-2-3,10,Stir_drinks,user18,4-2-3,train,14,14,14,0,0,1,1.0
train__c10__user18__7-2-1,10,Stir_drinks,user18,7-2-1,train,13,13,13,0,0,1,1.0
train__c10__user18__7-2-2,10,Stir_drinks,user18,7-2-2,train,18,18,18,0,0,1,1.0
train__c10__user18__7-2-3,10,Stir_drinks,user18,7-2-3,train,14,14,14,0,0,1,1.0
train__c10__user19__2-1-1,10,Stir_drinks,user19,2-1-1,train,41,41,41,0,0,1,1.0
train__c10__user19__2-1-2,10,Stir_drinks,user19,2-1-2,train,30,30,30,0,0,1,1.0
train__c10__user19__2-1-3,10,Stir_drinks,user19,2-1-3,train,8,8,8,0,0,1,1.0
train__c10__user19__3-2-1,10,Stir_drinks,user19,3-2-1,train,13,13,13,0,0,1,1.0
train__c10__user19__3-2-2,10,Stir_drinks,user19,3-2-2,train,7,7,7,0,0,1,1.0
train__c10__user19__3-2-3,10,Stir_drinks,user19,3-2-3,train,6,6,6,0,0,1,1.0
train__c10__user19__7-2-1,10,Stir_drinks,user19,7-2-1,train,15,15,15,0,0,1,1.0
train__c10__user19__7-2-2,10,Stir_drinks,user19,7-2-2,train,20,20,20,0,0,1,1.0
train__c10__user19__7-2-3,10,Stir_drinks,user19,7-2-3,train,16,16,16,0,0,1,1.0
train__c10__user1__2-1-1,10,Stir_drinks,user1,2-1-1,train,37,37,37,0,0,1,1.0
train__c10__user1__2-1-2,10,Stir_drinks,user1,2-1-2,train,24,24,24,0,0,1,1.0
train__c10__user1__2-1-3,10,Stir_drinks,user1,2-1-3,train,25,25,25,0,0,1,1.0
train__c10__user1__3-1-1,10,Stir_drinks,user1,3-1-1,train,36,36,36,0,0,1,1.0
train__c10__user1__3-1-2,10,Stir_drinks,user1,3-1-2,train,37,37,37,0,0,1,1.0
train__c10__user1__3-1-3,10,Stir_drinks,user1,3-1-3,train,17,17,17,0,0,1,1.0
train__c10__user1__4-1-1,10,Stir_drinks,user1,4-1-1,train,26,26,26,0,0,1,1.0
train__c10__user20__3-1-1,10,Stir_drinks,user20,3-1-1,train,29,29,29,0,0,1,1.0
train__c10__user20__3-1-2,10,Stir_drinks,user20,3-1-2,train,42,42,42,0,0,1,1.0
train__c10__user20__3-1-3,10,Stir_drinks,user20,3-1-3,train,21,21,21,0,0,1,1.0
train__c10__user20__5-1-1,10,Stir_drinks,user20,5-1-1,train,9,9,9,0,0,1,1.0
train__c10__user20__5-1-2,10,Stir_drinks,user20,5-1-2,train,21,21,21,0,0,1,1.0
train__c10__user20__5-1-3,10,Stir_drinks,user20,5-1-3,train,33,33,33,0,0,1,1.0
train__c10__user20__6-3-1,10,Stir_drinks,user20,6-3-1,train,29,29,29,0,0,1,1.0
train__c10__user20__6-3-2,10,Stir_drinks,user20,6-3-2,train,16,16,16,0,0,1,1.0
train__c10__user20__6-3-3,10,Stir_drinks,user20,6-3-3,train,25,25,25,0,0,1,1.0
train__c10__user20__7-1-1,10,Stir_drinks,user20,7-1-1,train,31,31,31,0,0,1,1.0
train__c10__user20__7-1-2,10,Stir_drinks,user20,7-1-2,train,28,28,28,0,0,1,1.0
train__c10__user20__7-1-3,10,Stir_drinks,user20,7-1-3,train,6,6,6,0,0,1,1.0
train__c10__user22__4-3-1,10,Stir_drinks,user22,4-3-1,train,10,10,10,0,0,1,1.0
train__c10__user22__4-3-2,10,Stir_drinks,user22,4-3-2,train,22,22,22,0,0,1,1.0
train__c10__user22__4-3-3,10,Stir_drinks,user22,4-3-3,train,13,13,13,0,0,1,1.0
train__c10__user23__5-3-3,10,Stir_drinks,user23,5-3-3,validation,7,7,7,0,0,1,1.0
train__c10__user2__6-1-1,10,Stir_drinks,user2,6-1-1,train,45,45,45,0,0,1,1.0
train__c10__user2__6-1-2,10,Stir_drinks,user2,6-1-2,train,14,14,14,0,0,1,1.0
train__c10__user3__4-1-1,10,Stir_drinks,user3,4-1-1,train,24,24,24,0,0,1,1.0
train__c10__user3__4-1-2,10,Stir_drinks,user3,4-1-2,train,13,13,13,0,0,1,1.0
train__c10__user3__4-1-3,10,Stir_drinks,user3,4-1-3,train,12,12,12,0,0,1,1.0
train__c10__user3__5-1-1,10,Stir_drinks,user3,5-1-1,train,38,38,38,0,0,1,1.0
train__c10__user3__5-1-2,10,Stir_drinks,user3,5-1-2,train,18,18,18,0,0,1,1.0
train__c10__user3__5-1-3,10,Stir_drinks,user3,5-1-3,train,17,17,17,0,0,1,1.0
train__c10__user3__7-1-1,10,Stir_drinks,user3,7-1-1,train,29,29,29,0,0,1,1.0
train__c10__user3__7-1-2,10,Stir_drinks,user3,7-1-2,train,16,16,16,0,0,1,1.0
train__c10__user3__7-1-3,10,Stir_drinks,user3,7-1-3,train,11,11,11,0,0,1,1.0
train__c10__user4__1-2-1,10,Stir_drinks,user4,1-2-1,validation,33,33,33,0,0,1,1.0
train__c10__user4__1-2-2,10,Stir_drinks,user4,1-2-2,validation,38,38,38,0,0,1,1.0
train__c10__user4__1-2-3,10,Stir_drinks,user4,1-2-3,validation,26,26,26,0,0,1,1.0
train__c10__user4__5-1-1,10,Stir_drinks,user4,5-1-1,validation,49,49,49,0,0,1,1.0
train__c10__user4__5-1-2,10,Stir_drinks,user4,5-1-2,validation,62,62,62,0,0,1,1.0
train__c10__user4__5-1-3,10,Stir_drinks,user4,5-1-3,validation,27,27,27,0,0,1,1.0
train__c10__user5__1-2-1,10,Stir_drinks,user5,1-2-1,train,32,32,32,0,0,1,1.0
train__c10__user5__1-2-2,10,Stir_drinks,user5,1-2-2,train,30,30,30,0,0,1,1.0
train__c10__user5__4-2-1,10,Stir_drinks,user5,4-2-1,train,7,7,7,0,0,1,1.0
train__c10__user5__4-2-2,10,Stir_drinks,user5,4-2-2,train,33,33,33,0,0,1,1.0
train__c10__user5__4-2-3,10,Stir_drinks,user5,4-2-3,train,36,36,36,0,0,1,1.0
train__c10__user6__1-2-1,10,Stir_drinks,user6,1-2-1,train,30,30,30,0,0,1,1.0
train__c10__user6__1-2-2,10,Stir_drinks,user6,1-2-2,train,23,23,23,0,0,1,1.0
train__c10__user6__1-2-3,10,Stir_drinks,user6,1-2-3,train,13,13,13,0,0,1,1.0
train__c10__user6__2-1-1,10,Stir_drinks,user6,2-1-1,train,61,61,61,0,0,1,1.0
train__c10__user6__2-1-2,10,Stir_drinks,user6,2-1-2,train,40,40,40,0,0,1,1.0
train__c10__user6__2-1-3,10,Stir_drinks,user6,2-1-3,train,37,37,37,0,0,1,1.0
train__c10__user6__7-2-1,10,Stir_drinks,user6,7-2-1,train,24,24,24,0,0,1,1.0
train__c10__user6__7-2-2,10,Stir_drinks,user6,7-2-2,train,23,23,23,0,0,1,1.0
train__c10__user6__7-2-3,10,Stir_drinks,user6,7-2-3,train,15,15,15,0,0,1,1.0
train__c10__user7__2-1-1,10,Stir_drinks,user7,2-1-1,train,24,24,24,0,0,1,1.0
train__c10__user7__2-1-2,10,Stir_drinks,user7,2-1-2,train,18,18,18,0,0,1,1.0
train__c10__user7__2-1-3,10,Stir_drinks,user7,2-1-3,train,19,19,19,0,0,1,1.0
train__c10__user7__2-2-1,10,Stir_drinks,user7,2-2-1,train,21,21,21,0,0,1,1.0
train__c10__user7__2-2-2,10,Stir_drinks,user7,2-2-2,train,21,21,21,0,0,1,1.0
train__c10__user7__2-2-3,10,Stir_drinks,user7,2-2-3,train,11,11,11,0,0,1,1.0
train__c10__user7__5-2-1,10,Stir_drinks,user7,5-2-1,train,20,20,20,0,0,1,1.0
train__c10__user7__5-2-2,10,Stir_drinks,user7,5-2-2,train,23,23,23,0,0,1,1.0
train__c10__user7__5-2-3,10,Stir_drinks,user7,5-2-3,train,17,17,17,0,0,1,1.0
train__c10__user8__3-2-1,10,Stir_drinks,user8,3-2-1,train,28,28,28,0,0,1,1.0
train__c10__user8__3-2-2,10,Stir_drinks,user8,3-2-2,train,42,42,42,0,0,1,1.0
train__c10__user8__3-2-3,10,Stir_drinks,user8,3-2-3,train,33,33,33,0,0,1,1.0
train__c10__user8__4-2-1,10,Stir_drinks,user8,4-2-1,train,47,47,47,0,0,1,1.0
train__c10__user8__4-2-2,10,Stir_drinks,user8,4-2-2,train,8,8,8,0,0,1,1.0
train__c10__user8__4-2-3,10,Stir_drinks,user8,4-2-3,train,28,28,28,0,0,1,1.0
train__c10__user8__7-2-1,10,Stir_drinks,user8,7-2-1,train,22,22,22,0,0,1,1.0
train__c10__user8__7-2-2,10,Stir_drinks,user8,7-2-2,train,17,17,17,0,0,1,1.0
train__c10__user8__7-2-3,10,Stir_drinks,user8,7-2-3,train,11,11,11,0,0,1,1.0
train__c10__user9__2-1-1,10,Stir_drinks,user9,2-1-1,train,24,24,24,0,0,1,1.0
train__c10__user9__2-1-2,10,Stir_drinks,user9,2-1-2,train,33,33,33,0,0,1,1.0
train__c10__user9__2-1-3,10,Stir_drinks,user9,2-1-3,train,34,34,34,0,0,1,1.0
train__c10__user9__3-2-1,10,Stir_drinks,user9,3-2-1,train,27,27,26,1,0,1,1.0
train__c10__user9__3-2-2,10,Stir_drinks,user9,3-2-2,train,20,20,19,1,0,1,1.0
train__c10__user9__3-2-3,10,Stir_drinks,user9,3-2-3,train,6,6,6,0,0,1,1.0
train__c10__user9__7-2-1,10,Stir_drinks,user9,7-2-1,train,20,20,20,0,0,1,1.0
train__c10__user9__7-2-2,10,Stir_drinks,user9,7-2-2,train,12,12,12,0,0,1,1.0
train__c10__user9__7-2-3,10,Stir_drinks,user9,7-2-3,train,18,18,18,0,0,1,1.0
train__c11__user16__1-2-1,11,Peel_fruits,user16,1-2-1,train,50,50,50,0,0,1,1.0
train__c11__user16__1-2-2,11,Peel_fruits,user16,1-2-2,train,52,52,52,0,0,1,1.0
train__c11__user16__1-2-3,11,Peel_fruits,user16,1-2-3,train,24,24,24,0,0,1,1.0
train__c11__user16__3-2-1,11,Peel_fruits,user16,3-2-1,train,17,17,0,17,0,1,1.0
train__c11__user16__3-2-2,11,Peel_fruits,user16,3-2-2,train,21,21,21,0,0,1,1.0
train__c11__user16__3-2-3,11,Peel_fruits,user16,3-2-3,train,14,14,14,0,0,1,1.0
train__c11__user16__5-2-1,11,Peel_fruits,user16,5-2-1,train,38,38,38,0,0,1,1.0
train__c11__user16__5-2-2,11,Peel_fruits,user16,5-2-2,train,27,27,27,0,0,1,1.0
train__c11__user16__5-2-3,11,Peel_fruits,user16,5-2-3,train,11,11,11,0,0,1,1.0
train__c11__user17__7-2-1,11,Peel_fruits,user17,7-2-1,validation,41,41,41,0,0,1,1.0
train__c11__user17__7-2-2,11,Peel_fruits,user17,7-2-2,validation,35,35,35,0,0,1,1.0
train__c11__user17__7-2-3,11,Peel_fruits,user17,7-2-3,validation,26,26,26,0,0,1,1.0
train__c11__user18__4-2-1,11,Peel_fruits,user18,4-2-1,train,25,25,25,0,0,1,1.0
train__c11__user18__4-2-2,11,Peel_fruits,user18,4-2-2,train,12,12,12,0,0,1,1.0
train__c11__user18__4-2-3,11,Peel_fruits,user18,4-2-3,train,16,16,16,0,0,1,1.0
train__c11__user18__6-2-1,11,Peel_fruits,user18,6-2-1,train,92,92,92,0,0,1,1.0
train__c11__user18__6-2-2,11,Peel_fruits,user18,6-2-2,train,21,21,21,0,0,1,1.0
train__c11__user18__6-2-3,11,Peel_fruits,user18,6-2-3,train,23,23,23,0,0,1,1.0
train__c11__user18__7-2-1,11,Peel_fruits,user18,7-2-1,train,25,25,25,0,0,1,1.0
train__c11__user18__7-2-2,11,Peel_fruits,user18,7-2-2,train,20,20,20,0,0,1,1.0
train__c11__user18__7-2-3,11,Peel_fruits,user18,7-2-3,train,19,19,19,0,0,1,1.0
train__c11__user19__2-3-1,11,Peel_fruits,user19,2-3-1,train,53,53,53,0,0,1,1.0
train__c11__user19__2-3-2,11,Peel_fruits,user19,2-3-2,train,44,44,44,0,0,1,1.0
train__c11__user19__2-3-3,11,Peel_fruits,user19,2-3-3,train,31,31,31,0,0,1,1.0
train__c11__user1__1-2-1,11,Peel_fruits,user1,1-2-1,train,38,38,38,0,0,1,1.0
train__c11__user1__1-2-2,11,Peel_fruits,user1,1-2-2,train,49,49,49,0,0,1,1.0
train__c11__user1__4-1-1,11,Peel_fruits,user1,4-1-1,train,108,108,108,0,0,1,1.0
train__c11__user1__4-1-2,11,Peel_fruits,user1,4-1-2,train,109,109,109,0,0,1,1.0
train__c11__user1__4-1-3,11,Peel_fruits,user1,4-1-3,train,36,36,36,0,0,1,1.0
train__c11__user1__6-1-1,11,Peel_fruits,user1,6-1-1,train,36,36,36,0,0,1,1.0
train__c11__user1__6-1-2,11,Peel_fruits,user1,6-1-2,train,29,29,29,0,0,1,1.0
train__c11__user1__6-1-3,11,Peel_fruits,user1,6-1-3,train,12,12,12,0,0,1,1.0
train__c11__user21__5-2-1,11,Peel_fruits,user21,5-2-1,train,51,51,51,0,0,1,1.0
train__c11__user21__5-2-2,11,Peel_fruits,user21,5-2-2,train,64,64,64,0,0,1,1.0
train__c11__user21__5-2-3,11,Peel_fruits,user21,5-2-3,train,33,33,33,0,0,1,1.0
train__c11__user22__3-3-1,11,Peel_fruits,user22,3-3-1,train,13,13,13,0,0,1,1.0
train__c11__user22__3-3-2,11,Peel_fruits,user22,3-3-2,train,6,6,6,0,0,1,1.0
train__c11__user22__3-3-3,11,Peel_fruits,user22,3-3-3,train,7,7,7,0,0,1,1.0
train__c11__user22__4-3-1,11,Peel_fruits,user22,4-3-1,train,29,29,29,0,0,1,1.0
train__c11__user22__4-3-2,11,Peel_fruits,user22,4-3-2,train,21,21,21,0,0,1,1.0
train__c11__user22__4-3-3,11,Peel_fruits,user22,4-3-3,train,22,22,22,0,0,1,1.0
train__c11__user22__5-2-1,11,Peel_fruits,user22,5-2-1,train,45,45,45,0,0,1,1.0
train__c11__user22__5-2-2,11,Peel_fruits,user22,5-2-2,train,32,32,32,0,0,1,1.0
train__c11__user22__5-2-3,11,Peel_fruits,user22,5-2-3,train,33,33,33,0,0,1,1.0
train__c11__user24__4-2-1,11,Peel_fruits,user24,4-2-1,validation,81,81,81,0,0,1,1.0
train__c11__user24__4-2-2,11,Peel_fruits,user24,4-2-2,validation,52,52,52,0,0,1,1.0
train__c11__user24__4-2-3,11,Peel_fruits,user24,4-2-3,validation,26,26,26,0,0,1,1.0
train__c11__user2__5-2-1,11,Peel_fruits,user2,5-2-1,train,103,103,103,0,0,1,1.0
train__c11__user2__5-2-2,11,Peel_fruits,user2,5-2-2,train,33,33,33,0,0,1,1.0
train__c11__user2__5-2-3,11,Peel_fruits,user2,5-2-3,train,18,18,18,0,0,1,1.0
train__c11__user2__7-2-1,11,Peel_fruits,user2,7-2-1,train,50,50,50,0,0,1,1.0
train__c11__user2__7-2-2,11,Peel_fruits,user2,7-2-2,train,17,17,17,0,0,1,1.0
train__c11__user2__7-2-3,11,Peel_fruits,user2,7-2-3,train,7,7,7,0,0,1,1.0
train__c11__user3__3-1-1,11,Peel_fruits,user3,3-1-1,train,22,22,22,0,0,1,1.0
train__c11__user3__3-1-2,11,Peel_fruits,user3,3-1-2,train,31,31,31,0,0,1,1.0
train__c11__user3__3-1-3,11,Peel_fruits,user3,3-1-3,train,11,11,11,0,0,1,1.0
train__c11__user3__4-1-1,11,Peel_fruits,user3,4-1-1,train,40,40,40,0,0,1,1.0
train__c11__user3__4-1-2,11,Peel_fruits,user3,4-1-2,train,37,37,37,0,0,1,1.0
train__c11__user4__1-2-1,11,Peel_fruits,user4,1-2-1,validation,79,79,79,0,0,1,1.0
train__c11__user4__1-2-2,11,Peel_fruits,user4,1-2-2,validation,58,58,58,0,0,1,1.0
train__c11__user4__1-2-3,11,Peel_fruits,user4,1-2-3,validation,22,22,22,0,0,1,1.0
train__c11__user4__2-1-1,11,Peel_fruits,user4,2-1-1,validation,41,41,41,0,0,1,1.0
train__c11__user4__2-1-2,11,Peel_fruits,user4,2-1-2,validation,18,18,18,0,0,1,1.0
train__c11__user4__2-1-3,11,Peel_fruits,user4,2-1-3,validation,29,29,29,0,0,1,1.0
train__c11__user4__6-1-1,11,Peel_fruits,user4,6-1-1,validation,44,44,44,0,0,1,1.0
train__c11__user4__6-1-2,11,Peel_fruits,user4,6-1-2,validation,51,51,51,0,0,1,1.0
train__c11__user4__6-1-3,11,Peel_fruits,user4,6-1-3,validation,22,22,22,0,0,1,1.0
train__c11__user4__7-1-1,11,Peel_fruits,user4,7-1-1,validation,46,46,46,0,0,1,1.0
train__c11__user4__7-1-2,11,Peel_fruits,user4,7-1-2,validation,43,43,43,0,0,1,1.0
train__c11__user4__7-1-3,11,Peel_fruits,user4,7-1-3,validation,31,31,31,0,0,1,1.0
train__c11__user5__1-2-1,11,Peel_fruits,user5,1-2-1,train,101,101,101,0,0,1,1.0
train__c11__user5__1-2-2,11,Peel_fruits,user5,1-2-2,train,51,51,51,0,0,1,1.0
train__c11__user5__1-2-3,11,Peel_fruits,user5,1-2-3,train,36,36,36,0,0,1,1.0
train__c11__user5__2-1-1,11,Peel_fruits,user5,2-1-1,train,82,82,82,0,0,1,1.0
train__c11__user5__2-1-2,11,Peel_fruits,user5,2-1-2,train,79,79,79,0,0,1,1.0
train__c11__user5__2-1-3,11,Peel_fruits,user5,2-1-3,train,30,30,30,0,0,1,1.0
train__c11__user5__3-2-1,11,Peel_fruits,user5,3-2-1,train,71,71,71,0,0,1,1.0
train__c11__user5__3-2-2,11,Peel_fruits,user5,3-2-2,train,28,28,28,0,0,1,1.0
train__c11__user5__3-2-3,11,Peel_fruits,user5,3-2-3,train,29,29,29,0,0,1,1.0
train__c11__user5__6-2-1,11,Peel_fruits,user5,6-2-1,train,55,55,55,0,0,1,1.0
train__c11__user5__6-2-2,11,Peel_fruits,user5,6-2-2,train,54,54,54,0,0,1,1.0
train__c11__user5__6-2-3,11,Peel_fruits,user5,6-2-3,train,23,23,23,0,0,1,1.0
train__c11__user6__1-2-1,11,Peel_fruits,user6,1-2-1,train,46,46,46,0,0,1,1.0
train__c11__user6__1-2-2,11,Peel_fruits,user6,1-2-2,train,24,24,24,0,0,1,1.0
train__c11__user6__1-2-3,11,Peel_fruits,user6,1-2-3,train,11,11,11,0,0,1,1.0
train__c11__user6__3-2-1,11,Peel_fruits,user6,3-2-1,train,34,34,34,0,0,1,1.0
train__c11__user6__3-2-2,11,Peel_fruits,user6,3-2-2,train,26,26,26,0,0,1,1.0
train__c11__user6__3-2-3,11,Peel_fruits,user6,3-2-3,train,23,23,23,0,0,1,1.0
train__c11__user6__5-2-1,11,Peel_fruits,user6,5-2-1,train,51,51,51,0,0,1,1.0
train__c11__user6__5-2-2,11,Peel_fruits,user6,5-2-2,train,41,41,41,0,0,1,1.0
train__c11__user6__5-2-3,11,Peel_fruits,user6,5-2-3,train,14,14,14,0,0,1,1.0
train__c11__user7__7-2-1,11,Peel_fruits,user7,7-2-1,train,57,57,57,0,0,1,1.0
train__c11__user7__7-2-2,11,Peel_fruits,user7,7-2-2,train,42,42,42,0,0,1,1.0
train__c11__user7__7-2-3,11,Peel_fruits,user7,7-2-3,train,18,18,18,0,0,1,1.0
train__c11__user8__4-2-1,11,Peel_fruits,user8,4-2-1,train,24,24,24,0,0,1,1.0
train__c11__user8__4-2-2,11,Peel_fruits,user8,4-2-2,train,12,12,12,0,0,1,1.0
train__c11__user8__4-2-3,11,Peel_fruits,user8,4-2-3,train,21,21,21,0,0,1,1.0
train__c11__user8__6-2-1,11,Peel_fruits,user8,6-2-1,train,107,107,107,0,0,1,1.0
train__c11__user8__6-2-2,11,Peel_fruits,user8,6-2-2,train,36,36,36,0,0,1,1.0
train__c11__user8__6-2-3,11,Peel_fruits,user8,6-2-3,train,59,59,59,0,0,1,1.0
train__c11__user8__7-2-1,11,Peel_fruits,user8,7-2-1,train,28,28,28,0,0,1,1.0
train__c11__user8__7-2-2,11,Peel_fruits,user8,7-2-2,train,17,17,17,0,0,1,1.0
train__c11__user8__7-2-3,11,Peel_fruits,user8,7-2-3,train,5,5,5,0,0,1,1.0
train__c11__user9__2-3-1,11,Peel_fruits,user9,2-3-1,train,45,45,45,0,0,1,1.0
train__c11__user9__2-3-2,11,Peel_fruits,user9,2-3-2,train,38,38,38,0,0,1,1.0
train__c11__user9__2-3-3,11,Peel_fruits,user9,2-3-3,train,26,26,26,0,0,1,1.0
train__c12__user16__3-1-1,12,Sweep_the_floor,user16,3-1-1,train,102,102,102,0,0,1,1.0
train__c12__user16__3-1-2,12,Sweep_the_floor,user16,3-1-2,train,114,114,114,0,0,1,1.0
train__c12__user16__3-1-3,12,Sweep_the_floor,user16,3-1-3,train,66,66,61,5,0,1,1.0
train__c12__user16__6-2-1,12,Sweep_the_floor,user16,6-2-1,train,67,67,67,0,0,1,1.0
train__c12__user16__6-2-2,12,Sweep_the_floor,user16,6-2-2,train,45,45,45,0,0,1,1.0
train__c12__user16__6-2-3,12,Sweep_the_floor,user16,6-2-3,train,45,45,45,0,0,1,1.0
train__c12__user17__3-1-1,12,Sweep_the_floor,user17,3-1-1,validation,94,92,92,0,2,3,0.9787234042553191
train__c12__user17__3-1-2,12,Sweep_the_floor,user17,3-1-2,validation,89,89,89,0,0,1,1.0
train__c12__user17__3-1-3,12,Sweep_the_floor,user17,3-1-3,validation,39,39,39,0,0,1,1.0
train__c12__user18__3-1-1,12,Sweep_the_floor,user18,3-1-1,train,46,46,46,0,0,1,1.0
train__c12__user18__3-1-2,12,Sweep_the_floor,user18,3-1-2,train,15,15,15,0,0,1,1.0
train__c12__user18__3-1-3,12,Sweep_the_floor,user18,3-1-3,train,29,29,28,1,0,1,1.0
train__c12__user19__3-3-1,12,Sweep_the_floor,user19,3-3-1,train,33,33,33,0,0,1,1.0
train__c12__user19__3-3-2,12,Sweep_the_floor,user19,3-3-2,train,30,30,30,0,0,1,1.0
train__c12__user19__3-3-3,12,Sweep_the_floor,user19,3-3-3,train,16,16,16,0,0,1,1.0
train__c12__user19__7-2-1,12,Sweep_the_floor,user19,7-2-1,train,51,51,51,0,0,1,1.0
train__c12__user19__7-2-2,12,Sweep_the_floor,user19,7-2-2,train,32,32,32,0,0,1,1.0
train__c12__user19__7-2-3,12,Sweep_the_floor,user19,7-2-3,train,24,24,24,0,0,1,1.0
train__c12__user1__6-2-1,12,Sweep_the_floor,user1,6-2-1,train,106,106,106,0,0,1,1.0
train__c12__user1__6-2-2,12,Sweep_the_floor,user1,6-2-2,train,94,94,94,0,0,1,1.0
train__c12__user1__6-2-3,12,Sweep_the_floor,user1,6-2-3,train,67,67,67,0,0,1,1.0
train__c12__user20__2-1-1,12,Sweep_the_floor,user20,2-1-1,train,100,100,100,0,0,1,1.0
train__c12__user20__2-1-2,12,Sweep_the_floor,user20,2-1-2,train,60,60,60,0,0,1,1.0
train__c12__user20__2-1-3,12,Sweep_the_floor,user20,2-1-3,train,32,32,32,0,0,1,1.0
train__c12__user20__3-2-1,12,Sweep_the_floor,user20,3-2-1,train,47,47,47,0,0,1,1.0
train__c12__user20__3-2-2,12,Sweep_the_floor,user20,3-2-2,train,37,37,33,4,0,1,1.0
train__c12__user20__3-2-3,12,Sweep_the_floor,user20,3-2-3,train,25,25,25,0,0,1,1.0
train__c12__user21__2-1-1,12,Sweep_the_floor,user21,2-1-1,train,108,108,108,0,0,1,1.0
train__c12__user21__2-1-2,12,Sweep_the_floor,user21,2-1-2,train,106,106,106,0,0,1,1.0
train__c12__user21__2-1-3,12,Sweep_the_floor,user21,2-1-3,train,68,68,68,0,0,1,1.0
train__c12__user23__3-2-1,12,Sweep_the_floor,user23,3-2-1,validation,89,89,89,0,0,1,1.0
train__c12__user23__3-2-2,12,Sweep_the_floor,user23,3-2-2,validation,68,65,65,0,3,4,0.9558823529411765
train__c12__user23__3-2-3,12,Sweep_the_floor,user23,3-2-3,validation,76,76,76,0,0,1,1.0
train__c12__user2__3-1-1,12,Sweep_the_floor,user2,3-1-1,train,56,56,56,0,0,1,1.0
train__c12__user2__3-1-2,12,Sweep_the_floor,user2,3-1-2,train,90,90,88,2,0,1,1.0
train__c12__user2__3-1-3,12,Sweep_the_floor,user2,3-1-3,train,54,54,53,1,0,1,1.0
train__c12__user3__6-2-1,12,Sweep_the_floor,user3,6-2-1,train,59,59,59,0,0,1,1.0
train__c12__user3__6-2-2,12,Sweep_the_floor,user3,6-2-2,train,67,67,67,0,0,1,1.0
train__c12__user3__6-2-3,12,Sweep_the_floor,user3,6-2-3,train,40,31,31,0,9,5,0.775
train__c12__user4__2-2-1,12,Sweep_the_floor,user4,2-2-1,validation,93,93,93,0,0,1,1.0
train__c12__user4__2-2-2,12,Sweep_the_floor,user4,2-2-2,validation,70,70,70,0,0,1,1.0
train__c12__user4__2-2-3,12,Sweep_the_floor,user4,2-2-3,validation,57,57,57,0,0,1,1.0
train__c12__user5__3-1-1,12,Sweep_the_floor,user5,3-1-1,train,161,161,161,0,0,1,1.0
train__c12__user5__3-1-2,12,Sweep_the_floor,user5,3-1-2,train,179,179,178,1,0,1,1.0
train__c12__user5__3-1-3,12,Sweep_the_floor,user5,3-1-3,train,99,99,97,2,0,1,1.0
train__c12__user6__3-1-1,12,Sweep_the_floor,user6,3-1-1,train,236,236,236,0,0,1,1.0
train__c12__user6__3-1-2,12,Sweep_the_floor,user6,3-1-2,train,101,101,101,0,0,1,1.0
train__c12__user6__3-1-3,12,Sweep_the_floor,user6,3-1-3,train,50,50,50,0,0,1,1.0
train__c12__user6__6-2-1,12,Sweep_the_floor,user6,6-2-1,train,54,54,54,0,0,1,1.0
train__c12__user6__6-2-2,12,Sweep_the_floor,user6,6-2-2,train,15,15,15,0,0,1,1.0
train__c12__user6__6-2-3,12,Sweep_the_floor,user6,6-2-3,train,39,39,39,0,0,1,1.0
train__c12__user7__3-1-1,12,Sweep_the_floor,user7,3-1-1,train,70,70,70,0,0,1,1.0
train__c12__user7__3-1-2,12,Sweep_the_floor,user7,3-1-2,train,42,42,42,0,0,1,1.0
train__c12__user7__3-1-3,12,Sweep_the_floor,user7,3-1-3,train,32,32,32,0,0,1,1.0
train__c12__user8__3-1-1,12,Sweep_the_floor,user8,3-1-1,train,74,74,74,0,0,1,1.0
train__c12__user8__3-1-2,12,Sweep_the_floor,user8,3-1-2,train,37,37,37,0,0,1,1.0
train__c12__user8__3-1-3,12,Sweep_the_floor,user8,3-1-3,train,47,47,47,0,0,1,1.0
train__c12__user9__3-3-1,12,Sweep_the_floor,user9,3-3-1,train,43,43,43,0,0,1,1.0
train__c12__user9__3-3-2,12,Sweep_the_floor,user9,3-3-2,train,49,49,49,0,0,1,1.0
train__c12__user9__3-3-3,12,Sweep_the_floor,user9,3-3-3,train,41,41,41,0,0,1,1.0
train__c12__user9__7-2-1,12,Sweep_the_floor,user9,7-2-1,train,28,28,28,0,0,1,1.0
train__c12__user9__7-2-2,12,Sweep_the_floor,user9,7-2-2,train,13,13,13,0,0,1,1.0
train__c12__user9__7-2-3,12,Sweep_the_floor,user9,7-2-3,train,18,18,18,0,0,1,1.0
train__c13__user16__3-1-1,13,Mop_the_floor,user16,3-1-1,train,78,78,78,0,0,1,1.0
train__c13__user16__3-1-2,13,Mop_the_floor,user16,3-1-2,train,89,89,89,0,0,1,1.0
train__c13__user16__3-1-3,13,Mop_the_floor,user16,3-1-3,train,42,42,42,0,0,1,1.0
train__c13__user17__3-1-1,13,Mop_the_floor,user17,3-1-1,validation,63,63,63,0,0,1,1.0
train__c13__user17__3-1-2,13,Mop_the_floor,user17,3-1-2,validation,42,41,41,0,1,2,0.9761904761904762
train__c13__user17__3-1-3,13,Mop_the_floor,user17,3-1-3,validation,27,27,27,0,0,1,1.0
train__c13__user18__3-1-1,13,Mop_the_floor,user18,3-1-1,train,38,38,37,1,0,1,1.0
train__c13__user18__3-1-2,13,Mop_the_floor,user18,3-1-2,train,30,30,30,0,0,1,1.0
train__c13__user18__3-1-3,13,Mop_the_floor,user18,3-1-3,train,33,33,33,0,0,1,1.0
train__c13__user19__3-3-1,13,Mop_the_floor,user19,3-3-1,train,35,35,35,0,0,1,1.0
train__c13__user19__3-3-2,13,Mop_the_floor,user19,3-3-2,train,45,45,45,0,0,1,1.0
train__c13__user19__3-3-3,13,Mop_the_floor,user19,3-3-3,train,19,19,19,0,0,1,1.0
train__c13__user19__7-2-1,13,Mop_the_floor,user19,7-2-1,train,69,69,68,1,0,1,1.0
train__c13__user19__7-2-2,13,Mop_the_floor,user19,7-2-2,train,26,26,26,0,0,1,1.0
train__c13__user19__7-2-3,13,Mop_the_floor,user19,7-2-3,train,24,24,24,0,0,1,1.0
train__c13__user1__3-2-1,13,Mop_the_floor,user1,3-2-1,train,105,105,104,1,0,1,1.0
train__c13__user1__3-2-2,13,Mop_the_floor,user1,3-2-2,train,124,124,124,0,0,1,1.0
train__c13__user1__3-2-3,13,Mop_the_floor,user1,3-2-3,train,80,80,80,0,0,1,1.0
train__c13__user20__2-1-1,13,Mop_the_floor,user20,2-1-1,train,75,75,75,0,0,1,1.0
train__c13__user20__2-1-2,13,Mop_the_floor,user20,2-1-2,train,35,35,35,0,0,1,1.0
train__c13__user20__2-1-3,13,Mop_the_floor,user20,2-1-3,train,13,13,13,0,0,1,1.0
train__c13__user20__3-2-1,13,Mop_the_floor,user20,3-2-1,train,50,50,50,0,0,1,1.0
train__c13__user20__3-2-2,13,Mop_the_floor,user20,3-2-2,train,33,33,21,12,0,1,1.0
train__c13__user20__3-2-3,13,Mop_the_floor,user20,3-2-3,train,20,20,20,0,0,1,1.0
train__c13__user20__6-3-1,13,Mop_the_floor,user20,6-3-1,train,48,48,48,0,0,1,1.0
train__c13__user20__6-3-2,13,Mop_the_floor,user20,6-3-2,train,23,23,23,0,0,1,1.0
train__c13__user20__6-3-3,13,Mop_the_floor,user20,6-3-3,train,45,45,45,0,0,1,1.0
train__c13__user21__2-1-1,13,Mop_the_floor,user21,2-1-1,train,41,41,41,0,0,1,1.0
train__c13__user21__2-1-2,13,Mop_the_floor,user21,2-1-2,train,49,49,49,0,0,1,1.0
train__c13__user21__2-1-3,13,Mop_the_floor,user21,2-1-3,train,24,24,24,0,0,1,1.0
train__c13__user2__3-1-1,13,Mop_the_floor,user2,3-1-1,train,29,27,27,0,2,3,0.9310344827586207
train__c13__user2__3-1-2,13,Mop_the_floor,user2,3-1-2,train,16,16,16,0,0,1,1.0
train__c13__user2__3-1-3,13,Mop_the_floor,user2,3-1-3,train,20,20,20,0,0,1,1.0
train__c13__user4__2-2-1,13,Mop_the_floor,user4,2-2-1,validation,44,44,44,0,0,1,1.0
train__c13__user4__2-2-2,13,Mop_the_floor,user4,2-2-2,validation,104,104,104,0,0,1,1.0
train__c13__user4__2-2-3,13,Mop_the_floor,user4,2-2-3,validation,20,20,20,0,0,1,1.0
train__c13__user5__5-1-1,13,Mop_the_floor,user5,5-1-1,train,65,65,65,0,0,1,1.0
train__c13__user5__5-1-2,13,Mop_the_floor,user5,5-1-2,train,71,71,71,0,0,1,1.0
train__c13__user5__5-1-3,13,Mop_the_floor,user5,5-1-3,train,36,36,36,0,0,1,1.0
train__c13__user5__7-2-1,13,Mop_the_floor,user5,7-2-1,train,70,70,70,0,0,1,1.0
train__c13__user5__7-2-2,13,Mop_the_floor,user5,7-2-2,train,51,51,51,0,0,1,1.0
train__c13__user5__7-2-3,13,Mop_the_floor,user5,7-2-3,train,35,35,35,0,0,1,1.0
train__c13__user6__3-1-1,13,Mop_the_floor,user6,3-1-1,train,111,111,111,0,0,1,1.0
train__c13__user6__3-1-2,13,Mop_the_floor,user6,3-1-2,train,63,63,63,0,0,1,1.0
train__c13__user6__3-1-3,13,Mop_the_floor,user6,3-1-3,train,31,31,31,0,0,1,1.0
train__c13__user7__3-1-1,13,Mop_the_floor,user7,3-1-1,train,54,54,54,0,0,1,1.0
train__c13__user7__3-1-2,13,Mop_the_floor,user7,3-1-2,train,53,53,53,0,0,1,1.0
train__c13__user7__3-1-3,13,Mop_the_floor,user7,3-1-3,train,28,28,26,2,0,1,1.0
train__c13__user8__3-1-1,13,Mop_the_floor,user8,3-1-1,train,57,57,57,0,0,1,1.0
train__c13__user8__3-1-3,13,Mop_the_floor,user8,3-1-3,train,50,50,50,0,0,1,1.0
train__c13__user9__3-3-1,13,Mop_the_floor,user9,3-3-1,train,33,33,33,0,0,1,1.0
train__c13__user9__3-3-2,13,Mop_the_floor,user9,3-3-2,train,32,32,32,0,0,1,1.0
train__c13__user9__3-3-3,13,Mop_the_floor,user9,3-3-3,train,24,24,24,0,0,1,1.0
train__c13__user9__7-2-1,13,Mop_the_floor,user9,7-2-1,train,27,27,27,0,0,1,1.0
train__c13__user9__7-2-2,13,Mop_the_floor,user9,7-2-2,train,11,11,11,0,0,1,1.0
train__c13__user9__7-2-3,13,Mop_the_floor,user9,7-2-3,train,22,22,22,0,0,1,1.0
train__c14__user16__3-2-1,14,Wipe_bowls,user16,3-2-1,train,32,32,32,0,0,1,1.0
train__c14__user16__3-2-2,14,Wipe_bowls,user16,3-2-2,train,39,39,39,0,0,1,1.0
train__c14__user16__3-2-3,14,Wipe_bowls,user16,3-2-3,train,26,26,26,0,0,1,1.0
train__c14__user17__3-2-1,14,Wipe_bowls,user17,3-2-1,validation,46,46,46,0,0,1,1.0
train__c14__user17__3-2-2,14,Wipe_bowls,user17,3-2-2,validation,29,29,29,0,0,1,1.0
train__c14__user17__3-2-3,14,Wipe_bowls,user17,3-2-3,validation,37,37,37,0,0,1,1.0
train__c14__user18__3-2-1,14,Wipe_bowls,user18,3-2-1,train,27,27,27,0,0,1,1.0
train__c14__user18__3-2-2,14,Wipe_bowls,user18,3-2-2,train,25,25,25,0,0,1,1.0
train__c14__user18__3-2-3,14,Wipe_bowls,user18,3-2-3,train,28,28,28,0,0,1,1.0
train__c14__user1__1-2-1,14,Wipe_bowls,user1,1-2-1,train,32,32,32,0,0,1,1.0
train__c14__user1__1-2-2,14,Wipe_bowls,user1,1-2-2,train,19,19,19,0,0,1,1.0
train__c14__user1__4-1-1,14,Wipe_bowls,user1,4-1-1,train,30,30,30,0,0,1,1.0
train__c14__user1__4-1-2,14,Wipe_bowls,user1,4-1-2,train,32,32,32,0,0,1,1.0
train__c14__user1__4-1-3,14,Wipe_bowls,user1,4-1-3,train,23,23,23,0,0,1,1.0
train__c14__user20__3-1-1,14,Wipe_bowls,user20,3-1-1,train,48,48,48,0,0,1,1.0
train__c14__user20__3-1-2,14,Wipe_bowls,user20,3-1-2,train,38,38,38,0,0,1,1.0
train__c14__user20__3-1-3,14,Wipe_bowls,user20,3-1-3,train,33,33,33,0,0,1,1.0
train__c14__user22__2-1-1,14,Wipe_bowls,user22,2-1-1,train,31,31,31,0,0,1,1.0
train__c14__user22__2-1-2,14,Wipe_bowls,user22,2-1-2,train,23,23,23,0,0,1,1.0
train__c14__user22__2-1-3,14,Wipe_bowls,user22,2-1-3,train,13,13,13,0,0,1,1.0
train__c14__user3__3-1-1,14,Wipe_bowls,user3,3-1-1,train,63,63,63,0,0,1,1.0
train__c14__user3__3-1-2,14,Wipe_bowls,user3,3-1-2,train,55,55,55,0,0,1,1.0
train__c14__user3__3-1-3,14,Wipe_bowls,user3,3-1-3,train,66,66,66,0,0,1,1.0
train__c14__user4__4-2-1,14,Wipe_bowls,user4,4-2-1,validation,50,50,50,0,0,1,1.0
train__c14__user4__4-2-2,14,Wipe_bowls,user4,4-2-2,validation,68,68,68,0,0,1,1.0
train__c14__user4__4-2-3,14,Wipe_bowls,user4,4-2-3,validation,31,31,31,0,0,1,1.0
train__c14__user6__3-2-1,14,Wipe_bowls,user6,3-2-1,train,66,66,66,0,0,1,1.0
train__c14__user6__3-2-2,14,Wipe_bowls,user6,3-2-2,train,65,65,65,0,0,1,1.0
train__c14__user6__3-2-3,14,Wipe_bowls,user6,3-2-3,train,47,47,47,0,0,1,1.0
train__c14__user7__3-2-1,14,Wipe_bowls,user7,3-2-1,train,69,69,69,0,0,1,1.0
train__c14__user7__3-2-2,14,Wipe_bowls,user7,3-2-2,train,50,50,50,0,0,1,1.0
train__c14__user7__3-2-3,14,Wipe_bowls,user7,3-2-3,train,26,26,26,0,0,1,1.0
train__c14__user8__3-2-1,14,Wipe_bowls,user8,3-2-1,train,57,57,57,0,0,1,1.0
train__c14__user8__3-2-2,14,Wipe_bowls,user8,3-2-2,train,64,64,64,0,0,1,1.0
train__c14__user8__3-2-3,14,Wipe_bowls,user8,3-2-3,train,53,53,53,0,0,1,1.0
train__c15__user16__3-3-1,15,Wipe_windows_and_tables,user16,3-3-1,train,41,41,41,0,0,1,1.0
train__c15__user16__3-3-2,15,Wipe_windows_and_tables,user16,3-3-2,train,21,21,21,0,0,1,1.0
train__c15__user16__3-3-3,15,Wipe_windows_and_tables,user16,3-3-3,train,14,14,14,0,0,1,1.0
train__c15__user16__6-2-1,15,Wipe_windows_and_tables,user16,6-2-1,train,53,53,53,0,0,1,1.0
train__c15__user16__6-2-2,15,Wipe_windows_and_tables,user16,6-2-2,train,35,35,35,0,0,1,1.0
train__c15__user16__6-2-3,15,Wipe_windows_and_tables,user16,6-2-3,train,47,47,47,0,0,1,1.0
train__c15__user17__2-2-1,15,Wipe_windows_and_tables,user17,2-2-1,validation,40,40,40,0,0,1,1.0
train__c15__user17__2-2-2,15,Wipe_windows_and_tables,user17,2-2-2,validation,41,41,41,0,0,1,1.0
train__c15__user17__2-2-3,15,Wipe_windows_and_tables,user17,2-2-3,validation,22,22,22,0,0,1,1.0
train__c15__user17__3-3-1,15,Wipe_windows_and_tables,user17,3-3-1,validation,29,29,29,0,0,1,1.0
train__c15__user17__3-3-2,15,Wipe_windows_and_tables,user17,3-3-2,validation,19,19,19,0,0,1,1.0
train__c15__user17__3-3-3,15,Wipe_windows_and_tables,user17,3-3-3,validation,28,28,28,0,0,1,1.0
train__c15__user18__2-2-1,15,Wipe_windows_and_tables,user18,2-2-1,train,36,36,36,0,0,1,1.0
train__c15__user18__2-2-2,15,Wipe_windows_and_tables,user18,2-2-2,train,36,36,36,0,0,1,1.0
train__c15__user18__2-2-3,15,Wipe_windows_and_tables,user18,2-2-3,train,25,25,25,0,0,1,1.0
train__c15__user18__3-3-1,15,Wipe_windows_and_tables,user18,3-3-1,train,42,42,42,0,0,1,1.0
train__c15__user18__3-3-2,15,Wipe_windows_and_tables,user18,3-3-2,train,27,27,27,0,0,1,1.0
train__c15__user18__3-3-3,15,Wipe_windows_and_tables,user18,3-3-3,train,45,45,45,0,0,1,1.0
train__c15__user19__7-2-1,15,Wipe_windows_and_tables,user19,7-2-1,train,16,16,16,0,0,1,1.0
train__c15__user19__7-2-2,15,Wipe_windows_and_tables,user19,7-2-2,train,39,39,39,0,0,1,1.0
train__c15__user19__7-2-3,15,Wipe_windows_and_tables,user19,7-2-3,train,31,31,31,0,0,1,1.0
train__c15__user20__3-2-1,15,Wipe_windows_and_tables,user20,3-2-1,train,36,36,33,3,0,1,1.0
train__c15__user20__3-2-2,15,Wipe_windows_and_tables,user20,3-2-2,train,47,47,47,0,0,1,1.0
train__c15__user20__3-2-3,15,Wipe_windows_and_tables,user20,3-2-3,train,14,14,10,4,0,1,1.0
train__c15__user22__2-1-1,15,Wipe_windows_and_tables,user22,2-1-1,train,50,50,50,0,0,1,1.0
train__c15__user22__2-1-2,15,Wipe_windows_and_tables,user22,2-1-2,train,53,53,53,0,0,1,1.0
train__c15__user22__2-1-3,15,Wipe_windows_and_tables,user22,2-1-3,train,10,10,10,0,0,1,1.0
train__c15__user23__3-1-1,15,Wipe_windows_and_tables,user23,3-1-1,validation,84,70,70,0,14,2,0.8333333333333334
train__c15__user23__3-1-2,15,Wipe_windows_and_tables,user23,3-1-2,validation,47,38,38,0,9,1,0.8085106382978723
train__c15__user23__3-1-3,15,Wipe_windows_and_tables,user23,3-1-3,validation,113,96,96,0,17,5,0.8495575221238938
train__c15__user5__5-1-1,15,Wipe_windows_and_tables,user5,5-1-1,train,42,42,42,0,0,1,1.0
train__c15__user5__5-1-2,15,Wipe_windows_and_tables,user5,5-1-2,train,70,70,70,0,0,1,1.0
train__c15__user5__5-1-3,15,Wipe_windows_and_tables,user5,5-1-3,train,34,34,34,0,0,1,1.0
train__c15__user6__3-3-1,15,Wipe_windows_and_tables,user6,3-3-1,train,73,73,73,0,0,1,1.0
train__c15__user6__3-3-3,15,Wipe_windows_and_tables,user6,3-3-3,train,42,42,42,0,0,1,1.0
train__c15__user6__6-2-1,15,Wipe_windows_and_tables,user6,6-2-1,train,41,41,41,0,0,1,1.0
train__c15__user6__6-2-2,15,Wipe_windows_and_tables,user6,6-2-2,train,17,17,17,0,0,1,1.0
train__c15__user6__6-2-3,15,Wipe_windows_and_tables,user6,6-2-3,train,32,31,27,4,1,2,0.96875
train__c15__user7__2-2-1,15,Wipe_windows_and_tables,user7,2-2-1,train,24,24,24,0,0,1,1.0
train__c15__user7__2-2-2,15,Wipe_windows_and_tables,user7,2-2-2,train,30,30,30,0,0,1,1.0
train__c15__user7__2-2-3,15,Wipe_windows_and_tables,user7,2-2-3,train,16,16,16,0,0,1,1.0
train__c15__user7__3-3-1,15,Wipe_windows_and_tables,user7,3-3-1,train,68,68,41,27,0,1,1.0
train__c15__user7__3-3-3,15,Wipe_windows_and_tables,user7,3-3-3,train,42,42,42,0,0,1,1.0
train__c15__user8__2-2-1,15,Wipe_windows_and_tables,user8,2-2-1,train,38,38,38,0,0,1,1.0
train__c15__user8__2-2-2,15,Wipe_windows_and_tables,user8,2-2-2,train,37,37,37,0,0,1,1.0
train__c15__user8__2-2-3,15,Wipe_windows_and_tables,user8,2-2-3,train,27,27,27,0,0,1,1.0
train__c15__user8__3-3-1,15,Wipe_windows_and_tables,user8,3-3-1,train,65,65,65,0,0,1,1.0
train__c15__user8__3-3-2,15,Wipe_windows_and_tables,user8,3-3-2,train,25,25,25,0,0,1,1.0
train__c15__user8__3-3-3,15,Wipe_windows_and_tables,user8,3-3-3,train,40,40,40,0,0,1,1.0
train__c15__user9__7-2-1,15,Wipe_windows_and_tables,user9,7-2-1,train,23,23,23,0,0,1,1.0
train__c15__user9__7-2-2,15,Wipe_windows_and_tables,user9,7-2-2,train,17,17,17,0,0,1,1.0
train__c15__user9__7-2-3,15,Wipe_windows_and_tables,user9,7-2-3,train,29,29,29,0,0,1,1.0
train__c16__user17__6-1-1,16,Fold_clothes,user17,6-1-1,validation,88,85,85,0,3,3,0.9659090909090909
train__c16__user17__6-1-2,16,Fold_clothes,user17,6-1-2,validation,54,53,53,0,1,2,0.9814814814814815
train__c16__user17__6-1-3,16,Fold_clothes,user17,6-1-3,validation,25,24,24,0,1,2,0.96
train__c16__user18__2-1-1,16,Fold_clothes,user18,2-1-1,train,105,104,103,1,1,2,0.9904761904761905
train__c16__user18__2-1-2,16,Fold_clothes,user18,2-1-2,train,108,108,108,0,0,1,1.0
train__c16__user18__2-1-3,16,Fold_clothes,user18,2-1-3,train,43,43,43,0,0,1,1.0
train__c16__user22__3-2-1,16,Fold_clothes,user22,3-2-1,train,49,49,49,0,0,1,1.0
train__c16__user22__3-2-2,16,Fold_clothes,user22,3-2-2,train,32,32,32,0,0,1,1.0
train__c16__user22__3-2-3,16,Fold_clothes,user22,3-2-3,train,15,15,15,0,0,1,1.0
train__c16__user23__4-3-1,16,Fold_clothes,user23,4-3-1,validation,42,41,41,0,1,2,0.9761904761904762
train__c16__user23__4-3-2,16,Fold_clothes,user23,4-3-2,validation,17,17,17,0,0,1,1.0
train__c16__user23__4-3-3,16,Fold_clothes,user23,4-3-3,validation,21,21,21,0,0,1,1.0
train__c16__user24__4-1-1,16,Fold_clothes,user24,4-1-1,validation,94,93,93,0,1,2,0.9893617021276596
train__c16__user24__4-1-2,16,Fold_clothes,user24,4-1-2,validation,55,55,55,0,0,1,1.0
train__c16__user24__4-1-3,16,Fold_clothes,user24,4-1-3,validation,28,27,27,0,1,2,0.9642857142857143
train__c16__user2__1-1-1,16,Fold_clothes,user2,1-1-1,train,140,114,114,0,26,2,0.8142857142857143
train__c16__user2__1-1-2,16,Fold_clothes,user2,1-1-2,train,95,77,77,0,18,4,0.8105263157894737
train__c16__user2__1-1-3,16,Fold_clothes,user2,1-1-3,train,42,27,27,0,15,3,0.6428571428571429
train__c16__user7__6-1-1,16,Fold_clothes,user7,6-1-1,train,58,58,57,1,0,1,1.0
train__c16__user7__6-1-2,16,Fold_clothes,user7,6-1-2,train,64,64,60,4,0,1,1.0
train__c16__user7__6-1-3,16,Fold_clothes,user7,6-1-3,train,26,26,25,1,0,1,1.0
train__c16__user8__2-1-1,16,Fold_clothes,user8,2-1-1,train,123,123,123,0,0,1,1.0
train__c16__user8__2-1-2,16,Fold_clothes,user8,2-1-2,train,68,68,68,0,0,1,1.0
train__c16__user8__2-1-3,16,Fold_clothes,user8,2-1-3,train,33,33,33,0,0,1,1.0
train__c17__user16__4-1-1,17,Tap_the_keyboard,user16,4-1-1,train,79,79,77,2,0,1,1.0
train__c17__user16__4-1-2,17,Tap_the_keyboard,user16,4-1-2,train,65,65,65,0,0,1,1.0
train__c17__user16__4-1-3,17,Tap_the_keyboard,user16,4-1-3,train,63,63,63,0,0,1,1.0
train__c17__user17__4-1-1,17,Tap_the_keyboard,user17,4-1-1,validation,60,60,60,0,0,1,1.0
train__c17__user17__4-1-2,17,Tap_the_keyboard,user17,4-1-2,validation,68,68,68,0,0,1,1.0
train__c17__user17__4-1-3,17,Tap_the_keyboard,user17,4-1-3,validation,49,49,49,0,0,1,1.0
train__c17__user18__5-1-1,17,Tap_the_keyboard,user18,5-1-1,train,82,82,82,0,0,1,1.0
train__c17__user18__5-1-2,17,Tap_the_keyboard,user18,5-1-2,train,37,37,37,0,0,1,1.0
train__c17__user18__5-1-3,17,Tap_the_keyboard,user18,5-1-3,train,21,21,21,0,0,1,1.0
train__c17__user19__1-2-1,17,Tap_the_keyboard,user19,1-2-1,train,23,23,23,0,0,1,1.0
train__c17__user19__1-2-2,17,Tap_the_keyboard,user19,1-2-2,train,13,13,0,13,0,1,1.0
train__c17__user19__1-2-3,17,Tap_the_keyboard,user19,1-2-3,train,24,24,24,0,0,1,1.0
train__c17__user19__4-1-1,17,Tap_the_keyboard,user19,4-1-1,train,26,26,26,0,0,1,1.0
train__c17__user19__4-1-2,17,Tap_the_keyboard,user19,4-1-2,train,23,23,23,0,0,1,1.0
train__c17__user19__4-1-3,17,Tap_the_keyboard,user19,4-1-3,train,13,13,13,0,0,1,1.0
train__c17__user19__4-3-1,17,Tap_the_keyboard,user19,4-3-1,train,29,29,29,0,0,1,1.0
train__c17__user19__4-3-2,17,Tap_the_keyboard,user19,4-3-2,train,53,53,53,0,0,1,1.0
train__c17__user19__4-3-3,17,Tap_the_keyboard,user19,4-3-3,train,18,18,18,0,0,1,1.0
train__c17__user19__6-1-1,17,Tap_the_keyboard,user19,6-1-1,train,17,17,17,0,0,1,1.0
train__c17__user19__6-1-2,17,Tap_the_keyboard,user19,6-1-2,train,8,8,8,0,0,1,1.0
train__c17__user19__6-1-3,17,Tap_the_keyboard,user19,6-1-3,train,24,24,24,0,0,1,1.0
train__c17__user1__2-2-1,17,Tap_the_keyboard,user1,2-2-1,train,100,100,100,0,0,1,1.0
train__c17__user1__2-2-2,17,Tap_the_keyboard,user1,2-2-2,train,114,114,114,0,0,1,1.0
train__c17__user1__2-2-3,17,Tap_the_keyboard,user1,2-2-3,train,75,75,75,0,0,1,1.0
train__c17__user1__3-2-1,17,Tap_the_keyboard,user1,3-2-1,train,67,67,67,0,0,1,1.0
train__c17__user1__3-2-2,17,Tap_the_keyboard,user1,3-2-2,train,66,66,66,0,0,1,1.0
train__c17__user1__3-2-3,17,Tap_the_keyboard,user1,3-2-3,train,29,29,29,0,0,1,1.0
train__c17__user20__2-2-1,17,Tap_the_keyboard,user20,2-2-1,train,31,31,31,0,0,1,1.0
train__c17__user20__2-2-2,17,Tap_the_keyboard,user20,2-2-2,train,22,22,22,0,0,1,1.0
train__c17__user20__2-2-3,17,Tap_the_keyboard,user20,2-2-3,train,11,11,11,0,0,1,1.0
train__c17__user20__4-1-1,17,Tap_the_keyboard,user20,4-1-1,train,50,50,50,0,0,1,1.0
train__c17__user20__4-1-2,17,Tap_the_keyboard,user20,4-1-2,train,46,46,46,0,0,1,1.0
train__c17__user20__4-1-3,17,Tap_the_keyboard,user20,4-1-3,train,56,56,56,0,0,1,1.0
train__c17__user20__5-1-1,17,Tap_the_keyboard,user20,5-1-1,train,76,76,76,0,0,1,1.0
train__c17__user20__5-1-2,17,Tap_the_keyboard,user20,5-1-2,train,29,29,29,0,0,1,1.0
train__c17__user20__5-1-3,17,Tap_the_keyboard,user20,5-1-3,train,38,38,38,0,0,1,1.0
train__c17__user22__1-2-1,17,Tap_the_keyboard,user22,1-2-1,train,31,31,31,0,0,1,1.0
train__c17__user22__1-2-2,17,Tap_the_keyboard,user22,1-2-2,train,10,10,10,0,0,1,1.0
train__c17__user22__1-2-3,17,Tap_the_keyboard,user22,1-2-3,train,11,11,11,0,0,1,1.0
train__c17__user22__4-1-1,17,Tap_the_keyboard,user22,4-1-1,train,1,1,1,0,0,1,1.0
train__c17__user22__4-1-2,17,Tap_the_keyboard,user22,4-1-2,train,45,45,45,0,0,1,1.0
train__c17__user22__4-1-3,17,Tap_the_keyboard,user22,4-1-3,train,46,46,46,0,0,1,1.0
train__c17__user23__5-3-2,17,Tap_the_keyboard,user23,5-3-2,validation,23,23,23,0,0,1,1.0
train__c17__user23__5-3-3,17,Tap_the_keyboard,user23,5-3-3,validation,30,30,30,0,0,1,1.0
train__c17__user24__1-2-1,17,Tap_the_keyboard,user24,1-2-1,validation,55,55,55,0,0,1,1.0
train__c17__user24__1-2-2,17,Tap_the_keyboard,user24,1-2-2,validation,25,25,25,0,0,1,1.0
train__c17__user24__1-2-3,17,Tap_the_keyboard,user24,1-2-3,validation,31,31,31,0,0,1,1.0
train__c17__user24__7-2-1,17,Tap_the_keyboard,user24,7-2-1,validation,31,31,31,0,0,1,1.0
train__c17__user24__7-2-2,17,Tap_the_keyboard,user24,7-2-2,validation,19,19,19,0,0,1,1.0
train__c17__user24__7-2-3,17,Tap_the_keyboard,user24,7-2-3,validation,19,19,19,0,0,1,1.0
train__c17__user3__3-2-1,17,Tap_the_keyboard,user3,3-2-1,train,50,50,50,0,0,1,1.0
train__c17__user3__3-2-2,17,Tap_the_keyboard,user3,3-2-2,train,39,39,39,0,0,1,1.0
train__c17__user3__3-2-3,17,Tap_the_keyboard,user3,3-2-3,train,57,57,57,0,0,1,1.0
train__c17__user3__4-1-1,17,Tap_the_keyboard,user3,4-1-1,train,69,69,69,0,0,1,1.0
train__c17__user3__4-1-2,17,Tap_the_keyboard,user3,4-1-2,train,72,72,72,0,0,1,1.0
train__c17__user3__4-1-3,17,Tap_the_keyboard,user3,4-1-3,train,55,55,55,0,0,1,1.0
train__c17__user4__4-1-1,17,Tap_the_keyboard,user4,4-1-1,validation,50,50,50,0,0,1,1.0
train__c17__user4__4-1-2,17,Tap_the_keyboard,user4,4-1-2,validation,29,29,29,0,0,1,1.0
train__c17__user4__4-1-3,17,Tap_the_keyboard,user4,4-1-3,validation,43,43,43,0,0,1,1.0
train__c17__user4__5-2-1,17,Tap_the_keyboard,user4,5-2-1,validation,51,51,51,0,0,1,1.0
train__c17__user4__5-2-2,17,Tap_the_keyboard,user4,5-2-2,validation,50,50,50,0,0,1,1.0
train__c17__user4__5-2-3,17,Tap_the_keyboard,user4,5-2-3,validation,60,60,60,0,0,1,1.0
train__c17__user5__4-1-1,17,Tap_the_keyboard,user5,4-1-1,train,47,47,47,0,0,1,1.0
train__c17__user5__4-1-2,17,Tap_the_keyboard,user5,4-1-2,train,54,54,54,0,0,1,1.0
train__c17__user5__4-1-3,17,Tap_the_keyboard,user5,4-1-3,train,22,22,22,0,0,1,1.0
train__c17__user6__4-1-1,17,Tap_the_keyboard,user6,4-1-1,train,63,63,62,1,0,1,1.0
train__c17__user6__4-1-2,17,Tap_the_keyboard,user6,4-1-2,train,66,65,65,0,1,2,0.9848484848484849
train__c17__user6__4-1-3,17,Tap_the_keyboard,user6,4-1-3,train,59,59,59,0,0,1,1.0
train__c17__user7__4-1-1,17,Tap_the_keyboard,user7,4-1-1,train,12,12,12,0,0,1,1.0
train__c17__user7__4-1-2,17,Tap_the_keyboard,user7,4-1-2,train,19,19,19,0,0,1,1.0
train__c17__user7__4-1-3,17,Tap_the_keyboard,user7,4-1-3,train,19,19,19,0,0,1,1.0
train__c17__user7__6-3-1,17,Tap_the_keyboard,user7,6-3-1,train,52,52,52,0,0,1,1.0
train__c17__user8__5-1-1,17,Tap_the_keyboard,user8,5-1-1,train,36,36,36,0,0,1,1.0
train__c17__user8__5-1-2,17,Tap_the_keyboard,user8,5-1-2,train,21,21,21,0,0,1,1.0
train__c17__user8__5-1-3,17,Tap_the_keyboard,user8,5-1-3,train,12,12,12,0,0,1,1.0
train__c17__user9__1-2-2,17,Tap_the_keyboard,user9,1-2-2,train,14,14,14,0,0,1,1.0
train__c17__user9__1-2-3,17,Tap_the_keyboard,user9,1-2-3,train,15,15,15,0,0,1,1.0
train__c17__user9__4-1-1,17,Tap_the_keyboard,user9,4-1-1,train,21,21,21,0,0,1,1.0
train__c17__user9__4-1-2,17,Tap_the_keyboard,user9,4-1-2,train,21,21,21,0,0,1,1.0
train__c17__user9__4-1-3,17,Tap_the_keyboard,user9,4-1-3,train,17,17,17,0,0,1,1.0
train__c17__user9__4-3-1,17,Tap_the_keyboard,user9,4-3-1,train,54,54,54,0,0,1,1.0
train__c17__user9__4-3-2,17,Tap_the_keyboard,user9,4-3-2,train,40,40,40,0,0,1,1.0
train__c17__user9__4-3-3,17,Tap_the_keyboard,user9,4-3-3,train,22,22,22,0,0,1,1.0
train__c17__user9__6-1-1,17,Tap_the_keyboard,user9,6-1-1,train,17,17,17,0,0,1,1.0
train__c17__user9__6-1-2,17,Tap_the_keyboard,user9,6-1-2,train,33,33,33,0,0,1,1.0
train__c17__user9__6-1-3,17,Tap_the_keyboard,user9,6-1-3,train,26,6,6,0,20,3,0.23076923076923078
train__c18__user18__4-1-1,18,Write,user18,4-1-1,train,36,36,36,0,0,1,1.0
train__c18__user18__4-1-2,18,Write,user18,4-1-2,train,3,3,3,0,0,1,1.0
train__c18__user18__4-1-3,18,Write,user18,4-1-3,train,31,31,31,0,0,1,1.0
train__c18__user18__6-2-1,18,Write,user18,6-2-1,train,16,16,16,0,0,1,1.0
train__c18__user18__6-2-2,18,Write,user18,6-2-2,train,6,6,6,0,0,1,1.0
train__c18__user18__6-2-3,18,Write,user18,6-2-3,train,11,11,11,0,0,1,1.0
train__c18__user20__2-2-1,18,Write,user20,2-2-1,train,14,14,14,0,0,1,1.0
train__c18__user20__2-2-2,18,Write,user20,2-2-2,train,17,17,17,0,0,1,1.0
train__c18__user20__2-2-3,18,Write,user20,2-2-3,train,8,8,8,0,0,1,1.0
train__c18__user22__3-1-1,18,Write,user22,3-1-1,train,31,31,31,0,0,1,1.0
train__c18__user22__3-1-2,18,Write,user22,3-1-2,train,26,26,26,0,0,1,1.0
train__c18__user23__4-1-1,18,Write,user23,4-1-1,validation,64,57,57,0,7,3,0.890625
train__c18__user23__4-1-2,18,Write,user23,4-1-2,validation,51,51,51,0,0,1,1.0
train__c18__user23__4-1-3,18,Write,user23,4-1-3,validation,71,71,71,0,0,1,1.0
train__c18__user23__7-1-1,18,Write,user23,7-1-1,validation,31,31,31,0,0,1,1.0
train__c18__user23__7-1-3,18,Write,user23,7-1-3,validation,22,22,22,0,0,1,1.0
train__c18__user24__1-2-1,18,Write,user24,1-2-1,validation,34,34,34,0,0,1,1.0
train__c18__user24__1-2-2,18,Write,user24,1-2-2,validation,31,31,31,0,0,1,1.0
train__c18__user24__1-2-3,18,Write,user24,1-2-3,validation,17,17,17,0,0,1,1.0
train__c18__user2__4-1-2,18,Write,user2,4-1-2,train,43,43,43,0,0,1,1.0
train__c18__user2__4-1-3,18,Write,user2,4-1-3,train,18,18,18,0,0,1,1.0
train__c18__user2__4-3-1,18,Write,user2,4-3-1,train,27,27,27,0,0,1,1.0
train__c18__user2__4-3-2,18,Write,user2,4-3-2,train,33,33,33,0,0,1,1.0
train__c18__user2__4-3-3,18,Write,user2,4-3-3,train,27,27,27,0,0,1,1.0
train__c18__user3__3-2-1,18,Write,user3,3-2-1,train,66,66,66,0,0,1,1.0
train__c18__user3__3-2-2,18,Write,user3,3-2-2,train,31,31,31,0,0,1,1.0
train__c18__user3__3-2-3,18,Write,user3,3-2-3,train,24,24,24,0,0,1,1.0
train__c18__user4__4-1-1,18,Write,user4,4-1-1,validation,31,31,31,0,0,1,1.0
train__c18__user4__4-1-2,18,Write,user4,4-1-2,validation,44,44,44,0,0,1,1.0
train__c18__user4__4-1-3,18,Write,user4,4-1-3,validation,20,20,20,0,0,1,1.0
train__c18__user5__4-3-1,18,Write,user5,4-3-1,train,12,12,12,0,0,1,1.0
train__c18__user5__4-3-3,18,Write,user5,4-3-3,train,18,18,18,0,0,1,1.0
train__c18__user6__4-1-1,18,Write,user6,4-1-1,train,74,74,73,1,0,1,1.0
train__c18__user6__4-1-2,18,Write,user6,4-1-2,train,61,60,60,0,1,2,0.9836065573770492
train__c18__user6__4-1-3,18,Write,user6,4-1-3,train,58,58,58,0,0,1,1.0
train__c18__user8__6-2-1,18,Write,user8,6-2-1,train,27,27,27,0,0,1,1.0
train__c18__user8__6-2-2,18,Write,user8,6-2-2,train,19,19,19,0,0,1,1.0
train__c18__user8__6-2-3,18,Write,user8,6-2-3,train,16,16,16,0,0,1,1.0
train__c19__user16__4-1-1,19,Make_a_phone_call,user16,4-1-1,train,41,41,41,0,0,1,1.0
train__c19__user16__4-1-2,19,Make_a_phone_call,user16,4-1-2,train,27,27,27,0,0,1,1.0
train__c19__user16__4-1-3,19,Make_a_phone_call,user16,4-1-3,train,32,32,32,0,0,1,1.0
train__c19__user18__1-2-1,19,Make_a_phone_call,user18,1-2-1,train,34,34,34,0,0,1,1.0
train__c19__user18__1-2-2,19,Make_a_phone_call,user18,1-2-2,train,45,45,45,0,0,1,1.0
train__c19__user18__1-2-3,19,Make_a_phone_call,user18,1-2-3,train,37,37,37,0,0,1,1.0
train__c19__user18__2-1-1,19,Make_a_phone_call,user18,2-1-1,train,19,19,19,0,0,1,1.0
train__c19__user18__2-1-2,19,Make_a_phone_call,user18,2-1-2,train,21,21,21,0,0,1,1.0
train__c19__user18__2-1-3,19,Make_a_phone_call,user18,2-1-3,train,21,21,21,0,0,1,1.0
train__c19__user21__4-1-1,19,Make_a_phone_call,user21,4-1-1,train,70,70,70,0,0,1,1.0
train__c19__user21__4-1-2,19,Make_a_phone_call,user21,4-1-2,train,56,56,56,0,0,1,1.0
train__c19__user21__4-1-3,19,Make_a_phone_call,user21,4-1-3,train,30,30,30,0,0,1,1.0
train__c19__user22__4-1-1,19,Make_a_phone_call,user22,4-1-1,train,38,38,38,0,0,1,1.0
train__c19__user22__4-1-2,19,Make_a_phone_call,user22,4-1-2,train,30,30,30,0,0,1,1.0
train__c19__user22__4-1-3,19,Make_a_phone_call,user22,4-1-3,train,32,32,32,0,0,1,1.0
train__c19__user23__4-2-1,19,Make_a_phone_call,user23,4-2-1,validation,22,22,22,0,0,1,1.0
train__c19__user23__4-2-2,19,Make_a_phone_call,user23,4-2-2,validation,37,37,37,0,0,1,1.0
train__c19__user23__4-2-3,19,Make_a_phone_call,user23,4-2-3,validation,18,18,18,0,0,1,1.0
train__c19__user24__3-2-1,19,Make_a_phone_call,user24,3-2-1,validation,29,29,29,0,0,1,1.0
train__c19__user24__3-2-2,19,Make_a_phone_call,user24,3-2-2,validation,12,12,12,0,0,1,1.0
train__c19__user24__3-2-3,19,Make_a_phone_call,user24,3-2-3,validation,23,23,23,0,0,1,1.0
train__c19__user2__4-1-1,19,Make_a_phone_call,user2,4-1-1,train,31,31,31,0,0,1,1.0
train__c19__user2__4-1-2,19,Make_a_phone_call,user2,4-1-2,train,19,19,19,0,0,1,1.0
train__c19__user2__4-1-3,19,Make_a_phone_call,user2,4-1-3,train,15,15,15,0,0,1,1.0
train__c19__user3__3-2-1,19,Make_a_phone_call,user3,3-2-1,train,34,34,34,0,0,1,1.0
train__c19__user3__3-2-2,19,Make_a_phone_call,user3,3-2-2,train,27,27,27,0,0,1,1.0
train__c19__user3__3-2-3,19,Make_a_phone_call,user3,3-2-3,train,31,31,31,0,0,1,1.0
train__c19__user3__4-1-1,19,Make_a_phone_call,user3,4-1-1,train,52,52,52,0,0,1,1.0
train__c19__user3__4-1-2,19,Make_a_phone_call,user3,4-1-2,train,45,45,45,0,0,1,1.0
train__c19__user3__4-1-3,19,Make_a_phone_call,user3,4-1-3,train,55,55,55,0,0,1,1.0
train__c19__user4__6-1-2,19,Make_a_phone_call,user4,6-1-2,validation,34,34,34,0,0,1,1.0
train__c19__user4__6-1-3,19,Make_a_phone_call,user4,6-1-3,validation,38,38,38,0,0,1,1.0
train__c19__user5__4-1-1,19,Make_a_phone_call,user5,4-1-1,train,61,61,61,0,0,1,1.0
train__c19__user5__4-1-2,19,Make_a_phone_call,user5,4-1-2,train,89,89,89,0,0,1,1.0
train__c19__user5__4-1-3,19,Make_a_phone_call,user5,4-1-3,train,78,78,77,1,0,1,1.0
train__c19__user6__4-1-1,19,Make_a_phone_call,user6,4-1-1,train,23,23,23,0,0,1,1.0
train__c19__user6__4-1-2,19,Make_a_phone_call,user6,4-1-2,train,36,36,36,0,0,1,1.0
train__c19__user6__4-1-3,19,Make_a_phone_call,user6,4-1-3,train,14,14,14,0,0,1,1.0
train__c19__user8__1-2-1,19,Make_a_phone_call,user8,1-2-1,train,9,9,9,0,0,1,1.0
train__c19__user8__1-2-2,19,Make_a_phone_call,user8,1-2-2,train,24,24,24,0,0,1,1.0
train__c19__user8__1-2-3,19,Make_a_phone_call,user8,1-2-3,train,15,15,15,0,0,1,1.0
train__c19__user8__2-1-1,19,Make_a_phone_call,user8,2-1-1,train,28,28,28,0,0,1,1.0
train__c19__user8__2-1-3,19,Make_a_phone_call,user8,2-1-3,train,19,19,19,0,0,1,1.0
train__c20__user16__4-1-1,20,Check_the_time,user16,4-1-1,train,16,16,16,0,0,1,1.0
train__c20__user16__4-1-2,20,Check_the_time,user16,4-1-2,train,26,26,26,0,0,1,1.0
train__c20__user16__4-1-3,20,Check_the_time,user16,4-1-3,train,26,26,26,0,0,1,1.0
train__c20__user16__5-3-1,20,Check_the_time,user16,5-3-1,train,42,42,31,11,0,1,1.0
train__c20__user16__5-3-2,20,Check_the_time,user16,5-3-2,train,26,26,26,0,0,1,1.0
train__c20__user16__5-3-3,20,Check_the_time,user16,5-3-3,train,28,28,28,0,0,1,1.0
train__c20__user16__7-3-1,20,Check_the_time,user16,7-3-1,train,26,26,26,0,0,1,1.0
train__c20__user16__7-3-2,20,Check_the_time,user16,7-3-2,train,34,34,34,0,0,1,1.0
train__c20__user16__7-3-3,20,Check_the_time,user16,7-3-3,train,22,22,22,0,0,1,1.0
train__c20__user17__1-2-1,20,Check_the_time,user17,1-2-1,validation,17,17,17,0,0,1,1.0
train__c20__user17__1-2-2,20,Check_the_time,user17,1-2-2,validation,20,20,20,0,0,1,1.0
train__c20__user17__1-2-3,20,Check_the_time,user17,1-2-3,validation,11,11,11,0,0,1,1.0
train__c20__user17__4-1-1,20,Check_the_time,user17,4-1-1,validation,14,14,14,0,0,1,1.0
train__c20__user17__4-1-2,20,Check_the_time,user17,4-1-2,validation,8,8,8,0,0,1,1.0
train__c20__user17__4-1-3,20,Check_the_time,user17,4-1-3,validation,7,7,7,0,0,1,1.0
train__c20__user18__2-1-1,20,Check_the_time,user18,2-1-1,train,19,19,19,0,0,1,1.0
train__c20__user18__2-1-2,20,Check_the_time,user18,2-1-2,train,12,12,12,0,0,1,1.0
train__c20__user18__2-1-3,20,Check_the_time,user18,2-1-3,train,13,13,13,0,0,1,1.0
train__c20__user18__5-1-1,20,Check_the_time,user18,5-1-1,train,21,21,21,0,0,1,1.0
train__c20__user18__5-1-2,20,Check_the_time,user18,5-1-2,train,22,22,22,0,0,1,1.0
train__c20__user18__5-1-3,20,Check_the_time,user18,5-1-3,train,16,16,16,0,0,1,1.0
train__c20__user18__6-2-1,20,Check_the_time,user18,6-2-1,train,14,14,14,0,0,1,1.0
train__c20__user18__6-2-2,20,Check_the_time,user18,6-2-2,train,7,7,7,0,0,1,1.0
train__c20__user18__6-2-3,20,Check_the_time,user18,6-2-3,train,9,9,9,0,0,1,1.0
train__c20__user19__4-1-1,20,Check_the_time,user19,4-1-1,train,11,11,11,0,0,1,1.0
train__c20__user19__4-1-2,20,Check_the_time,user19,4-1-2,train,9,9,9,0,0,1,1.0
train__c20__user19__4-1-3,20,Check_the_time,user19,4-1-3,train,7,7,7,0,0,1,1.0
train__c20__user19__5-3-1,20,Check_the_time,user19,5-3-1,train,12,12,12,0,0,1,1.0
train__c20__user19__5-3-2,20,Check_the_time,user19,5-3-2,train,14,14,14,0,0,1,1.0
train__c20__user19__5-3-3,20,Check_the_time,user19,5-3-3,train,5,5,5,0,0,1,1.0
train__c20__user1__3-2-1,20,Check_the_time,user1,3-2-1,train,13,13,13,0,0,1,1.0
train__c20__user1__3-2-2,20,Check_the_time,user1,3-2-2,train,9,9,9,0,0,1,1.0
train__c20__user1__3-2-3,20,Check_the_time,user1,3-2-3,train,4,4,4,0,0,1,1.0
train__c20__user1__5-1-1,20,Check_the_time,user1,5-1-1,train,17,17,17,0,0,1,1.0
train__c20__user1__5-1-2,20,Check_the_time,user1,5-1-2,train,40,40,40,0,0,1,1.0
train__c20__user1__5-1-3,20,Check_the_time,user1,5-1-3,train,25,25,25,0,0,1,1.0
train__c20__user20__1-1-1,20,Check_the_time,user20,1-1-1,train,32,32,32,0,0,1,1.0
train__c20__user20__1-1-2,20,Check_the_time,user20,1-1-2,train,18,18,18,0,0,1,1.0
train__c20__user20__1-1-3,20,Check_the_time,user20,1-1-3,train,26,26,26,0,0,1,1.0
train__c20__user20__2-2-1,20,Check_the_time,user20,2-2-1,train,14,14,14,0,0,1,1.0
train__c20__user20__2-2-2,20,Check_the_time,user20,2-2-2,train,11,11,11,0,0,1,1.0
train__c20__user20__2-2-3,20,Check_the_time,user20,2-2-3,train,4,4,4,0,0,1,1.0
train__c20__user20__4-1-1,20,Check_the_time,user20,4-1-1,train,21,21,21,0,0,1,1.0
train__c20__user20__4-1-2,20,Check_the_time,user20,4-1-2,train,6,6,6,0,0,1,1.0
train__c20__user20__4-1-3,20,Check_the_time,user20,4-1-3,train,13,13,13,0,0,1,1.0
train__c20__user20__5-1-1,20,Check_the_time,user20,5-1-1,train,5,5,5,0,0,1,1.0
train__c20__user20__5-1-2,20,Check_the_time,user20,5-1-2,train,5,5,5,0,0,1,1.0
train__c20__user20__5-1-3,20,Check_the_time,user20,5-1-3,train,11,11,11,0,0,1,1.0
train__c20__user21__2-2-1,20,Check_the_time,user21,2-2-1,train,19,19,19,0,0,1,1.0
train__c20__user21__2-2-2,20,Check_the_time,user21,2-2-2,train,8,8,8,0,0,1,1.0
train__c20__user21__2-2-3,20,Check_the_time,user21,2-2-3,train,14,14,14,0,0,1,1.0
train__c20__user21__6-2-1,20,Check_the_time,user21,6-2-1,train,28,28,28,0,0,1,1.0
train__c20__user21__6-2-2,20,Check_the_time,user21,6-2-2,train,18,18,18,0,0,1,1.0
train__c20__user21__6-2-3,20,Check_the_time,user21,6-2-3,train,18,18,18,0,0,1,1.0
train__c20__user22__6-1-1,20,Check_the_time,user22,6-1-1,train,15,15,12,3,0,1,1.0
train__c20__user22__6-1-2,20,Check_the_time,user22,6-1-2,train,12,12,12,0,0,1,1.0
train__c20__user22__6-1-3,20,Check_the_time,user22,6-1-3,train,3,3,3,0,0,1,1.0
train__c20__user24__7-2-1,20,Check_the_time,user24,7-2-1,validation,22,22,22,0,0,1,1.0
train__c20__user24__7-2-2,20,Check_the_time,user24,7-2-2,validation,11,11,11,0,0,1,1.0
train__c20__user24__7-2-3,20,Check_the_time,user24,7-2-3,validation,19,19,19,0,0,1,1.0
train__c20__user4__5-2-1,20,Check_the_time,user4,5-2-1,validation,23,23,23,0,0,1,1.0
train__c20__user4__5-2-2,20,Check_the_time,user4,5-2-2,validation,16,16,16,0,0,1,1.0
train__c20__user4__5-2-3,20,Check_the_time,user4,5-2-3,validation,11,11,11,0,0,1,1.0
train__c20__user5__4-1-1,20,Check_the_time,user5,4-1-1,train,16,16,16,0,0,1,1.0
train__c20__user5__4-1-2,20,Check_the_time,user5,4-1-2,train,14,14,14,0,0,1,1.0
train__c20__user5__4-1-3,20,Check_the_time,user5,4-1-3,train,12,12,12,0,0,1,1.0
train__c20__user6__4-1-1,20,Check_the_time,user6,4-1-1,train,25,25,25,0,0,1,1.0
train__c20__user6__4-1-2,20,Check_the_time,user6,4-1-2,train,9,9,9,0,0,1,1.0
train__c20__user6__4-1-3,20,Check_the_time,user6,4-1-3,train,14,14,14,0,0,1,1.0
train__c20__user6__5-3-1,20,Check_the_time,user6,5-3-1,train,17,17,17,0,0,1,1.0
train__c20__user6__5-3-2,20,Check_the_time,user6,5-3-2,train,28,28,28,0,0,1,1.0
train__c20__user6__5-3-3,20,Check_the_time,user6,5-3-3,train,16,16,0,16,0,1,1.0
train__c20__user6__6-2-1,20,Check_the_time,user6,6-2-1,train,12,12,12,0,0,1,1.0
train__c20__user6__6-2-2,20,Check_the_time,user6,6-2-2,train,6,6,6,0,0,1,1.0
train__c20__user6__6-2-3,20,Check_the_time,user6,6-2-3,train,17,17,17,0,0,1,1.0
train__c20__user6__7-3-1,20,Check_the_time,user6,7-3-1,train,12,12,12,0,0,1,1.0
train__c20__user6__7-3-2,20,Check_the_time,user6,7-3-2,train,14,14,14,0,0,1,1.0
train__c20__user6__7-3-3,20,Check_the_time,user6,7-3-3,train,7,7,6,1,0,1,1.0
train__c20__user7__4-1-1,20,Check_the_time,user7,4-1-1,train,11,11,11,0,0,1,1.0
train__c20__user7__4-1-2,20,Check_the_time,user7,4-1-2,train,7,7,7,0,0,1,1.0
train__c20__user7__4-1-3,20,Check_the_time,user7,4-1-3,train,7,7,7,0,0,1,1.0
train__c20__user8__2-1-1,20,Check_the_time,user8,2-1-1,train,16,16,16,0,0,1,1.0
train__c20__user8__2-1-2,20,Check_the_time,user8,2-1-2,train,20,20,20,0,0,1,1.0
train__c20__user8__2-1-3,20,Check_the_time,user8,2-1-3,train,23,23,23,0,0,1,1.0
train__c20__user8__5-1-1,20,Check_the_time,user8,5-1-1,train,12,12,12,0,0,1,1.0
train__c20__user8__5-1-2,20,Check_the_time,user8,5-1-2,train,15,15,15,0,0,1,1.0
train__c20__user8__5-1-3,20,Check_the_time,user8,5-1-3,train,20,20,20,0,0,1,1.0
train__c20__user8__6-2-1,20,Check_the_time,user8,6-2-1,train,24,24,24,0,0,1,1.0
train__c20__user9__5-3-1,20,Check_the_time,user9,5-3-1,train,11,11,11,0,0,1,1.0
train__c20__user9__5-3-2,20,Check_the_time,user9,5-3-2,train,13,13,13,0,0,1,1.0
train__c20__user9__5-3-3,20,Check_the_time,user9,5-3-3,train,9,9,9,0,0,1,1.0
train__c20__user9__6-1-1,20,Check_the_time,user9,6-1-1,train,6,6,6,0,0,1,1.0
train__c20__user9__6-1-2,20,Check_the_time,user9,6-1-2,train,5,5,5,0,0,1,1.0
train__c20__user9__6-1-3,20,Check_the_time,user9,6-1-3,train,8,8,8,0,0,1,1.0
train__c21__user16__4-1-1,21,Read_documents,user16,4-1-1,train,25,25,25,0,0,1,1.0
train__c21__user16__4-1-2,21,Read_documents,user16,4-1-2,train,18,18,18,0,0,1,1.0
train__c21__user16__4-1-3,21,Read_documents,user16,4-1-3,train,4,4,4,0,0,1,1.0
train__c21__user16__7-3-1,21,Read_documents,user16,7-3-1,train,17,17,17,0,0,1,1.0
train__c21__user16__7-3-2,21,Read_documents,user16,7-3-2,train,18,18,18,0,0,1,1.0
train__c21__user16__7-3-3,21,Read_documents,user16,7-3-3,train,4,4,4,0,0,1,1.0
train__c21__user17__4-1-1,21,Read_documents,user17,4-1-1,validation,72,72,72,0,0,1,1.0
train__c21__user17__4-1-2,21,Read_documents,user17,4-1-2,validation,57,57,57,0,0,1,1.0
train__c21__user17__4-1-3,21,Read_documents,user17,4-1-3,validation,28,28,28,0,0,1,1.0
train__c21__user18__1-2-1,21,Read_documents,user18,1-2-1,train,54,54,54,0,0,1,1.0
train__c21__user18__1-2-2,21,Read_documents,user18,1-2-2,train,40,40,40,0,0,1,1.0
train__c21__user18__1-2-3,21,Read_documents,user18,1-2-3,train,48,48,48,0,0,1,1.0
train__c21__user18__4-1-1,21,Read_documents,user18,4-1-1,train,68,68,68,0,0,1,1.0
train__c21__user18__4-1-2,21,Read_documents,user18,4-1-2,train,32,32,32,0,0,1,1.0
train__c21__user18__4-1-3,21,Read_documents,user18,4-1-3,train,65,65,65,0,0,1,1.0
train__c21__user19__4-1-1,21,Read_documents,user19,4-1-1,train,5,5,5,0,0,1,1.0
train__c21__user19__4-1-2,21,Read_documents,user19,4-1-2,train,8,8,8,0,0,1,1.0
train__c21__user19__4-1-3,21,Read_documents,user19,4-1-3,train,5,5,5,0,0,1,1.0
train__c21__user1__6-2-1,21,Read_documents,user1,6-2-1,train,30,30,30,0,0,1,1.0
train__c21__user1__6-2-2,21,Read_documents,user1,6-2-2,train,11,11,11,0,0,1,1.0
train__c21__user1__6-2-3,21,Read_documents,user1,6-2-3,train,10,10,10,0,0,1,1.0
train__c21__user20__4-1-1,21,Read_documents,user20,4-1-1,train,66,66,66,0,0,1,1.0
train__c21__user20__4-1-2,21,Read_documents,user20,4-1-2,train,9,9,9,0,0,1,1.0
train__c21__user20__4-1-3,21,Read_documents,user20,4-1-3,train,16,16,16,0,0,1,1.0
train__c21__user22__1-2-1,21,Read_documents,user22,1-2-1,train,29,29,29,0,0,1,1.0
train__c21__user22__1-2-2,21,Read_documents,user22,1-2-2,train,32,32,32,0,0,1,1.0
train__c21__user22__1-2-3,21,Read_documents,user22,1-2-3,train,9,9,9,0,0,1,1.0
train__c21__user22__4-1-1,21,Read_documents,user22,4-1-1,train,9,9,9,0,0,1,1.0
train__c21__user22__4-1-2,21,Read_documents,user22,4-1-2,train,15,15,15,0,0,1,1.0
train__c21__user22__4-1-3,21,Read_documents,user22,4-1-3,train,25,25,25,0,0,1,1.0
train__c21__user23__4-1-1,21,Read_documents,user23,4-1-1,validation,46,46,46,0,0,1,1.0
train__c21__user23__4-1-2,21,Read_documents,user23,4-1-2,validation,33,33,33,0,0,1,1.0
train__c21__user23__4-1-3,21,Read_documents,user23,4-1-3,validation,44,44,44,0,0,1,1.0
train__c21__user24__1-2-1,21,Read_documents,user24,1-2-1,validation,135,135,135,0,0,1,1.0
train__c21__user24__1-2-2,21,Read_documents,user24,1-2-2,validation,36,36,36,0,0,1,1.0
train__c21__user24__1-2-3,21,Read_documents,user24,1-2-3,validation,48,48,48,0,0,1,1.0
train__c21__user24__7-2-1,21,Read_documents,user24,7-2-1,validation,83,83,83,0,0,1,1.0
train__c21__user24__7-2-2,21,Read_documents,user24,7-2-2,validation,45,45,45,0,0,1,1.0
train__c21__user24__7-2-3,21,Read_documents,user24,7-2-3,validation,51,50,50,0,1,2,0.9803921568627451
train__c21__user2__3-2-2,21,Read_documents,user2,3-2-2,train,7,7,7,0,0,1,1.0
train__c21__user2__3-2-3,21,Read_documents,user2,3-2-3,train,15,15,15,0,0,1,1.0
train__c21__user3__4-1-1,21,Read_documents,user3,4-1-1,train,105,105,105,0,0,1,1.0
train__c21__user3__4-1-2,21,Read_documents,user3,4-1-2,train,94,94,94,0,0,1,1.0
train__c21__user3__4-1-3,21,Read_documents,user3,4-1-3,train,72,72,72,0,0,1,1.0
train__c21__user3__5-2-1,21,Read_documents,user3,5-2-1,train,99,99,99,0,0,3,1.0
train__c21__user3__5-2-2,21,Read_documents,user3,5-2-2,train,50,50,50,0,0,3,1.0
train__c21__user3__5-2-3,21,Read_documents,user3,5-2-3,train,94,94,94,0,0,3,1.0
train__c21__user3__6-2-2,21,Read_documents,user3,6-2-2,train,31,31,31,0,0,1,1.0
train__c21__user3__6-2-3,21,Read_documents,user3,6-2-3,train,24,24,24,0,0,1,1.0
train__c21__user4__4-1-1,21,Read_documents,user4,4-1-1,validation,9,9,9,0,0,1,1.0
train__c21__user4__4-1-2,21,Read_documents,user4,4-1-2,validation,12,12,12,0,0,1,1.0
train__c21__user4__4-1-3,21,Read_documents,user4,4-1-3,validation,6,6,6,0,0,1,1.0
train__c21__user6__4-1-1,21,Read_documents,user6,4-1-1,train,47,47,46,1,0,1,1.0
train__c21__user6__4-1-2,21,Read_documents,user6,4-1-2,train,37,37,33,4,0,1,1.0
train__c21__user6__4-1-3,21,Read_documents,user6,4-1-3,train,26,26,26,0,0,1,1.0
train__c21__user6__7-3-1,21,Read_documents,user6,7-3-1,train,52,52,52,0,0,1,1.0
train__c21__user6__7-3-2,21,Read_documents,user6,7-3-2,train,42,42,37,5,0,1,1.0
train__c21__user6__7-3-3,21,Read_documents,user6,7-3-3,train,48,48,47,1,0,1,1.0
train__c21__user7__4-1-1,21,Read_documents,user7,4-1-1,train,63,63,63,0,0,1,1.0
train__c21__user7__4-1-2,21,Read_documents,user7,4-1-2,train,46,46,46,0,0,1,1.0
train__c21__user7__4-1-3,21,Read_documents,user7,4-1-3,train,33,33,33,0,0,1,1.0
train__c21__user8__1-2-1,21,Read_documents,user8,1-2-1,train,49,49,49,0,0,1,1.0
train__c21__user8__1-2-2,21,Read_documents,user8,1-2-2,train,24,24,24,0,0,1,1.0
train__c21__user8__1-2-3,21,Read_documents,user8,1-2-3,train,40,40,40,0,0,1,1.0
train__c21__user8__4-1-1,21,Read_documents,user8,4-1-1,train,73,73,73,0,0,1,1.0
train__c21__user8__4-1-2,21,Read_documents,user8,4-1-2,train,45,45,44,1,0,1,1.0
train__c21__user8__4-1-3,21,Read_documents,user8,4-1-3,train,32,32,32,0,0,1,1.0
train__c21__user9__4-1-1,21,Read_documents,user9,4-1-1,train,47,47,47,0,0,1,1.0
train__c21__user9__4-1-2,21,Read_documents,user9,4-1-2,train,37,37,37,0,0,1,1.0
train__c21__user9__4-1-3,21,Read_documents,user9,4-1-3,train,45,45,45,0,0,1,1.0
train__c21__user9__6-1-1,21,Read_documents,user9,6-1-1,train,47,47,47,0,0,1,1.0
train__c21__user9__6-1-2,21,Read_documents,user9,6-1-2,train,27,27,27,0,0,1,1.0
train__c21__user9__6-1-3,21,Read_documents,user9,6-1-3,train,24,24,23,1,0,1,1.0
train__c22__user16__4-1-1,22,Turn_pages,user16,4-1-1,train,47,47,47,0,0,1,1.0
train__c22__user16__4-1-2,22,Turn_pages,user16,4-1-2,train,33,33,33,0,0,1,1.0
train__c22__user16__4-1-3,22,Turn_pages,user16,4-1-3,train,48,48,48,0,0,1,1.0
train__c22__user16__7-3-1,22,Turn_pages,user16,7-3-1,train,64,64,64,0,0,1,1.0
train__c22__user16__7-3-2,22,Turn_pages,user16,7-3-2,train,68,68,68,0,0,1,1.0
train__c22__user16__7-3-3,22,Turn_pages,user16,7-3-3,train,48,48,48,0,0,1,1.0
train__c22__user18__1-2-1,22,Turn_pages,user18,1-2-1,train,22,22,22,0,0,1,1.0
train__c22__user18__1-2-2,22,Turn_pages,user18,1-2-2,train,21,21,20,1,0,1,1.0
train__c22__user18__1-2-3,22,Turn_pages,user18,1-2-3,train,23,23,23,0,0,1,1.0
train__c22__user18__4-1-1,22,Turn_pages,user18,4-1-1,train,63,63,63,0,0,1,1.0
train__c22__user18__4-1-2,22,Turn_pages,user18,4-1-2,train,15,15,15,0,0,1,1.0
train__c22__user18__4-1-3,22,Turn_pages,user18,4-1-3,train,31,31,31,0,0,1,1.0
train__c22__user1__6-2-1,22,Turn_pages,user1,6-2-1,train,30,30,30,0,0,1,1.0
train__c22__user1__6-2-2,22,Turn_pages,user1,6-2-2,train,19,19,19,0,0,1,1.0
train__c22__user1__6-2-3,22,Turn_pages,user1,6-2-3,train,37,37,37,0,0,1,1.0
train__c22__user20__2-2-1,22,Turn_pages,user20,2-2-1,train,27,27,27,0,0,1,1.0
train__c22__user20__2-2-2,22,Turn_pages,user20,2-2-2,train,31,31,31,0,0,1,1.0
train__c22__user20__2-2-3,22,Turn_pages,user20,2-2-3,train,11,11,11,0,0,1,1.0
train__c22__user20__4-1-1,22,Turn_pages,user20,4-1-1,train,33,33,33,0,0,1,1.0
train__c22__user20__4-1-2,22,Turn_pages,user20,4-1-2,train,29,29,29,0,0,1,1.0
train__c22__user20__4-1-3,22,Turn_pages,user20,4-1-3,train,28,28,28,0,0,1,1.0
train__c22__user21__2-2-1,22,Turn_pages,user21,2-2-1,train,102,102,102,0,0,2,1.0
train__c22__user21__2-2-2,22,Turn_pages,user21,2-2-2,train,66,66,66,0,0,2,1.0
train__c22__user21__2-2-3,22,Turn_pages,user21,2-2-3,train,66,66,66,0,0,2,1.0
train__c22__user22__4-1-1,22,Turn_pages,user22,4-1-1,train,52,52,52,0,0,1,1.0
train__c22__user22__4-1-2,22,Turn_pages,user22,4-1-2,train,39,39,39,0,0,1,1.0
train__c22__user22__4-1-3,22,Turn_pages,user22,4-1-3,train,14,14,14,0,0,1,1.0
train__c22__user24__1-2-1,22,Turn_pages,user24,1-2-1,validation,46,46,46,0,0,1,1.0
train__c22__user24__1-2-2,22,Turn_pages,user24,1-2-2,validation,31,31,31,0,0,1,1.0
train__c22__user24__1-2-3,22,Turn_pages,user24,1-2-3,validation,41,41,41,0,0,1,1.0
train__c22__user24__7-2-1,22,Turn_pages,user24,7-2-1,validation,14,14,14,0,0,1,1.0
train__c22__user24__7-2-2,22,Turn_pages,user24,7-2-2,validation,28,28,28,0,0,1,1.0
train__c22__user24__7-2-3,22,Turn_pages,user24,7-2-3,validation,43,42,42,0,1,2,0.9767441860465116
train__c22__user2__3-2-2,22,Turn_pages,user2,3-2-2,train,22,22,22,0,0,1,1.0
train__c22__user2__3-2-3,22,Turn_pages,user2,3-2-3,train,37,37,37,0,0,1,1.0
train__c22__user3__4-1-1,22,Turn_pages,user3,4-1-1,train,9,9,9,0,0,1,1.0
train__c22__user3__4-1-2,22,Turn_pages,user3,4-1-2,train,10,10,10,0,0,1,1.0
train__c22__user3__4-1-3,22,Turn_pages,user3,4-1-3,train,63,63,63,0,0,1,1.0
train__c22__user3__5-2-1,22,Turn_pages,user3,5-2-1,train,7,7,7,0,0,1,1.0
train__c22__user3__5-2-2,22,Turn_pages,user3,5-2-2,train,8,8,8,0,0,1,1.0
train__c22__user3__5-2-3,22,Turn_pages,user3,5-2-3,train,19,19,19,0,0,1,1.0
train__c22__user4__4-1-1,22,Turn_pages,user4,4-1-1,validation,36,36,36,0,0,1,1.0
train__c22__user4__4-1-2,22,Turn_pages,user4,4-1-2,validation,34,34,34,0,0,1,1.0
train__c22__user4__4-1-3,22,Turn_pages,user4,4-1-3,validation,41,41,41,0,0,1,1.0
train__c22__user5__2-1-1,22,Turn_pages,user5,2-1-1,train,52,52,50,2,0,1,1.0
train__c22__user5__2-1-2,22,Turn_pages,user5,2-1-2,train,36,36,36,0,0,1,1.0
train__c22__user5__2-1-3,22,Turn_pages,user5,2-1-3,train,44,44,44,0,0,1,1.0
train__c22__user6__4-1-1,22,Turn_pages,user6,4-1-1,train,35,35,34,1,0,1,1.0
train__c22__user6__4-1-2,22,Turn_pages,user6,4-1-2,train,30,30,27,3,0,1,1.0
train__c22__user6__4-1-3,22,Turn_pages,user6,4-1-3,train,18,18,18,0,0,1,1.0
train__c22__user6__7-3-1,22,Turn_pages,user6,7-3-1,train,42,42,42,0,0,1,1.0
train__c22__user6__7-3-2,22,Turn_pages,user6,7-3-2,train,40,40,36,4,0,1,1.0
train__c22__user6__7-3-3,22,Turn_pages,user6,7-3-3,train,39,39,39,0,0,1,1.0
train__c22__user8__4-1-1,22,Turn_pages,user8,4-1-1,train,65,65,65,0,0,1,1.0
train__c22__user8__4-1-2,22,Turn_pages,user8,4-1-2,train,38,38,38,0,0,1,1.0
train__c22__user8__4-1-3,22,Turn_pages,user8,4-1-3,train,30,30,30,0,0,1,1.0
train__c22__user8__6-2-1,22,Turn_pages,user8,6-2-1,train,27,27,27,0,0,1,1.0
train__c22__user8__6-2-2,22,Turn_pages,user8,6-2-2,train,5,5,5,0,0,1,1.0
train__c22__user8__6-2-3,22,Turn_pages,user8,6-2-3,train,14,14,14,0,0,1,1.0
train__c23__user16__4-1-1,23,Listen_to_music_with_headphones,user16,4-1-1,train,51,51,51,0,0,1,1.0
train__c23__user16__4-1-2,23,Listen_to_music_with_headphones,user16,4-1-2,train,33,33,33,0,0,1,1.0
train__c23__user16__4-1-3,23,Listen_to_music_with_headphones,user16,4-1-3,train,34,34,34,0,0,1,1.0
train__c23__user16__5-1-1,23,Listen_to_music_with_headphones,user16,5-1-1,train,19,19,19,0,0,1,1.0
train__c23__user16__5-1-2,23,Listen_to_music_with_headphones,user16,5-1-2,train,23,23,23,0,0,1,1.0
train__c23__user16__5-1-3,23,Listen_to_music_with_headphones,user16,5-1-3,train,37,37,37,0,0,1,1.0
train__c23__user17__6-2-1,23,Listen_to_music_with_headphones,user17,6-2-1,validation,46,46,46,0,0,1,1.0
train__c23__user17__6-2-2,23,Listen_to_music_with_headphones,user17,6-2-2,validation,17,17,17,0,0,1,1.0
train__c23__user17__6-2-3,23,Listen_to_music_with_headphones,user17,6-2-3,validation,14,14,14,0,0,1,1.0
train__c23__user17__7-1-1,23,Listen_to_music_with_headphones,user17,7-1-1,validation,63,0,0,0,63,0,0.0
train__c23__user17__7-1-2,23,Listen_to_music_with_headphones,user17,7-1-2,validation,70,66,66,0,4,2,0.9428571428571428
train__c23__user17__7-1-3,23,Listen_to_music_with_headphones,user17,7-1-3,validation,69,0,0,0,69,0,0.0
train__c23__user18__1-2-1,23,Listen_to_music_with_headphones,user18,1-2-1,train,231,231,231,0,0,1,1.0
train__c23__user18__1-2-2,23,Listen_to_music_with_headphones,user18,1-2-2,train,175,175,174,1,0,1,1.0
train__c23__user18__1-2-3,23,Listen_to_music_with_headphones,user18,1-2-3,train,188,188,188,0,0,1,1.0
train__c23__user19__1-2-1,23,Listen_to_music_with_headphones,user19,1-2-1,train,17,17,17,0,0,1,1.0
train__c23__user19__1-2-2,23,Listen_to_music_with_headphones,user19,1-2-2,train,23,23,0,23,0,1,1.0
train__c23__user19__1-2-3,23,Listen_to_music_with_headphones,user19,1-2-3,train,18,18,16,2,0,1,1.0
train__c23__user19__3-3-1,23,Listen_to_music_with_headphones,user19,3-3-1,train,35,35,35,0,0,1,1.0
train__c23__user19__3-3-2,23,Listen_to_music_with_headphones,user19,3-3-2,train,11,11,11,0,0,1,1.0
train__c23__user19__3-3-3,23,Listen_to_music_with_headphones,user19,3-3-3,train,10,10,10,0,0,1,1.0
train__c23__user1__5-1-1,23,Listen_to_music_with_headphones,user1,5-1-1,train,48,48,48,0,0,1,1.0
train__c23__user1__5-1-2,23,Listen_to_music_with_headphones,user1,5-1-2,train,16,16,16,0,0,1,1.0
train__c23__user1__5-1-3,23,Listen_to_music_with_headphones,user1,5-1-3,train,7,7,7,0,0,1,1.0
train__c23__user20__6-3-1,23,Listen_to_music_with_headphones,user20,6-3-1,train,38,38,38,0,0,1,1.0
train__c23__user20__6-3-2,23,Listen_to_music_with_headphones,user20,6-3-2,train,33,33,33,0,0,1,1.0
train__c23__user20__6-3-3,23,Listen_to_music_with_headphones,user20,6-3-3,train,41,41,41,0,0,1,1.0
train__c23__user21__1-2-1,23,Listen_to_music_with_headphones,user21,1-2-1,train,34,34,34,0,0,1,1.0
train__c23__user21__1-2-2,23,Listen_to_music_with_headphones,user21,1-2-2,train,29,28,26,2,1,2,0.9655172413793104
train__c23__user21__1-2-3,23,Listen_to_music_with_headphones,user21,1-2-3,train,22,22,22,0,0,1,1.0
train__c23__user21__5-2-1,23,Listen_to_music_with_headphones,user21,5-2-1,train,11,11,11,0,0,1,1.0
train__c23__user21__5-2-2,23,Listen_to_music_with_headphones,user21,5-2-2,train,21,21,21,0,0,1,1.0
train__c23__user21__5-2-3,23,Listen_to_music_with_headphones,user21,5-2-3,train,39,39,39,0,0,1,1.0
train__c23__user22__1-2-1,23,Listen_to_music_with_headphones,user22,1-2-1,train,40,40,40,0,0,1,1.0
train__c23__user22__1-2-2,23,Listen_to_music_with_headphones,user22,1-2-2,train,21,21,21,0,0,1,1.0
train__c23__user22__1-2-3,23,Listen_to_music_with_headphones,user22,1-2-3,train,17,17,17,0,0,1,1.0
train__c23__user23__4-2-1,23,Listen_to_music_with_headphones,user23,4-2-1,validation,37,37,37,0,0,1,1.0
train__c23__user23__4-2-2,23,Listen_to_music_with_headphones,user23,4-2-2,validation,44,44,44,0,0,1,1.0
train__c23__user23__4-2-3,23,Listen_to_music_with_headphones,user23,4-2-3,validation,9,9,9,0,0,1,1.0
train__c23__user23__5-1-1,23,Listen_to_music_with_headphones,user23,5-1-1,validation,49,49,49,0,0,1,1.0
train__c23__user23__5-1-2,23,Listen_to_music_with_headphones,user23,5-1-2,validation,45,45,45,0,0,1,1.0
train__c23__user24__5-1-1,23,Listen_to_music_with_headphones,user24,5-1-1,validation,33,33,33,0,0,1,1.0
train__c23__user24__5-1-2,23,Listen_to_music_with_headphones,user24,5-1-2,validation,22,22,22,0,0,1,1.0
train__c23__user24__5-1-3,23,Listen_to_music_with_headphones,user24,5-1-3,validation,27,27,27,0,0,1,1.0
train__c23__user24__7-2-1,23,Listen_to_music_with_headphones,user24,7-2-1,validation,32,32,32,0,0,1,1.0
train__c23__user24__7-2-2,23,Listen_to_music_with_headphones,user24,7-2-2,validation,15,15,15,0,0,1,1.0
train__c23__user24__7-2-3,23,Listen_to_music_with_headphones,user24,7-2-3,validation,19,19,19,0,0,1,1.0
train__c23__user2__6-1-2,23,Listen_to_music_with_headphones,user2,6-1-2,train,30,30,30,0,0,1,1.0
train__c23__user2__7-3-1,23,Listen_to_music_with_headphones,user2,7-3-1,train,34,34,34,0,0,1,1.0
train__c23__user2__7-3-2,23,Listen_to_music_with_headphones,user2,7-3-2,train,35,35,35,0,0,1,1.0
train__c23__user2__7-3-3,23,Listen_to_music_with_headphones,user2,7-3-3,train,13,13,13,0,0,1,1.0
train__c23__user3__1-2-1,23,Listen_to_music_with_headphones,user3,1-2-1,train,22,22,22,0,0,1,1.0
train__c23__user3__1-2-2,23,Listen_to_music_with_headphones,user3,1-2-2,train,16,16,16,0,0,1,1.0
train__c23__user3__3-2-1,23,Listen_to_music_with_headphones,user3,3-2-1,train,26,26,26,0,0,1,1.0
train__c23__user3__3-2-2,23,Listen_to_music_with_headphones,user3,3-2-2,train,20,20,20,0,0,1,1.0
train__c23__user3__3-2-3,23,Listen_to_music_with_headphones,user3,3-2-3,train,19,19,19,0,0,1,1.0
train__c23__user6__4-1-1,23,Listen_to_music_with_headphones,user6,4-1-1,train,45,44,43,1,1,2,0.9777777777777777
train__c23__user6__4-1-2,23,Listen_to_music_with_headphones,user6,4-1-2,train,41,41,41,0,0,1,1.0
train__c23__user6__4-1-3,23,Listen_to_music_with_headphones,user6,4-1-3,train,32,32,32,0,0,1,1.0
train__c23__user7__6-2-1,23,Listen_to_music_with_headphones,user7,6-2-1,train,17,17,17,0,0,1,1.0
train__c23__user7__6-2-2,23,Listen_to_music_with_headphones,user7,6-2-2,train,30,30,30,0,0,1,1.0
train__c23__user7__6-2-3,23,Listen_to_music_with_headphones,user7,6-2-3,train,15,15,15,0,0,1,1.0
train__c23__user7__7-1-1,23,Listen_to_music_with_headphones,user7,7-1-1,train,19,19,19,0,0,1,1.0
train__c23__user7__7-1-2,23,Listen_to_music_with_headphones,user7,7-1-2,train,23,23,23,0,0,1,1.0
train__c23__user7__7-1-3,23,Listen_to_music_with_headphones,user7,7-1-3,train,13,13,13,0,0,1,1.0
train__c23__user8__2-1-1,23,Listen_to_music_with_headphones,user8,2-1-1,train,56,56,56,0,0,1,1.0
train__c23__user8__2-1-2,23,Listen_to_music_with_headphones,user8,2-1-2,train,36,36,35,1,0,1,1.0
train__c23__user8__2-1-3,23,Listen_to_music_with_headphones,user8,2-1-3,train,18,18,18,0,0,1,1.0
train__c23__user8__4-1-3,23,Listen_to_music_with_headphones,user8,4-1-3,train,129,129,129,0,0,1,1.0
train__c23__user9__1-2-1,23,Listen_to_music_with_headphones,user9,1-2-1,train,42,42,42,0,0,1,1.0
train__c23__user9__1-2-2,23,Listen_to_music_with_headphones,user9,1-2-2,train,22,22,22,0,0,1,1.0
train__c23__user9__1-2-3,23,Listen_to_music_with_headphones,user9,1-2-3,train,38,38,38,0,0,1,1.0
train__c23__user9__3-3-1,23,Listen_to_music_with_headphones,user9,3-3-1,train,41,41,41,0,0,1,1.0
train__c23__user9__3-3-2,23,Listen_to_music_with_headphones,user9,3-3-2,train,40,40,39,1,0,1,1.0
train__c23__user9__3-3-3,23,Listen_to_music_with_headphones,user9,3-3-3,train,12,12,12,0,0,1,1.0
train__c24__user16__6-2-1,24,Use_a_mobile_phone,user16,6-2-1,train,25,25,25,0,0,1,1.0
train__c24__user16__6-2-2,24,Use_a_mobile_phone,user16,6-2-2,train,10,10,10,0,0,1,1.0
train__c24__user16__6-2-3,24,Use_a_mobile_phone,user16,6-2-3,train,25,25,25,0,0,1,1.0
train__c24__user17__1-2-3,24,Use_a_mobile_phone,user17,1-2-3,validation,30,30,30,0,0,1,1.0
train__c24__user20__4-1-1,24,Use_a_mobile_phone,user20,4-1-1,train,26,26,26,0,0,1,1.0
train__c24__user20__4-1-2,24,Use_a_mobile_phone,user20,4-1-2,train,22,22,22,0,0,1,1.0
train__c24__user20__4-1-3,24,Use_a_mobile_phone,user20,4-1-3,train,16,16,16,0,0,1,1.0
train__c24__user21__1-2-1,24,Use_a_mobile_phone,user21,1-2-1,train,31,31,31,0,0,1,1.0
train__c24__user21__1-2-2,24,Use_a_mobile_phone,user21,1-2-2,train,59,59,59,0,0,1,1.0
train__c24__user21__1-2-3,24,Use_a_mobile_phone,user21,1-2-3,train,25,25,25,0,0,1,1.0
train__c24__user21__4-1-1,24,Use_a_mobile_phone,user21,4-1-1,train,39,39,39,0,0,1,1.0
train__c24__user21__4-1-2,24,Use_a_mobile_phone,user21,4-1-2,train,18,18,18,0,0,1,1.0
train__c24__user21__4-1-3,24,Use_a_mobile_phone,user21,4-1-3,train,14,14,14,0,0,1,1.0
train__c24__user21__5-2-1,24,Use_a_mobile_phone,user21,5-2-1,train,18,18,18,0,0,1,1.0
train__c24__user21__5-2-2,24,Use_a_mobile_phone,user21,5-2-2,train,31,31,31,0,0,1,1.0
train__c24__user21__5-2-3,24,Use_a_mobile_phone,user21,5-2-3,train,27,27,27,0,0,1,1.0
train__c24__user22__5-2-1,24,Use_a_mobile_phone,user22,5-2-1,train,35,35,35,0,0,1,1.0
train__c24__user22__5-2-2,24,Use_a_mobile_phone,user22,5-2-2,train,30,30,30,0,0,1,1.0
train__c24__user22__5-2-3,24,Use_a_mobile_phone,user22,5-2-3,train,36,36,36,0,0,1,1.0
train__c24__user23__7-3-1,24,Use_a_mobile_phone,user23,7-3-1,validation,42,42,42,0,0,1,1.0
train__c24__user23__7-3-2,24,Use_a_mobile_phone,user23,7-3-2,validation,22,22,22,0,0,1,1.0
train__c24__user23__7-3-3,24,Use_a_mobile_phone,user23,7-3-3,validation,10,10,10,0,0,1,1.0
train__c24__user24__4-1-1,24,Use_a_mobile_phone,user24,4-1-1,validation,44,44,44,0,0,1,1.0
train__c24__user24__4-1-2,24,Use_a_mobile_phone,user24,4-1-2,validation,29,29,29,0,0,1,1.0
train__c24__user24__4-1-3,24,Use_a_mobile_phone,user24,4-1-3,validation,12,12,12,0,0,1,1.0
train__c24__user24__5-1-1,24,Use_a_mobile_phone,user24,5-1-1,validation,46,46,46,0,0,1,1.0
train__c24__user24__5-1-2,24,Use_a_mobile_phone,user24,5-1-2,validation,30,30,30,0,0,1,1.0
train__c24__user24__5-1-3,24,Use_a_mobile_phone,user24,5-1-3,validation,10,10,10,0,0,1,1.0
train__c24__user2__6-1-1,24,Use_a_mobile_phone,user2,6-1-1,train,41,41,41,0,0,1,1.0
train__c24__user2__6-1-2,24,Use_a_mobile_phone,user2,6-1-2,train,11,11,11,0,0,1,1.0
train__c24__user2__7-3-1,24,Use_a_mobile_phone,user2,7-3-1,train,21,21,21,0,0,1,1.0
train__c24__user2__7-3-2,24,Use_a_mobile_phone,user2,7-3-2,train,12,12,12,0,0,1,1.0
train__c24__user2__7-3-3,24,Use_a_mobile_phone,user2,7-3-3,train,16,16,16,0,0,1,1.0
train__c24__user4__3-2-1,24,Use_a_mobile_phone,user4,3-2-1,validation,54,54,54,0,0,1,1.0
train__c24__user4__3-2-2,24,Use_a_mobile_phone,user4,3-2-2,validation,52,52,52,0,0,1,1.0
train__c24__user4__3-2-3,24,Use_a_mobile_phone,user4,3-2-3,validation,55,54,54,0,1,2,0.9818181818181818
train__c24__user4__6-1-1,24,Use_a_mobile_phone,user4,6-1-1,validation,45,45,45,0,0,1,1.0
train__c24__user4__6-1-2,24,Use_a_mobile_phone,user4,6-1-2,validation,54,54,54,0,0,1,1.0
train__c24__user4__6-1-3,24,Use_a_mobile_phone,user4,6-1-3,validation,13,13,13,0,0,1,1.0
train__c24__user6__5-1-1,24,Use_a_mobile_phone,user6,5-1-1,train,99,99,69,30,0,1,1.0
train__c24__user6__5-1-2,24,Use_a_mobile_phone,user6,5-1-2,train,87,87,87,0,0,1,1.0
train__c24__user6__5-1-3,24,Use_a_mobile_phone,user6,5-1-3,train,53,53,23,30,0,1,1.0
train__c24__user6__6-2-1,24,Use_a_mobile_phone,user6,6-2-1,train,12,12,12,0,0,1,1.0
train__c24__user6__6-2-2,24,Use_a_mobile_phone,user6,6-2-2,train,6,6,6,0,0,1,1.0
train__c24__user6__6-2-3,24,Use_a_mobile_phone,user6,6-2-3,train,17,17,17,0,0,1,1.0
train__c24__user7__1-2-1,24,Use_a_mobile_phone,user7,1-2-1,train,50,50,49,1,0,1,1.0
train__c24__user7__1-2-2,24,Use_a_mobile_phone,user7,1-2-2,train,35,35,35,0,0,1,1.0
train__c24__user7__1-2-3,24,Use_a_mobile_phone,user7,1-2-3,train,40,40,40,0,0,1,1.0
train__c25__user1__5-1-1,25,Watch_TV,user1,5-1-1,train,58,58,58,0,0,1,1.0
train__c25__user1__5-1-2,25,Watch_TV,user1,5-1-2,train,37,37,37,0,0,1,1.0
train__c25__user1__5-1-3,25,Watch_TV,user1,5-1-3,train,40,40,40,0,0,1,1.0
train__c25__user24__2-2-1,25,Watch_TV,user24,2-2-1,validation,39,39,39,0,0,1,1.0
train__c25__user24__2-2-2,25,Watch_TV,user24,2-2-2,validation,25,25,25,0,0,1,1.0
train__c25__user24__2-2-3,25,Watch_TV,user24,2-2-3,validation,17,17,17,0,0,1,1.0
train__c25__user24__5-3-1,25,Watch_TV,user24,5-3-1,validation,14,14,14,0,0,1,1.0
train__c25__user24__5-3-2,25,Watch_TV,user24,5-3-2,validation,29,29,29,0,0,1,1.0
train__c25__user24__5-3-3,25,Watch_TV,user24,5-3-3,validation,28,28,28,0,0,1,1.0
train__c25__user7__5-1-1,25,Watch_TV,user7,5-1-1,train,64,64,64,0,0,1,1.0
train__c25__user7__5-1-2,25,Watch_TV,user7,5-1-2,train,65,65,65,0,0,1,1.0
train__c25__user7__5-1-3,25,Watch_TV,user7,5-1-3,train,43,43,43,0,0,1,1.0
train__c26__user16__5-3-1,26,Play_games,user16,5-3-1,train,129,129,84,45,0,1,1.0
train__c26__user16__5-3-2,26,Play_games,user16,5-3-2,train,61,61,61,0,0,1,1.0
train__c26__user16__5-3-3,26,Play_games,user16,5-3-3,train,40,40,40,0,0,1,1.0
train__c26__user19__3-1-1,26,Play_games,user19,3-1-1,train,32,32,32,0,0,1,1.0
train__c26__user19__3-1-2,26,Play_games,user19,3-1-2,train,48,48,48,0,0,1,1.0
train__c26__user19__3-1-3,26,Play_games,user19,3-1-3,train,28,28,28,0,0,1,1.0
train__c26__user19__5-1-1,26,Play_games,user19,5-1-1,train,59,59,59,0,0,1,1.0
train__c26__user19__5-1-2,26,Play_games,user19,5-1-2,train,43,43,42,1,0,1,1.0
train__c26__user19__5-1-3,26,Play_games,user19,5-1-3,train,39,39,39,0,0,1,1.0
train__c26__user19__5-3-1,26,Play_games,user19,5-3-1,train,32,32,32,0,0,1,1.0
train__c26__user19__5-3-2,26,Play_games,user19,5-3-2,train,24,24,24,0,0,1,1.0
train__c26__user19__6-2-1,26,Play_games,user19,6-2-1,train,19,19,19,0,0,1,1.0
train__c26__user19__6-2-2,26,Play_games,user19,6-2-2,train,6,6,6,0,0,1,1.0
train__c26__user19__6-2-3,26,Play_games,user19,6-2-3,train,16,16,16,0,0,1,1.0
train__c26__user23__5-1-1,26,Play_games,user23,5-1-1,validation,43,43,43,0,0,1,1.0
train__c26__user23__5-1-2,26,Play_games,user23,5-1-2,validation,52,52,52,0,0,1,1.0
train__c26__user23__5-1-3,26,Play_games,user23,5-1-3,validation,21,21,21,0,0,1,1.0
train__c26__user24__4-1-1,26,Play_games,user24,4-1-1,validation,41,41,41,0,0,1,1.0
train__c26__user24__4-1-2,26,Play_games,user24,4-1-2,validation,11,11,11,0,0,1,1.0
train__c26__user24__4-1-3,26,Play_games,user24,4-1-3,validation,22,22,22,0,0,1,1.0
train__c26__user24__4-3-1,26,Play_games,user24,4-3-1,validation,46,46,46,0,0,1,1.0
train__c26__user24__4-3-2,26,Play_games,user24,4-3-2,validation,28,28,28,0,0,1,1.0
train__c26__user24__4-3-3,26,Play_games,user24,4-3-3,validation,14,14,14,0,0,1,1.0
train__c26__user24__5-3-1,26,Play_games,user24,5-3-1,validation,23,23,23,0,0,1,1.0
train__c26__user24__5-3-2,26,Play_games,user24,5-3-2,validation,19,19,19,0,0,1,1.0
train__c26__user24__5-3-3,26,Play_games,user24,5-3-3,validation,27,27,27,0,0,1,1.0
train__c26__user6__5-3-1,26,Play_games,user6,5-3-1,train,26,26,26,0,0,1,1.0
train__c26__user6__5-3-2,26,Play_games,user6,5-3-2,train,23,23,23,0,0,1,1.0
train__c26__user9__3-1-1,26,Play_games,user9,3-1-1,train,67,67,67,0,0,1,1.0
train__c26__user9__3-1-2,26,Play_games,user9,3-1-2,train,43,43,22,21,0,1,1.0
train__c26__user9__3-1-3,26,Play_games,user9,3-1-3,train,47,47,47,0,0,1,1.0
train__c26__user9__5-1-1,26,Play_games,user9,5-1-1,train,62,62,62,0,0,1,1.0
train__c26__user9__5-1-2,26,Play_games,user9,5-1-2,train,57,57,57,0,0,1,1.0
train__c26__user9__5-1-3,26,Play_games,user9,5-1-3,train,37,37,37,0,0,1,1.0
train__c26__user9__5-3-1,26,Play_games,user9,5-3-1,train,23,23,23,0,0,1,1.0
train__c26__user9__5-3-2,26,Play_games,user9,5-3-2,train,18,18,18,0,0,1,1.0
train__c26__user9__5-3-3,26,Play_games,user9,5-3-3,train,27,27,27,0,0,1,1.0
train__c26__user9__6-2-1,26,Play_games,user9,6-2-1,train,15,15,15,0,0,1,1.0
train__c26__user9__6-2-2,26,Play_games,user9,6-2-2,train,7,7,7,0,0,1,1.0
train__c26__user9__6-2-3,26,Play_games,user9,6-2-3,train,9,9,9,0,0,1,1.0
train__c27__user17__1-2-1,27,Take_a_selfie,user17,1-2-1,validation,46,46,46,0,0,1,1.0
train__c27__user17__1-2-2,27,Take_a_selfie,user17,1-2-2,validation,21,21,21,0,0,1,1.0
train__c27__user17__1-2-3,27,Take_a_selfie,user17,1-2-3,validation,30,30,30,0,0,1,1.0
train__c27__user18__1-2-1,27,Take_a_selfie,user18,1-2-1,train,35,35,35,0,0,1,1.0
train__c27__user18__1-2-2,27,Take_a_selfie,user18,1-2-2,train,49,49,49,0,0,1,1.0
train__c27__user18__1-2-3,27,Take_a_selfie,user18,1-2-3,train,23,23,23,0,0,1,1.0
train__c27__user19__6-2-1,27,Take_a_selfie,user19,6-2-1,train,33,33,33,0,0,1,1.0
train__c27__user19__6-2-2,27,Take_a_selfie,user19,6-2-2,train,17,17,17,0,0,1,1.0
train__c27__user19__6-2-3,27,Take_a_selfie,user19,6-2-3,train,18,18,18,0,0,1,1.0
train__c27__user1__5-1-1,27,Take_a_selfie,user1,5-1-1,train,76,76,76,0,0,1,1.0
train__c27__user1__5-1-2,27,Take_a_selfie,user1,5-1-2,train,153,153,153,0,0,1,1.0
train__c27__user1__5-1-3,27,Take_a_selfie,user1,5-1-3,train,105,105,105,0,0,1,1.0
train__c27__user20__7-2-1,27,Take_a_selfie,user20,7-2-1,train,45,45,45,0,0,1,1.0
train__c27__user20__7-2-2,27,Take_a_selfie,user20,7-2-2,train,43,43,43,0,0,1,1.0
train__c27__user20__7-2-3,27,Take_a_selfie,user20,7-2-3,train,13,13,13,0,0,1,1.0
train__c27__user21__5-1-1,27,Take_a_selfie,user21,5-1-1,train,10,10,10,0,0,1,1.0
train__c27__user21__5-1-2,27,Take_a_selfie,user21,5-1-2,train,10,10,10,0,0,1,1.0
train__c27__user21__5-1-3,27,Take_a_selfie,user21,5-1-3,train,14,14,14,0,0,1,1.0
train__c27__user22__4-2-1,27,Take_a_selfie,user22,4-2-1,train,36,36,36,0,0,1,1.0
train__c27__user22__4-2-2,27,Take_a_selfie,user22,4-2-2,train,24,24,24,0,0,1,1.0
train__c27__user22__4-2-3,27,Take_a_selfie,user22,4-2-3,train,14,14,14,0,0,1,1.0
train__c27__user23__3-2-2,27,Take_a_selfie,user23,3-2-2,validation,22,22,22,0,0,1,1.0
train__c27__user23__3-2-3,27,Take_a_selfie,user23,3-2-3,validation,29,29,29,0,0,1,1.0
train__c27__user23__4-2-1,27,Take_a_selfie,user23,4-2-1,validation,41,41,41,0,0,1,1.0
train__c27__user23__4-2-2,27,Take_a_selfie,user23,4-2-2,validation,42,42,42,0,0,1,1.0
train__c27__user23__4-2-3,27,Take_a_selfie,user23,4-2-3,validation,9,9,9,0,0,1,1.0
train__c27__user24__1-1-1,27,Take_a_selfie,user24,1-1-1,validation,29,29,29,0,0,1,1.0
train__c27__user24__1-1-2,27,Take_a_selfie,user24,1-1-2,validation,23,23,23,0,0,1,1.0
train__c27__user24__1-1-3,27,Take_a_selfie,user24,1-1-3,validation,16,16,16,0,0,1,1.0
train__c27__user4__3-2-1,27,Take_a_selfie,user4,3-2-1,validation,28,28,28,0,0,1,1.0
train__c27__user4__3-2-2,27,Take_a_selfie,user4,3-2-2,validation,26,26,26,0,0,1,1.0
train__c27__user4__3-2-3,27,Take_a_selfie,user4,3-2-3,validation,16,16,16,0,0,1,1.0
train__c27__user7__1-2-1,27,Take_a_selfie,user7,1-2-1,train,32,32,32,0,0,1,1.0
train__c27__user7__1-2-2,27,Take_a_selfie,user7,1-2-2,train,23,23,23,0,0,1,1.0
train__c27__user7__1-2-3,27,Take_a_selfie,user7,1-2-3,train,23,23,23,0,0,1,1.0
train__c27__user8__1-2-1,27,Take_a_selfie,user8,1-2-1,train,35,35,35,0,0,1,1.0
train__c27__user8__1-2-2,27,Take_a_selfie,user8,1-2-2,train,19,19,19,0,0,1,1.0
train__c27__user8__1-2-3,27,Take_a_selfie,user8,1-2-3,train,19,19,19,0,0,1,1.0
train__c27__user9__6-2-1,27,Take_a_selfie,user9,6-2-1,train,13,13,13,0,0,1,1.0
train__c27__user9__6-2-2,27,Take_a_selfie,user9,6-2-2,train,11,11,11,0,0,1,1.0
train__c27__user9__6-2-3,27,Take_a_selfie,user9,6-2-3,train,13,13,13,0,0,1,1.0
train__c28__user16__4-1-1,28,Jog_in_place,user16,4-1-1,train,38,38,38,0,0,1,1.0
train__c28__user16__4-1-2,28,Jog_in_place,user16,4-1-2,train,39,39,39,0,0,1,1.0
train__c28__user16__4-1-3,28,Jog_in_place,user16,4-1-3,train,42,42,42,0,0,1,1.0
train__c28__user17__3-1-1,28,Jog_in_place,user17,3-1-1,validation,33,33,33,0,0,1,1.0
train__c28__user17__3-1-2,28,Jog_in_place,user17,3-1-2,validation,44,44,44,0,0,1,1.0
train__c28__user17__3-1-3,28,Jog_in_place,user17,3-1-3,validation,30,30,30,0,0,1,1.0
train__c28__user18__5-1-1,28,Jog_in_place,user18,5-1-1,train,26,26,26,0,0,1,1.0
train__c28__user18__5-1-2,28,Jog_in_place,user18,5-1-2,train,34,34,34,0,0,1,1.0
train__c28__user18__5-1-3,28,Jog_in_place,user18,5-1-3,train,16,16,16,0,0,1,1.0
train__c28__user22__7-2-1,28,Jog_in_place,user22,7-2-1,train,34,34,34,0,0,1,1.0
train__c28__user22__7-2-2,28,Jog_in_place,user22,7-2-2,train,22,22,22,0,0,1,1.0
train__c28__user22__7-2-3,28,Jog_in_place,user22,7-2-3,train,12,12,12,0,0,1,1.0
train__c28__user23__3-2-2,28,Jog_in_place,user23,3-2-2,validation,21,21,21,0,0,1,1.0
train__c28__user23__3-2-3,28,Jog_in_place,user23,3-2-3,validation,19,19,19,0,0,1,1.0
train__c28__user24__3-2-1,28,Jog_in_place,user24,3-2-1,validation,26,26,26,0,0,1,1.0
train__c28__user24__3-2-2,28,Jog_in_place,user24,3-2-2,validation,41,41,41,0,0,1,1.0
train__c28__user24__3-2-3,28,Jog_in_place,user24,3-2-3,validation,51,51,51,0,0,1,1.0
train__c28__user2__5-1-1,28,Jog_in_place,user2,5-1-1,train,97,97,97,0,0,1,1.0
train__c28__user2__5-1-2,28,Jog_in_place,user2,5-1-2,train,85,85,85,0,0,1,1.0
train__c28__user2__5-1-3,28,Jog_in_place,user2,5-1-3,train,76,76,76,0,0,1,1.0
train__c28__user2__6-1-1,28,Jog_in_place,user2,6-1-1,train,42,42,42,0,0,1,1.0
train__c28__user2__6-1-2,28,Jog_in_place,user2,6-1-2,train,43,43,43,0,0,1,1.0
train__c28__user3__2-1-1,28,Jog_in_place,user3,2-1-1,train,54,54,54,0,0,1,1.0
train__c28__user3__2-1-2,28,Jog_in_place,user3,2-1-2,train,53,53,53,0,0,1,1.0
train__c28__user3__2-1-3,28,Jog_in_place,user3,2-1-3,train,37,37,37,0,0,1,1.0
train__c28__user4__3-2-1,28,Jog_in_place,user4,3-2-1,validation,46,46,46,0,0,1,1.0
train__c28__user4__3-2-2,28,Jog_in_place,user4,3-2-2,validation,39,39,39,0,0,1,1.0
train__c28__user4__3-2-3,28,Jog_in_place,user4,3-2-3,validation,31,31,31,0,0,1,1.0
train__c28__user6__4-1-1,28,Jog_in_place,user6,4-1-1,train,20,20,20,0,0,1,1.0
train__c28__user6__4-1-2,28,Jog_in_place,user6,4-1-2,train,14,14,14,0,0,1,1.0
train__c28__user6__4-1-3,28,Jog_in_place,user6,4-1-3,train,7,7,7,0,0,1,1.0
train__c28__user7__3-1-1,28,Jog_in_place,user7,3-1-1,train,52,52,52,0,0,1,1.0
train__c28__user7__3-1-2,28,Jog_in_place,user7,3-1-2,train,32,32,32,0,0,1,1.0
train__c28__user7__3-1-3,28,Jog_in_place,user7,3-1-3,train,29,29,29,0,0,1,1.0
train__c28__user8__5-1-1,28,Jog_in_place,user8,5-1-1,train,34,34,34,0,0,1,1.0
train__c28__user8__5-1-2,28,Jog_in_place,user8,5-1-2,train,24,24,24,0,0,1,1.0
train__c28__user8__5-1-3,28,Jog_in_place,user8,5-1-3,train,32,32,32,0,0,1,1.0
train__c29__user16__3-1-1,29,Do_squats,user16,3-1-1,train,70,70,70,0,0,1,1.0
train__c29__user16__3-1-2,29,Do_squats,user16,3-1-2,train,59,59,59,0,0,1,1.0
train__c29__user16__3-1-3,29,Do_squats,user16,3-1-3,train,32,32,32,0,0,1,1.0
train__c29__user17__4-1-1,29,Do_squats,user17,4-1-1,validation,46,35,35,0,11,3,0.7608695652173914
train__c29__user17__4-1-2,29,Do_squats,user17,4-1-2,validation,22,20,20,0,2,1,0.9090909090909091
train__c29__user17__4-1-3,29,Do_squats,user17,4-1-3,validation,22,18,18,0,4,5,0.8181818181818182
train__c29__user18__6-1-1,29,Do_squats,user18,6-1-1,train,39,39,2,37,0,1,1.0
train__c29__user18__6-1-2,29,Do_squats,user18,6-1-2,train,31,31,0,31,0,1,1.0
train__c29__user18__6-1-3,29,Do_squats,user18,6-1-3,train,28,28,28,0,0,1,1.0
train__c29__user19__2-2-1,29,Do_squats,user19,2-2-1,train,38,38,38,0,0,1,1.0
train__c29__user19__2-2-2,29,Do_squats,user19,2-2-2,train,33,33,33,0,0,1,1.0
train__c29__user19__2-2-3,29,Do_squats,user19,2-2-3,train,18,18,18,0,0,1,1.0
train__c29__user19__3-3-1,29,Do_squats,user19,3-3-1,train,39,39,39,0,0,1,1.0
train__c29__user19__3-3-2,29,Do_squats,user19,3-3-2,train,21,21,21,0,0,1,1.0
train__c29__user19__3-3-3,29,Do_squats,user19,3-3-3,train,14,14,14,0,0,1,1.0
train__c29__user19__4-2-1,29,Do_squats,user19,4-2-1,train,22,22,22,0,0,1,1.0
train__c29__user19__4-2-2,29,Do_squats,user19,4-2-2,train,21,21,21,0,0,1,1.0
train__c29__user19__4-2-3,29,Do_squats,user19,4-2-3,train,16,16,16,0,0,1,1.0
train__c29__user19__5-3-1,29,Do_squats,user19,5-3-1,train,27,27,27,0,0,1,1.0
train__c29__user19__5-3-2,29,Do_squats,user19,5-3-2,train,28,28,28,0,0,1,1.0
train__c29__user19__5-3-3,29,Do_squats,user19,5-3-3,train,15,15,15,0,0,1,1.0
train__c29__user1__1-1-1,29,Do_squats,user1,1-1-1,train,50,50,50,0,0,1,1.0
train__c29__user1__1-1-2,29,Do_squats,user1,1-1-2,train,54,54,54,0,0,1,1.0
train__c29__user1__1-1-3,29,Do_squats,user1,1-1-3,train,26,26,26,0,0,1,1.0
train__c29__user1__3-2-1,29,Do_squats,user1,3-2-1,train,34,34,34,0,0,1,1.0
train__c29__user1__3-2-2,29,Do_squats,user1,3-2-2,train,64,64,64,0,0,1,1.0
train__c29__user1__3-2-3,29,Do_squats,user1,3-2-3,train,51,51,51,0,0,1,1.0
train__c29__user20__1-2-1,29,Do_squats,user20,1-2-1,train,19,19,19,0,0,1,1.0
train__c29__user20__1-2-2,29,Do_squats,user20,1-2-2,train,18,18,18,0,0,1,1.0
train__c29__user20__1-2-3,29,Do_squats,user20,1-2-3,train,17,17,17,0,0,1,1.0
train__c29__user20__6-1-1,29,Do_squats,user20,6-1-1,train,37,37,37,0,0,1,1.0
train__c29__user20__6-1-2,29,Do_squats,user20,6-1-2,train,19,19,19,0,0,1,1.0
train__c29__user20__6-1-3,29,Do_squats,user20,6-1-3,train,38,38,38,0,0,1,1.0
train__c29__user21__3-2-1,29,Do_squats,user21,3-2-1,train,17,17,17,0,0,1,1.0
train__c29__user21__3-2-2,29,Do_squats,user21,3-2-2,train,26,26,26,0,0,1,1.0
train__c29__user21__3-2-3,29,Do_squats,user21,3-2-3,train,18,18,18,0,0,1,1.0
train__c29__user22__6-2-1,29,Do_squats,user22,6-2-1,train,11,11,11,0,0,1,1.0
train__c29__user22__6-2-2,29,Do_squats,user22,6-2-2,train,36,36,36,0,0,1,1.0
train__c29__user22__6-2-3,29,Do_squats,user22,6-2-3,train,41,41,41,0,0,1,1.0
train__c29__user23__1-2-1,29,Do_squats,user23,1-2-1,validation,31,31,31,0,0,1,1.0
train__c29__user23__1-2-2,29,Do_squats,user23,1-2-2,validation,30,30,30,0,0,1,1.0
train__c29__user23__1-2-3,29,Do_squats,user23,1-2-3,validation,22,22,22,0,0,1,1.0
train__c29__user23__6-1-1,29,Do_squats,user23,6-1-1,validation,34,34,34,0,0,1,1.0
train__c29__user23__6-1-2,29,Do_squats,user23,6-1-2,validation,17,17,17,0,0,1,1.0
train__c29__user23__6-1-3,29,Do_squats,user23,6-1-3,validation,28,25,25,0,3,3,0.8928571428571429
train__c29__user23__6-3-1,29,Do_squats,user23,6-3-1,validation,61,59,59,0,2,2,0.9672131147540983
train__c29__user23__6-3-2,29,Do_squats,user23,6-3-2,validation,31,31,31,0,0,1,1.0
train__c29__user23__6-3-3,29,Do_squats,user23,6-3-3,validation,31,31,31,0,0,1,1.0
train__c29__user24__6-3-1,29,Do_squats,user24,6-3-1,validation,72,72,72,0,0,1,1.0
train__c29__user24__6-3-2,29,Do_squats,user24,6-3-2,validation,63,63,63,0,0,1,1.0
train__c29__user24__6-3-3,29,Do_squats,user24,6-3-3,validation,40,40,40,0,0,1,1.0
train__c29__user2__2-2-1,29,Do_squats,user2,2-2-1,train,61,61,61,0,0,1,1.0
train__c29__user2__2-2-2,29,Do_squats,user2,2-2-2,train,69,69,69,0,0,1,1.0
train__c29__user2__2-2-3,29,Do_squats,user2,2-2-3,train,42,42,42,0,0,1,1.0
train__c29__user2__5-1-1,29,Do_squats,user2,5-1-1,train,77,77,77,0,0,1,1.0
train__c29__user2__5-1-2,29,Do_squats,user2,5-1-2,train,62,62,62,0,0,1,1.0
train__c29__user2__5-1-3,29,Do_squats,user2,5-1-3,train,39,39,39,0,0,1,1.0
train__c29__user3__2-1-1,29,Do_squats,user3,2-1-1,train,55,55,55,0,0,1,1.0
train__c29__user3__2-1-2,29,Do_squats,user3,2-1-2,train,36,36,36,0,0,1,1.0
train__c29__user3__2-1-3,29,Do_squats,user3,2-1-3,train,27,27,27,0,0,1,1.0
train__c29__user6__3-1-1,29,Do_squats,user6,3-1-1,train,17,17,17,0,0,1,1.0
train__c29__user6__3-1-2,29,Do_squats,user6,3-1-2,train,47,47,47,0,0,1,1.0
train__c29__user6__3-1-3,29,Do_squats,user6,3-1-3,train,16,16,16,0,0,1,1.0
train__c29__user7__4-1-1,29,Do_squats,user7,4-1-1,train,34,34,34,0,0,1,1.0
train__c29__user7__4-1-2,29,Do_squats,user7,4-1-2,train,5,5,5,0,0,1,1.0
train__c29__user7__4-1-3,29,Do_squats,user7,4-1-3,train,14,14,14,0,0,1,1.0
train__c29__user9__2-2-1,29,Do_squats,user9,2-2-1,train,22,22,22,0,0,1,1.0
train__c29__user9__2-2-2,29,Do_squats,user9,2-2-2,train,19,19,19,0,0,1,1.0
train__c29__user9__2-2-3,29,Do_squats,user9,2-2-3,train,16,16,16,0,0,1,1.0
train__c29__user9__3-3-1,29,Do_squats,user9,3-3-1,train,8,8,8,0,0,1,1.0
train__c29__user9__3-3-2,29,Do_squats,user9,3-3-2,train,9,9,9,0,0,1,1.0
train__c29__user9__3-3-3,29,Do_squats,user9,3-3-3,train,15,15,15,0,0,1,1.0
train__c29__user9__4-2-2,29,Do_squats,user9,4-2-2,train,15,15,15,0,0,1,1.0
train__c29__user9__4-2-3,29,Do_squats,user9,4-2-3,train,14,14,9,5,0,1,1.0
train__c29__user9__5-3-1,29,Do_squats,user9,5-3-1,train,18,18,18,0,0,1,1.0
train__c29__user9__5-3-2,29,Do_squats,user9,5-3-2,train,18,18,18,0,0,1,1.0
train__c29__user9__5-3-3,29,Do_squats,user9,5-3-3,train,14,14,14,0,0,1,1.0
train__c30__user16__6-1-1,30,Do_jumping_jacks,user16,6-1-1,train,31,31,31,0,0,1,1.0
train__c30__user16__6-1-2,30,Do_jumping_jacks,user16,6-1-2,train,45,45,45,0,0,1,1.0
train__c30__user16__6-1-3,30,Do_jumping_jacks,user16,6-1-3,train,36,36,36,0,0,1,1.0
train__c30__user17__2-2-1,30,Do_jumping_jacks,user17,2-2-1,validation,37,37,37,0,0,1,1.0
train__c30__user17__2-2-2,30,Do_jumping_jacks,user17,2-2-2,validation,43,43,43,0,0,1,1.0
train__c30__user17__2-2-3,30,Do_jumping_jacks,user17,2-2-3,validation,17,17,17,0,0,1,1.0
train__c30__user18__6-2-1,30,Do_jumping_jacks,user18,6-2-1,train,19,19,19,0,0,1,1.0
train__c30__user18__6-2-2,30,Do_jumping_jacks,user18,6-2-2,train,15,15,15,0,0,1,1.0
train__c30__user18__6-2-3,30,Do_jumping_jacks,user18,6-2-3,train,17,17,17,0,0,1,1.0
train__c30__user19__2-2-1,30,Do_jumping_jacks,user19,2-2-1,train,41,41,41,0,0,1,1.0
train__c30__user19__2-2-2,30,Do_jumping_jacks,user19,2-2-2,train,32,32,32,0,0,1,1.0
train__c30__user19__2-2-3,30,Do_jumping_jacks,user19,2-2-3,train,19,19,19,0,0,1,1.0
train__c30__user1__1-1-1,30,Do_jumping_jacks,user1,1-1-1,train,52,52,52,0,0,1,1.0
train__c30__user1__1-1-2,30,Do_jumping_jacks,user1,1-1-2,train,57,57,57,0,0,1,1.0
train__c30__user1__1-1-3,30,Do_jumping_jacks,user1,1-1-3,train,34,34,34,0,0,1,1.0
train__c30__user20__6-1-1,30,Do_jumping_jacks,user20,6-1-1,train,31,31,31,0,0,1,1.0
train__c30__user20__6-1-2,30,Do_jumping_jacks,user20,6-1-2,train,26,26,26,0,0,1,1.0
train__c30__user20__6-1-3,30,Do_jumping_jacks,user20,6-1-3,train,36,36,36,0,0,1,1.0
train__c30__user21__3-2-1,30,Do_jumping_jacks,user21,3-2-1,train,23,23,23,0,0,1,1.0
train__c30__user21__3-2-2,30,Do_jumping_jacks,user21,3-2-2,train,36,36,36,0,0,1,1.0
train__c30__user21__3-2-3,30,Do_jumping_jacks,user21,3-2-3,train,18,18,18,0,0,1,1.0
train__c30__user22__6-2-1,30,Do_jumping_jacks,user22,6-2-1,train,35,35,35,0,0,1,1.0
train__c30__user22__6-2-2,30,Do_jumping_jacks,user22,6-2-2,train,54,54,54,0,0,1,1.0
train__c30__user22__6-2-3,30,Do_jumping_jacks,user22,6-2-3,train,24,24,24,0,0,1,1.0
train__c30__user2__5-1-1,30,Do_jumping_jacks,user2,5-1-1,train,61,61,61,0,0,1,1.0
train__c30__user2__5-1-2,30,Do_jumping_jacks,user2,5-1-2,train,36,36,36,0,0,1,1.0
train__c30__user2__5-1-3,30,Do_jumping_jacks,user2,5-1-3,train,46,46,46,0,0,1,1.0
train__c30__user2__6-1-1,30,Do_jumping_jacks,user2,6-1-1,train,55,55,55,0,0,1,1.0
train__c30__user2__6-1-2,30,Do_jumping_jacks,user2,6-1-2,train,45,45,45,0,0,1,1.0
train__c30__user4__3-2-1,30,Do_jumping_jacks,user4,3-2-1,validation,32,32,32,0,0,1,1.0
train__c30__user4__3-2-2,30,Do_jumping_jacks,user4,3-2-2,validation,11,11,11,0,0,1,1.0
train__c30__user4__3-2-3,30,Do_jumping_jacks,user4,3-2-3,validation,29,29,29,0,0,1,1.0
train__c30__user6__6-1-1,30,Do_jumping_jacks,user6,6-1-1,train,42,42,42,0,0,1,1.0
train__c30__user6__6-1-2,30,Do_jumping_jacks,user6,6-1-2,train,37,37,35,2,0,1,1.0
train__c30__user6__6-1-3,30,Do_jumping_jacks,user6,6-1-3,train,41,41,41,0,0,1,1.0
train__c30__user7__2-2-1,30,Do_jumping_jacks,user7,2-2-1,train,47,47,47,0,0,1,1.0
train__c30__user7__2-2-2,30,Do_jumping_jacks,user7,2-2-2,train,37,37,37,0,0,1,1.0
train__c30__user7__2-2-3,30,Do_jumping_jacks,user7,2-2-3,train,30,30,30,0,0,1,1.0
train__c30__user8__6-2-1,30,Do_jumping_jacks,user8,6-2-1,train,8,8,7,1,0,1,1.0
train__c30__user8__6-2-2,30,Do_jumping_jacks,user8,6-2-2,train,10,10,10,0,0,1,1.0
train__c30__user8__6-2-3,30,Do_jumping_jacks,user8,6-2-3,train,21,21,20,1,0,1,1.0
train__c30__user9__2-2-1,30,Do_jumping_jacks,user9,2-2-1,train,15,15,15,0,0,1,1.0
train__c30__user9__2-2-2,30,Do_jumping_jacks,user9,2-2-2,train,16,16,16,0,0,1,1.0
train__c30__user9__2-2-3,30,Do_jumping_jacks,user9,2-2-3,train,4,4,4,0,0,1,1.0
train__c31__user17__3-1-1,31,Do_stretching_exercises,user17,3-1-1,validation,20,20,20,0,0,1,1.0
train__c31__user17__3-1-2,31,Do_stretching_exercises,user17,3-1-2,validation,26,24,24,0,2,2,0.9230769230769231
train__c31__user17__3-1-3,31,Do_stretching_exercises,user17,3-1-3,validation,28,27,27,0,1,2,0.9642857142857143
train__c31__user17__4-1-1,31,Do_stretching_exercises,user17,4-1-1,validation,24,17,17,0,7,3,0.7083333333333334
train__c31__user17__4-1-2,31,Do_stretching_exercises,user17,4-1-2,validation,30,19,19,0,11,5,0.6333333333333333
train__c31__user17__4-1-3,31,Do_stretching_exercises,user17,4-1-3,validation,21,18,18,0,3,2,0.8571428571428571
train__c31__user18__5-1-1,31,Do_stretching_exercises,user18,5-1-1,train,14,14,14,0,0,1,1.0
train__c31__user18__5-1-2,31,Do_stretching_exercises,user18,5-1-2,train,21,21,21,0,0,1,1.0
train__c31__user18__5-1-3,31,Do_stretching_exercises,user18,5-1-3,train,10,10,10,0,0,1,1.0
train__c31__user18__6-1-1,31,Do_stretching_exercises,user18,6-1-1,train,37,37,10,27,0,1,1.0
train__c31__user18__6-1-2,31,Do_stretching_exercises,user18,6-1-2,train,46,46,0,46,0,1,1.0
train__c31__user18__6-1-3,31,Do_stretching_exercises,user18,6-1-3,train,35,35,35,0,0,1,1.0
train__c31__user18__6-2-1,31,Do_stretching_exercises,user18,6-2-1,train,22,22,22,0,0,1,1.0
train__c31__user18__6-2-2,31,Do_stretching_exercises,user18,6-2-2,train,22,22,22,0,0,1,1.0
train__c31__user18__6-2-3,31,Do_stretching_exercises,user18,6-2-3,train,32,32,32,0,0,1,1.0
train__c31__user19__1-1-1,31,Do_stretching_exercises,user19,1-1-1,train,26,26,26,0,0,1,1.0
train__c31__user19__1-1-2,31,Do_stretching_exercises,user19,1-1-2,train,37,37,37,0,0,1,1.0
train__c31__user19__1-1-3,31,Do_stretching_exercises,user19,1-1-3,train,63,63,63,0,0,1,1.0
train__c31__user19__4-2-1,31,Do_stretching_exercises,user19,4-2-1,train,31,31,31,0,0,1,1.0
train__c31__user19__4-2-2,31,Do_stretching_exercises,user19,4-2-2,train,46,46,45,1,0,1,1.0
train__c31__user19__4-2-3,31,Do_stretching_exercises,user19,4-2-3,train,19,19,19,0,0,1,1.0
train__c31__user1__7-1-1,31,Do_stretching_exercises,user1,7-1-1,train,50,50,50,0,0,1,1.0
train__c31__user1__7-1-2,31,Do_stretching_exercises,user1,7-1-2,train,70,70,70,0,0,1,1.0
train__c31__user1__7-1-3,31,Do_stretching_exercises,user1,7-1-3,train,39,39,39,0,0,1,1.0
train__c31__user20__1-2-1,31,Do_stretching_exercises,user20,1-2-1,train,33,33,33,0,0,1,1.0
train__c31__user20__1-2-2,31,Do_stretching_exercises,user20,1-2-2,train,33,33,33,0,0,1,1.0
train__c31__user20__1-2-3,31,Do_stretching_exercises,user20,1-2-3,train,23,23,23,0,0,1,1.0
train__c31__user22__3-2-1,31,Do_stretching_exercises,user22,3-2-1,train,15,15,15,0,0,1,1.0
train__c31__user22__3-2-2,31,Do_stretching_exercises,user22,3-2-2,train,7,7,7,0,0,1,1.0
train__c31__user22__3-2-3,31,Do_stretching_exercises,user22,3-2-3,train,13,13,13,0,0,1,1.0
train__c31__user22__6-2-1,31,Do_stretching_exercises,user22,6-2-1,train,50,50,50,0,0,1,1.0
train__c31__user22__6-2-2,31,Do_stretching_exercises,user22,6-2-2,train,43,43,43,0,0,1,1.0
train__c31__user22__6-2-3,31,Do_stretching_exercises,user22,6-2-3,train,21,21,21,0,0,1,1.0
train__c31__user22__7-3-1,31,Do_stretching_exercises,user22,7-3-1,train,18,18,18,0,0,1,1.0
train__c31__user22__7-3-2,31,Do_stretching_exercises,user22,7-3-2,train,19,19,19,0,0,1,1.0
train__c31__user22__7-3-3,31,Do_stretching_exercises,user22,7-3-3,train,27,27,27,0,0,1,1.0
train__c31__user23__6-1-1,31,Do_stretching_exercises,user23,6-1-1,validation,46,46,46,0,0,1,1.0
train__c31__user23__6-1-2,31,Do_stretching_exercises,user23,6-1-2,validation,41,37,37,0,4,3,0.9024390243902439
train__c31__user23__6-1-3,31,Do_stretching_exercises,user23,6-1-3,validation,32,31,31,0,1,2,0.96875
train__c31__user23__7-3-1,31,Do_stretching_exercises,user23,7-3-1,validation,26,26,26,0,0,1,1.0
train__c31__user23__7-3-2,31,Do_stretching_exercises,user23,7-3-2,validation,28,28,28,0,0,1,1.0
train__c31__user23__7-3-3,31,Do_stretching_exercises,user23,7-3-3,validation,25,25,25,0,0,1,1.0
train__c31__user24__3-2-1,31,Do_stretching_exercises,user24,3-2-1,validation,54,54,54,0,0,1,1.0
train__c31__user24__3-2-2,31,Do_stretching_exercises,user24,3-2-2,validation,16,16,16,0,0,1,1.0
train__c31__user24__3-2-3,31,Do_stretching_exercises,user24,3-2-3,validation,34,34,34,0,0,1,1.0
train__c31__user2__1-2-1,31,Do_stretching_exercises,user2,1-2-1,train,21,21,20,1,0,1,1.0
train__c31__user2__1-2-2,31,Do_stretching_exercises,user2,1-2-2,train,40,39,37,2,1,2,0.975
train__c31__user2__1-2-3,31,Do_stretching_exercises,user2,1-2-3,train,29,29,28,1,0,1,1.0
train__c31__user2__2-2-1,31,Do_stretching_exercises,user2,2-2-1,train,76,76,76,0,0,1,1.0
train__c31__user2__2-2-2,31,Do_stretching_exercises,user2,2-2-2,train,36,36,36,0,0,1,1.0
train__c31__user2__2-2-3,31,Do_stretching_exercises,user2,2-2-3,train,15,15,15,0,0,1,1.0
train__c31__user2__6-1-1,31,Do_stretching_exercises,user2,6-1-1,train,29,29,29,0,0,1,1.0
train__c31__user2__6-1-2,31,Do_stretching_exercises,user2,6-1-2,train,19,19,19,0,0,1,1.0
train__c31__user2__7-3-1,31,Do_stretching_exercises,user2,7-3-1,train,48,48,48,0,0,1,1.0
train__c31__user2__7-3-2,31,Do_stretching_exercises,user2,7-3-2,train,45,45,45,0,0,1,1.0
train__c31__user2__7-3-3,31,Do_stretching_exercises,user2,7-3-3,train,35,35,35,0,0,1,1.0
train__c31__user3__2-1-1,31,Do_stretching_exercises,user3,2-1-1,train,46,46,46,0,0,1,1.0
train__c31__user3__2-1-2,31,Do_stretching_exercises,user3,2-1-2,train,52,52,52,0,0,1,1.0
train__c31__user3__2-1-3,31,Do_stretching_exercises,user3,2-1-3,train,33,33,33,0,0,1,1.0
train__c31__user3__7-1-1,31,Do_stretching_exercises,user3,7-1-1,train,39,39,38,1,0,1,1.0
train__c31__user3__7-1-2,31,Do_stretching_exercises,user3,7-1-2,train,40,40,40,0,0,1,1.0
train__c31__user3__7-1-3,31,Do_stretching_exercises,user3,7-1-3,train,47,47,47,0,0,1,1.0
train__c31__user4__3-2-1,31,Do_stretching_exercises,user4,3-2-1,validation,51,51,51,0,0,1,1.0
train__c31__user4__3-2-2,31,Do_stretching_exercises,user4,3-2-2,validation,11,11,11,0,0,1,1.0
train__c31__user4__3-2-3,31,Do_stretching_exercises,user4,3-2-3,validation,32,32,32,0,0,1,1.0
train__c31__user7__2-2-1,31,Do_stretching_exercises,user7,2-2-1,train,43,43,43,0,0,1,1.0
train__c31__user7__2-2-2,31,Do_stretching_exercises,user7,2-2-2,train,42,42,42,0,0,1,1.0
train__c31__user7__2-2-3,31,Do_stretching_exercises,user7,2-2-3,train,29,29,29,0,0,1,1.0
train__c31__user7__4-1-1,31,Do_stretching_exercises,user7,4-1-1,train,16,16,16,0,0,1,1.0
train__c31__user7__4-1-2,31,Do_stretching_exercises,user7,4-1-2,train,14,14,14,0,0,1,1.0
train__c31__user7__4-1-3,31,Do_stretching_exercises,user7,4-1-3,train,8,8,8,0,0,1,1.0
train__c31__user8__5-1-1,31,Do_stretching_exercises,user8,5-1-1,train,27,27,27,0,0,1,1.0
train__c31__user8__5-1-2,31,Do_stretching_exercises,user8,5-1-2,train,23,23,23,0,0,1,1.0
train__c31__user8__5-1-3,31,Do_stretching_exercises,user8,5-1-3,train,8,8,8,0,0,1,1.0
train__c31__user8__6-1-1,31,Do_stretching_exercises,user8,6-1-1,train,14,14,14,0,0,1,1.0
train__c31__user8__6-1-2,31,Do_stretching_exercises,user8,6-1-2,train,25,25,25,0,0,1,1.0
train__c31__user8__6-1-3,31,Do_stretching_exercises,user8,6-1-3,train,22,22,22,0,0,1,1.0
train__c31__user8__6-2-1,31,Do_stretching_exercises,user8,6-2-1,train,49,49,49,0,0,1,1.0
train__c31__user8__6-2-2,31,Do_stretching_exercises,user8,6-2-2,train,27,27,27,0,0,1,1.0
train__c31__user8__6-2-3,31,Do_stretching_exercises,user8,6-2-3,train,44,44,44,0,0,1,1.0
train__c31__user9__1-1-1,31,Do_stretching_exercises,user9,1-1-1,train,37,22,0,22,15,4,0.5945945945945946
train__c31__user9__1-1-2,31,Do_stretching_exercises,user9,1-1-2,train,10,5,0,5,5,3,0.5
train__c31__user9__1-1-3,31,Do_stretching_exercises,user9,1-1-3,train,14,14,0,14,0,1,1.0
train__c31__user9__4-2-2,31,Do_stretching_exercises,user9,4-2-2,train,38,38,38,0,0,1,1.0
train__c31__user9__4-2-3,31,Do_stretching_exercises,user9,4-2-3,train,11,11,11,0,0,1,1.0
train__c32__user16__3-1-1,32,Stand_up,user16,3-1-1,train,12,12,12,0,0,1,1.0
train__c32__user16__3-1-2,32,Stand_up,user16,3-1-2,train,38,38,38,0,0,1,1.0
train__c32__user16__3-1-3,32,Stand_up,user16,3-1-3,train,10,10,10,0,0,1,1.0
train__c32__user16__4-1-1,32,Stand_up,user16,4-1-1,train,8,8,8,0,0,1,1.0
train__c32__user16__4-1-2,32,Stand_up,user16,4-1-2,train,11,11,11,0,0,1,1.0
train__c32__user16__4-1-3,32,Stand_up,user16,4-1-3,train,14,14,14,0,0,1,1.0
train__c32__user17__4-1-1,32,Stand_up,user17,4-1-1,validation,11,8,8,0,3,3,0.7272727272727273
train__c32__user17__4-1-2,32,Stand_up,user17,4-1-2,validation,11,6,6,0,5,3,0.5454545454545454
train__c32__user17__4-1-3,32,Stand_up,user17,4-1-3,validation,8,6,6,0,2,2,0.75
train__c32__user18__5-1-1,32,Stand_up,user18,5-1-1,train,7,7,7,0,0,1,1.0
train__c32__user18__5-1-2,32,Stand_up,user18,5-1-2,train,6,6,6,0,0,1,1.0
train__c32__user18__6-2-1,32,Stand_up,user18,6-2-1,train,6,6,6,0,0,1,1.0
train__c32__user18__6-2-2,32,Stand_up,user18,6-2-2,train,6,6,6,0,0,1,1.0
train__c32__user18__6-2-3,32,Stand_up,user18,6-2-3,train,11,11,11,0,0,1,1.0
train__c32__user19__5-1-1,32,Stand_up,user19,5-1-1,train,16,16,16,0,0,1,1.0
train__c32__user19__5-1-2,32,Stand_up,user19,5-1-2,train,9,9,9,0,0,1,1.0
train__c32__user19__5-1-3,32,Stand_up,user19,5-1-3,train,8,8,8,0,0,1,1.0
train__c32__user1__2-2-1,32,Stand_up,user1,2-2-1,train,12,12,12,0,0,1,1.0
train__c32__user1__2-2-2,32,Stand_up,user1,2-2-2,train,21,21,21,0,0,1,1.0
train__c32__user1__2-2-3,32,Stand_up,user1,2-2-3,train,11,11,11,0,0,1,1.0
train__c32__user1__3-2-1,32,Stand_up,user1,3-2-1,train,14,14,14,0,0,1,1.0
train__c32__user1__3-2-2,32,Stand_up,user1,3-2-2,train,14,14,14,0,0,1,1.0
train__c32__user1__3-2-3,32,Stand_up,user1,3-2-3,train,14,14,14,0,0,1,1.0
train__c32__user1__6-2-1,32,Stand_up,user1,6-2-1,train,15,15,15,0,0,1,1.0
train__c32__user1__6-2-2,32,Stand_up,user1,6-2-2,train,13,13,13,0,0,1,1.0
train__c32__user1__6-2-3,32,Stand_up,user1,6-2-3,train,10,10,10,0,0,1,1.0
train__c32__user20__6-3-1,32,Stand_up,user20,6-3-1,train,15,15,15,0,0,1,1.0
train__c32__user20__6-3-2,32,Stand_up,user20,6-3-2,train,8,8,8,0,0,1,1.0
train__c32__user20__6-3-3,32,Stand_up,user20,6-3-3,train,11,11,11,0,0,1,1.0
train__c32__user21__2-2-1,32,Stand_up,user21,2-2-1,train,16,16,16,0,0,1,1.0
train__c32__user21__2-2-2,32,Stand_up,user21,2-2-2,train,9,9,9,0,0,1,1.0
train__c32__user21__2-2-3,32,Stand_up,user21,2-2-3,train,5,5,5,0,0,1,1.0
train__c32__user21__4-1-1,32,Stand_up,user21,4-1-1,train,10,10,10,0,0,1,1.0
train__c32__user21__4-1-2,32,Stand_up,user21,4-1-2,train,6,6,6,0,0,1,1.0
train__c32__user21__4-1-3,32,Stand_up,user21,4-1-3,train,3,3,3,0,0,1,1.0
train__c32__user22__7-2-1,32,Stand_up,user22,7-2-1,train,4,4,4,0,0,1,1.0
train__c32__user22__7-2-2,32,Stand_up,user22,7-2-2,train,7,7,7,0,0,1,1.0
train__c32__user22__7-3-1,32,Stand_up,user22,7-3-1,train,13,13,13,0,0,1,1.0
train__c32__user22__7-3-2,32,Stand_up,user22,7-3-2,train,10,10,10,0,0,1,1.0
train__c32__user23__7-1-1,32,Stand_up,user23,7-1-1,validation,20,20,20,0,0,1,1.0
train__c32__user23__7-1-2,32,Stand_up,user23,7-1-2,validation,18,18,18,0,0,1,1.0
train__c32__user23__7-1-3,32,Stand_up,user23,7-1-3,validation,9,9,9,0,0,1,1.0
train__c32__user23__7-3-1,32,Stand_up,user23,7-3-1,validation,13,13,13,0,0,1,1.0
train__c32__user23__7-3-2,32,Stand_up,user23,7-3-2,validation,9,9,9,0,0,1,1.0
train__c32__user23__7-3-3,32,Stand_up,user23,7-3-3,validation,4,4,4,0,0,1,1.0
train__c32__user24__5-1-1,32,Stand_up,user24,5-1-1,validation,8,8,8,0,0,1,1.0
train__c32__user24__5-1-2,32,Stand_up,user24,5-1-2,validation,9,9,9,0,0,1,1.0
train__c32__user24__5-1-3,32,Stand_up,user24,5-1-3,validation,7,7,7,0,0,1,1.0
train__c32__user24__6-3-1,32,Stand_up,user24,6-3-1,validation,14,14,14,0,0,1,1.0
train__c32__user24__6-3-2,32,Stand_up,user24,6-3-2,validation,12,12,12,0,0,1,1.0
train__c32__user24__6-3-3,32,Stand_up,user24,6-3-3,validation,10,10,10,0,0,1,1.0
train__c32__user2__4-1-1,32,Stand_up,user2,4-1-1,train,13,13,13,0,0,1,1.0
train__c32__user2__4-1-2,32,Stand_up,user2,4-1-2,train,13,13,13,0,0,1,1.0
train__c32__user2__4-1-3,32,Stand_up,user2,4-1-3,train,12,12,12,0,0,1,1.0
train__c32__user2__4-3-3,32,Stand_up,user2,4-3-3,train,13,13,13,0,0,1,1.0
train__c32__user2__7-3-1,32,Stand_up,user2,7-3-1,train,14,14,14,0,0,1,1.0
train__c32__user2__7-3-2,32,Stand_up,user2,7-3-2,train,6,6,6,0,0,1,1.0
train__c32__user2__7-3-3,32,Stand_up,user2,7-3-3,train,9,9,9,0,0,1,1.0
train__c32__user3__2-1-1,32,Stand_up,user3,2-1-1,train,9,9,9,0,0,1,1.0
train__c32__user3__2-1-2,32,Stand_up,user3,2-1-2,train,10,10,10,0,0,1,1.0
train__c32__user3__2-1-3,32,Stand_up,user3,2-1-3,train,7,7,7,0,0,1,1.0
train__c32__user3__7-1-1,32,Stand_up,user3,7-1-1,train,10,10,10,0,0,1,1.0
train__c32__user3__7-1-2,32,Stand_up,user3,7-1-2,train,6,6,6,0,0,1,1.0
train__c32__user3__7-1-3,32,Stand_up,user3,7-1-3,train,6,6,6,0,0,1,1.0
train__c32__user4__2-1-1,32,Stand_up,user4,2-1-1,validation,10,10,10,0,0,1,1.0
train__c32__user4__2-1-2,32,Stand_up,user4,2-1-2,validation,8,8,8,0,0,1,1.0
train__c32__user4__2-1-3,32,Stand_up,user4,2-1-3,validation,7,7,7,0,0,1,1.0
train__c32__user4__3-2-1,32,Stand_up,user4,3-2-1,validation,14,14,14,0,0,1,1.0
train__c32__user4__3-2-2,32,Stand_up,user4,3-2-2,validation,12,12,12,0,0,1,1.0
train__c32__user4__3-2-3,32,Stand_up,user4,3-2-3,validation,23,23,23,0,0,1,1.0
train__c32__user4__7-2-1,32,Stand_up,user4,7-2-1,validation,14,14,14,0,0,1,1.0
train__c32__user4__7-2-2,32,Stand_up,user4,7-2-2,validation,19,19,19,0,0,1,1.0
train__c32__user4__7-2-3,32,Stand_up,user4,7-2-3,validation,15,15,15,0,0,1,1.0
train__c32__user6__4-1-1,32,Stand_up,user6,4-1-1,train,12,12,9,3,0,1,1.0
train__c32__user6__4-1-2,32,Stand_up,user6,4-1-2,train,14,13,12,1,1,2,0.9285714285714286
train__c32__user6__4-1-3,32,Stand_up,user6,4-1-3,train,7,7,6,1,0,1,1.0
train__c32__user7__4-1-1,32,Stand_up,user7,4-1-1,train,5,5,5,0,0,1,1.0
train__c32__user7__4-1-2,32,Stand_up,user7,4-1-2,train,7,7,7,0,0,1,1.0
train__c32__user7__4-1-3,32,Stand_up,user7,4-1-3,train,3,3,3,0,0,1,1.0
train__c32__user8__5-1-1,32,Stand_up,user8,5-1-1,train,5,5,5,0,0,1,1.0
train__c32__user8__5-1-2,32,Stand_up,user8,5-1-2,train,5,5,5,0,0,1,1.0
train__c32__user9__5-1-1,32,Stand_up,user9,5-1-1,train,6,6,6,0,0,1,1.0
train__c32__user9__5-1-2,32,Stand_up,user9,5-1-2,train,8,8,8,0,0,1,1.0
train__c32__user9__5-1-3,32,Stand_up,user9,5-1-3,train,7,7,7,0,0,1,1.0
train__c33__user16__5-3-1,33,Lie_down,user16,5-3-1,train,122,122,122,0,0,1,1.0
train__c33__user16__5-3-2,33,Lie_down,user16,5-3-2,train,60,60,60,0,0,1,1.0
train__c33__user16__5-3-3,33,Lie_down,user16,5-3-3,train,38,38,38,0,0,1,1.0
train__c33__user16__6-1-1,33,Lie_down,user16,6-1-1,train,56,56,56,0,0,1,1.0
train__c33__user16__6-1-2,33,Lie_down,user16,6-1-2,train,26,26,26,0,0,1,1.0
train__c33__user16__6-1-3,33,Lie_down,user16,6-1-3,train,29,29,29,0,0,1,1.0
train__c33__user17__2-2-1,33,Lie_down,user17,2-2-1,validation,29,29,29,0,0,1,1.0
train__c33__user17__2-2-2,33,Lie_down,user17,2-2-2,validation,32,32,32,0,0,1,1.0
train__c33__user17__2-2-3,33,Lie_down,user17,2-2-3,validation,19,19,19,0,0,1,1.0
train__c33__user19__3-3-1,33,Lie_down,user19,3-3-1,train,17,17,17,0,0,1,1.0
train__c33__user19__3-3-2,33,Lie_down,user19,3-3-2,train,16,16,16,0,0,1,1.0
train__c33__user19__3-3-3,33,Lie_down,user19,3-3-3,train,7,7,7,0,0,1,1.0
train__c33__user24__2-2-1,33,Lie_down,user24,2-2-1,validation,21,21,21,0,0,1,1.0
train__c33__user24__2-2-2,33,Lie_down,user24,2-2-2,validation,16,16,16,0,0,1,1.0
train__c33__user24__2-2-3,33,Lie_down,user24,2-2-3,validation,8,8,8,0,0,1,1.0
train__c33__user3__2-1-1,33,Lie_down,user3,2-1-1,train,44,44,44,0,0,1,1.0
train__c33__user3__2-1-2,33,Lie_down,user3,2-1-2,train,6,6,6,0,0,1,1.0
train__c33__user3__2-1-3,33,Lie_down,user3,2-1-3,train,30,30,30,0,0,1,1.0
train__c33__user6__5-3-1,33,Lie_down,user6,5-3-1,train,52,52,52,0,0,1,1.0
train__c33__user6__5-3-2,33,Lie_down,user6,5-3-2,train,48,48,48,0,0,1,1.0
train__c33__user6__5-3-3,33,Lie_down,user6,5-3-3,train,29,29,0,29,0,1,1.0
train__c33__user6__6-1-1,33,Lie_down,user6,6-1-1,train,59,59,59,0,0,1,1.0
train__c33__user6__6-1-2,33,Lie_down,user6,6-1-2,train,22,22,21,1,0,1,1.0
train__c33__user6__6-1-3,33,Lie_down,user6,6-1-3,train,32,32,32,0,0,1,1.0
train__c33__user7__2-2-1,33,Lie_down,user7,2-2-1,train,48,48,48,0,0,1,1.0
train__c33__user7__2-2-2,33,Lie_down,user7,2-2-2,train,37,37,37,0,0,1,1.0
train__c33__user7__2-2-3,33,Lie_down,user7,2-2-3,train,28,28,28,0,0,1,1.0
train__c33__user9__3-3-1,33,Lie_down,user9,3-3-1,train,40,40,40,0,0,1,1.0
train__c33__user9__3-3-2,33,Lie_down,user9,3-3-2,train,35,35,35,0,0,1,1.0
train__c33__user9__3-3-3,33,Lie_down,user9,3-3-3,train,27,27,27,0,0,1,1.0
train__c33__user9__6-2-1,33,Lie_down,user9,6-2-1,train,33,33,33,0,0,1,1.0
train__c33__user9__6-2-2,33,Lie_down,user9,6-2-2,train,15,15,15,0,0,1,1.0
train__c33__user9__6-2-3,33,Lie_down,user9,6-2-3,train,27,27,27,0,0,1,1.0
train__c34__user16__4-1-1,34,Sit_down,user16,4-1-1,train,16,16,16,0,0,1,1.0
train__c34__user16__4-1-2,34,Sit_down,user16,4-1-2,train,14,14,14,0,0,1,1.0
train__c34__user16__4-1-3,34,Sit_down,user16,4-1-3,train,9,9,9,0,0,1,1.0
train__c34__user16__7-1-1,34,Sit_down,user16,7-1-1,train,8,8,8,0,0,1,1.0
train__c34__user16__7-1-2,34,Sit_down,user16,7-1-2,train,26,26,26,0,0,1,1.0
train__c34__user16__7-1-3,34,Sit_down,user16,7-1-3,train,13,13,13,0,0,1,1.0
train__c34__user16__7-3-1,34,Sit_down,user16,7-3-1,train,16,16,16,0,0,1,1.0
train__c34__user16__7-3-2,34,Sit_down,user16,7-3-2,train,11,11,11,0,0,1,1.0
train__c34__user16__7-3-3,34,Sit_down,user16,7-3-3,train,10,10,10,0,0,1,1.0
train__c34__user17__1-2-1,34,Sit_down,user17,1-2-1,validation,13,13,13,0,0,1,1.0
train__c34__user17__1-2-2,34,Sit_down,user17,1-2-2,validation,9,9,9,0,0,1,1.0
train__c34__user17__1-2-3,34,Sit_down,user17,1-2-3,validation,9,9,9,0,0,1,1.0
train__c34__user17__2-2-1,34,Sit_down,user17,2-2-1,validation,11,11,11,0,0,1,1.0
train__c34__user17__2-2-2,34,Sit_down,user17,2-2-2,validation,9,9,9,0,0,1,1.0
train__c34__user17__2-2-3,34,Sit_down,user17,2-2-3,validation,9,9,9,0,0,1,1.0
train__c34__user17__4-1-1,34,Sit_down,user17,4-1-1,validation,12,11,11,0,1,2,0.9166666666666666
train__c34__user17__4-1-2,34,Sit_down,user17,4-1-2,validation,7,7,7,0,0,1,1.0
train__c34__user17__4-1-3,34,Sit_down,user17,4-1-3,validation,8,8,8,0,0,1,1.0
train__c34__user17__7-1-1,34,Sit_down,user17,7-1-1,validation,8,0,0,0,8,0,0.0
train__c34__user17__7-1-2,34,Sit_down,user17,7-1-2,validation,7,5,5,0,2,1,0.7142857142857143
train__c34__user17__7-1-3,34,Sit_down,user17,7-1-3,validation,7,0,0,0,7,0,0.0
train__c34__user18__4-1-2,34,Sit_down,user18,4-1-2,train,6,6,6,0,0,1,1.0
train__c34__user18__4-1-3,34,Sit_down,user18,4-1-3,train,7,7,7,0,0,1,1.0
train__c34__user18__5-1-3,34,Sit_down,user18,5-1-3,train,39,39,39,0,0,1,1.0
train__c34__user19__1-2-1,34,Sit_down,user19,1-2-1,train,12,12,12,0,0,1,1.0
train__c34__user19__1-2-2,34,Sit_down,user19,1-2-2,train,13,13,0,13,0,1,1.0
train__c34__user19__1-2-3,34,Sit_down,user19,1-2-3,train,9,9,9,0,0,1,1.0
train__c34__user19__5-3-1,34,Sit_down,user19,5-3-1,train,11,11,11,0,0,1,1.0
train__c34__user19__5-3-2,34,Sit_down,user19,5-3-2,train,9,9,9,0,0,1,1.0
train__c34__user19__5-3-3,34,Sit_down,user19,5-3-3,train,9,9,9,0,0,1,1.0
train__c34__user19__6-1-1,34,Sit_down,user19,6-1-1,train,10,10,10,0,0,1,1.0
train__c34__user19__6-1-2,34,Sit_down,user19,6-1-2,train,7,7,7,0,0,1,1.0
train__c34__user19__6-1-3,34,Sit_down,user19,6-1-3,train,9,9,9,0,0,1,1.0
train__c34__user1__2-2-1,34,Sit_down,user1,2-2-1,train,14,14,14,0,0,1,1.0
train__c34__user1__2-2-2,34,Sit_down,user1,2-2-2,train,17,17,17,0,0,1,1.0
train__c34__user1__2-2-3,34,Sit_down,user1,2-2-3,train,9,9,9,0,0,1,1.0
train__c34__user1__3-2-1,34,Sit_down,user1,3-2-1,train,13,13,13,0,0,1,1.0
train__c34__user1__3-2-2,34,Sit_down,user1,3-2-2,train,14,14,14,0,0,1,1.0
train__c34__user1__3-2-3,34,Sit_down,user1,3-2-3,train,9,9,9,0,0,1,1.0
train__c34__user1__6-2-1,34,Sit_down,user1,6-2-1,train,9,9,9,0,0,1,1.0
train__c34__user1__6-2-2,34,Sit_down,user1,6-2-2,train,15,15,15,0,0,1,1.0
train__c34__user1__6-2-3,34,Sit_down,user1,6-2-3,train,8,8,8,0,0,1,1.0
train__c34__user1__7-1-1,34,Sit_down,user1,7-1-1,train,17,17,17,0,0,1,1.0
train__c34__user1__7-1-2,34,Sit_down,user1,7-1-2,train,20,20,20,0,0,1,1.0
train__c34__user1__7-1-3,34,Sit_down,user1,7-1-3,train,11,11,11,0,0,1,1.0
train__c34__user22__1-2-2,34,Sit_down,user22,1-2-2,train,6,6,6,0,0,1,1.0
train__c34__user22__1-2-3,34,Sit_down,user22,1-2-3,train,8,8,8,0,0,1,1.0
train__c34__user22__4-3-1,34,Sit_down,user22,4-3-1,train,4,4,4,0,0,1,1.0
train__c34__user22__4-3-2,34,Sit_down,user22,4-3-2,train,9,9,9,0,0,1,1.0
train__c34__user22__4-3-3,34,Sit_down,user22,4-3-3,train,9,9,9,0,0,1,1.0
train__c34__user22__5-2-1,34,Sit_down,user22,5-2-1,train,6,6,6,0,0,1,1.0
train__c34__user22__5-2-2,34,Sit_down,user22,5-2-2,train,7,7,7,0,0,1,1.0
train__c34__user22__5-2-3,34,Sit_down,user22,5-2-3,train,6,6,6,0,0,1,1.0
train__c34__user22__6-2-1,34,Sit_down,user22,6-2-1,train,12,12,12,0,0,1,1.0
train__c34__user22__6-2-2,34,Sit_down,user22,6-2-2,train,9,9,9,0,0,1,1.0
train__c34__user22__6-2-3,34,Sit_down,user22,6-2-3,train,12,12,12,0,0,1,1.0
train__c34__user22__7-1-1,34,Sit_down,user22,7-1-1,train,13,13,13,0,0,1,1.0
train__c34__user22__7-1-2,34,Sit_down,user22,7-1-2,train,11,11,11,0,0,1,1.0
train__c34__user22__7-1-3,34,Sit_down,user22,7-1-3,train,10,10,10,0,0,1,1.0
train__c34__user23__3-2-2,34,Sit_down,user23,3-2-2,validation,13,13,13,0,0,1,1.0
train__c34__user23__7-3-1,34,Sit_down,user23,7-3-1,validation,17,17,17,0,0,1,1.0
train__c34__user23__7-3-2,34,Sit_down,user23,7-3-2,validation,28,28,28,0,0,1,1.0
train__c34__user23__7-3-3,34,Sit_down,user23,7-3-3,validation,20,20,20,0,0,1,1.0
train__c34__user24__4-1-1,34,Sit_down,user24,4-1-1,validation,15,15,15,0,0,1,1.0
train__c34__user24__4-1-2,34,Sit_down,user24,4-1-2,validation,11,11,11,0,0,1,1.0
train__c34__user24__4-1-3,34,Sit_down,user24,4-1-3,validation,9,9,9,0,0,1,1.0
train__c34__user24__5-1-1,34,Sit_down,user24,5-1-1,validation,11,11,11,0,0,1,1.0
train__c34__user24__5-1-2,34,Sit_down,user24,5-1-2,validation,10,10,10,0,0,1,1.0
train__c34__user24__5-1-3,34,Sit_down,user24,5-1-3,validation,9,9,9,0,0,1,1.0
train__c34__user24__5-3-1,34,Sit_down,user24,5-3-1,validation,10,10,10,0,0,1,1.0
train__c34__user24__5-3-2,34,Sit_down,user24,5-3-2,validation,11,11,11,0,0,1,1.0
train__c34__user24__5-3-3,34,Sit_down,user24,5-3-3,validation,8,8,8,0,0,1,1.0
train__c34__user24__7-2-1,34,Sit_down,user24,7-2-1,validation,11,11,11,0,0,1,1.0
train__c34__user24__7-2-2,34,Sit_down,user24,7-2-2,validation,9,9,9,0,0,1,1.0
train__c34__user24__7-2-3,34,Sit_down,user24,7-2-3,validation,7,7,7,0,0,1,1.0
train__c34__user2__4-3-1,34,Sit_down,user2,4-3-1,train,12,12,12,0,0,1,1.0
train__c34__user2__4-3-2,34,Sit_down,user2,4-3-2,train,18,18,18,0,0,1,1.0
train__c34__user2__4-3-3,34,Sit_down,user2,4-3-3,train,10,10,10,0,0,1,1.0
train__c34__user2__6-1-1,34,Sit_down,user2,6-1-1,train,16,16,16,0,0,1,1.0
train__c34__user2__6-1-2,34,Sit_down,user2,6-1-2,train,8,8,8,0,0,1,1.0
train__c34__user2__7-1-1,34,Sit_down,user2,7-1-1,train,24,24,24,0,0,1,1.0
train__c34__user2__7-1-2,34,Sit_down,user2,7-1-2,train,16,16,16,0,0,1,1.0
train__c34__user2__7-1-3,34,Sit_down,user2,7-1-3,train,14,14,14,0,0,1,1.0
train__c34__user2__7-3-1,34,Sit_down,user2,7-3-1,train,14,14,14,0,0,1,1.0
train__c34__user2__7-3-2,34,Sit_down,user2,7-3-2,train,8,8,8,0,0,1,1.0
train__c34__user2__7-3-3,34,Sit_down,user2,7-3-3,train,7,7,7,0,0,1,1.0
train__c34__user3__3-2-1,34,Sit_down,user3,3-2-1,train,9,9,9,0,0,1,1.0
train__c34__user3__3-2-2,34,Sit_down,user3,3-2-2,train,4,4,4,0,0,1,1.0
train__c34__user3__3-2-3,34,Sit_down,user3,3-2-3,train,6,6,6,0,0,1,1.0
train__c34__user3__5-2-1,34,Sit_down,user3,5-2-1,train,5,5,5,0,0,1,1.0
train__c34__user3__5-2-2,34,Sit_down,user3,5-2-2,train,5,5,5,0,0,1,1.0
train__c34__user3__5-2-3,34,Sit_down,user3,5-2-3,train,7,7,7,0,0,1,1.0
train__c34__user3__6-2-2,34,Sit_down,user3,6-2-2,train,6,6,6,0,0,1,1.0
train__c34__user4__7-2-1,34,Sit_down,user4,7-2-1,validation,14,14,14,0,0,1,1.0
train__c34__user4__7-2-2,34,Sit_down,user4,7-2-2,validation,16,16,16,0,0,1,1.0
train__c34__user4__7-2-3,34,Sit_down,user4,7-2-3,validation,17,17,17,0,0,1,1.0
train__c34__user5__3-1-1,34,Sit_down,user5,3-1-1,train,23,23,23,0,0,1,1.0
train__c34__user5__3-1-2,34,Sit_down,user5,3-1-2,train,13,13,13,0,0,1,1.0
train__c34__user5__3-1-3,34,Sit_down,user5,3-1-3,train,10,10,10,0,0,1,1.0
train__c34__user5__7-1-1,34,Sit_down,user5,7-1-1,train,14,14,14,0,0,1,1.0
train__c34__user5__7-1-2,34,Sit_down,user5,7-1-2,train,8,8,8,0,0,1,1.0
train__c34__user5__7-1-3,34,Sit_down,user5,7-1-3,train,9,9,9,0,0,1,1.0
train__c34__user6__4-1-1,34,Sit_down,user6,4-1-1,train,11,11,11,0,0,1,1.0
train__c34__user6__4-1-2,34,Sit_down,user6,4-1-2,train,10,10,10,0,0,1,1.0
train__c34__user6__4-1-3,34,Sit_down,user6,4-1-3,train,11,11,11,0,0,1,1.0
train__c34__user6__5-1-2,34,Sit_down,user6,5-1-2,train,87,87,87,0,0,1,1.0
train__c34__user6__5-3-1,34,Sit_down,user6,5-3-1,train,20,20,20,0,0,1,1.0
train__c34__user6__5-3-2,34,Sit_down,user6,5-3-2,train,9,9,9,0,0,1,1.0
train__c34__user6__5-3-3,34,Sit_down,user6,5-3-3,train,9,9,0,9,0,1,1.0
train__c34__user6__7-1-1,34,Sit_down,user6,7-1-1,train,22,22,22,0,0,1,1.0
train__c34__user6__7-1-2,34,Sit_down,user6,7-1-2,train,19,19,19,0,0,1,1.0
train__c34__user6__7-1-3,34,Sit_down,user6,7-1-3,train,10,10,9,1,0,1,1.0
train__c34__user6__7-3-1,34,Sit_down,user6,7-3-1,train,32,32,32,0,0,1,1.0
train__c34__user6__7-3-2,34,Sit_down,user6,7-3-2,train,11,11,11,0,0,1,1.0
train__c34__user6__7-3-3,34,Sit_down,user6,7-3-3,train,12,12,11,1,0,1,1.0
train__c34__user7__1-2-1,34,Sit_down,user7,1-2-1,train,10,10,10,0,0,1,1.0
train__c34__user7__1-2-2,34,Sit_down,user7,1-2-2,train,6,6,6,0,0,1,1.0
train__c34__user7__1-2-3,34,Sit_down,user7,1-2-3,train,11,11,11,0,0,1,1.0
train__c34__user7__2-2-1,34,Sit_down,user7,2-2-1,train,20,20,20,0,0,1,1.0
train__c34__user7__2-2-2,34,Sit_down,user7,2-2-2,train,14,14,14,0,0,1,1.0
train__c34__user7__2-2-3,34,Sit_down,user7,2-2-3,train,16,16,16,0,0,1,1.0
train__c34__user7__4-1-1,34,Sit_down,user7,4-1-1,train,11,11,11,0,0,1,1.0
train__c34__user7__4-1-2,34,Sit_down,user7,4-1-2,train,13,13,13,0,0,1,1.0
train__c34__user7__4-1-3,34,Sit_down,user7,4-1-3,train,15,15,15,0,0,1,1.0
train__c34__user7__5-3-1,34,Sit_down,user7,5-3-1,train,32,32,32,0,0,1,1.0
train__c34__user7__5-3-2,34,Sit_down,user7,5-3-2,train,17,17,17,0,0,1,1.0
train__c34__user7__5-3-3,34,Sit_down,user7,5-3-3,train,7,7,7,0,0,1,1.0
train__c34__user7__6-3-1,34,Sit_down,user7,6-3-1,train,12,12,12,0,0,1,1.0
train__c34__user7__6-3-3,34,Sit_down,user7,6-3-3,train,8,8,2,6,0,1,1.0
train__c34__user7__7-1-1,34,Sit_down,user7,7-1-1,train,14,14,14,0,0,1,1.0
train__c34__user7__7-1-2,34,Sit_down,user7,7-1-2,train,17,17,17,0,0,1,1.0
train__c34__user7__7-1-3,34,Sit_down,user7,7-1-3,train,7,7,2,5,0,1,1.0
train__c34__user8__4-1-1,34,Sit_down,user8,4-1-1,train,7,7,7,0,0,1,1.0
train__c34__user8__4-1-2,34,Sit_down,user8,4-1-2,train,6,6,1,5,0,1,1.0
train__c34__user8__4-1-3,34,Sit_down,user8,4-1-3,train,10,10,10,0,0,1,1.0
train__c34__user8__5-1-1,34,Sit_down,user8,5-1-1,train,11,11,11,0,0,1,1.0
train__c34__user8__5-1-2,34,Sit_down,user8,5-1-2,train,6,6,6,0,0,1,1.0
train__c34__user8__5-1-3,34,Sit_down,user8,5-1-3,train,6,6,6,0,0,1,1.0
train__c34__user9__1-2-1,34,Sit_down,user9,1-2-1,train,7,7,7,0,0,1,1.0
train__c34__user9__1-2-2,34,Sit_down,user9,1-2-2,train,5,5,5,0,0,1,1.0
train__c34__user9__1-2-3,34,Sit_down,user9,1-2-3,train,7,7,7,0,0,1,1.0
train__c34__user9__5-3-1,34,Sit_down,user9,5-3-1,train,11,11,11,0,0,1,1.0
train__c34__user9__5-3-2,34,Sit_down,user9,5-3-2,train,8,8,8,0,0,1,1.0
train__c34__user9__5-3-3,34,Sit_down,user9,5-3-3,train,8,8,8,0,0,1,1.0
train__c34__user9__6-1-1,34,Sit_down,user9,6-1-1,train,10,10,10,0,0,1,1.0
train__c34__user9__6-1-2,34,Sit_down,user9,6-1-2,train,3,3,3,0,0,1,1.0
train__c34__user9__6-1-3,34,Sit_down,user9,6-1-3,train,9,9,9,0,0,1,1.0
train__c35__user16__6-1-1,35,Do_lunges,user16,6-1-1,train,79,79,55,24,0,1,1.0
train__c35__user16__6-1-2,35,Do_lunges,user16,6-1-2,train,26,26,26,0,0,1,1.0
train__c35__user16__6-1-3,35,Do_lunges,user16,6-1-3,train,42,42,42,0,0,1,1.0
train__c35__user18__5-1-1,35,Do_lunges,user18,5-1-1,train,21,21,21,0,0,1,1.0
train__c35__user18__5-1-2,35,Do_lunges,user18,5-1-2,train,38,38,38,0,0,1,1.0
train__c35__user18__5-1-3,35,Do_lunges,user18,5-1-3,train,9,9,9,0,0,1,1.0
train__c35__user1__3-2-1,35,Do_lunges,user1,3-2-1,train,56,56,56,0,0,1,1.0
train__c35__user1__3-2-2,35,Do_lunges,user1,3-2-2,train,44,44,44,0,0,1,1.0
train__c35__user1__3-2-3,35,Do_lunges,user1,3-2-3,train,35,35,35,0,0,1,1.0
train__c35__user20__1-2-1,35,Do_lunges,user20,1-2-1,train,28,28,28,0,0,1,1.0
train__c35__user20__1-2-2,35,Do_lunges,user20,1-2-2,train,16,16,16,0,0,1,1.0
train__c35__user20__1-2-3,35,Do_lunges,user20,1-2-3,train,28,28,28,0,0,1,1.0
train__c35__user23__1-2-1,35,Do_lunges,user23,1-2-1,validation,38,34,34,0,4,1,0.8947368421052632
train__c35__user23__1-2-2,35,Do_lunges,user23,1-2-2,validation,6,6,6,0,0,1,1.0
train__c35__user23__1-2-3,35,Do_lunges,user23,1-2-3,validation,23,23,23,0,0,1,1.0
train__c35__user23__5-3-2,35,Do_lunges,user23,5-3-2,validation,26,26,26,0,0,1,1.0
train__c35__user23__5-3-3,35,Do_lunges,user23,5-3-3,validation,25,25,25,0,0,1,1.0
train__c35__user5__6-1-1,35,Do_lunges,user5,6-1-1,train,68,68,68,0,0,1,1.0
train__c35__user5__6-1-2,35,Do_lunges,user5,6-1-2,train,42,42,42,0,0,1,1.0
train__c35__user5__6-1-3,35,Do_lunges,user5,6-1-3,train,37,37,37,0,0,1,1.0
train__c35__user6__6-1-1,35,Do_lunges,user6,6-1-1,train,50,50,50,0,0,1,1.0
train__c35__user6__6-1-2,35,Do_lunges,user6,6-1-2,train,37,37,37,0,0,1,1.0
train__c35__user6__6-1-3,35,Do_lunges,user6,6-1-3,train,41,41,39,2,0,1,1.0
train__c35__user8__5-1-1,35,Do_lunges,user8,5-1-1,train,59,59,59,0,0,1,1.0
train__c35__user8__5-1-2,35,Do_lunges,user8,5-1-2,train,37,37,37,0,0,1,1.0
train__c35__user8__5-1-3,35,Do_lunges,user8,5-1-3,train,33,33,32,1,0,1,1.0
train__c36__user16__1-1-1,36,Walk,user16,1-1-1,train,43,43,43,0,0,1,1.0
train__c36__user16__1-1-2,36,Walk,user16,1-1-2,train,12,12,12,0,0,1,1.0
train__c36__user16__1-1-3,36,Walk,user16,1-1-3,train,11,11,11,0,0,1,1.0
train__c36__user16__2-3-1,36,Walk,user16,2-3-1,train,28,28,28,0,0,1,1.0
train__c36__user16__2-3-2,36,Walk,user16,2-3-2,train,23,23,23,0,0,1,1.0
train__c36__user16__2-3-3,36,Walk,user16,2-3-3,train,15,15,15,0,0,1,1.0
train__c36__user16__3-1-1,36,Walk,user16,3-1-1,train,5,5,5,0,0,1,1.0
train__c36__user16__3-1-2,36,Walk,user16,3-1-2,train,10,10,10,0,0,1,1.0
train__c36__user16__3-1-3,36,Walk,user16,3-1-3,train,8,8,8,0,0,1,1.0
train__c36__user16__3-3-1,36,Walk,user16,3-3-1,train,18,18,18,0,0,1,1.0
train__c36__user16__3-3-2,36,Walk,user16,3-3-2,train,18,18,18,0,0,1,1.0
train__c36__user16__3-3-3,36,Walk,user16,3-3-3,train,11,11,11,0,0,1,1.0
train__c36__user16__5-2-1,36,Walk,user16,5-2-1,train,21,21,21,0,0,1,1.0
train__c36__user16__5-2-2,36,Walk,user16,5-2-2,train,21,21,21,0,0,1,1.0
train__c36__user16__5-2-3,36,Walk,user16,5-2-3,train,17,17,17,0,0,1,1.0
train__c36__user16__5-3-1,36,Walk,user16,5-3-1,train,48,48,48,0,0,2,1.0
train__c36__user16__5-3-2,36,Walk,user16,5-3-2,train,50,50,50,0,0,2,1.0
train__c36__user16__5-3-3,36,Walk,user16,5-3-3,train,32,32,32,0,0,2,1.0
train__c36__user16__7-3-1,36,Walk,user16,7-3-1,train,38,38,38,0,0,1,1.0
train__c36__user16__7-3-2,36,Walk,user16,7-3-2,train,32,32,32,0,0,1,1.0
train__c36__user16__7-3-3,36,Walk,user16,7-3-3,train,18,18,18,0,0,1,1.0
train__c36__user17__1-2-1,36,Walk,user17,1-2-1,validation,37,37,37,0,0,1,1.0
train__c36__user17__1-2-2,36,Walk,user17,1-2-2,validation,24,24,24,0,0,1,1.0
train__c36__user17__1-2-3,36,Walk,user17,1-2-3,validation,27,27,27,0,0,1,1.0
train__c36__user17__3-2-1,36,Walk,user17,3-2-1,validation,20,20,20,0,0,1,1.0
train__c36__user17__3-2-2,36,Walk,user17,3-2-2,validation,14,14,14,0,0,1,1.0
train__c36__user17__3-2-3,36,Walk,user17,3-2-3,validation,12,12,12,0,0,1,1.0
train__c36__user17__3-3-1,36,Walk,user17,3-3-1,validation,21,21,21,0,0,1,1.0
train__c36__user17__3-3-2,36,Walk,user17,3-3-2,validation,19,19,19,0,0,1,1.0
train__c36__user17__3-3-3,36,Walk,user17,3-3-3,validation,9,9,9,0,0,1,1.0
train__c36__user17__4-1-1,36,Walk,user17,4-1-1,validation,21,21,21,0,0,1,1.0
train__c36__user17__4-1-2,36,Walk,user17,4-1-2,validation,24,24,24,0,0,1,1.0
train__c36__user17__4-1-3,36,Walk,user17,4-1-3,validation,14,14,14,0,0,1,1.0
train__c36__user17__5-2-1,36,Walk,user17,5-2-1,validation,20,20,20,0,0,1,1.0
train__c36__user17__5-2-2,36,Walk,user17,5-2-2,validation,15,15,15,0,0,1,1.0
train__c36__user17__5-2-3,36,Walk,user17,5-2-3,validation,13,13,13,0,0,1,1.0
train__c36__user17__6-1-1,36,Walk,user17,6-1-1,validation,27,27,27,0,0,1,1.0
train__c36__user17__6-1-2,36,Walk,user17,6-1-2,validation,14,14,14,0,0,1,1.0
train__c36__user17__6-1-3,36,Walk,user17,6-1-3,validation,11,11,11,0,0,1,1.0
train__c36__user18__1-2-1,36,Walk,user18,1-2-1,train,26,26,26,0,0,1,1.0
train__c36__user18__1-2-2,36,Walk,user18,1-2-2,train,16,16,16,0,0,1,1.0
train__c36__user18__1-2-3,36,Walk,user18,1-2-3,train,28,28,28,0,0,1,1.0
train__c36__user18__2-2-1,36,Walk,user18,2-2-1,train,25,25,25,0,0,1,1.0
train__c36__user18__2-2-2,36,Walk,user18,2-2-2,train,21,21,21,0,0,1,1.0
train__c36__user18__2-2-3,36,Walk,user18,2-2-3,train,15,15,15,0,0,1,1.0
train__c36__user18__3-3-1,36,Walk,user18,3-3-1,train,25,25,25,0,0,1,1.0
train__c36__user18__3-3-2,36,Walk,user18,3-3-2,train,18,18,18,0,0,1,1.0
train__c36__user18__3-3-3,36,Walk,user18,3-3-3,train,25,25,25,0,0,1,1.0
train__c36__user18__4-2-1,36,Walk,user18,4-2-1,train,24,24,24,0,0,1,1.0
train__c36__user18__4-2-2,36,Walk,user18,4-2-2,train,20,20,20,0,0,1,1.0
train__c36__user18__4-2-3,36,Walk,user18,4-2-3,train,24,24,24,0,0,1,1.0
train__c36__user18__6-2-1,36,Walk,user18,6-2-1,train,22,22,21,1,0,1,1.0
train__c36__user18__6-2-2,36,Walk,user18,6-2-2,train,15,15,15,0,0,1,1.0
train__c36__user18__6-2-3,36,Walk,user18,6-2-3,train,16,16,16,0,0,1,1.0
train__c36__user19__1-2-1,36,Walk,user19,1-2-1,train,14,14,3,11,0,1,1.0
train__c36__user19__1-2-2,36,Walk,user19,1-2-2,train,6,6,0,6,0,1,1.0
train__c36__user19__1-2-3,36,Walk,user19,1-2-3,train,10,10,10,0,0,1,1.0
train__c36__user19__2-2-1,36,Walk,user19,2-2-1,train,23,23,23,0,0,1,1.0
train__c36__user19__2-2-2,36,Walk,user19,2-2-2,train,13,13,13,0,0,1,1.0
train__c36__user19__2-2-3,36,Walk,user19,2-2-3,train,12,12,12,0,0,1,1.0
train__c36__user19__2-3-1,36,Walk,user19,2-3-1,train,16,16,16,0,0,1,1.0
train__c36__user19__2-3-2,36,Walk,user19,2-3-2,train,15,15,15,0,0,1,1.0
train__c36__user19__2-3-3,36,Walk,user19,2-3-3,train,10,10,10,0,0,1,1.0
train__c36__user19__3-2-1,36,Walk,user19,3-2-1,train,18,18,18,0,0,1,1.0
train__c36__user19__3-2-2,36,Walk,user19,3-2-2,train,14,14,14,0,0,1,1.0
train__c36__user19__3-2-3,36,Walk,user19,3-2-3,train,8,8,8,0,0,1,1.0
train__c36__user19__3-3-1,36,Walk,user19,3-3-1,train,7,7,7,0,0,1,1.0
train__c36__user19__3-3-2,36,Walk,user19,3-3-2,train,5,5,5,0,0,1,1.0
train__c36__user19__4-2-1,36,Walk,user19,4-2-1,train,17,17,17,0,0,1,1.0
train__c36__user19__4-2-2,36,Walk,user19,4-2-2,train,10,10,10,0,0,1,1.0
train__c36__user19__4-2-3,36,Walk,user19,4-2-3,train,7,7,7,0,0,1,1.0
train__c36__user19__4-3-1,36,Walk,user19,4-3-1,train,12,12,12,0,0,1,1.0
train__c36__user19__4-3-2,36,Walk,user19,4-3-2,train,9,9,9,0,0,1,1.0
train__c36__user19__4-3-3,36,Walk,user19,4-3-3,train,7,7,7,0,0,1,1.0
train__c36__user19__5-3-1,36,Walk,user19,5-3-1,train,13,13,13,0,0,1,1.0
train__c36__user19__5-3-2,36,Walk,user19,5-3-2,train,17,17,17,0,0,1,1.0
train__c36__user19__5-3-3,36,Walk,user19,5-3-3,train,9,9,9,0,0,1,1.0
train__c36__user19__7-2-1,36,Walk,user19,7-2-1,train,17,17,17,0,0,1,1.0
train__c36__user19__7-2-2,36,Walk,user19,7-2-2,train,14,14,14,0,0,1,1.0
train__c36__user19__7-2-3,36,Walk,user19,7-2-3,train,16,16,16,0,0,1,1.0
train__c36__user1__1-2-1,36,Walk,user1,1-2-1,train,14,14,14,0,0,1,1.0
train__c36__user1__1-2-2,36,Walk,user1,1-2-2,train,16,16,16,0,0,1,1.0
train__c36__user1__2-1-1,36,Walk,user1,2-1-1,train,17,17,17,0,0,1,1.0
train__c36__user1__2-1-2,36,Walk,user1,2-1-2,train,19,19,19,0,0,1,1.0
train__c36__user1__2-1-3,36,Walk,user1,2-1-3,train,10,10,10,0,0,1,1.0
train__c36__user1__2-2-1,36,Walk,user1,2-2-1,train,47,47,47,0,0,1,1.0
train__c36__user1__2-2-2,36,Walk,user1,2-2-2,train,52,52,52,0,0,1,1.0
train__c36__user1__2-2-3,36,Walk,user1,2-2-3,train,20,20,20,0,0,1,1.0
train__c36__user1__3-2-1,36,Walk,user1,3-2-1,train,31,31,31,0,0,1,1.0
train__c36__user1__3-2-2,36,Walk,user1,3-2-2,train,36,36,36,0,0,1,1.0
train__c36__user1__3-2-3,36,Walk,user1,3-2-3,train,14,14,13,1,0,1,1.0
train__c36__user1__6-1-1,36,Walk,user1,6-1-1,train,17,17,17,0,0,1,1.0
train__c36__user1__6-1-2,36,Walk,user1,6-1-2,train,12,12,12,0,0,1,1.0
train__c36__user1__6-1-3,36,Walk,user1,6-1-3,train,9,9,9,0,0,1,1.0
train__c36__user1__6-2-1,36,Walk,user1,6-2-1,train,30,30,30,0,0,1,1.0
train__c36__user1__6-2-2,36,Walk,user1,6-2-2,train,24,24,24,0,0,1,1.0
train__c36__user1__6-2-3,36,Walk,user1,6-2-3,train,16,16,16,0,0,1,1.0
train__c36__user20__2-2-1,36,Walk,user20,2-2-1,train,23,23,23,0,0,1,1.0
train__c36__user20__2-2-2,36,Walk,user20,2-2-2,train,19,19,19,0,0,1,1.0
train__c36__user20__2-2-3,36,Walk,user20,2-2-3,train,13,12,12,0,1,2,0.9230769230769231
train__c36__user20__4-2-1,36,Walk,user20,4-2-1,train,16,16,16,0,0,1,1.0
train__c36__user20__4-2-2,36,Walk,user20,4-2-2,train,19,19,19,0,0,1,1.0
train__c36__user20__4-2-3,36,Walk,user20,4-2-3,train,29,29,29,0,0,1,1.0
train__c36__user20__7-2-1,36,Walk,user20,7-2-1,train,33,33,33,0,0,1,1.0
train__c36__user20__7-2-2,36,Walk,user20,7-2-2,train,30,30,30,0,0,1,1.0
train__c36__user20__7-2-3,36,Walk,user20,7-2-3,train,22,22,22,0,0,1,1.0
train__c36__user21__1-1-1,36,Walk,user21,1-1-1,train,12,12,12,0,0,1,1.0
train__c36__user21__1-1-2,36,Walk,user21,1-1-2,train,11,11,11,0,0,1,1.0
train__c36__user21__1-1-3,36,Walk,user21,1-1-3,train,7,7,7,0,0,1,1.0
train__c36__user21__1-2-1,36,Walk,user21,1-2-1,train,26,26,26,0,0,1,1.0
train__c36__user21__1-2-2,36,Walk,user21,1-2-2,train,13,13,13,0,0,1,1.0
train__c36__user21__1-2-3,36,Walk,user21,1-2-3,train,18,18,18,0,0,1,1.0
train__c36__user21__2-2-1,36,Walk,user21,2-2-1,train,19,19,19,0,0,1,1.0
train__c36__user21__2-2-2,36,Walk,user21,2-2-2,train,37,37,37,0,0,1,1.0
train__c36__user21__2-2-3,36,Walk,user21,2-2-3,train,10,10,10,0,0,1,1.0
train__c36__user21__3-2-1,36,Walk,user21,3-2-1,train,22,22,22,0,0,1,1.0
train__c36__user21__3-2-2,36,Walk,user21,3-2-2,train,22,22,22,0,0,1,1.0
train__c36__user21__3-2-3,36,Walk,user21,3-2-3,train,11,11,11,0,0,1,1.0
train__c36__user21__4-1-1,36,Walk,user21,4-1-1,train,21,21,21,0,0,1,1.0
train__c36__user21__4-1-2,36,Walk,user21,4-1-2,train,15,15,15,0,0,1,1.0
train__c36__user21__4-1-3,36,Walk,user21,4-1-3,train,16,16,16,0,0,1,1.0
train__c36__user21__5-1-1,36,Walk,user21,5-1-1,train,6,6,6,0,0,1,1.0
train__c36__user21__5-1-2,36,Walk,user21,5-1-2,train,10,10,10,0,0,1,1.0
train__c36__user21__5-1-3,36,Walk,user21,5-1-3,train,5,5,5,0,0,1,1.0
train__c36__user21__5-2-1,36,Walk,user21,5-2-1,train,18,18,18,0,0,1,1.0
train__c36__user21__5-2-2,36,Walk,user21,5-2-2,train,23,23,23,0,0,1,1.0
train__c36__user21__5-2-3,36,Walk,user21,5-2-3,train,16,16,16,0,0,1,1.0
train__c36__user21__6-2-1,36,Walk,user21,6-2-1,train,30,30,30,0,0,1,1.0
train__c36__user21__6-2-2,36,Walk,user21,6-2-2,train,28,28,28,0,0,1,1.0
train__c36__user21__6-2-3,36,Walk,user21,6-2-3,train,13,13,13,0,0,1,1.0
train__c36__user22__1-2-1,36,Walk,user22,1-2-1,train,13,13,13,0,0,1,1.0
train__c36__user22__1-2-2,36,Walk,user22,1-2-2,train,8,8,8,0,0,1,1.0
train__c36__user22__1-2-3,36,Walk,user22,1-2-3,train,6,6,6,0,0,1,1.0
train__c36__user22__2-1-1,36,Walk,user22,2-1-1,train,17,17,17,0,0,1,1.0
train__c36__user22__2-1-2,36,Walk,user22,2-1-2,train,11,11,11,0,0,1,1.0
train__c36__user22__2-1-3,36,Walk,user22,2-1-3,train,9,9,9,0,0,1,1.0
train__c36__user22__2-2-1,36,Walk,user22,2-2-1,train,11,11,11,0,0,1,1.0
train__c36__user22__2-2-2,36,Walk,user22,2-2-2,train,9,9,9,0,0,1,1.0
train__c36__user22__2-2-3,36,Walk,user22,2-2-3,train,6,6,6,0,0,1,1.0
train__c36__user22__3-1-1,36,Walk,user22,3-1-1,train,13,13,13,0,0,1,1.0
train__c36__user22__3-1-2,36,Walk,user22,3-1-2,train,15,15,15,0,0,1,1.0
train__c36__user22__3-2-1,36,Walk,user22,3-2-1,train,12,12,12,0,0,1,1.0
train__c36__user22__3-2-2,36,Walk,user22,3-2-2,train,17,17,17,0,0,1,1.0
train__c36__user22__3-2-3,36,Walk,user22,3-2-3,train,10,10,10,0,0,1,1.0
train__c36__user22__4-2-1,36,Walk,user22,4-2-1,train,11,11,11,0,0,1,1.0
train__c36__user22__4-2-2,36,Walk,user22,4-2-2,train,10,10,10,0,0,1,1.0
train__c36__user22__4-2-3,36,Walk,user22,4-2-3,train,4,4,4,0,0,1,1.0
train__c36__user22__5-2-1,36,Walk,user22,5-2-1,train,14,14,14,0,0,1,1.0
train__c36__user22__5-2-2,36,Walk,user22,5-2-2,train,15,15,15,0,0,1,1.0
train__c36__user22__5-2-3,36,Walk,user22,5-2-3,train,14,14,14,0,0,1,1.0
train__c36__user22__6-2-1,36,Walk,user22,6-2-1,train,13,13,13,0,0,1,1.0
train__c36__user22__6-2-2,36,Walk,user22,6-2-2,train,11,11,11,0,0,1,1.0
train__c36__user23__2-2-1,36,Walk,user23,2-2-1,validation,11,11,11,0,0,1,1.0
train__c36__user23__2-2-2,36,Walk,user23,2-2-2,validation,11,11,11,0,0,1,1.0
train__c36__user23__2-2-3,36,Walk,user23,2-2-3,validation,11,11,11,0,0,1,1.0
train__c36__user23__2-3-1,36,Walk,user23,2-3-1,validation,28,28,28,0,0,1,1.0
train__c36__user23__2-3-2,36,Walk,user23,2-3-2,validation,21,21,21,0,0,1,1.0
train__c36__user23__2-3-3,36,Walk,user23,2-3-3,validation,12,12,12,0,0,1,1.0
train__c36__user23__3-2-1,36,Walk,user23,3-2-1,validation,21,21,21,0,0,1,1.0
train__c36__user23__3-2-2,36,Walk,user23,3-2-2,validation,11,11,11,0,0,1,1.0
train__c36__user23__3-2-3,36,Walk,user23,3-2-3,validation,21,21,21,0,0,1,1.0
train__c36__user23__4-2-1,36,Walk,user23,4-2-1,validation,7,7,7,0,0,1,1.0
train__c36__user23__4-2-2,36,Walk,user23,4-2-2,validation,6,6,6,0,0,1,1.0
train__c36__user23__4-2-3,36,Walk,user23,4-2-3,validation,12,12,12,0,0,1,1.0
train__c36__user23__5-3-1,36,Walk,user23,5-3-1,validation,13,11,11,0,2,2,0.8461538461538461
train__c36__user23__5-3-3,36,Walk,user23,5-3-3,validation,16,16,16,0,0,1,1.0
train__c36__user23__7-3-1,36,Walk,user23,7-3-1,validation,21,21,21,0,0,1,1.0
train__c36__user23__7-3-2,36,Walk,user23,7-3-2,validation,11,11,11,0,0,1,1.0
train__c36__user23__7-3-3,36,Walk,user23,7-3-3,validation,9,9,9,0,0,1,1.0
train__c36__user24__1-2-1,36,Walk,user24,1-2-1,validation,15,15,15,0,0,1,1.0
train__c36__user24__1-2-2,36,Walk,user24,1-2-2,validation,13,13,13,0,0,1,1.0
train__c36__user24__1-2-3,36,Walk,user24,1-2-3,validation,15,15,15,0,0,1,1.0
train__c36__user24__3-2-1,36,Walk,user24,3-2-1,validation,34,34,34,0,0,1,1.0
train__c36__user24__3-2-2,36,Walk,user24,3-2-2,validation,15,15,15,0,0,1,1.0
train__c36__user24__3-2-3,36,Walk,user24,3-2-3,validation,15,15,15,0,0,1,1.0
train__c36__user24__4-2-1,36,Walk,user24,4-2-1,validation,24,24,24,0,0,1,1.0
train__c36__user24__4-2-2,36,Walk,user24,4-2-2,validation,19,19,19,0,0,1,1.0
train__c36__user24__4-2-3,36,Walk,user24,4-2-3,validation,17,17,17,0,0,1,1.0
train__c36__user24__5-1-1,36,Walk,user24,5-1-1,validation,29,29,29,0,0,1,1.0
train__c36__user24__5-1-2,36,Walk,user24,5-1-2,validation,27,27,27,0,0,1,1.0
train__c36__user24__5-1-3,36,Walk,user24,5-1-3,validation,20,20,20,0,0,1,1.0
train__c36__user24__5-3-1,36,Walk,user24,5-3-1,validation,26,26,26,0,0,1,1.0
train__c36__user24__5-3-2,36,Walk,user24,5-3-2,validation,24,24,24,0,0,1,1.0
train__c36__user24__5-3-3,36,Walk,user24,5-3-3,validation,19,19,19,0,0,1,1.0
train__c36__user24__6-2-1,36,Walk,user24,6-2-1,validation,18,18,18,0,0,1,1.0
train__c36__user24__6-2-2,36,Walk,user24,6-2-2,validation,6,6,6,0,0,1,1.0
train__c36__user24__6-2-3,36,Walk,user24,6-2-3,validation,6,6,6,0,0,1,1.0
train__c36__user24__7-2-1,36,Walk,user24,7-2-1,validation,27,27,27,0,0,1,1.0
train__c36__user24__7-2-2,36,Walk,user24,7-2-2,validation,18,18,18,0,0,1,1.0
train__c36__user24__7-2-3,36,Walk,user24,7-2-3,validation,22,21,21,0,1,2,0.9545454545454546
train__c36__user2__1-2-1,36,Walk,user2,1-2-1,train,43,43,43,0,0,1,1.0
train__c36__user2__1-2-2,36,Walk,user2,1-2-2,train,46,46,46,0,0,1,1.0
train__c36__user2__1-2-3,36,Walk,user2,1-2-3,train,27,27,27,0,0,1,1.0
train__c36__user2__2-1-1,36,Walk,user2,2-1-1,train,28,28,28,0,0,1,1.0
train__c36__user2__2-1-2,36,Walk,user2,2-1-2,train,30,29,29,0,1,2,0.9666666666666667
train__c36__user2__2-1-3,36,Walk,user2,2-1-3,train,14,14,10,4,0,1,1.0
train__c36__user2__3-2-2,36,Walk,user2,3-2-2,train,65,65,65,0,0,1,1.0
train__c36__user2__3-2-3,36,Walk,user2,3-2-3,train,49,49,49,0,0,1,1.0
train__c36__user2__4-1-1,36,Walk,user2,4-1-1,train,29,29,29,0,0,1,1.0
train__c36__user2__4-1-2,36,Walk,user2,4-1-2,train,33,33,32,1,0,1,1.0
train__c36__user2__4-1-3,36,Walk,user2,4-1-3,train,31,31,30,1,0,1,1.0
train__c36__user2__4-3-1,36,Walk,user2,4-3-1,train,36,36,36,0,0,1,1.0
train__c36__user2__4-3-2,36,Walk,user2,4-3-2,train,45,45,45,0,0,1,1.0
train__c36__user2__4-3-3,36,Walk,user2,4-3-3,train,35,35,35,0,0,1,1.0
train__c36__user2__5-2-1,36,Walk,user2,5-2-1,train,38,38,38,0,0,1,1.0
train__c36__user2__5-2-2,36,Walk,user2,5-2-2,train,32,32,32,0,0,1,1.0
train__c36__user2__5-2-3,36,Walk,user2,5-2-3,train,23,23,23,0,0,1,1.0
train__c36__user2__6-1-1,36,Walk,user2,6-1-1,train,20,20,20,0,0,1,1.0
train__c36__user2__6-1-2,36,Walk,user2,6-1-2,train,11,11,11,0,0,1,1.0
train__c36__user2__7-2-1,36,Walk,user2,7-2-1,train,35,34,34,0,1,2,0.9714285714285714
train__c36__user2__7-2-2,36,Walk,user2,7-2-2,train,24,24,24,0,0,1,1.0
train__c36__user2__7-2-3,36,Walk,user2,7-2-3,train,16,16,16,0,0,1,1.0
train__c36__user2__7-3-1,36,Walk,user2,7-3-1,train,58,58,58,0,0,1,1.0
train__c36__user2__7-3-2,36,Walk,user2,7-3-2,train,33,33,33,0,0,1,1.0
train__c36__user2__7-3-3,36,Walk,user2,7-3-3,train,34,34,34,0,0,1,1.0
train__c36__user3__1-2-1,36,Walk,user3,1-2-1,train,52,52,52,0,0,2,1.0
train__c36__user3__1-2-2,36,Walk,user3,1-2-2,train,58,58,58,0,0,2,1.0
train__c36__user3__1-2-3,36,Walk,user3,1-2-3,train,32,31,31,0,1,3,0.96875
train__c36__user3__2-2-1,36,Walk,user3,2-2-1,train,17,17,17,0,0,1,1.0
train__c36__user3__2-2-2,36,Walk,user3,2-2-2,train,12,12,12,0,0,1,1.0
train__c36__user3__2-2-3,36,Walk,user3,2-2-3,train,16,16,16,0,0,1,1.0
train__c36__user3__3-2-1,36,Walk,user3,3-2-1,train,36,36,36,0,0,1,1.0
train__c36__user3__3-2-2,36,Walk,user3,3-2-2,train,25,25,25,0,0,1,1.0
train__c36__user3__3-2-3,36,Walk,user3,3-2-3,train,40,40,40,0,0,1,1.0
train__c36__user3__5-2-1,36,Walk,user3,5-2-1,train,43,43,43,0,0,1,1.0
train__c36__user3__5-2-2,36,Walk,user3,5-2-2,train,23,23,23,0,0,1,1.0
train__c36__user3__5-2-3,36,Walk,user3,5-2-3,train,34,34,33,1,0,1,1.0
train__c36__user3__6-1-1,36,Walk,user3,6-1-1,train,19,19,19,0,0,1,1.0
train__c36__user3__6-1-2,36,Walk,user3,6-1-2,train,20,20,20,0,0,1,1.0
train__c36__user3__6-1-3,36,Walk,user3,6-1-3,train,13,13,13,0,0,1,1.0
train__c36__user3__6-2-1,36,Walk,user3,6-2-1,train,25,25,25,0,0,1,1.0
train__c36__user3__6-2-2,36,Walk,user3,6-2-2,train,20,18,18,0,2,3,0.9
train__c36__user3__6-2-3,36,Walk,user3,6-2-3,train,17,17,17,0,0,1,1.0
train__c36__user3__7-1-1,36,Walk,user3,7-1-1,train,24,24,24,0,0,1,1.0
train__c36__user3__7-1-2,36,Walk,user3,7-1-2,train,28,28,28,0,0,1,1.0
train__c36__user3__7-1-3,36,Walk,user3,7-1-3,train,19,19,19,0,0,1,1.0
train__c36__user4__1-2-1,36,Walk,user4,1-2-1,validation,28,28,28,0,0,1,1.0
train__c36__user4__1-2-2,36,Walk,user4,1-2-2,validation,22,21,21,0,1,2,0.9545454545454546
train__c36__user4__1-2-3,36,Walk,user4,1-2-3,validation,16,16,16,0,0,1,1.0
train__c36__user4__2-2-1,36,Walk,user4,2-2-1,validation,28,27,27,0,1,2,0.9642857142857143
train__c36__user4__2-2-2,36,Walk,user4,2-2-2,validation,28,26,26,0,2,2,0.9285714285714286
train__c36__user4__2-2-3,36,Walk,user4,2-2-3,validation,26,24,24,0,2,3,0.9230769230769231
train__c36__user4__4-2-1,36,Walk,user4,4-2-1,validation,26,26,26,0,0,1,1.0
train__c36__user4__4-2-2,36,Walk,user4,4-2-2,validation,26,25,25,0,1,2,0.9615384615384616
train__c36__user4__4-2-3,36,Walk,user4,4-2-3,validation,14,13,13,0,1,2,0.9285714285714286
train__c36__user4__5-2-1,36,Walk,user4,5-2-1,validation,39,39,39,0,0,1,1.0
train__c36__user4__5-2-2,36,Walk,user4,5-2-2,validation,25,24,24,0,1,1,0.96
train__c36__user4__5-2-3,36,Walk,user4,5-2-3,validation,14,14,14,0,0,1,1.0
train__c36__user4__7-1-1,36,Walk,user4,7-1-1,validation,21,21,21,0,0,1,1.0
train__c36__user4__7-1-2,36,Walk,user4,7-1-2,validation,28,24,24,0,4,3,0.8571428571428571
train__c36__user4__7-1-3,36,Walk,user4,7-1-3,validation,16,14,14,0,2,3,0.875
train__c36__user6__1-1-1,36,Walk,user6,1-1-1,train,26,18,9,9,8,4,0.6923076923076923
train__c36__user6__1-1-2,36,Walk,user6,1-1-2,train,24,24,10,14,0,1,1.0
train__c36__user6__1-1-3,36,Walk,user6,1-1-3,train,15,13,7,6,2,1,0.8666666666666667
train__c36__user6__2-3-1,36,Walk,user6,2-3-1,train,10,10,10,0,0,1,1.0
train__c36__user6__2-3-2,36,Walk,user6,2-3-2,train,9,9,9,0,0,1,1.0
train__c36__user6__2-3-3,36,Walk,user6,2-3-3,train,7,7,7,0,0,1,1.0
train__c36__user6__3-1-1,36,Walk,user6,3-1-1,train,28,28,24,4,0,1,1.0
train__c36__user6__3-1-2,36,Walk,user6,3-1-2,train,23,23,23,0,0,1,1.0
train__c36__user6__3-1-3,36,Walk,user6,3-1-3,train,13,13,13,0,0,1,1.0
train__c36__user6__3-3-1,36,Walk,user6,3-3-1,train,43,43,43,0,0,1,1.0
train__c36__user6__3-3-2,36,Walk,user6,3-3-2,train,40,40,40,0,0,1,1.0
train__c36__user6__3-3-3,36,Walk,user6,3-3-3,train,26,26,26,0,0,1,1.0
train__c36__user6__5-2-1,36,Walk,user6,5-2-1,train,11,11,11,0,0,1,1.0
train__c36__user6__5-2-2,36,Walk,user6,5-2-2,train,11,11,11,0,0,1,1.0
train__c36__user6__5-2-3,36,Walk,user6,5-2-3,train,6,6,6,0,0,1,1.0
train__c36__user6__5-3-1,36,Walk,user6,5-3-1,train,23,23,23,0,0,1,1.0
train__c36__user6__5-3-2,36,Walk,user6,5-3-2,train,28,27,27,0,1,2,0.9642857142857143
train__c36__user6__5-3-3,36,Walk,user6,5-3-3,train,15,12,11,1,3,3,0.8
train__c36__user6__7-3-1,36,Walk,user6,7-3-1,train,20,20,20,0,0,1,1.0
train__c36__user6__7-3-2,36,Walk,user6,7-3-2,train,19,19,19,0,0,1,1.0
train__c36__user6__7-3-3,36,Walk,user6,7-3-3,train,12,12,12,0,0,1,1.0
train__c36__user7__1-2-1,36,Walk,user7,1-2-1,train,16,16,16,0,0,1,1.0
train__c36__user7__1-2-2,36,Walk,user7,1-2-2,train,8,8,8,0,0,1,1.0
train__c36__user7__1-2-3,36,Walk,user7,1-2-3,train,17,17,17,0,0,1,1.0
train__c36__user7__3-2-1,36,Walk,user7,3-2-1,train,17,17,17,0,0,1,1.0
train__c36__user7__3-2-2,36,Walk,user7,3-2-2,train,19,19,19,0,0,1,1.0
train__c36__user7__3-2-3,36,Walk,user7,3-2-3,train,7,7,7,0,0,1,1.0
train__c36__user7__3-3-1,36,Walk,user7,3-3-1,train,9,9,3,6,0,1,1.0
train__c36__user7__3-3-3,36,Walk,user7,3-3-3,train,10,10,10,0,0,1,1.0
train__c36__user7__4-1-1,36,Walk,user7,4-1-1,train,15,15,15,0,0,1,1.0
train__c36__user7__4-1-2,36,Walk,user7,4-1-2,train,12,12,12,0,0,1,1.0
train__c36__user7__4-1-3,36,Walk,user7,4-1-3,train,7,7,7,0,0,1,1.0
train__c36__user7__5-2-1,36,Walk,user7,5-2-1,train,12,12,12,0,0,1,1.0
train__c36__user7__5-2-2,36,Walk,user7,5-2-2,train,11,11,11,0,0,1,1.0
train__c36__user7__5-2-3,36,Walk,user7,5-2-3,train,6,6,6,0,0,1,1.0
train__c36__user7__5-3-1,36,Walk,user7,5-3-1,train,17,17,17,0,0,1,1.0
train__c36__user7__5-3-2,36,Walk,user7,5-3-2,train,16,16,16,0,0,1,1.0
train__c36__user7__5-3-3,36,Walk,user7,5-3-3,train,11,11,11,0,0,1,1.0
train__c36__user7__6-1-1,36,Walk,user7,6-1-1,train,12,12,12,0,0,1,1.0
train__c36__user7__6-1-2,36,Walk,user7,6-1-2,train,10,10,10,0,0,1,1.0
train__c36__user7__6-1-3,36,Walk,user7,6-1-3,train,7,7,7,0,0,1,1.0
train__c36__user7__6-3-1,36,Walk,user7,6-3-1,train,18,18,18,0,0,1,1.0
train__c36__user7__6-3-3,36,Walk,user7,6-3-3,train,9,9,9,0,0,1,1.0
train__c36__user8__1-2-1,36,Walk,user8,1-2-1,train,18,18,18,0,0,1,1.0
train__c36__user8__1-2-2,36,Walk,user8,1-2-2,train,12,11,11,0,1,1,0.9166666666666666
train__c36__user8__1-2-3,36,Walk,user8,1-2-3,train,9,9,9,0,0,1,1.0
train__c36__user8__2-2-1,36,Walk,user8,2-2-1,train,9,9,9,0,0,1,1.0
train__c36__user8__2-2-2,36,Walk,user8,2-2-2,train,9,9,9,0,0,1,1.0
train__c36__user8__2-2-3,36,Walk,user8,2-2-3,train,7,7,7,0,0,1,1.0
train__c36__user8__3-3-1,36,Walk,user8,3-3-1,train,13,13,13,0,0,1,1.0
train__c36__user8__3-3-2,36,Walk,user8,3-3-2,train,5,5,5,0,0,1,1.0
train__c36__user8__3-3-3,36,Walk,user8,3-3-3,train,10,10,10,0,0,1,1.0
train__c36__user8__4-2-1,36,Walk,user8,4-2-1,train,15,15,15,0,0,1,1.0
train__c36__user8__4-2-2,36,Walk,user8,4-2-2,train,9,9,9,0,0,1,1.0
train__c36__user8__4-2-3,36,Walk,user8,4-2-3,train,14,14,14,0,0,1,1.0
train__c36__user8__6-2-1,36,Walk,user8,6-2-1,train,15,14,13,1,1,1,0.9333333333333333
train__c36__user8__6-2-2,36,Walk,user8,6-2-2,train,20,20,20,0,0,1,1.0
train__c36__user9__1-2-1,36,Walk,user9,1-2-1,train,13,13,13,0,0,1,1.0
train__c36__user9__1-2-2,36,Walk,user9,1-2-2,train,7,7,7,0,0,1,1.0
train__c36__user9__1-2-3,36,Walk,user9,1-2-3,train,9,9,9,0,0,1,1.0
train__c36__user9__2-2-1,36,Walk,user9,2-2-1,train,8,8,8,0,0,1,1.0
train__c36__user9__2-2-2,36,Walk,user9,2-2-2,train,9,9,9,0,0,1,1.0
train__c36__user9__2-2-3,36,Walk,user9,2-2-3,train,6,6,6,0,0,1,1.0
train__c36__user9__2-3-1,36,Walk,user9,2-3-1,train,9,9,9,0,0,1,1.0
train__c36__user9__2-3-2,36,Walk,user9,2-3-2,train,6,6,6,0,0,1,1.0
train__c36__user9__2-3-3,36,Walk,user9,2-3-3,train,5,5,5,0,0,1,1.0
train__c36__user9__3-2-1,36,Walk,user9,3-2-1,train,8,8,8,0,0,1,1.0
train__c36__user9__3-2-2,36,Walk,user9,3-2-2,train,7,7,7,0,0,1,1.0
train__c36__user9__3-2-3,36,Walk,user9,3-2-3,train,6,6,6,0,0,1,1.0
train__c36__user9__3-3-1,36,Walk,user9,3-3-1,train,23,23,23,0,0,1,1.0
train__c36__user9__3-3-2,36,Walk,user9,3-3-2,train,23,23,23,0,0,1,1.0
train__c36__user9__3-3-3,36,Walk,user9,3-3-3,train,16,16,16,0,0,1,1.0
train__c36__user9__4-2-1,36,Walk,user9,4-2-1,train,14,14,14,0,0,1,1.0
train__c36__user9__4-2-2,36,Walk,user9,4-2-2,train,15,15,15,0,0,1,1.0
train__c36__user9__4-2-3,36,Walk,user9,4-2-3,train,8,8,8,0,0,1,1.0
train__c36__user9__4-3-1,36,Walk,user9,4-3-1,train,8,8,8,0,0,1,1.0
train__c36__user9__4-3-2,36,Walk,user9,4-3-2,train,10,10,10,0,0,1,1.0
train__c36__user9__4-3-3,36,Walk,user9,4-3-3,train,5,5,5,0,0,1,1.0
train__c36__user9__5-3-1,36,Walk,user9,5-3-1,train,5,5,5,0,0,1,1.0
train__c36__user9__5-3-2,36,Walk,user9,5-3-2,train,5,5,5,0,0,1,1.0
train__c36__user9__5-3-3,36,Walk,user9,5-3-3,train,8,8,8,0,0,1,1.0
train__c36__user9__7-2-1,36,Walk,user9,7-2-1,train,7,7,7,0,0,1,1.0
train__c36__user9__7-2-2,36,Walk,user9,7-2-2,train,5,5,5,0,0,1,1.0
train__c36__user9__7-2-3,36,Walk,user9,7-2-3,train,5,5,5,0,0,1,1.0
train__c37__user16__6-2-1,37,Take_medicine,user16,6-2-1,train,27,27,27,0,0,1,1.0
train__c37__user16__6-2-2,37,Take_medicine,user16,6-2-2,train,25,25,25,0,0,1,1.0
train__c37__user16__6-2-3,37,Take_medicine,user16,6-2-3,train,30,30,30,0,0,1,1.0
train__c37__user17__4-1-1,37,Take_medicine,user17,4-1-1,validation,27,21,21,0,6,3,0.7777777777777778
train__c37__user17__4-1-2,37,Take_medicine,user17,4-1-2,validation,23,18,18,0,5,3,0.782608695652174
train__c37__user17__4-1-3,37,Take_medicine,user17,4-1-3,validation,13,8,8,0,5,1,0.6153846153846154
train__c37__user18__7-1-1,37,Take_medicine,user18,7-1-1,train,6,6,6,0,0,1,1.0
train__c37__user18__7-1-2,37,Take_medicine,user18,7-1-2,train,4,4,4,0,0,1,1.0
train__c37__user18__7-1-3,37,Take_medicine,user18,7-1-3,train,5,5,5,0,0,1,1.0
train__c37__user18__7-2-1,37,Take_medicine,user18,7-2-1,train,9,9,9,0,0,1,1.0
train__c37__user18__7-2-2,37,Take_medicine,user18,7-2-2,train,4,4,4,0,0,1,1.0
train__c37__user18__7-2-3,37,Take_medicine,user18,7-2-3,train,4,4,4,0,0,1,1.0
train__c37__user19__6-2-1,37,Take_medicine,user19,6-2-1,train,19,19,19,0,0,1,1.0
train__c37__user19__6-2-2,37,Take_medicine,user19,6-2-2,train,17,17,17,0,0,1,1.0
train__c37__user19__6-2-3,37,Take_medicine,user19,6-2-3,train,17,17,17,0,0,1,1.0
train__c37__user19__7-1-1,37,Take_medicine,user19,7-1-1,train,34,34,34,0,0,1,1.0
train__c37__user19__7-1-2,37,Take_medicine,user19,7-1-2,train,18,18,18,0,0,1,1.0
train__c37__user19__7-1-3,37,Take_medicine,user19,7-1-3,train,21,21,21,0,0,1,1.0
train__c37__user20__7-1-1,37,Take_medicine,user20,7-1-1,train,59,59,59,0,0,1,1.0
train__c37__user20__7-1-2,37,Take_medicine,user20,7-1-2,train,57,57,57,0,0,1,1.0
train__c37__user20__7-1-3,37,Take_medicine,user20,7-1-3,train,37,37,37,0,0,1,1.0
train__c37__user21__7-1-1,37,Take_medicine,user21,7-1-1,train,12,12,12,0,0,1,1.0
train__c37__user21__7-1-2,37,Take_medicine,user21,7-1-2,train,13,13,13,0,0,1,1.0
train__c37__user21__7-1-3,37,Take_medicine,user21,7-1-3,train,12,12,12,0,0,1,1.0
train__c37__user22__7-1-1,37,Take_medicine,user22,7-1-1,train,17,17,17,0,0,1,1.0
train__c37__user22__7-1-2,37,Take_medicine,user22,7-1-2,train,15,15,15,0,0,1,1.0
train__c37__user22__7-1-3,37,Take_medicine,user22,7-1-3,train,6,6,6,0,0,1,1.0
train__c37__user23__7-1-1,37,Take_medicine,user23,7-1-1,validation,42,42,42,0,0,1,1.0
train__c37__user23__7-1-3,37,Take_medicine,user23,7-1-3,validation,20,20,20,0,0,1,1.0
train__c37__user23__7-2-1,37,Take_medicine,user23,7-2-1,validation,30,30,30,0,0,1,1.0
train__c37__user23__7-2-2,37,Take_medicine,user23,7-2-2,validation,24,24,24,0,0,1,1.0
train__c37__user23__7-2-3,37,Take_medicine,user23,7-2-3,validation,10,10,10,0,0,1,1.0
train__c37__user24__5-2-1,37,Take_medicine,user24,5-2-1,validation,50,50,50,0,0,1,1.0
train__c37__user24__5-2-2,37,Take_medicine,user24,5-2-2,validation,34,34,34,0,0,1,1.0
train__c37__user24__5-2-3,37,Take_medicine,user24,5-2-3,validation,19,19,19,0,0,1,1.0
train__c37__user24__7-1-1,37,Take_medicine,user24,7-1-1,validation,26,26,26,0,0,1,1.0
train__c37__user24__7-1-2,37,Take_medicine,user24,7-1-2,validation,14,14,14,0,0,1,1.0
train__c37__user24__7-1-3,37,Take_medicine,user24,7-1-3,validation,19,19,19,0,0,1,1.0
train__c37__user2__7-1-1,37,Take_medicine,user2,7-1-1,train,44,44,44,0,0,1,1.0
train__c37__user2__7-1-2,37,Take_medicine,user2,7-1-2,train,29,29,29,0,0,1,1.0
train__c37__user2__7-1-3,37,Take_medicine,user2,7-1-3,train,29,29,29,0,0,1,1.0
train__c37__user3__2-2-1,37,Take_medicine,user3,2-2-1,train,54,54,54,0,0,1,1.0
train__c37__user3__2-2-2,37,Take_medicine,user3,2-2-2,train,13,13,13,0,0,1,1.0
train__c37__user3__2-2-3,37,Take_medicine,user3,2-2-3,train,14,14,14,0,0,1,1.0
train__c37__user3__7-1-1,37,Take_medicine,user3,7-1-1,train,10,10,10,0,0,1,1.0
train__c37__user3__7-1-2,37,Take_medicine,user3,7-1-2,train,12,12,12,0,0,1,1.0
train__c37__user3__7-1-3,37,Take_medicine,user3,7-1-3,train,9,9,9,0,0,1,1.0
train__c37__user4__7-1-1,37,Take_medicine,user4,7-1-1,validation,73,73,73,0,0,1,1.0
train__c37__user4__7-1-2,37,Take_medicine,user4,7-1-2,validation,128,128,128,0,0,1,1.0
train__c37__user4__7-1-3,37,Take_medicine,user4,7-1-3,validation,77,77,77,0,0,1,1.0
train__c37__user6__6-2-1,37,Take_medicine,user6,6-2-1,train,32,32,32,0,0,1,1.0
train__c37__user6__6-2-2,37,Take_medicine,user6,6-2-2,train,10,10,10,0,0,1,1.0
train__c37__user6__6-2-3,37,Take_medicine,user6,6-2-3,train,30,30,30,0,0,1,1.0
train__c37__user7__4-1-1,37,Take_medicine,user7,4-1-1,train,32,32,32,0,0,1,1.0
train__c37__user7__4-1-2,37,Take_medicine,user7,4-1-2,train,17,17,17,0,0,1,1.0
train__c37__user7__4-1-3,37,Take_medicine,user7,4-1-3,train,12,12,12,0,0,1,1.0
train__c37__user8__7-1-1,37,Take_medicine,user8,7-1-1,train,48,44,0,44,4,4,0.9166666666666666
train__c37__user8__7-1-2,37,Take_medicine,user8,7-1-2,train,28,27,0,27,1,2,0.9642857142857143
train__c37__user8__7-1-3,37,Take_medicine,user8,7-1-3,train,30,28,0,28,2,1,0.9333333333333333
train__c37__user8__7-2-1,37,Take_medicine,user8,7-2-1,train,31,31,31,0,0,1,1.0
train__c37__user8__7-2-2,37,Take_medicine,user8,7-2-2,train,4,4,4,0,0,1,1.0
train__c37__user8__7-2-3,37,Take_medicine,user8,7-2-3,train,20,20,20,0,0,1,1.0
train__c37__user9__6-2-1,37,Take_medicine,user9,6-2-1,train,44,44,44,0,0,1,1.0
train__c37__user9__6-2-2,37,Take_medicine,user9,6-2-2,train,29,29,29,0,0,1,1.0
train__c37__user9__6-2-3,37,Take_medicine,user9,6-2-3,train,35,35,35,0,0,1,1.0
train__c37__user9__7-1-1,37,Take_medicine,user9,7-1-1,train,19,19,0,19,0,1,1.0
train__c37__user9__7-1-2,37,Take_medicine,user9,7-1-2,train,19,14,0,14,5,2,0.7368421052631579
train__c37__user9__7-1-3,37,Take_medicine,user9,7-1-3,train,35,29,0,29,6,5,0.8285714285714286
train__c38__user16__7-1-1,38,Massage_oneself,user16,7-1-1,train,61,61,61,0,0,1,1.0
train__c38__user16__7-1-2,38,Massage_oneself,user16,7-1-2,train,40,40,40,0,0,1,1.0
train__c38__user16__7-1-3,38,Massage_oneself,user16,7-1-3,train,25,25,25,0,0,1,1.0
train__c38__user18__7-1-1,38,Massage_oneself,user18,7-1-1,train,35,35,35,0,0,1,1.0
train__c38__user18__7-1-2,38,Massage_oneself,user18,7-1-2,train,25,25,25,0,0,1,1.0
train__c38__user18__7-1-3,38,Massage_oneself,user18,7-1-3,train,24,24,24,0,0,1,1.0
train__c38__user19__5-3-1,38,Massage_oneself,user19,5-3-1,train,24,24,24,0,0,1,1.0
train__c38__user19__5-3-2,38,Massage_oneself,user19,5-3-2,train,29,29,29,0,0,1,1.0
train__c38__user19__5-3-3,38,Massage_oneself,user19,5-3-3,train,17,17,17,0,0,1,1.0
train__c38__user19__7-1-1,38,Massage_oneself,user19,7-1-1,train,55,55,55,0,0,1,1.0
train__c38__user19__7-1-2,38,Massage_oneself,user19,7-1-2,train,70,70,70,0,0,1,1.0
train__c38__user1__7-1-1,38,Massage_oneself,user1,7-1-1,train,67,67,67,0,0,1,1.0
train__c38__user1__7-1-2,38,Massage_oneself,user1,7-1-2,train,57,57,57,0,0,1,1.0
train__c38__user1__7-1-3,38,Massage_oneself,user1,7-1-3,train,50,50,50,0,0,1,1.0
train__c38__user20__6-2-1,38,Massage_oneself,user20,6-2-1,train,40,40,40,0,0,1,1.0
train__c38__user20__6-2-2,38,Massage_oneself,user20,6-2-2,train,24,24,24,0,0,1,1.0
train__c38__user20__6-2-3,38,Massage_oneself,user20,6-2-3,train,33,33,33,0,0,1,1.0
train__c38__user20__7-1-1,38,Massage_oneself,user20,7-1-1,train,17,17,17,0,0,1,1.0
train__c38__user20__7-1-2,38,Massage_oneself,user20,7-1-2,train,28,28,28,0,0,1,1.0
train__c38__user20__7-1-3,38,Massage_oneself,user20,7-1-3,train,18,18,18,0,0,1,1.0
train__c38__user21__3-2-1,38,Massage_oneself,user21,3-2-1,train,24,24,24,0,0,1,1.0
train__c38__user21__3-2-2,38,Massage_oneself,user21,3-2-2,train,17,17,17,0,0,1,1.0
train__c38__user21__3-2-3,38,Massage_oneself,user21,3-2-3,train,10,10,10,0,0,1,1.0
train__c38__user21__7-1-1,38,Massage_oneself,user21,7-1-1,train,22,22,22,0,0,1,1.0
train__c38__user21__7-1-2,38,Massage_oneself,user21,7-1-2,train,17,17,17,0,0,1,1.0
train__c38__user21__7-1-3,38,Massage_oneself,user21,7-1-3,train,22,22,22,0,0,1,1.0
train__c38__user21__7-2-1,38,Massage_oneself,user21,7-2-1,train,16,16,16,0,0,1,1.0
train__c38__user21__7-2-2,38,Massage_oneself,user21,7-2-2,train,17,17,17,0,0,1,1.0
train__c38__user21__7-2-3,38,Massage_oneself,user21,7-2-3,train,18,18,18,0,0,1,1.0
train__c38__user22__5-1-1,38,Massage_oneself,user22,5-1-1,train,37,37,37,0,0,1,1.0
train__c38__user22__5-1-2,38,Massage_oneself,user22,5-1-2,train,23,23,23,0,0,1,1.0
train__c38__user22__5-1-3,38,Massage_oneself,user22,5-1-3,train,12,12,12,0,0,1,1.0
train__c38__user22__6-2-1,38,Massage_oneself,user22,6-2-1,train,35,35,35,0,0,1,1.0
train__c38__user22__6-2-2,38,Massage_oneself,user22,6-2-2,train,25,25,25,0,0,1,1.0
train__c38__user22__6-2-3,38,Massage_oneself,user22,6-2-3,train,28,28,28,0,0,1,1.0
train__c38__user23__2-2-1,38,Massage_oneself,user23,2-2-1,validation,20,20,20,0,0,1,1.0
train__c38__user23__2-2-2,38,Massage_oneself,user23,2-2-2,validation,26,26,26,0,0,1,1.0
train__c38__user23__2-2-3,38,Massage_oneself,user23,2-2-3,validation,20,20,20,0,0,1,1.0
train__c38__user23__7-1-1,38,Massage_oneself,user23,7-1-1,validation,28,28,28,0,0,1,1.0
train__c38__user23__7-1-2,38,Massage_oneself,user23,7-1-2,validation,42,42,42,0,0,1,1.0
train__c38__user23__7-1-3,38,Massage_oneself,user23,7-1-3,validation,39,39,39,0,0,1,1.0
train__c38__user24__4-3-1,38,Massage_oneself,user24,4-3-1,validation,38,38,38,0,0,1,1.0
train__c38__user24__4-3-2,38,Massage_oneself,user24,4-3-2,validation,32,31,31,0,1,2,0.96875
train__c38__user24__4-3-3,38,Massage_oneself,user24,4-3-3,validation,44,44,44,0,0,1,1.0
train__c38__user24__7-1-1,38,Massage_oneself,user24,7-1-1,validation,31,31,31,0,0,1,1.0
train__c38__user24__7-1-2,38,Massage_oneself,user24,7-1-2,validation,20,20,20,0,0,1,1.0
train__c38__user24__7-1-3,38,Massage_oneself,user24,7-1-3,validation,20,20,20,0,0,1,1.0
train__c38__user2__2-2-1,38,Massage_oneself,user2,2-2-1,train,51,51,51,0,0,1,1.0
train__c38__user2__2-2-2,38,Massage_oneself,user2,2-2-2,train,37,37,37,0,0,1,1.0
train__c38__user2__2-2-3,38,Massage_oneself,user2,2-2-3,train,69,69,69,0,0,1,1.0
train__c38__user2__7-3-1,38,Massage_oneself,user2,7-3-1,train,72,72,72,0,0,1,1.0
train__c38__user2__7-3-2,38,Massage_oneself,user2,7-3-2,train,29,29,29,0,0,1,1.0
train__c38__user2__7-3-3,38,Massage_oneself,user2,7-3-3,train,31,31,31,0,0,1,1.0
train__c38__user3__2-2-1,38,Massage_oneself,user3,2-2-1,train,33,33,33,0,0,1,1.0
train__c38__user3__2-2-2,38,Massage_oneself,user3,2-2-2,train,22,22,22,0,0,1,1.0
train__c38__user3__2-2-3,38,Massage_oneself,user3,2-2-3,train,23,23,23,0,0,1,1.0
train__c38__user3__7-1-1,38,Massage_oneself,user3,7-1-1,train,42,42,42,0,0,1,1.0
train__c38__user3__7-1-2,38,Massage_oneself,user3,7-1-2,train,29,29,29,0,0,1,1.0
train__c38__user3__7-1-3,38,Massage_oneself,user3,7-1-3,train,25,25,25,0,0,1,1.0
train__c38__user6__7-1-1,38,Massage_oneself,user6,7-1-1,train,88,88,88,0,0,1,1.0
train__c38__user6__7-1-2,38,Massage_oneself,user6,7-1-2,train,64,64,64,0,0,1,1.0
train__c38__user6__7-1-3,38,Massage_oneself,user6,7-1-3,train,64,64,64,0,0,1,1.0
train__c39__user16__6-2-1,39,Take_body_temperature,user16,6-2-1,train,39,39,39,0,0,1,1.0
train__c39__user16__6-2-2,39,Take_body_temperature,user16,6-2-2,train,33,33,33,0,0,1,1.0
train__c39__user16__6-2-3,39,Take_body_temperature,user16,6-2-3,train,45,45,45,0,0,1,1.0
train__c39__user17__4-1-1,39,Take_body_temperature,user17,4-1-1,validation,96,71,71,0,25,8,0.7395833333333334
train__c39__user17__4-1-2,39,Take_body_temperature,user17,4-1-2,validation,31,5,5,0,26,4,0.16129032258064516
train__c39__user17__4-1-3,39,Take_body_temperature,user17,4-1-3,validation,26,16,16,0,10,4,0.6153846153846154
train__c39__user17__7-1-1,39,Take_body_temperature,user17,7-1-1,validation,39,0,0,0,39,0,0.0
train__c39__user17__7-1-2,39,Take_body_temperature,user17,7-1-2,validation,28,24,24,0,4,1,0.8571428571428571
train__c39__user17__7-1-3,39,Take_body_temperature,user17,7-1-3,validation,23,0,0,0,23,0,0.0
train__c39__user18__7-1-1,39,Take_body_temperature,user18,7-1-1,train,43,43,42,1,0,1,1.0
train__c39__user18__7-1-2,39,Take_body_temperature,user18,7-1-2,train,23,23,23,0,0,1,1.0
train__c39__user18__7-1-3,39,Take_body_temperature,user18,7-1-3,train,16,16,15,1,0,1,1.0
train__c39__user19__6-2-1,39,Take_body_temperature,user19,6-2-1,train,22,22,22,0,0,1,1.0
train__c39__user19__6-2-2,39,Take_body_temperature,user19,6-2-2,train,12,12,12,0,0,1,1.0
train__c39__user19__6-2-3,39,Take_body_temperature,user19,6-2-3,train,26,26,26,0,0,1,1.0
train__c39__user19__7-1-1,39,Take_body_temperature,user19,7-1-1,train,43,43,43,0,0,1,1.0
train__c39__user19__7-1-2,39,Take_body_temperature,user19,7-1-2,train,27,27,27,0,0,1,1.0
train__c39__user19__7-1-3,39,Take_body_temperature,user19,7-1-3,train,21,21,21,0,0,1,1.0
train__c39__user21__3-2-1,39,Take_body_temperature,user21,3-2-1,train,29,29,29,0,0,1,1.0
train__c39__user21__3-2-2,39,Take_body_temperature,user21,3-2-2,train,22,22,22,0,0,1,1.0
train__c39__user21__3-2-3,39,Take_body_temperature,user21,3-2-3,train,11,11,11,0,0,1,1.0
train__c39__user21__6-1-1,39,Take_body_temperature,user21,6-1-1,train,24,24,24,0,0,1,1.0
train__c39__user21__6-1-2,39,Take_body_temperature,user21,6-1-2,train,6,6,6,0,0,1,1.0
train__c39__user21__6-1-3,39,Take_body_temperature,user21,6-1-3,train,3,3,3,0,0,1,1.0
train__c39__user22__5-1-1,39,Take_body_temperature,user22,5-1-1,train,25,25,25,0,0,1,1.0
train__c39__user22__5-1-2,39,Take_body_temperature,user22,5-1-2,train,13,13,13,0,0,1,1.0
train__c39__user22__5-1-3,39,Take_body_temperature,user22,5-1-3,train,8,8,8,0,0,1,1.0
train__c39__user23__7-2-1,39,Take_body_temperature,user23,7-2-1,validation,30,30,30,0,0,1,1.0
train__c39__user23__7-2-2,39,Take_body_temperature,user23,7-2-2,validation,29,29,29,0,0,1,1.0
train__c39__user23__7-2-3,39,Take_body_temperature,user23,7-2-3,validation,28,28,28,0,0,1,1.0
train__c39__user24__5-2-1,39,Take_body_temperature,user24,5-2-1,validation,14,14,14,0,0,1,1.0
train__c39__user24__5-2-2,39,Take_body_temperature,user24,5-2-2,validation,11,11,11,0,0,1,1.0
train__c39__user24__5-2-3,39,Take_body_temperature,user24,5-2-3,validation,7,7,7,0,0,1,1.0
train__c39__user24__7-1-1,39,Take_body_temperature,user24,7-1-1,validation,38,38,38,0,0,1,1.0
train__c39__user24__7-1-2,39,Take_body_temperature,user24,7-1-2,validation,10,10,10,0,0,1,1.0
train__c39__user24__7-1-3,39,Take_body_temperature,user24,7-1-3,validation,13,13,13,0,0,1,1.0
train__c39__user2__2-2-1,39,Take_body_temperature,user2,2-2-1,train,48,48,48,0,0,1,1.0
train__c39__user2__2-2-2,39,Take_body_temperature,user2,2-2-2,train,46,46,46,0,0,1,1.0
train__c39__user2__2-2-3,39,Take_body_temperature,user2,2-2-3,train,18,18,18,0,0,1,1.0
train__c39__user3__2-2-2,39,Take_body_temperature,user3,2-2-2,train,14,14,14,0,0,1,1.0
train__c39__user3__2-2-3,39,Take_body_temperature,user3,2-2-3,train,31,31,31,0,0,2,1.0
train__c39__user6__6-2-1,39,Take_body_temperature,user6,6-2-1,train,30,30,30,0,0,1,1.0
train__c39__user6__6-2-2,39,Take_body_temperature,user6,6-2-2,train,13,13,13,0,0,1,1.0
train__c39__user6__6-2-3,39,Take_body_temperature,user6,6-2-3,train,24,24,24,0,0,1,1.0
train__c39__user7__4-1-1,39,Take_body_temperature,user7,4-1-1,train,13,13,13,0,0,1,1.0
train__c39__user7__4-1-3,39,Take_body_temperature,user7,4-1-3,train,12,12,12,0,0,1,1.0
train__c39__user7__7-1-1,39,Take_body_temperature,user7,7-1-1,train,41,41,41,0,0,1,1.0
train__c39__user7__7-1-2,39,Take_body_temperature,user7,7-1-2,train,23,23,23,0,0,1,1.0
train__c39__user7__7-1-3,39,Take_body_temperature,user7,7-1-3,train,10,10,9,1,0,1,1.0
train__c39__user9__6-2-1,39,Take_body_temperature,user9,6-2-1,train,10,10,10,0,0,1,1.0
train__c39__user9__6-2-2,39,Take_body_temperature,user9,6-2-2,train,6,6,6,0,0,1,1.0
train__c39__user9__6-2-3,39,Take_body_temperature,user9,6-2-3,train,10,10,10,0,0,1,1.0
train__c39__user9__7-1-1,39,Take_body_temperature,user9,7-1-1,train,16,16,0,16,0,1,1.0
train__c39__user9__7-1-2,39,Take_body_temperature,user9,7-1-2,train,20,20,0,20,0,1,1.0
train__c39__user9__7-1-3,39,Take_body_temperature,user9,7-1-3,train,12,12,0,12,0,1,1.0
