sample_id,class_id,action_name,user_id,trial_id,fold_split,manifest_has_skeleton_path,trial_directory_exists,json_frames,valid_frames,invalid_frames,unique_frame_ids,duplicate_frame_ids,duplicate_frame_ids_exact,missing_frame_id_slots,empty_frames,malformed_frames,multi_person_frames,frames_with_nonfinite_points,unique_multi_person_frames,multi_person_runs,longest_multi_person_run,isolated_multi_person_frames,multi_person_unique_rate,frames_with_nonpositive_scores,frames_with_whole_zero_joint,parsed_filenames,frame_ids_strictly_increasing,timestamps_strictly_increasing,mean_raw_joint_motion,p95_raw_joint_motion
train__c00__user4__1-1-1,0,Wash_face,user4,1-1-1,validation,True,True,42,42,0,42,0,0,0,0,0,0,0,0,0,0,0,0.0,0,0,42,True,True,0.0196808356808898,0.05535132719324129
train__c00__user4__1-1-2,0,Wash_face,user4,1-1-2,validation,True,True,63,63,0,63,0,0,0,0,0,1,0,1,1,1,1,0.015873015873015872,0,0,63,True,True,0.019502896522385696,0.06309335040589065
train__c00__user4__1-1-3,0,Wash_face,user4,1-1-3,validation,True,True,31,31,0,31,0,0,0,0,0,0,0,0,0,0,0,0.0,0,0,31,True,True,0.026428034015019964,0.08959433433348142
train__c00__user5__1-1-1,0,Wash_face,user5,1-1-1,train,True,True,40,40,0,40,0,0,0,0,0,0,0,0,0,0,0,0.0,0,0,40,True,True,0.0220263671572881,0.05846120223837859
train__c00__user5__1-1-2,0,Wash_face,user5,1-1-2,train,True,True,38,38,0,38,0,0,0,0,0,0,0,0,0,0,0,0.0,0,0,38,True,True,0.023816382010471444,0.07520441890553627
train__c00__user5__1-1-3,0,Wash_face,user5,1-1-3,train,True,True,30,30,0,30,0,0,0,0,0,0,0,0,0,0,0,0.0,0,0,30,True,True,0.03726332777604648,0.1241030020455098
train__c00__user6__1-1-1,0,Wash_face,user6,1-1-1,train,True,True,47,47,0,47,0,0,0,0,0,47,0,47,1,47,0,1.0,0,0,47,True,True,0.027827656587037158,0.08433493596764648
train__c00__user6__1-1-2,0,Wash_face,user6,1-1-2,train,True,True,45,45,0,45,0,0,0,0,0,45,0,45,1,45,0,1.0,0,0,45,True,True,0.04476784871212749,0.14916490759986908
train__c00__user6__1-1-3,0,Wash_face,user6,1-1-3,train,True,True,34,34,0,34,0,0,0,0,0,34,0,34,1,34,0,1.0,0,0,34,True,True,0.05280255007979459,0.16600814998746427
train__c00__user8__1-1-1,0,Wash_face,user8,1-1-1,train,True,True,26,26,0,26,0,0,0,0,0,26,0,26,1,26,0,1.0,0,0,26,True,True,0.08116414732981345,0.2166529680867236
train__c00__user8__1-1-2,0,Wash_face,user8,1-1-2,train,True,True,24,24,0,24,0,0,0,0,0,24,0,24,1,24,0,1.0,0,0,24,True,True,0.1466092015027128,0.4576149497888188
train__c00__user8__1-1-3,0,Wash_face,user8,1-1-3,train,True,True,18,18,0,18,0,0,0,0,0,18,0,18,1,18,0,1.0,0,0,18,True,True,0.11166430526324042,0.29029282241991633
train__c00__user8__7-1-1,0,Wash_face,user8,7-1-1,train,True,True,25,25,0,25,0,0,0,0,0,25,0,25,1,25,0,1.0,0,0,25,True,True,0.10325210689436118,0.20902121719235303
train__c00__user8__7-1-2,0,Wash_face,user8,7-1-2,train,True,True,28,28,0,28,0,0,0,0,0,28,0,28,1,28,0,1.0,0,0,28,True,True,0.10585342409262266,0.48279538295897784
train__c00__user8__7-1-3,0,Wash_face,user8,7-1-3,train,True,True,18,18,0,18,0,0,0,0,0,15,0,15,2,9,0,0.8333333333333334,0,0,18,True,True,0.1460228137202268,0.5962307333563178
train__c00__user16__1-1-1,0,Wash_face,user16,1-1-1,train,True,True,47,47,0,47,0,0,0,0,0,0,0,0,0,0,0,0.0,0,0,47,True,True,0.023373806969612096,0.0685154856643732
train__c00__user16__1-1-2,0,Wash_face,user16,1-1-2,train,True,True,55,55,0,55,0,0,0,0,0,0,0,0,0,0,0,0.0,0,0,55,True,True,0.020525324011011307,0.06018476983430344
train__c00__user16__1-1-3,0,Wash_face,user16,1-1-3,train,True,True,22,22,0,22,0,0,0,0,0,0,0,0,0,0,0,0.0,0,0,22,True,True,0.0361852059310089,0.11009273367233607
train__c00__user18__7-1-1,0,Wash_face,user18,7-1-1,train,True,True,20,20,0,20,0,0,0,0,0,0,0,0,0,0,0,0.0,0,0,20,True,True,0.06788874334083506,0.15408536391174474
train__c00__user18__7-1-2,0,Wash_face,user18,7-1-2,train,True,True,13,13,0,13,0,0,0,0,0,0,0,0,0,0,0,0.0,0,0,13,True,True,0.09526960220898291,0.5048704693870881
train__c00__user18__7-1-3,0,Wash_face,user18,7-1-3,train,True,True,3,3,0,3,0,0,0,0,0,0,0,0,0,0,0,0.0,0,0,3,True,True,0.11268474087119827,0.37648545981997855
train__c00__user20__4-2-1,0,Wash_face,user20,4-2-1,train,True,True,42,42,0,42,0,0,0,0,0,0,0,0,0,0,0,0.0,0,0,42,True,True,0.06135437459787313,0.17175066113684714
train__c00__user20__4-2-2,0,Wash_face,user20,4-2-2,train,True,True,23,23,0,23,0,0,0,0,0,0,0,0,0,0,0,0.0,0,0,23,True,True,0.0742411574353691,0.21160880761033024
train__c00__user20__4-2-3,0,Wash_face,user20,4-2-3,train,True,True,34,34,0,34,0,0,0,0,0,0,0,0,0,0,0,0.0,0,0,34,True,True,0.053402159337413484,0.21097635138628545
train__c00__user21__1-1-1,0,Wash_face,user21,1-1-1,train,True,True,14,14,0,14,0,0,0,0,0,0,0,0,0,0,0,0.0,0,0,14,True,True,0.014104925283209861,0.038345309085039095
train__c00__user21__1-1-2,0,Wash_face,user21,1-1-2,train,True,True,10,10,0,10,0,0,0,0,0,0,0,0,0,0,0,0.0,0,0,10,True,True,0.02169234578695856,0.05337346168716612
train__c00__user21__1-1-3,0,Wash_face,user21,1-1-3,train,True,True,5,5,0,5,0,0,0,0,0,0,0,0,0,0,0,0.0,0,0,5,True,True,0.035919983075920085,0.14181840332960977
train__c00__user21__4-2-1,0,Wash_face,user21,4-2-1,train,True,True,7,7,0,7,0,0,0,0,0,0,0,0,0,0,0,0.0,0,0,7,True,True,0.03141805783552401,0.09089752414487386
train__c00__user21__4-2-2,0,Wash_face,user21,4-2-2,train,True,True,6,6,0,6,0,0,0,0,0,0,0,0,0,0,0,0.0,0,0,6,True,True,0.04116397974954107,0.12712666810326984
train__c00__user21__4-2-3,0,Wash_face,user21,4-2-3,train,True,True,9,9,0,9,0,0,0,0,0,0,0,0,0,0,0,0.0,0,0,9,True,True,0.03935864650271156,0.16808404977715236
train__c00__user22__1-1-2,0,Wash_face,user22,1-1-2,train,True,True,25,25,0,25,0,0,0,0,0,0,0,0,0,0,0,0.0,0,0,25,True,True,0.03299049416430751,0.0903006228980599
train__c00__user22__1-1-3,0,Wash_face,user22,1-1-3,train,True,True,8,8,0,8,0,0,0,0,0,0,0,0,0,0,0,0.0,0,0,8,True,True,0.058007484172216156,0.17275901100708815
train__c00__user22__2-2-1,0,Wash_face,user22,2-2-1,train,True,True,17,17,0,17,0,0,0,0,0,0,0,0,0,0,0,0.0,0,0,17,True,True,0.035255169891344015,0.0953244462944205
train__c00__user22__2-2-2,0,Wash_face,user22,2-2-2,train,True,True,13,13,0,13,0,0,0,0,0,0,0,0,0,0,0,0.0,0,0,13,True,True,0.0462373962042855,0.15187937884155547
train__c00__user22__2-2-3,0,Wash_face,user22,2-2-3,train,True,True,4,4,0,4,0,0,0,0,0,0,0,0,0,0,0,0.0,0,0,4,True,True,0.10174061445832404,0.23031612236803933
train__c00__user23__1-1-1,0,Wash_face,user23,1-1-1,validation,True,True,43,43,0,43,0,0,0,0,0,0,0,0,0,0,0,0.0,0,0,43,True,True,0.11329211401217443,0.34651115886557227
train__c00__user23__1-1-2,0,Wash_face,user23,1-1-2,validation,True,True,19,19,0,19,0,0,0,0,0,0,0,0,0,0,0,0.0,0,0,19,True,True,0.18114138471983107,0.3917881521172266
train__c00__user23__1-1-3,0,Wash_face,user23,1-1-3,validation,True,True,18,18,0,18,0,0,0,0,0,0,0,0,0,0,0,0.0,0,0,18,True,True,0.051026062427641135,0.16601196059787557
train__c00__user24__6-2-1,0,Wash_face,user24,6-2-1,validation,True,True,35,35,0,35,0,0,0,0,0,0,0,0,0,0,0,0.0,0,0,35,True,True,0.027988124786778264,0.07732988530031551
train__c00__user24__6-2-2,0,Wash_face,user24,6-2-2,validation,True,True,26,26,0,26,0,0,0,0,0,0,0,0,0,0,0,0.0,0,0,26,True,True,0.06562123188493514,0.16397567505234265
train__c00__user24__6-2-3,0,Wash_face,user24,6-2-3,validation,True,True,17,17,0,17,0,0,0,0,0,0,0,0,0,0,0,0.0,0,0,17,True,True,0.05431860354005137,0.14357542888859595
train__c00__user24__7-1-1,0,Wash_face,user24,7-1-1,validation,True,True,31,31,0,31,0,0,0,0,0,0,0,0,0,0,0,0.0,0,0,31,True,True,0.03574504417215625,0.0895371090559141
train__c00__user24__7-1-2,0,Wash_face,user24,7-1-2,validation,True,True,15,15,0,15,0,0,0,0,0,0,0,0,0,0,0,0.0,0,0,15,True,True,0.06768459058272458,0.18377490252707632
train__c00__user24__7-1-3,0,Wash_face,user24,7-1-3,validation,True,True,21,21,0,21,0,0,0,0,0,0,0,0,0,0,0,0.0,0,0,21,True,True,0.04423656742579968,0.12591856402740756
train__c01__user6__1-1-1,1,Brush_teeth,user6,1-1-1,train,True,True,72,72,0,72,0,0,0,0,0,72,0,72,1,72,0,1.0,0,0,72,True,True,0.046023940401013756,0.12748818966979453
train__c01__user6__1-1-2,1,Brush_teeth,user6,1-1-2,train,True,True,76,76,0,76,0,0,0,0,0,76,0,76,1,76,0,1.0,0,0,76,True,True,0.0357012095240864,0.11744564286507715
train__c01__user6__1-1-3,1,Brush_teeth,user6,1-1-3,train,True,True,28,28,0,28,0,0,0,0,0,28,0,28,1,28,0,1.0,0,0,28,True,True,0.06825969456050403,0.2091355288289033
train__c01__user7__1-1-1,1,Brush_teeth,user7,1-1-1,train,True,True,36,36,0,36,0,0,0,0,0,36,0,36,1,36,0,1.0,0,0,36,True,True,0.08381097327465939,0.23711047917380354
train__c01__user7__1-1-2,1,Brush_teeth,user7,1-1-2,train,True,True,18,18,0,18,0,0,0,0,0,18,0,18,1,18,0,1.0,0,0,18,True,True,0.06047148657433311,0.19251761109293192
train__c01__user7__1-1-3,1,Brush_teeth,user7,1-1-3,train,True,True,21,21,0,21,0,0,0,0,0,21,0,21,1,21,0,1.0,0,0,21,True,True,0.07377751427149334,0.2087096169553809
train__c01__user8__1-1-1,1,Brush_teeth,user8,1-1-1,train,True,True,26,26,0,26,0,0,0,0,0,26,0,26,1,26,0,1.0,0,0,26,True,True,0.06048802020861099,0.1815018366900274
train__c01__user8__1-1-2,1,Brush_teeth,user8,1-1-2,train,True,True,46,46,0,46,0,0,0,0,0,46,0,46,1,46,0,1.0,0,0,46,True,True,0.033134834109983635,0.11987625561071226
train__c01__user8__1-1-3,1,Brush_teeth,user8,1-1-3,train,True,True,40,40,0,40,0,0,0,0,0,40,0,40,1,40,0,1.0,0,0,40,True,True,0.026391440153394726,0.07620939076537339
train__c01__user8__7-1-1,1,Brush_teeth,user8,7-1-1,train,True,True,13,13,0,13,0,0,0,0,0,13,0,13,1,13,0,1.0,0,0,13,True,True,0.03992387421723826,0.10155505401200915
train__c01__user8__7-1-2,1,Brush_teeth,user8,7-1-2,train,True,True,16,16,0,16,0,0,0,0,0,16,0,16,1,16,0,1.0,0,0,16,True,True,0.030763979514933523,0.07601184159311355
train__c01__user8__7-1-3,1,Brush_teeth,user8,7-1-3,train,True,True,12,12,0,12,0,0,0,0,0,12,0,12,1,12,0,1.0,0,0,12,True,True,0.05011341125927298,0.12245513611920597
train__c01__user9__1-1-1,1,Brush_teeth,user9,1-1-1,train,True,True,25,25,0,25,0,0,0,0,0,25,0,25,1,25,0,1.0,0,0,25,True,True,0.027388098302980623,0.08258690465055622
train__c01__user16__1-1-1,1,Brush_teeth,user16,1-1-1,train,True,True,32,32,0,32,0,0,0,0,0,0,0,0,0,0,0,0.0,0,0,32,True,True,0.006446032466264582,0.015817318340952152
train__c01__user16__1-1-2,1,Brush_teeth,user16,1-1-2,train,True,True,58,58,0,58,0,0,0,0,0,0,0,0,0,0,0,0.0,0,0,58,True,True,0.011072228733828024,0.033843243752706136
train__c01__user16__1-1-3,1,Brush_teeth,user16,1-1-3,train,True,True,19,19,0,19,0,0,0,0,0,0,0,0,0,0,0,0.0,0,0,19,True,True,0.014069405114789138,0.03972884511737795
train__c01__user17__1-1-1,1,Brush_teeth,user17,1-1-1,validation,True,True,20,20,0,20,0,0,0,0,0,0,0,0,0,0,0,0.0,0,0,20,True,True,0.008036848742101149,0.017231503888846283
train__c01__user17__1-1-2,1,Brush_teeth,user17,1-1-2,validation,True,True,25,25,0,25,0,0,0,0,0,0,0,0,0,0,0,0.0,0,0,25,True,True,0.010738175731476585,0.030288288784556402
train__c01__user17__1-1-3,1,Brush_teeth,user17,1-1-3,validation,True,True,24,24,0,24,0,0,0,0,0,0,0,0,0,0,0,0.0,0,0,24,True,True,0.009733065896643502,0.025273078236016995
train__c01__user18__1-1-1,1,Brush_teeth,user18,1-1-1,train,True,True,41,41,0,41,0,0,0,0,0,0,0,0,0,0,0,0.0,0,0,41,True,True,0.01135034064545965,0.02989049034778036
train__c01__user18__1-1-2,1,Brush_teeth,user18,1-1-2,train,True,True,35,35,0,35,0,0,0,0,0,0,0,0,0,0,0,0.0,0,0,35,True,True,0.015077517339128068,0.042840314532171304
train__c01__user18__1-1-3,1,Brush_teeth,user18,1-1-3,train,True,True,31,31,0,31,0,0,0,0,0,0,0,0,0,0,0,0.0,0,0,31,True,True,0.01502631950113769,0.04043100565826583
train__c01__user18__7-1-1,1,Brush_teeth,user18,7-1-1,train,True,True,23,23,0,23,0,0,0,0,0,0,0,0,0,0,0,0.0,0,0,23,True,True,0.01976589851560791,0.04407508665933191
train__c01__user18__7-1-2,1,Brush_teeth,user18,7-1-2,train,True,True,13,13,0,13,0,0,0,0,0,0,0,0,0,0,0,0.0,0,0,13,True,True,0.01693624177037689,0.06065838492641784
train__c01__user18__7-1-3,1,Brush_teeth,user18,7-1-3,train,True,True,5,5,0,5,0,0,0,0,0,0,0,0,0,0,0,0.0,0,0,5,True,True,0.09206817813215704,0.35300335438104136
train__c01__user19__1-1-1,1,Brush_teeth,user19,1-1-1,train,True,True,18,18,0,18,0,0,0,0,0,0,0,0,0,0,0,0.0,0,0,18,True,True,0.007013080941499921,0.015223304472301021
train__c01__user19__1-1-2,1,Brush_teeth,user19,1-1-2,train,True,True,7,7,0,7,0,0,0,0,0,0,0,0,0,0,0,0.0,0,0,7,True,True,0.01193485876945403,0.036186794127567215
train__c01__user19__1-1-3,1,Brush_teeth,user19,1-1-3,train,True,True,14,14,0,14,0,0,0,0,0,0,0,0,0,0,0,0.0,0,0,14,True,True,0.011856933078663293,0.026536586234868615
train__c01__user20__4-2-1,1,Brush_teeth,user20,4-2-1,train,True,True,22,22,0,22,0,0,0,0,0,0,0,0,0,0,0,0.0,0,0,22,True,True,0.019950979731527988,0.051159371602622045
train__c01__user20__4-2-2,1,Brush_teeth,user20,4-2-2,train,True,True,12,12,0,12,0,0,0,0,0,0,0,0,0,0,0,0.0,0,0,12,True,True,0.02310524684914046,0.07174626328415128
train__c01__user20__4-2-3,1,Brush_teeth,user20,4-2-3,train,True,True,20,20,0,20,0,0,0,0,0,0,0,0,0,0,0,0.0,0,0,20,True,True,0.016090308743986394,0.05019452334549674
train__c01__user21__4-2-1,1,Brush_teeth,user21,4-2-1,train,True,True,15,15,0,15,0,0,0,0,0,0,0,0,0,0,0,0.0,0,0,15,True,True,0.026639758291418212,0.06274784495051096
train__c01__user21__4-2-2,1,Brush_teeth,user21,4-2-2,train,True,True,11,11,0,11,0,0,0,0,0,0,0,0,0,0,0,0.0,0,0,11,True,True,0.047625989143109955,0.10520806932443104
train__c01__user21__4-2-3,1,Brush_teeth,user21,4-2-3,train,True,True,10,10,0,10,0,0,0,0,0,0,0,0,0,0,0,0.0,0,0,10,True,True,0.025605377095923615,0.06965687702065698
train__c01__user22__1-1-2,1,Brush_teeth,user22,1-1-2,train,True,True,16,16,0,16,0,0,0,0,0,0,0,0,0,0,0,0.0,0,0,16,True,True,0.019187844152899782,0.06184956029650491
train__c01__user22__1-1-3,1,Brush_teeth,user22,1-1-3,train,True,True,8,8,0,8,0,0,0,0,0,0,0,0,0,0,0,0.0,0,0,8,True,True,0.03562209294073265,0.1003073439525648
train__c01__user22__2-2-1,1,Brush_teeth,user22,2-2-1,train,True,True,18,18,0,18,0,0,0,0,0,0,0,0,0,0,0,0.0,0,0,18,True,True,0.04007144614580378,0.11063516817842713
train__c01__user22__2-2-2,1,Brush_teeth,user22,2-2-2,train,True,True,10,10,0,10,0,0,0,0,0,1,0,1,1,1,1,0.1,0,0,10,True,True,0.04887409422647293,0.11025867850057824
train__c01__user22__2-2-3,1,Brush_teeth,user22,2-2-3,train,True,True,7,7,0,7,0,0,0,0,0,0,0,0,0,0,0,0.0,0,0,7,True,True,0.05065965311032638,0.11481805757494458
train__c01__user23__1-1-1,1,Brush_teeth,user23,1-1-1,validation,True,True,39,39,0,39,0,0,0,0,0,0,0,0,0,0,0,0.0,0,0,39,True,True,0.014583389689268587,0.05142012745110591
train__c01__user23__1-1-2,1,Brush_teeth,user23,1-1-2,validation,True,True,16,16,0,16,0,0,0,0,0,0,0,0,0,0,0,0.0,0,0,16,True,True,0.020919211789506207,0.054946853436657284
train__c01__user23__1-1-3,1,Brush_teeth,user23,1-1-3,validation,True,True,23,23,0,23,0,0,0,0,0,0,0,0,0,0,0,0.0,0,0,23,True,True,0.032419695530986066,0.09967127811321262
train__c01__user23__1-2-1,1,Brush_teeth,user23,1-2-1,validation,False,False,0,0,0,0,0,0,0,0,0,0,0,0,0,0,0,0.0,0,0,0,True,True,,
train__c01__user23__1-2-2,1,Brush_teeth,user23,1-2-2,validation,False,False,0,0,0,0,0,0,0,0,0,0,0,0,0,0,0,0.0,0,0,0,True,True,,
train__c01__user23__1-2-3,1,Brush_teeth,user23,1-2-3,validation,False,False,0,0,0,0,0,0,0,0,0,0,0,0,0,0,0,0.0,0,0,0,True,True,,
train__c01__user24__6-2-1,1,Brush_teeth,user24,6-2-1,validation,True,True,26,26,0,26,0,0,0,0,0,0,0,0,0,0,0,0.0,0,0,26,True,True,0.016614453431711897,0.05214786332973837
train__c01__user24__6-2-2,1,Brush_teeth,user24,6-2-2,validation,True,True,8,8,0,8,0,0,0,0,0,0,0,0,0,0,0,0.0,0,0,8,True,True,0.015665117825466916,0.041160030598669226
train__c01__user24__6-2-3,1,Brush_teeth,user24,6-2-3,validation,True,True,4,4,0,4,0,0,0,0,0,0,0,0,0,0,0,0.0,0,0,4,True,True,0.017879793443764065,0.03622252078300939
train__c01__user24__7-1-1,1,Brush_teeth,user24,7-1-1,validation,True,True,12,12,0,12,0,0,0,0,0,0,0,0,0,0,0,0.0,0,0,12,True,True,0.008621904690354494,0.01996579321651725
train__c01__user24__7-1-2,1,Brush_teeth,user24,7-1-2,validation,True,True,3,3,0,3,0,0,0,0,0,0,0,0,0,0,0,0.0,0,0,3,True,True,0.014114492631559917,0.0393402411017965
train__c01__user24__7-1-3,1,Brush_teeth,user24,7-1-3,validation,True,True,7,7,0,7,0,0,0,0,0,0,0,0,0,0,0,0.0,0,0,7,True,True,0.009905525673801,0.02318168170875753
train__c02__user1__1-1-1,2,Comb_hair,user1,1-1-1,train,True,True,56,56,0,56,0,0,0,0,0,0,0,0,0,0,0,0.0,0,0,56,True,True,0.07738924330896181,0.21733575598042906
train__c02__user1__1-1-2,2,Comb_hair,user1,1-1-2,train,True,True,53,53,0,53,0,0,0,0,0,0,0,0,0,0,0,0.0,0,0,53,True,True,0.0759247330317091,0.2286447003751291
train__c02__user1__1-1-3,2,Comb_hair,user1,1-1-3,train,True,True,16,16,0,16,0,0,0,0,0,0,0,0,0,0,0,0.0,0,0,16,True,True,0.06888310934951031,0.19676504650861415
train__c02__user3__1-2-1,2,Comb_hair,user3,1-2-1,train,True,True,12,12,0,12,0,0,0,0,0,0,0,0,0,0,0,0.0,0,0,12,True,True,0.04630875375570394,0.1056878198017603
train__c02__user3__1-2-2,2,Comb_hair,user3,1-2-2,train,False,False,0,0,0,0,0,0,0,0,0,0,0,0,0,0,0,0.0,0,0,0,True,True,,
train__c02__user3__1-2-3,2,Comb_hair,user3,1-2-3,train,True,True,5,5,0,5,0,0,0,0,0,0,0,0,0,0,0,0.0,0,0,5,True,True,0.06625241129406156,0.1794617169527499
train__c02__user5__1-1-1,2,Comb_hair,user5,1-1-1,train,True,True,66,66,0,66,0,0,0,0,0,0,0,0,0,0,0,0.0,0,0,66,True,True,0.019730088037361433,0.062333627633058136
train__c02__user5__1-1-2,2,Comb_hair,user5,1-1-2,train,True,True,79,79,0,79,0,0,0,0,0,0,0,0,0,0,0,0.0,0,0,79,True,True,0.019375252113838004,0.0632503680123829
train__c02__user5__1-1-3,2,Comb_hair,user5,1-1-3,train,True,True,24,24,0,24,0,0,0,0,0,0,0,0,0,0,0,0.0,0,0,24,True,True,0.03078287636632303,0.1111924872098484
train__c02__user5__7-1-1,2,Comb_hair,user5,7-1-1,train,True,True,70,70,0,70,0,0,0,0,0,0,0,0,0,0,0,0.0,0,0,70,True,True,0.00981678431050118,0.028430032158294358
train__c02__user5__7-1-2,2,Comb_hair,user5,7-1-2,train,True,True,62,62,0,62,0,0,0,0,0,0,0,0,0,0,0,0.0,0,0,62,True,True,0.017953332299717923,0.060335458369259055
train__c02__user5__7-1-3,2,Comb_hair,user5,7-1-3,train,True,True,59,59,0,59,0,0,0,0,0,0,0,0,0,0,0,0.0,0,0,59,True,True,0.020604450433896224,0.07780586334452566
train__c02__user6__2-2-1,2,Comb_hair,user6,2-2-1,train,True,True,24,24,0,24,0,0,0,0,0,24,0,24,1,24,0,1.0,0,0,24,True,True,0.03377732088290478,0.14546963084541062
train__c02__user6__2-2-2,2,Comb_hair,user6,2-2-2,train,True,True,37,37,0,37,0,0,0,0,0,37,0,37,1,37,0,1.0,0,0,37,True,True,0.022595981339089365,0.06662716045471845
train__c02__user7__1-1-1,2,Comb_hair,user7,1-1-1,train,True,True,36,36,0,36,0,0,0,0,0,36,0,36,1,36,0,1.0,0,0,36,True,True,0.03304184653929596,0.10526630851751141
train__c02__user7__1-1-2,2,Comb_hair,user7,1-1-2,train,True,True,14,14,0,14,0,0,0,0,0,14,0,14,1,14,0,1.0,0,0,14,True,True,0.08745265093645777,0.25363636006732837
train__c02__user7__1-1-3,2,Comb_hair,user7,1-1-3,train,True,True,33,33,0,33,0,0,0,0,0,33,0,33,1,33,0,1.0,0,0,33,True,True,0.05701983534205256,0.203680037289671
train__c02__user8__7-1-2,2,Comb_hair,user8,7-1-2,train,True,True,8,8,0,8,0,0,0,0,0,8,0,8,1,8,0,1.0,0,0,8,True,True,0.09813753477014237,0.32680848366297854
train__c02__user8__7-1-3,2,Comb_hair,user8,7-1-3,train,True,True,6,6,0,6,0,0,0,0,0,6,0,6,1,6,0,1.0,0,0,6,True,True,0.07866366998079488,0.22386377407450794
train__c02__user8__7-2-2,2,Comb_hair,user8,7-2-2,train,False,False,0,0,0,0,0,0,0,0,0,0,0,0,0,0,0,0.0,0,0,0,True,True,,
train__c02__user8__7-2-3,2,Comb_hair,user8,7-2-3,train,False,False,0,0,0,0,0,0,0,0,0,0,0,0,0,0,0,0.0,0,0,0,True,True,,
train__c02__user9__1-1-1,2,Comb_hair,user9,1-1-1,train,True,True,19,19,0,19,0,0,0,0,0,19,0,19,1,19,0,1.0,0,0,19,True,True,0.09221433051213997,0.4532659076667668
train__c02__user9__1-1-2,2,Comb_hair,user9,1-1-2,train,True,True,13,13,0,13,0,0,0,0,0,13,0,13,1,13,0,1.0,0,0,13,True,True,0.07353533625008303,0.20367788701373996
train__c02__user9__1-1-3,2,Comb_hair,user9,1-1-3,train,True,True,10,10,0,10,0,0,0,0,0,10,0,10,1,10,0,1.0,0,0,10,True,True,0.03799169328418658,0.11290804663261579
train__c02__user16__2-2-1,2,Comb_hair,user16,2-2-1,train,True,True,32,32,0,32,0,0,0,0,0,0,0,0,0,0,0,0.0,0,0,32,True,True,0.007239410929154723,0.021199876373176375
train__c02__user16__2-2-2,2,Comb_hair,user16,2-2-2,train,True,True,45,45,0,45,0,0,0,0,0,0,0,0,0,0,0,0.0,0,0,45,True,True,0.01918365787408639,0.0664311176857315
train__c02__user16__2-2-3,2,Comb_hair,user16,2-2-3,train,True,True,17,17,0,17,0,0,0,0,0,0,0,0,0,0,0,0.0,0,0,17,True,True,0.022484857462693478,0.07005929080666544
train__c02__user17__1-1-1,2,Comb_hair,user17,1-1-1,validation,True,True,70,70,0,70,0,0,0,0,0,0,0,0,0,0,0,0.0,0,0,70,True,True,0.020483711130067483,0.057632988378658115
train__c02__user17__1-1-2,2,Comb_hair,user17,1-1-2,validation,True,True,11,11,0,11,0,0,0,0,0,0,0,0,0,0,0,0.0,0,0,11,True,True,0.04028725497784762,0.11282496041485783
train__c02__user17__1-1-3,2,Comb_hair,user17,1-1-3,validation,True,True,21,21,0,21,0,0,0,0,0,0,0,0,0,0,0,0.0,0,0,21,True,True,0.01934169314803195,0.059115271123856616
train__c02__user18__7-1-1,2,Comb_hair,user18,7-1-1,train,True,True,24,24,0,24,0,0,0,0,0,0,0,0,0,0,0,0.0,0,0,24,True,True,0.035666653374056646,0.10996369089822446
train__c02__user18__7-1-2,2,Comb_hair,user18,7-1-2,train,True,True,13,13,0,13,0,0,0,0,0,0,0,0,0,0,0,0.0,0,0,13,True,True,0.04779830578514809,0.1494146986535153
train__c02__user18__7-1-3,2,Comb_hair,user18,7-1-3,train,True,True,6,6,0,6,0,0,0,0,0,0,0,0,0,0,0,0.0,0,0,6,True,True,0.07596581990759853,0.3402880037117917
train__c02__user19__1-1-1,2,Comb_hair,user19,1-1-1,train,True,True,11,11,0,11,0,0,0,0,0,0,0,0,0,0,0,0.0,0,0,11,True,True,0.02944493166988079,0.09035963505951647
train__c02__user19__1-1-2,2,Comb_hair,user19,1-1-2,train,True,True,10,10,0,10,0,0,0,0,0,0,0,0,0,0,0,0.0,0,0,10,True,True,0.0277273767679275,0.0860488433973031
train__c02__user19__1-1-3,2,Comb_hair,user19,1-1-3,train,True,True,13,13,0,13,0,0,0,0,0,0,0,0,0,0,0,0.0,0,0,13,True,True,0.05083393064200138,0.11579122941828013
train__c02__user20__1-1-1,2,Comb_hair,user20,1-1-1,train,True,True,25,25,0,25,0,0,0,0,0,0,0,0,0,0,0,0.0,0,0,25,True,True,0.025442776973383107,0.079446908288396
train__c02__user20__1-1-2,2,Comb_hair,user20,1-1-2,train,True,True,20,20,0,20,0,0,0,0,0,0,0,0,0,0,0,0.0,0,0,20,True,True,0.07180066360715498,0.21382383821173762
train__c02__user20__1-1-3,2,Comb_hair,user20,1-1-3,train,True,True,25,25,0,25,0,0,0,0,0,0,0,0,0,0,0,0.0,0,0,25,True,True,0.029175425021944767,0.08341864631258677
train__c02__user20__4-2-1,2,Comb_hair,user20,4-2-1,train,True,True,13,13,0,13,0,0,0,0,0,0,0,0,0,0,0,0.0,0,0,13,True,True,0.04026492293082252,0.1029481748792564
train__c02__user20__4-2-2,2,Comb_hair,user20,4-2-2,train,True,True,16,16,0,16,0,0,0,0,0,0,0,0,0,0,0,0.0,0,0,16,True,True,0.052833169156765204,0.15741430153732539
train__c02__user20__4-2-3,2,Comb_hair,user20,4-2-3,train,True,True,18,18,0,18,0,0,0,0,0,0,0,0,0,0,0,0.0,0,0,18,True,True,0.02966591422133392,0.0839910645108982
train__c02__user21__4-2-1,2,Comb_hair,user21,4-2-1,train,True,True,16,16,0,16,0,0,0,0,0,0,0,0,0,0,0,0.0,0,0,16,True,True,0.013544720716254148,0.034346631015438576
train__c02__user21__4-2-2,2,Comb_hair,user21,4-2-2,train,True,True,11,11,0,11,0,0,0,0,0,0,0,0,0,0,0,0.0,0,0,11,True,True,0.023929605324611955,0.07203449253394274
train__c02__user21__4-2-3,2,Comb_hair,user21,4-2-3,train,True,True,7,7,0,7,0,0,0,0,0,0,0,0,0,0,0,0.0,0,0,7,True,True,0.021461801470648554,0.04623089678526442
train__c02__user22__1-2-1,2,Comb_hair,user22,1-2-1,train,True,True,17,17,0,17,0,0,0,0,0,0,0,0,0,0,0,0.0,0,0,17,True,True,0.0870015338518438,0.18247396910023608
train__c02__user22__1-2-2,2,Comb_hair,user22,1-2-2,train,True,True,6,6,0,6,0,0,0,0,0,0,0,0,0,0,0,0.0,0,0,6,True,True,0.04716551075737933,0.13324849505761144
train__c02__user22__1-2-3,2,Comb_hair,user22,1-2-3,train,True,True,7,7,0,7,0,0,0,0,0,0,0,0,0,0,0,0.0,0,0,7,True,True,0.1564312126201631,0.2674464063923398
train__c02__user22__2-2-1,2,Comb_hair,user22,2-2-1,train,True,True,13,13,0,13,0,0,0,0,0,0,0,0,0,0,0,0.0,0,0,13,True,True,0.030888871982623772,0.11199667528931871
train__c02__user22__2-2-2,2,Comb_hair,user22,2-2-2,train,True,True,17,17,0,17,0,0,0,0,0,0,0,0,0,0,0,0.0,0,0,17,True,True,0.025496440040937506,0.08399995207531988
train__c02__user22__2-2-3,2,Comb_hair,user22,2-2-3,train,True,True,8,8,0,8,0,0,0,0,0,0,0,0,0,0,0,0.0,0,0,8,True,True,0.03227330218928156,0.0797221662075887
train__c02__user23__2-2-1,2,Comb_hair,user23,2-2-1,validation,True,True,36,36,0,36,0,0,0,0,0,0,0,0,0,0,0,0.0,0,0,36,True,True,0.031539167141797775,0.08657965201340286
train__c02__user23__2-2-2,2,Comb_hair,user23,2-2-2,validation,True,True,28,28,0,28,0,0,0,0,0,0,0,0,0,0,0,0.0,0,0,28,True,True,0.02643922222123906,0.07383058224784253
train__c02__user23__2-2-3,2,Comb_hair,user23,2-2-3,validation,True,True,20,20,0,20,0,0,0,0,0,0,0,0,0,0,0,0.0,0,0,20,True,True,0.04072515064858011,0.11625074323983518
train__c02__user24__7-1-1,2,Comb_hair,user24,7-1-1,validation,True,True,13,13,0,13,0,0,0,0,0,0,0,0,0,0,0,0.0,0,0,13,True,True,0.026692028197057554,0.058269404525187425
train__c02__user24__7-1-2,2,Comb_hair,user24,7-1-2,validation,True,True,4,4,0,4,0,0,0,0,0,0,0,0,0,0,0,0.0,0,0,4,True,True,0.019754465687018892,0.05177544241706511
train__c02__user24__7-1-3,2,Comb_hair,user24,7-1-3,validation,True,True,6,6,0,6,0,0,0,0,0,0,0,0,0,0,0,0.0,0,0,6,True,True,0.028516831680631453,0.040155946551174194
train__c03__user4__5-2-2,3,Take_off_clothes,user4,5-2-2,validation,True,True,66,66,0,66,0,0,0,0,0,0,0,0,0,0,0,0.0,0,0,66,True,True,0.03438823938258557,0.10549996196909037
train__c03__user4__5-2-3,3,Take_off_clothes,user4,5-2-3,validation,True,True,24,24,0,24,0,0,0,0,0,0,0,0,0,0,0,0.0,0,0,24,True,True,0.07495361904079638,0.1950678122726106
train__c03__user7__5-1-1,3,Take_off_clothes,user7,5-1-1,train,True,True,68,68,0,68,0,0,0,0,0,0,0,0,0,0,0,0.0,0,0,68,True,True,0.030588763954270137,0.1060896108114575
train__c03__user7__5-1-2,3,Take_off_clothes,user7,5-1-2,train,True,True,76,76,0,76,0,0,0,0,0,0,0,0,0,0,0,0.0,0,0,76,True,True,0.04241252197148945,0.1302792578213182
train__c03__user7__5-1-3,3,Take_off_clothes,user7,5-1-3,train,True,True,40,40,0,40,0,0,0,0,0,1,0,1,1,1,1,0.025,0,0,40,True,True,0.050313184204871755,0.15097906017886395
train__c03__user7__6-1-1,3,Take_off_clothes,user7,6-1-1,train,True,True,18,18,0,18,0,0,0,0,0,0,0,0,0,0,0,0.0,0,0,18,True,True,0.06175596563745396,0.23985239827387658
train__c03__user7__6-1-2,3,Take_off_clothes,user7,6-1-2,train,True,True,20,20,0,20,0,0,0,0,0,0,0,0,0,0,0,0.0,0,0,20,True,True,0.05065351006081305,0.16693454047373574
train__c03__user7__6-1-3,3,Take_off_clothes,user7,6-1-3,train,True,True,18,18,0,18,0,0,0,0,0,0,0,0,0,0,0,0.0,0,0,18,True,True,0.09423411164289204,0.2683063261785598
train__c03__user8__6-1-1,3,Take_off_clothes,user8,6-1-1,train,True,True,35,35,0,35,0,0,0,0,0,1,0,1,1,1,1,0.02857142857142857,0,0,35,True,True,0.04714058656201702,0.15073063568733347
train__c03__user8__6-1-2,3,Take_off_clothes,user8,6-1-2,train,True,True,25,25,0,25,0,0,0,0,0,1,0,1,1,1,1,0.04,0,0,25,True,True,0.05525024080184588,0.1700326893872592
train__c03__user8__6-1-3,3,Take_off_clothes,user8,6-1-3,train,True,True,34,34,0,34,0,0,0,0,0,0,0,0,0,0,0,0.0,0,0,34,True,True,0.028669176929615642,0.10280511541882566
train__c03__user8__7-1-1,3,Take_off_clothes,user8,7-1-1,train,True,True,37,37,0,37,0,0,0,0,0,37,0,37,1,37,0,1.0,0,0,37,True,True,0.1461924630313799,0.6236120626436116
train__c03__user8__7-1-2,3,Take_off_clothes,user8,7-1-2,train,True,True,21,21,0,21,0,0,0,0,0,21,0,21,1,21,0,1.0,0,0,21,True,True,0.1486653327971197,0.7052986650400651
train__c03__user8__7-1-3,3,Take_off_clothes,user8,7-1-3,train,True,True,11,11,0,11,0,0,0,0,0,11,0,11,1,11,0,1.0,0,0,11,True,True,0.25619969172492796,0.8930483854263325
train__c03__user9__3-1-1,3,Take_off_clothes,user9,3-1-1,train,True,True,69,69,0,69,0,0,0,0,0,0,0,0,0,0,0,0.0,0,0,69,True,True,0.024656665217818768,0.06975147035482089
train__c03__user9__3-1-2,3,Take_off_clothes,user9,3-1-2,train,True,True,59,59,0,59,0,0,0,0,0,57,0,57,2,56,1,0.9661016949152542,0,0,59,True,True,0.04424435043862772,0.17257136690140817
train__c03__user9__3-1-3,3,Take_off_clothes,user9,3-1-3,train,True,True,28,28,0,28,0,0,0,0,0,0,0,0,0,0,0,0.0,0,0,28,True,True,0.03275144397642483,0.09326093713802984
train__c03__user17__6-1-1,3,Take_off_clothes,user17,6-1-1,validation,True,True,39,39,0,39,0,0,0,0,0,0,0,0,0,0,0,0.0,0,0,39,True,True,0.03636745928455073,0.1153871482281198
train__c03__user17__6-1-2,3,Take_off_clothes,user17,6-1-2,validation,True,True,32,32,0,32,0,0,0,0,0,0,0,0,0,0,0,0.0,0,0,32,True,True,0.05422849369487874,0.17015156219388425
train__c03__user17__6-1-3,3,Take_off_clothes,user17,6-1-3,validation,True,True,22,22,0,22,0,0,0,0,0,0,0,0,0,0,0,0.0,0,0,22,True,True,0.05167246127991183,0.18890516497200663
train__c03__user18__6-1-1,3,Take_off_clothes,user18,6-1-1,train,True,True,35,35,0,35,0,0,0,0,0,15,0,15,4,8,0,0.42857142857142855,0,0,35,True,True,0.10599173492204575,0.34507549988150316
train__c03__user18__6-1-2,3,Take_off_clothes,user18,6-1-2,train,True,True,11,11,0,11,0,0,0,0,0,8,0,8,3,5,1,0.7272727272727273,0,0,11,True,True,0.29701286307603875,0.6639006573294772
train__c03__user18__6-1-3,3,Take_off_clothes,user18,6-1-3,train,True,True,22,22,0,22,0,0,0,0,0,1,0,1,1,1,1,0.045454545454545456,0,0,22,True,True,0.15571517059622525,0.7039704993586547
train__c03__user18__7-1-1,3,Take_off_clothes,user18,7-1-1,train,True,True,16,16,0,16,0,0,0,0,0,0,0,0,0,0,0,0.0,0,0,16,True,True,0.05943805424348891,0.20608013552327686
train__c03__user18__7-1-2,3,Take_off_clothes,user18,7-1-2,train,True,True,10,10,0,10,0,0,0,0,0,0,0,0,0,0,0,0.0,0,0,10,True,True,0.057855241756266274,0.22998761079194763
train__c03__user18__7-1-3,3,Take_off_clothes,user18,7-1-3,train,True,True,11,11,0,11,0,0,0,0,0,2,0,2,1,2,0,0.18181818181818182,0,0,11,True,True,0.07386176969773794,0.268748506203657
train__c03__user19__3-1-1,3,Take_off_clothes,user19,3-1-1,train,True,True,49,49,0,49,0,0,0,0,0,0,0,0,0,0,0,0.0,0,0,49,True,True,0.04784202617706251,0.153458312334286
train__c03__user19__3-1-2,3,Take_off_clothes,user19,3-1-2,train,True,True,35,35,0,35,0,0,0,0,0,0,0,0,0,0,0,0.0,0,0,35,True,True,0.050402391770058494,0.1512112370946422
train__c03__user19__3-1-3,3,Take_off_clothes,user19,3-1-3,train,True,True,20,20,0,20,0,0,0,0,0,0,0,0,0,0,0,0.0,0,0,20,True,True,0.08692529370025211,0.22032019464396654
train__c03__user22__6-1-1,3,Take_off_clothes,user22,6-1-1,train,True,True,32,32,0,32,0,0,0,0,0,1,0,1,1,1,1,0.03125,0,0,32,True,True,0.03970863811202067,0.15322019242474116
train__c03__user22__6-1-2,3,Take_off_clothes,user22,6-1-2,train,True,True,27,27,0,27,0,0,0,0,0,2,0,2,2,1,2,0.07407407407407407,0,0,27,True,True,0.04037353118558501,0.13954234438767743
train__c03__user22__6-1-3,3,Take_off_clothes,user22,6-1-3,train,True,True,18,18,0,18,0,0,0,0,0,0,0,0,0,0,0,0.0,0,0,18,True,True,0.055942862121010246,0.19672949930560887
train__c03__user22__7-2-1,3,Take_off_clothes,user22,7-2-1,train,True,True,50,50,0,50,0,0,0,0,0,0,0,0,0,0,0,0.0,0,0,50,True,True,0.022685162434021782,0.07878072079234058
train__c03__user22__7-2-2,3,Take_off_clothes,user22,7-2-2,train,True,True,37,37,0,37,0,0,0,0,0,0,0,0,0,0,0,0.0,0,0,37,True,True,0.02766731283379216,0.09006195541928319
train__c03__user22__7-2-3,3,Take_off_clothes,user22,7-2-3,train,True,True,11,11,0,11,0,0,0,0,0,0,0,0,0,0,0,0.0,0,0,11,True,True,0.049337201791074134,0.1552145943315722
train__c03__user23__4-3-1,3,Take_off_clothes,user23,4-3-1,validation,True,True,15,15,0,15,0,0,0,0,0,0,0,0,0,0,0,0.0,0,0,15,True,True,0.07072741056955066,0.22660431079023624
train__c03__user23__4-3-2,3,Take_off_clothes,user23,4-3-2,validation,True,True,24,24,0,24,0,0,0,0,0,0,0,0,0,0,0,0.0,0,0,24,True,True,0.1673046584734229,0.49417138762274515
train__c03__user23__4-3-3,3,Take_off_clothes,user23,4-3-3,validation,True,True,17,17,0,17,0,0,0,0,0,0,0,0,0,0,0,0.0,0,0,17,True,True,0.10772821848388531,0.308410437495013
train__c03__user23__5-2-1,3,Take_off_clothes,user23,5-2-1,validation,True,True,12,12,0,12,0,0,0,0,0,0,0,0,0,0,0,0.0,0,0,12,True,True,0.031038343099941586,0.09218561197972548
train__c03__user23__5-2-2,3,Take_off_clothes,user23,5-2-2,validation,True,True,24,24,0,24,0,0,0,0,0,3,0,3,3,1,3,0.125,0,0,24,True,True,0.04706890040600005,0.1594157975059894
train__c03__user23__5-2-3,3,Take_off_clothes,user23,5-2-3,validation,True,True,13,13,0,13,0,0,0,0,0,2,0,2,2,1,2,0.15384615384615385,0,0,13,True,True,0.06641443562425003,0.22959707972211793
train__c04__user1__1-1-1,4,Wipe_hands,user1,1-1-1,train,True,True,46,46,0,46,0,0,0,0,0,0,0,0,0,0,0,0.0,0,0,46,True,True,0.026203276008436527,0.07966692935419667
train__c04__user1__1-1-2,4,Wipe_hands,user1,1-1-2,train,False,False,0,0,0,0,0,0,0,0,0,0,0,0,0,0,0,0.0,0,0,0,True,True,,
train__c04__user1__1-1-3,4,Wipe_hands,user1,1-1-3,train,False,False,0,0,0,0,0,0,0,0,0,0,0,0,0,0,0,0.0,0,0,0,True,True,,
train__c04__user2__2-2-1,4,Wipe_hands,user2,2-2-1,train,True,True,34,34,0,34,0,0,0,0,0,0,0,0,0,0,0,0.0,0,0,34,True,True,0.02034678110730029,0.05053778895871455
train__c04__user2__2-2-2,4,Wipe_hands,user2,2-2-2,train,True,True,37,37,0,37,0,0,0,0,0,0,0,0,0,0,0,0.0,0,0,37,True,True,0.027313823261983946,0.07956545560903422
train__c04__user2__2-2-3,4,Wipe_hands,user2,2-2-3,train,True,True,8,8,0,8,0,0,0,0,0,0,0,0,0,0,0,0.0,0,0,8,True,True,0.0372032155433325,0.10098564136782134
train__c04__user2__7-3-3,4,Wipe_hands,user2,7-3-3,train,True,True,29,29,0,29,0,0,0,0,0,0,0,0,0,0,0,0.0,0,0,29,True,True,0.024847003479475296,0.08534163427607372
train__c04__user4__1-1-1,4,Wipe_hands,user4,1-1-1,validation,True,True,23,23,0,23,0,0,0,0,0,0,0,0,0,0,0,0.0,0,0,23,True,True,0.00996940105660316,0.02570209188106364
train__c04__user4__1-1-2,4,Wipe_hands,user4,1-1-2,validation,True,True,22,22,0,22,0,0,0,0,0,0,0,0,0,0,0,0.0,0,0,22,True,True,0.013624895432668224,0.045032357089112095
train__c04__user4__1-1-3,4,Wipe_hands,user4,1-1-3,validation,True,True,19,19,0,19,0,0,0,0,0,0,0,0,0,0,0,0.0,0,0,19,True,True,0.016446424358563378,0.055096142221644995
train__c04__user6__2-2-1,4,Wipe_hands,user6,2-2-1,train,True,True,20,20,0,20,0,0,0,0,0,20,0,20,1,20,0,1.0,0,0,20,True,True,0.03136811790030923,0.0805756015032374
train__c04__user6__2-2-2,4,Wipe_hands,user6,2-2-2,train,True,True,24,24,0,24,0,0,0,0,0,24,0,24,1,24,0,1.0,0,0,24,True,True,0.02827292245506456,0.05865916654779145
train__c04__user6__2-2-3,4,Wipe_hands,user6,2-2-3,train,True,True,11,11,0,11,0,0,0,0,0,11,0,11,1,11,0,1.0,0,0,11,True,True,0.02938594730699721,0.0908344784395971
train__c04__user7__1-1-1,4,Wipe_hands,user7,1-1-1,train,True,True,23,23,0,23,0,0,0,0,0,23,0,23,1,23,0,1.0,0,0,23,True,True,0.022195373005556893,0.07115520980644842
train__c04__user7__1-1-2,4,Wipe_hands,user7,1-1-2,train,True,True,10,10,0,10,0,0,0,0,0,10,0,10,1,10,0,1.0,0,0,10,True,True,0.04456341345416078,0.2494743230394527
train__c04__user7__1-1-3,4,Wipe_hands,user7,1-1-3,train,True,True,14,14,0,14,0,0,0,0,0,14,0,14,1,14,0,1.0,0,0,14,True,True,0.060069710653505734,0.18202132455666906
train__c04__user7__7-2-1,4,Wipe_hands,user7,7-2-1,train,True,True,29,29,0,29,0,0,0,0,0,0,0,0,0,0,0,0.0,0,0,29,True,True,0.03207217443236736,0.08458339593443438
train__c04__user7__7-2-2,4,Wipe_hands,user7,7-2-2,train,True,True,19,19,0,19,0,0,0,0,0,0,0,0,0,0,0,0.0,0,0,19,True,True,0.04476011265209335,0.12392088827714624
train__c04__user7__7-2-3,4,Wipe_hands,user7,7-2-3,train,True,True,8,8,0,8,0,0,0,0,0,1,0,1,1,1,1,0.125,0,0,8,True,True,0.1784178272874641,0.6481722274546032
train__c04__user8__1-1-1,4,Wipe_hands,user8,1-1-1,train,True,True,29,29,0,29,0,0,0,0,0,29,0,29,1,29,0,1.0,0,0,29,True,True,0.0991796708623483,0.350840669622188
train__c04__user8__1-1-2,4,Wipe_hands,user8,1-1-2,train,True,True,25,25,0,25,0,0,0,0,0,25,0,25,1,25,0,1.0,0,0,25,True,True,0.14820151486739916,0.49117913331849583
train__c04__user8__1-1-3,4,Wipe_hands,user8,1-1-3,train,True,True,21,21,0,21,0,0,0,0,0,21,0,21,1,21,0,1.0,0,0,21,True,True,0.10864405436359799,0.2944287483500825
train__c04__user8__7-1-1,4,Wipe_hands,user8,7-1-1,train,True,True,26,26,0,26,0,0,0,0,0,26,0,26,1,26,0,1.0,0,0,26,True,True,0.10397881415195416,0.2459120489669239
train__c04__user8__7-1-2,4,Wipe_hands,user8,7-1-2,train,True,True,30,30,0,30,0,0,0,0,0,30,0,30,1,30,0,1.0,0,0,30,True,True,0.11029800754070564,0.4600510060280159
train__c04__user8__7-1-3,4,Wipe_hands,user8,7-1-3,train,True,True,18,18,0,18,0,0,0,0,0,15,0,15,2,9,0,0.8333333333333334,0,0,18,True,True,0.1460228137202268,0.5962307333563178
train__c04__user9__1-1-1,4,Wipe_hands,user9,1-1-1,train,True,True,13,13,0,13,0,0,0,0,0,13,0,13,1,13,0,1.0,0,0,13,True,True,0.09138310704749908,0.2801810181898631
train__c04__user9__1-1-2,4,Wipe_hands,user9,1-1-2,train,True,True,11,11,0,11,0,0,0,0,0,11,0,11,1,11,0,1.0,0,0,11,True,True,0.08698737924327325,0.15083015606172281
train__c04__user9__1-1-3,4,Wipe_hands,user9,1-1-3,train,True,True,16,16,0,16,0,0,0,0,0,16,0,16,1,16,0,1.0,0,0,16,True,True,0.13517313517434695,0.44773507979482535
train__c04__user9__5-2-1,4,Wipe_hands,user9,5-2-1,train,True,True,29,29,0,29,0,0,0,0,0,0,0,0,0,0,0,0.0,0,0,29,True,True,0.07313297037326459,0.29753890205583816
train__c04__user9__5-2-2,4,Wipe_hands,user9,5-2-2,train,True,True,21,21,0,21,0,0,0,0,0,0,0,0,0,0,0,0.0,0,0,21,True,True,0.06361371445883499,0.21376539709676573
train__c04__user9__5-2-3,4,Wipe_hands,user9,5-2-3,train,True,True,19,19,0,19,0,0,0,0,0,0,0,0,0,0,0,0.0,0,0,19,True,True,0.07786443301598087,0.2994677472640426
train__c04__user16__2-2-1,4,Wipe_hands,user16,2-2-1,train,True,True,34,34,0,34,0,0,0,0,0,0,0,0,0,0,0,0.0,0,0,34,True,True,0.01718690171656365,0.05674159526824951
train__c04__user16__2-2-2,4,Wipe_hands,user16,2-2-2,train,True,True,31,31,0,31,0,0,0,0,0,0,0,0,0,0,0,0.0,0,0,31,True,True,0.00869563195426521,0.023627148587933647
train__c04__user16__2-2-3,4,Wipe_hands,user16,2-2-3,train,True,True,24,24,0,24,0,0,0,0,0,0,0,0,0,0,0,0.0,0,0,24,True,True,0.014861921741408726,0.037621893914547164
train__c04__user17__1-1-1,4,Wipe_hands,user17,1-1-1,validation,True,True,45,45,0,45,0,0,0,0,0,0,0,0,0,0,0,0.0,0,0,45,True,True,0.02077787966555861,0.0685073221966177
train__c04__user17__1-1-2,4,Wipe_hands,user17,1-1-2,validation,True,True,28,28,0,28,0,0,0,0,0,0,0,0,0,0,0,0.0,0,0,28,True,True,0.024910874011990852,0.07837597551318187
train__c04__user17__1-1-3,4,Wipe_hands,user17,1-1-3,validation,True,True,24,24,0,24,0,0,0,0,0,0,0,0,0,0,0,0.0,0,0,24,True,True,0.023326622739699775,0.06820618119458491
train__c04__user17__7-2-1,4,Wipe_hands,user17,7-2-1,validation,True,True,46,46,0,46,0,0,0,0,0,0,0,0,0,0,0,0.0,0,0,46,True,True,0.015108589885649096,0.044608209108624446
train__c04__user17__7-2-2,4,Wipe_hands,user17,7-2-2,validation,True,True,31,31,0,31,0,0,0,0,0,0,0,0,0,0,0,0.0,0,0,31,True,True,0.01890407288352686,0.05607121824938781
train__c04__user17__7-2-3,4,Wipe_hands,user17,7-2-3,validation,True,True,19,19,0,19,0,0,0,0,0,0,0,0,0,0,0,0.0,0,0,19,True,True,0.025394795417353747,0.08436638476593783
train__c04__user18__1-1-1,4,Wipe_hands,user18,1-1-1,train,True,True,40,40,0,40,0,0,0,0,0,0,0,0,0,0,0,0.0,0,0,40,True,True,0.01154717565283074,0.03176336703528224
train__c04__user18__1-1-2,4,Wipe_hands,user18,1-1-2,train,True,True,25,25,0,25,0,0,0,0,0,0,0,0,0,0,0,0.0,0,0,25,True,True,0.01871243454154064,0.05737316669695755
train__c04__user18__1-1-3,4,Wipe_hands,user18,1-1-3,train,True,True,24,24,0,24,0,0,0,0,0,0,0,0,0,0,0,0.0,0,0,24,True,True,0.02398955698652541,0.08254474615027552
train__c04__user18__7-1-1,4,Wipe_hands,user18,7-1-1,train,True,True,20,20,0,20,0,0,0,0,0,0,0,0,0,0,0,0.0,0,0,20,True,True,0.015264626046335264,0.04148662372919388
train__c04__user18__7-1-2,4,Wipe_hands,user18,7-1-2,train,True,True,13,13,0,13,0,0,0,0,0,0,0,0,0,0,0,0.0,0,0,13,True,True,0.02345429579082534,0.06938305022113324
train__c04__user18__7-1-3,4,Wipe_hands,user18,7-1-3,train,True,True,5,5,0,5,0,0,0,0,0,0,0,0,0,0,0,0.0,0,0,5,True,True,0.02638594797351769,0.053039506885470496
train__c04__user19__1-1-1,4,Wipe_hands,user19,1-1-1,train,True,True,21,21,0,21,0,0,0,0,0,0,0,0,0,0,0,0.0,0,0,21,True,True,0.015995813122356192,0.04056288426668441
train__c04__user19__1-1-2,4,Wipe_hands,user19,1-1-2,train,True,True,18,18,0,18,0,0,0,0,0,0,0,0,0,0,0,0.0,0,0,18,True,True,0.021607374997149306,0.060434599296777455
train__c04__user19__1-1-3,4,Wipe_hands,user19,1-1-3,train,True,True,20,20,0,20,0,0,0,0,0,0,0,0,0,0,0,0.0,0,0,20,True,True,0.019468758268927962,0.05116395318216014
train__c04__user19__5-1-2,4,Wipe_hands,user19,5-1-2,train,False,False,0,0,0,0,0,0,0,0,0,0,0,0,0,0,0,0.0,0,0,0,True,True,,
train__c04__user19__5-1-3,4,Wipe_hands,user19,5-1-3,train,False,False,0,0,0,0,0,0,0,0,0,0,0,0,0,0,0,0.0,0,0,0,True,True,,
train__c04__user19__5-2-1,4,Wipe_hands,user19,5-2-1,train,True,True,35,35,0,35,0,0,0,0,0,0,0,0,0,0,0,0.0,0,0,35,True,True,0.01209155555664857,0.0330902986477138
train__c04__user19__5-2-2,4,Wipe_hands,user19,5-2-2,train,True,True,30,30,0,30,0,0,0,0,0,0,0,0,0,0,0,0.0,0,0,30,True,True,0.011294621967584349,0.03354261421163665
train__c04__user19__5-2-3,4,Wipe_hands,user19,5-2-3,train,True,True,23,23,0,23,0,0,0,0,0,0,0,0,0,0,0,0.0,0,0,23,True,True,0.01468531196385505,0.043932631740297066
train__c04__user20__6-2-1,4,Wipe_hands,user20,6-2-1,train,True,True,31,31,0,31,0,0,0,0,0,0,0,0,0,0,0,0.0,0,0,31,True,True,0.029013107548269922,0.07971442402230837
train__c04__user20__6-2-2,4,Wipe_hands,user20,6-2-2,train,True,True,18,18,0,18,0,0,0,0,0,0,0,0,0,0,0,0.0,0,0,18,True,True,0.02321716736308993,0.07222446831336883
train__c04__user20__6-2-3,4,Wipe_hands,user20,6-2-3,train,True,True,39,39,0,39,0,0,0,0,0,0,0,0,0,0,0,0.0,0,0,39,True,True,0.017130495947362875,0.049096438384045496
train__c04__user21__1-1-1,4,Wipe_hands,user21,1-1-1,train,True,True,27,27,0,27,0,0,0,0,0,0,0,0,0,0,0,0.0,0,0,27,True,True,0.018160379214017745,0.04293580328168673
train__c04__user21__1-1-2,4,Wipe_hands,user21,1-1-2,train,True,True,29,29,0,29,0,0,0,0,0,0,0,0,0,0,0,0.0,0,0,29,True,True,0.01682022586053277,0.045257781260542994
train__c04__user21__1-1-3,4,Wipe_hands,user21,1-1-3,train,True,True,13,13,0,13,0,0,0,0,0,0,0,0,0,0,0,0.0,0,0,13,True,True,0.027011416579906956,0.06408421092239734
train__c04__user21__7-2-1,4,Wipe_hands,user21,7-2-1,train,True,True,23,23,0,23,0,0,0,0,0,0,0,0,0,0,0,0.0,0,0,23,True,True,0.011407409089262606,0.03308153266803064
train__c04__user21__7-2-2,4,Wipe_hands,user21,7-2-2,train,True,True,13,13,0,13,0,0,0,0,0,0,0,0,0,0,0,0.0,0,0,13,True,True,0.03066363801791531,0.0740227280031235
train__c04__user21__7-2-3,4,Wipe_hands,user21,7-2-3,train,True,True,24,24,0,24,0,0,0,0,0,3,0,3,1,3,0,0.125,0,0,24,True,True,0.021502648100014895,0.06877191304266092
train__c04__user22__1-1-1,4,Wipe_hands,user22,1-1-1,train,False,False,0,0,0,0,0,0,0,0,0,0,0,0,0,0,0,0.0,0,0,0,True,True,,
train__c04__user22__1-1-2,4,Wipe_hands,user22,1-1-2,train,True,True,16,16,0,16,0,0,0,0,0,0,0,0,0,0,0,0.0,0,0,16,True,True,0.01710431144118228,0.042772450551136536
train__c04__user22__1-1-3,4,Wipe_hands,user22,1-1-3,train,True,True,9,9,0,9,0,0,0,0,0,0,0,0,0,0,0,0.0,0,0,9,True,True,0.017802241573032656,0.041299410482751264
train__c04__user22__6-2-1,4,Wipe_hands,user22,6-2-1,train,True,True,29,29,0,29,0,0,0,0,0,0,0,0,0,0,0,0.0,0,0,29,True,True,0.012826045956390954,0.05175241246555022
train__c04__user22__6-2-2,4,Wipe_hands,user22,6-2-2,train,True,True,24,24,0,24,0,0,0,0,0,0,0,0,0,0,0,0.0,0,0,24,True,True,0.015442461408817082,0.055076040789912135
train__c04__user22__6-2-3,4,Wipe_hands,user22,6-2-3,train,True,True,6,6,0,6,0,0,0,0,0,0,0,0,0,0,0,0.0,0,0,6,True,True,0.024975758928398702,0.07489188650971597
train__c04__user23__1-1-1,4,Wipe_hands,user23,1-1-1,validation,True,True,27,27,0,27,0,0,0,0,0,0,0,0,0,0,0,0.0,0,0,27,True,True,0.039360127901108974,0.10607521361118015
train__c04__user23__1-1-2,4,Wipe_hands,user23,1-1-2,validation,True,True,15,15,0,15,0,0,0,0,0,0,0,0,0,0,0,0.0,0,0,15,True,True,0.047218005656354776,0.1742501694004742
train__c04__user23__1-1-3,4,Wipe_hands,user23,1-1-3,validation,True,True,21,21,0,21,0,0,0,0,0,0,0,0,0,0,0,0.0,0,0,21,True,True,0.048597878204400424,0.17172281480642068
train__c04__user24__6-2-1,4,Wipe_hands,user24,6-2-1,validation,True,True,28,28,0,28,0,0,0,0,0,0,0,0,0,0,0,0.0,0,0,28,True,True,0.025233872386338563,0.10809854121501097
train__c04__user24__6-2-2,4,Wipe_hands,user24,6-2-2,validation,True,True,20,20,0,20,0,0,0,0,0,0,0,0,0,0,0,0.0,0,0,20,True,True,0.024919883242716184,0.09373029391066733
train__c04__user24__6-2-3,4,Wipe_hands,user24,6-2-3,validation,True,True,24,24,0,24,0,0,0,0,0,0,0,0,0,0,0,0.0,0,0,24,True,True,0.018875570189830673,0.06369236238396515
train__c05__user1__1-1-1,5,Put_on_clothes,user1,1-1-1,train,True,True,125,125,0,125,0,0,0,0,0,4,0,4,2,3,1,0.032,0,0,125,True,True,0.09696301609000742,0.32812992104277583
train__c05__user1__1-1-2,5,Put_on_clothes,user1,1-1-2,train,True,True,53,53,0,53,0,0,0,0,0,2,0,2,1,2,0,0.03773584905660377,0,0,53,True,True,0.07165539897914827,0.2371450069915004
train__c05__user1__1-1-3,5,Put_on_clothes,user1,1-1-3,train,True,True,39,39,0,39,0,0,0,0,0,4,0,4,3,2,2,0.10256410256410256,0,0,39,True,True,0.08958271467471408,0.22999671340131972
train__c05__user3__1-1-1,5,Put_on_clothes,user3,1-1-1,train,True,True,73,73,0,73,0,0,0,0,0,0,0,0,0,0,0,0.0,0,0,73,True,True,0.02818928035902729,0.09582330650355167
train__c05__user3__1-1-2,5,Put_on_clothes,user3,1-1-2,train,True,True,44,44,0,44,0,0,0,0,0,0,0,0,0,0,0,0.0,0,0,44,True,True,0.032402180171336344,0.10398394257048688
train__c05__user3__1-1-3,5,Put_on_clothes,user3,1-1-3,train,True,True,34,34,0,34,0,0,0,0,0,0,0,0,0,0,0,0.0,0,0,34,True,True,0.06327193035511036,0.19119273649375376
train__c05__user4__5-2-1,5,Put_on_clothes,user4,5-2-1,validation,True,True,93,93,0,93,0,0,0,0,0,1,0,1,1,1,1,0.010752688172043012,0,0,93,True,True,0.04150806702866895,0.13193663564797353
train__c05__user4__5-2-2,5,Put_on_clothes,user4,5-2-2,validation,True,True,106,106,0,106,0,0,0,0,0,6,0,6,3,3,1,0.05660377358490566,0,0,106,True,True,0.0394804816666018,0.13045783727495838
train__c05__user4__5-2-3,5,Put_on_clothes,user4,5-2-3,validation,True,True,83,83,0,83,0,0,0,0,0,4,0,4,2,2,0,0.04819277108433735,0,0,83,True,True,0.05764195387521065,0.18773011862783776
train__c05__user7__1-1-1,5,Put_on_clothes,user7,1-1-1,train,True,True,67,67,0,67,0,0,0,0,0,67,0,67,1,67,0,1.0,0,0,67,True,True,0.204007015478701,0.6767424661986298
train__c05__user7__1-1-2,5,Put_on_clothes,user7,1-1-2,train,True,True,69,69,0,69,0,0,0,0,0,69,0,69,1,69,0,1.0,0,0,69,True,True,0.14271090464304315,0.563927818880186
train__c05__user7__1-1-3,5,Put_on_clothes,user7,1-1-3,train,True,True,72,72,0,72,0,0,0,0,0,72,0,72,1,72,0,1.0,0,0,72,True,True,0.1897082872756148,0.6939776711224702
train__c05__user7__6-1-1,5,Put_on_clothes,user7,6-1-1,train,True,True,35,35,0,35,0,0,0,0,0,0,0,0,0,0,0,0.0,0,0,35,True,True,0.047092397077692666,0.1731169448747865
train__c05__user7__6-1-2,5,Put_on_clothes,user7,6-1-2,train,True,True,71,71,0,71,0,0,0,0,0,0,0,0,0,0,0,0.0,0,0,71,True,True,0.04415541261599879,0.1372384714893675
train__c05__user7__6-1-3,5,Put_on_clothes,user7,6-1-3,train,True,True,33,33,0,33,0,0,0,0,0,1,0,1,1,1,1,0.030303030303030304,0,0,33,True,True,0.0619972020082729,0.21512737846042876
train__c05__user8__6-1-1,5,Put_on_clothes,user8,6-1-1,train,True,True,145,145,0,145,0,0,0,0,0,2,0,2,2,1,2,0.013793103448275862,0,0,145,True,True,0.061143583132947966,0.32337138972916757
train__c05__user8__6-1-2,5,Put_on_clothes,user8,6-1-2,train,True,True,93,93,0,93,0,0,0,0,0,6,0,6,5,2,4,0.06451612903225806,0,0,93,True,True,0.10686617483552584,0.4744027166739845
train__c05__user8__6-1-3,5,Put_on_clothes,user8,6-1-3,train,True,True,41,41,0,41,0,0,0,0,0,2,0,2,1,2,0,0.04878048780487805,0,0,41,True,True,0.05289005259578459,0.19089734570173902
train__c05__user8__7-1-1,5,Put_on_clothes,user8,7-1-1,train,True,True,71,71,0,71,0,0,0,0,0,68,0,68,3,64,1,0.9577464788732394,0,0,71,True,True,0.1714888661615097,0.8495108758817596
train__c05__user8__7-1-2,5,Put_on_clothes,user8,7-1-2,train,True,True,65,65,0,65,0,0,0,0,0,65,0,65,1,65,0,1.0,0,0,65,True,True,0.1626365729897458,0.6767167210532241
train__c05__user8__7-1-3,5,Put_on_clothes,user8,7-1-3,train,True,True,16,16,0,16,0,0,0,0,0,16,0,16,1,16,0,1.0,0,0,16,True,True,0.25192159228703803,0.9340491322537412
train__c05__user9__1-1-1,5,Put_on_clothes,user9,1-1-1,train,True,True,61,61,0,61,0,0,0,0,0,58,0,58,3,53,1,0.9508196721311475,0,0,61,True,True,0.24262040833535078,0.8063393368493459
train__c05__user9__1-1-2,5,Put_on_clothes,user9,1-1-2,train,True,True,36,36,0,36,0,0,0,0,0,36,0,36,1,36,0,1.0,0,0,36,True,True,0.27424299249489487,1.0515157902336505
train__c05__user9__1-1-3,5,Put_on_clothes,user9,1-1-3,train,True,True,43,43,0,43,0,0,0,0,0,41,0,41,2,36,0,0.9534883720930233,0,0,43,True,True,0.19104259383241065,0.8397315587013299
train__c05__user17__1-1-1,5,Put_on_clothes,user17,1-1-1,validation,True,True,90,90,0,90,0,0,0,0,0,4,0,4,4,1,4,0.044444444444444446,0,0,90,True,True,0.08325545763624509,0.2712996404796032
train__c05__user17__1-1-2,5,Put_on_clothes,user17,1-1-2,validation,True,True,60,60,0,60,0,0,0,0,0,0,0,0,0,0,0,0.0,0,0,60,True,True,0.0819174077823733,0.2933508538679929
train__c05__user17__1-1-3,5,Put_on_clothes,user17,1-1-3,validation,True,True,55,55,0,55,0,0,0,0,0,3,0,3,3,1,3,0.05454545454545454,0,0,55,True,True,0.06582760498495312,0.20666759330070522
train__c05__user17__6-1-1,5,Put_on_clothes,user17,6-1-1,validation,True,True,56,56,0,56,0,0,0,0,0,0,0,0,0,0,0,0.0,0,0,56,True,True,0.04590509867442825,0.14912797585556786
train__c05__user17__6-1-2,5,Put_on_clothes,user17,6-1-2,validation,True,True,54,54,0,54,0,0,0,0,0,2,0,2,2,1,2,0.037037037037037035,0,0,54,True,True,0.05503855724984107,0.17250306133913604
train__c05__user17__6-1-3,5,Put_on_clothes,user17,6-1-3,validation,True,True,66,66,0,66,0,0,0,0,0,0,0,0,0,0,0,0.0,0,0,66,True,True,0.06807378168823419,0.26691712656731814
train__c05__user18__6-1-1,5,Put_on_clothes,user18,6-1-1,train,True,True,43,43,0,43,0,0,0,0,0,1,0,1,1,1,1,0.023255813953488372,0,0,43,True,True,0.15749677232224127,0.50039833215398
train__c05__user18__6-1-2,5,Put_on_clothes,user18,6-1-2,train,True,True,47,47,0,47,0,0,0,0,0,47,0,47,1,47,0,1.0,0,0,47,True,True,0.18730602399316712,0.7753038733429036
train__c05__user18__6-1-3,5,Put_on_clothes,user18,6-1-3,train,True,True,39,39,0,39,0,0,0,0,0,4,0,4,2,3,1,0.10256410256410256,0,0,39,True,True,0.18892417847241946,0.5692793571014144
train__c05__user18__7-1-1,5,Put_on_clothes,user18,7-1-1,train,True,True,56,56,0,56,0,0,0,0,0,1,0,1,1,1,1,0.017857142857142856,0,0,56,True,True,0.0973440450596895,0.34869914880234554
train__c05__user18__7-1-2,5,Put_on_clothes,user18,7-1-2,train,True,True,39,39,0,39,0,0,0,0,0,1,0,1,1,1,1,0.02564102564102564,0,0,39,True,True,0.13170664707949187,0.4636480805409482
train__c05__user18__7-1-3,5,Put_on_clothes,user18,7-1-3,train,True,True,42,42,0,42,0,0,0,0,0,0,0,0,0,0,0,0.0,0,0,42,True,True,0.10466424430345873,0.39074185024040586
train__c05__user19__1-1-1,5,Put_on_clothes,user19,1-1-1,train,True,True,117,117,0,117,0,0,0,0,0,2,0,2,2,1,2,0.017094017094017096,0,0,117,True,True,0.06716531982807723,0.20143244685739864
train__c05__user19__1-1-2,5,Put_on_clothes,user19,1-1-2,train,True,True,88,88,0,88,0,0,0,0,0,2,0,2,2,1,2,0.022727272727272728,0,0,88,True,True,0.09863027413862226,0.3477406618724335
train__c05__user19__1-1-3,5,Put_on_clothes,user19,1-1-3,train,True,True,59,59,0,59,0,0,0,0,0,2,0,2,2,1,2,0.03389830508474576,0,0,59,True,True,0.08586390110691203,0.3245813570339297
train__c05__user21__6-1-1,5,Put_on_clothes,user21,6-1-1,train,True,True,85,85,0,85,0,0,0,0,0,1,0,1,1,1,1,0.011764705882352941,0,0,85,True,True,0.06765975756250384,0.25861831695749127
train__c05__user21__6-1-2,5,Put_on_clothes,user21,6-1-2,train,True,True,121,121,0,121,0,0,0,0,0,0,0,0,0,0,0,0.0,0,0,121,True,True,0.08113416010399838,0.28425537887189195
train__c05__user21__6-1-3,5,Put_on_clothes,user21,6-1-3,train,True,True,44,44,0,44,0,0,0,0,0,4,0,4,1,4,0,0.09090909090909091,0,0,44,True,True,0.10176766645911758,0.5396438728319177
train__c05__user22__2-2-1,5,Put_on_clothes,user22,2-2-1,train,True,True,74,74,0,74,0,0,0,0,0,3,0,3,3,1,3,0.04054054054054054,0,0,74,True,True,0.05964384052383561,0.18719576878316743
train__c05__user22__2-2-2,5,Put_on_clothes,user22,2-2-2,train,True,True,114,114,0,114,0,0,0,0,0,6,0,6,3,3,1,0.05263157894736842,0,0,114,True,True,0.042548204511477165,0.14780196882852142
train__c05__user22__2-2-3,5,Put_on_clothes,user22,2-2-3,train,True,True,41,41,0,41,0,0,0,0,0,1,0,1,1,1,1,0.024390243902439025,0,0,41,True,True,0.06257398693233816,0.2196394447956022
train__c05__user22__6-1-1,5,Put_on_clothes,user22,6-1-1,train,True,True,52,52,0,52,0,0,0,0,0,0,0,0,0,0,0,0.0,0,0,52,True,True,0.053973105460437765,0.17038655363611965
train__c05__user22__6-1-2,5,Put_on_clothes,user22,6-1-2,train,True,True,46,46,0,46,0,0,0,0,0,0,0,0,0,0,0,0.0,0,0,46,True,True,0.07114581352202755,0.2484946814739859
train__c05__user22__6-1-3,5,Put_on_clothes,user22,6-1-3,train,True,True,56,56,0,56,0,0,0,0,0,0,0,0,0,0,0,0.0,0,0,56,True,True,0.07864654790122028,0.3185716652941839
train__c05__user22__7-2-1,5,Put_on_clothes,user22,7-2-1,train,True,True,81,81,0,81,0,0,0,0,0,0,0,0,0,0,0,0.0,0,0,81,True,True,0.02224382883340542,0.07453035265520844
train__c05__user22__7-2-2,5,Put_on_clothes,user22,7-2-2,train,True,True,62,62,0,62,0,0,0,0,0,0,0,0,0,0,0,0.0,0,0,62,True,True,0.028236450025906062,0.09989479268742567
train__c05__user22__7-2-3,5,Put_on_clothes,user22,7-2-3,train,True,True,26,26,0,26,0,0,0,0,0,0,0,0,0,0,0,0.0,0,0,26,True,True,0.04963657937354191,0.17522685891478093
train__c05__user23__4-3-1,5,Put_on_clothes,user23,4-3-1,validation,True,True,33,33,0,33,0,0,0,0,0,0,0,0,0,0,0,0.0,0,0,33,True,True,0.18232805621133774,0.738095787136786
train__c05__user23__4-3-2,5,Put_on_clothes,user23,4-3-2,validation,True,True,30,30,0,30,0,0,0,0,0,2,0,2,1,2,0,0.06666666666666667,0,0,30,True,True,0.11964971844227705,0.5385572388249166
train__c05__user23__4-3-3,5,Put_on_clothes,user23,4-3-3,validation,True,True,18,18,0,18,0,0,0,0,0,0,0,0,0,0,0,0.0,0,0,18,True,True,0.29671823843340095,0.9282211094774043
train__c05__user23__5-2-1,5,Put_on_clothes,user23,5-2-1,validation,True,True,37,37,0,37,0,0,0,0,0,0,0,0,0,0,0,0.0,0,0,37,True,True,0.06923124820396216,0.2220365862209953
train__c05__user23__5-2-2,5,Put_on_clothes,user23,5-2-2,validation,True,True,38,38,0,38,0,0,0,0,0,0,0,0,0,0,0,0.0,0,0,38,True,True,0.11110608857710604,0.4851836604331548
train__c05__user23__5-2-3,5,Put_on_clothes,user23,5-2-3,validation,True,True,25,25,0,25,0,0,0,0,0,1,0,1,1,1,1,0.04,0,0,25,True,True,0.04408383309000321,0.12463800803886901
train__c06__user1__4-1-1,6,Drink_water,user1,4-1-1,train,True,True,61,61,0,61,0,0,0,0,0,0,0,0,0,0,0,0.0,0,0,61,True,True,0.018831461153534835,0.10331425019884165
train__c06__user1__4-1-2,6,Drink_water,user1,4-1-2,train,True,True,47,47,0,47,0,0,0,0,0,0,0,0,0,0,0,0.0,0,0,47,True,True,0.018676952621101982,0.08336756587057947
train__c06__user1__4-1-3,6,Drink_water,user1,4-1-3,train,True,True,22,22,0,22,0,0,0,0,0,0,0,0,0,0,0,0.0,0,0,22,True,True,0.05962201080513689,0.16973347241681044
train__c06__user1__5-1-1,6,Drink_water,user1,5-1-1,train,True,True,34,34,0,34,0,0,0,0,0,0,0,0,0,0,0,0.0,0,0,34,True,True,0.02011304632493354,0.054612752809653706
train__c06__user1__5-1-2,6,Drink_water,user1,5-1-2,train,True,True,29,29,0,29,0,0,0,0,0,0,0,0,0,0,0,0.0,0,0,29,True,True,0.017135379076123346,0.05647693038099605
train__c06__user1__5-1-3,6,Drink_water,user1,5-1-3,train,True,True,15,15,0,15,0,0,0,0,0,0,0,0,0,0,0,0.0,0,0,15,True,True,0.0492107304000803,0.14568891764575578
train__c06__user2__1-2-1,6,Drink_water,user2,1-2-1,train,True,True,30,30,0,30,0,0,0,0,0,0,0,0,0,0,0,0.0,0,0,30,True,True,0.012896073716069153,0.04658393804955564
train__c06__user2__1-2-2,6,Drink_water,user2,1-2-2,train,True,True,24,24,0,24,0,0,0,0,0,0,0,0,0,0,0,0.0,0,0,24,True,True,0.03217047654470665,0.09583194669652424
train__c06__user2__1-2-3,6,Drink_water,user2,1-2-3,train,True,True,18,18,0,18,0,0,0,0,0,0,0,0,0,0,0,0.0,0,0,18,True,True,0.032927963160132204,0.10358461462888502
train__c06__user2__2-1-1,6,Drink_water,user2,2-1-1,train,True,True,15,15,0,15,0,0,0,0,0,0,0,0,0,0,0,0.0,0,0,15,True,True,0.033025872066644923,0.1112521434296703
train__c06__user2__2-1-2,6,Drink_water,user2,2-1-2,train,True,True,19,19,0,19,0,0,0,0,0,0,0,0,0,0,0,0.0,0,0,19,True,True,0.06783735248836686,0.21897997915048178
train__c06__user2__2-1-3,6,Drink_water,user2,2-1-3,train,True,True,19,19,0,19,0,0,0,0,0,0,0,0,0,0,0,0.0,0,0,19,True,True,0.053431371333679804,0.23314946845177303
train__c06__user2__2-2-1,6,Drink_water,user2,2-2-1,train,True,True,40,40,0,40,0,0,0,0,0,0,0,0,0,0,0,0.0,0,0,40,True,True,0.01548548673285156,0.035365376517995775
train__c06__user2__2-2-2,6,Drink_water,user2,2-2-2,train,True,True,24,24,0,24,0,0,0,0,0,0,0,0,0,0,0,0.0,0,0,24,True,True,0.011283765856200698,0.028442268040636917
train__c06__user2__2-2-3,6,Drink_water,user2,2-2-3,train,True,True,16,16,0,16,0,0,0,0,0,0,0,0,0,0,0,0.0,0,0,16,True,True,0.02955300657155735,0.08253424217439888
train__c06__user2__4-2-1,6,Drink_water,user2,4-2-1,train,True,True,14,14,0,14,0,0,0,0,0,0,0,0,0,0,0,0.0,0,0,14,True,True,0.013702677034395148,0.05024938846823408
train__c06__user2__4-2-2,6,Drink_water,user2,4-2-2,train,True,True,9,9,0,9,0,0,0,0,0,0,0,0,0,0,0,0.0,0,0,9,True,True,0.004858544221776832,0.012646503986396584
train__c06__user2__4-2-3,6,Drink_water,user2,4-2-3,train,True,True,10,10,0,10,0,0,0,0,0,0,0,0,0,0,0,0.0,0,0,10,True,True,0.0123020271833453,0.0311170089379101
train__c06__user3__1-2-1,6,Drink_water,user3,1-2-1,train,True,True,20,20,0,20,0,0,0,0,0,0,0,0,0,0,0,0.0,0,0,20,True,True,0.01209391229391092,0.03385369512300753
train__c06__user3__1-2-2,6,Drink_water,user3,1-2-2,train,True,True,20,20,0,20,0,0,0,0,0,0,0,0,0,0,0,0.0,0,0,20,True,True,0.037620764388187254,0.0740383530318098
train__c06__user3__1-2-3,6,Drink_water,user3,1-2-3,train,True,True,8,8,0,8,0,0,0,0,0,0,0,0,0,0,0,0.0,0,0,8,True,True,0.03436224834471607,0.09737100795589777
train__c06__user3__4-1-1,6,Drink_water,user3,4-1-1,train,True,True,22,22,0,22,0,0,0,0,0,0,0,0,0,0,0,0.0,0,0,22,True,True,0.016338099122272708,0.06488168336966758
train__c06__user3__4-1-2,6,Drink_water,user3,4-1-2,train,True,True,34,34,0,34,0,0,0,0,0,0,0,0,0,0,0,0.0,0,0,34,True,True,0.007274857050381291,0.016997381220089453
train__c06__user3__4-1-3,6,Drink_water,user3,4-1-3,train,True,True,13,13,0,13,0,0,0,0,0,0,0,0,0,0,0,0.0,0,0,13,True,True,0.017964319060059523,0.04969751332738698
train__c06__user3__5-1-1,6,Drink_water,user3,5-1-1,train,True,True,18,18,0,18,0,0,0,0,0,0,0,0,0,0,0,0.0,0,0,18,True,True,0.029787486319390336,0.08075564744182781
train__c06__user3__5-1-2,6,Drink_water,user3,5-1-2,train,True,True,11,11,0,11,0,0,0,0,0,0,0,0,0,0,0,0.0,0,0,11,True,True,0.017594861327173868,0.06051366942152155
train__c06__user3__5-1-3,6,Drink_water,user3,5-1-3,train,True,True,18,18,0,18,0,0,0,0,0,0,0,0,0,0,0,0.0,0,0,18,True,True,0.042233146265467626,0.09574645057710959
train__c06__user4__2-1-1,6,Drink_water,user4,2-1-1,validation,True,True,37,37,0,37,0,0,0,0,0,0,0,0,0,0,0,0.0,0,0,37,True,True,0.03243312979328738,0.10475841580097164
train__c06__user4__2-1-2,6,Drink_water,user4,2-1-2,validation,True,True,34,34,0,34,0,0,0,0,0,0,0,0,0,0,0,0.0,0,0,34,True,True,0.0071598781186152346,0.0179016657920537
train__c06__user4__2-1-3,6,Drink_water,user4,2-1-3,validation,True,True,18,18,0,18,0,0,0,0,0,0,0,0,0,0,0,0.0,0,0,18,True,True,0.022865416561294788,0.06697247446861998
train__c06__user4__4-2-1,6,Drink_water,user4,4-2-1,validation,True,True,87,87,0,87,0,0,0,0,0,0,0,0,0,0,0,0.0,0,0,87,True,True,0.011616140318553387,0.03475359598246487
train__c06__user4__4-2-2,6,Drink_water,user4,4-2-2,validation,True,True,41,41,0,41,0,0,0,0,0,0,0,0,0,0,0,0.0,0,0,41,True,True,0.00991176839336279,0.024921063952776788
train__c06__user4__4-2-3,6,Drink_water,user4,4-2-3,validation,True,True,33,33,0,33,0,0,0,0,0,0,0,0,0,0,0,0.0,0,0,33,True,True,0.017474547455305092,0.04709650240893264
train__c06__user5__1-2-1,6,Drink_water,user5,1-2-1,train,True,True,26,26,0,26,0,0,0,0,0,0,0,0,0,0,0,0.0,0,0,26,True,True,0.014330084872502051,0.04855651516723293
train__c06__user5__1-2-2,6,Drink_water,user5,1-2-2,train,True,True,28,28,0,28,0,0,0,0,0,0,0,0,0,0,0,0.0,0,0,28,True,True,0.01308412889413165,0.03187171987726491
train__c06__user5__1-2-3,6,Drink_water,user5,1-2-3,train,True,True,20,20,0,20,0,0,0,0,0,0,0,0,0,0,0,0.0,0,0,20,True,True,0.031983565643084536,0.11905003500603642
train__c06__user5__2-1-1,6,Drink_water,user5,2-1-1,train,True,True,75,75,0,75,0,0,0,0,0,0,0,0,0,0,0,0.0,0,0,75,True,True,0.017632376892402678,0.056163563327118735
train__c06__user5__2-1-2,6,Drink_water,user5,2-1-2,train,True,True,61,61,0,61,0,0,0,0,0,0,0,0,0,0,0,0.0,0,0,61,True,True,0.01896450852779747,0.07277567671308076
train__c06__user5__2-1-3,6,Drink_water,user5,2-1-3,train,True,True,47,47,0,47,0,0,0,0,0,0,0,0,0,0,0,0.0,0,0,47,True,True,0.027231328346331365,0.08375136600356532
train__c06__user5__3-2-1,6,Drink_water,user5,3-2-1,train,True,True,33,33,0,33,0,0,0,0,0,0,0,0,0,0,0,0.0,0,0,33,True,True,0.008426606835469844,0.027741110451538303
train__c06__user5__3-2-2,6,Drink_water,user5,3-2-2,train,True,True,17,17,0,17,0,0,0,0,0,0,0,0,0,0,0,0.0,0,0,17,True,True,0.02767699705349938,0.08410159453765143
train__c06__user5__3-2-3,6,Drink_water,user5,3-2-3,train,True,True,24,24,0,24,0,0,0,0,0,0,0,0,0,0,0,0.0,0,0,24,True,True,0.03808313623743656,0.11684955849091874
train__c06__user5__6-2-1,6,Drink_water,user5,6-2-1,train,True,True,38,38,0,38,0,0,0,0,0,0,0,0,0,0,0,0.0,0,0,38,True,True,0.012095137970891935,0.0316288539203027
train__c06__user5__6-2-2,6,Drink_water,user5,6-2-2,train,True,True,71,71,0,71,0,0,0,0,0,0,0,0,0,0,0,0.0,0,0,71,True,True,0.009884470412179797,0.026017415877736386
train__c06__user5__6-2-3,6,Drink_water,user5,6-2-3,train,True,True,26,26,0,26,0,0,0,0,0,0,0,0,0,0,0,0.0,0,0,26,True,True,0.02041460815079882,0.07654928049396854
train__c06__user5__7-2-1,6,Drink_water,user5,7-2-1,train,True,True,53,53,0,53,0,0,0,0,0,0,0,0,0,0,0,0.0,0,0,53,True,True,0.014929820044409617,0.0417997425934625
train__c06__user5__7-2-2,6,Drink_water,user5,7-2-2,train,True,True,24,24,0,24,0,0,0,0,0,0,0,0,0,0,0,0.0,0,0,24,True,True,0.015952880530328683,0.0495613997508224
train__c06__user5__7-2-3,6,Drink_water,user5,7-2-3,train,True,True,20,20,0,20,0,0,0,0,0,0,0,0,0,0,0,0.0,0,0,20,True,True,0.027501869369492084,0.12162568331625921
train__c06__user6__1-2-1,6,Drink_water,user6,1-2-1,train,True,True,57,57,0,57,0,0,0,0,0,0,0,0,0,0,0,0.0,0,0,57,True,True,0.024597012534087713,0.0788312921278558
train__c06__user6__1-2-2,6,Drink_water,user6,1-2-2,train,True,True,55,55,0,55,0,0,0,0,0,0,0,0,0,0,0,0.0,0,0,55,True,True,0.012765966909948984,0.03614715481977314
train__c06__user6__1-2-3,6,Drink_water,user6,1-2-3,train,True,True,36,36,0,36,0,0,0,0,0,0,0,0,0,0,0,0.0,0,0,36,True,True,0.052604557022737336,0.1670443214477267
train__c06__user6__3-2-1,6,Drink_water,user6,3-2-1,train,True,True,44,44,0,44,0,0,0,0,0,0,0,0,0,0,0,0.0,0,0,44,True,True,0.04099503916823467,0.12906320469730118
train__c06__user6__3-2-2,6,Drink_water,user6,3-2-2,train,True,True,31,31,0,31,0,0,0,0,0,0,0,0,0,0,0,0.0,0,0,31,True,True,0.030780223777315138,0.09995651126024525
train__c06__user6__3-2-3,6,Drink_water,user6,3-2-3,train,True,True,19,19,0,19,0,0,0,0,0,0,0,0,0,0,0,0.0,0,0,19,True,True,0.07435825630308121,0.25879251900566336
train__c06__user6__5-3-1,6,Drink_water,user6,5-3-1,train,True,True,70,70,0,70,0,0,0,0,0,0,0,0,0,0,0,0.0,0,0,70,True,True,0.014097743272150548,0.04160101024892916
train__c06__user6__5-3-2,6,Drink_water,user6,5-3-2,train,True,True,72,72,0,72,0,0,0,0,0,0,0,0,0,0,0,0.0,0,0,72,True,True,0.015368682417712073,0.04848209977077631
train__c06__user6__5-3-3,6,Drink_water,user6,5-3-3,train,True,True,45,45,0,45,0,0,0,0,0,45,0,45,1,45,0,1.0,0,0,45,True,True,0.0294730208934356,0.09317298424750803
train__c06__user6__6-2-1,6,Drink_water,user6,6-2-1,train,True,True,35,35,0,35,0,0,0,0,0,0,0,0,0,0,0,0.0,0,0,35,True,True,0.03353998454456212,0.08288415634569686
train__c06__user6__6-2-2,6,Drink_water,user6,6-2-2,train,True,True,18,18,0,18,0,0,0,0,0,0,0,0,0,0,0,0.0,0,0,18,True,True,0.08128870375576229,0.2923781437654688
train__c06__user6__6-2-3,6,Drink_water,user6,6-2-3,train,True,True,20,20,0,20,0,0,0,0,0,0,0,0,0,0,0,0.0,0,0,20,True,True,0.04394705336184298,0.1579758099489283
train__c06__user7__5-2-1,6,Drink_water,user7,5-2-1,train,True,True,33,33,0,33,0,0,0,0,0,0,0,0,0,0,0,0.0,0,0,33,True,True,0.020766460882990414,0.0628713448061867
train__c06__user7__5-2-2,6,Drink_water,user7,5-2-2,train,True,True,16,16,0,16,0,0,0,0,0,0,0,0,0,0,0,0.0,0,0,16,True,True,0.030598818033474282,0.09500254106354444
train__c06__user7__5-2-3,6,Drink_water,user7,5-2-3,train,True,True,11,11,0,11,0,0,0,0,0,0,0,0,0,0,0,0.0,0,0,11,True,True,0.04331052289931449,0.11822437668385628
train__c06__user8__6-2-1,6,Drink_water,user8,6-2-1,train,True,True,24,24,0,24,0,0,0,0,0,0,0,0,0,0,0,0.0,0,0,24,True,True,0.012812102214923547,0.038248214729994894
train__c06__user8__6-2-2,6,Drink_water,user8,6-2-2,train,True,True,16,16,0,16,0,0,0,0,0,0,0,0,0,0,0,0.0,0,0,16,True,True,0.018577440698992163,0.06392730577091266
train__c06__user8__6-2-3,6,Drink_water,user8,6-2-3,train,True,True,26,26,0,26,0,0,0,0,0,0,0,0,0,0,0,0.0,0,0,26,True,True,0.010081177560665915,0.03538661860588251
train__c06__user9__3-2-1,6,Drink_water,user9,3-2-1,train,True,True,36,36,0,36,0,0,0,0,0,0,0,0,0,0,0,0.0,0,0,36,True,True,0.00526218254961306,0.010534676207522296
train__c06__user9__3-2-2,6,Drink_water,user9,3-2-2,train,True,True,24,24,0,24,0,0,0,0,0,1,0,1,1,1,1,0.041666666666666664,0,0,24,True,True,0.01787159253590479,0.0361812509704702
train__c06__user9__3-2-3,6,Drink_water,user9,3-2-3,train,True,True,19,19,0,19,0,0,0,0,0,0,0,0,0,0,0,0.0,0,0,19,True,True,0.01319576011726772,0.04099702952136203
train__c06__user9__7-2-1,6,Drink_water,user9,7-2-1,train,True,True,15,15,0,15,0,0,0,0,0,0,0,0,0,0,0,0.0,0,0,15,True,True,0.010165437571399679,0.025632699133578327
train__c06__user9__7-2-2,6,Drink_water,user9,7-2-2,train,True,True,9,9,0,9,0,0,0,0,0,0,0,0,0,0,0,0.0,0,0,9,True,True,0.020098318916718545,0.054406733008727864
train__c06__user9__7-2-3,6,Drink_water,user9,7-2-3,train,True,True,14,14,0,14,0,0,0,0,0,0,0,0,0,0,0,0.0,0,0,14,True,True,0.005126805128146636,0.0118157152814642
train__c06__user16__1-2-1,6,Drink_water,user16,1-2-1,train,True,True,25,25,0,25,0,0,0,0,0,0,0,0,0,0,0,0.0,0,0,25,True,True,0.005529074150952243,0.012034953209034855
train__c06__user16__1-2-2,6,Drink_water,user16,1-2-2,train,True,True,29,29,0,29,0,0,0,0,0,0,0,0,0,0,0,0.0,0,0,29,True,True,0.005829095596539671,0.013596914637587582
train__c06__user16__1-2-3,6,Drink_water,user16,1-2-3,train,True,True,20,20,0,20,0,0,0,0,0,1,0,1,1,1,1,0.05,0,0,20,True,True,0.007119220189226689,0.018687105249311248
train__c06__user16__3-2-1,6,Drink_water,user16,3-2-1,train,True,True,31,31,0,31,0,0,0,0,0,0,0,0,0,0,0,0.0,0,0,31,True,True,0.00925571154590274,0.02055307180334504
train__c06__user16__3-2-2,6,Drink_water,user16,3-2-2,train,True,True,25,25,0,25,0,0,0,0,0,0,0,0,0,0,0,0.0,0,0,25,True,True,0.01148914590275124,0.03545360416348452
train__c06__user16__3-2-3,6,Drink_water,user16,3-2-3,train,True,True,13,13,0,13,0,0,0,0,0,0,0,0,0,0,0,0.0,0,0,13,True,True,0.0142944731602602,0.03752200614921579
train__c06__user16__5-3-1,6,Drink_water,user16,5-3-1,train,True,True,138,138,0,138,0,0,0,0,0,0,0,0,0,0,0,0.0,0,0,138,True,True,0.020334533303798013,0.06300515374357982
train__c06__user16__5-3-2,6,Drink_water,user16,5-3-2,train,True,True,78,78,0,78,0,0,0,0,0,0,0,0,0,0,0,0.0,0,0,78,True,True,0.011570420900217888,0.03593786641034807
train__c06__user16__5-3-3,6,Drink_water,user16,5-3-3,train,True,True,32,32,0,32,0,0,0,0,0,0,0,0,0,0,0,0.0,0,0,32,True,True,0.031399183636722436,0.08533845270436702
train__c06__user16__6-2-1,6,Drink_water,user16,6-2-1,train,True,True,16,16,0,16,0,0,0,0,0,0,0,0,0,0,0,0.0,0,0,16,True,True,0.007381839589751095,0.024291403688678614
train__c06__user16__6-2-2,6,Drink_water,user16,6-2-2,train,True,True,13,13,0,13,0,0,0,0,0,0,0,0,0,0,0,0.0,0,0,13,True,True,0.012413561521069321,0.048147154617488926
train__c06__user16__6-2-3,6,Drink_water,user16,6-2-3,train,True,True,19,19,0,19,0,0,0,0,0,0,0,0,0,0,0,0.0,0,0,19,True,True,0.008261375575692028,0.023622847543612407
train__c06__user18__6-2-1,6,Drink_water,user18,6-2-1,train,True,True,9,9,0,9,0,0,0,0,0,0,0,0,0,0,0,0.0,0,0,9,True,True,0.008733481738198077,0.01769576976651984
train__c06__user18__6-2-3,6,Drink_water,user18,6-2-3,train,True,True,5,5,0,5,0,0,0,0,0,0,0,0,0,0,0,0.0,0,0,5,True,True,0.04839685792638384,0.11318261769733307
train__c06__user19__3-2-1,6,Drink_water,user19,3-2-1,train,True,True,13,13,0,13,0,0,0,0,0,0,0,0,0,0,0,0.0,0,0,13,True,True,0.014734531947207693,0.040756543229816
train__c06__user19__3-2-2,6,Drink_water,user19,3-2-2,train,True,True,11,11,0,11,0,0,0,0,0,0,0,0,0,0,0,0.0,0,0,11,True,True,0.014233446073742271,0.040291462030343964
train__c06__user19__3-2-3,6,Drink_water,user19,3-2-3,train,True,True,17,17,0,17,0,0,0,0,0,0,0,0,0,0,0,0.0,0,0,17,True,True,0.013594869694100559,0.04964311828302319
train__c06__user19__7-2-1,6,Drink_water,user19,7-2-1,train,True,True,16,16,0,16,0,0,0,0,0,0,0,0,0,0,0,0.0,0,0,16,True,True,0.010382643465759551,0.03011946801095526
train__c06__user19__7-2-2,6,Drink_water,user19,7-2-2,train,True,True,20,20,0,20,0,0,0,0,0,0,0,0,0,0,0,0.0,0,0,20,True,True,0.012250307168120776,0.033798096621734344
train__c06__user19__7-2-3,6,Drink_water,user19,7-2-3,train,True,True,20,20,0,20,0,0,0,0,0,0,0,0,0,0,0,0.0,0,0,20,True,True,0.013944923296816746,0.04849583235002694
train__c06__user20__2-1-1,6,Drink_water,user20,2-1-1,train,True,True,21,21,0,21,0,0,0,0,0,0,0,0,0,0,0,0.0,0,0,21,True,True,0.013201584657959021,0.05196781429210015
train__c06__user20__2-1-2,6,Drink_water,user20,2-1-2,train,True,True,30,30,0,30,0,0,0,0,0,0,0,0,0,0,0,0.0,0,0,30,True,True,0.01026640570778454,0.031065695958419886
train__c06__user20__2-1-3,6,Drink_water,user20,2-1-3,train,True,True,10,10,0,10,0,0,0,0,0,0,0,0,0,0,0,0.0,0,0,10,True,True,0.024577573886119117,0.11649355660697229
train__c06__user20__4-1-1,6,Drink_water,user20,4-1-1,train,True,True,30,30,0,30,0,0,0,0,0,0,0,0,0,0,0,0.0,0,0,30,True,True,0.01913747711923977,0.08891093902049498
train__c06__user20__4-1-2,6,Drink_water,user20,4-1-2,train,True,True,10,10,0,10,0,0,0,0,0,0,0,0,0,0,0,0.0,0,0,10,True,True,0.033491386047982914,0.11234602284817989
train__c06__user20__4-1-3,6,Drink_water,user20,4-1-3,train,True,True,15,15,0,15,0,0,0,0,0,0,0,0,0,0,0,0.0,0,0,15,True,True,0.016523382124805582,0.052454187983715185
train__c06__user21__6-2-1,6,Drink_water,user21,6-2-1,train,True,True,26,26,0,26,0,0,0,0,0,0,0,0,0,0,0,0.0,0,0,26,True,True,0.0144294645335771,0.03439042267331908
train__c06__user21__6-2-2,6,Drink_water,user21,6-2-2,train,True,True,28,28,0,28,0,0,0,0,0,0,0,0,0,0,0,0.0,0,0,28,True,True,0.018907300583945203,0.0864043241820807
train__c06__user21__6-2-3,6,Drink_water,user21,6-2-3,train,True,True,10,10,0,10,0,0,0,0,0,0,0,0,0,0,0,0.0,0,0,10,True,True,0.03166285601225955,0.09108703711828653
train__c06__user21__7-1-1,6,Drink_water,user21,7-1-1,train,True,True,16,16,0,16,0,0,0,0,0,0,0,0,0,0,0,0.0,0,0,16,True,True,0.014902411083791242,0.04136571660705775
train__c06__user21__7-1-2,6,Drink_water,user21,7-1-2,train,True,True,11,11,0,11,0,0,0,0,0,0,0,0,0,0,0,0.0,0,0,11,True,True,0.019767582714216785,0.0761754270337941
train__c06__user21__7-1-3,6,Drink_water,user21,7-1-3,train,True,True,19,19,0,19,0,0,0,0,0,0,0,0,0,0,0,0.0,0,0,19,True,True,0.010980893564359575,0.03644039586066128
train__c06__user22__2-1-1,6,Drink_water,user22,2-1-1,train,True,True,32,32,0,32,0,0,0,0,0,0,0,0,0,0,0,0.0,0,0,32,True,True,0.01818094586095579,0.07240187244938703
train__c06__user22__2-1-2,6,Drink_water,user22,2-1-2,train,True,True,20,20,0,20,0,0,0,0,0,0,0,0,0,0,0,0.0,0,0,20,True,True,0.009966980483716009,0.03229267645777067
train__c06__user22__2-1-3,6,Drink_water,user22,2-1-3,train,True,True,12,12,0,12,0,0,0,0,0,0,0,0,0,0,0,0.0,0,0,12,True,True,0.032825224017707565,0.1473655672399542
train__c06__user22__4-3-1,6,Drink_water,user22,4-3-1,train,True,True,16,16,0,16,0,0,0,0,0,0,0,0,0,0,0,0.0,0,0,16,True,True,0.023897630994095195,0.08291855120521467
train__c06__user22__4-3-2,6,Drink_water,user22,4-3-2,train,True,True,14,14,0,14,0,0,0,0,0,0,0,0,0,0,0,0.0,0,0,14,True,True,0.03831374803365195,0.10425214271492311
train__c06__user22__4-3-3,6,Drink_water,user22,4-3-3,train,True,True,24,24,0,24,0,0,0,0,0,0,0,0,0,0,0,0.0,0,0,24,True,True,0.039848070612274425,0.0942887966908325
train__c06__user22__6-2-1,6,Drink_water,user22,6-2-1,train,True,True,23,23,0,23,0,0,0,0,0,0,0,0,0,0,0,0.0,0,0,23,True,True,0.02208043515905267,0.09176502159144735
train__c06__user22__6-2-2,6,Drink_water,user22,6-2-2,train,True,True,15,15,0,15,0,0,0,0,0,0,0,0,0,0,0,0.0,0,0,15,True,True,0.03438353337655191,0.12896204940994618
train__c06__user22__6-2-3,6,Drink_water,user22,6-2-3,train,True,True,14,14,0,14,0,0,0,0,0,0,0,0,0,0,0,0.0,0,0,14,True,True,0.03342279468392156,0.12063754049995833
train__c06__user23__5-3-1,6,Drink_water,user23,5-3-1,validation,False,False,0,0,0,0,0,0,0,0,0,0,0,0,0,0,0,0.0,0,0,0,True,True,,
train__c06__user23__5-3-2,6,Drink_water,user23,5-3-2,validation,False,False,0,0,0,0,0,0,0,0,0,0,0,0,0,0,0,0.0,0,0,0,True,True,,
train__c06__user23__5-3-3,6,Drink_water,user23,5-3-3,validation,True,True,10,10,0,10,0,0,0,0,0,0,0,0,0,0,0,0.0,0,0,10,True,True,0.020868165773887427,0.06648721319266876
train__c06__user24__2-1-1,6,Drink_water,user24,2-1-1,validation,True,True,25,25,0,25,0,0,0,0,0,0,0,0,0,0,0,0.0,0,0,25,True,True,0.022972016176773014,0.0718311913804381
train__c06__user24__2-1-2,6,Drink_water,user24,2-1-2,validation,True,True,27,27,0,27,0,0,0,0,0,0,0,0,0,0,0,0.0,0,0,27,True,True,0.01866356116942969,0.06460320920829411
train__c06__user24__2-1-3,6,Drink_water,user24,2-1-3,validation,True,True,14,14,0,14,0,0,0,0,0,0,0,0,0,0,0,0.0,0,0,14,True,True,0.04491237050801399,0.14221807189475716
train__c06__user24__4-2-1,6,Drink_water,user24,4-2-1,validation,True,True,42,42,0,42,0,0,0,0,0,0,0,0,0,0,0,0.0,0,0,42,True,True,0.011249588147118994,0.04163330968549248
train__c06__user24__4-2-2,6,Drink_water,user24,4-2-2,validation,True,True,30,30,0,30,0,0,0,0,0,0,0,0,0,0,0,0.0,0,0,30,True,True,0.011084035733665178,0.036060003447573985
train__c06__user24__4-2-3,6,Drink_water,user24,4-2-3,validation,True,True,17,17,0,17,0,0,0,0,0,0,0,0,0,0,0,0.0,0,0,17,True,True,0.01793545226485761,0.06434537213871848
train__c07__user1__1-2-1,7,Eat_food,user1,1-2-1,train,True,True,55,55,0,55,0,0,0,0,0,0,0,0,0,0,0,0.0,0,0,55,True,True,0.01369268289615083,0.042239951703476275
train__c07__user1__1-2-2,7,Eat_food,user1,1-2-2,train,True,True,55,55,0,55,0,0,0,0,0,0,0,0,0,0,0,0.0,0,0,55,True,True,0.01406389331644917,0.04668384533141277
train__c07__user1__3-1-1,7,Eat_food,user1,3-1-1,train,True,True,37,37,0,37,0,0,0,0,0,0,0,0,0,0,0,0.0,0,0,37,True,True,0.009815555915102124,0.026752295668207582
train__c07__user1__3-1-2,7,Eat_food,user1,3-1-2,train,True,True,29,29,0,29,0,0,0,0,0,0,0,0,0,0,0,0.0,0,0,29,True,True,0.007819503121924544,0.02044622424262167
train__c07__user1__3-1-3,7,Eat_food,user1,3-1-3,train,True,True,15,15,0,15,0,0,0,0,0,0,0,0,0,0,0,0.0,0,0,15,True,True,0.03103428016201052,0.09672613585171763
train__c07__user1__4-1-1,7,Eat_food,user1,4-1-1,train,True,True,92,92,0,92,0,0,0,0,0,0,0,0,0,0,0,0.0,0,0,92,True,True,0.012042564771454064,0.04192721545696256
train__c07__user1__4-1-2,7,Eat_food,user1,4-1-2,train,True,True,84,84,0,84,0,0,0,0,0,0,0,0,0,0,0,0.0,0,0,84,True,True,0.029306606413504795,0.09135355042185367
train__c07__user1__4-1-3,7,Eat_food,user1,4-1-3,train,True,True,45,45,0,45,0,0,0,0,0,0,0,0,0,0,0,0.0,0,0,45,True,True,0.021336122928585215,0.07503313544592459
train__c07__user1__6-1-1,7,Eat_food,user1,6-1-1,train,True,True,27,27,0,27,0,0,0,0,0,0,0,0,0,0,0,0.0,0,0,27,True,True,0.008044218786924483,0.021556027573789948
train__c07__user1__6-1-2,7,Eat_food,user1,6-1-2,train,True,True,33,33,0,33,0,0,0,0,0,0,0,0,0,0,0,0.0,0,0,33,True,True,0.007900079915226146,0.020902778692962556
train__c07__user1__6-1-3,7,Eat_food,user1,6-1-3,train,True,True,19,19,0,19,0,0,0,0,0,0,0,0,0,0,0,0.0,0,0,19,True,True,0.01834697865203292,0.048867509267949895
train__c07__user2__1-2-1,7,Eat_food,user2,1-2-1,train,True,True,26,26,0,26,0,0,0,0,0,0,0,0,0,0,0,0.0,0,0,26,True,True,0.0068644849145314555,0.018265208810172573
train__c07__user2__1-2-2,7,Eat_food,user2,1-2-2,train,True,True,7,7,0,7,0,0,0,0,0,0,0,0,0,0,0,0.0,0,0,7,True,True,0.013205093290377874,0.03456045319534032
train__c07__user2__1-2-3,7,Eat_food,user2,1-2-3,train,True,True,4,4,0,4,0,0,0,0,0,0,0,0,0,0,0,0.0,0,0,4,True,True,0.036695758296788936,0.1120686975192351
train__c07__user2__2-1-1,7,Eat_food,user2,2-1-1,train,True,True,9,9,0,9,0,0,0,0,0,0,0,0,0,0,0,0.0,0,0,9,True,True,0.007898308817067833,0.018769567093210517
train__c07__user2__2-1-2,7,Eat_food,user2,2-1-2,train,True,True,5,5,0,5,0,0,0,0,0,0,0,0,0,0,0,0.0,0,0,5,True,True,0.020336622469947614,0.04818699026122508
train__c07__user2__2-1-3,7,Eat_food,user2,2-1-3,train,True,True,4,4,0,4,0,0,0,0,0,0,0,0,0,0,0,0.0,0,0,4,True,True,0.04628377198290158,0.12914896780558835
train__c07__user2__2-2-1,7,Eat_food,user2,2-2-1,train,True,True,17,17,0,17,0,0,0,0,0,0,0,0,0,0,0,0.0,0,0,17,True,True,0.01368528893747766,0.047986179589137735
train__c07__user2__2-2-2,7,Eat_food,user2,2-2-2,train,True,True,18,18,0,18,0,0,0,0,0,0,0,0,0,0,0,0.0,0,0,18,True,True,0.01082767350406711,0.02362463916641049
train__c07__user2__2-2-3,7,Eat_food,user2,2-2-3,train,True,True,11,11,0,11,0,0,0,0,0,0,0,0,0,0,0,0.0,0,0,11,True,True,0.011889483958873499,0.029569583182171275
train__c07__user2__4-2-1,7,Eat_food,user2,4-2-1,train,True,True,9,9,0,9,0,0,0,0,0,0,0,0,0,0,0,0.0,0,0,9,True,True,0.008967496985452652,0.021588877456193863
train__c07__user2__4-2-2,7,Eat_food,user2,4-2-2,train,True,True,12,12,0,12,0,0,0,0,0,0,0,0,0,0,0,0.0,0,0,12,True,True,0.009965371240725,0.023714960711790266
train__c07__user2__4-2-3,7,Eat_food,user2,4-2-3,train,True,True,4,4,0,4,0,0,0,0,0,0,0,0,0,0,0,0.0,0,0,4,True,True,0.04162392206054625,0.12479465086978052
train__c07__user2__7-2-1,7,Eat_food,user2,7-2-1,train,True,True,15,15,0,15,0,0,0,0,0,0,0,0,0,0,0,0.0,0,0,15,True,True,0.018399839278748907,0.03356131147102015
train__c07__user2__7-2-2,7,Eat_food,user2,7-2-2,train,True,True,8,8,0,8,0,0,0,0,0,0,0,0,0,0,0,0.0,0,0,8,True,True,0.014011559781088765,0.03607603076949149
train__c07__user2__7-2-3,7,Eat_food,user2,7-2-3,train,True,True,14,14,0,14,0,0,0,0,0,0,0,0,0,0,0,0.0,0,0,14,True,True,0.017008627357361947,0.05038619653400891
train__c07__user3__4-1-1,7,Eat_food,user3,4-1-1,train,True,True,53,53,0,53,0,0,0,0,0,0,0,0,0,0,0,0.0,0,0,53,True,True,0.01890912271326858,0.07350835521015507
train__c07__user3__4-1-2,7,Eat_food,user3,4-1-2,train,True,True,13,13,0,13,0,0,0,0,0,0,0,0,0,0,0,0.0,0,0,13,True,True,0.01387984057423536,0.029085849760879055
train__c07__user3__4-1-3,7,Eat_food,user3,4-1-3,train,True,True,4,4,0,4,0,0,0,0,0,0,0,0,0,0,0,0.0,0,0,4,True,True,0.010713837448522364,0.020888396859973252
train__c07__user3__5-2-1,7,Eat_food,user3,5-2-1,train,True,True,19,19,0,19,0,0,0,0,0,0,0,0,0,0,0,0.0,0,0,19,True,True,0.027331260792390875,0.08957004096293407
train__c07__user3__5-2-2,7,Eat_food,user3,5-2-2,train,True,True,10,10,0,10,0,0,0,0,0,0,0,0,0,0,0,0.0,0,0,10,True,True,0.017571918629196825,0.03322003344807075
train__c07__user3__5-2-3,7,Eat_food,user3,5-2-3,train,True,True,19,19,0,19,0,0,0,0,0,0,0,0,0,0,0,0.0,0,0,19,True,True,0.014273669493050737,0.041682581706326036
train__c07__user3__6-1-1,7,Eat_food,user3,6-1-1,train,True,True,7,7,0,7,0,0,0,0,0,0,0,0,0,0,0,0.0,0,0,7,True,True,0.023305095074308353,0.06357657373658622
train__c07__user3__6-1-2,7,Eat_food,user3,6-1-2,train,True,True,11,11,0,11,0,0,0,0,0,0,0,0,0,0,0,0.0,0,0,11,True,True,0.009205740205956001,0.02706970238595207
train__c07__user3__6-1-3,7,Eat_food,user3,6-1-3,train,True,True,5,5,0,5,0,0,0,0,0,0,0,0,0,0,0,0.0,0,0,5,True,True,0.06751262242099254,0.16222554452089977
train__c07__user3__7-1-1,7,Eat_food,user3,7-1-1,train,True,True,14,14,0,14,0,0,0,0,0,0,0,0,0,0,0,0.0,0,0,14,True,True,0.01206678593353237,0.033321125000814654
train__c07__user3__7-1-2,7,Eat_food,user3,7-1-2,train,True,True,16,16,0,16,0,0,0,0,0,0,0,0,0,0,0,0.0,0,0,16,True,True,0.03297553926205553,0.11961348951740901
train__c07__user3__7-1-3,7,Eat_food,user3,7-1-3,train,True,True,6,6,0,6,0,0,0,0,0,0,0,0,0,0,0,0.0,0,0,6,True,True,0.0187225837624713,0.04342348625399084
train__c07__user4__1-2-2,7,Eat_food,user4,1-2-2,validation,True,True,34,34,0,34,0,0,0,0,0,0,0,0,0,0,0,0.0,0,0,34,True,True,0.009184526493761315,0.02185204332190884
train__c07__user4__1-2-3,7,Eat_food,user4,1-2-3,validation,True,True,27,27,0,27,0,0,0,0,0,0,0,0,0,0,0,0.0,0,0,27,True,True,0.011956774553751284,0.02889521837006637
train__c07__user4__2-1-1,7,Eat_food,user4,2-1-1,validation,True,True,72,72,0,72,0,0,0,0,0,0,0,0,0,0,0,0.0,0,0,72,True,True,0.034193716472297186,0.13929288138213183
train__c07__user4__2-1-2,7,Eat_food,user4,2-1-2,validation,True,True,22,22,0,22,0,0,0,0,0,0,0,0,0,0,0,0.0,0,0,22,True,True,0.018269922582421924,0.07052440095591021
train__c07__user4__2-1-3,7,Eat_food,user4,2-1-3,validation,True,True,24,24,0,24,0,0,0,0,0,0,0,0,0,0,0,0.0,0,0,24,True,True,0.017694860162752728,0.06425932110951316
train__c07__user4__5-1-1,7,Eat_food,user4,5-1-1,validation,True,True,13,13,0,13,0,0,0,0,0,0,0,0,0,0,0,0.0,0,0,13,True,True,0.012331181711016952,0.029596823756223672
train__c07__user4__5-1-2,7,Eat_food,user4,5-1-2,validation,True,True,24,24,0,24,0,0,0,0,0,0,0,0,0,0,0,0.0,0,0,24,True,True,0.012677797869994805,0.030754118054420725
train__c07__user4__5-1-3,7,Eat_food,user4,5-1-3,validation,True,True,33,33,0,33,0,0,0,0,0,0,0,0,0,0,0,0.0,0,0,33,True,True,0.03791513421315645,0.1360447973909871
train__c07__user4__7-2-1,7,Eat_food,user4,7-2-1,validation,True,True,30,30,0,30,0,0,0,0,0,0,0,0,0,0,0,0.0,0,0,30,True,True,0.007000393992954528,0.016162160119053925
train__c07__user4__7-2-2,7,Eat_food,user4,7-2-2,validation,True,True,17,17,0,17,0,0,0,0,0,0,0,0,0,0,0,0.0,0,0,17,True,True,0.009670928905209342,0.024774106737261006
train__c07__user4__7-2-3,7,Eat_food,user4,7-2-3,validation,True,True,21,21,0,21,0,0,0,0,0,0,0,0,0,0,0,0.0,0,0,21,True,True,0.011853846302453373,0.028705292493653653
train__c07__user5__1-2-1,7,Eat_food,user5,1-2-1,train,True,True,25,25,0,25,0,0,0,0,0,0,0,0,0,0,0,0.0,0,0,25,True,True,0.0064397957243193995,0.01795320379074274
train__c07__user5__1-2-2,7,Eat_food,user5,1-2-2,train,True,True,54,54,0,54,0,0,0,0,0,0,0,0,0,0,0,0.0,0,0,54,True,True,0.012724561861318746,0.031968897693792506
train__c07__user5__1-2-3,7,Eat_food,user5,1-2-3,train,True,True,22,22,0,22,0,0,0,0,0,0,0,0,0,0,0,0.0,0,0,22,True,True,0.01720342703995938,0.05384231106602714
train__c07__user5__2-1-1,7,Eat_food,user5,2-1-1,train,True,True,38,38,0,38,0,0,0,0,0,0,0,0,0,0,0,0.0,0,0,38,True,True,0.019941213516993347,0.05435622765536033
train__c07__user5__2-1-2,7,Eat_food,user5,2-1-2,train,True,True,36,36,0,36,0,0,0,0,0,0,0,0,0,0,0,0.0,0,0,36,True,True,0.02759182502219155,0.09681800396490775
train__c07__user5__2-1-3,7,Eat_food,user5,2-1-3,train,True,True,39,39,0,39,0,0,0,0,0,0,0,0,0,0,0,0.0,0,0,39,True,True,0.024094665736017564,0.06264974515767982
train__c07__user5__3-2-1,7,Eat_food,user5,3-2-1,train,True,True,42,42,0,42,0,0,0,0,0,0,0,0,0,0,0,0.0,0,0,42,True,True,0.013962179697139778,0.03624485624192468
train__c07__user5__3-2-2,7,Eat_food,user5,3-2-2,train,True,True,55,55,0,55,0,0,0,0,0,0,0,0,0,0,0,0.0,0,0,55,True,True,0.014567835512730349,0.05086051878353889
train__c07__user5__3-2-3,7,Eat_food,user5,3-2-3,train,True,True,51,51,0,51,0,0,0,0,0,0,0,0,0,0,0,0.0,0,0,51,True,True,0.01665659461918013,0.03879966141933207
train__c07__user5__6-2-1,7,Eat_food,user5,6-2-1,train,True,True,42,42,0,42,0,0,0,0,0,0,0,0,0,0,0,0.0,0,0,42,True,True,0.011204398523415388,0.03425526085736133
train__c07__user5__6-2-2,7,Eat_food,user5,6-2-2,train,True,True,52,52,0,52,0,0,0,0,0,0,0,0,0,0,0,0.0,0,0,52,True,True,0.007331241108753192,0.018229153483787987
train__c07__user5__6-2-3,7,Eat_food,user5,6-2-3,train,True,True,34,34,0,34,0,0,0,0,0,0,0,0,0,0,0,0.0,0,0,34,True,True,0.010983775212338944,0.03381232053865871
train__c07__user6__1-2-1,7,Eat_food,user6,1-2-1,train,True,True,32,32,0,32,0,0,0,0,0,0,0,0,0,0,0,0.0,0,0,32,True,True,0.014506510941784406,0.04060299483485272
train__c07__user6__1-2-2,7,Eat_food,user6,1-2-2,train,True,True,20,20,0,20,0,0,0,0,0,0,0,0,0,0,0,0.0,0,0,20,True,True,0.0320309412396033,0.11036099008690245
train__c07__user6__1-2-3,7,Eat_food,user6,1-2-3,train,True,True,9,9,0,9,0,0,0,0,0,0,0,0,0,0,0,0.0,0,0,9,True,True,0.04092353731577043,0.11574493543956699
train__c07__user6__5-2-1,7,Eat_food,user6,5-2-1,train,True,True,17,17,0,17,0,0,0,0,0,0,0,0,0,0,0,0.0,0,0,17,True,True,0.011912950973923782,0.032581273789020024
train__c07__user6__5-2-2,7,Eat_food,user6,5-2-2,train,True,True,15,15,0,15,0,0,0,0,0,0,0,0,0,0,0,0.0,0,0,15,True,True,0.010865545353246726,0.030564203577019444
train__c07__user6__5-2-3,7,Eat_food,user6,5-2-3,train,True,True,27,27,0,27,0,0,0,0,0,0,0,0,0,0,0,0.0,0,0,27,True,True,0.02540112882686996,0.08356164256701051
train__c07__user6__6-2-1,7,Eat_food,user6,6-2-1,train,True,True,21,21,0,21,0,0,0,0,0,0,0,0,0,0,0,0.0,0,0,21,True,True,0.049856978955591026,0.19445250534800756
train__c07__user6__6-2-3,7,Eat_food,user6,6-2-3,train,True,True,26,26,0,26,0,0,0,0,0,0,0,0,0,0,0,0.0,0,0,26,True,True,0.06087352818449693,0.20314874970899427
train__c07__user6__7-2-1,7,Eat_food,user6,7-2-1,train,True,True,40,40,0,40,0,0,0,0,0,0,0,0,0,0,0,0.0,0,0,40,True,True,0.03807852617565582,0.15920005312908028
train__c07__user6__7-2-2,7,Eat_food,user6,7-2-2,train,True,True,34,34,0,34,0,0,0,0,0,0,0,0,0,0,0,0.0,0,0,34,True,True,0.03851182794485468,0.1336039326401635
train__c07__user6__7-2-3,7,Eat_food,user6,7-2-3,train,True,True,30,30,0,30,0,0,0,0,0,0,0,0,0,0,0,0.0,0,0,30,True,True,0.07066251925683503,0.24414259263015411
train__c07__user7__1-2-1,7,Eat_food,user7,1-2-1,train,True,True,21,21,0,21,0,0,0,0,0,0,0,0,0,0,0,0.0,0,0,21,True,True,0.02380795743320226,0.06909220761324168
train__c07__user7__1-2-2,7,Eat_food,user7,1-2-2,train,True,True,12,12,0,12,0,0,0,0,0,0,0,0,0,0,0,0.0,0,0,12,True,True,0.04106003335032411,0.15119875932520307
train__c07__user7__1-2-3,7,Eat_food,user7,1-2-3,train,True,True,17,17,0,17,0,0,0,0,0,0,0,0,0,0,0,0.0,0,0,17,True,True,0.014163207352450838,0.04878321725537244
train__c07__user7__2-2-1,7,Eat_food,user7,2-2-1,train,True,True,25,25,0,25,0,0,0,0,0,0,0,0,0,0,0,0.0,0,0,25,True,True,0.0061039393691144665,0.01324742921034655
train__c07__user7__2-2-2,7,Eat_food,user7,2-2-2,train,True,True,24,24,0,24,0,0,0,0,0,0,0,0,0,0,0,0.0,0,0,24,True,True,0.006334825820208606,0.014998470150878108
train__c07__user7__2-2-3,7,Eat_food,user7,2-2-3,train,True,True,25,25,0,25,0,0,0,0,0,0,0,0,0,0,0,0.0,0,0,25,True,True,0.010002425665022444,0.02151253664896036
train__c07__user7__3-2-1,7,Eat_food,user7,3-2-1,train,True,True,13,13,0,13,0,0,0,0,0,0,0,0,0,0,0,0.0,0,0,13,True,True,0.012741835438440683,0.031965601371729206
train__c07__user7__3-2-2,7,Eat_food,user7,3-2-2,train,True,True,12,12,0,12,0,0,0,0,0,0,0,0,0,0,0,0.0,0,0,12,True,True,0.029732189259494522,0.08458427030836276
train__c07__user7__3-2-3,7,Eat_food,user7,3-2-3,train,True,True,10,10,0,10,0,0,0,0,0,0,0,0,0,0,0,0.0,0,0,10,True,True,0.04186737805825123,0.17705618447889995
train__c07__user7__5-3-1,7,Eat_food,user7,5-3-1,train,True,True,32,32,0,32,0,0,0,0,0,0,0,0,0,0,0,0.0,0,0,32,True,True,0.011462253595758944,0.0333677955771883
train__c07__user7__5-3-2,7,Eat_food,user7,5-3-2,train,True,True,23,23,0,23,0,0,0,0,0,0,0,0,0,0,0,0.0,0,0,23,True,True,0.029456028153158127,0.07280911236566184
train__c07__user7__5-3-3,7,Eat_food,user7,5-3-3,train,True,True,16,16,0,16,0,0,0,0,0,0,0,0,0,0,0,0.0,0,0,16,True,True,0.02170859412527321,0.06389558286844968
train__c07__user7__7-2-1,7,Eat_food,user7,7-2-1,train,True,True,26,26,0,26,0,0,0,0,0,0,0,0,0,0,0,0.0,0,0,26,True,True,0.011492036820401322,0.02773870026420984
train__c07__user7__7-2-2,7,Eat_food,user7,7-2-2,train,True,True,17,17,0,17,0,0,0,0,0,0,0,0,0,0,0,0.0,0,0,17,True,True,0.02125675296072383,0.06533795309783007
train__c07__user8__7-2-1,7,Eat_food,user8,7-2-1,train,True,True,48,48,0,48,0,0,0,0,0,0,0,0,0,0,0,0.0,0,0,48,True,True,0.014328710746304667,0.03766620930646457
train__c07__user8__7-2-2,7,Eat_food,user8,7-2-2,train,True,True,50,50,0,50,0,0,0,0,0,0,0,0,0,0,0,0.0,0,0,50,True,True,0.03980207830233172,0.12017375031481052
train__c07__user8__7-2-3,7,Eat_food,user8,7-2-3,train,True,True,18,18,0,18,0,0,0,0,0,0,0,0,0,0,0,0.0,0,0,18,True,True,0.06042208500115672,0.12835142492468965
train__c07__user9__7-2-1,7,Eat_food,user9,7-2-1,train,True,True,3,3,0,3,0,0,0,0,0,0,0,0,0,0,0,0.0,0,0,3,True,True,0.009717594059430831,0.02349697799751945
train__c07__user9__7-2-2,7,Eat_food,user9,7-2-2,train,True,True,4,4,0,4,0,0,0,0,0,0,0,0,0,0,0,0.0,0,0,4,True,True,0.04710768389033508,0.11676593649979614
train__c07__user9__7-2-3,7,Eat_food,user9,7-2-3,train,True,True,6,6,0,6,0,0,0,0,0,0,0,0,0,0,0,0.0,0,0,6,True,True,0.037061784857723455,0.10749418891189245
train__c07__user16__1-2-1,7,Eat_food,user16,1-2-1,train,True,True,22,22,0,22,0,0,0,0,0,0,0,0,0,0,0,0.0,0,0,22,True,True,0.009672667211628063,0.026285530344215255
train__c07__user16__1-2-2,7,Eat_food,user16,1-2-2,train,True,True,26,26,0,26,0,0,0,0,0,0,0,0,0,0,0,0.0,0,0,26,True,True,0.005108516562371525,0.011913207206345451
train__c07__user16__1-2-3,7,Eat_food,user16,1-2-3,train,True,True,23,23,0,23,0,0,0,0,0,0,0,0,0,0,0,0.0,0,0,23,True,True,0.004962230380928973,0.011200079599016711
train__c07__user16__5-2-1,7,Eat_food,user16,5-2-1,train,True,True,28,28,0,28,0,0,0,0,0,0,0,0,0,0,0,0.0,0,0,28,True,True,0.005386129931577487,0.012755706101741891
train__c07__user16__5-2-2,7,Eat_food,user16,5-2-2,train,True,True,32,32,0,32,0,0,0,0,0,0,0,0,0,0,0,0.0,0,0,32,True,True,0.006230695911591367,0.017248039946544124
train__c07__user16__5-2-3,7,Eat_food,user16,5-2-3,train,True,True,16,16,0,16,0,0,0,0,0,0,0,0,0,0,0,0.0,0,0,16,True,True,0.008624131572619794,0.02474696519880277
train__c07__user16__6-2-1,7,Eat_food,user16,6-2-1,train,True,True,23,23,0,23,0,0,0,0,0,0,0,0,0,0,0,0.0,0,0,23,True,True,0.006840820378446948,0.021208852519196394
train__c07__user16__6-2-2,7,Eat_food,user16,6-2-2,train,True,True,29,29,0,29,0,0,0,0,0,0,0,0,0,0,0,0.0,0,0,29,True,True,0.0081117597315452,0.022963380606274286
train__c07__user16__6-2-3,7,Eat_food,user16,6-2-3,train,True,True,35,35,0,35,0,0,0,0,0,0,0,0,0,0,0,0.0,0,0,35,True,True,0.009570633493422565,0.025918463265771557
train__c07__user16__7-2-1,7,Eat_food,user16,7-2-1,train,True,True,41,41,0,41,0,0,0,0,0,0,0,0,0,0,0,0.0,0,0,41,True,True,0.0077055442786842475,0.020797085255445415
train__c07__user16__7-2-2,7,Eat_food,user16,7-2-2,train,True,True,21,21,0,21,0,0,0,0,0,0,0,0,0,0,0,0.0,0,0,21,True,True,0.011470711230164509,0.03670852280703975
train__c07__user16__7-2-3,7,Eat_food,user16,7-2-3,train,True,True,27,27,0,27,0,0,0,0,0,0,0,0,0,0,0,0.0,0,0,27,True,True,0.006777189295770408,0.018268082072530504
train__c07__user17__1-2-1,7,Eat_food,user17,1-2-1,validation,True,True,22,22,0,22,0,0,0,0,0,0,0,0,0,0,0,0.0,0,0,22,True,True,0.025490978529133578,0.06409857760707106
train__c07__user17__1-2-2,7,Eat_food,user17,1-2-2,validation,True,True,8,8,0,8,0,0,0,0,0,0,0,0,0,0,0,0.0,0,0,8,True,True,0.03362834128276187,0.08766213263901662
train__c07__user17__1-2-3,7,Eat_food,user17,1-2-3,validation,True,True,23,23,0,23,0,0,0,0,0,0,0,0,0,0,0,0.0,0,0,23,True,True,0.04359601952218845,0.08830599785358387
train__c07__user17__2-2-1,7,Eat_food,user17,2-2-1,validation,True,True,45,45,0,45,0,0,0,0,0,0,0,0,0,0,0,0.0,0,0,45,True,True,0.014775827881756048,0.04776246090781813
train__c07__user17__2-2-2,7,Eat_food,user17,2-2-2,validation,True,True,45,45,0,45,0,0,0,0,0,2,0,2,1,2,0,0.044444444444444446,0,0,45,True,True,0.019028718948608095,0.08065819770114224
train__c07__user17__2-2-3,7,Eat_food,user17,2-2-3,validation,True,True,20,20,0,20,0,0,0,0,0,0,0,0,0,0,0,0.0,0,0,20,True,True,0.04592361298806343,0.10737123151785277
train__c07__user17__3-2-1,7,Eat_food,user17,3-2-1,validation,True,True,37,37,0,37,0,0,0,0,0,0,0,0,0,0,0,0.0,0,0,37,True,True,0.01017902297551462,0.030622557713219735
train__c07__user17__3-2-2,7,Eat_food,user17,3-2-2,validation,True,True,34,34,0,34,0,0,0,0,0,0,0,0,0,0,0,0.0,0,0,34,True,True,0.011538301356884512,0.032916036654498236
train__c07__user17__3-2-3,7,Eat_food,user17,3-2-3,validation,True,True,26,26,0,26,0,0,0,0,0,0,0,0,0,0,0,0.0,0,0,26,True,True,0.0173061921840297,0.04946305281360605
train__c07__user17__5-2-1,7,Eat_food,user17,5-2-1,validation,True,True,30,30,0,30,0,0,0,0,0,0,0,0,0,0,0,0.0,0,0,30,True,True,0.01988751695171618,0.06132698339785371
train__c07__user17__5-2-2,7,Eat_food,user17,5-2-2,validation,True,True,26,26,0,26,0,0,0,0,0,0,0,0,0,0,0,0.0,0,0,26,True,True,0.019695358132606287,0.06945707340579539
train__c07__user17__5-2-3,7,Eat_food,user17,5-2-3,validation,True,True,22,22,0,22,0,0,0,0,0,0,0,0,0,0,0,0.0,0,0,22,True,True,0.030285638551837316,0.11010150927100293
train__c07__user17__7-2-1,7,Eat_food,user17,7-2-1,validation,True,True,42,42,0,42,0,0,0,0,0,0,0,0,0,0,0,0.0,0,0,42,True,True,0.011430452475258578,0.035268527618226755
train__c07__user17__7-2-2,7,Eat_food,user17,7-2-2,validation,True,True,28,28,0,28,0,0,0,0,0,0,0,0,0,0,0,0.0,0,0,28,True,True,0.015126413530971465,0.053667416606222436
train__c07__user17__7-2-3,7,Eat_food,user17,7-2-3,validation,True,True,30,30,0,30,0,0,0,0,0,0,0,0,0,0,0,0.0,0,0,30,True,True,0.028735278519523406,0.08369699917519585
train__c07__user18__7-2-1,7,Eat_food,user18,7-2-1,train,True,True,19,19,0,19,0,0,0,0,0,0,0,0,0,0,0,0.0,0,0,19,True,True,0.01341268951057155,0.03655467492748336
train__c07__user18__7-2-2,7,Eat_food,user18,7-2-2,train,True,True,12,12,0,12,0,0,0,0,0,0,0,0,0,0,0,0.0,0,0,12,True,True,0.02287991263221767,0.06747136099013747
train__c07__user18__7-2-3,7,Eat_food,user18,7-2-3,train,True,True,26,26,0,26,0,0,0,0,0,0,0,0,0,0,0,0.0,0,0,26,True,True,0.03336095680999653,0.12141405615369713
train__c07__user19__7-2-1,7,Eat_food,user19,7-2-1,train,True,True,23,23,0,23,0,0,0,0,0,0,0,0,0,0,0,0.0,0,0,23,True,True,0.010375918916836563,0.027856299378977902
train__c07__user19__7-2-2,7,Eat_food,user19,7-2-2,train,True,True,26,26,0,26,0,0,0,0,0,0,0,0,0,0,0,0.0,0,0,26,True,True,0.01477797502338918,0.04769118085387711
train__c07__user19__7-2-3,7,Eat_food,user19,7-2-3,train,True,True,20,20,0,20,0,0,0,0,0,0,0,0,0,0,0,0.0,0,0,20,True,True,0.012167405590438335,0.033730919401926435
train__c07__user20__2-1-1,7,Eat_food,user20,2-1-1,train,True,True,34,34,0,34,0,0,0,0,0,0,0,0,0,0,0,0.0,0,0,34,True,True,0.009558987095860007,0.027608710858256058
train__c07__user20__2-1-2,7,Eat_food,user20,2-1-2,train,True,True,39,39,0,39,0,0,0,0,0,0,0,0,0,0,0,0.0,0,0,39,True,True,0.012002627296274502,0.04484230659153904
train__c07__user20__2-1-3,7,Eat_food,user20,2-1-3,train,True,True,14,14,0,14,0,0,0,0,0,0,0,0,0,0,0,0.0,0,0,14,True,True,0.02502095927711901,0.08474816387658084
train__c07__user20__3-1-1,7,Eat_food,user20,3-1-1,train,True,True,46,46,0,46,0,0,0,0,0,0,0,0,0,0,0,0.0,0,0,46,True,True,0.00988693181810263,0.03241148706158041
train__c07__user20__3-1-2,7,Eat_food,user20,3-1-2,train,True,True,54,54,0,54,0,0,0,0,0,0,0,0,0,0,0,0.0,0,0,54,True,True,0.008956253478067732,0.028079598246787314
train__c07__user20__3-1-3,7,Eat_food,user20,3-1-3,train,True,True,29,29,0,29,0,0,0,0,0,0,0,0,0,0,0,0.0,0,0,29,True,True,0.024280896458375462,0.0855166519843007
train__c07__user20__7-1-1,7,Eat_food,user20,7-1-1,train,True,True,25,25,0,25,0,0,0,0,0,0,0,0,0,0,0,0.0,0,0,25,True,True,0.01822242511306811,0.05614959551553761
train__c07__user20__7-1-2,7,Eat_food,user20,7-1-2,train,True,True,26,26,0,26,0,0,0,0,0,0,0,0,0,0,0,0.0,0,0,26,True,True,0.016159180658797203,0.050865321098116985
train__c07__user20__7-1-3,7,Eat_food,user20,7-1-3,train,True,True,26,26,0,26,0,0,0,0,0,0,0,0,0,0,0,0.0,0,0,26,True,True,0.01999593122687663,0.07238136567897116
train__c07__user21__7-1-1,7,Eat_food,user21,7-1-1,train,True,True,16,16,0,16,0,0,0,0,0,0,0,0,0,0,0,0.0,0,0,16,True,True,0.017901559685593288,0.052263837525784604
train__c07__user21__7-1-2,7,Eat_food,user21,7-1-2,train,True,True,12,12,0,12,0,0,0,0,0,0,0,0,0,0,0,0.0,0,0,12,True,True,0.016441159496936756,0.04489889444109183
train__c07__user21__7-1-3,7,Eat_food,user21,7-1-3,train,True,True,17,17,0,17,0,0,0,0,0,0,0,0,0,0,0,0.0,0,0,17,True,True,0.010831208365908455,0.036022104254686556
train__c07__user22__3-1-1,7,Eat_food,user22,3-1-1,train,True,True,22,22,0,22,0,0,0,0,0,0,0,0,0,0,0,0.0,0,0,22,True,True,0.006054562361675744,0.01412845016690527
train__c07__user22__3-1-2,7,Eat_food,user22,3-1-2,train,True,True,22,22,0,22,0,0,0,0,0,0,0,0,0,0,0,0.0,0,0,22,True,True,0.005268126203354181,0.012389641466209713
train__c07__user22__3-1-3,7,Eat_food,user22,3-1-3,train,False,False,0,0,0,0,0,0,0,0,0,0,0,0,0,0,0,0.0,0,0,0,True,True,,
train__c07__user22__3-3-1,7,Eat_food,user22,3-3-1,train,True,True,35,35,0,35,0,0,0,0,0,0,0,0,0,0,0,0.0,0,0,35,True,True,0.004021522458830963,0.008544963219257727
train__c07__user22__3-3-2,7,Eat_food,user22,3-3-2,train,True,True,21,21,0,21,0,0,0,0,0,0,0,0,0,0,0,0.0,0,0,21,True,True,0.005106040121104865,0.010906500142139784
train__c07__user22__3-3-3,7,Eat_food,user22,3-3-3,train,True,True,9,9,0,9,0,0,0,0,0,0,0,0,0,0,0,0.0,0,0,9,True,True,0.006402758585452447,0.018879697424886915
train__c07__user22__4-3-1,7,Eat_food,user22,4-3-1,train,True,True,28,28,0,28,0,0,0,0,0,0,0,0,0,0,0,0.0,0,0,28,True,True,0.010626541234388467,0.030573075535805547
train__c07__user22__4-3-2,7,Eat_food,user22,4-3-2,train,True,True,20,20,0,20,0,0,0,0,0,0,0,0,0,0,0,0.0,0,0,20,True,True,0.008148527380410789,0.019720118802846458
train__c07__user22__4-3-3,7,Eat_food,user22,4-3-3,train,True,True,16,16,0,16,0,0,0,0,0,0,0,0,0,0,0,0.0,0,0,16,True,True,0.027446163138455944,0.07342503480270712
train__c07__user22__6-2-1,7,Eat_food,user22,6-2-1,train,True,True,1,1,0,1,0,0,0,0,0,0,0,0,0,0,0,0.0,0,0,1,True,True,,
train__c07__user22__6-2-2,7,Eat_food,user22,6-2-2,train,True,True,13,13,0,13,0,0,0,0,0,0,0,0,0,0,0,0.0,0,0,13,True,True,0.027935980927596474,0.11120329225542515
train__c07__user22__6-2-3,7,Eat_food,user22,6-2-3,train,True,True,8,8,0,8,0,0,0,0,0,0,0,0,0,0,0,0.0,0,0,8,True,True,0.013664641629946168,0.04910173825595
train__c07__user23__2-3-1,7,Eat_food,user23,2-3-1,validation,True,True,31,31,0,31,0,0,0,0,0,0,0,0,0,0,0,0.0,0,0,31,True,True,0.006243617266469748,0.01649192373685583
train__c07__user23__2-3-2,7,Eat_food,user23,2-3-2,validation,True,True,12,12,0,12,0,0,0,0,0,0,0,0,0,0,0,0.0,0,0,12,True,True,0.007458860230757445,0.016415019243252456
train__c07__user23__2-3-3,7,Eat_food,user23,2-3-3,validation,True,True,24,24,0,24,0,0,0,0,0,0,0,0,0,0,0,0.0,0,0,24,True,True,0.009313482812081761,0.033814133108841106
train__c07__user24__2-1-1,7,Eat_food,user24,2-1-1,validation,True,True,16,16,0,16,0,0,0,0,0,0,0,0,0,0,0,0.0,0,0,16,True,True,0.00775646448544597,0.020678861681464305
train__c07__user24__2-1-2,7,Eat_food,user24,2-1-2,validation,True,True,25,25,0,25,0,0,0,0,0,0,0,0,0,0,0,0.0,0,0,25,True,True,0.01565648190764751,0.04905388039663715
train__c07__user24__2-1-3,7,Eat_food,user24,2-1-3,validation,True,True,17,17,0,17,0,0,0,0,0,0,0,0,0,0,0,0.0,0,0,17,True,True,0.007502983368336293,0.019156405080986635
train__c08__user1__1-2-1,8,Take_and_use_tableware,user1,1-2-1,train,True,True,27,27,0,27,0,0,0,0,0,0,0,0,0,0,0,0.0,0,0,27,True,True,0.03234578356992065,0.10091045990742863
train__c08__user1__1-2-2,8,Take_and_use_tableware,user1,1-2-2,train,True,True,25,25,0,25,0,0,0,0,0,0,0,0,0,0,0,0.0,0,0,25,True,True,0.032502409192295884,0.09998581624516592
train__c08__user1__2-1-1,8,Take_and_use_tableware,user1,2-1-1,train,True,True,100,100,0,50,50,50,0,0,0,0,0,0,0,0,0,0.0,0,0,100,False,True,0.013348151108611506,0.04424053682466163
train__c08__user1__2-1-2,8,Take_and_use_tableware,user1,2-1-2,train,True,True,32,32,0,32,0,0,0,0,0,0,0,0,0,0,0,0.0,0,0,32,True,True,0.07143334275355342,0.3027584158350982
train__c08__user1__2-1-3,8,Take_and_use_tableware,user1,2-1-3,train,True,True,43,43,0,43,0,0,0,0,0,0,0,0,0,0,0,0.0,0,0,43,True,True,0.09179053251900063,0.1775427709498367
train__c08__user1__4-1-1,8,Take_and_use_tableware,user1,4-1-1,train,True,True,23,23,0,23,0,0,0,0,0,0,0,0,0,0,0,0.0,0,0,23,True,True,0.03223231658879882,0.09118119993331442
train__c08__user1__4-1-2,8,Take_and_use_tableware,user1,4-1-2,train,True,True,22,22,0,22,0,0,0,0,0,0,0,0,0,0,0,0.0,0,0,22,True,True,0.04602111841710909,0.13322842849755884
train__c08__user1__5-1-1,8,Take_and_use_tableware,user1,5-1-1,train,True,True,22,22,0,22,0,0,0,0,0,0,0,0,0,0,0,0.0,0,0,22,True,True,0.11477890240457302,0.2692520426910308
train__c08__user1__5-1-2,8,Take_and_use_tableware,user1,5-1-2,train,True,True,15,15,0,15,0,0,0,0,0,0,0,0,0,0,0,0.0,0,0,15,True,True,0.12888784963287878,0.2767678008690837
train__c08__user1__5-1-3,8,Take_and_use_tableware,user1,5-1-3,train,True,True,13,13,0,13,0,0,0,0,0,0,0,0,0,0,0,0.0,0,0,13,True,True,0.09005428048171188,0.1933417458550783
train__c08__user2__1-2-1,8,Take_and_use_tableware,user2,1-2-1,train,True,True,32,32,0,32,0,0,0,0,0,0,0,0,0,0,0,0.0,0,0,32,True,True,0.013863660612323239,0.03613105937320807
train__c08__user2__1-2-2,8,Take_and_use_tableware,user2,1-2-2,train,True,True,30,30,0,30,0,0,0,0,0,0,0,0,0,0,0,0.0,0,0,30,True,True,0.012933245041051797,0.03609722535671332
train__c08__user2__1-2-3,8,Take_and_use_tableware,user2,1-2-3,train,True,True,21,21,0,21,0,0,0,0,0,0,0,0,0,0,0,0.0,0,0,21,True,True,0.027396644069105986,0.07918191387756834
train__c08__user2__2-1-1,8,Take_and_use_tableware,user2,2-1-1,train,True,True,40,40,0,40,0,0,0,0,0,0,0,0,0,0,0,0.0,0,0,40,True,True,0.01750282723522148,0.04821914224845073
train__c08__user2__2-1-2,8,Take_and_use_tableware,user2,2-1-2,train,True,True,80,80,0,80,0,0,0,0,0,0,0,0,0,0,0,0.0,0,0,80,True,True,0.019929714880949724,0.07973812764201632
train__c08__user2__2-1-3,8,Take_and_use_tableware,user2,2-1-3,train,True,True,40,40,0,40,0,0,0,0,0,0,0,0,0,0,0,0.0,0,0,40,True,True,0.028979580395762417,0.09383564096574756
train__c08__user2__2-2-1,8,Take_and_use_tableware,user2,2-2-1,train,True,True,58,58,0,58,0,0,0,0,0,0,0,0,0,0,0,0.0,0,0,58,True,True,0.03778234921454096,0.11194882558210713
train__c08__user2__2-2-2,8,Take_and_use_tableware,user2,2-2-2,train,True,True,57,57,0,57,0,0,0,0,0,0,0,0,0,0,0,0.0,0,0,57,True,True,0.023767311010820094,0.07041294731820719
train__c08__user2__2-2-3,8,Take_and_use_tableware,user2,2-2-3,train,True,True,27,27,0,27,0,0,0,0,0,0,0,0,0,0,0,0.0,0,0,27,True,True,0.05735726977635823,0.1565921911465608
train__c08__user2__4-2-1,8,Take_and_use_tableware,user2,4-2-1,train,True,True,78,78,0,78,0,0,0,0,0,0,0,0,0,0,0,0.0,0,0,78,True,True,0.013039220584251034,0.0389122513844638
train__c08__user2__4-2-2,8,Take_and_use_tableware,user2,4-2-2,train,True,True,80,80,0,80,0,0,0,0,0,0,0,0,0,0,0,0.0,0,0,80,True,True,0.015605967464339409,0.04833517046025965
train__c08__user2__4-2-3,8,Take_and_use_tableware,user2,4-2-3,train,True,True,53,53,0,53,0,0,0,0,0,0,0,0,0,0,0,0.0,0,0,53,True,True,0.02035325483316792,0.06653193270191551
train__c08__user3__4-1-1,8,Take_and_use_tableware,user3,4-1-1,train,True,True,11,11,0,11,0,0,0,0,0,0,0,0,0,0,0,0.0,0,0,11,True,True,0.05685824813872554,0.1658239005433648
train__c08__user3__4-1-2,8,Take_and_use_tableware,user3,4-1-2,train,True,True,10,10,0,10,0,0,0,0,0,0,0,0,0,0,0,0.0,0,0,10,True,True,0.029296174983469227,0.0838275264544612
train__c08__user3__4-1-3,8,Take_and_use_tableware,user3,4-1-3,train,True,True,11,11,0,11,0,0,0,0,0,0,0,0,0,0,0,0.0,0,0,11,True,True,0.05355003664205709,0.11452915487064351
train__c08__user3__5-1-1,8,Take_and_use_tableware,user3,5-1-1,train,True,True,23,23,0,23,0,0,0,0,0,0,0,0,0,0,0,0.0,0,0,23,True,True,0.019371709091708742,0.054812651570146434
train__c08__user3__5-1-2,8,Take_and_use_tableware,user3,5-1-2,train,True,True,10,10,0,10,0,0,0,0,0,0,0,0,0,0,0,0.0,0,0,10,True,True,0.025034180646581812,0.06496899527629724
train__c08__user3__5-1-3,8,Take_and_use_tableware,user3,5-1-3,train,True,True,14,14,0,14,0,0,0,0,0,0,0,0,0,0,0,0.0,0,0,14,True,True,0.02658469881488565,0.07498365647364087
train__c08__user3__5-2-1,8,Take_and_use_tableware,user3,5-2-1,train,True,True,35,35,0,35,0,0,0,0,0,0,0,0,0,0,0,0.0,0,0,35,True,True,0.023268035388849015,0.1023651426288011
train__c08__user3__5-2-2,8,Take_and_use_tableware,user3,5-2-2,train,True,True,20,20,0,20,0,0,0,0,0,0,0,0,0,0,0,0.0,0,0,20,True,True,0.019944297867804352,0.06543080152152536
train__c08__user3__5-2-3,8,Take_and_use_tableware,user3,5-2-3,train,True,True,41,41,0,41,0,0,0,0,0,0,0,0,0,0,0,0.0,0,0,41,True,True,0.028027013893339624,0.0967326082811094
train__c08__user3__6-1-1,8,Take_and_use_tableware,user3,6-1-1,train,True,True,27,27,0,27,0,0,52,0,0,0,0,0,0,0,0,0.0,0,0,27,True,True,0.022594294682932992,0.0692412799180822
train__c08__user3__6-1-2,8,Take_and_use_tableware,user3,6-1-2,train,True,True,42,42,0,42,0,0,44,0,0,0,0,0,0,0,0,0.0,0,0,42,True,True,0.015135058656400793,0.04775743953160721
train__c08__user3__6-1-3,8,Take_and_use_tableware,user3,6-1-3,train,True,True,19,19,0,19,0,0,23,0,0,0,0,0,0,0,0,0.0,0,0,19,True,True,0.04301245322794924,0.13598722325819546
train__c08__user4__1-2-1,8,Take_and_use_tableware,user4,1-2-1,validation,True,True,62,62,0,62,0,0,0,0,0,0,0,0,0,0,0,0.0,0,0,62,True,True,0.006659544193978541,0.016875910227623615
train__c08__user4__1-2-2,8,Take_and_use_tableware,user4,1-2-2,validation,True,True,46,46,0,46,0,0,0,0,0,0,0,0,0,0,0,0.0,0,0,46,True,True,0.012459721119279496,0.033562082354287176
train__c08__user4__2-1-1,8,Take_and_use_tableware,user4,2-1-1,validation,True,True,19,19,0,19,0,0,0,0,0,0,0,0,0,0,0,0.0,0,0,19,True,True,0.020143743338012367,0.05875692797091864
train__c08__user4__2-1-2,8,Take_and_use_tableware,user4,2-1-2,validation,True,True,10,10,0,10,0,0,0,0,0,0,0,0,0,0,0,0.0,0,0,10,True,True,0.10159793637246077,0.2454678982603138
train__c08__user4__2-1-3,8,Take_and_use_tableware,user4,2-1-3,validation,True,True,9,9,0,9,0,0,0,0,0,0,0,0,0,0,0,0.0,0,0,9,True,True,0.14116354869837344,0.2857722141561328
train__c08__user6__1-2-1,8,Take_and_use_tableware,user6,1-2-1,train,True,True,30,30,0,30,0,0,0,0,0,0,0,0,0,0,0,0.0,0,0,30,True,True,0.02859231020005628,0.15377163466482716
train__c08__user6__1-2-2,8,Take_and_use_tableware,user6,1-2-2,train,True,True,23,23,0,23,0,0,0,0,0,0,0,0,0,0,0,0.0,0,0,23,True,True,0.01946419204064522,0.053556608333434376
train__c08__user6__1-2-3,8,Take_and_use_tableware,user6,1-2-3,train,True,True,13,13,0,13,0,0,0,0,0,0,0,0,0,0,0,0.0,0,0,13,True,True,0.06796592322162108,0.21220597974392008
train__c08__user6__2-1-1,8,Take_and_use_tableware,user6,2-1-1,train,True,True,61,61,0,61,0,0,0,0,0,0,0,0,0,0,0,0.0,0,0,61,True,True,0.023985730800490386,0.07255639011164436
train__c08__user6__2-1-2,8,Take_and_use_tableware,user6,2-1-2,train,True,True,40,40,0,40,0,0,0,0,0,0,0,0,0,0,0,0.0,0,0,40,True,True,0.010590827930525355,0.026608557171164986
train__c08__user6__2-1-3,8,Take_and_use_tableware,user6,2-1-3,train,True,True,37,37,0,37,0,0,0,0,0,0,0,0,0,0,0,0.0,0,0,37,True,True,0.02806481685210181,0.09960970139087416
train__c08__user6__2-3-1,8,Take_and_use_tableware,user6,2-3-1,train,True,True,41,41,0,41,0,0,0,0,0,0,0,0,0,0,0,0.0,0,0,41,True,True,0.007378742371566199,0.018358651989427766
train__c08__user6__2-3-2,8,Take_and_use_tableware,user6,2-3-2,train,True,True,50,50,0,50,0,0,0,0,0,0,0,0,0,0,0,0.0,0,0,50,True,True,0.006271490789755967,0.0145340958998275
train__c08__user6__2-3-3,8,Take_and_use_tableware,user6,2-3-3,train,True,True,52,52,0,52,0,0,0,0,0,0,0,0,0,0,0,0.0,0,0,52,True,True,0.017133531635791985,0.06038399015830715
train__c08__user6__6-2-1,8,Take_and_use_tableware,user6,6-2-1,train,True,True,24,24,0,24,0,0,0,0,0,0,0,0,0,0,0,0.0,0,0,24,True,True,0.04267508144715355,0.14469126881262637
train__c08__user6__6-2-2,8,Take_and_use_tableware,user6,6-2-2,train,True,True,13,13,0,13,0,0,0,0,0,0,0,0,0,0,0,0.0,0,0,13,True,True,0.08603063342996028,0.3107564732476869
train__c08__user6__6-2-3,8,Take_and_use_tableware,user6,6-2-3,train,True,True,32,32,0,32,0,0,0,0,0,0,0,0,0,0,0,0.0,0,0,32,True,True,0.05499123567537809,0.16153958936830906
train__c08__user6__7-2-1,8,Take_and_use_tableware,user6,7-2-1,train,True,True,24,24,0,24,0,0,0,0,0,0,0,0,0,0,0,0.0,0,0,24,True,True,0.03475229948243675,0.11205278218281
train__c08__user6__7-2-2,8,Take_and_use_tableware,user6,7-2-2,train,True,True,23,23,0,23,0,0,0,0,0,0,0,0,0,0,0,0.0,0,0,23,True,True,0.03674874031190758,0.12834436092449988
train__c08__user6__7-2-3,8,Take_and_use_tableware,user6,7-2-3,train,True,True,15,15,0,15,0,0,0,0,0,0,0,0,0,0,0,0.0,0,0,15,True,True,0.050266339898010576,0.1303733359709999
train__c08__user7__1-2-1,8,Take_and_use_tableware,user7,1-2-1,train,True,True,23,23,0,23,0,0,0,0,0,0,0,0,0,0,0,0.0,0,0,23,True,True,0.016448222414766303,0.04867162042209443
train__c08__user7__1-2-2,8,Take_and_use_tableware,user7,1-2-2,train,True,True,7,7,0,7,0,0,0,0,0,0,0,0,0,0,0,0.0,0,0,7,True,True,0.05522900506944871,0.146035843410483
train__c08__user7__1-2-3,8,Take_and_use_tableware,user7,1-2-3,train,True,True,14,14,0,14,0,0,0,0,0,0,0,0,0,0,0,0.0,0,0,14,True,True,0.02122815010415425,0.0540158178445816
train__c08__user7__2-1-1,8,Take_and_use_tableware,user7,2-1-1,train,True,True,38,38,0,38,0,0,0,0,0,0,0,0,0,0,0,0.0,0,0,38,True,True,0.06345644160388324,0.2414541530160069
train__c08__user7__2-1-2,8,Take_and_use_tableware,user7,2-1-2,train,True,True,43,43,0,43,0,0,0,0,0,0,0,0,0,0,0,0.0,0,0,43,True,True,0.05391494854752354,0.19329147488641313
train__c08__user7__2-1-3,8,Take_and_use_tableware,user7,2-1-3,train,True,True,37,37,0,37,0,0,0,0,0,1,0,1,1,1,1,0.02702702702702703,0,0,37,True,True,0.07179973669342732,0.24478676293048146
train__c08__user7__3-2-1,8,Take_and_use_tableware,user7,3-2-1,train,True,True,10,10,0,10,0,0,0,0,0,0,0,0,0,0,0,0.0,0,0,10,True,True,0.018780085165781495,0.06651781968738163
train__c08__user7__3-2-2,8,Take_and_use_tableware,user7,3-2-2,train,True,True,25,25,0,25,0,0,0,0,0,0,0,0,0,0,0,0.0,0,0,25,True,True,0.02745046159397404,0.09090926123793708
train__c08__user7__3-2-3,8,Take_and_use_tableware,user7,3-2-3,train,True,True,10,10,0,10,0,0,0,0,0,0,0,0,0,0,0,0.0,0,0,10,True,True,0.11065726584968867,0.5815894660748234
train__c08__user7__5-3-1,8,Take_and_use_tableware,user7,5-3-1,train,True,True,18,18,0,18,0,0,0,0,0,0,0,0,0,0,0,0.0,0,0,18,True,True,0.013660892452384043,0.03330244039867719
train__c08__user7__5-3-2,8,Take_and_use_tableware,user7,5-3-2,train,True,True,17,17,0,17,0,0,0,0,0,0,0,0,0,0,0,0.0,0,0,17,True,True,0.021826503902501102,0.056567264444949084
train__c08__user7__5-3-3,8,Take_and_use_tableware,user7,5-3-3,train,True,True,9,9,0,9,0,0,0,0,0,0,0,0,0,0,0,0.0,0,0,9,True,True,0.016365171947991274,0.04239492698109462
train__c08__user16__6-2-1,8,Take_and_use_tableware,user16,6-2-1,train,True,True,19,19,0,19,0,0,0,0,0,0,0,0,0,0,0,0.0,0,0,19,True,True,0.01765096574985247,0.05230295323786999
train__c08__user16__6-2-2,8,Take_and_use_tableware,user16,6-2-2,train,True,True,17,17,0,17,0,0,0,0,0,0,0,0,0,0,0,0.0,0,0,17,True,True,0.023382670907935266,0.06298950117803294
train__c08__user16__6-2-3,8,Take_and_use_tableware,user16,6-2-3,train,True,True,41,41,0,41,0,0,0,0,0,0,0,0,0,0,0,0.0,0,0,41,True,True,0.012265712464310567,0.036417880753665595
train__c08__user17__1-2-1,8,Take_and_use_tableware,user17,1-2-1,validation,True,True,22,22,0,22,0,0,0,0,0,0,0,0,0,0,0,0.0,0,0,22,True,True,0.025490978529133578,0.06409857760707106
train__c08__user17__1-2-2,8,Take_and_use_tableware,user17,1-2-2,validation,True,True,8,8,0,8,0,0,0,0,0,0,0,0,0,0,0,0.0,0,0,8,True,True,0.03362834128276187,0.08766213263901662
train__c08__user17__1-2-3,8,Take_and_use_tableware,user17,1-2-3,validation,True,True,23,23,0,23,0,0,0,0,0,0,0,0,0,0,0,0.0,0,0,23,True,True,0.04359601952218845,0.08830599785358387
train__c08__user17__2-1-1,8,Take_and_use_tableware,user17,2-1-1,validation,True,True,36,36,0,36,0,0,0,0,0,0,0,0,0,0,0,0.0,0,0,36,True,True,0.0246196980383004,0.06724480178036144
train__c08__user17__2-1-2,8,Take_and_use_tableware,user17,2-1-2,validation,True,True,27,27,0,27,0,0,0,0,0,0,0,0,0,0,0,0.0,0,0,27,True,True,0.03525238937089182,0.10275078400253304
train__c08__user17__2-1-3,8,Take_and_use_tableware,user17,2-1-3,validation,True,True,25,25,0,25,0,0,0,0,0,0,0,0,0,0,0,0.0,0,0,25,True,True,0.04266055743404506,0.1462109496760063
train__c08__user17__3-2-1,8,Take_and_use_tableware,user17,3-2-1,validation,True,True,46,46,0,46,0,0,0,0,0,0,0,0,0,0,0,0.0,0,0,46,True,True,0.014641855665853942,0.050210754185572935
train__c08__user17__3-2-2,8,Take_and_use_tableware,user17,3-2-2,validation,True,True,29,29,0,29,0,0,0,0,0,0,0,0,0,0,0,0.0,0,0,29,True,True,0.022997291740253632,0.05481601670772232
train__c08__user17__3-2-3,8,Take_and_use_tableware,user17,3-2-3,validation,True,True,37,37,0,37,0,0,0,0,0,0,0,0,0,0,0,0.0,0,0,37,True,True,0.019134495123237238,0.06272742612392236
train__c08__user19__7-2-1,8,Take_and_use_tableware,user19,7-2-1,train,True,True,25,25,0,25,0,0,0,0,0,0,0,0,0,0,0,0.0,0,0,25,True,True,0.023020111830474872,0.07069066399738606
train__c08__user19__7-2-2,8,Take_and_use_tableware,user19,7-2-2,train,True,True,21,21,0,21,0,0,0,0,0,0,0,0,0,0,0,0.0,0,0,21,True,True,0.022981934762333577,0.06658118742340448
train__c08__user19__7-2-3,8,Take_and_use_tableware,user19,7-2-3,train,True,True,16,16,0,16,0,0,0,0,0,0,0,0,0,0,0,0.0,0,0,16,True,True,0.019402176866260237,0.0631779309172338
train__c08__user20__2-1-1,8,Take_and_use_tableware,user20,2-1-1,train,True,True,20,20,0,20,0,0,0,0,0,0,0,0,0,0,0,0.0,0,0,20,True,True,0.03507646127528292,0.12752643872868297
train__c08__user20__2-1-2,8,Take_and_use_tableware,user20,2-1-2,train,True,True,14,14,0,14,0,0,0,0,0,0,0,0,0,0,0,0.0,0,0,14,True,True,0.026328896772583443,0.09796793072078519
train__c08__user20__2-1-3,8,Take_and_use_tableware,user20,2-1-3,train,True,True,13,13,0,13,0,0,0,0,0,0,0,0,0,0,0,0.0,0,0,13,True,True,0.008451274962466386,0.02090322100516235
train__c08__user21__2-1-1,8,Take_and_use_tableware,user21,2-1-1,train,True,True,70,70,0,70,0,0,0,0,0,0,0,0,0,0,0,0.0,0,0,70,True,True,0.01756156688188079,0.04686134452393754
train__c08__user21__2-1-2,8,Take_and_use_tableware,user21,2-1-2,train,True,True,75,75,0,75,0,0,0,0,0,0,0,0,0,0,0,0.0,0,0,75,True,True,0.019772396631965363,0.0494164505746571
train__c08__user21__2-1-3,8,Take_and_use_tableware,user21,2-1-3,train,True,True,33,33,0,33,0,0,0,0,0,0,0,0,0,0,0,0.0,0,0,33,True,True,0.0394725915680835,0.12475317947756957
train__c08__user21__3-1-1,8,Take_and_use_tableware,user21,3-1-1,train,True,True,20,20,0,20,0,0,0,0,0,0,0,0,0,0,0,0.0,0,0,20,True,True,0.005602180244736633,0.011992505126880293
train__c08__user21__7-1-1,8,Take_and_use_tableware,user21,7-1-1,train,True,True,10,10,0,10,0,0,0,0,0,0,0,0,0,0,0,0.0,0,0,10,True,True,0.006125263266381298,0.016690579029949495
train__c08__user21__7-1-2,8,Take_and_use_tableware,user21,7-1-2,train,True,True,9,9,0,9,0,0,0,0,0,0,0,0,0,0,0,0.0,0,0,9,True,True,0.009630126286240171,0.026584987445174485
train__c08__user21__7-1-3,8,Take_and_use_tableware,user21,7-1-3,train,True,True,16,16,0,16,0,0,0,0,0,0,0,0,0,0,0,0.0,0,0,16,True,True,0.009724172061772998,0.036021715362729044
train__c08__user22__2-1-1,8,Take_and_use_tableware,user22,2-1-1,train,True,True,42,42,0,42,0,0,0,0,0,0,0,0,0,0,0,0.0,0,0,42,True,True,0.015264831219244702,0.035854220807188614
train__c08__user22__2-1-2,8,Take_and_use_tableware,user22,2-1-2,train,True,True,49,49,0,49,0,0,0,0,0,0,0,0,0,0,0,0.0,0,0,49,True,True,0.012068830303386457,0.030184896042597047
train__c08__user22__2-1-3,8,Take_and_use_tableware,user22,2-1-3,train,True,True,23,23,0,23,0,0,0,0,0,0,0,0,0,0,0,0.0,0,0,23,True,True,0.02197415783076122,0.06579508670431458
train__c08__user22__6-2-1,8,Take_and_use_tableware,user22,6-2-1,train,True,True,26,26,0,26,0,0,0,0,0,0,0,0,0,0,0,0.0,0,0,26,True,True,0.056437400269400875,0.14183477322990704
train__c08__user22__6-2-2,8,Take_and_use_tableware,user22,6-2-2,train,True,True,21,21,0,21,0,0,0,0,0,0,0,0,0,0,0,0.0,0,0,21,True,True,0.020404011109642222,0.05323107018863016
train__c08__user22__6-2-3,8,Take_and_use_tableware,user22,6-2-3,train,True,True,15,15,0,15,0,0,0,0,0,0,0,0,0,0,0,0.0,0,0,15,True,True,0.03253841535689689,0.08333206713149618
train__c09__user1__2-1-1,9,Pour_drinks,user1,2-1-1,train,True,True,134,134,0,67,67,67,0,0,0,4,0,2,1,2,0,0.029850746268656716,0,0,134,False,True,0.010422917274952889,0.033207589512002623
train__c09__user1__2-1-2,9,Pour_drinks,user1,2-1-2,train,True,True,37,37,0,37,0,0,0,0,0,0,0,0,0,0,0,0.0,0,0,37,True,True,0.034445488566698206,0.10316227301728131
train__c09__user1__2-1-3,9,Pour_drinks,user1,2-1-3,train,True,True,33,33,0,33,0,0,0,0,0,0,0,0,0,0,0,0.0,0,0,33,True,True,0.09753130376858955,0.3071408058814387
train__c09__user1__4-1-1,9,Pour_drinks,user1,4-1-1,train,True,True,75,75,0,75,0,0,0,0,0,0,0,0,0,0,0,0.0,0,0,75,True,True,0.042621099932607244,0.1749569132979855
train__c09__user1__4-1-2,9,Pour_drinks,user1,4-1-2,train,True,True,72,72,0,72,0,0,0,0,0,0,0,0,0,0,0,0.0,0,0,72,True,True,0.04483726628255856,0.1375791000484155
train__c09__user1__4-1-3,9,Pour_drinks,user1,4-1-3,train,True,True,71,71,0,71,0,0,0,0,0,0,0,0,0,0,0,0.0,0,0,71,True,True,0.05842627886899781,0.21997314291044806
train__c09__user2__2-1-1,9,Pour_drinks,user2,2-1-1,train,True,True,58,58,0,58,0,0,0,0,0,0,0,0,0,0,0,0.0,0,0,58,True,True,0.014005989708522047,0.03564540831085091
train__c09__user2__2-1-2,9,Pour_drinks,user2,2-1-2,train,True,True,59,59,0,59,0,0,0,0,0,0,0,0,0,0,0,0.0,0,0,59,True,True,0.019293554046879473,0.04561468863234677
train__c09__user2__2-1-3,9,Pour_drinks,user2,2-1-3,train,True,True,25,25,0,25,0,0,0,0,0,0,0,0,0,0,0,0.0,0,0,25,True,True,0.016372226743076933,0.048237094435016115
train__c09__user2__6-1-1,9,Pour_drinks,user2,6-1-1,train,True,True,50,50,0,50,0,0,0,0,0,0,0,0,0,0,0,0.0,0,0,50,True,True,0.007544704330645259,0.02377091756398495
train__c09__user2__6-1-2,9,Pour_drinks,user2,6-1-2,train,False,False,0,0,0,0,0,0,0,0,0,0,0,0,0,0,0,0.0,0,0,0,True,True,,
train__c09__user3__5-1-1,9,Pour_drinks,user3,5-1-1,train,True,True,28,28,0,28,0,0,0,0,0,0,0,0,0,0,0,0.0,0,0,28,True,True,0.012465551326568252,0.04657241369146414
train__c09__user3__5-1-2,9,Pour_drinks,user3,5-1-2,train,True,True,15,15,0,15,0,0,0,0,0,0,0,0,0,0,0,0.0,0,0,15,True,True,0.009609129011010348,0.0263960545751952
train__c09__user3__5-1-3,9,Pour_drinks,user3,5-1-3,train,True,True,30,30,0,30,0,0,0,0,0,0,0,0,0,0,0,0.0,0,0,30,True,True,0.007272763075923793,0.01971059452693887
train__c09__user3__7-1-1,9,Pour_drinks,user3,7-1-1,train,True,True,40,40,0,40,0,0,0,0,0,0,0,0,0,0,0,0.0,0,0,40,True,True,0.013915666294844826,0.034420742896114416
train__c09__user3__7-1-2,9,Pour_drinks,user3,7-1-2,train,True,True,30,30,0,30,0,0,0,0,0,0,0,0,0,0,0,0.0,0,0,30,True,True,0.013674204905465184,0.03220871592451088
train__c09__user3__7-1-3,9,Pour_drinks,user3,7-1-3,train,True,True,17,17,0,17,0,0,0,0,0,0,0,0,0,0,0,0.0,0,0,17,True,True,0.029082684989356816,0.0796071339836942
train__c09__user4__1-2-1,9,Pour_drinks,user4,1-2-1,validation,True,True,69,69,0,69,0,0,0,0,0,0,0,0,0,0,0,0.0,0,0,69,True,True,0.012034068233340127,0.041359675532660796
train__c09__user4__1-2-2,9,Pour_drinks,user4,1-2-2,validation,True,True,59,59,0,59,0,0,0,0,0,0,0,0,0,0,0,0.0,0,0,59,True,True,0.03774081392758768,0.12791224817241986
train__c09__user4__1-2-3,9,Pour_drinks,user4,1-2-3,validation,True,True,51,51,0,51,0,0,0,0,0,0,0,0,0,0,0,0.0,0,0,51,True,True,0.018613194059364586,0.06106573100562891
train__c09__user4__6-1-1,9,Pour_drinks,user4,6-1-1,validation,True,True,69,69,0,69,0,0,0,0,0,0,0,0,0,0,0,0.0,0,0,69,True,True,0.011006517746560624,0.04243814482209192
train__c09__user4__6-1-2,9,Pour_drinks,user4,6-1-2,validation,True,True,68,68,0,68,0,0,0,0,0,0,0,0,0,0,0,0.0,0,0,68,True,True,0.013330302727976511,0.03766018582752061
train__c09__user4__6-1-3,9,Pour_drinks,user4,6-1-3,validation,True,True,43,43,0,43,0,0,0,0,0,0,0,0,0,0,0,0.0,0,0,43,True,True,0.016672991389068106,0.06717790843253678
train__c09__user5__1-2-1,9,Pour_drinks,user5,1-2-1,train,True,True,55,55,0,55,0,0,0,0,0,0,0,0,0,0,0,0.0,0,0,55,True,True,0.023449156026951714,0.08213632970694938
train__c09__user5__1-2-2,9,Pour_drinks,user5,1-2-2,train,True,True,30,30,0,30,0,0,0,0,0,0,0,0,0,0,0,0.0,0,0,30,True,True,0.009044968954827329,0.029272788100067
train__c09__user5__1-2-3,9,Pour_drinks,user5,1-2-3,train,True,True,24,24,0,24,0,0,0,0,0,0,0,0,0,0,0,0.0,0,0,24,True,True,0.03774163148953646,0.13541223427299004
train__c09__user5__3-2-1,9,Pour_drinks,user5,3-2-1,train,True,True,40,40,0,40,0,0,0,0,0,0,0,0,0,0,0,0.0,0,0,40,True,True,0.03189559772527526,0.11867194974916673
train__c09__user5__3-2-2,9,Pour_drinks,user5,3-2-2,train,True,True,23,23,0,23,0,0,0,0,0,0,0,0,0,0,0,0.0,0,0,23,True,True,0.039550360392726726,0.10716016112834785
train__c09__user5__3-2-3,9,Pour_drinks,user5,3-2-3,train,True,True,28,28,0,28,0,0,0,0,0,0,0,0,0,0,0,0.0,0,0,28,True,True,0.07253817172725636,0.24095945104003755
train__c09__user5__4-2-1,9,Pour_drinks,user5,4-2-1,train,True,True,43,43,0,43,0,0,0,0,0,0,0,0,0,0,0,0.0,0,0,43,True,True,0.025986161197664944,0.11115648594655513
train__c09__user5__4-2-2,9,Pour_drinks,user5,4-2-2,train,True,True,31,31,0,31,0,0,0,0,0,0,0,0,0,0,0,0.0,0,0,31,True,True,0.02210946379410454,0.07265878176543947
train__c09__user5__4-2-3,9,Pour_drinks,user5,4-2-3,train,True,True,30,30,0,30,0,0,0,0,0,0,0,0,0,0,0,0.0,0,0,30,True,True,0.025251285896676398,0.07012901291328456
train__c09__user5__7-2-1,9,Pour_drinks,user5,7-2-1,train,True,True,35,35,0,35,0,0,0,0,0,0,0,0,0,0,0,0.0,0,0,35,True,True,0.016503867214124626,0.04659422098841334
train__c09__user5__7-2-2,9,Pour_drinks,user5,7-2-2,train,True,True,20,20,0,20,0,0,0,0,0,0,0,0,0,0,0,0.0,0,0,20,True,True,0.03777519024408008,0.10531080882385684
train__c09__user5__7-2-3,9,Pour_drinks,user5,7-2-3,train,True,True,13,13,0,13,0,0,0,0,0,0,0,0,0,0,0,0.0,0,0,13,True,True,0.04740207555439413,0.16497966751554255
train__c09__user6__1-2-1,9,Pour_drinks,user6,1-2-1,train,True,True,124,124,0,124,0,0,0,0,0,0,0,0,0,0,0,0.0,0,0,124,True,True,0.026475731816879112,0.07896879970744651
train__c09__user6__1-2-2,9,Pour_drinks,user6,1-2-2,train,True,True,33,33,0,33,0,0,0,0,0,0,0,0,0,0,0,0.0,0,0,33,True,True,0.030999817468809362,0.1373015468796153
train__c09__user6__1-2-3,9,Pour_drinks,user6,1-2-3,train,True,True,18,18,0,18,0,0,0,0,0,0,0,0,0,0,0,0.0,0,0,18,True,True,0.042626591127740664,0.10888942862930122
train__c09__user6__2-1-1,9,Pour_drinks,user6,2-1-1,train,True,True,55,55,0,55,0,0,0,0,0,2,0,2,2,1,2,0.03636363636363636,0,0,55,True,True,0.04029847877787561,0.12312098499133738
train__c09__user6__2-1-2,9,Pour_drinks,user6,2-1-2,train,True,True,46,46,0,46,0,0,0,0,0,0,0,0,0,0,0,0.0,0,0,46,True,True,0.04004172096586167,0.15338274693674808
train__c09__user6__2-1-3,9,Pour_drinks,user6,2-1-3,train,True,True,23,23,0,23,0,0,0,0,0,0,0,0,0,0,0,0.0,0,0,23,True,True,0.04059302403579841,0.1189068992492528
train__c09__user6__7-2-1,9,Pour_drinks,user6,7-2-1,train,True,True,39,39,0,39,0,0,0,0,0,0,0,0,0,0,0,0.0,0,0,39,True,True,0.025598601192803504,0.0805313571285484
train__c09__user6__7-2-2,9,Pour_drinks,user6,7-2-2,train,True,True,32,32,0,32,0,0,0,0,0,0,0,0,0,0,0,0.0,0,0,32,True,True,0.028005919436430167,0.11195663571591963
train__c09__user6__7-2-3,9,Pour_drinks,user6,7-2-3,train,True,True,19,19,0,19,0,0,0,0,0,0,0,0,0,0,0,0.0,0,0,19,True,True,0.08340993496535329,0.2543491504104334
train__c09__user7__1-2-1,9,Pour_drinks,user7,1-2-1,train,True,True,26,26,0,26,0,0,0,0,0,0,0,0,0,0,0,0.0,0,0,26,True,True,0.009079848961796973,0.0205611974625861
train__c09__user7__1-2-2,9,Pour_drinks,user7,1-2-2,train,True,True,19,19,0,19,0,0,0,0,0,0,0,0,0,0,0,0.0,0,0,19,True,True,0.010572923614370615,0.02298145630287974
train__c09__user7__1-2-3,9,Pour_drinks,user7,1-2-3,train,True,True,21,21,0,21,0,0,0,0,0,0,0,0,0,0,0,0.0,0,0,21,True,True,0.007808658506863192,0.0216810404582302
train__c09__user7__2-1-1,9,Pour_drinks,user7,2-1-1,train,True,True,36,36,0,36,0,0,0,0,0,0,0,0,0,0,0,0.0,0,0,36,True,True,0.05648408742529779,0.12184770879529214
train__c09__user7__2-1-2,9,Pour_drinks,user7,2-1-2,train,True,True,32,32,0,32,0,0,0,0,0,0,0,0,0,0,0,0.0,0,0,32,True,True,0.06217303210356916,0.1323858978096845
train__c09__user7__2-1-3,9,Pour_drinks,user7,2-1-3,train,True,True,14,14,0,14,0,0,0,0,0,0,0,0,0,0,0,0.0,0,0,14,True,True,0.032934848879993865,0.0993900823100863
train__c09__user7__5-2-1,9,Pour_drinks,user7,5-2-1,train,True,True,27,27,0,27,0,0,0,0,0,0,0,0,0,0,0,0.0,0,0,27,True,True,0.010908469943006526,0.031860607951712555
train__c09__user7__5-2-2,9,Pour_drinks,user7,5-2-2,train,True,True,12,12,0,12,0,0,0,0,0,0,0,0,0,0,0,0.0,0,0,12,True,True,0.028569002315760737,0.08618723366890409
train__c09__user7__5-2-3,9,Pour_drinks,user7,5-2-3,train,True,True,13,13,0,13,0,0,0,0,0,0,0,0,0,0,0,0.0,0,0,13,True,True,0.03101918947587543,0.06971439016246446
train__c09__user8__3-2-1,9,Pour_drinks,user8,3-2-1,train,True,True,17,17,0,17,0,0,0,0,0,0,0,0,0,0,0,0.0,0,0,17,True,True,0.03298736096635534,0.09515507683934542
train__c09__user8__3-2-2,9,Pour_drinks,user8,3-2-2,train,True,True,13,13,0,13,0,0,0,0,0,0,0,0,0,0,0,0.0,0,0,13,True,True,0.03519487664230033,0.0857490019343024
train__c09__user8__3-2-3,9,Pour_drinks,user8,3-2-3,train,True,True,16,16,0,16,0,0,0,0,0,0,0,0,0,0,0,0.0,0,0,16,True,True,0.024237898673397974,0.06976583548838675
train__c09__user8__4-2-1,9,Pour_drinks,user8,4-2-1,train,True,True,16,16,0,16,0,0,0,0,0,0,0,0,0,0,0,0.0,0,0,16,True,True,0.04509954013165691,0.1143513001122031
train__c09__user8__4-2-2,9,Pour_drinks,user8,4-2-2,train,True,True,13,13,0,13,0,0,0,0,0,0,0,0,0,0,0,0.0,0,0,13,True,True,0.048936409598228356,0.11898330436905553
train__c09__user8__4-2-3,9,Pour_drinks,user8,4-2-3,train,True,True,24,24,0,24,0,0,0,0,0,0,0,0,0,0,0,0.0,0,0,24,True,True,0.05602672010906012,0.1509712414940073
train__c09__user8__7-2-1,9,Pour_drinks,user8,7-2-1,train,True,True,23,23,0,23,0,0,0,0,0,0,0,0,0,0,0,0.0,0,0,23,True,True,0.020394738085252148,0.04057794289583445
train__c09__user8__7-2-2,9,Pour_drinks,user8,7-2-2,train,True,True,11,11,0,11,0,0,0,0,0,0,0,0,0,0,0,0.0,0,0,11,True,True,0.038089669832151306,0.09645970932736268
train__c09__user8__7-2-3,9,Pour_drinks,user8,7-2-3,train,True,True,16,16,0,16,0,0,0,0,0,0,0,0,0,0,0,0.0,0,0,16,True,True,0.03975473360261856,0.07966906386963321
train__c09__user9__2-1-1,9,Pour_drinks,user9,2-1-1,train,True,True,22,22,0,22,0,0,0,0,0,0,0,0,0,0,0,0.0,0,0,22,True,True,0.00688720136462771,0.01661761115280387
train__c09__user9__2-1-2,9,Pour_drinks,user9,2-1-2,train,True,True,26,26,0,26,0,0,0,0,0,0,0,0,0,0,0,0.0,0,0,26,True,True,0.04609231145076839,0.13852686137901274
train__c09__user9__2-1-3,9,Pour_drinks,user9,2-1-3,train,True,True,8,8,0,8,0,0,0,0,0,0,0,0,0,0,0,0.0,0,0,8,True,True,0.025513343738791015,0.10892328302661153
train__c09__user9__3-2-1,9,Pour_drinks,user9,3-2-1,train,True,True,21,21,0,21,0,0,0,0,0,0,0,0,0,0,0,0.0,0,0,21,True,True,0.02016728499355628,0.06768151094604495
train__c09__user9__3-2-2,9,Pour_drinks,user9,3-2-2,train,True,True,16,16,0,16,0,0,0,0,0,0,0,0,0,0,0,0.0,0,0,16,True,True,0.03345346842853753,0.08100419408525848
train__c09__user9__3-2-3,9,Pour_drinks,user9,3-2-3,train,True,True,8,8,0,8,0,0,0,0,0,0,0,0,0,0,0,0.0,0,0,8,True,True,0.06170168096102798,0.13291795908196624
train__c09__user9__7-2-1,9,Pour_drinks,user9,7-2-1,train,True,True,16,16,0,16,0,0,0,0,0,0,0,0,0,0,0,0.0,0,0,16,True,True,0.0068226842678814955,0.018922273840450265
train__c09__user9__7-2-2,9,Pour_drinks,user9,7-2-2,train,True,True,9,9,0,9,0,0,0,0,0,0,0,0,0,0,0,0.0,0,0,9,True,True,0.026305962816679733,0.0830567219886142
train__c09__user9__7-2-3,9,Pour_drinks,user9,7-2-3,train,True,True,11,11,0,11,0,0,0,0,0,0,0,0,0,0,0,0.0,0,0,11,True,True,0.006194885073342287,0.01652538202293155
train__c09__user16__1-2-1,9,Pour_drinks,user16,1-2-1,train,True,True,37,37,0,37,0,0,0,0,0,0,0,0,0,0,0,0.0,0,0,37,True,True,0.007996331895237708,0.01749519222504932
train__c09__user16__1-2-2,9,Pour_drinks,user16,1-2-2,train,True,True,56,56,0,56,0,0,0,0,0,0,0,0,0,0,0,0.0,0,0,56,True,True,0.006871322340616397,0.015254556868358131
train__c09__user16__1-2-3,9,Pour_drinks,user16,1-2-3,train,True,True,31,31,0,31,0,0,0,0,0,0,0,0,0,0,0,0.0,0,0,31,True,True,0.012395917195031636,0.03302875858617961
train__c09__user16__2-1-1,9,Pour_drinks,user16,2-1-1,train,True,True,41,41,0,41,0,0,0,0,0,0,0,0,0,0,0,0.0,0,0,41,True,True,0.01381085189206715,0.04258861869435225
train__c09__user16__2-1-2,9,Pour_drinks,user16,2-1-2,train,True,True,20,20,0,20,0,0,0,0,0,0,0,0,0,0,0,0.0,0,0,20,True,True,0.009820536115803583,0.031908946708428074
train__c09__user16__2-1-3,9,Pour_drinks,user16,2-1-3,train,True,True,24,24,0,24,0,0,0,0,0,0,0,0,0,0,0,0.0,0,0,24,True,True,0.01245146663636768,0.0362695087956833
train__c09__user16__7-2-1,9,Pour_drinks,user16,7-2-1,train,True,True,32,32,0,32,0,0,0,0,0,0,0,0,0,0,0,0.0,0,0,32,True,True,0.009121314476794208,0.026645174985845024
train__c09__user16__7-2-2,9,Pour_drinks,user16,7-2-2,train,True,True,30,30,0,30,0,0,0,0,0,0,0,0,0,0,0,0.0,0,0,30,True,True,0.012973656656077758,0.039288810496894026
train__c09__user16__7-2-3,9,Pour_drinks,user16,7-2-3,train,True,True,25,25,0,25,0,0,0,0,0,0,0,0,0,0,0,0.0,0,0,25,True,True,0.0114273412964054,0.0386304322446147
train__c09__user17__1-2-1,9,Pour_drinks,user17,1-2-1,validation,True,True,27,27,0,27,0,0,0,0,0,0,0,0,0,0,0,0.0,0,0,27,True,True,0.010773061787543307,0.024084347893576153
train__c09__user17__1-2-2,9,Pour_drinks,user17,1-2-2,validation,True,True,14,14,0,14,0,0,0,0,0,0,0,0,0,0,0,0.0,0,0,14,True,True,0.025775245967958826,0.054808972209851786
train__c09__user17__1-2-3,9,Pour_drinks,user17,1-2-3,validation,True,True,25,25,0,25,0,0,0,0,0,0,0,0,0,0,0,0.0,0,0,25,True,True,0.02341460029323645,0.05684774493954114
train__c09__user17__2-1-1,9,Pour_drinks,user17,2-1-1,validation,True,True,29,29,0,29,0,0,0,0,0,0,0,0,0,0,0,0.0,0,0,29,True,True,0.010757604255524487,0.03190720721798946
train__c09__user17__2-1-2,9,Pour_drinks,user17,2-1-2,validation,True,True,20,20,0,20,0,0,0,0,0,0,0,0,0,0,0,0.0,0,0,20,True,True,0.007426550381777464,0.022314053066515915
train__c09__user17__2-1-3,9,Pour_drinks,user17,2-1-3,validation,True,True,13,13,0,13,0,0,0,0,0,0,0,0,0,0,0,0.0,0,0,13,True,True,0.01149288620234313,0.03067712661530307
train__c09__user17__5-2-1,9,Pour_drinks,user17,5-2-1,validation,True,True,18,18,0,18,0,0,0,0,0,0,0,0,0,0,0,0.0,0,0,18,True,True,0.011694050102474117,0.03241744174053636
train__c09__user17__5-2-2,9,Pour_drinks,user17,5-2-2,validation,True,True,23,23,0,23,0,0,0,0,0,0,0,0,0,0,0,0.0,0,0,23,True,True,0.01972964524983293,0.055904331139158187
train__c09__user17__5-2-3,9,Pour_drinks,user17,5-2-3,validation,True,True,14,14,0,14,0,0,0,0,0,0,0,0,0,0,0,0.0,0,0,14,True,True,0.029161940238936448,0.06608520131930083
train__c09__user18__3-2-1,9,Pour_drinks,user18,3-2-1,train,True,True,31,31,0,31,0,0,0,0,0,0,0,0,0,0,0,0.0,0,0,31,True,True,0.0076700119809267045,0.020045573124024798
train__c09__user18__3-2-2,9,Pour_drinks,user18,3-2-2,train,True,True,14,14,0,14,0,0,0,0,0,0,0,0,0,0,0,0.0,0,0,14,True,True,0.0062349135538650345,0.013562561993758302
train__c09__user18__3-2-3,9,Pour_drinks,user18,3-2-3,train,True,True,10,10,0,10,0,0,0,0,0,0,0,0,0,0,0,0.0,0,0,10,True,True,0.0039791501044614454,0.008991460710287991
train__c09__user18__4-2-1,9,Pour_drinks,user18,4-2-1,train,True,True,6,6,0,6,0,0,0,0,0,0,0,0,0,0,0,0.0,0,0,6,True,True,0.005502246645982649,0.010363065959419203
train__c09__user18__4-2-2,9,Pour_drinks,user18,4-2-2,train,True,True,4,4,0,4,0,0,0,0,0,0,0,0,0,0,0,0.0,0,0,4,True,True,0.019482751499301516,0.05547778840439148
train__c09__user18__4-2-3,9,Pour_drinks,user18,4-2-3,train,True,True,8,8,0,8,0,0,0,0,0,0,0,0,0,0,0,0.0,0,0,8,True,True,0.005788030553459169,0.01357083341144605
train__c09__user18__7-2-1,9,Pour_drinks,user18,7-2-1,train,True,True,8,8,0,8,0,0,0,0,0,0,0,0,0,0,0,0.0,0,0,8,True,True,0.003307069701695736,0.006856403143385167
train__c09__user18__7-2-2,9,Pour_drinks,user18,7-2-2,train,True,True,6,6,0,6,0,0,0,0,0,0,0,0,0,0,0,0.0,0,0,6,True,True,0.009462949593645693,0.02093124667373616
train__c09__user18__7-2-3,9,Pour_drinks,user18,7-2-3,train,True,True,4,4,0,4,0,0,0,0,0,0,0,0,0,0,0,0.0,0,0,4,True,True,0.010775950453200159,0.029160301187727125
train__c09__user19__2-1-1,9,Pour_drinks,user19,2-1-1,train,True,True,45,45,0,45,0,0,0,0,0,0,0,0,0,0,0,0.0,0,0,45,True,True,0.01441202270816482,0.04180937695307142
train__c09__user19__2-1-2,9,Pour_drinks,user19,2-1-2,train,True,True,40,40,0,40,0,0,0,0,0,0,0,0,0,0,0,0.0,0,0,40,True,True,0.011267349456714421,0.03294254495735683
train__c09__user19__2-1-3,9,Pour_drinks,user19,2-1-3,train,True,True,33,33,0,33,0,0,0,0,0,0,0,0,0,0,0,0.0,0,0,33,True,True,0.01458399647647748,0.03513959189684471
train__c09__user19__3-2-1,9,Pour_drinks,user19,3-2-1,train,True,True,38,38,0,38,0,0,0,0,0,0,0,0,0,0,0,0.0,0,0,38,True,True,0.008640135887966001,0.023785156085379257
train__c09__user19__3-2-2,9,Pour_drinks,user19,3-2-2,train,True,True,33,33,0,33,0,0,0,0,0,0,0,0,0,0,0,0.0,0,0,33,True,True,0.01630279418124664,0.039817113913467
train__c09__user19__3-2-3,9,Pour_drinks,user19,3-2-3,train,True,True,23,23,0,23,0,0,0,0,0,0,0,0,0,0,0,0.0,0,0,23,True,True,0.012002401375679058,0.03663923047359526
train__c09__user19__7-2-1,9,Pour_drinks,user19,7-2-1,train,True,True,29,29,0,29,0,0,0,0,0,0,0,0,0,0,0,0.0,0,0,29,True,True,0.015542647440036037,0.04451846825114586
train__c09__user19__7-2-2,9,Pour_drinks,user19,7-2-2,train,True,True,21,21,0,21,0,0,0,0,0,0,0,0,0,0,0,0.0,0,0,21,True,True,0.01719038338602741,0.04214124678698088
train__c09__user19__7-2-3,9,Pour_drinks,user19,7-2-3,train,True,True,32,32,0,32,0,0,0,0,0,0,0,0,0,0,0,0.0,0,0,32,True,True,0.0121407686138532,0.03637321753548456
train__c09__user20__2-1-1,9,Pour_drinks,user20,2-1-1,train,True,True,72,72,0,72,0,0,0,0,0,0,0,0,0,0,0,0.0,0,0,72,True,True,0.00799390115702434,0.021693607872234615
train__c09__user20__2-1-2,9,Pour_drinks,user20,2-1-2,train,True,True,61,61,0,61,0,0,0,0,0,0,0,0,0,0,0,0.0,0,0,61,True,True,0.007830613600977405,0.020891680151256618
train__c09__user20__2-1-3,9,Pour_drinks,user20,2-1-3,train,True,True,45,45,0,45,0,0,0,0,0,0,0,0,0,0,0,0.0,0,0,45,True,True,0.012734492724939681,0.040004341206076974
train__c09__user20__3-1-1,9,Pour_drinks,user20,3-1-1,train,True,True,65,65,0,65,0,0,0,0,0,0,0,0,0,0,0,0.0,0,0,65,True,True,0.007805924955268756,0.021615389880475747
train__c09__user20__3-1-2,9,Pour_drinks,user20,3-1-2,train,True,True,68,68,0,68,0,0,0,0,0,0,0,0,0,0,0,0.0,0,0,68,True,True,0.00891607591729811,0.02501085555534229
train__c09__user20__3-1-3,9,Pour_drinks,user20,3-1-3,train,True,True,47,47,0,47,0,0,0,0,0,0,0,0,0,0,0,0.0,0,0,47,True,True,0.011449748632950459,0.03673652461895214
train__c09__user20__5-1-1,9,Pour_drinks,user20,5-1-1,train,True,True,23,23,0,23,0,0,0,0,0,0,0,0,0,0,0,0.0,0,0,23,True,True,0.05336838132899105,0.13166510217076227
train__c09__user20__5-1-2,9,Pour_drinks,user20,5-1-2,train,True,True,36,36,0,36,0,0,0,0,0,0,0,0,0,0,0,0.0,0,0,36,True,True,0.02662205886972412,0.054079955026602504
train__c09__user20__5-1-3,9,Pour_drinks,user20,5-1-3,train,True,True,27,27,0,27,0,0,0,0,0,0,0,0,0,0,0,0.0,0,0,27,True,True,0.02070141066923938,0.053716835930225866
train__c09__user20__6-3-1,9,Pour_drinks,user20,6-3-1,train,True,True,48,48,0,48,0,0,0,0,0,0,0,0,0,0,0,0.0,0,0,48,True,True,0.028227875607647546,0.07719488270261866
train__c09__user20__6-3-2,9,Pour_drinks,user20,6-3-2,train,True,True,24,24,0,24,0,0,0,0,0,0,0,0,0,0,0,0.0,0,0,24,True,True,0.04561965029943755,0.1301154129502885
train__c09__user20__6-3-3,9,Pour_drinks,user20,6-3-3,train,True,True,43,43,0,43,0,0,0,0,0,0,0,0,0,0,0,0.0,0,0,43,True,True,0.036018058491571095,0.15117184997751387
train__c09__user20__7-1-1,9,Pour_drinks,user20,7-1-1,train,True,True,42,42,0,42,0,0,0,0,0,0,0,0,0,0,0,0.0,0,0,42,True,True,0.011680989945958621,0.029538112117883996
train__c09__user20__7-1-2,9,Pour_drinks,user20,7-1-2,train,True,True,57,57,0,57,0,0,0,0,0,0,0,0,0,0,0,0.0,0,0,57,True,True,0.009348106153315898,0.028596256278696115
train__c09__user20__7-1-3,9,Pour_drinks,user20,7-1-3,train,True,True,30,30,0,30,0,0,0,0,0,0,0,0,0,0,0,0.0,0,0,30,True,True,0.015842077999657263,0.04318196324112177
train__c09__user21__6-2-1,9,Pour_drinks,user21,6-2-1,train,True,True,25,25,0,25,0,0,0,0,0,0,0,0,0,0,0,0.0,0,0,25,True,True,0.03268722731213533,0.07584542790326558
train__c09__user21__6-2-2,9,Pour_drinks,user21,6-2-2,train,True,True,17,17,0,17,0,0,0,0,0,0,0,0,0,0,0,0.0,0,0,17,True,True,0.028111999275253766,0.09624619264001308
train__c09__user21__6-2-3,9,Pour_drinks,user21,6-2-3,train,True,True,15,15,0,15,0,0,0,0,0,0,0,0,0,0,0,0.0,0,0,15,True,True,0.030739627885096144,0.08103580842617142
train__c09__user22__2-1-1,9,Pour_drinks,user22,2-1-1,train,True,True,29,29,0,29,0,0,0,0,0,0,0,0,0,0,0,0.0,0,0,29,True,True,0.009997858577169734,0.03708523507703519
train__c09__user22__2-1-2,9,Pour_drinks,user22,2-1-2,train,True,True,27,27,0,27,0,0,0,0,0,0,0,0,0,0,0,0.0,0,0,27,True,True,0.008989702839462084,0.026362738808486285
train__c09__user22__2-1-3,9,Pour_drinks,user22,2-1-3,train,True,True,24,24,0,24,0,0,0,0,0,0,0,0,0,0,0,0.0,0,0,24,True,True,0.004860284156906503,0.011435249867222035
train__c09__user22__4-3-1,9,Pour_drinks,user22,4-3-1,train,True,True,19,19,0,19,0,0,0,0,0,0,0,0,0,0,0,0.0,0,0,19,True,True,0.006777413751377759,0.02020150005081268
train__c09__user22__4-3-2,9,Pour_drinks,user22,4-3-2,train,True,True,9,9,0,9,0,0,0,0,0,0,0,0,0,0,0,0.0,0,0,9,True,True,0.017093545178614396,0.060427406390472053
train__c09__user22__4-3-3,9,Pour_drinks,user22,4-3-3,train,True,True,4,4,0,4,0,0,0,0,0,0,0,0,0,0,0,0.0,0,0,4,True,True,0.0070263971120235824,0.014897161166572963
train__c09__user23__5-3-1,9,Pour_drinks,user23,5-3-1,validation,False,False,0,0,0,0,0,0,0,0,0,0,0,0,0,0,0,0.0,0,0,0,True,True,,
train__c09__user23__5-3-3,9,Pour_drinks,user23,5-3-3,validation,True,True,30,30,0,30,0,0,0,0,0,0,0,0,0,0,0,0.0,0,0,30,True,True,0.021256634450491564,0.07103457909568454
train__c10__user1__2-1-1,10,Stir_drinks,user1,2-1-1,train,True,True,74,74,0,37,37,37,0,0,0,0,0,0,0,0,0,0.0,0,0,74,False,True,0.009227353640622694,0.028846753720949175
train__c10__user1__2-1-2,10,Stir_drinks,user1,2-1-2,train,True,True,24,24,0,24,0,0,0,0,0,0,0,0,0,0,0,0.0,0,0,24,True,True,0.012023766489428,0.03241873295197739
train__c10__user1__2-1-3,10,Stir_drinks,user1,2-1-3,train,True,True,25,25,0,25,0,0,0,0,0,0,0,0,0,0,0,0.0,0,0,25,True,True,0.042433379244796884,0.18149303584205953
train__c10__user1__3-1-1,10,Stir_drinks,user1,3-1-1,train,True,True,36,36,0,36,0,0,0,0,0,0,0,0,0,0,0,0.0,0,0,36,True,True,0.008689828053742438,0.029529992463698817
train__c10__user1__3-1-2,10,Stir_drinks,user1,3-1-2,train,True,True,37,37,0,37,0,0,0,0,0,0,0,0,0,0,0,0.0,0,0,37,True,True,0.006930223256005492,0.018810199574429167
train__c10__user1__3-1-3,10,Stir_drinks,user1,3-1-3,train,True,True,17,17,0,17,0,0,0,0,0,0,0,0,0,0,0,0.0,0,0,17,True,True,0.022919162093336366,0.07834938631852448
train__c10__user1__4-1-1,10,Stir_drinks,user1,4-1-1,train,True,True,26,26,0,26,0,0,0,0,0,0,0,0,0,0,0,0.0,0,0,26,True,True,0.012820207883351186,0.0322143354174391
train__c10__user1__4-1-2,10,Stir_drinks,user1,4-1-2,train,False,False,0,0,0,0,0,0,0,0,0,0,0,0,0,0,0,0.0,0,0,0,True,True,,
train__c10__user1__4-1-3,10,Stir_drinks,user1,4-1-3,train,False,False,0,0,0,0,0,0,0,0,0,0,0,0,0,0,0,0.0,0,0,0,True,True,,
train__c10__user2__6-1-1,10,Stir_drinks,user2,6-1-1,train,True,True,45,45,0,45,0,0,0,0,0,0,0,0,0,0,0,0.0,0,0,45,True,True,0.00673038586001717,0.014909797131029896
train__c10__user2__6-1-2,10,Stir_drinks,user2,6-1-2,train,True,True,14,14,0,14,0,0,0,0,0,0,0,0,0,0,0,0.0,0,0,14,True,True,0.01006958447140285,0.028311052719066757
train__c10__user3__4-1-1,10,Stir_drinks,user3,4-1-1,train,True,True,24,24,0,24,0,0,0,0,0,0,0,0,0,0,0,0.0,0,0,24,True,True,0.017840700614745412,0.07837482853121136
train__c10__user3__4-1-2,10,Stir_drinks,user3,4-1-2,train,True,True,13,13,0,13,0,0,0,0,0,0,0,0,0,0,0,0.0,0,0,13,True,True,0.011027034177867014,0.02615555364995142
train__c10__user3__4-1-3,10,Stir_drinks,user3,4-1-3,train,True,True,12,12,0,12,0,0,0,0,0,0,0,0,0,0,0,0.0,0,0,12,True,True,0.017740070104063164,0.048777926769418965
train__c10__user3__5-1-1,10,Stir_drinks,user3,5-1-1,train,True,True,38,38,0,38,0,0,0,0,0,0,0,0,0,0,0,0.0,0,0,38,True,True,0.010700981420956214,0.034697951841740786
train__c10__user3__5-1-2,10,Stir_drinks,user3,5-1-2,train,True,True,18,18,0,18,0,0,0,0,0,0,0,0,0,0,0,0.0,0,0,18,True,True,0.019549521581664286,0.04626482182124029
train__c10__user3__5-1-3,10,Stir_drinks,user3,5-1-3,train,True,True,17,17,0,17,0,0,0,0,0,0,0,0,0,0,0,0.0,0,0,17,True,True,0.008137271125074893,0.018730542652949485
train__c10__user3__7-1-1,10,Stir_drinks,user3,7-1-1,train,True,True,29,29,0,29,0,0,0,0,0,0,0,0,0,0,0,0.0,0,0,29,True,True,0.00644820521202505,0.014427532547159679
train__c10__user3__7-1-2,10,Stir_drinks,user3,7-1-2,train,True,True,16,16,0,16,0,0,0,0,0,0,0,0,0,0,0,0.0,0,0,16,True,True,0.013164460148416064,0.03278679505362417
train__c10__user3__7-1-3,10,Stir_drinks,user3,7-1-3,train,True,True,11,11,0,11,0,0,0,0,0,0,0,0,0,0,0,0.0,0,0,11,True,True,0.01451448201204119,0.03547246165934354
train__c10__user4__1-2-1,10,Stir_drinks,user4,1-2-1,validation,True,True,33,33,0,33,0,0,0,0,0,0,0,0,0,0,0,0.0,0,0,33,True,True,0.008074952009439565,0.02003918538774236
train__c10__user4__1-2-2,10,Stir_drinks,user4,1-2-2,validation,True,True,38,38,0,38,0,0,0,0,0,0,0,0,0,0,0,0.0,0,0,38,True,True,0.03682199239433754,0.11578024462630956
train__c10__user4__1-2-3,10,Stir_drinks,user4,1-2-3,validation,True,True,26,26,0,26,0,0,0,0,0,0,0,0,0,0,0,0.0,0,0,26,True,True,0.012621862570735616,0.037076438843733656
train__c10__user4__5-1-1,10,Stir_drinks,user4,5-1-1,validation,True,True,49,49,0,49,0,0,0,0,0,0,0,0,0,0,0,0.0,0,0,49,True,True,0.0375794288328905,0.07213719955688461
train__c10__user4__5-1-2,10,Stir_drinks,user4,5-1-2,validation,True,True,62,62,0,62,0,0,0,0,0,0,0,0,0,0,0,0.0,0,0,62,True,True,0.03347992442064506,0.0934835730404525
train__c10__user4__5-1-3,10,Stir_drinks,user4,5-1-3,validation,True,True,27,27,0,27,0,0,0,0,0,0,0,0,0,0,0,0.0,0,0,27,True,True,0.00979047435169751,0.03897396030584916
train__c10__user5__1-2-1,10,Stir_drinks,user5,1-2-1,train,True,True,32,32,0,32,0,0,0,0,0,0,0,0,0,0,0,0.0,0,0,32,True,True,0.028121057185211722,0.06189535989801217
train__c10__user5__1-2-2,10,Stir_drinks,user5,1-2-2,train,True,True,30,30,0,30,0,0,0,0,0,0,0,0,0,0,0,0.0,0,0,30,True,True,0.015309450667050804,0.04313322373954247
train__c10__user5__4-2-1,10,Stir_drinks,user5,4-2-1,train,True,True,7,7,0,7,0,0,0,0,0,0,0,0,0,0,0,0.0,0,0,7,True,True,0.009252306592262335,0.0231933121330732
train__c10__user5__4-2-2,10,Stir_drinks,user5,4-2-2,train,True,True,33,33,0,33,0,0,0,0,0,0,0,0,0,0,0,0.0,0,0,33,True,True,0.022476602099079125,0.07020624451696494
train__c10__user5__4-2-3,10,Stir_drinks,user5,4-2-3,train,True,True,36,36,0,36,0,0,0,0,0,0,0,0,0,0,0,0.0,0,0,36,True,True,0.020020890719490834,0.05181482165330334
train__c10__user6__1-2-1,10,Stir_drinks,user6,1-2-1,train,True,True,30,30,0,30,0,0,0,0,0,0,0,0,0,0,0,0.0,0,0,30,True,True,0.02859231020005628,0.15377163466482716
train__c10__user6__1-2-2,10,Stir_drinks,user6,1-2-2,train,True,True,23,23,0,23,0,0,0,0,0,0,0,0,0,0,0,0.0,0,0,23,True,True,0.01946419204064522,0.053556608333434376
train__c10__user6__1-2-3,10,Stir_drinks,user6,1-2-3,train,True,True,13,13,0,13,0,0,0,0,0,0,0,0,0,0,0,0.0,0,0,13,True,True,0.06796592322162108,0.21220597974392008
train__c10__user6__2-1-1,10,Stir_drinks,user6,2-1-1,train,True,True,61,61,0,61,0,0,0,0,0,0,0,0,0,0,0,0.0,0,0,61,True,True,0.023985730800490386,0.07255639011164436
train__c10__user6__2-1-2,10,Stir_drinks,user6,2-1-2,train,True,True,40,40,0,40,0,0,0,0,0,0,0,0,0,0,0,0.0,0,0,40,True,True,0.010590827930525355,0.026608557171164986
train__c10__user6__2-1-3,10,Stir_drinks,user6,2-1-3,train,True,True,37,37,0,37,0,0,0,0,0,0,0,0,0,0,0,0.0,0,0,37,True,True,0.02806481685210181,0.09960970139087416
train__c10__user6__7-2-1,10,Stir_drinks,user6,7-2-1,train,True,True,24,24,0,24,0,0,0,0,0,0,0,0,0,0,0,0.0,0,0,24,True,True,0.03475229948243675,0.11205278218281
train__c10__user6__7-2-2,10,Stir_drinks,user6,7-2-2,train,True,True,23,23,0,23,0,0,0,0,0,0,0,0,0,0,0,0.0,0,0,23,True,True,0.03674874031190758,0.12834436092449988
train__c10__user6__7-2-3,10,Stir_drinks,user6,7-2-3,train,True,True,15,15,0,15,0,0,0,0,0,0,0,0,0,0,0,0.0,0,0,15,True,True,0.050266339898010576,0.1303733359709999
train__c10__user7__2-1-1,10,Stir_drinks,user7,2-1-1,train,True,True,24,24,0,24,0,0,0,0,0,0,0,0,0,0,0,0.0,0,0,24,True,True,0.019068979850229945,0.04385502534018779
train__c10__user7__2-1-2,10,Stir_drinks,user7,2-1-2,train,True,True,18,18,0,18,0,0,0,0,0,0,0,0,0,0,0,0.0,0,0,18,True,True,0.012130396964670475,0.02530437806340192
train__c10__user7__2-1-3,10,Stir_drinks,user7,2-1-3,train,True,True,19,19,0,19,0,0,0,0,0,0,0,0,0,0,0,0.0,0,0,19,True,True,0.026352547379116565,0.04012390471999603
train__c10__user7__2-2-1,10,Stir_drinks,user7,2-2-1,train,True,True,21,21,0,21,0,0,0,0,0,0,0,0,0,0,0,0.0,0,0,21,True,True,0.008914052066885588,0.020560502558695692
train__c10__user7__2-2-2,10,Stir_drinks,user7,2-2-2,train,True,True,21,21,0,21,0,0,0,0,0,0,0,0,0,0,0,0.0,0,0,21,True,True,0.018184152998582802,0.058334580415983085
train__c10__user7__2-2-3,10,Stir_drinks,user7,2-2-3,train,True,True,11,11,0,11,0,0,0,0,0,0,0,0,0,0,0,0.0,0,0,11,True,True,0.018384959685484797,0.04992302555139471
train__c10__user7__5-2-1,10,Stir_drinks,user7,5-2-1,train,True,True,20,20,0,20,0,0,0,0,0,0,0,0,0,0,0,0.0,0,0,20,True,True,0.010051823083673726,0.02548902304581307
train__c10__user7__5-2-2,10,Stir_drinks,user7,5-2-2,train,True,True,23,23,0,23,0,0,0,0,0,0,0,0,0,0,0,0.0,0,0,23,True,True,0.020083897386301428,0.056570380304585784
train__c10__user7__5-2-3,10,Stir_drinks,user7,5-2-3,train,True,True,17,17,0,17,0,0,0,0,0,0,0,0,0,0,0,0.0,0,0,17,True,True,0.034653531213924775,0.08823152754181786
train__c10__user8__3-2-1,10,Stir_drinks,user8,3-2-1,train,True,True,28,28,0,28,0,0,0,0,0,0,0,0,0,0,0,0.0,0,0,28,True,True,0.0449954304035133,0.23279815926372646
train__c10__user8__3-2-2,10,Stir_drinks,user8,3-2-2,train,True,True,42,42,0,42,0,0,0,0,0,0,0,0,0,0,0,0.0,0,0,42,True,True,0.05029025558113799,0.1991431333522805
train__c10__user8__3-2-3,10,Stir_drinks,user8,3-2-3,train,True,True,33,33,0,33,0,0,0,0,0,0,0,0,0,0,0,0.0,0,0,33,True,True,0.016579205805150647,0.046793846242933625
train__c10__user8__4-2-1,10,Stir_drinks,user8,4-2-1,train,True,True,47,47,0,47,0,0,0,0,0,0,0,0,0,0,0,0.0,0,0,47,True,True,0.022223060176066706,0.06546982418215183
train__c10__user8__4-2-2,10,Stir_drinks,user8,4-2-2,train,True,True,8,8,0,8,0,0,0,0,0,0,0,0,0,0,0,0.0,0,0,8,True,True,0.09290577486482524,0.36705938710273955
train__c10__user8__4-2-3,10,Stir_drinks,user8,4-2-3,train,True,True,28,28,0,28,0,0,0,0,0,0,0,0,0,0,0,0.0,0,0,28,True,True,0.02382025410763716,0.08069339912723004
train__c10__user8__7-2-1,10,Stir_drinks,user8,7-2-1,train,True,True,22,22,0,22,0,0,0,0,0,0,0,0,0,0,0,0.0,0,0,22,True,True,0.01618959882559897,0.04900106892732024
train__c10__user8__7-2-2,10,Stir_drinks,user8,7-2-2,train,True,True,17,17,0,17,0,0,0,0,0,0,0,0,0,0,0,0.0,0,0,17,True,True,0.05309092960042117,0.18046566319698
train__c10__user8__7-2-3,10,Stir_drinks,user8,7-2-3,train,True,True,11,11,0,11,0,0,0,0,0,0,0,0,0,0,0,0.0,0,0,11,True,True,0.03979424144580773,0.08683079971706659
train__c10__user9__2-1-1,10,Stir_drinks,user9,2-1-1,train,True,True,24,24,0,24,0,0,0,0,0,0,0,0,0,0,0,0.0,0,0,24,True,True,0.02318509488880244,0.07089174520198575
train__c10__user9__2-1-2,10,Stir_drinks,user9,2-1-2,train,True,True,33,33,0,33,0,0,0,0,0,0,0,0,0,0,0,0.0,0,0,33,True,True,0.03550340219744573,0.10480933241258063
train__c10__user9__2-1-3,10,Stir_drinks,user9,2-1-3,train,True,True,34,34,0,34,0,0,0,0,0,0,0,0,0,0,0,0.0,0,0,34,True,True,0.05293951804489147,0.13122582316926523
train__c10__user9__3-2-1,10,Stir_drinks,user9,3-2-1,train,True,True,27,27,0,27,0,0,0,0,0,1,0,1,1,1,1,0.037037037037037035,0,0,27,True,True,0.0518949323162484,0.1109018010917402
train__c10__user9__3-2-2,10,Stir_drinks,user9,3-2-2,train,True,True,20,20,0,20,0,0,0,0,0,1,0,1,1,1,1,0.05,0,0,20,True,True,0.031674323250089544,0.06383228371535606
train__c10__user9__3-2-3,10,Stir_drinks,user9,3-2-3,train,True,True,6,6,0,6,0,0,0,0,0,0,0,0,0,0,0,0.0,0,0,6,True,True,0.06283374705830025,0.09299185766771849
train__c10__user9__7-2-1,10,Stir_drinks,user9,7-2-1,train,True,True,20,20,0,20,0,0,0,0,0,0,0,0,0,0,0,0.0,0,0,20,True,True,0.01471395651119476,0.05039922239753118
train__c10__user9__7-2-2,10,Stir_drinks,user9,7-2-2,train,True,True,12,12,0,12,0,0,0,0,0,0,0,0,0,0,0,0.0,0,0,12,True,True,0.016070183085811027,0.053735967604191526
train__c10__user9__7-2-3,10,Stir_drinks,user9,7-2-3,train,True,True,18,18,0,18,0,0,0,0,0,0,0,0,0,0,0,0.0,0,0,18,True,True,0.014170544791829215,0.03532173828992085
train__c10__user16__1-2-1,10,Stir_drinks,user16,1-2-1,train,True,True,21,21,0,21,0,0,0,0,0,0,0,0,0,0,0,0.0,0,0,21,True,True,0.00544342809857914,0.013454942857968053
train__c10__user16__1-2-2,10,Stir_drinks,user16,1-2-2,train,True,True,26,26,0,26,0,0,0,0,0,0,0,0,0,0,0,0.0,0,0,26,True,True,0.008072534501905928,0.01788802880988501
train__c10__user16__1-2-3,10,Stir_drinks,user16,1-2-3,train,True,True,15,15,0,15,0,0,0,0,0,0,0,0,0,0,0,0.0,0,0,15,True,True,0.008134988336908582,0.023686334823537117
train__c10__user16__2-1-1,10,Stir_drinks,user16,2-1-1,train,True,True,31,31,0,31,0,0,0,0,0,0,0,0,0,0,0,0.0,0,0,31,True,True,0.005413305794726041,0.012959197917189825
train__c10__user16__2-1-2,10,Stir_drinks,user16,2-1-2,train,True,True,18,18,0,18,0,0,0,0,0,0,0,0,0,0,0,0.0,0,0,18,True,True,0.0073634679266181375,0.019429886747080845
train__c10__user16__2-1-3,10,Stir_drinks,user16,2-1-3,train,True,True,14,14,0,14,0,0,0,0,0,0,0,0,0,0,0,0.0,0,0,14,True,True,0.011897991052164592,0.03389823373121324
train__c10__user16__7-2-1,10,Stir_drinks,user16,7-2-1,train,True,True,39,39,0,39,0,0,0,0,0,0,0,0,0,0,0,0.0,0,0,39,True,True,0.006370608587181904,0.015620636319734833
train__c10__user16__7-2-2,10,Stir_drinks,user16,7-2-2,train,True,True,38,38,0,38,0,0,0,0,0,0,0,0,0,0,0,0.0,0,0,38,True,True,0.009349493473123083,0.022569365807192127
train__c10__user16__7-2-3,10,Stir_drinks,user16,7-2-3,train,True,True,20,20,0,20,0,0,0,0,0,0,0,0,0,0,0,0.0,0,0,20,True,True,0.008410535780090881,0.01825183815694355
train__c10__user17__2-1-1,10,Stir_drinks,user17,2-1-1,validation,True,True,33,33,0,33,0,0,0,0,0,0,0,0,0,0,0,0.0,0,0,33,True,True,0.006551146976388341,0.016751303460317418
train__c10__user17__2-1-2,10,Stir_drinks,user17,2-1-2,validation,True,True,28,28,0,28,0,0,0,0,0,0,0,0,0,0,0,0.0,0,0,28,True,True,0.006991867314139174,0.017353884860249878
train__c10__user17__2-1-3,10,Stir_drinks,user17,2-1-3,validation,True,True,22,22,0,22,0,0,0,0,0,0,0,0,0,0,0,0.0,0,0,22,True,True,0.009470150669586027,0.026927244605558388
train__c10__user17__2-2-1,10,Stir_drinks,user17,2-2-1,validation,True,True,27,27,0,27,0,0,0,0,0,0,0,0,0,0,0,0.0,0,0,27,True,True,0.009594000032309855,0.02357054487751331
train__c10__user17__2-2-2,10,Stir_drinks,user17,2-2-2,validation,True,True,28,28,0,28,0,0,0,0,0,0,0,0,0,0,0,0.0,0,0,28,True,True,0.0162180246983176,0.04471612735757217
train__c10__user17__2-2-3,10,Stir_drinks,user17,2-2-3,validation,True,True,20,20,0,20,0,0,0,0,0,0,0,0,0,0,0,0.0,0,0,20,True,True,0.021339074923450687,0.0398325304973538
train__c10__user17__5-2-1,10,Stir_drinks,user17,5-2-1,validation,True,True,22,22,0,22,0,0,0,0,0,0,0,0,0,0,0,0.0,0,0,22,True,True,0.013320235604793512,0.044765776944728344
train__c10__user17__5-2-2,10,Stir_drinks,user17,5-2-2,validation,True,True,12,12,0,12,0,0,0,0,0,0,0,0,0,0,0,0.0,0,0,12,True,True,0.012384151071830978,0.03183026938925184
train__c10__user17__5-2-3,10,Stir_drinks,user17,5-2-3,validation,True,True,15,15,0,15,0,0,0,0,0,0,0,0,0,0,0,0.0,0,0,15,True,True,0.008670520301453504,0.021603490798441174
train__c10__user18__3-2-1,10,Stir_drinks,user18,3-2-1,train,True,True,38,38,0,38,0,0,0,0,0,0,0,0,0,0,0,0.0,0,0,38,True,True,0.005361569004489489,0.013627196282506873
train__c10__user18__3-2-2,10,Stir_drinks,user18,3-2-2,train,True,True,17,17,0,17,0,0,0,0,0,0,0,0,0,0,0,0.0,0,0,17,True,True,0.015649125665214782,0.04588789136892325
train__c10__user18__3-2-3,10,Stir_drinks,user18,3-2-3,train,True,True,18,18,0,18,0,0,0,0,0,0,0,0,0,0,0,0.0,0,0,18,True,True,0.004907879542693974,0.013700450578085797
train__c10__user18__4-2-1,10,Stir_drinks,user18,4-2-1,train,True,True,33,33,0,33,0,0,0,0,0,0,0,0,0,0,0,0.0,0,0,33,True,True,0.005672314126302719,0.01420032063553247
train__c10__user18__4-2-2,10,Stir_drinks,user18,4-2-2,train,True,True,10,10,0,10,0,0,0,0,0,0,0,0,0,0,0,0.0,0,0,10,True,True,0.012665571339486452,0.03737599390890589
train__c10__user18__4-2-3,10,Stir_drinks,user18,4-2-3,train,True,True,14,14,0,14,0,0,0,0,0,0,0,0,0,0,0,0.0,0,0,14,True,True,0.00574012564296917,0.016876006387611973
train__c10__user18__7-2-1,10,Stir_drinks,user18,7-2-1,train,True,True,13,13,0,13,0,0,0,0,0,0,0,0,0,0,0,0.0,0,0,13,True,True,0.004679413328176431,0.014145447421102051
train__c10__user18__7-2-2,10,Stir_drinks,user18,7-2-2,train,True,True,18,18,0,18,0,0,0,0,0,0,0,0,0,0,0,0.0,0,0,18,True,True,0.011419111488292352,0.037211476258207615
train__c10__user18__7-2-3,10,Stir_drinks,user18,7-2-3,train,True,True,14,14,0,14,0,0,0,0,0,0,0,0,0,0,0,0.0,0,0,14,True,True,0.008859707529433991,0.022928488325034756
train__c10__user19__2-1-1,10,Stir_drinks,user19,2-1-1,train,True,True,41,41,0,41,0,0,0,0,0,0,0,0,0,0,0,0.0,0,0,41,True,True,0.007135384309890812,0.019112008550062003
train__c10__user19__2-1-2,10,Stir_drinks,user19,2-1-2,train,True,True,30,30,0,30,0,0,0,0,0,0,0,0,0,0,0,0.0,0,0,30,True,True,0.008126914051568805,0.02125849992847394
train__c10__user19__2-1-3,10,Stir_drinks,user19,2-1-3,train,True,True,8,8,0,8,0,0,0,0,0,0,0,0,0,0,0,0.0,0,0,8,True,True,0.007957574074362407,0.025676732749231646
train__c10__user19__3-2-1,10,Stir_drinks,user19,3-2-1,train,True,True,13,13,0,13,0,0,0,0,0,0,0,0,0,0,0,0.0,0,0,13,True,True,0.012237358276330488,0.030150447933826784
train__c10__user19__3-2-2,10,Stir_drinks,user19,3-2-2,train,True,True,7,7,0,7,0,0,0,0,0,0,0,0,0,0,0,0.0,0,0,7,True,True,0.03336855417415314,0.06855583988530499
train__c10__user19__3-2-3,10,Stir_drinks,user19,3-2-3,train,True,True,6,6,0,6,0,0,0,0,0,0,0,0,0,0,0,0.0,0,0,6,True,True,0.018330755790639898,0.04451656874043219
train__c10__user19__7-2-1,10,Stir_drinks,user19,7-2-1,train,True,True,15,15,0,15,0,0,0,0,0,0,0,0,0,0,0,0.0,0,0,15,True,True,0.01178964396308132,0.03446382095295851
train__c10__user19__7-2-2,10,Stir_drinks,user19,7-2-2,train,True,True,20,20,0,20,0,0,0,0,0,0,0,0,0,0,0,0.0,0,0,20,True,True,0.009516905734816462,0.031129528077145713
train__c10__user19__7-2-3,10,Stir_drinks,user19,7-2-3,train,True,True,16,16,0,16,0,0,0,0,0,0,0,0,0,0,0,0.0,0,0,16,True,True,0.015580866065587928,0.038959464690670347
train__c10__user20__3-1-1,10,Stir_drinks,user20,3-1-1,train,True,True,29,29,0,29,0,0,0,0,0,0,0,0,0,0,0,0.0,0,0,29,True,True,0.006975443852133354,0.01812426753867212
train__c10__user20__3-1-2,10,Stir_drinks,user20,3-1-2,train,True,True,42,42,0,42,0,0,0,0,0,0,0,0,0,0,0,0.0,0,0,42,True,True,0.00950857958675959,0.026382010922561205
train__c10__user20__3-1-3,10,Stir_drinks,user20,3-1-3,train,True,True,21,21,0,21,0,0,0,0,0,0,0,0,0,0,0,0.0,0,0,21,True,True,0.011252690265498634,0.029791410080548968
train__c10__user20__5-1-1,10,Stir_drinks,user20,5-1-1,train,True,True,9,9,0,9,0,0,0,0,0,0,0,0,0,0,0,0.0,0,0,9,True,True,0.019983005805441163,0.04525930816273989
train__c10__user20__5-1-2,10,Stir_drinks,user20,5-1-2,train,True,True,21,21,0,21,0,0,0,0,0,0,0,0,0,0,0,0.0,0,0,21,True,True,0.02229429098352423,0.038674408774517575
train__c10__user20__5-1-3,10,Stir_drinks,user20,5-1-3,train,True,True,33,33,0,33,0,0,0,0,0,0,0,0,0,0,0,0.0,0,0,33,True,True,0.007764520555031899,0.0203984578058453
train__c10__user20__6-3-1,10,Stir_drinks,user20,6-3-1,train,True,True,29,29,0,29,0,0,0,0,0,0,0,0,0,0,0,0.0,0,0,29,True,True,0.012341522643308034,0.029419246682078282
train__c10__user20__6-3-2,10,Stir_drinks,user20,6-3-2,train,True,True,16,16,0,16,0,0,0,0,0,0,0,0,0,0,0,0.0,0,0,16,True,True,0.010663901186465185,0.028149357641849247
train__c10__user20__6-3-3,10,Stir_drinks,user20,6-3-3,train,True,True,25,25,0,25,0,0,0,0,0,0,0,0,0,0,0,0.0,0,0,25,True,True,0.044994990889580457,0.19972512459070624
train__c10__user20__7-1-1,10,Stir_drinks,user20,7-1-1,train,True,True,31,31,0,31,0,0,0,0,0,0,0,0,0,0,0,0.0,0,0,31,True,True,0.016004694866445228,0.038178791251904855
train__c10__user20__7-1-2,10,Stir_drinks,user20,7-1-2,train,True,True,28,28,0,28,0,0,0,0,0,0,0,0,0,0,0,0.0,0,0,28,True,True,0.014490215031709023,0.04129303197948169
train__c10__user20__7-1-3,10,Stir_drinks,user20,7-1-3,train,True,True,6,6,0,6,0,0,0,0,0,0,0,0,0,0,0,0.0,0,0,6,True,True,0.030970895660223305,0.07421115722982147
train__c10__user22__4-3-1,10,Stir_drinks,user22,4-3-1,train,True,True,10,10,0,10,0,0,0,0,0,0,0,0,0,0,0,0.0,0,0,10,True,True,0.007283773370141698,0.018268972467251277
train__c10__user22__4-3-2,10,Stir_drinks,user22,4-3-2,train,True,True,22,22,0,22,0,0,0,0,0,0,0,0,0,0,0,0.0,0,0,22,True,True,0.01891466531122351,0.04860590601613572
train__c10__user22__4-3-3,10,Stir_drinks,user22,4-3-3,train,True,True,13,13,0,13,0,0,0,0,0,0,0,0,0,0,0,0.0,0,0,13,True,True,0.03340445918979723,0.0802948942494652
train__c10__user23__5-3-1,10,Stir_drinks,user23,5-3-1,validation,False,False,0,0,0,0,0,0,0,0,0,0,0,0,0,0,0,0.0,0,0,0,True,True,,
train__c10__user23__5-3-3,10,Stir_drinks,user23,5-3-3,validation,True,True,7,7,0,7,0,0,0,0,0,0,0,0,0,0,0,0.0,0,0,7,True,True,0.02758762095088753,0.08076461349913716
train__c11__user1__1-2-1,11,Peel_fruits,user1,1-2-1,train,True,True,38,38,0,38,0,0,0,0,0,0,0,0,0,0,0,0.0,0,0,38,True,True,0.013422795613958339,0.03518520076307344
train__c11__user1__1-2-2,11,Peel_fruits,user1,1-2-2,train,True,True,49,49,0,49,0,0,0,0,0,0,0,0,0,0,0,0.0,0,0,49,True,True,0.016176496645583825,0.07108416005565676
train__c11__user1__4-1-1,11,Peel_fruits,user1,4-1-1,train,True,True,108,108,0,108,0,0,0,0,0,0,0,0,0,0,0,0.0,0,0,108,True,True,0.016911560496424,0.03948342723829629
train__c11__user1__4-1-2,11,Peel_fruits,user1,4-1-2,train,True,True,109,109,0,109,0,0,0,0,0,0,0,0,0,0,0,0.0,0,0,109,True,True,0.0193343759055047,0.04791109727457971
train__c11__user1__4-1-3,11,Peel_fruits,user1,4-1-3,train,True,True,36,36,0,36,0,0,0,0,0,0,0,0,0,0,0,0.0,0,0,36,True,True,0.034313210724339724,0.10517738379738628
train__c11__user1__6-1-1,11,Peel_fruits,user1,6-1-1,train,True,True,36,36,0,36,0,0,0,0,0,0,0,0,0,0,0,0.0,0,0,36,True,True,0.020633994609198545,0.06739853314781642
train__c11__user1__6-1-2,11,Peel_fruits,user1,6-1-2,train,True,True,29,29,0,29,0,0,0,0,0,0,0,0,0,0,0,0.0,0,0,29,True,True,0.020357245845799413,0.0741180307697929
train__c11__user1__6-1-3,11,Peel_fruits,user1,6-1-3,train,True,True,12,12,0,12,0,0,0,0,0,0,0,0,0,0,0,0.0,0,0,12,True,True,0.030770734510424683,0.09651306306137508
train__c11__user2__5-2-1,11,Peel_fruits,user2,5-2-1,train,True,True,103,103,0,103,0,0,0,0,0,0,0,0,0,0,0,0.0,0,0,103,True,True,0.009716820046553276,0.0319917017347161
train__c11__user2__5-2-2,11,Peel_fruits,user2,5-2-2,train,True,True,33,33,0,33,0,0,0,0,0,0,0,0,0,0,0,0.0,0,0,33,True,True,0.014563385148106636,0.05154760870454603
train__c11__user2__5-2-3,11,Peel_fruits,user2,5-2-3,train,True,True,18,18,0,18,0,0,0,0,0,0,0,0,0,0,0,0.0,0,0,18,True,True,0.04669136419238467,0.14171208857463902
train__c11__user2__7-2-1,11,Peel_fruits,user2,7-2-1,train,True,True,50,50,0,50,0,0,0,0,0,0,0,0,0,0,0,0.0,0,0,50,True,True,0.01000904601909672,0.02917784698888811
train__c11__user2__7-2-2,11,Peel_fruits,user2,7-2-2,train,True,True,17,17,0,17,0,0,0,0,0,0,0,0,0,0,0,0.0,0,0,17,True,True,0.01768218402663866,0.04531413590464212
train__c11__user2__7-2-3,11,Peel_fruits,user2,7-2-3,train,True,True,7,7,0,7,0,0,0,0,0,0,0,0,0,0,0,0.0,0,0,7,True,True,0.05513928271203642,0.15866583290001263
train__c11__user3__3-1-1,11,Peel_fruits,user3,3-1-1,train,True,True,22,22,0,22,0,0,0,0,0,0,0,0,0,0,0,0.0,0,0,22,True,True,0.02086794499995868,0.05758626517295066
train__c11__user3__3-1-2,11,Peel_fruits,user3,3-1-2,train,True,True,31,31,0,31,0,0,0,0,0,0,0,0,0,0,0,0.0,0,0,31,True,True,0.00769132961425538,0.01968109116998196
train__c11__user3__3-1-3,11,Peel_fruits,user3,3-1-3,train,True,True,11,11,0,11,0,0,0,0,0,0,0,0,0,0,0,0.0,0,0,11,True,True,0.03662447979153675,0.10417952207460332
train__c11__user3__4-1-1,11,Peel_fruits,user3,4-1-1,train,True,True,40,40,0,40,0,0,0,0,0,0,0,0,0,0,0,0.0,0,0,40,True,True,0.017046078587406137,0.07086060071574503
train__c11__user3__4-1-2,11,Peel_fruits,user3,4-1-2,train,True,True,37,37,0,37,0,0,0,0,0,0,0,0,0,0,0,0.0,0,0,37,True,True,0.011169346970183501,0.028940119341773665
train__c11__user4__1-2-1,11,Peel_fruits,user4,1-2-1,validation,True,True,79,79,0,79,0,0,0,0,0,0,0,0,0,0,0,0.0,0,0,79,True,True,0.007202917187423343,0.016627058072380196
train__c11__user4__1-2-2,11,Peel_fruits,user4,1-2-2,validation,True,True,58,58,0,58,0,0,0,0,0,0,0,0,0,0,0,0.0,0,0,58,True,True,0.012791858443301331,0.04668559798115404
train__c11__user4__1-2-3,11,Peel_fruits,user4,1-2-3,validation,True,True,22,22,0,22,0,0,0,0,0,0,0,0,0,0,0,0.0,0,0,22,True,True,0.011231001061467256,0.027970647969250573
train__c11__user4__2-1-1,11,Peel_fruits,user4,2-1-1,validation,True,True,41,41,0,41,0,0,0,0,0,0,0,0,0,0,0,0.0,0,0,41,True,True,0.018014470157554557,0.04803334403689033
train__c11__user4__2-1-2,11,Peel_fruits,user4,2-1-2,validation,True,True,18,18,0,18,0,0,0,0,0,0,0,0,0,0,0,0.0,0,0,18,True,True,0.013204413472674564,0.02968479219274681
train__c11__user4__2-1-3,11,Peel_fruits,user4,2-1-3,validation,True,True,29,29,0,29,0,0,0,0,0,0,0,0,0,0,0,0.0,0,0,29,True,True,0.014495544288434168,0.04113488444421708
train__c11__user4__6-1-1,11,Peel_fruits,user4,6-1-1,validation,True,True,44,44,0,44,0,0,0,0,0,0,0,0,0,0,0,0.0,0,0,44,True,True,0.010044863375891614,0.023228120139570187
train__c11__user4__6-1-2,11,Peel_fruits,user4,6-1-2,validation,True,True,51,51,0,51,0,0,0,0,0,0,0,0,0,0,0,0.0,0,0,51,True,True,0.028145536206118583,0.07577827342491843
train__c11__user4__6-1-3,11,Peel_fruits,user4,6-1-3,validation,True,True,22,22,0,22,0,0,0,0,0,0,0,0,0,0,0,0.0,0,0,22,True,True,0.015879413866736195,0.036183452701836614
train__c11__user4__7-1-1,11,Peel_fruits,user4,7-1-1,validation,True,True,46,46,0,46,0,0,0,0,0,0,0,0,0,0,0,0.0,0,0,46,True,True,0.010817772139918563,0.02853186888988968
train__c11__user4__7-1-2,11,Peel_fruits,user4,7-1-2,validation,True,True,43,43,0,43,0,0,0,0,0,0,0,0,0,0,0,0.0,0,0,43,True,True,0.012684767871133786,0.036781920991950906
train__c11__user4__7-1-3,11,Peel_fruits,user4,7-1-3,validation,True,True,31,31,0,31,0,0,0,0,0,0,0,0,0,0,0,0.0,0,0,31,True,True,0.02617156579780223,0.07258398599325361
train__c11__user5__1-2-1,11,Peel_fruits,user5,1-2-1,train,True,True,101,101,0,101,0,0,0,0,0,0,0,0,0,0,0,0.0,0,0,101,True,True,0.009998711601745385,0.030035694680588317
train__c11__user5__1-2-2,11,Peel_fruits,user5,1-2-2,train,True,True,51,51,0,51,0,0,0,0,0,0,0,0,0,0,0,0.0,0,0,51,True,True,0.016031173747285517,0.04506108411763728
train__c11__user5__1-2-3,11,Peel_fruits,user5,1-2-3,train,True,True,36,36,0,36,0,0,0,0,0,0,0,0,0,0,0,0.0,0,0,36,True,True,0.017493567391962388,0.060002165153275375
train__c11__user5__2-1-1,11,Peel_fruits,user5,2-1-1,train,True,True,82,82,0,82,0,0,0,0,0,0,0,0,0,0,0,0.0,0,0,82,True,True,0.01118498190045241,0.028947310036848056
train__c11__user5__2-1-2,11,Peel_fruits,user5,2-1-2,train,True,True,79,79,0,79,0,0,0,0,0,0,0,0,0,0,0,0.0,0,0,79,True,True,0.013750641129730212,0.04083222167600378
train__c11__user5__2-1-3,11,Peel_fruits,user5,2-1-3,train,True,True,30,30,0,30,0,0,0,0,0,0,0,0,0,0,0,0.0,0,0,30,True,True,0.014510925976320829,0.03739298117360925
train__c11__user5__3-2-1,11,Peel_fruits,user5,3-2-1,train,True,True,71,71,0,71,0,0,0,0,0,0,0,0,0,0,0,0.0,0,0,71,True,True,0.013624762882843262,0.04605213216868319
train__c11__user5__3-2-2,11,Peel_fruits,user5,3-2-2,train,True,True,28,28,0,28,0,0,0,0,0,0,0,0,0,0,0,0.0,0,0,28,True,True,0.026219288547939642,0.06324677592902904
train__c11__user5__3-2-3,11,Peel_fruits,user5,3-2-3,train,True,True,29,29,0,29,0,0,0,0,0,0,0,0,0,0,0,0.0,0,0,29,True,True,0.01641873069931527,0.041508003429593196
train__c11__user5__6-2-1,11,Peel_fruits,user5,6-2-1,train,True,True,55,55,0,55,0,0,0,0,0,0,0,0,0,0,0,0.0,0,0,55,True,True,0.009563781364071194,0.025341933478546116
train__c11__user5__6-2-2,11,Peel_fruits,user5,6-2-2,train,True,True,54,54,0,54,0,0,0,0,0,0,0,0,0,0,0,0.0,0,0,54,True,True,0.010142813464328012,0.03170272130195464
train__c11__user5__6-2-3,11,Peel_fruits,user5,6-2-3,train,True,True,23,23,0,23,0,0,0,0,0,0,0,0,0,0,0,0.0,0,0,23,True,True,0.013491867018315428,0.041749308920315545
train__c11__user6__1-2-1,11,Peel_fruits,user6,1-2-1,train,True,True,46,46,0,46,0,0,0,0,0,0,0,0,0,0,0,0.0,0,0,46,True,True,0.0063323412417592515,0.014266566976730807
train__c11__user6__1-2-2,11,Peel_fruits,user6,1-2-2,train,True,True,24,24,0,24,0,0,0,0,0,0,0,0,0,0,0,0.0,0,0,24,True,True,0.012751063888444367,0.03572052256440125
train__c11__user6__1-2-3,11,Peel_fruits,user6,1-2-3,train,True,True,11,11,0,11,0,0,0,0,0,0,0,0,0,0,0,0.0,0,0,11,True,True,0.026285518115345862,0.07783610334670785
train__c11__user6__3-2-1,11,Peel_fruits,user6,3-2-1,train,True,True,34,34,0,34,0,0,0,0,0,0,0,0,0,0,0,0.0,0,0,34,True,True,0.012056335476212243,0.04353828892256334
train__c11__user6__3-2-2,11,Peel_fruits,user6,3-2-2,train,True,True,26,26,0,26,0,0,0,0,0,0,0,0,0,0,0,0.0,0,0,26,True,True,0.016589981698633627,0.04960534478121147
train__c11__user6__3-2-3,11,Peel_fruits,user6,3-2-3,train,True,True,23,23,0,23,0,0,0,0,0,0,0,0,0,0,0,0.0,0,0,23,True,True,0.04454381197657791,0.14106223720169328
train__c11__user6__5-2-1,11,Peel_fruits,user6,5-2-1,train,True,True,51,51,0,51,0,0,0,0,0,0,0,0,0,0,0,0.0,0,0,51,True,True,0.01713487101900774,0.05748852704296248
train__c11__user6__5-2-2,11,Peel_fruits,user6,5-2-2,train,True,True,41,41,0,41,0,0,0,0,0,0,0,0,0,0,0,0.0,0,0,41,True,True,0.0093251555682855,0.024293036666555193
train__c11__user6__5-2-3,11,Peel_fruits,user6,5-2-3,train,True,True,14,14,0,14,0,0,0,0,0,0,0,0,0,0,0,0.0,0,0,14,True,True,0.0239475483579317,0.06654807551572196
train__c11__user7__7-2-1,11,Peel_fruits,user7,7-2-1,train,True,True,57,57,0,57,0,0,0,0,0,0,0,0,0,0,0,0.0,0,0,57,True,True,0.011262789826147446,0.03159546701315339
train__c11__user7__7-2-2,11,Peel_fruits,user7,7-2-2,train,True,True,42,42,0,42,0,0,0,0,0,0,0,0,0,0,0,0.0,0,0,42,True,True,0.029961684439823354,0.09430670358147744
train__c11__user7__7-2-3,11,Peel_fruits,user7,7-2-3,train,True,True,18,18,0,18,0,0,0,0,0,0,0,0,0,0,0,0.0,0,0,18,True,True,0.03359017799887737,0.115707787348822
train__c11__user8__4-2-1,11,Peel_fruits,user8,4-2-1,train,True,True,24,24,0,24,0,0,0,0,0,0,0,0,0,0,0,0.0,0,0,24,True,True,0.018446065540973885,0.05477005716662217
train__c11__user8__4-2-2,11,Peel_fruits,user8,4-2-2,train,True,True,12,12,0,12,0,0,0,0,0,0,0,0,0,0,0,0.0,0,0,12,True,True,0.07913744621520874,0.25730546877845345
train__c11__user8__4-2-3,11,Peel_fruits,user8,4-2-3,train,True,True,21,21,0,21,0,0,0,0,0,0,0,0,0,0,0,0.0,0,0,21,True,True,0.01025449441382284,0.023667805779802126
train__c11__user8__6-2-1,11,Peel_fruits,user8,6-2-1,train,True,True,107,107,0,107,0,0,0,0,0,0,0,0,0,0,0,0.0,0,0,107,True,True,0.012004832825814058,0.03452118813228975
train__c11__user8__6-2-2,11,Peel_fruits,user8,6-2-2,train,True,True,36,36,0,36,0,0,0,0,0,0,0,0,0,0,0,0.0,0,0,36,True,True,0.030496751669163644,0.0829919716889209
train__c11__user8__6-2-3,11,Peel_fruits,user8,6-2-3,train,True,True,59,59,0,59,0,0,0,0,0,0,0,0,0,0,0,0.0,0,0,59,True,True,0.01911910285852506,0.06139594906908103
train__c11__user8__7-2-1,11,Peel_fruits,user8,7-2-1,train,True,True,28,28,0,28,0,0,0,0,0,0,0,0,0,0,0,0.0,0,0,28,True,True,0.025055500292328715,0.07031517349083805
train__c11__user8__7-2-2,11,Peel_fruits,user8,7-2-2,train,True,True,17,17,0,17,0,0,0,0,0,0,0,0,0,0,0,0.0,0,0,17,True,True,0.059700006670753106,0.1752918401827914
train__c11__user8__7-2-3,11,Peel_fruits,user8,7-2-3,train,True,True,5,5,0,5,0,0,0,0,0,0,0,0,0,0,0,0.0,0,0,5,True,True,0.05985639395333214,0.15274732854624704
train__c11__user9__2-3-1,11,Peel_fruits,user9,2-3-1,train,True,True,45,45,0,45,0,0,0,0,0,0,0,0,0,0,0,0.0,0,0,45,True,True,0.010444817414081438,0.031351335942778336
train__c11__user9__2-3-2,11,Peel_fruits,user9,2-3-2,train,True,True,38,38,0,38,0,0,0,0,0,0,0,0,0,0,0,0.0,0,0,38,True,True,0.012567195450645097,0.03737887436354103
train__c11__user9__2-3-3,11,Peel_fruits,user9,2-3-3,train,True,True,26,26,0,26,0,0,0,0,0,0,0,0,0,0,0,0.0,0,0,26,True,True,0.02326943049906836,0.07724525298464445
train__c11__user16__1-2-1,11,Peel_fruits,user16,1-2-1,train,True,True,50,50,0,50,0,0,0,0,0,0,0,0,0,0,0,0.0,0,0,50,True,True,0.005375518647202383,0.015432805334644414
train__c11__user16__1-2-2,11,Peel_fruits,user16,1-2-2,train,True,True,52,52,0,52,0,0,0,0,0,0,0,0,0,0,0,0.0,0,0,52,True,True,0.005535907079287121,0.014243048048391457
train__c11__user16__1-2-3,11,Peel_fruits,user16,1-2-3,train,True,True,24,24,0,24,0,0,0,0,0,0,0,0,0,0,0,0.0,0,0,24,True,True,0.00889771374595661,0.02607701095423863
train__c11__user16__3-2-1,11,Peel_fruits,user16,3-2-1,train,True,True,17,17,0,17,0,0,0,0,0,17,0,17,1,17,0,1.0,0,0,17,True,True,0.007550324580426003,0.018438571800479805
train__c11__user16__3-2-2,11,Peel_fruits,user16,3-2-2,train,True,True,21,21,0,21,0,0,0,0,0,0,0,0,0,0,0,0.0,0,0,21,True,True,0.008131984988262385,0.023060398147044924
train__c11__user16__3-2-3,11,Peel_fruits,user16,3-2-3,train,True,True,14,14,0,14,0,0,0,0,0,0,0,0,0,0,0,0.0,0,0,14,True,True,0.00924943002145532,0.02840027343463385
train__c11__user16__5-2-1,11,Peel_fruits,user16,5-2-1,train,True,True,38,38,0,38,0,0,0,0,0,0,0,0,0,0,0,0.0,0,0,38,True,True,0.0063219508141068356,0.01612542760509329
train__c11__user16__5-2-2,11,Peel_fruits,user16,5-2-2,train,True,True,27,27,0,27,0,0,0,0,0,0,0,0,0,0,0,0.0,0,0,27,True,True,0.009767296632232499,0.02960036748342755
train__c11__user16__5-2-3,11,Peel_fruits,user16,5-2-3,train,True,True,11,11,0,11,0,0,0,0,0,0,0,0,0,0,0,0.0,0,0,11,True,True,0.012212086056482859,0.03163379967740091
train__c11__user17__7-2-1,11,Peel_fruits,user17,7-2-1,validation,True,True,41,41,0,41,0,0,0,0,0,0,0,0,0,0,0,0.0,0,0,41,True,True,0.009741255731257514,0.02625306253064507
train__c11__user17__7-2-2,11,Peel_fruits,user17,7-2-2,validation,True,True,35,35,0,35,0,0,0,0,0,0,0,0,0,0,0,0.0,0,0,35,True,True,0.010077141858194635,0.025554906728752543
train__c11__user17__7-2-3,11,Peel_fruits,user17,7-2-3,validation,True,True,26,26,0,26,0,0,0,0,0,0,0,0,0,0,0,0.0,0,0,26,True,True,0.013326391838320763,0.03473218220300602
train__c11__user18__4-2-1,11,Peel_fruits,user18,4-2-1,train,True,True,25,25,0,25,0,0,0,0,0,0,0,0,0,0,0,0.0,0,0,25,True,True,0.008132297049933276,0.020868557314303312
train__c11__user18__4-2-2,11,Peel_fruits,user18,4-2-2,train,True,True,12,12,0,12,0,0,0,0,0,0,0,0,0,0,0,0.0,0,0,12,True,True,0.013541255547575841,0.04349839051949661
train__c11__user18__4-2-3,11,Peel_fruits,user18,4-2-3,train,True,True,16,16,0,16,0,0,0,0,0,0,0,0,0,0,0,0.0,0,0,16,True,True,0.01090500852948016,0.03371290043237215
train__c11__user18__6-2-1,11,Peel_fruits,user18,6-2-1,train,True,True,92,92,0,92,0,0,0,0,0,0,0,0,0,0,0,0.0,0,0,92,True,True,0.04875050391604931,0.17970764799649666
train__c11__user18__6-2-2,11,Peel_fruits,user18,6-2-2,train,True,True,21,21,0,21,0,0,0,0,0,0,0,0,0,0,0,0.0,0,0,21,True,True,0.06590934340479923,0.2431771283003481
train__c11__user18__6-2-3,11,Peel_fruits,user18,6-2-3,train,True,True,23,23,0,23,0,0,0,0,0,0,0,0,0,0,0,0.0,0,0,23,True,True,0.02202535163075737,0.05906947023822509
train__c11__user18__7-2-1,11,Peel_fruits,user18,7-2-1,train,True,True,25,25,0,25,0,0,0,0,0,0,0,0,0,0,0,0.0,0,0,25,True,True,0.007044702982631042,0.02123525259376786
train__c11__user18__7-2-2,11,Peel_fruits,user18,7-2-2,train,True,True,20,20,0,20,0,0,0,0,0,0,0,0,0,0,0,0.0,0,0,20,True,True,0.013556128234438403,0.03777773376226021
train__c11__user18__7-2-3,11,Peel_fruits,user18,7-2-3,train,True,True,19,19,0,19,0,0,0,0,0,0,0,0,0,0,0,0.0,0,0,19,True,True,0.01698598321958895,0.050707839603669355
train__c11__user19__2-3-1,11,Peel_fruits,user19,2-3-1,train,True,True,53,53,0,53,0,0,0,0,0,0,0,0,0,0,0,0.0,0,0,53,True,True,0.005068229626079514,0.013490052689166697
train__c11__user19__2-3-2,11,Peel_fruits,user19,2-3-2,train,True,True,44,44,0,44,0,0,0,0,0,0,0,0,0,0,0,0.0,0,0,44,True,True,0.007514300970589085,0.018915984602820554
train__c11__user19__2-3-3,11,Peel_fruits,user19,2-3-3,train,True,True,31,31,0,31,0,0,0,0,0,0,0,0,0,0,0,0.0,0,0,31,True,True,0.011329218354561143,0.030738100689359945
train__c11__user21__5-2-1,11,Peel_fruits,user21,5-2-1,train,True,True,51,51,0,51,0,0,0,0,0,0,0,0,0,0,0,0.0,0,0,51,True,True,0.009342076816055448,0.025177014506936306
train__c11__user21__5-2-2,11,Peel_fruits,user21,5-2-2,train,True,True,64,64,0,64,0,0,0,0,0,0,0,0,0,0,0,0.0,0,0,64,True,True,0.014282982280678164,0.03778499275019616
train__c11__user21__5-2-3,11,Peel_fruits,user21,5-2-3,train,True,True,33,33,0,33,0,0,0,0,0,0,0,0,0,0,0,0.0,0,0,33,True,True,0.01019874974634362,0.030550917341997302
train__c11__user22__3-3-1,11,Peel_fruits,user22,3-3-1,train,True,True,13,13,0,13,0,0,0,0,0,0,0,0,0,0,0,0.0,0,0,13,True,True,0.008256877031857459,0.026214756275459324
train__c11__user22__3-3-2,11,Peel_fruits,user22,3-3-2,train,True,True,6,6,0,6,0,0,0,0,0,0,0,0,0,0,0,0.0,0,0,6,True,True,0.009310001035974612,0.023399583670565556
train__c11__user22__3-3-3,11,Peel_fruits,user22,3-3-3,train,True,True,7,7,0,7,0,0,0,0,0,0,0,0,0,0,0,0.0,0,0,7,True,True,0.016678323063459642,0.03386907186006958
train__c11__user22__4-3-1,11,Peel_fruits,user22,4-3-1,train,True,True,29,29,0,29,0,0,0,0,0,0,0,0,0,0,0,0.0,0,0,29,True,True,0.013511281789105706,0.04405909293019993
train__c11__user22__4-3-2,11,Peel_fruits,user22,4-3-2,train,True,True,21,21,0,21,0,0,0,0,0,0,0,0,0,0,0,0.0,0,0,21,True,True,0.024597155795455253,0.09041970870583285
train__c11__user22__4-3-3,11,Peel_fruits,user22,4-3-3,train,True,True,22,22,0,22,0,0,0,0,0,0,0,0,0,0,0,0.0,0,0,22,True,True,0.030801083390725292,0.07541677522073381
train__c11__user22__5-2-1,11,Peel_fruits,user22,5-2-1,train,True,True,45,45,0,45,0,0,0,0,0,0,0,0,0,0,0,0.0,0,0,45,True,True,0.009239511904158726,0.022274355458108082
train__c11__user22__5-2-2,11,Peel_fruits,user22,5-2-2,train,True,True,32,32,0,32,0,0,0,0,0,0,0,0,0,0,0,0.0,0,0,32,True,True,0.03124240520585201,0.0915923028361586
train__c11__user22__5-2-3,11,Peel_fruits,user22,5-2-3,train,True,True,33,33,0,33,0,0,0,0,0,0,0,0,0,0,0,0.0,0,0,33,True,True,0.02370132318091673,0.057655920997061016
train__c11__user24__4-2-1,11,Peel_fruits,user24,4-2-1,validation,True,True,81,81,0,81,0,0,0,0,0,0,0,0,0,0,0,0.0,0,0,81,True,True,0.0069819883959471914,0.01922571046237463
train__c11__user24__4-2-2,11,Peel_fruits,user24,4-2-2,validation,True,True,52,52,0,52,0,0,0,0,0,0,0,0,0,0,0,0.0,0,0,52,True,True,0.0078637740348074,0.02190328294863643
train__c11__user24__4-2-3,11,Peel_fruits,user24,4-2-3,validation,True,True,26,26,0,26,0,0,0,0,0,0,0,0,0,0,0,0.0,0,0,26,True,True,0.011294479742321896,0.03816564909566185
train__c12__user1__6-2-1,12,Sweep_the_floor,user1,6-2-1,train,True,True,106,106,0,106,0,0,0,0,0,0,0,0,0,0,0,0.0,0,0,106,True,True,0.0206278843777515,0.056621079979975564
train__c12__user1__6-2-2,12,Sweep_the_floor,user1,6-2-2,train,True,True,94,94,0,94,0,0,0,0,0,0,0,0,0,0,0,0.0,0,0,94,True,True,0.024005320670358734,0.0727844808081983
train__c12__user1__6-2-3,12,Sweep_the_floor,user1,6-2-3,train,True,True,67,67,0,67,0,0,0,0,0,0,0,0,0,0,0,0.0,0,0,67,True,True,0.03821305855280909,0.1095652763650202
train__c12__user2__3-1-1,12,Sweep_the_floor,user2,3-1-1,train,True,True,56,56,0,56,0,0,0,0,0,0,0,0,0,0,0,0.0,0,0,56,True,True,0.02093622258747018,0.05648739162945085
train__c12__user2__3-1-2,12,Sweep_the_floor,user2,3-1-2,train,True,True,90,90,0,90,0,0,0,0,0,2,0,2,2,1,2,0.022222222222222223,0,0,90,True,True,0.029453166137670718,0.08953820622409485
train__c12__user2__3-1-3,12,Sweep_the_floor,user2,3-1-3,train,True,True,54,54,0,54,0,0,0,0,0,1,0,1,1,1,1,0.018518518518518517,0,0,54,True,True,0.035159068378948374,0.10081710029379835
train__c12__user3__6-2-1,12,Sweep_the_floor,user3,6-2-1,train,True,True,59,59,0,59,0,0,0,0,0,0,0,0,0,0,0,0.0,0,0,59,True,True,0.01807336497698002,0.05311978253008556
train__c12__user3__6-2-2,12,Sweep_the_floor,user3,6-2-2,train,True,True,67,67,0,67,0,0,0,0,0,0,0,0,0,0,0,0.0,0,0,67,True,True,0.01741673825918261,0.04940352246609627
train__c12__user3__6-2-3,12,Sweep_the_floor,user3,6-2-3,train,True,True,40,40,0,40,0,0,0,0,0,9,0,9,4,6,3,0.225,0,0,40,True,True,0.03809947548052481,0.09254173152637081
train__c12__user4__2-2-1,12,Sweep_the_floor,user4,2-2-1,validation,True,True,93,93,0,93,0,0,0,0,0,0,0,0,0,0,0,0.0,0,0,93,True,True,0.011714151435474083,0.029470512724342347
train__c12__user4__2-2-2,12,Sweep_the_floor,user4,2-2-2,validation,True,True,70,70,0,70,0,0,0,0,0,0,0,0,0,0,0,0.0,0,0,70,True,True,0.02030162656342216,0.05553355065786147
train__c12__user4__2-2-3,12,Sweep_the_floor,user4,2-2-3,validation,True,True,57,57,0,57,0,0,0,0,0,0,0,0,0,0,0,0.0,0,0,57,True,True,0.036866892345102556,0.10181452078073605
train__c12__user5__3-1-1,12,Sweep_the_floor,user5,3-1-1,train,True,True,161,161,0,161,0,0,0,0,0,0,0,0,0,0,0,0.0,0,0,161,True,True,0.02827342491843115,0.09308860866028852
train__c12__user5__3-1-2,12,Sweep_the_floor,user5,3-1-2,train,True,True,179,179,0,179,0,0,0,0,0,1,0,1,1,1,1,0.00558659217877095,0,0,179,True,True,0.027058008390290197,0.08468240056438617
train__c12__user5__3-1-3,12,Sweep_the_floor,user5,3-1-3,train,True,True,99,99,0,99,0,0,0,0,0,2,0,2,2,1,2,0.020202020202020204,0,0,99,True,True,0.04070086129530256,0.1294566082701574
train__c12__user6__3-1-1,12,Sweep_the_floor,user6,3-1-1,train,True,True,236,236,0,236,0,0,0,0,0,0,0,0,0,0,0,0.0,0,0,236,True,True,0.016755366800705867,0.04585515840932133
train__c12__user6__3-1-2,12,Sweep_the_floor,user6,3-1-2,train,True,True,101,101,0,101,0,0,0,0,0,0,0,0,0,0,0,0.0,0,0,101,True,True,0.028324190295011775,0.07851140528170146
train__c12__user6__3-1-3,12,Sweep_the_floor,user6,3-1-3,train,True,True,50,50,0,50,0,0,0,0,0,0,0,0,0,0,0,0.0,0,0,50,True,True,0.05348788821300826,0.15394388582681154
train__c12__user6__6-2-1,12,Sweep_the_floor,user6,6-2-1,train,True,True,54,54,0,54,0,0,0,0,0,0,0,0,0,0,0,0.0,0,0,54,True,True,0.05629958454615584,0.19812368533162278
train__c12__user6__6-2-2,12,Sweep_the_floor,user6,6-2-2,train,True,True,15,15,0,15,0,0,0,0,0,0,0,0,0,0,0,0.0,0,0,15,True,True,0.11400150452906445,0.2696318705792624
train__c12__user6__6-2-3,12,Sweep_the_floor,user6,6-2-3,train,True,True,39,39,0,39,0,0,0,0,0,0,0,0,0,0,0,0.0,0,0,39,True,True,0.08632565247150283,0.26216211360443475
train__c12__user7__3-1-1,12,Sweep_the_floor,user7,3-1-1,train,True,True,70,70,0,70,0,0,0,0,0,0,0,0,0,0,0,0.0,0,0,70,True,True,0.018790148257513614,0.06749603338926152
train__c12__user7__3-1-2,12,Sweep_the_floor,user7,3-1-2,train,True,True,42,42,0,42,0,0,0,0,0,0,0,0,0,0,0,0.0,0,0,42,True,True,0.022277568496325603,0.07460855741474397
train__c12__user7__3-1-3,12,Sweep_the_floor,user7,3-1-3,train,True,True,32,32,0,32,0,0,0,0,0,0,0,0,0,0,0,0.0,0,0,32,True,True,0.02794437913535899,0.09177287975469964
train__c12__user8__3-1-1,12,Sweep_the_floor,user8,3-1-1,train,True,True,74,74,0,74,0,0,0,0,0,0,0,0,0,0,0,0.0,0,0,74,True,True,0.01578614453807613,0.04454618918253208
train__c12__user8__3-1-2,12,Sweep_the_floor,user8,3-1-2,train,True,True,37,37,0,37,0,0,0,0,0,0,0,0,0,0,0,0.0,0,0,37,True,True,0.04313901930265244,0.13910331038929796
train__c12__user8__3-1-3,12,Sweep_the_floor,user8,3-1-3,train,True,True,47,47,0,47,0,0,0,0,0,0,0,0,0,0,0,0.0,0,0,47,True,True,0.026813806541062014,0.07059889611994562
train__c12__user9__3-3-1,12,Sweep_the_floor,user9,3-3-1,train,True,True,43,43,0,43,0,0,0,0,0,0,0,0,0,0,0,0.0,0,0,43,True,True,0.014879064635231462,0.03964206832394812
train__c12__user9__3-3-2,12,Sweep_the_floor,user9,3-3-2,train,True,True,49,49,0,49,0,0,0,0,0,0,0,0,0,0,0,0.0,0,0,49,True,True,0.016123386109676514,0.040078069833138434
train__c12__user9__3-3-3,12,Sweep_the_floor,user9,3-3-3,train,True,True,41,41,0,41,0,0,0,0,0,0,0,0,0,0,0,0.0,0,0,41,True,True,0.01979500132734356,0.051923451866934076
train__c12__user9__7-2-1,12,Sweep_the_floor,user9,7-2-1,train,True,True,28,28,0,28,0,0,0,0,0,0,0,0,0,0,0,0.0,0,0,28,True,True,0.04412639759210339,0.11149289714993559
train__c12__user9__7-2-2,12,Sweep_the_floor,user9,7-2-2,train,True,True,13,13,0,13,0,0,0,0,0,0,0,0,0,0,0,0.0,0,0,13,True,True,0.05554574815925646,0.12949786690765536
train__c12__user9__7-2-3,12,Sweep_the_floor,user9,7-2-3,train,True,True,18,18,0,18,0,0,0,0,0,0,0,0,0,0,0,0.0,0,0,18,True,True,0.045354869858820264,0.12538391111844993
train__c12__user16__3-1-1,12,Sweep_the_floor,user16,3-1-1,train,True,True,102,102,0,102,0,0,0,0,0,0,0,0,0,0,0,0.0,0,0,102,True,True,0.009960566337198495,0.02466920646299435
train__c12__user16__3-1-2,12,Sweep_the_floor,user16,3-1-2,train,True,True,114,114,0,114,0,0,0,0,0,0,0,0,0,0,0,0.0,0,0,114,True,True,0.010754341414638059,0.033754091553310016
train__c12__user16__3-1-3,12,Sweep_the_floor,user16,3-1-3,train,True,True,66,66,0,66,0,0,0,0,0,5,0,5,5,1,5,0.07575757575757576,0,0,66,True,True,0.0201176172430911,0.06876573625755614
train__c12__user16__6-2-1,12,Sweep_the_floor,user16,6-2-1,train,True,True,67,67,0,67,0,0,0,0,0,0,0,0,0,0,0,0.0,0,0,67,True,True,0.017091575627068884,0.04885054333104514
train__c12__user16__6-2-2,12,Sweep_the_floor,user16,6-2-2,train,True,True,45,45,0,45,0,0,0,0,0,0,0,0,0,0,0,0.0,0,0,45,True,True,0.024825544062805918,0.07923567684313448
train__c12__user16__6-2-3,12,Sweep_the_floor,user16,6-2-3,train,True,True,45,45,0,45,0,0,0,0,0,0,0,0,0,0,0,0.0,0,0,45,True,True,0.017144716692313555,0.04461181312242118
train__c12__user17__3-1-1,12,Sweep_the_floor,user17,3-1-1,validation,True,True,94,94,0,94,0,0,0,0,0,2,0,2,2,1,2,0.02127659574468085,0,0,94,True,True,0.014227988036435027,0.04046110129167143
train__c12__user17__3-1-2,12,Sweep_the_floor,user17,3-1-2,validation,True,True,89,89,0,89,0,0,0,0,0,0,0,0,0,0,0,0.0,0,0,89,True,True,0.0162613906754738,0.04166711498529035
train__c12__user17__3-1-3,12,Sweep_the_floor,user17,3-1-3,validation,True,True,39,39,0,39,0,0,0,0,0,0,0,0,0,0,0,0.0,0,0,39,True,True,0.020777675878537537,0.06293125935206365
train__c12__user18__3-1-1,12,Sweep_the_floor,user18,3-1-1,train,True,True,46,46,0,46,0,0,0,0,0,0,0,0,0,0,0,0.0,0,0,46,True,True,0.021903101339738922,0.05091639220605497
train__c12__user18__3-1-2,12,Sweep_the_floor,user18,3-1-2,train,True,True,15,15,0,15,0,0,0,0,0,0,0,0,0,0,0,0.0,0,0,15,True,True,0.038251294154836975,0.08502967928680426
train__c12__user18__3-1-3,12,Sweep_the_floor,user18,3-1-3,train,True,True,29,29,0,29,0,0,0,0,0,1,0,1,1,1,1,0.034482758620689655,0,0,29,True,True,0.026930821186621327,0.060150488693216694
train__c12__user19__3-3-1,12,Sweep_the_floor,user19,3-3-1,train,True,True,33,33,0,33,0,0,0,0,0,0,0,0,0,0,0,0.0,0,0,33,True,True,0.027128032065051846,0.07376824902790198
train__c12__user19__3-3-2,12,Sweep_the_floor,user19,3-3-2,train,True,True,30,30,0,30,0,0,0,0,0,0,0,0,0,0,0,0.0,0,0,30,True,True,0.038802210605369356,0.14126629329500623
train__c12__user19__3-3-3,12,Sweep_the_floor,user19,3-3-3,train,True,True,16,16,0,16,0,0,0,0,0,0,0,0,0,0,0,0.0,0,0,16,True,True,0.06236266876629885,0.16954703026959625
train__c12__user19__7-2-1,12,Sweep_the_floor,user19,7-2-1,train,True,True,51,51,0,51,0,0,0,0,0,0,0,0,0,0,0,0.0,0,0,51,True,True,0.020366813884262706,0.06141396228508795
train__c12__user19__7-2-2,12,Sweep_the_floor,user19,7-2-2,train,True,True,32,32,0,32,0,0,0,0,0,0,0,0,0,0,0,0.0,0,0,32,True,True,0.025883020800649543,0.08352442288513398
train__c12__user19__7-2-3,12,Sweep_the_floor,user19,7-2-3,train,True,True,24,24,0,24,0,0,0,0,0,0,0,0,0,0,0,0.0,0,0,24,True,True,0.016927764756857963,0.05881836136268645
train__c12__user20__2-1-1,12,Sweep_the_floor,user20,2-1-1,train,True,True,100,100,0,100,0,0,0,0,0,0,0,0,0,0,0,0.0,0,0,100,True,True,0.01966801014897956,0.05810897022445717
train__c12__user20__2-1-2,12,Sweep_the_floor,user20,2-1-2,train,True,True,60,60,0,60,0,0,0,0,0,0,0,0,0,0,0,0.0,0,0,60,True,True,0.024579342839827233,0.06718113904308533
train__c12__user20__2-1-3,12,Sweep_the_floor,user20,2-1-3,train,True,True,32,32,0,32,0,0,0,0,0,0,0,0,0,0,0,0.0,0,0,32,True,True,0.035658327945125586,0.101370380524465
train__c12__user20__3-2-1,12,Sweep_the_floor,user20,3-2-1,train,True,True,47,47,0,47,0,0,0,0,0,0,0,0,0,0,0,0.0,0,0,47,True,True,0.022580821299618286,0.06645980912563099
train__c12__user20__3-2-2,12,Sweep_the_floor,user20,3-2-2,train,True,True,37,37,0,37,0,0,0,0,0,4,0,4,3,2,2,0.10810810810810811,0,0,37,True,True,0.026534131393044023,0.07441522322075769
train__c12__user20__3-2-3,12,Sweep_the_floor,user20,3-2-3,train,True,True,25,25,0,25,0,0,0,0,0,0,0,0,0,0,0,0.0,0,0,25,True,True,0.05247802306686898,0.15456940294288865
train__c12__user21__2-1-1,12,Sweep_the_floor,user21,2-1-1,train,True,True,108,108,0,108,0,0,0,0,0,0,0,0,0,0,0,0.0,0,0,108,True,True,0.01369013462003073,0.0433714018723402
train__c12__user21__2-1-2,12,Sweep_the_floor,user21,2-1-2,train,True,True,106,106,0,106,0,0,0,0,0,0,0,0,0,0,0,0.0,0,0,106,True,True,0.015103759713844343,0.04047534821655293
train__c12__user21__2-1-3,12,Sweep_the_floor,user21,2-1-3,train,True,True,68,68,0,68,0,0,0,0,0,0,0,0,0,0,0,0.0,0,0,68,True,True,0.022510879860313558,0.062364965956789614
train__c12__user23__3-2-1,12,Sweep_the_floor,user23,3-2-1,validation,True,True,89,89,0,89,0,0,0,0,0,0,0,0,0,0,0,0.0,0,0,89,True,True,0.020250415926253155,0.068493656537291
train__c12__user23__3-2-2,12,Sweep_the_floor,user23,3-2-2,validation,True,True,68,68,0,68,0,0,0,0,0,3,0,3,3,1,3,0.04411764705882353,0,0,68,True,True,0.03658591847578519,0.09436093661922404
train__c12__user23__3-2-3,12,Sweep_the_floor,user23,3-2-3,validation,True,True,76,76,0,76,0,0,0,0,0,0,0,0,0,0,0,0.0,0,0,76,True,True,0.03740482496125106,0.10260013361382195
train__c13__user1__3-2-1,13,Mop_the_floor,user1,3-2-1,train,True,True,105,105,0,105,0,0,0,0,0,1,0,1,1,1,1,0.009523809523809525,0,0,105,True,True,0.03840089021362576,0.1063903298473199
train__c13__user1__3-2-2,13,Mop_the_floor,user1,3-2-2,train,True,True,124,124,0,124,0,0,0,0,0,0,0,0,0,0,0,0.0,0,0,124,True,True,0.042065106655908034,0.12017404253002115
train__c13__user1__3-2-3,13,Mop_the_floor,user1,3-2-3,train,True,True,80,80,0,80,0,0,0,0,0,0,0,0,0,0,0,0.0,0,0,80,True,True,0.052956458214408426,0.163528000544527
train__c13__user2__3-1-1,13,Mop_the_floor,user2,3-1-1,train,True,True,29,29,0,29,0,0,0,0,0,2,0,2,2,1,2,0.06896551724137931,0,0,29,True,True,0.009311032965104113,0.026340705108894295
train__c13__user2__3-1-2,13,Mop_the_floor,user2,3-1-2,train,True,True,16,16,0,16,0,0,0,0,0,0,0,0,0,0,0,0.0,0,0,16,True,True,0.02939184936629615,0.0718918506633092
train__c13__user2__3-1-3,13,Mop_the_floor,user2,3-1-3,train,True,True,20,20,0,20,0,0,0,0,0,0,0,0,0,0,0,0.0,0,0,20,True,True,0.03432001476325399,0.09623267494656255
train__c13__user4__2-2-1,13,Mop_the_floor,user4,2-2-1,validation,True,True,44,44,0,44,0,0,0,0,0,0,0,0,0,0,0,0.0,0,0,44,True,True,0.01938706494304205,0.06312423501569467
train__c13__user4__2-2-2,13,Mop_the_floor,user4,2-2-2,validation,True,True,104,104,0,104,0,0,0,0,0,0,0,0,0,0,0,0.0,0,0,104,True,True,0.0236222749798415,0.07422419570819849
train__c13__user4__2-2-3,13,Mop_the_floor,user4,2-2-3,validation,True,True,20,20,0,20,0,0,0,0,0,0,0,0,0,0,0,0.0,0,0,20,True,True,0.04439093882464707,0.13352197877867514
train__c13__user5__5-1-1,13,Mop_the_floor,user5,5-1-1,train,True,True,65,65,0,65,0,0,0,0,0,0,0,0,0,0,0,0.0,0,0,65,True,True,0.05199689074264393,0.14036284389666193
train__c13__user5__5-1-2,13,Mop_the_floor,user5,5-1-2,train,True,True,71,71,0,71,0,0,0,0,0,0,0,0,0,0,0,0.0,0,0,71,True,True,0.07478712691822532,0.24430023566876538
train__c13__user5__5-1-3,13,Mop_the_floor,user5,5-1-3,train,True,True,36,36,0,36,0,0,0,0,0,0,0,0,0,0,0,0.0,0,0,36,True,True,0.11768686064367204,0.41442775209286015
train__c13__user5__7-2-1,13,Mop_the_floor,user5,7-2-1,train,True,True,70,70,0,70,0,0,0,0,0,0,0,0,0,0,0,0.0,0,0,70,True,True,0.042821162805754834,0.10876248558525567
train__c13__user5__7-2-2,13,Mop_the_floor,user5,7-2-2,train,True,True,51,51,0,51,0,0,0,0,0,0,0,0,0,0,0,0.0,0,0,51,True,True,0.08089606847125452,0.24334953154320396
train__c13__user5__7-2-3,13,Mop_the_floor,user5,7-2-3,train,True,True,35,35,0,35,0,0,0,0,0,0,0,0,0,0,0,0.0,0,0,35,True,True,0.11469998887258288,0.3848016722693025
train__c13__user6__3-1-1,13,Mop_the_floor,user6,3-1-1,train,True,True,111,111,0,111,0,0,0,0,0,0,0,0,0,0,0,0.0,0,0,111,True,True,0.023142773009280967,0.0577330153366595
train__c13__user6__3-1-2,13,Mop_the_floor,user6,3-1-2,train,True,True,63,63,0,63,0,0,0,0,0,0,0,0,0,0,0,0.0,0,0,63,True,True,0.03289315084629036,0.09180873918604798
train__c13__user6__3-1-3,13,Mop_the_floor,user6,3-1-3,train,True,True,31,31,0,31,0,0,0,0,0,0,0,0,0,0,0,0.0,0,0,31,True,True,0.052872824220816045,0.14217555987115987
train__c13__user7__3-1-1,13,Mop_the_floor,user7,3-1-1,train,True,True,54,54,0,54,0,0,0,0,0,0,0,0,0,0,0,0.0,0,0,54,True,True,0.02405715281559337,0.08483832200381508
train__c13__user7__3-1-2,13,Mop_the_floor,user7,3-1-2,train,True,True,53,53,0,53,0,0,0,0,0,0,0,0,0,0,0,0.0,0,0,53,True,True,0.028067746870377497,0.08353388942219511
train__c13__user7__3-1-3,13,Mop_the_floor,user7,3-1-3,train,True,True,28,28,0,28,0,0,0,0,0,2,0,2,2,1,2,0.07142857142857142,0,0,28,True,True,0.05408948278909587,0.18610430231506966
train__c13__user8__3-1-1,13,Mop_the_floor,user8,3-1-1,train,True,True,57,57,0,57,0,0,0,0,0,0,0,0,0,0,0,0.0,0,0,57,True,True,0.03025331232676063,0.07902172047169688
train__c13__user8__3-1-3,13,Mop_the_floor,user8,3-1-3,train,True,True,50,50,0,50,0,0,0,0,0,0,0,0,0,0,0,0.0,0,0,50,True,True,0.04714570448119604,0.13282279640754388
train__c13__user9__3-3-1,13,Mop_the_floor,user9,3-3-1,train,True,True,33,33,0,33,0,0,0,0,0,0,0,0,0,0,0,0.0,0,0,33,True,True,0.019772611229782307,0.05450754548753727
train__c13__user9__3-3-2,13,Mop_the_floor,user9,3-3-2,train,True,True,32,32,0,32,0,0,0,0,0,0,0,0,0,0,0,0.0,0,0,32,True,True,0.02194573727397397,0.06065017944917456
train__c13__user9__3-3-3,13,Mop_the_floor,user9,3-3-3,train,True,True,24,24,0,24,0,0,0,0,0,0,0,0,0,0,0,0.0,0,0,24,True,True,0.03139135180562068,0.0809886871075527
train__c13__user9__7-2-1,13,Mop_the_floor,user9,7-2-1,train,True,True,27,27,0,27,0,0,0,0,0,0,0,0,0,0,0,0.0,0,0,27,True,True,0.0532352891397395,0.14876230933885692
train__c13__user9__7-2-2,13,Mop_the_floor,user9,7-2-2,train,True,True,11,11,0,11,0,0,0,0,0,0,0,0,0,0,0,0.0,0,0,11,True,True,0.056431237537245806,0.16052921200160028
train__c13__user9__7-2-3,13,Mop_the_floor,user9,7-2-3,train,True,True,22,22,0,22,0,0,0,0,0,0,0,0,0,0,0,0.0,0,0,22,True,True,0.05617130928502532,0.14320443597924506
train__c13__user16__3-1-1,13,Mop_the_floor,user16,3-1-1,train,True,True,78,78,0,78,0,0,0,0,0,0,0,0,0,0,0,0.0,0,0,78,True,True,0.012863305150701335,0.03247672192599272
train__c13__user16__3-1-2,13,Mop_the_floor,user16,3-1-2,train,True,True,89,89,0,89,0,0,0,0,0,0,0,0,0,0,0,0.0,0,0,89,True,True,0.01058505770254611,0.027104564427299346
train__c13__user16__3-1-3,13,Mop_the_floor,user16,3-1-3,train,True,True,42,42,0,42,0,0,0,0,0,0,0,0,0,0,0,0.0,0,0,42,True,True,0.036849189012419604,0.1013717160599034
train__c13__user17__3-1-1,13,Mop_the_floor,user17,3-1-1,validation,True,True,63,63,0,63,0,0,0,0,0,0,0,0,0,0,0,0.0,0,0,63,True,True,0.02904349141130717,0.08949320752080155
train__c13__user17__3-1-2,13,Mop_the_floor,user17,3-1-2,validation,True,True,42,42,0,42,0,0,0,0,0,1,0,1,1,1,1,0.023809523809523808,0,0,42,True,True,0.024733040387686644,0.06336004442751436
train__c13__user17__3-1-3,13,Mop_the_floor,user17,3-1-3,validation,True,True,27,27,0,27,0,0,0,0,0,0,0,0,0,0,0,0.0,0,0,27,True,True,0.037882876868437936,0.10278583234417397
train__c13__user18__3-1-1,13,Mop_the_floor,user18,3-1-1,train,True,True,38,38,0,38,0,0,0,0,0,1,0,1,1,1,1,0.02631578947368421,0,0,38,True,True,0.0224949404752663,0.05263064059102788
train__c13__user18__3-1-2,13,Mop_the_floor,user18,3-1-2,train,True,True,30,30,0,30,0,0,0,0,0,0,0,0,0,0,0,0.0,0,0,30,True,True,0.05109713213796371,0.1309986287940395
train__c13__user18__3-1-3,13,Mop_the_floor,user18,3-1-3,train,True,True,33,33,0,33,0,0,0,0,0,0,0,0,0,0,0,0.0,0,0,33,True,True,0.033361722464770475,0.07218646885596369
train__c13__user19__3-3-1,13,Mop_the_floor,user19,3-3-1,train,True,True,35,35,0,35,0,0,0,0,0,0,0,0,0,0,0,0.0,0,0,35,True,True,0.04019496928147724,0.1334990058478495
train__c13__user19__3-3-2,13,Mop_the_floor,user19,3-3-2,train,True,True,45,45,0,45,0,0,0,0,0,0,0,0,0,0,0,0.0,0,0,45,True,True,0.04218713295832897,0.1352807654654479
train__c13__user19__3-3-3,13,Mop_the_floor,user19,3-3-3,train,True,True,19,19,0,19,0,0,0,0,0,0,0,0,0,0,0,0.0,0,0,19,True,True,0.06907778933370988,0.2442270251392998
train__c13__user19__7-2-1,13,Mop_the_floor,user19,7-2-1,train,True,True,69,69,0,69,0,0,0,0,0,1,0,1,1,1,1,0.014492753623188406,0,0,69,True,True,0.031512914330014026,0.08777331251481876
train__c13__user19__7-2-2,13,Mop_the_floor,user19,7-2-2,train,True,True,26,26,0,26,0,0,0,0,0,0,0,0,0,0,0,0.0,0,0,26,True,True,0.03137030328735258,0.08700095775797637
train__c13__user19__7-2-3,13,Mop_the_floor,user19,7-2-3,train,True,True,24,24,0,24,0,0,0,0,0,0,0,0,0,0,0,0.0,0,0,24,True,True,0.028780616173816005,0.07347968566567845
train__c13__user20__2-1-1,13,Mop_the_floor,user20,2-1-1,train,True,True,75,75,0,75,0,0,0,0,0,0,0,0,0,0,0,0.0,0,0,75,True,True,0.014949744667420092,0.040774622907849514
train__c13__user20__2-1-2,13,Mop_the_floor,user20,2-1-2,train,True,True,35,35,0,35,0,0,0,0,0,0,0,0,0,0,0,0.0,0,0,35,True,True,0.014825235234102507,0.04591709940399606
train__c13__user20__2-1-3,13,Mop_the_floor,user20,2-1-3,train,True,True,13,13,0,13,0,0,0,0,0,0,0,0,0,0,0,0.0,0,0,13,True,True,0.03546777756564842,0.09228548143942317
train__c13__user20__3-2-1,13,Mop_the_floor,user20,3-2-1,train,True,True,50,50,0,50,0,0,0,0,0,0,0,0,0,0,0,0.0,0,0,50,True,True,0.022769614501866795,0.05883827134659591
train__c13__user20__3-2-2,13,Mop_the_floor,user20,3-2-2,train,True,True,33,33,0,33,0,0,0,0,0,12,0,12,1,12,0,0.36363636363636365,0,0,33,True,True,0.024692002271071146,0.08031987181636878
train__c13__user20__3-2-3,13,Mop_the_floor,user20,3-2-3,train,True,True,20,20,0,20,0,0,0,0,0,0,0,0,0,0,0,0.0,0,0,20,True,True,0.038123082527700386,0.11254133338508934
train__c13__user20__6-3-1,13,Mop_the_floor,user20,6-3-1,train,True,True,48,48,0,48,0,0,0,0,0,0,0,0,0,0,0,0.0,0,0,48,True,True,0.02048384019333372,0.05437801294173798
train__c13__user20__6-3-2,13,Mop_the_floor,user20,6-3-2,train,True,True,23,23,0,23,0,0,0,0,0,0,0,0,0,0,0,0.0,0,0,23,True,True,0.0548368796517907,0.1301726716477402
train__c13__user20__6-3-3,13,Mop_the_floor,user20,6-3-3,train,True,True,45,45,0,45,0,0,0,0,0,0,0,0,0,0,0,0.0,0,0,45,True,True,0.020167590340332137,0.05415826701000725
train__c13__user21__2-1-1,13,Mop_the_floor,user21,2-1-1,train,True,True,41,41,0,41,0,0,0,0,0,0,0,0,0,0,0,0.0,0,0,41,True,True,0.009935480817952813,0.023597659163819187
train__c13__user21__2-1-2,13,Mop_the_floor,user21,2-1-2,train,True,True,49,49,0,49,0,0,0,0,0,0,0,0,0,0,0,0.0,0,0,49,True,True,0.012312114436583473,0.041102183738413546
train__c13__user21__2-1-3,13,Mop_the_floor,user21,2-1-3,train,True,True,24,24,0,24,0,0,0,0,0,0,0,0,0,0,0,0.0,0,0,24,True,True,0.024897158772700566,0.06792492985736118
train__c14__user1__1-2-1,14,Wipe_bowls,user1,1-2-1,train,True,True,32,32,0,32,0,0,0,0,0,0,0,0,0,0,0,0.0,0,0,32,True,True,0.013387036953622183,0.04330974812842723
train__c14__user1__1-2-2,14,Wipe_bowls,user1,1-2-2,train,True,True,19,19,0,19,0,0,0,0,0,0,0,0,0,0,0,0.0,0,0,19,True,True,0.009839623876337336,0.02819467934985167
train__c14__user1__4-1-1,14,Wipe_bowls,user1,4-1-1,train,True,True,30,30,0,30,0,0,0,0,0,0,0,0,0,0,0,0.0,0,0,30,True,True,0.02791242617713039,0.078536442799072
train__c14__user1__4-1-2,14,Wipe_bowls,user1,4-1-2,train,True,True,32,32,0,32,0,0,0,0,0,0,0,0,0,0,0,0.0,0,0,32,True,True,0.027659033916788266,0.0780207156320781
train__c14__user1__4-1-3,14,Wipe_bowls,user1,4-1-3,train,True,True,23,23,0,23,0,0,0,0,0,0,0,0,0,0,0,0.0,0,0,23,True,True,0.023540290056217304,0.07112068384490687
train__c14__user3__3-1-1,14,Wipe_bowls,user3,3-1-1,train,True,True,63,63,0,63,0,0,0,0,0,0,0,0,0,0,0,0.0,0,0,63,True,True,0.017050366166216878,0.04829114930056092
train__c14__user3__3-1-2,14,Wipe_bowls,user3,3-1-2,train,True,True,55,55,0,55,0,0,0,0,0,0,0,0,0,0,0,0.0,0,0,55,True,True,0.0252268512068903,0.08135578280819751
train__c14__user3__3-1-3,14,Wipe_bowls,user3,3-1-3,train,True,True,66,66,0,66,0,0,0,0,0,0,0,0,0,0,0,0.0,0,0,66,True,True,0.04151420548825843,0.12370159707952298
train__c14__user4__4-2-1,14,Wipe_bowls,user4,4-2-1,validation,True,True,50,50,0,50,0,0,0,0,0,0,0,0,0,0,0,0.0,0,0,50,True,True,0.010787500061920021,0.028186086509594133
train__c14__user4__4-2-2,14,Wipe_bowls,user4,4-2-2,validation,True,True,68,68,0,68,0,0,0,0,0,0,0,0,0,0,0,0.0,0,0,68,True,True,0.01446415812147757,0.04030712120378914
train__c14__user4__4-2-3,14,Wipe_bowls,user4,4-2-3,validation,True,True,31,31,0,31,0,0,0,0,0,0,0,0,0,0,0,0.0,0,0,31,True,True,0.025435204653306114,0.06389836255119757
train__c14__user6__3-2-1,14,Wipe_bowls,user6,3-2-1,train,True,True,66,66,0,66,0,0,0,0,0,0,0,0,0,0,0,0.0,0,0,66,True,True,0.017077392287981625,0.05108658430570549
train__c14__user6__3-2-2,14,Wipe_bowls,user6,3-2-2,train,True,True,65,65,0,65,0,0,0,0,0,0,0,0,0,0,0,0.0,0,0,65,True,True,0.017903200941886348,0.05002558237715955
train__c14__user6__3-2-3,14,Wipe_bowls,user6,3-2-3,train,True,True,47,47,0,47,0,0,0,0,0,0,0,0,0,0,0,0.0,0,0,47,True,True,0.02696874000703648,0.07524780585873944
train__c14__user7__3-2-1,14,Wipe_bowls,user7,3-2-1,train,True,True,69,69,0,69,0,0,0,0,0,0,0,0,0,0,0,0.0,0,0,69,True,True,0.032588945933390734,0.10280784483912242
train__c14__user7__3-2-2,14,Wipe_bowls,user7,3-2-2,train,True,True,50,50,0,50,0,0,0,0,0,0,0,0,0,0,0,0.0,0,0,50,True,True,0.03730588120692988,0.10816841560950312
train__c14__user7__3-2-3,14,Wipe_bowls,user7,3-2-3,train,True,True,26,26,0,26,0,0,0,0,0,0,0,0,0,0,0,0.0,0,0,26,True,True,0.05531819571330422,0.169891921662287
train__c14__user8__3-2-1,14,Wipe_bowls,user8,3-2-1,train,True,True,57,57,0,57,0,0,0,0,0,0,0,0,0,0,0,0.0,0,0,57,True,True,0.0414285084691934,0.1678332047656179
train__c14__user8__3-2-2,14,Wipe_bowls,user8,3-2-2,train,True,True,64,64,0,64,0,0,0,0,0,0,0,0,0,0,0,0.0,0,0,64,True,True,0.06024502740723761,0.19641189901862932
train__c14__user8__3-2-3,14,Wipe_bowls,user8,3-2-3,train,True,True,53,53,0,53,0,0,0,0,0,0,0,0,0,0,0,0.0,0,0,53,True,True,0.04978948574474328,0.1523787452698239
train__c14__user16__3-2-1,14,Wipe_bowls,user16,3-2-1,train,True,True,32,32,0,32,0,0,0,0,0,0,0,0,0,0,0,0.0,0,0,32,True,True,0.006122897983533758,0.0163274224750659
train__c14__user16__3-2-2,14,Wipe_bowls,user16,3-2-2,train,True,True,39,39,0,39,0,0,0,0,0,0,0,0,0,0,0,0.0,0,0,39,True,True,0.011252544605427949,0.031984107045262486
train__c14__user16__3-2-3,14,Wipe_bowls,user16,3-2-3,train,True,True,26,26,0,26,0,0,0,0,0,0,0,0,0,0,0,0.0,0,0,26,True,True,0.014834578592718736,0.03781608813390705
train__c14__user17__3-2-1,14,Wipe_bowls,user17,3-2-1,validation,True,True,46,46,0,46,0,0,0,0,0,0,0,0,0,0,0,0.0,0,0,46,True,True,0.014641855665853942,0.050210754185572935
train__c14__user17__3-2-2,14,Wipe_bowls,user17,3-2-2,validation,True,True,29,29,0,29,0,0,0,0,0,0,0,0,0,0,0,0.0,0,0,29,True,True,0.022997291740253632,0.05481601670772232
train__c14__user17__3-2-3,14,Wipe_bowls,user17,3-2-3,validation,True,True,37,37,0,37,0,0,0,0,0,0,0,0,0,0,0,0.0,0,0,37,True,True,0.019134495123237238,0.06272742612392236
train__c14__user18__3-2-1,14,Wipe_bowls,user18,3-2-1,train,True,True,27,27,0,27,0,0,0,0,0,0,0,0,0,0,0,0.0,0,0,27,True,True,0.00747486955616417,0.01644117790645437
train__c14__user18__3-2-2,14,Wipe_bowls,user18,3-2-2,train,True,True,25,25,0,25,0,0,0,0,0,0,0,0,0,0,0,0.0,0,0,25,True,True,0.010059927215425729,0.026214193160445043
train__c14__user18__3-2-3,14,Wipe_bowls,user18,3-2-3,train,True,True,28,28,0,28,0,0,0,0,0,0,0,0,0,0,0,0.0,0,0,28,True,True,0.008122096586207455,0.022451089295426822
train__c14__user20__3-1-1,14,Wipe_bowls,user20,3-1-1,train,True,True,48,48,0,48,0,0,0,0,0,0,0,0,0,0,0,0.0,0,0,48,True,True,0.014932259963116881,0.04344898459523934
train__c14__user20__3-1-2,14,Wipe_bowls,user20,3-1-2,train,True,True,38,38,0,38,0,0,0,0,0,0,0,0,0,0,0,0.0,0,0,38,True,True,0.018861172563683068,0.05950775274672835
train__c14__user20__3-1-3,14,Wipe_bowls,user20,3-1-3,train,True,True,33,33,0,33,0,0,0,0,0,0,0,0,0,0,0,0.0,0,0,33,True,True,0.030808842043856758,0.07982377662261035
train__c14__user22__2-1-1,14,Wipe_bowls,user22,2-1-1,train,True,True,31,31,0,31,0,0,0,0,0,0,0,0,0,0,0,0.0,0,0,31,True,True,0.010678603231498811,0.028462957660662702
train__c14__user22__2-1-2,14,Wipe_bowls,user22,2-1-2,train,True,True,23,23,0,23,0,0,0,0,0,0,0,0,0,0,0,0.0,0,0,23,True,True,0.007370001879970065,0.018241643074691588
train__c14__user22__2-1-3,14,Wipe_bowls,user22,2-1-3,train,True,True,13,13,0,13,0,0,0,0,0,0,0,0,0,0,0,0.0,0,0,13,True,True,0.009630482713084771,0.030202977607595646
train__c15__user5__5-1-1,15,Wipe_windows_and_tables,user5,5-1-1,train,True,True,42,42,0,42,0,0,0,0,0,0,0,0,0,0,0,0.0,0,0,42,True,True,0.039574341593736906,0.11915041884944035
train__c15__user5__5-1-2,15,Wipe_windows_and_tables,user5,5-1-2,train,True,True,70,70,0,70,0,0,0,0,0,0,0,0,0,0,0,0.0,0,0,70,True,True,0.05253922768247567,0.14566332891847852
train__c15__user5__5-1-3,15,Wipe_windows_and_tables,user5,5-1-3,train,True,True,34,34,0,34,0,0,0,0,0,0,0,0,0,0,0,0.0,0,0,34,True,True,0.07370012983479445,0.347356180366798
train__c15__user6__3-2-3,15,Wipe_windows_and_tables,user6,3-2-3,train,False,False,0,0,0,0,0,0,0,0,0,0,0,0,0,0,0,0.0,0,0,0,True,True,,
train__c15__user6__3-3-1,15,Wipe_windows_and_tables,user6,3-3-1,train,True,True,73,73,0,73,0,0,0,0,0,0,0,0,0,0,0,0.0,0,0,73,True,True,0.02977031248482817,0.08702075124500933
train__c15__user6__3-3-2,15,Wipe_windows_and_tables,user6,3-3-2,train,False,False,0,0,0,0,0,0,0,0,0,0,0,0,0,0,0,0.0,0,0,0,True,True,,
train__c15__user6__3-3-3,15,Wipe_windows_and_tables,user6,3-3-3,train,True,True,42,42,0,42,0,0,0,0,0,0,0,0,0,0,0,0.0,0,0,42,True,True,0.09701908477841854,0.30094570894481454
train__c15__user6__6-2-1,15,Wipe_windows_and_tables,user6,6-2-1,train,True,True,41,41,0,41,0,0,0,0,0,0,0,0,0,0,0,0.0,0,0,41,True,True,0.03389777334254261,0.071329721990779
train__c15__user6__6-2-2,15,Wipe_windows_and_tables,user6,6-2-2,train,True,True,17,17,0,17,0,0,0,0,0,0,0,0,0,0,0,0.0,0,0,17,True,True,0.06513200693177688,0.17566039239118075
train__c15__user6__6-2-3,15,Wipe_windows_and_tables,user6,6-2-3,train,True,True,32,32,0,32,0,0,0,0,0,5,0,5,3,2,1,0.15625,0,0,32,True,True,0.05680680381876165,0.13987029879750282
train__c15__user7__2-2-1,15,Wipe_windows_and_tables,user7,2-2-1,train,True,True,24,24,0,24,0,0,0,0,0,0,0,0,0,0,0,0.0,0,0,24,True,True,0.022671750359612223,0.05697443369509819
train__c15__user7__2-2-2,15,Wipe_windows_and_tables,user7,2-2-2,train,True,True,30,30,0,30,0,0,0,0,0,0,0,0,0,0,0,0.0,0,0,30,True,True,0.019518715327963596,0.05400253598771846
train__c15__user7__2-2-3,15,Wipe_windows_and_tables,user7,2-2-3,train,True,True,16,16,0,16,0,0,0,0,0,0,0,0,0,0,0,0.0,0,0,16,True,True,0.03086293262891836,0.07317388111734217
train__c15__user7__3-3-1,15,Wipe_windows_and_tables,user7,3-3-1,train,True,True,68,68,0,68,0,0,0,0,0,27,0,27,1,27,0,0.39705882352941174,0,0,68,True,True,0.04301610551587434,0.14012344111423233
train__c15__user7__3-3-3,15,Wipe_windows_and_tables,user7,3-3-3,train,True,True,42,42,0,42,0,0,0,0,0,0,0,0,0,0,0,0.0,0,0,42,True,True,0.05769365802036299,0.1691712461444386
train__c15__user8__2-2-1,15,Wipe_windows_and_tables,user8,2-2-1,train,True,True,38,38,0,38,0,0,0,0,0,0,0,0,0,0,0,0.0,0,0,38,True,True,0.14169069945847268,0.46497965204301267
train__c15__user8__2-2-2,15,Wipe_windows_and_tables,user8,2-2-2,train,True,True,37,37,0,37,0,0,0,0,0,0,0,0,0,0,0,0.0,0,0,37,True,True,0.13206803602119432,0.3642986921853716
train__c15__user8__2-2-3,15,Wipe_windows_and_tables,user8,2-2-3,train,True,True,27,27,0,27,0,0,0,0,0,0,0,0,0,0,0,0.0,0,0,27,True,True,0.13139434403108935,0.4964709114615722
train__c15__user8__3-3-1,15,Wipe_windows_and_tables,user8,3-3-1,train,True,True,65,65,0,65,0,0,0,0,0,0,0,0,0,0,0,0.0,0,0,65,True,True,0.025117782381484845,0.07059712409407476
train__c15__user8__3-3-2,15,Wipe_windows_and_tables,user8,3-3-2,train,True,True,25,25,0,25,0,0,0,0,0,0,0,0,0,0,0,0.0,0,0,25,True,True,0.04700835544977911,0.18199268934351992
train__c15__user8__3-3-3,15,Wipe_windows_and_tables,user8,3-3-3,train,True,True,40,40,0,40,0,0,0,0,0,0,0,0,0,0,0,0.0,0,0,40,True,True,0.04118421722206107,0.11583783857642325
train__c15__user9__7-2-1,15,Wipe_windows_and_tables,user9,7-2-1,train,True,True,23,23,0,23,0,0,0,0,0,0,0,0,0,0,0,0.0,0,0,23,True,True,0.05647507280873967,0.14186230437128405
train__c15__user9__7-2-2,15,Wipe_windows_and_tables,user9,7-2-2,train,True,True,17,17,0,17,0,0,0,0,0,0,0,0,0,0,0,0.0,0,0,17,True,True,0.04874870212830951,0.1607628079021565
train__c15__user9__7-2-3,15,Wipe_windows_and_tables,user9,7-2-3,train,True,True,29,29,0,29,0,0,0,0,0,0,0,0,0,0,0,0.0,0,0,29,True,True,0.04245156994824336,0.1406699676615681
train__c15__user16__3-3-1,15,Wipe_windows_and_tables,user16,3-3-1,train,True,True,41,41,0,41,0,0,0,0,0,0,0,0,0,0,0,0.0,0,0,41,True,True,0.0165046607999356,0.053279822683687035
train__c15__user16__3-3-2,15,Wipe_windows_and_tables,user16,3-3-2,train,True,True,21,21,0,21,0,0,0,0,0,0,0,0,0,0,0,0.0,0,0,21,True,True,0.02424967809551418,0.07683537581370598
train__c15__user16__3-3-3,15,Wipe_windows_and_tables,user16,3-3-3,train,True,True,14,14,0,14,0,0,0,0,0,0,0,0,0,0,0,0.0,0,0,14,True,True,0.04279363047818257,0.14059742741806633
train__c15__user16__6-2-1,15,Wipe_windows_and_tables,user16,6-2-1,train,True,True,53,53,0,53,0,0,0,0,0,0,0,0,0,0,0,0.0,0,0,53,True,True,0.01750237349572632,0.054214884954740576
train__c15__user16__6-2-2,15,Wipe_windows_and_tables,user16,6-2-2,train,True,True,35,35,0,35,0,0,0,0,0,0,0,0,0,0,0,0.0,0,0,35,True,True,0.0234394012685888,0.07673644306262002
train__c15__user16__6-2-3,15,Wipe_windows_and_tables,user16,6-2-3,train,True,True,47,47,0,47,0,0,0,0,0,0,0,0,0,0,0,0.0,0,0,47,True,True,0.02017764748576313,0.06517981624020934
train__c15__user17__2-2-1,15,Wipe_windows_and_tables,user17,2-2-1,validation,True,True,40,40,0,40,0,0,0,0,0,0,0,0,0,0,0,0.0,0,0,40,True,True,0.014855237874291449,0.04341916864988548
train__c15__user17__2-2-2,15,Wipe_windows_and_tables,user17,2-2-2,validation,True,True,41,41,0,41,0,0,0,0,0,0,0,0,0,0,0,0.0,0,0,41,True,True,0.018708127740702532,0.054696424446659696
train__c15__user17__2-2-3,15,Wipe_windows_and_tables,user17,2-2-3,validation,True,True,22,22,0,22,0,0,0,0,0,0,0,0,0,0,0,0.0,0,0,22,True,True,0.04708631963266564,0.18021727502935786
train__c15__user17__3-3-1,15,Wipe_windows_and_tables,user17,3-3-1,validation,True,True,29,29,0,29,0,0,0,0,0,0,0,0,0,0,0,0.0,0,0,29,True,True,0.03789749981280512,0.09681075379330113
train__c15__user17__3-3-2,15,Wipe_windows_and_tables,user17,3-3-2,validation,True,True,19,19,0,19,0,0,0,0,0,0,0,0,0,0,0,0.0,0,0,19,True,True,0.04329829537762555,0.10662406744654221
train__c15__user17__3-3-3,15,Wipe_windows_and_tables,user17,3-3-3,validation,True,True,28,28,0,28,0,0,0,0,0,0,0,0,0,0,0,0.0,0,0,28,True,True,0.06571718588449509,0.20142024530328062
train__c15__user18__2-2-1,15,Wipe_windows_and_tables,user18,2-2-1,train,True,True,36,36,0,36,0,0,0,0,0,0,0,0,0,0,0,0.0,0,0,36,True,True,0.012105674250684826,0.03352574637973597
train__c15__user18__2-2-2,15,Wipe_windows_and_tables,user18,2-2-2,train,True,True,36,36,0,36,0,0,0,0,0,0,0,0,0,0,0,0.0,0,0,36,True,True,0.018627857816086675,0.06366416694251878
train__c15__user18__2-2-3,15,Wipe_windows_and_tables,user18,2-2-3,train,True,True,25,25,0,25,0,0,0,0,0,0,0,0,0,0,0,0.0,0,0,25,True,True,0.02816691871631986,0.11086711870599457
train__c15__user18__3-3-1,15,Wipe_windows_and_tables,user18,3-3-1,train,True,True,42,42,0,42,0,0,0,0,0,0,0,0,0,0,0,0.0,0,0,42,True,True,0.030413505188234113,0.087256532094761
train__c15__user18__3-3-2,15,Wipe_windows_and_tables,user18,3-3-2,train,True,True,27,27,0,27,0,0,0,0,0,0,0,0,0,0,0,0.0,0,0,27,True,True,0.03804819438991782,0.17461541403896244
train__c15__user18__3-3-3,15,Wipe_windows_and_tables,user18,3-3-3,train,True,True,45,45,0,45,0,0,0,0,0,0,0,0,0,0,0,0.0,0,0,45,True,True,0.04000096506342316,0.12062061028371919
train__c15__user19__7-2-1,15,Wipe_windows_and_tables,user19,7-2-1,train,True,True,16,16,0,16,0,0,0,0,0,0,0,0,0,0,0,0.0,0,0,16,True,True,0.028387735413367702,0.06552560030158888
train__c15__user19__7-2-2,15,Wipe_windows_and_tables,user19,7-2-2,train,True,True,39,39,0,39,0,0,0,0,0,0,0,0,0,0,0,0.0,0,0,39,True,True,0.025851304295232694,0.05799899517741548
train__c15__user19__7-2-3,15,Wipe_windows_and_tables,user19,7-2-3,train,True,True,31,31,0,31,0,0,0,0,0,0,0,0,0,0,0,0.0,0,0,31,True,True,0.03444391866885802,0.07883870765996084
train__c15__user20__3-2-1,15,Wipe_windows_and_tables,user20,3-2-1,train,True,True,36,36,0,36,0,0,0,0,0,3,0,3,1,3,0,0.08333333333333333,0,0,36,True,True,0.05003439949698253,0.11701259214565402
train__c15__user20__3-2-2,15,Wipe_windows_and_tables,user20,3-2-2,train,True,True,47,47,0,47,0,0,0,0,0,0,0,0,0,0,0,0.0,0,0,47,True,True,0.04546207552535112,0.1295980913676211
train__c15__user20__3-2-3,15,Wipe_windows_and_tables,user20,3-2-3,train,True,True,14,14,0,14,0,0,0,0,0,4,0,4,1,4,0,0.2857142857142857,0,0,14,True,True,0.06596922600880852,0.20102405352400957
train__c15__user22__2-1-1,15,Wipe_windows_and_tables,user22,2-1-1,train,True,True,50,50,0,50,0,0,0,0,0,0,0,0,0,0,0,0.0,0,0,50,True,True,0.011149627820254042,0.03279274855741447
train__c15__user22__2-1-2,15,Wipe_windows_and_tables,user22,2-1-2,train,True,True,53,53,0,53,0,0,0,0,0,0,0,0,0,0,0,0.0,0,0,53,True,True,0.009027636647326039,0.022647989329896742
train__c15__user22__2-1-3,15,Wipe_windows_and_tables,user22,2-1-3,train,True,True,10,10,0,10,0,0,0,0,0,0,0,0,0,0,0,0.0,0,0,10,True,True,0.014166083372965713,0.04183910040545252
train__c15__user23__3-1-1,15,Wipe_windows_and_tables,user23,3-1-1,validation,True,True,84,84,0,84,0,0,0,0,0,14,0,14,1,14,0,0.16666666666666666,0,0,84,True,True,0.039475376377861235,0.1251556732665622
train__c15__user23__3-1-2,15,Wipe_windows_and_tables,user23,3-1-2,validation,True,True,47,47,0,47,0,0,0,0,0,9,0,9,1,9,0,0.19148936170212766,0,0,47,True,True,0.04933917680146513,0.13912990811055734
train__c15__user23__3-1-3,15,Wipe_windows_and_tables,user23,3-1-3,validation,True,True,113,113,0,113,0,0,0,0,0,17,0,17,5,8,3,0.1504424778761062,0,0,113,True,True,0.013952225287749233,0.043770880374962344
train__c16__user2__1-1-1,16,Fold_clothes,user2,1-1-1,train,True,True,140,140,0,140,0,0,0,0,0,26,0,26,2,19,0,0.18571428571428572,0,0,140,True,True,0.02769459652083891,0.10102362908098007
train__c16__user2__1-1-2,16,Fold_clothes,user2,1-1-2,train,True,True,95,95,0,95,0,0,0,0,0,18,0,18,3,12,1,0.18947368421052632,0,0,95,True,True,0.03511821918419973,0.11844333017615871
train__c16__user2__1-1-3,16,Fold_clothes,user2,1-1-3,train,True,True,42,42,0,42,0,0,0,0,0,15,0,15,2,14,1,0.35714285714285715,0,0,42,True,True,0.042043624711192704,0.13039372383051462
train__c16__user7__6-1-1,16,Fold_clothes,user7,6-1-1,train,True,True,58,58,0,58,0,0,0,0,0,1,0,1,1,1,1,0.017241379310344827,0,0,58,True,True,0.033775612752658175,0.1035580571477714
train__c16__user7__6-1-2,16,Fold_clothes,user7,6-1-2,train,True,True,64,64,0,64,0,0,0,0,0,4,0,4,4,1,4,0.0625,0,0,64,True,True,0.03175719819831131,0.10147144910629317
train__c16__user7__6-1-3,16,Fold_clothes,user7,6-1-3,train,True,True,26,26,0,26,0,0,0,0,0,1,0,1,1,1,1,0.038461538461538464,0,0,26,True,True,0.06536969067590083,0.1805787861045343
train__c16__user8__2-1-1,16,Fold_clothes,user8,2-1-1,train,True,True,123,123,0,123,0,0,0,0,0,0,0,0,0,0,0,0.0,0,0,123,True,True,0.027151164273446316,0.09242695127368176
train__c16__user8__2-1-2,16,Fold_clothes,user8,2-1-2,train,True,True,68,68,0,68,0,0,0,0,0,0,0,0,0,0,0,0.0,0,0,68,True,True,0.033432917758539314,0.11827736220143067
train__c16__user8__2-1-3,16,Fold_clothes,user8,2-1-3,train,True,True,33,33,0,33,0,0,0,0,0,0,0,0,0,0,0,0.0,0,0,33,True,True,0.03475329608416117,0.09229109942095992
train__c16__user17__6-1-1,16,Fold_clothes,user17,6-1-1,validation,True,True,88,88,0,88,0,0,0,0,0,3,0,3,2,2,1,0.03409090909090909,0,0,88,True,True,0.05740306046822305,0.1377760458836635
train__c16__user17__6-1-2,16,Fold_clothes,user17,6-1-2,validation,True,True,54,54,0,54,0,0,0,0,0,1,0,1,1,1,1,0.018518518518518517,0,0,54,True,True,0.05732156761292274,0.13851423750292927
train__c16__user17__6-1-3,16,Fold_clothes,user17,6-1-3,validation,True,True,25,25,0,25,0,0,0,0,0,1,0,1,1,1,1,0.04,0,0,25,True,True,0.06482801504542396,0.14432011910102277
train__c16__user18__2-1-1,16,Fold_clothes,user18,2-1-1,train,True,True,105,105,0,105,0,0,0,0,0,2,0,2,2,1,2,0.01904761904761905,0,0,105,True,True,0.06976194226598695,0.2255172254000724
train__c16__user18__2-1-2,16,Fold_clothes,user18,2-1-2,train,True,True,108,108,0,108,0,0,0,0,0,0,0,0,0,0,0,0.0,0,0,108,True,True,0.024606741254520028,0.07516709992005337
train__c16__user18__2-1-3,16,Fold_clothes,user18,2-1-3,train,True,True,43,43,0,43,0,0,0,0,0,0,0,0,0,0,0,0.0,0,0,43,True,True,0.0284504105740867,0.08741207008244568
train__c16__user22__3-2-1,16,Fold_clothes,user22,3-2-1,train,True,True,49,49,0,49,0,0,0,0,0,0,0,0,0,0,0,0.0,0,0,49,True,True,0.041763665145018204,0.10597954693622177
train__c16__user22__3-2-2,16,Fold_clothes,user22,3-2-2,train,True,True,32,32,0,32,0,0,0,0,0,0,0,0,0,0,0,0.0,0,0,32,True,True,0.04323819191425172,0.12161483525073317
train__c16__user22__3-2-3,16,Fold_clothes,user22,3-2-3,train,True,True,15,15,0,15,0,0,0,0,0,0,0,0,0,0,0,0.0,0,0,15,True,True,0.06949209256052435,0.17380258288270523
train__c16__user23__4-3-1,16,Fold_clothes,user23,4-3-1,validation,True,True,42,42,0,42,0,0,0,0,0,1,0,1,1,1,1,0.023809523809523808,0,0,42,True,True,0.10443010801781276,0.3085666934473839
train__c16__user23__4-3-2,16,Fold_clothes,user23,4-3-2,validation,True,True,17,17,0,17,0,0,0,0,0,0,0,0,0,0,0,0.0,0,0,17,True,True,0.15217638496848232,0.5359440269632069
train__c16__user23__4-3-3,16,Fold_clothes,user23,4-3-3,validation,True,True,21,21,0,21,0,0,0,0,0,0,0,0,0,0,0,0.0,0,0,21,True,True,0.10051471794849526,0.264285496789265
train__c16__user24__4-1-1,16,Fold_clothes,user24,4-1-1,validation,True,True,94,94,0,94,0,0,0,0,0,1,0,1,1,1,1,0.010638297872340425,0,0,94,True,True,0.03029518905263658,0.08987987362034439
train__c16__user24__4-1-2,16,Fold_clothes,user24,4-1-2,validation,True,True,55,55,0,55,0,0,0,0,0,0,0,0,0,0,0,0.0,0,0,55,True,True,0.0272461252649827,0.08097246911799015
train__c16__user24__4-1-3,16,Fold_clothes,user24,4-1-3,validation,True,True,28,28,0,28,0,0,0,0,0,1,0,1,1,1,1,0.03571428571428571,0,0,28,True,True,0.04296177392089772,0.12358212894744233
train__c17__user1__2-2-1,17,Tap_the_keyboard,user1,2-2-1,train,True,True,100,100,0,100,0,0,0,0,0,0,0,0,0,0,0,0.0,0,0,100,True,True,0.017124480764912357,0.05361108844401917
train__c17__user1__2-2-2,17,Tap_the_keyboard,user1,2-2-2,train,True,True,114,114,0,114,0,0,0,0,0,0,0,0,0,0,0,0.0,0,0,114,True,True,0.00968257745958711,0.030420746037822136
train__c17__user1__2-2-3,17,Tap_the_keyboard,user1,2-2-3,train,True,True,75,75,0,75,0,0,0,0,0,0,0,0,0,0,0,0.0,0,0,75,True,True,0.04256666660073363,0.1285458333288785
train__c17__user1__3-2-1,17,Tap_the_keyboard,user1,3-2-1,train,True,True,67,67,0,67,0,0,0,0,0,0,0,0,0,0,0,0.0,0,0,67,True,True,0.020864494392319896,0.056902714980924564
train__c17__user1__3-2-2,17,Tap_the_keyboard,user1,3-2-2,train,True,True,66,66,0,66,0,0,0,0,0,0,0,0,0,0,0,0.0,0,0,66,True,True,0.03442625063680189,0.11371043166360101
train__c17__user1__3-2-3,17,Tap_the_keyboard,user1,3-2-3,train,True,True,29,29,0,29,0,0,0,0,0,0,0,0,0,0,0,0.0,0,0,29,True,True,0.03456685314160071,0.08631226395639353
train__c17__user3__3-2-1,17,Tap_the_keyboard,user3,3-2-1,train,True,True,50,50,0,50,0,0,0,0,0,0,0,0,0,0,0,0.0,0,0,50,True,True,0.008758511657307962,0.022459072258150213
train__c17__user3__3-2-2,17,Tap_the_keyboard,user3,3-2-2,train,True,True,39,39,0,39,0,0,0,0,0,0,0,0,0,0,0,0.0,0,0,39,True,True,0.011535801242953777,0.023709780057202905
train__c17__user3__3-2-3,17,Tap_the_keyboard,user3,3-2-3,train,True,True,57,57,0,57,0,0,0,0,0,0,0,0,0,0,0,0.0,0,0,57,True,True,0.00807149652563957,0.02226256441551787
train__c17__user3__4-1-1,17,Tap_the_keyboard,user3,4-1-1,train,True,True,69,69,0,69,0,0,0,0,0,0,0,0,0,0,0,0.0,0,0,69,True,True,0.008142911333204935,0.018713186341272458
train__c17__user3__4-1-2,17,Tap_the_keyboard,user3,4-1-2,train,True,True,72,72,0,72,0,0,0,0,0,0,0,0,0,0,0,0.0,0,0,72,True,True,0.011912713536373081,0.028617573782246452
train__c17__user3__4-1-3,17,Tap_the_keyboard,user3,4-1-3,train,True,True,55,55,0,55,0,0,0,0,0,0,0,0,0,0,0,0.0,0,0,55,True,True,0.007437607075427409,0.017742765585122403
train__c17__user4__4-1-1,17,Tap_the_keyboard,user4,4-1-1,validation,True,True,50,50,0,50,0,0,0,0,0,0,0,0,0,0,0,0.0,0,0,50,True,True,0.010603595887162842,0.02924807909128496
train__c17__user4__4-1-2,17,Tap_the_keyboard,user4,4-1-2,validation,True,True,29,29,0,29,0,0,0,0,0,0,0,0,0,0,0,0.0,0,0,29,True,True,0.00504657803190974,0.012158271136309441
train__c17__user4__4-1-3,17,Tap_the_keyboard,user4,4-1-3,validation,True,True,43,43,0,43,0,0,0,0,0,0,0,0,0,0,0,0.0,0,0,43,True,True,0.01191007136612331,0.031022014649577684
train__c17__user4__5-2-1,17,Tap_the_keyboard,user4,5-2-1,validation,True,True,51,51,0,51,0,0,0,0,0,0,0,0,0,0,0,0.0,0,0,51,True,True,0.010424620982003025,0.026764426798359435
train__c17__user4__5-2-2,17,Tap_the_keyboard,user4,5-2-2,validation,True,True,50,50,0,50,0,0,0,0,0,0,0,0,0,0,0,0.0,0,0,50,True,True,0.026918948576719823,0.06988800610452528
train__c17__user4__5-2-3,17,Tap_the_keyboard,user4,5-2-3,validation,True,True,60,60,0,60,0,0,0,0,0,0,0,0,0,0,0,0.0,0,0,60,True,True,0.026474724029876027,0.07282133486445655
train__c17__user5__4-1-1,17,Tap_the_keyboard,user5,4-1-1,train,True,True,47,47,0,47,0,0,0,0,0,0,0,0,0,0,0,0.0,0,0,47,True,True,0.021156718675547095,0.09433629348899795
train__c17__user5__4-1-2,17,Tap_the_keyboard,user5,4-1-2,train,True,True,54,54,0,54,0,0,0,0,0,0,0,0,0,0,0,0.0,0,0,54,True,True,0.015907300000253786,0.047884246828847454
train__c17__user5__4-1-3,17,Tap_the_keyboard,user5,4-1-3,train,True,True,22,22,0,22,0,0,0,0,0,0,0,0,0,0,0,0.0,0,0,22,True,True,0.023429573077035557,0.059162050398480846
train__c17__user6__4-1-1,17,Tap_the_keyboard,user6,4-1-1,train,True,True,63,63,0,63,0,0,0,0,0,1,0,1,1,1,1,0.015873015873015872,0,0,63,True,True,0.013648390218888239,0.062037222104260714
train__c17__user6__4-1-2,17,Tap_the_keyboard,user6,4-1-2,train,True,True,66,66,0,66,0,0,0,0,0,1,0,1,1,1,1,0.015151515151515152,0,0,66,True,True,0.010529511130944474,0.025681677602031175
train__c17__user6__4-1-3,17,Tap_the_keyboard,user6,4-1-3,train,True,True,59,59,0,59,0,0,0,0,0,0,0,0,0,0,0,0.0,0,0,59,True,True,0.006127528757995181,0.014921813436544862
train__c17__user7__4-1-1,17,Tap_the_keyboard,user7,4-1-1,train,True,True,12,12,0,12,0,0,0,0,0,0,0,0,0,0,0,0.0,0,0,12,True,True,0.09338038297517706,0.489620160234164
train__c17__user7__4-1-2,17,Tap_the_keyboard,user7,4-1-2,train,True,True,19,19,0,19,0,0,0,0,0,0,0,0,0,0,0,0.0,0,0,19,True,True,0.011330799136440677,0.02644094885543204
train__c17__user7__4-1-3,17,Tap_the_keyboard,user7,4-1-3,train,True,True,19,19,0,19,0,0,0,0,0,0,0,0,0,0,0,0.0,0,0,19,True,True,0.026729670105602576,0.06893263923082514
train__c17__user7__6-3-1,17,Tap_the_keyboard,user7,6-3-1,train,True,True,52,52,0,52,0,0,0,0,0,0,0,0,0,0,0,0.0,0,0,52,True,True,0.007723911332555517,0.016987135587958124
train__c17__user8__5-1-1,17,Tap_the_keyboard,user8,5-1-1,train,True,True,36,36,0,36,0,0,0,0,0,0,0,0,0,0,0,0.0,0,0,36,True,True,0.014330494362858173,0.050217625988513925
train__c17__user8__5-1-2,17,Tap_the_keyboard,user8,5-1-2,train,True,True,21,21,0,21,0,0,0,0,0,0,0,0,0,0,0,0.0,0,0,21,True,True,0.009101415575391408,0.02456624464931708
train__c17__user8__5-1-3,17,Tap_the_keyboard,user8,5-1-3,train,True,True,12,12,0,12,0,0,0,0,0,0,0,0,0,0,0,0.0,0,0,12,True,True,0.01301315955787065,0.03676407565801409
train__c17__user9__1-2-2,17,Tap_the_keyboard,user9,1-2-2,train,True,True,14,14,0,14,0,0,0,0,0,0,0,0,0,0,0,0.0,0,0,14,True,True,0.03242638503142824,0.09150213358102433
train__c17__user9__1-2-3,17,Tap_the_keyboard,user9,1-2-3,train,True,True,15,15,0,15,0,0,0,0,0,0,0,0,0,0,0,0.0,0,0,15,True,True,0.06333186185100986,0.11071730612302066
train__c17__user9__4-1-1,17,Tap_the_keyboard,user9,4-1-1,train,True,True,21,21,0,21,0,0,0,0,0,0,0,0,0,0,0,0.0,0,0,21,True,True,0.04995571109841187,0.31076668114413125
train__c17__user9__4-1-2,17,Tap_the_keyboard,user9,4-1-2,train,True,True,21,21,0,21,0,0,0,0,0,0,0,0,0,0,0,0.0,0,0,21,True,True,0.028492710450639416,0.04369121595783507
train__c17__user9__4-1-3,17,Tap_the_keyboard,user9,4-1-3,train,True,True,17,17,0,17,0,0,0,0,0,0,0,0,0,0,0,0.0,0,0,17,True,True,0.08671927905797083,0.21806411522827124
train__c17__user9__4-3-1,17,Tap_the_keyboard,user9,4-3-1,train,True,True,54,54,0,54,0,0,0,0,0,0,0,0,0,0,0,0.0,0,0,54,True,True,0.020596810605177655,0.06344315084189103
train__c17__user9__4-3-2,17,Tap_the_keyboard,user9,4-3-2,train,True,True,40,40,0,40,0,0,0,0,0,0,0,0,0,0,0,0.0,0,0,40,True,True,0.041890450894710676,0.12542594184909184
train__c17__user9__4-3-3,17,Tap_the_keyboard,user9,4-3-3,train,True,True,22,22,0,22,0,0,0,0,0,0,0,0,0,0,0,0.0,0,0,22,True,True,0.023443479217488895,0.08819662992803796
train__c17__user9__6-1-1,17,Tap_the_keyboard,user9,6-1-1,train,True,True,17,17,0,17,0,0,0,0,0,0,0,0,0,0,0,0.0,0,0,17,True,True,0.00603464484453111,0.012681068560023299
train__c17__user9__6-1-2,17,Tap_the_keyboard,user9,6-1-2,train,True,True,33,33,0,33,0,0,0,0,0,0,0,0,0,0,0,0.0,0,0,33,True,True,0.014468716611859516,0.04190078158792195
train__c17__user9__6-1-3,17,Tap_the_keyboard,user9,6-1-3,train,True,True,26,26,0,26,0,0,0,0,0,20,0,20,3,18,2,0.7692307692307693,0,0,26,True,True,0.05447938812856058,0.31345846990765186
train__c17__user16__4-1-1,17,Tap_the_keyboard,user16,4-1-1,train,True,True,79,79,0,79,0,0,0,0,0,2,0,2,1,2,0,0.02531645569620253,0,0,79,True,True,0.033834812907171816,0.07571891028358861
train__c17__user16__4-1-2,17,Tap_the_keyboard,user16,4-1-2,train,True,True,65,65,0,65,0,0,0,0,0,0,0,0,0,0,0,0.0,0,0,65,True,True,0.018217166121764966,0.05010701995506077
train__c17__user16__4-1-3,17,Tap_the_keyboard,user16,4-1-3,train,True,True,63,63,0,63,0,0,0,0,0,0,0,0,0,0,0,0.0,0,0,63,True,True,0.02184418561656188,0.07946309787103153
train__c17__user17__4-1-1,17,Tap_the_keyboard,user17,4-1-1,validation,True,True,60,60,0,60,0,0,0,0,0,0,0,0,0,0,0,0.0,0,0,60,True,True,0.029509181246210804,0.10790379460737437
train__c17__user17__4-1-2,17,Tap_the_keyboard,user17,4-1-2,validation,True,True,68,68,0,68,0,0,0,0,0,0,0,0,0,0,0,0.0,0,0,68,True,True,0.020678316926305607,0.058294532362842114
train__c17__user17__4-1-3,17,Tap_the_keyboard,user17,4-1-3,validation,True,True,49,49,0,49,0,0,0,0,0,0,0,0,0,0,0,0.0,0,0,49,True,True,0.01636094490267531,0.04251401778144083
train__c17__user18__5-1-1,17,Tap_the_keyboard,user18,5-1-1,train,True,True,82,82,0,82,0,0,0,0,0,0,0,0,0,0,0,0.0,0,0,82,True,True,0.04017339379167406,0.12653802227926522
train__c17__user18__5-1-2,17,Tap_the_keyboard,user18,5-1-2,train,True,True,37,37,0,37,0,0,0,0,0,0,0,0,0,0,0,0.0,0,0,37,True,True,0.02896953283847018,0.08247116337838521
train__c17__user18__5-1-3,17,Tap_the_keyboard,user18,5-1-3,train,True,True,21,21,0,21,0,0,0,0,0,0,0,0,0,0,0,0.0,0,0,21,True,True,0.03262814468852923,0.0824743330341765
train__c17__user19__1-2-1,17,Tap_the_keyboard,user19,1-2-1,train,True,True,23,23,0,23,0,0,0,0,0,0,0,0,0,0,0,0.0,0,0,23,True,True,0.0074060989206213386,0.020088199767811413
train__c17__user19__1-2-2,17,Tap_the_keyboard,user19,1-2-2,train,True,True,13,13,0,13,0,0,0,0,0,13,0,13,1,13,0,1.0,0,0,13,True,True,0.026327987596350074,0.09221870104772265
train__c17__user19__1-2-3,17,Tap_the_keyboard,user19,1-2-3,train,True,True,24,24,0,24,0,0,0,0,0,0,0,0,0,0,0,0.0,0,0,24,True,True,0.013111505244220905,0.033066701986500885
train__c17__user19__4-1-1,17,Tap_the_keyboard,user19,4-1-1,train,True,True,26,26,0,26,0,0,0,0,0,0,0,0,0,0,0,0.0,0,0,26,True,True,0.030430039368407786,0.12249790927345935
train__c17__user19__4-1-2,17,Tap_the_keyboard,user19,4-1-2,train,True,True,23,23,0,23,0,0,0,0,0,0,0,0,0,0,0,0.0,0,0,23,True,True,0.02037308428980788,0.060142556430599
train__c17__user19__4-1-3,17,Tap_the_keyboard,user19,4-1-3,train,True,True,13,13,0,13,0,0,0,0,0,0,0,0,0,0,0,0.0,0,0,13,True,True,0.03553020370084712,0.08339683694340322
train__c17__user19__4-3-1,17,Tap_the_keyboard,user19,4-3-1,train,True,True,29,29,0,29,0,0,0,0,0,0,0,0,0,0,0,0.0,0,0,29,True,True,0.018343254999987714,0.03141958587975299
train__c17__user19__4-3-2,17,Tap_the_keyboard,user19,4-3-2,train,True,True,53,53,0,53,0,0,0,0,0,0,0,0,0,0,0,0.0,0,0,53,True,True,0.027939980792252017,0.08727963028581733
train__c17__user19__4-3-3,17,Tap_the_keyboard,user19,4-3-3,train,True,True,18,18,0,18,0,0,0,0,0,0,0,0,0,0,0,0.0,0,0,18,True,True,0.03812791276725761,0.1465791455585085
train__c17__user19__6-1-1,17,Tap_the_keyboard,user19,6-1-1,train,True,True,17,17,0,17,0,0,0,0,0,0,0,0,0,0,0,0.0,0,0,17,True,True,0.02769097007773148,0.11957378242357745
train__c17__user19__6-1-2,17,Tap_the_keyboard,user19,6-1-2,train,True,True,8,8,0,8,0,0,0,0,0,0,0,0,0,0,0,0.0,0,0,8,True,True,0.02470365596060242,0.07133050455512557
train__c17__user19__6-1-3,17,Tap_the_keyboard,user19,6-1-3,train,True,True,24,24,0,24,0,0,0,0,0,0,0,0,0,0,0,0.0,0,0,24,True,True,0.04286859590623105,0.23387667814700847
train__c17__user20__2-2-1,17,Tap_the_keyboard,user20,2-2-1,train,True,True,31,31,0,31,0,0,0,0,0,0,0,0,0,0,0,0.0,0,0,31,True,True,0.029899038922043472,0.08296282573583942
train__c17__user20__2-2-2,17,Tap_the_keyboard,user20,2-2-2,train,True,True,22,22,0,22,0,0,0,0,0,0,0,0,0,0,0,0.0,0,0,22,True,True,0.01768501160615713,0.04130297165145454
train__c17__user20__2-2-3,17,Tap_the_keyboard,user20,2-2-3,train,True,True,11,11,0,11,0,0,0,0,0,0,0,0,0,0,0,0.0,0,0,11,True,True,0.05580926366240151,0.09862984646537462
train__c17__user20__4-1-1,17,Tap_the_keyboard,user20,4-1-1,train,True,True,50,50,0,50,0,0,0,0,0,0,0,0,0,0,0,0.0,0,0,50,True,True,0.014210549820359927,0.02967354036448228
train__c17__user20__4-1-2,17,Tap_the_keyboard,user20,4-1-2,train,True,True,46,46,0,46,0,0,0,0,0,0,0,0,0,0,0,0.0,0,0,46,True,True,0.01963105525234665,0.0637352041173784
train__c17__user20__4-1-3,17,Tap_the_keyboard,user20,4-1-3,train,True,True,56,56,0,56,0,0,0,0,0,0,0,0,0,0,0,0.0,0,0,56,True,True,0.015583338337272419,0.03455270148092504
train__c17__user20__5-1-1,17,Tap_the_keyboard,user20,5-1-1,train,True,True,76,76,0,76,0,0,0,0,0,0,0,0,0,0,0,0.0,0,0,76,True,True,0.04669157467600424,0.2787564660365499
train__c17__user20__5-1-2,17,Tap_the_keyboard,user20,5-1-2,train,True,True,29,29,0,29,0,0,0,0,0,0,0,0,0,0,0,0.0,0,0,29,True,True,0.017203218215610428,0.040660852668955895
train__c17__user20__5-1-3,17,Tap_the_keyboard,user20,5-1-3,train,True,True,38,38,0,38,0,0,0,0,0,0,0,0,0,0,0,0.0,0,0,38,True,True,0.019387152816980512,0.04240752394635517
train__c17__user22__1-2-1,17,Tap_the_keyboard,user22,1-2-1,train,True,True,31,31,0,31,0,0,0,0,0,0,0,0,0,0,0,0.0,0,0,31,True,True,0.014756503969521311,0.06603910974526993
train__c17__user22__1-2-2,17,Tap_the_keyboard,user22,1-2-2,train,True,True,10,10,0,10,0,0,0,0,0,0,0,0,0,0,0,0.0,0,0,10,True,True,0.006217362341372448,0.01452247644366011
train__c17__user22__1-2-3,17,Tap_the_keyboard,user22,1-2-3,train,True,True,11,11,0,11,0,0,0,0,0,0,0,0,0,0,0,0.0,0,0,11,True,True,0.10420877386359148,0.23415547117192645
train__c17__user22__4-1-1,17,Tap_the_keyboard,user22,4-1-1,train,True,True,1,1,0,1,0,0,0,0,0,0,0,0,0,0,0,0.0,0,0,1,True,True,,
train__c17__user22__4-1-2,17,Tap_the_keyboard,user22,4-1-2,train,True,True,45,45,0,45,0,0,0,0,0,0,0,0,0,0,0,0.0,0,0,45,True,True,0.01107324703674495,0.02908125633151313
train__c17__user22__4-1-3,17,Tap_the_keyboard,user22,4-1-3,train,True,True,46,46,0,46,0,0,0,0,0,0,0,0,0,0,0,0.0,0,0,46,True,True,0.013067310659480727,0.040520874106684764
train__c17__user23__5-3-1,17,Tap_the_keyboard,user23,5-3-1,validation,False,False,0,0,0,0,0,0,0,0,0,0,0,0,0,0,0,0.0,0,0,0,True,True,,
train__c17__user23__5-3-2,17,Tap_the_keyboard,user23,5-3-2,validation,True,True,23,23,0,23,0,0,0,0,0,0,0,0,0,0,0,0.0,0,0,23,True,True,0.038811606506430715,0.08592660149144485
train__c17__user23__5-3-3,17,Tap_the_keyboard,user23,5-3-3,validation,True,True,30,30,0,30,0,0,0,0,0,0,0,0,0,0,0,0.0,0,0,30,True,True,0.02403712732024342,0.07739117797048525
train__c17__user24__1-2-1,17,Tap_the_keyboard,user24,1-2-1,validation,True,True,55,55,0,55,0,0,0,0,0,0,0,0,0,0,0,0.0,0,0,55,True,True,0.1031449092749837,0.27178824210230784
train__c17__user24__1-2-2,17,Tap_the_keyboard,user24,1-2-2,validation,True,True,25,25,0,25,0,0,0,0,0,0,0,0,0,0,0,0.0,0,0,25,True,True,0.14672702215122183,0.36346002656719034
train__c17__user24__1-2-3,17,Tap_the_keyboard,user24,1-2-3,validation,True,True,31,31,0,31,0,0,0,0,0,0,0,0,0,0,0,0.0,0,0,31,True,True,0.025709170206605396,0.0759505177481175
train__c17__user24__7-2-1,17,Tap_the_keyboard,user24,7-2-1,validation,True,True,31,31,0,31,0,0,0,0,0,0,0,0,0,0,0,0.0,0,0,31,True,True,0.013120394484498237,0.02955238488510205
train__c17__user24__7-2-2,17,Tap_the_keyboard,user24,7-2-2,validation,True,True,19,19,0,19,0,0,0,0,0,0,0,0,0,0,0,0.0,0,0,19,True,True,0.02084683921776043,0.049461960873486394
train__c17__user24__7-2-3,17,Tap_the_keyboard,user24,7-2-3,validation,True,True,19,19,0,19,0,0,0,0,0,0,0,0,0,0,0,0.0,0,0,19,True,True,0.012542684187962767,0.03518114152805197
train__c18__user2__4-1-2,18,Write,user2,4-1-2,train,True,True,43,43,0,43,0,0,0,0,0,0,0,0,0,0,0,0.0,0,0,43,True,True,0.008674230431666884,0.022321038062036058
train__c18__user2__4-1-3,18,Write,user2,4-1-3,train,True,True,18,18,0,18,0,0,0,0,0,0,0,0,0,0,0,0.0,0,0,18,True,True,0.012162650260413771,0.032034818196478757
train__c18__user2__4-3-1,18,Write,user2,4-3-1,train,True,True,27,27,0,27,0,0,0,0,0,0,0,0,0,0,0,0.0,0,0,27,True,True,0.008854655292410966,0.019760644752567506
train__c18__user2__4-3-2,18,Write,user2,4-3-2,train,True,True,33,33,0,33,0,0,0,0,0,0,0,0,0,0,0,0.0,0,0,33,True,True,0.015585344662181677,0.03905594387872436
train__c18__user2__4-3-3,18,Write,user2,4-3-3,train,True,True,27,27,0,27,0,0,0,0,0,0,0,0,0,0,0,0.0,0,0,27,True,True,0.027420891169738556,0.12683505861914607
train__c18__user3__3-2-1,18,Write,user3,3-2-1,train,True,True,66,66,0,66,0,0,0,0,0,0,0,0,0,0,0,0.0,0,0,66,True,True,0.053240091968511684,0.13016900336160436
train__c18__user3__3-2-2,18,Write,user3,3-2-2,train,True,True,31,31,0,31,0,0,0,0,0,0,0,0,0,0,0,0.0,0,0,31,True,True,0.10441221805425394,0.23605078294963844
train__c18__user3__3-2-3,18,Write,user3,3-2-3,train,True,True,24,24,0,24,0,0,0,0,0,0,0,0,0,0,0,0.0,0,0,24,True,True,0.022786639077428904,0.07129724144431232
train__c18__user4__4-1-1,18,Write,user4,4-1-1,validation,True,True,31,31,0,31,0,0,0,0,0,0,0,0,0,0,0,0.0,0,0,31,True,True,0.005640218232451917,0.013514878920106761
train__c18__user4__4-1-2,18,Write,user4,4-1-2,validation,True,True,44,44,0,44,0,0,0,0,0,0,0,0,0,0,0,0.0,0,0,44,True,True,0.02689280965659112,0.11513223999487568
train__c18__user4__4-1-3,18,Write,user4,4-1-3,validation,True,True,20,20,0,20,0,0,0,0,0,0,0,0,0,0,0,0.0,0,0,20,True,True,0.026855641427939458,0.08568135264343124
train__c18__user5__4-3-1,18,Write,user5,4-3-1,train,True,True,12,12,0,12,0,0,0,0,0,0,0,0,0,0,0,0.0,0,0,12,True,True,0.055831756397378446,0.2535687268796295
train__c18__user5__4-3-3,18,Write,user5,4-3-3,train,True,True,18,18,0,18,0,0,0,0,0,0,0,0,0,0,0,0.0,0,0,18,True,True,0.1211520336142393,0.3056357434620736
train__c18__user6__4-1-1,18,Write,user6,4-1-1,train,True,True,74,74,0,74,0,0,0,0,0,1,0,1,1,1,1,0.013513513513513514,0,0,74,True,True,0.01623953862712524,0.0750388463912718
train__c18__user6__4-1-2,18,Write,user6,4-1-2,train,True,True,61,61,0,61,0,0,0,0,0,1,0,1,1,1,1,0.01639344262295082,0,0,61,True,True,0.010597160130544975,0.026841933862214774
train__c18__user6__4-1-3,18,Write,user6,4-1-3,train,True,True,58,58,0,58,0,0,0,0,0,0,0,0,0,0,0,0.0,0,0,58,True,True,0.006097400969519091,0.01481029104309843
train__c18__user8__6-2-1,18,Write,user8,6-2-1,train,True,True,27,27,0,27,0,0,0,0,0,0,0,0,0,0,0,0.0,0,0,27,True,True,0.021298380239699786,0.0784597498751963
train__c18__user8__6-2-2,18,Write,user8,6-2-2,train,True,True,19,19,0,19,0,0,0,0,0,0,0,0,0,0,0,0.0,0,0,19,True,True,0.03443987855507966,0.09953075937190815
train__c18__user8__6-2-3,18,Write,user8,6-2-3,train,True,True,16,16,0,16,0,0,0,0,0,0,0,0,0,0,0,0.0,0,0,16,True,True,0.021918405765828323,0.06928825549758494
train__c18__user18__4-1-1,18,Write,user18,4-1-1,train,True,True,36,36,0,36,0,0,0,0,0,0,0,0,0,0,0,0.0,0,0,36,True,True,0.06935998858363057,0.21558591868003849
train__c18__user18__4-1-2,18,Write,user18,4-1-2,train,True,True,3,3,0,3,0,0,0,0,0,0,0,0,0,0,0,0.0,0,0,3,True,True,0.019793191881236818,0.05635517273461805
train__c18__user18__4-1-3,18,Write,user18,4-1-3,train,True,True,31,31,0,31,0,0,0,0,0,0,0,0,0,0,0,0.0,0,0,31,True,True,0.04396894275262984,0.1845060777535314
train__c18__user18__6-2-1,18,Write,user18,6-2-1,train,True,True,16,16,0,16,0,0,0,0,0,0,0,0,0,0,0,0.0,0,0,16,True,True,0.026562757217386053,0.049462432735852206
train__c18__user18__6-2-2,18,Write,user18,6-2-2,train,True,True,6,6,0,6,0,0,0,0,0,0,0,0,0,0,0,0.0,0,0,6,True,True,0.07593119324946335,0.13979289343930104
train__c18__user18__6-2-3,18,Write,user18,6-2-3,train,True,True,11,11,0,11,0,0,0,0,0,0,0,0,0,0,0,0.0,0,0,11,True,True,0.03600779293092821,0.08583958193785574
train__c18__user20__2-2-1,18,Write,user20,2-2-1,train,True,True,14,14,0,14,0,0,0,0,0,0,0,0,0,0,0,0.0,0,0,14,True,True,0.03902857508319455,0.14459760421748483
train__c18__user20__2-2-2,18,Write,user20,2-2-2,train,True,True,17,17,0,17,0,0,0,0,0,0,0,0,0,0,0,0.0,0,0,17,True,True,0.03309670396412038,0.10383780041110119
train__c18__user20__2-2-3,18,Write,user20,2-2-3,train,True,True,8,8,0,8,0,0,0,0,0,0,0,0,0,0,0,0.0,0,0,8,True,True,0.030200862829261196,0.1052728699924992
train__c18__user22__3-1-1,18,Write,user22,3-1-1,train,True,True,31,31,0,31,0,0,0,0,0,0,0,0,0,0,0,0.0,0,0,31,True,True,0.006801539228322136,0.01521622290215327
train__c18__user22__3-1-2,18,Write,user22,3-1-2,train,True,True,26,26,0,26,0,0,0,0,0,0,0,0,0,0,0,0.0,0,0,26,True,True,0.006605406123681057,0.018953475734363852
train__c18__user22__3-1-3,18,Write,user22,3-1-3,train,False,False,0,0,0,0,0,0,0,0,0,0,0,0,0,0,0,0.0,0,0,0,True,True,,
train__c18__user23__4-1-1,18,Write,user23,4-1-1,validation,True,True,64,64,0,64,0,0,0,0,0,7,0,7,2,5,0,0.109375,0,0,64,True,True,0.015502263754617227,0.05464155521976338
train__c18__user23__4-1-2,18,Write,user23,4-1-2,validation,True,True,51,51,0,51,0,0,0,0,0,0,0,0,0,0,0,0.0,0,0,51,True,True,0.04551888847539636,0.22827953005067697
train__c18__user23__4-1-3,18,Write,user23,4-1-3,validation,True,True,71,71,0,71,0,0,0,0,0,0,0,0,0,0,0,0.0,0,0,71,True,True,0.020556263677904044,0.06279579278704821
train__c18__user23__7-1-1,18,Write,user23,7-1-1,validation,True,True,31,31,0,31,0,0,0,0,0,0,0,0,0,0,0,0.0,0,0,31,True,True,0.015784753007806237,0.04530234391975836
train__c18__user23__7-1-3,18,Write,user23,7-1-3,validation,True,True,22,22,0,22,0,0,0,0,0,0,0,0,0,0,0,0.0,0,0,22,True,True,0.025938315542701183,0.07542449987254775
train__c18__user24__1-2-1,18,Write,user24,1-2-1,validation,True,True,34,34,0,34,0,0,0,0,0,0,0,0,0,0,0,0.0,0,0,34,True,True,0.022242291328628944,0.07440773874301332
train__c18__user24__1-2-2,18,Write,user24,1-2-2,validation,True,True,31,31,0,31,0,0,0,0,0,0,0,0,0,0,0,0.0,0,0,31,True,True,0.01700994268100996,0.03853483119470565
train__c18__user24__1-2-3,18,Write,user24,1-2-3,validation,True,True,17,17,0,17,0,0,0,0,0,0,0,0,0,0,0,0.0,0,0,17,True,True,0.027561816695212515,0.24497370844094815
train__c19__user2__4-1-1,19,Make_a_phone_call,user2,4-1-1,train,True,True,31,31,0,31,0,0,0,0,0,0,0,0,0,0,0,0.0,0,0,31,True,True,0.009669310434571666,0.02406514103796761
train__c19__user2__4-1-2,19,Make_a_phone_call,user2,4-1-2,train,True,True,19,19,0,19,0,0,0,0,0,0,0,0,0,0,0,0.0,0,0,19,True,True,0.010773284459060716,0.03541129254071096
train__c19__user2__4-1-3,19,Make_a_phone_call,user2,4-1-3,train,True,True,15,15,0,15,0,0,0,0,0,0,0,0,0,0,0,0.0,0,0,15,True,True,0.019339412667521764,0.04689285165732763
train__c19__user3__3-2-1,19,Make_a_phone_call,user3,3-2-1,train,True,True,34,34,0,34,0,0,0,0,0,0,0,0,0,0,0,0.0,0,0,34,True,True,0.011130201004721315,0.035796904884513356
train__c19__user3__3-2-2,19,Make_a_phone_call,user3,3-2-2,train,True,True,27,27,0,27,0,0,0,0,0,0,0,0,0,0,0,0.0,0,0,27,True,True,0.009264087299846418,0.027589371428270015
train__c19__user3__3-2-3,19,Make_a_phone_call,user3,3-2-3,train,True,True,31,31,0,31,0,0,0,0,0,0,0,0,0,0,0,0.0,0,0,31,True,True,0.011561366189814008,0.030357715582592544
train__c19__user3__4-1-1,19,Make_a_phone_call,user3,4-1-1,train,True,True,52,52,0,52,0,0,0,0,0,0,0,0,0,0,0,0.0,0,0,52,True,True,0.008522858388811458,0.02295461781365046
train__c19__user3__4-1-2,19,Make_a_phone_call,user3,4-1-2,train,True,True,45,45,0,45,0,0,0,0,0,0,0,0,0,0,0,0.0,0,0,45,True,True,0.008894631210244992,0.02486285101452362
train__c19__user3__4-1-3,19,Make_a_phone_call,user3,4-1-3,train,True,True,55,55,0,55,0,0,0,0,0,0,0,0,0,0,0,0.0,0,0,55,True,True,0.014498497370170773,0.04879845665225118
train__c19__user4__6-1-2,19,Make_a_phone_call,user4,6-1-2,validation,True,True,34,34,0,34,0,0,0,0,0,0,0,0,0,0,0,0.0,0,0,34,True,True,0.021919089450405868,0.05646839737892151
train__c19__user4__6-1-3,19,Make_a_phone_call,user4,6-1-3,validation,True,True,38,38,0,38,0,0,0,0,0,0,0,0,0,0,0,0.0,0,0,38,True,True,0.0258552014293376,0.09884211391353617
train__c19__user5__4-1-1,19,Make_a_phone_call,user5,4-1-1,train,True,True,61,61,0,61,0,0,0,0,0,0,0,0,0,0,0,0.0,0,0,61,True,True,0.021651677486059548,0.044484735027004535
train__c19__user5__4-1-2,19,Make_a_phone_call,user5,4-1-2,train,True,True,89,89,0,89,0,0,0,0,0,0,0,0,0,0,0,0.0,0,0,89,True,True,0.013993724176609008,0.04190782418459041
train__c19__user5__4-1-3,19,Make_a_phone_call,user5,4-1-3,train,True,True,78,78,0,78,0,0,0,0,0,1,0,1,1,1,1,0.01282051282051282,0,0,78,True,True,0.06678876379989579,0.2593787060810655
train__c19__user6__4-1-1,19,Make_a_phone_call,user6,4-1-1,train,True,True,23,23,0,23,0,0,0,0,0,0,0,0,0,0,0,0.0,0,0,23,True,True,0.018824438503167774,0.07447488391590183
train__c19__user6__4-1-2,19,Make_a_phone_call,user6,4-1-2,train,True,True,36,36,0,36,0,0,0,0,0,0,0,0,0,0,0,0.0,0,0,36,True,True,0.02065059062148278,0.060055890308849655
train__c19__user6__4-1-3,19,Make_a_phone_call,user6,4-1-3,train,True,True,14,14,0,14,0,0,0,0,0,0,0,0,0,0,0,0.0,0,0,14,True,True,0.03305451795971014,0.08709128029238031
train__c19__user8__1-2-1,19,Make_a_phone_call,user8,1-2-1,train,True,True,9,9,0,9,0,0,0,0,0,0,0,0,0,0,0,0.0,0,0,9,True,True,0.0076511206914123145,0.01535735208455689
train__c19__user8__1-2-2,19,Make_a_phone_call,user8,1-2-2,train,True,True,24,24,0,24,0,0,0,0,0,0,0,0,0,0,0,0.0,0,0,24,True,True,0.014119359559337834,0.04719534764795798
train__c19__user8__1-2-3,19,Make_a_phone_call,user8,1-2-3,train,True,True,15,15,0,15,0,0,0,0,0,0,0,0,0,0,0,0.0,0,0,15,True,True,0.015731294392462417,0.060850588351737865
train__c19__user8__2-1-1,19,Make_a_phone_call,user8,2-1-1,train,True,True,28,28,0,28,0,0,0,0,0,0,0,0,0,0,0,0.0,0,0,28,True,True,0.014837792053054159,0.04166755052383005
train__c19__user8__2-1-3,19,Make_a_phone_call,user8,2-1-3,train,True,True,19,19,0,19,0,0,0,0,0,0,0,0,0,0,0,0.0,0,0,19,True,True,0.013709831455216401,0.032457217780823035
train__c19__user16__4-1-1,19,Make_a_phone_call,user16,4-1-1,train,True,True,41,41,0,41,0,0,0,0,0,0,0,0,0,0,0,0.0,0,0,41,True,True,0.03819027056542012,0.1473656138269535
train__c19__user16__4-1-2,19,Make_a_phone_call,user16,4-1-2,train,True,True,27,27,0,27,0,0,0,0,0,0,0,0,0,0,0,0.0,0,0,27,True,True,0.0319535399865889,0.1090668157138621
train__c19__user16__4-1-3,19,Make_a_phone_call,user16,4-1-3,train,True,True,32,32,0,32,0,0,0,0,0,0,0,0,0,0,0,0.0,0,0,32,True,True,0.05655323953757995,0.1510644977231295
train__c19__user18__1-2-1,19,Make_a_phone_call,user18,1-2-1,train,True,True,34,34,0,34,0,0,0,0,0,0,0,0,0,0,0,0.0,0,0,34,True,True,0.021544286219379233,0.055787945570663425
train__c19__user18__1-2-2,19,Make_a_phone_call,user18,1-2-2,train,True,True,45,45,0,45,0,0,0,0,0,0,0,0,0,0,0,0.0,0,0,45,True,True,0.039181287589338636,0.17160039768533056
train__c19__user18__1-2-3,19,Make_a_phone_call,user18,1-2-3,train,True,True,37,37,0,37,0,0,0,0,0,0,0,0,0,0,0,0.0,0,0,37,True,True,0.02511451329448664,0.08620889132205506
train__c19__user18__2-1-1,19,Make_a_phone_call,user18,2-1-1,train,True,True,19,19,0,19,0,0,0,0,0,0,0,0,0,0,0,0.0,0,0,19,True,True,0.015164108238387704,0.037440751711010786
train__c19__user18__2-1-2,19,Make_a_phone_call,user18,2-1-2,train,True,True,21,21,0,21,0,0,0,0,0,0,0,0,0,0,0,0.0,0,0,21,True,True,0.023742513752729098,0.06705720035444465
train__c19__user18__2-1-3,19,Make_a_phone_call,user18,2-1-3,train,True,True,21,21,0,21,0,0,0,0,0,0,0,0,0,0,0,0.0,0,0,21,True,True,0.04080913510845107,0.10633690110209693
train__c19__user21__4-1-1,19,Make_a_phone_call,user21,4-1-1,train,True,True,70,70,0,70,0,0,0,0,0,0,0,0,0,0,0,0.0,0,0,70,True,True,0.010349053349797856,0.031075839793034247
train__c19__user21__4-1-2,19,Make_a_phone_call,user21,4-1-2,train,True,True,56,56,0,56,0,0,0,0,0,0,0,0,0,0,0,0.0,0,0,56,True,True,0.006266748731244859,0.015004046184126566
train__c19__user21__4-1-3,19,Make_a_phone_call,user21,4-1-3,train,True,True,30,30,0,30,0,0,0,0,0,0,0,0,0,0,0,0.0,0,0,30,True,True,0.012205673152075327,0.06959546568512123
train__c19__user22__4-1-1,19,Make_a_phone_call,user22,4-1-1,train,True,True,38,38,0,38,0,0,0,0,0,0,0,0,0,0,0,0.0,0,0,38,True,True,0.00853429990783771,0.024500341833374188
train__c19__user22__4-1-2,19,Make_a_phone_call,user22,4-1-2,train,True,True,30,30,0,30,0,0,0,0,0,0,0,0,0,0,0,0.0,0,0,30,True,True,0.006921755035766087,0.014819282249511685
train__c19__user22__4-1-3,19,Make_a_phone_call,user22,4-1-3,train,True,True,32,32,0,32,0,0,0,0,0,0,0,0,0,0,0,0.0,0,0,32,True,True,0.00990071917791645,0.020996833818616247
train__c19__user23__4-2-1,19,Make_a_phone_call,user23,4-2-1,validation,True,True,22,22,0,22,0,0,0,0,0,0,0,0,0,0,0,0.0,0,0,22,True,True,0.02115341074607202,0.059649235843686685
train__c19__user23__4-2-2,19,Make_a_phone_call,user23,4-2-2,validation,True,True,37,37,0,37,0,0,0,0,0,0,0,0,0,0,0,0.0,0,0,37,True,True,0.0066408061075870295,0.017249066697905466
train__c19__user23__4-2-3,19,Make_a_phone_call,user23,4-2-3,validation,True,True,18,18,0,18,0,0,0,0,0,0,0,0,0,0,0,0.0,0,0,18,True,True,0.007452635328285774,0.02659604708158724
train__c19__user24__3-2-1,19,Make_a_phone_call,user24,3-2-1,validation,True,True,29,29,0,29,0,0,0,0,0,0,0,0,0,0,0,0.0,0,0,29,True,True,0.024109323984986747,0.10620253476997066
train__c19__user24__3-2-2,19,Make_a_phone_call,user24,3-2-2,validation,True,True,12,12,0,12,0,0,0,0,0,0,0,0,0,0,0,0.0,0,0,12,True,True,0.019030110642183642,0.05953780427008688
train__c19__user24__3-2-3,19,Make_a_phone_call,user24,3-2-3,validation,True,True,23,23,0,23,0,0,0,0,0,0,0,0,0,0,0,0.0,0,0,23,True,True,0.014197026476026244,0.03968946805259477
train__c20__user1__3-2-1,20,Check_the_time,user1,3-2-1,train,True,True,13,13,0,13,0,0,0,0,0,0,0,0,0,0,0,0.0,0,0,13,True,True,0.02802318725805143,0.06313372825142836
train__c20__user1__3-2-2,20,Check_the_time,user1,3-2-2,train,True,True,9,9,0,9,0,0,0,0,0,0,0,0,0,0,0,0.0,0,0,9,True,True,0.05555880157356359,0.12002174975970484
train__c20__user1__3-2-3,20,Check_the_time,user1,3-2-3,train,True,True,4,4,0,4,0,0,0,0,0,0,0,0,0,0,0,0.0,0,0,4,True,True,0.06581574795865695,0.14860944489605707
train__c20__user1__5-1-1,20,Check_the_time,user1,5-1-1,train,True,True,17,17,0,17,0,0,0,0,0,0,0,0,0,0,0,0.0,0,0,17,True,True,0.03853350681808223,0.171302441444925
train__c20__user1__5-1-2,20,Check_the_time,user1,5-1-2,train,True,True,40,40,0,40,0,0,0,0,0,0,0,0,0,0,0,0.0,0,0,40,True,True,0.05707084646004481,0.21797716734362668
train__c20__user1__5-1-3,20,Check_the_time,user1,5-1-3,train,True,True,25,25,0,25,0,0,0,0,0,0,0,0,0,0,0,0.0,0,0,25,True,True,0.019554078690163044,0.06116762689497811
train__c20__user4__5-2-1,20,Check_the_time,user4,5-2-1,validation,True,True,23,23,0,23,0,0,0,0,0,0,0,0,0,0,0,0.0,0,0,23,True,True,0.01044167360009072,0.02720901760455261
train__c20__user4__5-2-2,20,Check_the_time,user4,5-2-2,validation,True,True,16,16,0,16,0,0,0,0,0,0,0,0,0,0,0,0.0,0,0,16,True,True,0.00953619619428267,0.026616465366198327
train__c20__user4__5-2-3,20,Check_the_time,user4,5-2-3,validation,True,True,11,11,0,11,0,0,0,0,0,0,0,0,0,0,0,0.0,0,0,11,True,True,0.011587962726044714,0.035864132535074845
train__c20__user5__4-1-1,20,Check_the_time,user5,4-1-1,train,True,True,16,16,0,16,0,0,0,0,0,0,0,0,0,0,0,0.0,0,0,16,True,True,0.019227098187880955,0.05856634561068458
train__c20__user5__4-1-2,20,Check_the_time,user5,4-1-2,train,True,True,14,14,0,14,0,0,0,0,0,0,0,0,0,0,0,0.0,0,0,14,True,True,0.029997363455683934,0.09240923288567879
train__c20__user5__4-1-3,20,Check_the_time,user5,4-1-3,train,True,True,12,12,0,12,0,0,0,0,0,0,0,0,0,0,0,0.0,0,0,12,True,True,0.03618704044231852,0.10631789506771354
train__c20__user6__4-1-1,20,Check_the_time,user6,4-1-1,train,True,True,25,25,0,25,0,0,0,0,0,0,0,0,0,0,0,0.0,0,0,25,True,True,0.03864732527642191,0.11051561285960189
train__c20__user6__4-1-2,20,Check_the_time,user6,4-1-2,train,True,True,9,9,0,9,0,0,0,0,0,0,0,0,0,0,0,0.0,0,0,9,True,True,0.01977118203756266,0.04504563595745874
train__c20__user6__4-1-3,20,Check_the_time,user6,4-1-3,train,True,True,14,14,0,14,0,0,0,0,0,0,0,0,0,0,0,0.0,0,0,14,True,True,0.03091708660614615,0.103612940887863
train__c20__user6__5-3-1,20,Check_the_time,user6,5-3-1,train,True,True,17,17,0,17,0,0,0,0,0,0,0,0,0,0,0,0.0,0,0,17,True,True,0.013175377960223212,0.05308023176489501
train__c20__user6__5-3-2,20,Check_the_time,user6,5-3-2,train,True,True,28,28,0,28,0,0,0,0,0,0,0,0,0,0,0,0.0,0,0,28,True,True,0.008999438053537647,0.02725107880786868
train__c20__user6__5-3-3,20,Check_the_time,user6,5-3-3,train,True,True,16,16,0,16,0,0,0,0,0,16,0,16,1,16,0,1.0,0,0,16,True,True,0.04636365278472279,0.13755859574951673
train__c20__user6__6-2-1,20,Check_the_time,user6,6-2-1,train,True,True,12,12,0,12,0,0,0,0,0,0,0,0,0,0,0,0.0,0,0,12,True,True,0.048614402066074515,0.17055968384569112
train__c20__user6__6-2-2,20,Check_the_time,user6,6-2-2,train,True,True,6,6,0,6,0,0,0,0,0,0,0,0,0,0,0,0.0,0,0,6,True,True,0.10617467825757504,0.3714672498594978
train__c20__user6__6-2-3,20,Check_the_time,user6,6-2-3,train,True,True,17,17,0,17,0,0,0,0,0,0,0,0,0,0,0,0.0,0,0,17,True,True,0.049500546725246695,0.1547124957795218
train__c20__user6__7-3-1,20,Check_the_time,user6,7-3-1,train,True,True,12,12,0,12,0,0,0,0,0,0,0,0,0,0,0,0.0,0,0,12,True,True,0.03960309316742896,0.15592468750199318
train__c20__user6__7-3-2,20,Check_the_time,user6,7-3-2,train,True,True,14,14,0,14,0,0,0,0,0,0,0,0,0,0,0,0.0,0,0,14,True,True,0.02849985463578007,0.13857988805854113
train__c20__user6__7-3-3,20,Check_the_time,user6,7-3-3,train,True,True,7,7,0,7,0,0,0,0,0,1,0,1,1,1,1,0.14285714285714285,0,0,7,True,True,0.08329903412556448,0.20415114174647578
train__c20__user7__4-1-1,20,Check_the_time,user7,4-1-1,train,True,True,11,11,0,11,0,0,0,0,0,0,0,0,0,0,0,0.0,0,0,11,True,True,0.018172791073243776,0.06724969199420038
train__c20__user7__4-1-2,20,Check_the_time,user7,4-1-2,train,True,True,7,7,0,7,0,0,0,0,0,0,0,0,0,0,0,0.0,0,0,7,True,True,0.015318624579595071,0.03661416750236149
train__c20__user7__4-1-3,20,Check_the_time,user7,4-1-3,train,True,True,7,7,0,7,0,0,0,0,0,0,0,0,0,0,0,0.0,0,0,7,True,True,0.02678202208079635,0.10095614479003229
train__c20__user8__2-1-1,20,Check_the_time,user8,2-1-1,train,True,True,16,16,0,16,0,0,0,0,0,0,0,0,0,0,0,0.0,0,0,16,True,True,0.015169918667984441,0.03908271480243995
train__c20__user8__2-1-2,20,Check_the_time,user8,2-1-2,train,True,True,20,20,0,20,0,0,0,0,0,0,0,0,0,0,0,0.0,0,0,20,True,True,0.009631990807108786,0.025049585200878584
train__c20__user8__2-1-3,20,Check_the_time,user8,2-1-3,train,True,True,23,23,0,23,0,0,0,0,0,0,0,0,0,0,0,0.0,0,0,23,True,True,0.03588345946004968,0.08983999851153972
train__c20__user8__5-1-1,20,Check_the_time,user8,5-1-1,train,True,True,12,12,0,12,0,0,0,0,0,0,0,0,0,0,0,0.0,0,0,12,True,True,0.030488255654178113,0.08861413313113291
train__c20__user8__5-1-2,20,Check_the_time,user8,5-1-2,train,True,True,15,15,0,15,0,0,0,0,0,0,0,0,0,0,0,0.0,0,0,15,True,True,0.022402305955817995,0.08642300118723227
train__c20__user8__5-1-3,20,Check_the_time,user8,5-1-3,train,True,True,20,20,0,20,0,0,0,0,0,0,0,0,0,0,0,0.0,0,0,20,True,True,0.026442016762595378,0.07884389739031503
train__c20__user8__6-1-1,20,Check_the_time,user8,6-1-1,train,False,False,0,0,0,0,0,0,0,0,0,0,0,0,0,0,0,0.0,0,0,0,True,True,,
train__c20__user8__6-1-2,20,Check_the_time,user8,6-1-2,train,False,False,0,0,0,0,0,0,0,0,0,0,0,0,0,0,0,0.0,0,0,0,True,True,,
train__c20__user8__6-2-1,20,Check_the_time,user8,6-2-1,train,True,True,24,24,0,24,0,0,0,0,0,0,0,0,0,0,0,0.0,0,0,24,True,True,0.02268115988317698,0.06508652593217984
train__c20__user9__5-3-1,20,Check_the_time,user9,5-3-1,train,True,True,11,11,0,11,0,0,0,0,0,0,0,0,0,0,0,0.0,0,0,11,True,True,0.018136786922430592,0.08624101622375147
train__c20__user9__5-3-2,20,Check_the_time,user9,5-3-2,train,True,True,13,13,0,13,0,0,0,0,0,0,0,0,0,0,0,0.0,0,0,13,True,True,0.010636254449307153,0.042651613851110444
train__c20__user9__5-3-3,20,Check_the_time,user9,5-3-3,train,True,True,9,9,0,9,0,0,0,0,0,0,0,0,0,0,0,0.0,0,0,9,True,True,0.019661516262576263,0.07557531388093644
train__c20__user9__6-1-1,20,Check_the_time,user9,6-1-1,train,True,True,6,6,0,6,0,0,0,0,0,0,0,0,0,0,0,0.0,0,0,6,True,True,0.011570004184030707,0.03645997560691123
train__c20__user9__6-1-2,20,Check_the_time,user9,6-1-2,train,True,True,5,5,0,5,0,0,0,0,0,0,0,0,0,0,0,0.0,0,0,5,True,True,0.013575643140673029,0.04020410457946036
train__c20__user9__6-1-3,20,Check_the_time,user9,6-1-3,train,True,True,8,8,0,8,0,0,0,0,0,0,0,0,0,0,0,0.0,0,0,8,True,True,0.10371240033890915,0.3523331763757949
train__c20__user16__4-1-1,20,Check_the_time,user16,4-1-1,train,True,True,16,16,0,16,0,0,0,0,0,0,0,0,0,0,0,0.0,0,0,16,True,True,0.02815435315137279,0.06495662859517011
train__c20__user16__4-1-2,20,Check_the_time,user16,4-1-2,train,True,True,26,26,0,26,0,0,0,0,0,0,0,0,0,0,0,0.0,0,0,26,True,True,0.021726528430390527,0.058873868505624795
train__c20__user16__4-1-3,20,Check_the_time,user16,4-1-3,train,True,True,26,26,0,26,0,0,0,0,0,0,0,0,0,0,0,0.0,0,0,26,True,True,0.03416863367372198,0.12851346169077826
train__c20__user16__5-3-1,20,Check_the_time,user16,5-3-1,train,True,True,42,42,0,42,0,0,0,0,0,11,0,11,2,9,0,0.2619047619047619,0,0,42,True,True,0.023230773651380914,0.06535725267330018
train__c20__user16__5-3-2,20,Check_the_time,user16,5-3-2,train,True,True,26,26,0,26,0,0,0,0,0,0,0,0,0,0,0,0.0,0,0,26,True,True,0.02348936198790818,0.08011713054968872
train__c20__user16__5-3-3,20,Check_the_time,user16,5-3-3,train,True,True,28,28,0,28,0,0,0,0,0,0,0,0,0,0,0,0.0,0,0,28,True,True,0.041020820023345776,0.1174946051930834
train__c20__user16__7-3-1,20,Check_the_time,user16,7-3-1,train,True,True,26,26,0,26,0,0,0,0,0,0,0,0,0,0,0,0.0,0,0,26,True,True,0.009729903778578929,0.033438252891490654
train__c20__user16__7-3-2,20,Check_the_time,user16,7-3-2,train,True,True,34,34,0,34,0,0,0,0,0,0,0,0,0,0,0,0.0,0,0,34,True,True,0.011534591289602075,0.037172295561131934
train__c20__user16__7-3-3,20,Check_the_time,user16,7-3-3,train,True,True,22,22,0,22,0,0,0,0,0,0,0,0,0,0,0,0.0,0,0,22,True,True,0.031460478126195575,0.09140855174510652
train__c20__user17__1-2-1,20,Check_the_time,user17,1-2-1,validation,True,True,17,17,0,17,0,0,0,0,0,0,0,0,0,0,0,0.0,0,0,17,True,True,0.016868391504270063,0.053521131102561986
train__c20__user17__1-2-2,20,Check_the_time,user17,1-2-2,validation,True,True,20,20,0,20,0,0,0,0,0,0,0,0,0,0,0,0.0,0,0,20,True,True,0.013816409140683323,0.04792393399898163
train__c20__user17__1-2-3,20,Check_the_time,user17,1-2-3,validation,True,True,11,11,0,11,0,0,0,0,0,0,0,0,0,0,0,0.0,0,0,11,True,True,0.013170761113663684,0.04480935098015636
train__c20__user17__4-1-1,20,Check_the_time,user17,4-1-1,validation,True,True,14,14,0,14,0,0,0,0,0,0,0,0,0,0,0,0.0,0,0,14,True,True,0.035344544628869566,0.13368237795124463
train__c20__user17__4-1-2,20,Check_the_time,user17,4-1-2,validation,True,True,8,8,0,8,0,0,0,0,0,0,0,0,0,0,0,0.0,0,0,8,True,True,0.023466389265514843,0.07497008894880824
train__c20__user17__4-1-3,20,Check_the_time,user17,4-1-3,validation,True,True,7,7,0,7,0,0,0,0,0,0,0,0,0,0,0,0.0,0,0,7,True,True,0.05181975650870603,0.11417395336446065
train__c20__user18__2-1-1,20,Check_the_time,user18,2-1-1,train,True,True,19,19,0,19,0,0,0,0,0,0,0,0,0,0,0,0.0,0,0,19,True,True,0.07541900343368863,0.13258777703619024
train__c20__user18__2-1-2,20,Check_the_time,user18,2-1-2,train,True,True,12,12,0,12,0,0,0,0,0,0,0,0,0,0,0,0.0,0,0,12,True,True,0.017584174594529177,0.04788980954783314
train__c20__user18__2-1-3,20,Check_the_time,user18,2-1-3,train,True,True,13,13,0,13,0,0,0,0,0,0,0,0,0,0,0,0.0,0,0,13,True,True,0.017502001366244156,0.04964124840062493
train__c20__user18__5-1-1,20,Check_the_time,user18,5-1-1,train,True,True,21,21,0,21,0,0,0,0,0,0,0,0,0,0,0,0.0,0,0,21,True,True,0.03218368011384039,0.07898174341605542
train__c20__user18__5-1-2,20,Check_the_time,user18,5-1-2,train,True,True,22,22,0,22,0,0,0,0,0,0,0,0,0,0,0,0.0,0,0,22,True,True,0.02531394858928357,0.05797274576692271
train__c20__user18__5-1-3,20,Check_the_time,user18,5-1-3,train,True,True,16,16,0,16,0,0,0,0,0,0,0,0,0,0,0,0.0,0,0,16,True,True,0.04462745232465096,0.15215396464166805
train__c20__user18__6-2-1,20,Check_the_time,user18,6-2-1,train,True,True,14,14,0,14,0,0,0,0,0,0,0,0,0,0,0,0.0,0,0,14,True,True,0.042189336185803956,0.22669708427982285
train__c20__user18__6-2-2,20,Check_the_time,user18,6-2-2,train,True,True,7,7,0,7,0,0,0,0,0,0,0,0,0,0,0,0.0,0,0,7,True,True,0.018968859698928937,0.051553664655629536
train__c20__user18__6-2-3,20,Check_the_time,user18,6-2-3,train,True,True,9,9,0,9,0,0,0,0,0,0,0,0,0,0,0,0.0,0,0,9,True,True,0.0257104434173679,0.05755642818891203
train__c20__user19__4-1-1,20,Check_the_time,user19,4-1-1,train,True,True,11,11,0,11,0,0,0,0,0,0,0,0,0,0,0,0.0,0,0,11,True,True,0.030083891797407687,0.11066538733268652
train__c20__user19__4-1-2,20,Check_the_time,user19,4-1-2,train,True,True,9,9,0,9,0,0,0,0,0,0,0,0,0,0,0,0.0,0,0,9,True,True,0.03392136460664892,0.0911015572147499
train__c20__user19__4-1-3,20,Check_the_time,user19,4-1-3,train,True,True,7,7,0,7,0,0,0,0,0,0,0,0,0,0,0,0.0,0,0,7,True,True,0.04255328735485847,0.14795407679175848
train__c20__user19__5-3-1,20,Check_the_time,user19,5-3-1,train,True,True,12,12,0,12,0,0,0,0,0,0,0,0,0,0,0,0.0,0,0,12,True,True,0.02128608293020791,0.058306998054929726
train__c20__user19__5-3-2,20,Check_the_time,user19,5-3-2,train,True,True,14,14,0,14,0,0,0,0,0,0,0,0,0,0,0,0.0,0,0,14,True,True,0.024148609048972983,0.06423522460341259
train__c20__user19__5-3-3,20,Check_the_time,user19,5-3-3,train,True,True,5,5,0,5,0,0,0,0,0,0,0,0,0,0,0,0.0,0,0,5,True,True,0.024300136619734198,0.06517284453721742
train__c20__user20__1-1-1,20,Check_the_time,user20,1-1-1,train,True,True,32,32,0,32,0,0,0,0,0,0,0,0,0,0,0,0.0,0,0,32,True,True,0.028227677233261587,0.08588760691934937
train__c20__user20__1-1-2,20,Check_the_time,user20,1-1-2,train,True,True,18,18,0,18,0,0,0,0,0,0,0,0,0,0,0,0.0,0,0,18,True,True,0.058744705764117076,0.3015647102635685
train__c20__user20__1-1-3,20,Check_the_time,user20,1-1-3,train,True,True,26,26,0,26,0,0,0,0,0,0,0,0,0,0,0,0.0,0,0,26,True,True,0.009234758379403595,0.02586440855707095
train__c20__user20__2-2-1,20,Check_the_time,user20,2-2-1,train,True,True,14,14,0,14,0,0,0,0,0,0,0,0,0,0,0,0.0,0,0,14,True,True,0.023758057150341152,0.055602182685375916
train__c20__user20__2-2-2,20,Check_the_time,user20,2-2-2,train,True,True,11,11,0,11,0,0,0,0,0,0,0,0,0,0,0,0.0,0,0,11,True,True,0.021632338071366556,0.06629897466701778
train__c20__user20__2-2-3,20,Check_the_time,user20,2-2-3,train,True,True,4,4,0,4,0,0,0,0,0,0,0,0,0,0,0,0.0,0,0,4,True,True,0.0436213815188203,0.14514741819210375
train__c20__user20__4-1-1,20,Check_the_time,user20,4-1-1,train,True,True,21,21,0,21,0,0,0,0,0,0,0,0,0,0,0,0.0,0,0,21,True,True,0.024786911578066232,0.06975222829236127
train__c20__user20__4-1-2,20,Check_the_time,user20,4-1-2,train,True,True,6,6,0,6,0,0,0,0,0,0,0,0,0,0,0,0.0,0,0,6,True,True,0.04883934535482182,0.12293115104385732
train__c20__user20__4-1-3,20,Check_the_time,user20,4-1-3,train,True,True,13,13,0,13,0,0,0,0,0,0,0,0,0,0,0,0.0,0,0,13,True,True,0.013881530251216453,0.03524334452162748
train__c20__user20__5-1-1,20,Check_the_time,user20,5-1-1,train,True,True,5,5,0,5,0,0,0,0,0,0,0,0,0,0,0,0.0,0,0,5,True,True,0.05660436277285654,0.22126426442764982
train__c20__user20__5-1-2,20,Check_the_time,user20,5-1-2,train,True,True,5,5,0,5,0,0,0,0,0,0,0,0,0,0,0,0.0,0,0,5,True,True,0.0345094621374248,0.13275559914602833
train__c20__user20__5-1-3,20,Check_the_time,user20,5-1-3,train,True,True,11,11,0,11,0,0,0,0,0,0,0,0,0,0,0,0.0,0,0,11,True,True,0.03269905961700148,0.09867450383786933
train__c20__user21__2-2-1,20,Check_the_time,user21,2-2-1,train,True,True,19,19,0,19,0,0,0,0,0,0,0,0,0,0,0,0.0,0,0,19,True,True,0.014133369767785104,0.038034502748088964
train__c20__user21__2-2-2,20,Check_the_time,user21,2-2-2,train,True,True,8,8,0,8,0,0,0,0,0,0,0,0,0,0,0,0.0,0,0,8,True,True,0.011212562475812048,0.029784399841086308
train__c20__user21__2-2-3,20,Check_the_time,user21,2-2-3,train,True,True,14,14,0,14,0,0,0,0,0,0,0,0,0,0,0,0.0,0,0,14,True,True,0.04051493387955985,0.10756808016478936
train__c20__user21__6-2-1,20,Check_the_time,user21,6-2-1,train,True,True,28,28,0,28,0,0,0,0,0,0,0,0,0,0,0,0.0,0,0,28,True,True,0.006586379557264266,0.019176582007964398
train__c20__user21__6-2-2,20,Check_the_time,user21,6-2-2,train,True,True,18,18,0,18,0,0,0,0,0,0,0,0,0,0,0,0.0,0,0,18,True,True,0.005670417225660421,0.013793357240917741
train__c20__user21__6-2-3,20,Check_the_time,user21,6-2-3,train,True,True,18,18,0,18,0,0,0,0,0,0,0,0,0,0,0,0.0,0,0,18,True,True,0.007232617748750355,0.014563993093429036
train__c20__user22__6-1-1,20,Check_the_time,user22,6-1-1,train,True,True,15,15,0,15,0,0,0,0,0,3,0,3,1,3,0,0.2,0,0,15,True,True,0.020379273442255503,0.09049552606637934
train__c20__user22__6-1-2,20,Check_the_time,user22,6-1-2,train,True,True,12,12,0,12,0,0,0,0,0,0,0,0,0,0,0,0.0,0,0,12,True,True,0.015658495137621957,0.04421392945538997
train__c20__user22__6-1-3,20,Check_the_time,user22,6-1-3,train,True,True,3,3,0,3,0,0,0,0,0,0,0,0,0,0,0,0.0,0,0,3,True,True,0.03309175058027707,0.11384339177824915
train__c20__user24__7-2-1,20,Check_the_time,user24,7-2-1,validation,True,True,22,22,0,22,0,0,0,0,0,0,0,0,0,0,0,0.0,0,0,22,True,True,0.029762437295919805,0.08672546449453465
train__c20__user24__7-2-2,20,Check_the_time,user24,7-2-2,validation,True,True,11,11,0,11,0,0,0,0,0,0,0,0,0,0,0,0.0,0,0,11,True,True,0.026832601859835627,0.08878256675967484
train__c20__user24__7-2-3,20,Check_the_time,user24,7-2-3,validation,True,True,19,19,0,19,0,0,0,0,0,0,0,0,0,0,0,0.0,0,0,19,True,True,0.015990992468184837,0.0603285463574183
train__c21__user1__6-2-1,21,Read_documents,user1,6-2-1,train,True,True,30,30,0,30,0,0,0,0,0,0,0,0,0,0,0,0.0,0,0,30,True,True,0.06879586676709092,0.23262855921261072
train__c21__user1__6-2-2,21,Read_documents,user1,6-2-2,train,True,True,11,11,0,11,0,0,0,0,0,0,0,0,0,0,0,0.0,0,0,11,True,True,0.03576176360479603,0.09730950082316386
train__c21__user1__6-2-3,21,Read_documents,user1,6-2-3,train,True,True,10,10,0,10,0,0,0,0,0,0,0,0,0,0,0,0.0,0,0,10,True,True,0.036859923749752374,0.12177182936175264
train__c21__user2__3-2-2,21,Read_documents,user2,3-2-2,train,True,True,7,7,0,7,0,0,0,0,0,0,0,0,0,0,0,0.0,0,0,7,True,True,0.0419152207194308,0.09909515859869021
train__c21__user2__3-2-3,21,Read_documents,user2,3-2-3,train,True,True,15,15,0,15,0,0,0,0,0,0,0,0,0,0,0,0.0,0,0,15,True,True,0.02085876821404263,0.060839374153349376
train__c21__user3__4-1-1,21,Read_documents,user3,4-1-1,train,True,True,105,105,0,105,0,0,0,0,0,0,0,0,0,0,0,0.0,0,0,105,True,True,0.024033474239442805,0.08146379093022764
train__c21__user3__4-1-2,21,Read_documents,user3,4-1-2,train,True,True,94,94,0,94,0,0,0,0,0,0,0,0,0,0,0,0.0,0,0,94,True,True,0.012401191166755598,0.03653542571007509
train__c21__user3__4-1-3,21,Read_documents,user3,4-1-3,train,True,True,72,72,0,72,0,0,0,0,0,0,0,0,0,0,0,0.0,0,0,72,True,True,0.0264025821634616,0.0781057765827217
train__c21__user3__5-2-1,21,Read_documents,user3,5-2-1,train,True,True,99,99,0,99,0,0,168,0,0,0,0,0,0,0,0,0.0,0,0,99,True,True,0.028136032778511733,0.07963297574808131
train__c21__user3__5-2-2,21,Read_documents,user3,5-2-2,train,True,True,50,50,0,50,0,0,78,0,0,0,0,0,0,0,0,0.0,0,0,50,True,True,0.025492551630234304,0.08525391199172587
train__c21__user3__5-2-3,21,Read_documents,user3,5-2-3,train,True,True,94,94,0,94,0,0,142,0,0,0,0,0,0,0,0,0.0,0,0,94,True,True,0.01678767069020293,0.05279173726554803
train__c21__user3__6-2-2,21,Read_documents,user3,6-2-2,train,True,True,31,31,0,31,0,0,0,0,0,0,0,0,0,0,0,0.0,0,0,31,True,True,0.016171503238967933,0.05191416125271613
train__c21__user3__6-2-3,21,Read_documents,user3,6-2-3,train,True,True,24,24,0,24,0,0,0,0,0,0,0,0,0,0,0,0.0,0,0,24,True,True,0.04330301043166285,0.1149835702995619
train__c21__user4__4-1-1,21,Read_documents,user4,4-1-1,validation,True,True,9,9,0,9,0,0,0,0,0,0,0,0,0,0,0,0.0,0,0,9,True,True,0.028522534829735883,0.11960724770034423
train__c21__user4__4-1-2,21,Read_documents,user4,4-1-2,validation,True,True,12,12,0,12,0,0,0,0,0,0,0,0,0,0,0,0.0,0,0,12,True,True,0.015589038078125483,0.06904419295804982
train__c21__user4__4-1-3,21,Read_documents,user4,4-1-3,validation,True,True,6,6,0,6,0,0,0,0,0,0,0,0,0,0,0,0.0,0,0,6,True,True,0.043865721295680074,0.12697812287058652
train__c21__user5__2-1-1,21,Read_documents,user5,2-1-1,train,False,False,0,0,0,0,0,0,0,0,0,0,0,0,0,0,0,0.0,0,0,0,True,True,,
train__c21__user5__2-1-2,21,Read_documents,user5,2-1-2,train,False,False,0,0,0,0,0,0,0,0,0,0,0,0,0,0,0,0.0,0,0,0,True,True,,
train__c21__user5__2-1-3,21,Read_documents,user5,2-1-3,train,False,False,0,0,0,0,0,0,0,0,0,0,0,0,0,0,0,0.0,0,0,0,True,True,,
train__c21__user5__3-1-1,21,Read_documents,user5,3-1-1,train,False,False,0,0,0,0,0,0,0,0,0,0,0,0,0,0,0,0.0,0,0,0,True,True,,
train__c21__user5__3-1-2,21,Read_documents,user5,3-1-2,train,False,False,0,0,0,0,0,0,0,0,0,0,0,0,0,0,0,0.0,0,0,0,True,True,,
train__c21__user5__3-1-3,21,Read_documents,user5,3-1-3,train,False,False,0,0,0,0,0,0,0,0,0,0,0,0,0,0,0,0.0,0,0,0,True,True,,
train__c21__user5__4-3-1,21,Read_documents,user5,4-3-1,train,False,False,0,0,0,0,0,0,0,0,0,0,0,0,0,0,0,0.0,0,0,0,True,True,,
train__c21__user5__4-3-2,21,Read_documents,user5,4-3-2,train,False,False,0,0,0,0,0,0,0,0,0,0,0,0,0,0,0,0.0,0,0,0,True,True,,
train__c21__user5__4-3-3,21,Read_documents,user5,4-3-3,train,False,False,0,0,0,0,0,0,0,0,0,0,0,0,0,0,0,0.0,0,0,0,True,True,,
train__c21__user6__4-1-1,21,Read_documents,user6,4-1-1,train,True,True,47,47,0,47,0,0,0,0,0,1,0,1,1,1,1,0.02127659574468085,0,0,47,True,True,0.010297197667544007,0.0303389608388561
train__c21__user6__4-1-2,21,Read_documents,user6,4-1-2,train,True,True,37,37,0,37,0,0,0,0,0,4,0,4,2,3,1,0.10810810810810811,0,0,37,True,True,0.010474183324375766,0.025394593073678973
train__c21__user6__4-1-3,21,Read_documents,user6,4-1-3,train,True,True,26,26,0,26,0,0,0,0,0,0,0,0,0,0,0,0.0,0,0,26,True,True,0.014934717887716541,0.03906215899451148
train__c21__user6__7-3-1,21,Read_documents,user6,7-3-1,train,True,True,52,52,0,52,0,0,0,0,0,0,0,0,0,0,0,0.0,0,0,52,True,True,0.010018924715255905,0.028853460765587705
train__c21__user6__7-3-2,21,Read_documents,user6,7-3-2,train,True,True,42,42,0,42,0,0,0,0,0,5,0,5,2,3,0,0.11904761904761904,0,0,42,True,True,0.011045838059672762,0.027311044725184412
train__c21__user6__7-3-3,21,Read_documents,user6,7-3-3,train,True,True,48,48,0,48,0,0,0,0,0,1,0,1,1,1,1,0.020833333333333332,0,0,48,True,True,0.014879954404238054,0.04624841664027638
train__c21__user7__4-1-1,21,Read_documents,user7,4-1-1,train,True,True,63,63,0,63,0,0,0,0,0,0,0,0,0,0,0,0.0,0,0,63,True,True,0.01871932961391539,0.05961176356003208
train__c21__user7__4-1-2,21,Read_documents,user7,4-1-2,train,True,True,46,46,0,46,0,0,0,0,0,0,0,0,0,0,0,0.0,0,0,46,True,True,0.04647366309036055,0.23211679141862523
train__c21__user7__4-1-3,21,Read_documents,user7,4-1-3,train,True,True,33,33,0,33,0,0,0,0,0,0,0,0,0,0,0,0.0,0,0,33,True,True,0.04765123863503642,0.1421064336405165
train__c21__user8__1-2-1,21,Read_documents,user8,1-2-1,train,True,True,49,49,0,49,0,0,0,0,0,0,0,0,0,0,0,0.0,0,0,49,True,True,0.014273311710562753,0.04575042356265324
train__c21__user8__1-2-2,21,Read_documents,user8,1-2-2,train,True,True,24,24,0,24,0,0,0,0,0,0,0,0,0,0,0,0.0,0,0,24,True,True,0.0268809986822119,0.07894174580005295
train__c21__user8__1-2-3,21,Read_documents,user8,1-2-3,train,True,True,40,40,0,40,0,0,0,0,0,0,0,0,0,0,0,0.0,0,0,40,True,True,0.018551675513671394,0.056866874288427516
train__c21__user8__4-1-1,21,Read_documents,user8,4-1-1,train,True,True,73,73,0,73,0,0,0,0,0,0,0,0,0,0,0,0.0,0,0,73,True,True,0.013785638223832549,0.0484385878149567
train__c21__user8__4-1-2,21,Read_documents,user8,4-1-2,train,True,True,45,45,0,45,0,0,0,0,0,1,0,1,1,1,1,0.022222222222222223,0,0,45,True,True,0.009970002804658694,0.027125796613418292
train__c21__user8__4-1-3,21,Read_documents,user8,4-1-3,train,True,True,32,32,0,32,0,0,0,0,0,0,0,0,0,0,0,0.0,0,0,32,True,True,0.009152859016151574,0.024362794772424038
train__c21__user9__4-1-1,21,Read_documents,user9,4-1-1,train,True,True,47,47,0,47,0,0,0,0,0,0,0,0,0,0,0,0.0,0,0,47,True,True,0.02525459531748566,0.08760804305890521
train__c21__user9__4-1-2,21,Read_documents,user9,4-1-2,train,True,True,37,37,0,37,0,0,0,0,0,0,0,0,0,0,0,0.0,0,0,37,True,True,0.01425046792893207,0.04318104246998214
train__c21__user9__4-1-3,21,Read_documents,user9,4-1-3,train,True,True,45,45,0,45,0,0,0,0,0,0,0,0,0,0,0,0.0,0,0,45,True,True,0.1491485668170658,0.5231126305960921
train__c21__user9__6-1-1,21,Read_documents,user9,6-1-1,train,True,True,47,47,0,47,0,0,0,0,0,0,0,0,0,0,0,0.0,0,0,47,True,True,0.010216976709153834,0.0292789757781584
train__c21__user9__6-1-2,21,Read_documents,user9,6-1-2,train,True,True,27,27,0,27,0,0,0,0,0,0,0,0,0,0,0,0.0,0,0,27,True,True,0.017128804563145153,0.05622990332064017
train__c21__user9__6-1-3,21,Read_documents,user9,6-1-3,train,True,True,24,24,0,24,0,0,0,0,0,1,0,1,1,1,1,0.041666666666666664,0,0,24,True,True,0.015746995498034988,0.04835973205756878
train__c21__user16__4-1-1,21,Read_documents,user16,4-1-1,train,True,True,25,25,0,25,0,0,0,0,0,0,0,0,0,0,0,0.0,0,0,25,True,True,0.02333408423864176,0.05630339570184069
train__c21__user16__4-1-2,21,Read_documents,user16,4-1-2,train,True,True,18,18,0,18,0,0,0,0,0,0,0,0,0,0,0,0.0,0,0,18,True,True,0.012922912397712191,0.03275814075549536
train__c21__user16__4-1-3,21,Read_documents,user16,4-1-3,train,True,True,4,4,0,4,0,0,0,0,0,0,0,0,0,0,0,0.0,0,0,4,True,True,0.04321763365482896,0.13612700667253635
train__c21__user16__7-3-1,21,Read_documents,user16,7-3-1,train,True,True,17,17,0,17,0,0,0,0,0,0,0,0,0,0,0,0.0,0,0,17,True,True,0.03640476781006119,0.10814488324815469
train__c21__user16__7-3-2,21,Read_documents,user16,7-3-2,train,True,True,18,18,0,18,0,0,0,0,0,0,0,0,0,0,0,0.0,0,0,18,True,True,0.05438378200820021,0.10223358079742156
train__c21__user16__7-3-3,21,Read_documents,user16,7-3-3,train,True,True,4,4,0,4,0,0,0,0,0,0,0,0,0,0,0,0.0,0,0,4,True,True,0.06547060680579335,0.1331500186659482
train__c21__user17__4-1-1,21,Read_documents,user17,4-1-1,validation,True,True,72,72,0,72,0,0,0,0,0,0,0,0,0,0,0,0.0,0,0,72,True,True,0.023714226537113393,0.08546468482116426
train__c21__user17__4-1-2,21,Read_documents,user17,4-1-2,validation,True,True,57,57,0,57,0,0,0,0,0,0,0,0,0,0,0,0.0,0,0,57,True,True,0.055157281432634465,0.20038336117223568
train__c21__user17__4-1-3,21,Read_documents,user17,4-1-3,validation,True,True,28,28,0,28,0,0,0,0,0,0,0,0,0,0,0,0.0,0,0,28,True,True,0.04927444774645202,0.1141348999291196
train__c21__user18__1-2-1,21,Read_documents,user18,1-2-1,train,True,True,54,54,0,54,0,0,0,0,0,0,0,0,0,0,0,0.0,0,0,54,True,True,0.10816409417880046,0.3121847723733609
train__c21__user18__1-2-2,21,Read_documents,user18,1-2-2,train,True,True,40,40,0,40,0,0,0,0,0,0,0,0,0,0,0,0.0,0,0,40,True,True,0.020604737470282124,0.05668263444548395
train__c21__user18__1-2-3,21,Read_documents,user18,1-2-3,train,True,True,48,48,0,48,0,0,0,0,0,0,0,0,0,0,0,0.0,0,0,48,True,True,0.012474449289143501,0.026980715816961414
train__c21__user18__4-1-1,21,Read_documents,user18,4-1-1,train,True,True,68,68,0,68,0,0,0,0,0,0,0,0,0,0,0,0.0,0,0,68,True,True,0.061232580544855184,0.26837723531306523
train__c21__user18__4-1-2,21,Read_documents,user18,4-1-2,train,True,True,32,32,0,32,0,0,0,0,0,0,0,0,0,0,0,0.0,0,0,32,True,True,0.032810064083735095,0.10938282224489948
train__c21__user18__4-1-3,21,Read_documents,user18,4-1-3,train,True,True,65,65,0,65,0,0,0,0,0,0,0,0,0,0,0,0.0,0,0,65,True,True,0.04872829101152463,0.12317349717643808
train__c21__user19__4-1-1,21,Read_documents,user19,4-1-1,train,True,True,5,5,0,5,0,0,0,0,0,0,0,0,0,0,0,0.0,0,0,5,True,True,0.024127899306488454,0.07768467721427638
train__c21__user19__4-1-2,21,Read_documents,user19,4-1-2,train,True,True,8,8,0,8,0,0,0,0,0,0,0,0,0,0,0,0.0,0,0,8,True,True,0.017928113920661983,0.04336488386561089
train__c21__user19__4-1-3,21,Read_documents,user19,4-1-3,train,True,True,5,5,0,5,0,0,0,0,0,0,0,0,0,0,0,0.0,0,0,5,True,True,0.028036424691167107,0.0785267826619372
train__c21__user20__4-1-1,21,Read_documents,user20,4-1-1,train,True,True,66,66,0,66,0,0,0,0,0,0,0,0,0,0,0,0.0,0,0,66,True,True,0.01688394409594571,0.0666171782367536
train__c21__user20__4-1-2,21,Read_documents,user20,4-1-2,train,True,True,9,9,0,9,0,0,0,0,0,0,0,0,0,0,0,0.0,0,0,9,True,True,0.0424239019911432,0.09759402035250753
train__c21__user20__4-1-3,21,Read_documents,user20,4-1-3,train,True,True,16,16,0,16,0,0,0,0,0,0,0,0,0,0,0,0.0,0,0,16,True,True,0.01294334857455082,0.029511710632167523
train__c21__user22__1-2-1,21,Read_documents,user22,1-2-1,train,True,True,29,29,0,29,0,0,0,0,0,0,0,0,0,0,0,0.0,0,0,29,True,True,0.05009778002676257,0.19817035495675486
train__c21__user22__1-2-2,21,Read_documents,user22,1-2-2,train,True,True,32,32,0,32,0,0,0,0,0,0,0,0,0,0,0,0.0,0,0,32,True,True,0.09743557767018322,0.33106770636663413
train__c21__user22__1-2-3,21,Read_documents,user22,1-2-3,train,True,True,9,9,0,9,0,0,0,0,0,0,0,0,0,0,0,0.0,0,0,9,True,True,0.06669566799144039,0.2743072110598033
train__c21__user22__4-1-1,21,Read_documents,user22,4-1-1,train,True,True,9,9,0,9,0,0,0,0,0,0,0,0,0,0,0,0.0,0,0,9,True,True,0.0485768981415673,0.1472291896006713
train__c21__user22__4-1-2,21,Read_documents,user22,4-1-2,train,True,True,15,15,0,15,0,0,0,0,0,0,0,0,0,0,0,0.0,0,0,15,True,True,0.03909377512537413,0.08657430317458259
train__c21__user22__4-1-3,21,Read_documents,user22,4-1-3,train,True,True,25,25,0,25,0,0,0,0,0,0,0,0,0,0,0,0.0,0,0,25,True,True,0.03192316730938513,0.1750175683535497
train__c21__user23__4-1-1,21,Read_documents,user23,4-1-1,validation,True,True,46,46,0,46,0,0,0,0,0,0,0,0,0,0,0,0.0,0,0,46,True,True,0.04545831746590801,0.13045784972460758
train__c21__user23__4-1-2,21,Read_documents,user23,4-1-2,validation,True,True,33,33,0,33,0,0,0,0,0,0,0,0,0,0,0,0.0,0,0,33,True,True,0.047410559178201785,0.25646293140662374
train__c21__user23__4-1-3,21,Read_documents,user23,4-1-3,validation,True,True,44,44,0,44,0,0,0,0,0,0,0,0,0,0,0,0.0,0,0,44,True,True,0.023241374391235487,0.07722341504645515
train__c21__user24__1-2-1,21,Read_documents,user24,1-2-1,validation,True,True,135,135,0,135,0,0,0,0,0,0,0,0,0,0,0,0.0,0,0,135,True,True,0.04543338214411012,0.20192316970031565
train__c21__user24__1-2-2,21,Read_documents,user24,1-2-2,validation,True,True,36,36,0,36,0,0,0,0,0,0,0,0,0,0,0,0.0,0,0,36,True,True,0.04098819266127284,0.18578890339247617
train__c21__user24__1-2-3,21,Read_documents,user24,1-2-3,validation,True,True,48,48,0,48,0,0,0,0,0,0,0,0,0,0,0,0.0,0,0,48,True,True,0.11348130137908838,0.34069156056282224
train__c21__user24__7-2-1,21,Read_documents,user24,7-2-1,validation,True,True,83,83,0,83,0,0,0,0,0,0,0,0,0,0,0,0.0,0,0,83,True,True,0.01848374477961325,0.06331656065101518
train__c21__user24__7-2-2,21,Read_documents,user24,7-2-2,validation,True,True,45,45,0,45,0,0,0,0,0,0,0,0,0,0,0,0.0,0,0,45,True,True,0.012485066183513851,0.03831277430099112
train__c21__user24__7-2-3,21,Read_documents,user24,7-2-3,validation,True,True,51,51,0,51,0,0,0,0,0,1,0,1,1,1,1,0.0196078431372549,0,0,51,True,True,0.011994511877082304,0.031982144789550256
train__c22__user1__6-2-1,22,Turn_pages,user1,6-2-1,train,True,True,30,30,0,30,0,0,0,0,0,0,0,0,0,0,0,0.0,0,0,30,True,True,0.05828240730186494,0.18645413908181094
train__c22__user1__6-2-2,22,Turn_pages,user1,6-2-2,train,True,True,19,19,0,19,0,0,0,0,0,0,0,0,0,0,0,0.0,0,0,19,True,True,0.051361227104318306,0.11907642828102985
train__c22__user1__6-2-3,22,Turn_pages,user1,6-2-3,train,True,True,37,37,0,37,0,0,0,0,0,0,0,0,0,0,0,0.0,0,0,37,True,True,0.06856782819098235,0.20930151323437987
train__c22__user2__3-2-2,22,Turn_pages,user2,3-2-2,train,True,True,22,22,0,22,0,0,0,0,0,0,0,0,0,0,0,0.0,0,0,22,True,True,0.03612948887331518,0.1063423756119903
train__c22__user2__3-2-3,22,Turn_pages,user2,3-2-3,train,True,True,37,37,0,37,0,0,0,0,0,0,0,0,0,0,0,0.0,0,0,37,True,True,0.02636447365117797,0.08658895812617462
train__c22__user3__4-1-1,22,Turn_pages,user3,4-1-1,train,True,True,9,9,0,9,0,0,0,0,0,0,0,0,0,0,0,0.0,0,0,9,True,True,0.015437741202373404,0.05068343529302054
train__c22__user3__4-1-2,22,Turn_pages,user3,4-1-2,train,True,True,10,10,0,10,0,0,0,0,0,0,0,0,0,0,0,0.0,0,0,10,True,True,0.012957038097464216,0.034785410418689995
train__c22__user3__4-1-3,22,Turn_pages,user3,4-1-3,train,True,True,63,63,0,63,0,0,0,0,0,0,0,0,0,0,0,0.0,0,0,63,True,True,0.023589677743310878,0.0695562204999284
train__c22__user3__5-2-1,22,Turn_pages,user3,5-2-1,train,True,True,7,7,0,7,0,0,0,0,0,0,0,0,0,0,0,0.0,0,0,7,True,True,0.03581556630074509,0.07561272778111208
train__c22__user3__5-2-2,22,Turn_pages,user3,5-2-2,train,True,True,8,8,0,8,0,0,0,0,0,0,0,0,0,0,0,0.0,0,0,8,True,True,0.015345531459344976,0.04267381125418991
train__c22__user3__5-2-3,22,Turn_pages,user3,5-2-3,train,True,True,19,19,0,19,0,0,0,0,0,0,0,0,0,0,0,0.0,0,0,19,True,True,0.020433150039727795,0.056019141341103404
train__c22__user4__4-1-1,22,Turn_pages,user4,4-1-1,validation,True,True,36,36,0,36,0,0,0,0,0,0,0,0,0,0,0,0.0,0,0,36,True,True,0.023754420785732967,0.05654544751526492
train__c22__user4__4-1-2,22,Turn_pages,user4,4-1-2,validation,True,True,34,34,0,34,0,0,0,0,0,0,0,0,0,0,0,0.0,0,0,34,True,True,0.01857286536671895,0.05253862352096025
train__c22__user4__4-1-3,22,Turn_pages,user4,4-1-3,validation,True,True,41,41,0,41,0,0,0,0,0,0,0,0,0,0,0,0.0,0,0,41,True,True,0.030405207684734044,0.07859693684380742
train__c22__user5__2-1-1,22,Turn_pages,user5,2-1-1,train,True,True,52,52,0,52,0,0,0,0,0,2,0,2,1,2,0,0.038461538461538464,0,0,52,True,True,0.0306897275909633,0.07543599398485623
train__c22__user5__2-1-2,22,Turn_pages,user5,2-1-2,train,True,True,36,36,0,36,0,0,0,0,0,0,0,0,0,0,0,0.0,0,0,36,True,True,0.022518308906980086,0.06864228450600023
train__c22__user5__2-1-3,22,Turn_pages,user5,2-1-3,train,True,True,44,44,0,44,0,0,0,0,0,0,0,0,0,0,0,0.0,0,0,44,True,True,0.0265515932064847,0.07422353606061463
train__c22__user6__4-1-1,22,Turn_pages,user6,4-1-1,train,True,True,35,35,0,35,0,0,0,0,0,1,0,1,1,1,1,0.02857142857142857,0,0,35,True,True,0.009487162987618312,0.021987270776177098
train__c22__user6__4-1-2,22,Turn_pages,user6,4-1-2,train,True,True,30,30,0,30,0,0,0,0,0,3,0,3,1,3,0,0.1,0,0,30,True,True,0.00917243268657005,0.02106051376271552
train__c22__user6__4-1-3,22,Turn_pages,user6,4-1-3,train,True,True,18,18,0,18,0,0,0,0,0,0,0,0,0,0,0,0.0,0,0,18,True,True,0.013963910687103797,0.03892524882395243
train__c22__user6__7-3-1,22,Turn_pages,user6,7-3-1,train,True,True,42,42,0,42,0,0,0,0,0,0,0,0,0,0,0,0.0,0,0,42,True,True,0.00981999063747135,0.02738599035328379
train__c22__user6__7-3-2,22,Turn_pages,user6,7-3-2,train,True,True,40,40,0,40,0,0,0,0,0,4,0,4,2,2,0,0.1,0,0,40,True,True,0.011029650476000609,0.02710798370951819
train__c22__user6__7-3-3,22,Turn_pages,user6,7-3-3,train,True,True,39,39,0,39,0,0,0,0,0,0,0,0,0,0,0,0.0,0,0,39,True,True,0.015191196981887076,0.04612441535529909
train__c22__user8__4-1-1,22,Turn_pages,user8,4-1-1,train,True,True,65,65,0,65,0,0,0,0,0,0,0,0,0,0,0,0.0,0,0,65,True,True,0.01259311178102404,0.0474343152833922
train__c22__user8__4-1-2,22,Turn_pages,user8,4-1-2,train,True,True,38,38,0,38,0,0,0,0,0,0,0,0,0,0,0,0.0,0,0,38,True,True,0.010337415247648364,0.027220207942213703
train__c22__user8__4-1-3,22,Turn_pages,user8,4-1-3,train,True,True,30,30,0,30,0,0,0,0,0,0,0,0,0,0,0,0.0,0,0,30,True,True,0.008620272248272935,0.02233377316713898
train__c22__user8__6-2-1,22,Turn_pages,user8,6-2-1,train,True,True,27,27,0,27,0,0,0,0,0,0,0,0,0,0,0,0.0,0,0,27,True,True,0.01695495318307941,0.05430033205584351
train__c22__user8__6-2-2,22,Turn_pages,user8,6-2-2,train,True,True,5,5,0,5,0,0,0,0,0,0,0,0,0,0,0,0.0,0,0,5,True,True,0.023804749177987458,0.07357483262470842
train__c22__user8__6-2-3,22,Turn_pages,user8,6-2-3,train,True,True,14,14,0,14,0,0,0,0,0,0,0,0,0,0,0,0.0,0,0,14,True,True,0.01012936732805217,0.026713693049718115
train__c22__user16__4-1-1,22,Turn_pages,user16,4-1-1,train,True,True,47,47,0,47,0,0,0,0,0,0,0,0,0,0,0,0.0,0,0,47,True,True,0.031460372150848556,0.09905546562724855
train__c22__user16__4-1-2,22,Turn_pages,user16,4-1-2,train,True,True,33,33,0,33,0,0,0,0,0,0,0,0,0,0,0,0.0,0,0,33,True,True,0.019068353884377567,0.061458782984705224
train__c22__user16__4-1-3,22,Turn_pages,user16,4-1-3,train,True,True,48,48,0,48,0,0,0,0,0,0,0,0,0,0,0,0.0,0,0,48,True,True,0.03055595425323309,0.08700756256043106
train__c22__user16__7-3-1,22,Turn_pages,user16,7-3-1,train,True,True,64,64,0,64,0,0,0,0,0,0,0,0,0,0,0,0.0,0,0,64,True,True,0.02666343337452652,0.08350319004662621
train__c22__user16__7-3-2,22,Turn_pages,user16,7-3-2,train,True,True,68,68,0,68,0,0,0,0,0,0,0,0,0,0,0,0.0,0,0,68,True,True,0.03458098534590221,0.11539082326554742
train__c22__user16__7-3-3,22,Turn_pages,user16,7-3-3,train,True,True,48,48,0,48,0,0,0,0,0,0,0,0,0,0,0,0.0,0,0,48,True,True,0.05067861576540195,0.1287876751175502
train__c22__user18__1-2-1,22,Turn_pages,user18,1-2-1,train,True,True,22,22,0,22,0,0,0,0,0,0,0,0,0,0,0,0.0,0,0,22,True,True,0.025191512593929766,0.09927502253667057
train__c22__user18__1-2-2,22,Turn_pages,user18,1-2-2,train,True,True,21,21,0,21,0,0,0,0,0,1,0,1,1,1,1,0.047619047619047616,0,0,21,True,True,0.02801948715154633,0.07608739779326022
train__c22__user18__1-2-3,22,Turn_pages,user18,1-2-3,train,True,True,23,23,0,23,0,0,0,0,0,0,0,0,0,0,0,0.0,0,0,23,True,True,0.03487578921151046,0.10650672939046502
train__c22__user18__4-1-1,22,Turn_pages,user18,4-1-1,train,True,True,63,63,0,63,0,0,0,0,0,0,0,0,0,0,0,0.0,0,0,63,True,True,0.06447542725083497,0.2764268161824689
train__c22__user18__4-1-2,22,Turn_pages,user18,4-1-2,train,True,True,15,15,0,15,0,0,0,0,0,0,0,0,0,0,0,0.0,0,0,15,True,True,0.02534407677156672,0.07850939854752643
train__c22__user18__4-1-3,22,Turn_pages,user18,4-1-3,train,True,True,31,31,0,31,0,0,0,0,0,0,0,0,0,0,0,0.0,0,0,31,True,True,0.04167273886668585,0.11415501474657053
train__c22__user20__2-2-1,22,Turn_pages,user20,2-2-1,train,True,True,27,27,0,27,0,0,0,0,0,0,0,0,0,0,0,0.0,0,0,27,True,True,0.0587054390240413,0.19618598645014407
train__c22__user20__2-2-2,22,Turn_pages,user20,2-2-2,train,True,True,31,31,0,31,0,0,0,0,0,0,0,0,0,0,0,0.0,0,0,31,True,True,0.052762615213237406,0.12379891049247063
train__c22__user20__2-2-3,22,Turn_pages,user20,2-2-3,train,True,True,11,11,0,11,0,0,0,0,0,0,0,0,0,0,0,0.0,0,0,11,True,True,0.06623780861859364,0.16043077739344935
train__c22__user20__4-1-1,22,Turn_pages,user20,4-1-1,train,True,True,33,33,0,33,0,0,0,0,0,0,0,0,0,0,0,0.0,0,0,33,True,True,0.03171942365582086,0.07166838497054402
train__c22__user20__4-1-2,22,Turn_pages,user20,4-1-2,train,True,True,29,29,0,29,0,0,0,0,0,0,0,0,0,0,0,0.0,0,0,29,True,True,0.051073730094573604,0.1986069608426417
train__c22__user20__4-1-3,22,Turn_pages,user20,4-1-3,train,True,True,28,28,0,28,0,0,0,0,0,0,0,0,0,0,0,0.0,0,0,28,True,True,0.014295612278641286,0.04277816971729025
train__c22__user21__2-2-1,22,Turn_pages,user21,2-2-1,train,True,True,102,102,0,102,0,0,22,0,0,0,0,0,0,0,0,0.0,0,0,102,True,True,0.03465934324964156,0.18688335474149173
train__c22__user21__2-2-2,22,Turn_pages,user21,2-2-2,train,True,True,66,66,0,66,0,0,11,0,0,0,0,0,0,0,0,0.0,0,0,66,True,True,0.02848351589291024,0.09461101632129365
train__c22__user21__2-2-3,22,Turn_pages,user21,2-2-3,train,True,True,66,66,0,66,0,0,18,0,0,0,0,0,0,0,0,0.0,0,0,66,True,True,0.07410010573486991,0.20556390812594433
train__c22__user22__4-1-1,22,Turn_pages,user22,4-1-1,train,True,True,52,52,0,52,0,0,0,0,0,0,0,0,0,0,0,0.0,0,0,52,True,True,0.016183444339797317,0.08304631414207408
train__c22__user22__4-1-2,22,Turn_pages,user22,4-1-2,train,True,True,39,39,0,39,0,0,0,0,0,0,0,0,0,0,0,0.0,0,0,39,True,True,0.010662248747108208,0.03268996595198075
train__c22__user22__4-1-3,22,Turn_pages,user22,4-1-3,train,True,True,14,14,0,14,0,0,0,0,0,0,0,0,0,0,0,0.0,0,0,14,True,True,0.010297096498429801,0.03428096625624653
train__c22__user24__1-2-1,22,Turn_pages,user24,1-2-1,validation,True,True,46,46,0,46,0,0,0,0,0,0,0,0,0,0,0,0.0,0,0,46,True,True,0.06864322137886884,0.23834495644319886
train__c22__user24__1-2-2,22,Turn_pages,user24,1-2-2,validation,True,True,31,31,0,31,0,0,0,0,0,0,0,0,0,0,0,0.0,0,0,31,True,True,0.045203128377703995,0.19512716925383805
train__c22__user24__1-2-3,22,Turn_pages,user24,1-2-3,validation,True,True,41,41,0,41,0,0,0,0,0,0,0,0,0,0,0,0.0,0,0,41,True,True,0.13488528338709796,0.3665852252412373
train__c22__user24__7-2-1,22,Turn_pages,user24,7-2-1,validation,True,True,14,14,0,14,0,0,0,0,0,0,0,0,0,0,0,0.0,0,0,14,True,True,0.0177199790892286,0.05392726785317928
train__c22__user24__7-2-2,22,Turn_pages,user24,7-2-2,validation,True,True,28,28,0,28,0,0,0,0,0,0,0,0,0,0,0,0.0,0,0,28,True,True,0.01329155734511479,0.038497386980612905
train__c22__user24__7-2-3,22,Turn_pages,user24,7-2-3,validation,True,True,43,43,0,43,0,0,0,0,0,1,0,1,1,1,1,0.023255813953488372,0,0,43,True,True,0.011133879398056334,0.032057149806250344
train__c23__user1__5-1-1,23,Listen_to_music_with_headphones,user1,5-1-1,train,True,True,48,48,0,48,0,0,0,0,0,0,0,0,0,0,0,0.0,0,0,48,True,True,0.017794031008220502,0.041556763368833884
train__c23__user1__5-1-2,23,Listen_to_music_with_headphones,user1,5-1-2,train,True,True,16,16,0,16,0,0,0,0,0,0,0,0,0,0,0,0.0,0,0,16,True,True,0.0309908231737845,0.08555351543425589
train__c23__user1__5-1-3,23,Listen_to_music_with_headphones,user1,5-1-3,train,True,True,7,7,0,7,0,0,0,0,0,0,0,0,0,0,0,0.0,0,0,7,True,True,0.012178153178008402,0.03368439076449824
train__c23__user2__6-1-2,23,Listen_to_music_with_headphones,user2,6-1-2,train,True,True,30,30,0,30,0,0,0,0,0,0,0,0,0,0,0,0.0,0,0,30,True,True,0.026682446471959585,0.0898200651208534
train__c23__user2__7-3-1,23,Listen_to_music_with_headphones,user2,7-3-1,train,True,True,34,34,0,34,0,0,0,0,0,0,0,0,0,0,0,0.0,0,0,34,True,True,0.018947557089358316,0.05513342450203968
train__c23__user2__7-3-2,23,Listen_to_music_with_headphones,user2,7-3-2,train,True,True,35,35,0,35,0,0,0,0,0,0,0,0,0,0,0,0.0,0,0,35,True,True,0.021825127201685095,0.0669394084928461
train__c23__user2__7-3-3,23,Listen_to_music_with_headphones,user2,7-3-3,train,True,True,13,13,0,13,0,0,0,0,0,0,0,0,0,0,0,0.0,0,0,13,True,True,0.036652404187400456,0.12531811372491589
train__c23__user3__1-2-1,23,Listen_to_music_with_headphones,user3,1-2-1,train,True,True,22,22,0,22,0,0,0,0,0,0,0,0,0,0,0,0.0,0,0,22,True,True,0.16031955467395168,0.564984326294101
train__c23__user3__1-2-2,23,Listen_to_music_with_headphones,user3,1-2-2,train,True,True,16,16,0,16,0,0,0,0,0,0,0,0,0,0,0,0.0,0,0,16,True,True,0.14940608091882782,0.5512950089219946
train__c23__user3__3-2-1,23,Listen_to_music_with_headphones,user3,3-2-1,train,True,True,26,26,0,26,0,0,0,0,0,0,0,0,0,0,0,0.0,0,0,26,True,True,0.030915716328580454,0.08263480461932939
train__c23__user3__3-2-2,23,Listen_to_music_with_headphones,user3,3-2-2,train,True,True,20,20,0,20,0,0,0,0,0,0,0,0,0,0,0,0.0,0,0,20,True,True,0.033484610801198786,0.0791146173174438
train__c23__user3__3-2-3,23,Listen_to_music_with_headphones,user3,3-2-3,train,True,True,19,19,0,19,0,0,0,0,0,0,0,0,0,0,0,0.0,0,0,19,True,True,0.02752252608933831,0.07440223803589707
train__c23__user4__6-1-1,23,Listen_to_music_with_headphones,user4,6-1-1,validation,False,False,0,0,0,0,0,0,0,0,0,0,0,0,0,0,0,0.0,0,0,0,True,True,,
train__c23__user4__6-1-2,23,Listen_to_music_with_headphones,user4,6-1-2,validation,False,False,0,0,0,0,0,0,0,0,0,0,0,0,0,0,0,0.0,0,0,0,True,True,,
train__c23__user4__6-1-3,23,Listen_to_music_with_headphones,user4,6-1-3,validation,False,False,0,0,0,0,0,0,0,0,0,0,0,0,0,0,0,0.0,0,0,0,True,True,,
train__c23__user6__4-1-1,23,Listen_to_music_with_headphones,user6,4-1-1,train,True,True,45,45,0,45,0,0,0,0,0,2,0,2,1,2,0,0.044444444444444446,0,0,45,True,True,0.03502240275873719,0.1120826478911095
train__c23__user6__4-1-2,23,Listen_to_music_with_headphones,user6,4-1-2,train,True,True,41,41,0,41,0,0,0,0,0,0,0,0,0,0,0,0.0,0,0,41,True,True,0.03648591846654764,0.10938109299454518
train__c23__user6__4-1-3,23,Listen_to_music_with_headphones,user6,4-1-3,train,True,True,32,32,0,32,0,0,0,0,0,0,0,0,0,0,0,0.0,0,0,32,True,True,0.042199326551386,0.1478689176553119
train__c23__user7__6-2-1,23,Listen_to_music_with_headphones,user7,6-2-1,train,True,True,17,17,0,17,0,0,0,0,0,0,0,0,0,0,0,0.0,0,0,17,True,True,0.04161849234201765,0.15152996220549247
train__c23__user7__6-2-2,23,Listen_to_music_with_headphones,user7,6-2-2,train,True,True,30,30,0,30,0,0,0,0,0,0,0,0,0,0,0,0.0,0,0,30,True,True,0.017389737642744655,0.04306296886635667
train__c23__user7__6-2-3,23,Listen_to_music_with_headphones,user7,6-2-3,train,True,True,15,15,0,15,0,0,0,0,0,0,0,0,0,0,0,0.0,0,0,15,True,True,0.02052409061425956,0.07435068164466493
train__c23__user7__7-1-1,23,Listen_to_music_with_headphones,user7,7-1-1,train,True,True,19,19,0,19,0,0,0,0,0,0,0,0,0,0,0,0.0,0,0,19,True,True,0.040664871507168125,0.13506191607977597
train__c23__user7__7-1-2,23,Listen_to_music_with_headphones,user7,7-1-2,train,True,True,23,23,0,23,0,0,0,0,0,0,0,0,0,0,0,0.0,0,0,23,True,True,0.028385029941571827,0.08732863138918939
train__c23__user7__7-1-3,23,Listen_to_music_with_headphones,user7,7-1-3,train,True,True,13,13,0,13,0,0,0,0,0,0,0,0,0,0,0,0.0,0,0,13,True,True,0.03395627361383847,0.11279598876520922
train__c23__user8__2-1-1,23,Listen_to_music_with_headphones,user8,2-1-1,train,True,True,56,56,0,56,0,0,0,0,0,0,0,0,0,0,0,0.0,0,0,56,True,True,0.02693010968988099,0.08323248531980301
train__c23__user8__2-1-2,23,Listen_to_music_with_headphones,user8,2-1-2,train,True,True,36,36,0,36,0,0,0,0,0,1,0,1,1,1,1,0.027777777777777776,0,0,36,True,True,0.019620452353991485,0.05853887348547483
train__c23__user8__2-1-3,23,Listen_to_music_with_headphones,user8,2-1-3,train,True,True,18,18,0,18,0,0,0,0,0,0,0,0,0,0,0,0.0,0,0,18,True,True,0.012904529115141242,0.03726010244150275
train__c23__user8__4-1-3,23,Listen_to_music_with_headphones,user8,4-1-3,train,True,True,129,129,0,129,0,0,0,0,0,0,0,0,0,0,0,0.0,0,0,129,True,True,0.013177938372836533,0.03490702845325779
train__c23__user9__1-2-1,23,Listen_to_music_with_headphones,user9,1-2-1,train,True,True,42,42,0,42,0,0,0,0,0,0,0,0,0,0,0,0.0,0,0,42,True,True,0.017355896685878745,0.05897839722744108
train__c23__user9__1-2-2,23,Listen_to_music_with_headphones,user9,1-2-2,train,True,True,22,22,0,22,0,0,0,0,0,0,0,0,0,0,0,0.0,0,0,22,True,True,0.019569635742537082,0.06759685418881203
train__c23__user9__1-2-3,23,Listen_to_music_with_headphones,user9,1-2-3,train,True,True,38,38,0,38,0,0,0,0,0,0,0,0,0,0,0,0.0,0,0,38,True,True,0.021133555536195656,0.07846162162987073
train__c23__user9__3-3-1,23,Listen_to_music_with_headphones,user9,3-3-1,train,True,True,41,41,0,41,0,0,0,0,0,0,0,0,0,0,0,0.0,0,0,41,True,True,0.017497388205172906,0.04316443311133439
train__c23__user9__3-3-2,23,Listen_to_music_with_headphones,user9,3-3-2,train,True,True,40,40,0,40,0,0,0,0,0,1,0,1,1,1,1,0.025,0,0,40,True,True,0.01648384328762903,0.05080157765792689
train__c23__user9__3-3-3,23,Listen_to_music_with_headphones,user9,3-3-3,train,True,True,12,12,0,12,0,0,0,0,0,0,0,0,0,0,0,0.0,0,0,12,True,True,0.025592843522289143,0.0680933382046231
train__c23__user16__4-1-1,23,Listen_to_music_with_headphones,user16,4-1-1,train,True,True,51,51,0,51,0,0,0,0,0,0,0,0,0,0,0,0.0,0,0,51,True,True,0.050399599403879995,0.14923278853371008
train__c23__user16__4-1-2,23,Listen_to_music_with_headphones,user16,4-1-2,train,True,True,33,33,0,33,0,0,0,0,0,0,0,0,0,0,0,0.0,0,0,33,True,True,0.03410165360771001,0.0667127164392886
train__c23__user16__4-1-3,23,Listen_to_music_with_headphones,user16,4-1-3,train,True,True,34,34,0,34,0,0,0,0,0,0,0,0,0,0,0,0.0,0,0,34,True,True,0.04363293271350238,0.11008987761598009
train__c23__user16__5-1-1,23,Listen_to_music_with_headphones,user16,5-1-1,train,True,True,19,19,0,19,0,0,0,0,0,0,0,0,0,0,0,0.0,0,0,19,True,True,0.04725708534094302,0.14948285430619307
train__c23__user16__5-1-2,23,Listen_to_music_with_headphones,user16,5-1-2,train,True,True,23,23,0,23,0,0,0,0,0,0,0,0,0,0,0,0.0,0,0,23,True,True,0.009593276856049758,0.0245319097006209
train__c23__user16__5-1-3,23,Listen_to_music_with_headphones,user16,5-1-3,train,True,True,37,37,0,37,0,0,0,0,0,0,0,0,0,0,0,0.0,0,0,37,True,True,0.03344132416711212,0.08447670395843844
train__c23__user17__6-2-1,23,Listen_to_music_with_headphones,user17,6-2-1,validation,True,True,46,46,0,46,0,0,0,0,0,0,0,0,0,0,0,0.0,0,0,46,True,True,0.029479006512629455,0.09281520955617398
train__c23__user17__6-2-2,23,Listen_to_music_with_headphones,user17,6-2-2,validation,True,True,17,17,0,17,0,0,0,0,0,0,0,0,0,0,0,0.0,0,0,17,True,True,0.05967170431066487,0.1454733807292578
train__c23__user17__6-2-3,23,Listen_to_music_with_headphones,user17,6-2-3,validation,True,True,14,14,0,14,0,0,0,0,0,0,0,0,0,0,0,0.0,0,0,14,True,True,0.060540202927057515,0.20945438429415073
train__c23__user17__7-1-1,23,Listen_to_music_with_headphones,user17,7-1-1,validation,True,True,63,63,0,63,0,0,0,0,0,63,0,63,1,63,0,1.0,0,0,63,True,True,0.04505003152534672,0.20674548635570728
train__c23__user17__7-1-2,23,Listen_to_music_with_headphones,user17,7-1-2,validation,True,True,70,70,0,70,0,0,0,0,0,4,0,4,1,4,0,0.05714285714285714,0,0,70,True,True,0.03501299713400516,0.14175276767015654
train__c23__user17__7-1-3,23,Listen_to_music_with_headphones,user17,7-1-3,validation,True,True,69,69,0,69,0,0,0,0,0,69,0,69,1,69,0,1.0,0,0,69,True,True,0.024395541398296916,0.09234725033270236
train__c23__user18__1-2-1,23,Listen_to_music_with_headphones,user18,1-2-1,train,True,True,231,231,0,231,0,0,0,0,0,0,0,0,0,0,0,0.0,0,0,231,True,True,0.04560433413452421,0.20901238227054345
train__c23__user18__1-2-2,23,Listen_to_music_with_headphones,user18,1-2-2,train,True,True,175,175,0,175,0,0,0,0,0,1,0,1,1,1,1,0.005714285714285714,0,0,175,True,True,0.021980093032788632,0.07137637638400818
train__c23__user18__1-2-3,23,Listen_to_music_with_headphones,user18,1-2-3,train,True,True,188,188,0,188,0,0,0,0,0,0,0,0,0,0,0,0.0,0,0,188,True,True,0.021882535276034724,0.06737970430586346
train__c23__user19__1-2-1,23,Listen_to_music_with_headphones,user19,1-2-1,train,True,True,17,17,0,17,0,0,0,0,0,0,0,0,0,0,0,0.0,0,0,17,True,True,0.08671829579802601,0.3205890936627076
train__c23__user19__1-2-2,23,Listen_to_music_with_headphones,user19,1-2-2,train,True,True,23,23,0,23,0,0,0,0,0,23,0,23,1,23,0,1.0,0,0,23,True,True,0.07044508383897838,0.25640635005886014
train__c23__user19__1-2-3,23,Listen_to_music_with_headphones,user19,1-2-3,train,True,True,18,18,0,18,0,0,0,0,0,2,0,2,1,2,0,0.1111111111111111,0,0,18,True,True,0.02962682804357466,0.06047978095963778
train__c23__user19__3-3-1,23,Listen_to_music_with_headphones,user19,3-3-1,train,True,True,35,35,0,35,0,0,0,0,0,0,0,0,0,0,0,0.0,0,0,35,True,True,0.011129400947524647,0.02766763414708451
train__c23__user19__3-3-2,23,Listen_to_music_with_headphones,user19,3-3-2,train,True,True,11,11,0,11,0,0,0,0,0,0,0,0,0,0,0,0.0,0,0,11,True,True,0.021789719349033388,0.0516347768052676
train__c23__user19__3-3-3,23,Listen_to_music_with_headphones,user19,3-3-3,train,True,True,10,10,0,10,0,0,0,0,0,0,0,0,0,0,0,0.0,0,0,10,True,True,0.016423988212921747,0.03922508190671203
train__c23__user20__6-3-1,23,Listen_to_music_with_headphones,user20,6-3-1,train,True,True,38,38,0,38,0,0,0,0,0,0,0,0,0,0,0,0.0,0,0,38,True,True,0.03466330558109299,0.11645299906722804
train__c23__user20__6-3-2,23,Listen_to_music_with_headphones,user20,6-3-2,train,True,True,33,33,0,33,0,0,0,0,0,0,0,0,0,0,0,0.0,0,0,33,True,True,0.02406190985736757,0.08103892501724634
train__c23__user20__6-3-3,23,Listen_to_music_with_headphones,user20,6-3-3,train,True,True,41,41,0,41,0,0,0,0,0,0,0,0,0,0,0,0.0,0,0,41,True,True,0.015001170473030163,0.03968508141140538
train__c23__user21__1-2-1,23,Listen_to_music_with_headphones,user21,1-2-1,train,True,True,34,34,0,34,0,0,0,0,0,0,0,0,0,0,0,0.0,0,0,34,True,True,0.051185903712003086,0.15101659297943115
train__c23__user21__1-2-2,23,Listen_to_music_with_headphones,user21,1-2-2,train,True,True,29,29,0,29,0,0,0,0,0,3,0,3,3,1,3,0.10344827586206896,0,0,29,True,True,0.023550196701766092,0.07458693987365315
train__c23__user21__1-2-3,23,Listen_to_music_with_headphones,user21,1-2-3,train,True,True,22,22,0,22,0,0,0,0,0,0,0,0,0,0,0,0.0,0,0,22,True,True,0.027695457101232567,0.07082353808529857
train__c23__user21__5-2-1,23,Listen_to_music_with_headphones,user21,5-2-1,train,True,True,11,11,0,11,0,0,0,0,0,0,0,0,0,0,0,0.0,0,0,11,True,True,0.027610126019025065,0.08486105503425141
train__c23__user21__5-2-2,23,Listen_to_music_with_headphones,user21,5-2-2,train,True,True,21,21,0,21,0,0,0,0,0,0,0,0,0,0,0,0.0,0,0,21,True,True,0.029512633161576214,0.1051839605829765
train__c23__user21__5-2-3,23,Listen_to_music_with_headphones,user21,5-2-3,train,True,True,39,39,0,39,0,0,0,0,0,0,0,0,0,0,0,0.0,0,0,39,True,True,0.01676588547025997,0.04778359707804353
train__c23__user22__1-2-1,23,Listen_to_music_with_headphones,user22,1-2-1,train,True,True,40,40,0,40,0,0,0,0,0,0,0,0,0,0,0,0.0,0,0,40,True,True,0.07006750175868805,0.23780322456916497
train__c23__user22__1-2-2,23,Listen_to_music_with_headphones,user22,1-2-2,train,True,True,21,21,0,21,0,0,0,0,0,0,0,0,0,0,0,0.0,0,0,21,True,True,0.08026855366565469,0.29947570881288493
train__c23__user22__1-2-3,23,Listen_to_music_with_headphones,user22,1-2-3,train,True,True,17,17,0,17,0,0,0,0,0,0,0,0,0,0,0,0.0,0,0,17,True,True,0.10154647026839965,0.27932497386835514
train__c23__user23__4-2-1,23,Listen_to_music_with_headphones,user23,4-2-1,validation,True,True,37,37,0,37,0,0,0,0,0,0,0,0,0,0,0,0.0,0,0,37,True,True,0.012933852647768161,0.04450706862256897
train__c23__user23__4-2-2,23,Listen_to_music_with_headphones,user23,4-2-2,validation,True,True,44,44,0,44,0,0,0,0,0,0,0,0,0,0,0,0.0,0,0,44,True,True,0.010726210879735692,0.0331890393265949
train__c23__user23__4-2-3,23,Listen_to_music_with_headphones,user23,4-2-3,validation,True,True,9,9,0,9,0,0,0,0,0,0,0,0,0,0,0,0.0,0,0,9,True,True,0.015433018362310768,0.037890997948736314
train__c23__user23__5-1-1,23,Listen_to_music_with_headphones,user23,5-1-1,validation,True,True,49,49,0,49,0,0,0,0,0,0,0,0,0,0,0,0.0,0,0,49,True,True,0.0213470532666261,0.0845122449975201
train__c23__user23__5-1-2,23,Listen_to_music_with_headphones,user23,5-1-2,validation,True,True,45,45,0,45,0,0,0,0,0,0,0,0,0,0,0,0.0,0,0,45,True,True,0.02006500806581739,0.06078341405522268
train__c23__user24__5-1-1,23,Listen_to_music_with_headphones,user24,5-1-1,validation,True,True,33,33,0,33,0,0,0,0,0,0,0,0,0,0,0,0.0,0,0,33,True,True,0.01852140130290992,0.05658333445585139
train__c23__user24__5-1-2,23,Listen_to_music_with_headphones,user24,5-1-2,validation,True,True,22,22,0,22,0,0,0,0,0,0,0,0,0,0,0,0.0,0,0,22,True,True,0.019951231356022735,0.07550112740685613
train__c23__user24__5-1-3,23,Listen_to_music_with_headphones,user24,5-1-3,validation,True,True,27,27,0,27,0,0,0,0,0,0,0,0,0,0,0,0.0,0,0,27,True,True,0.024627469586388315,0.08305141175941193
train__c23__user24__7-2-1,23,Listen_to_music_with_headphones,user24,7-2-1,validation,True,True,32,32,0,32,0,0,0,0,0,0,0,0,0,0,0,0.0,0,0,32,True,True,0.027211699531608027,0.08550476802003998
train__c23__user24__7-2-2,23,Listen_to_music_with_headphones,user24,7-2-2,validation,True,True,15,15,0,15,0,0,0,0,0,0,0,0,0,0,0,0.0,0,0,15,True,True,0.03128792882192211,0.10062283133629664
train__c23__user24__7-2-3,23,Listen_to_music_with_headphones,user24,7-2-3,validation,True,True,19,19,0,19,0,0,0,0,0,0,0,0,0,0,0,0.0,0,0,19,True,True,0.022407060157327522,0.0816659236756602
train__c24__user2__6-1-1,24,Use_a_mobile_phone,user2,6-1-1,train,True,True,41,41,0,41,0,0,0,0,0,0,0,0,0,0,0,0.0,0,0,41,True,True,0.01779468627586013,0.05189034155499499
train__c24__user2__6-1-2,24,Use_a_mobile_phone,user2,6-1-2,train,True,True,11,11,0,11,0,0,0,0,0,0,0,0,0,0,0,0.0,0,0,11,True,True,0.011249371437311624,0.030503303367771444
train__c24__user2__7-3-1,24,Use_a_mobile_phone,user2,7-3-1,train,True,True,21,21,0,21,0,0,0,0,0,0,0,0,0,0,0,0.0,0,0,21,True,True,0.015822358091743906,0.04015390030044256
train__c24__user2__7-3-2,24,Use_a_mobile_phone,user2,7-3-2,train,True,True,12,12,0,12,0,0,0,0,0,0,0,0,0,0,0,0.0,0,0,12,True,True,0.009544656475378662,0.028224920359631693
train__c24__user2__7-3-3,24,Use_a_mobile_phone,user2,7-3-3,train,True,True,16,16,0,16,0,0,0,0,0,0,0,0,0,0,0,0.0,0,0,16,True,True,0.026325621097472225,0.08442212547450588
train__c24__user4__3-2-1,24,Use_a_mobile_phone,user4,3-2-1,validation,True,True,54,54,0,54,0,0,0,0,0,0,0,0,0,0,0,0.0,0,0,54,True,True,0.01454228290164247,0.06508358242329733
train__c24__user4__3-2-2,24,Use_a_mobile_phone,user4,3-2-2,validation,True,True,52,52,0,52,0,0,0,0,0,0,0,0,0,0,0,0.0,0,0,52,True,True,0.00918706683792188,0.025208295238318006
train__c24__user4__3-2-3,24,Use_a_mobile_phone,user4,3-2-3,validation,True,True,55,55,0,55,0,0,0,0,0,1,0,1,1,1,1,0.01818181818181818,0,0,55,True,True,0.015559256944361593,0.0604744651547388
train__c24__user4__6-1-1,24,Use_a_mobile_phone,user4,6-1-1,validation,True,True,45,45,0,45,0,0,0,0,0,0,0,0,0,0,0,0.0,0,0,45,True,True,0.025458004830807648,0.11443605617753917
train__c24__user4__6-1-2,24,Use_a_mobile_phone,user4,6-1-2,validation,True,True,54,54,0,54,0,0,0,0,0,0,0,0,0,0,0,0.0,0,0,54,True,True,0.03692231668136053,0.11533993109424935
train__c24__user4__6-1-3,24,Use_a_mobile_phone,user4,6-1-3,validation,True,True,13,13,0,13,0,0,0,0,0,0,0,0,0,0,0,0.0,0,0,13,True,True,0.03730086631488663,0.08677260994585465
train__c24__user6__5-1-1,24,Use_a_mobile_phone,user6,5-1-1,train,True,True,99,99,0,99,0,0,0,0,0,30,0,30,1,30,0,0.30303030303030304,0,0,99,True,True,0.018737024498067828,0.053898264470921636
train__c24__user6__5-1-2,24,Use_a_mobile_phone,user6,5-1-2,train,True,True,87,87,0,87,0,0,0,0,0,0,0,0,0,0,0,0.0,0,0,87,True,True,0.005791139889512975,0.012959027636386232
train__c24__user6__5-1-3,24,Use_a_mobile_phone,user6,5-1-3,train,True,True,53,53,0,53,0,0,0,0,0,30,0,30,1,30,0,0.5660377358490566,0,0,53,True,True,0.006870372685868764,0.015269996161358016
train__c24__user6__6-2-1,24,Use_a_mobile_phone,user6,6-2-1,train,True,True,12,12,0,12,0,0,0,0,0,0,0,0,0,0,0,0.0,0,0,12,True,True,0.048614402066074515,0.17055968384569112
train__c24__user6__6-2-2,24,Use_a_mobile_phone,user6,6-2-2,train,True,True,6,6,0,6,0,0,0,0,0,0,0,0,0,0,0,0.0,0,0,6,True,True,0.10617467825757504,0.3714672498594978
train__c24__user6__6-2-3,24,Use_a_mobile_phone,user6,6-2-3,train,True,True,17,17,0,17,0,0,0,0,0,0,0,0,0,0,0,0.0,0,0,17,True,True,0.049500546725246695,0.1547124957795218
train__c24__user7__1-2-1,24,Use_a_mobile_phone,user7,1-2-1,train,True,True,50,50,0,50,0,0,0,0,0,1,0,1,1,1,1,0.02,0,0,50,True,True,0.025389457224438784,0.09288320579629311
train__c24__user7__1-2-2,24,Use_a_mobile_phone,user7,1-2-2,train,True,True,35,35,0,35,0,0,0,0,0,0,0,0,0,0,0,0.0,0,0,35,True,True,0.025165517644720237,0.08958791839380417
train__c24__user7__1-2-3,24,Use_a_mobile_phone,user7,1-2-3,train,True,True,40,40,0,40,0,0,0,0,0,0,0,0,0,0,0,0.0,0,0,40,True,True,0.018749524276208688,0.06165183293426416
train__c24__user16__6-2-1,24,Use_a_mobile_phone,user16,6-2-1,train,True,True,25,25,0,25,0,0,0,0,0,0,0,0,0,0,0,0.0,0,0,25,True,True,0.006642487365000831,0.0192023670061156
train__c24__user16__6-2-2,24,Use_a_mobile_phone,user16,6-2-2,train,True,True,10,10,0,10,0,0,0,0,0,0,0,0,0,0,0,0.0,0,0,10,True,True,0.00677545343957668,0.01644913138227076
train__c24__user16__6-2-3,24,Use_a_mobile_phone,user16,6-2-3,train,True,True,25,25,0,25,0,0,0,0,0,0,0,0,0,0,0,0.0,0,0,25,True,True,0.0054677471117895605,0.016255924874232983
train__c24__user17__1-2-3,24,Use_a_mobile_phone,user17,1-2-3,validation,True,True,30,30,0,30,0,0,0,0,0,0,0,0,0,0,0,0.0,0,0,30,True,True,0.012271061351040004,0.039239968627061535
train__c24__user20__4-1-1,24,Use_a_mobile_phone,user20,4-1-1,train,True,True,26,26,0,26,0,0,0,0,0,0,0,0,0,0,0,0.0,0,0,26,True,True,0.0071272195531797795,0.017428809960165964
train__c24__user20__4-1-2,24,Use_a_mobile_phone,user20,4-1-2,train,True,True,22,22,0,22,0,0,0,0,0,0,0,0,0,0,0,0.0,0,0,22,True,True,0.010765813523278165,0.03198070320784061
train__c24__user20__4-1-3,24,Use_a_mobile_phone,user20,4-1-3,train,True,True,16,16,0,16,0,0,0,0,0,0,0,0,0,0,0,0.0,0,0,16,True,True,0.012566437923934899,0.03339919072130525
train__c24__user21__1-2-1,24,Use_a_mobile_phone,user21,1-2-1,train,True,True,31,31,0,31,0,0,0,0,0,0,0,0,0,0,0,0.0,0,0,31,True,True,0.012347956624855222,0.035121757418427046
train__c24__user21__1-2-2,24,Use_a_mobile_phone,user21,1-2-2,train,True,True,59,59,0,59,0,0,0,0,0,0,0,0,0,0,0,0.0,0,0,59,True,True,0.026358177546176927,0.11067223813398983
train__c24__user21__1-2-3,24,Use_a_mobile_phone,user21,1-2-3,train,True,True,25,25,0,25,0,0,0,0,0,0,0,0,0,0,0,0.0,0,0,25,True,True,0.02209518051204571,0.10886179163104767
train__c24__user21__4-1-1,24,Use_a_mobile_phone,user21,4-1-1,train,True,True,39,39,0,39,0,0,0,0,0,0,0,0,0,0,0,0.0,0,0,39,True,True,0.008639726652302346,0.02290055280510449
train__c24__user21__4-1-2,24,Use_a_mobile_phone,user21,4-1-2,train,True,True,18,18,0,18,0,0,0,0,0,0,0,0,0,0,0,0.0,0,0,18,True,True,0.006995950336241121,0.018564057105175308
train__c24__user21__4-1-3,24,Use_a_mobile_phone,user21,4-1-3,train,True,True,14,14,0,14,0,0,0,0,0,0,0,0,0,0,0,0.0,0,0,14,True,True,0.012180272587606834,0.04226727414578067
train__c24__user21__5-2-1,24,Use_a_mobile_phone,user21,5-2-1,train,True,True,18,18,0,18,0,0,0,0,0,0,0,0,0,0,0,0.0,0,0,18,True,True,0.01944265976242863,0.07072640685303365
train__c24__user21__5-2-2,24,Use_a_mobile_phone,user21,5-2-2,train,True,True,31,31,0,31,0,0,0,0,0,0,0,0,0,0,0,0.0,0,0,31,True,True,0.019833869584460144,0.05790486467570787
train__c24__user21__5-2-3,24,Use_a_mobile_phone,user21,5-2-3,train,True,True,27,27,0,27,0,0,0,0,0,0,0,0,0,0,0,0.0,0,0,27,True,True,0.023131149637841738,0.07187681429382922
train__c24__user22__5-2-1,24,Use_a_mobile_phone,user22,5-2-1,train,True,True,35,35,0,35,0,0,0,0,0,0,0,0,0,0,0,0.0,0,0,35,True,True,0.005729341626503138,0.01660438170034394
train__c24__user22__5-2-2,24,Use_a_mobile_phone,user22,5-2-2,train,True,True,30,30,0,30,0,0,0,0,0,0,0,0,0,0,0,0.0,0,0,30,True,True,0.012603149467219967,0.03915552012027779
train__c24__user22__5-2-3,24,Use_a_mobile_phone,user22,5-2-3,train,True,True,36,36,0,36,0,0,0,0,0,0,0,0,0,0,0,0.0,0,0,36,True,True,0.009767676539609499,0.02860759978052897
train__c24__user23__7-3-1,24,Use_a_mobile_phone,user23,7-3-1,validation,True,True,42,42,0,42,0,0,0,0,0,0,0,0,0,0,0,0.0,0,0,42,True,True,0.01259529212919837,0.035916329303683686
train__c24__user23__7-3-2,24,Use_a_mobile_phone,user23,7-3-2,validation,True,True,22,22,0,22,0,0,0,0,0,0,0,0,0,0,0,0.0,0,0,22,True,True,0.008456535986349463,0.018871044737630314
train__c24__user23__7-3-3,24,Use_a_mobile_phone,user23,7-3-3,validation,True,True,10,10,0,10,0,0,0,0,0,0,0,0,0,0,0,0.0,0,0,10,True,True,0.03336359580267258,0.10150566327441159
train__c24__user24__4-1-1,24,Use_a_mobile_phone,user24,4-1-1,validation,True,True,44,44,0,44,0,0,0,0,0,0,0,0,0,0,0,0.0,0,0,44,True,True,0.013098188373164229,0.031031447609669402
train__c24__user24__4-1-2,24,Use_a_mobile_phone,user24,4-1-2,validation,True,True,29,29,0,29,0,0,0,0,0,0,0,0,0,0,0,0.0,0,0,29,True,True,0.010513614056466088,0.032988789640204574
train__c24__user24__4-1-3,24,Use_a_mobile_phone,user24,4-1-3,validation,True,True,12,12,0,12,0,0,0,0,0,0,0,0,0,0,0,0.0,0,0,12,True,True,0.01931838757298784,0.03350712322377933
train__c24__user24__5-1-1,24,Use_a_mobile_phone,user24,5-1-1,validation,True,True,46,46,0,46,0,0,0,0,0,0,0,0,0,0,0,0.0,0,0,46,True,True,0.010658440838001541,0.025471386531587138
train__c24__user24__5-1-2,24,Use_a_mobile_phone,user24,5-1-2,validation,True,True,30,30,0,30,0,0,0,0,0,0,0,0,0,0,0,0.0,0,0,30,True,True,0.013472505961497402,0.03386613727626932
train__c24__user24__5-1-3,24,Use_a_mobile_phone,user24,5-1-3,validation,True,True,10,10,0,10,0,0,0,0,0,0,0,0,0,0,0,0.0,0,0,10,True,True,0.006283171616195118,0.013560793193659777
train__c25__user1__5-1-1,25,Watch_TV,user1,5-1-1,train,True,True,58,58,0,58,0,0,0,0,0,0,0,0,0,0,0,0.0,0,0,58,True,True,0.045649617822111674,0.1653237657270856
train__c25__user1__5-1-2,25,Watch_TV,user1,5-1-2,train,True,True,37,37,0,37,0,0,0,0,0,0,0,0,0,0,0,0.0,0,0,37,True,True,0.055630917423364054,0.1892680384940447
train__c25__user1__5-1-3,25,Watch_TV,user1,5-1-3,train,True,True,40,40,0,40,0,0,0,0,0,0,0,0,0,0,0,0.0,0,0,40,True,True,0.024799949823554473,0.06614805151187486
train__c25__user7__5-1-1,25,Watch_TV,user7,5-1-1,train,True,True,64,64,0,64,0,0,0,0,0,0,0,0,0,0,0,0.0,0,0,64,True,True,0.009360120942399252,0.03425707016333793
train__c25__user7__5-1-2,25,Watch_TV,user7,5-1-2,train,True,True,65,65,0,65,0,0,0,0,0,0,0,0,0,0,0,0.0,0,0,65,True,True,0.02821004033685142,0.11655490711970312
train__c25__user7__5-1-3,25,Watch_TV,user7,5-1-3,train,True,True,43,43,0,43,0,0,0,0,0,0,0,0,0,0,0,0.0,0,0,43,True,True,0.016483573271236066,0.05177904820843501
train__c25__user24__2-2-1,25,Watch_TV,user24,2-2-1,validation,True,True,39,39,0,39,0,0,0,0,0,0,0,0,0,0,0,0.0,0,0,39,True,True,0.029640134030056248,0.1209837868603558
train__c25__user24__2-2-2,25,Watch_TV,user24,2-2-2,validation,True,True,25,25,0,25,0,0,0,0,0,0,0,0,0,0,0,0.0,0,0,25,True,True,0.024081854955545143,0.08689394445539035
train__c25__user24__2-2-3,25,Watch_TV,user24,2-2-3,validation,True,True,17,17,0,17,0,0,0,0,0,0,0,0,0,0,0,0.0,0,0,17,True,True,0.033383878236053384,0.09745407797450101
train__c25__user24__5-3-1,25,Watch_TV,user24,5-3-1,validation,True,True,14,14,0,14,0,0,0,0,0,0,0,0,0,0,0,0.0,0,0,14,True,True,0.00966679741918258,0.02366447341790046
train__c25__user24__5-3-2,25,Watch_TV,user24,5-3-2,validation,True,True,29,29,0,29,0,0,0,0,0,0,0,0,0,0,0,0.0,0,0,29,True,True,0.009125938788491843,0.023989057541636452
train__c25__user24__5-3-3,25,Watch_TV,user24,5-3-3,validation,True,True,28,28,0,28,0,0,0,0,0,0,0,0,0,0,0,0.0,0,0,28,True,True,0.014929354803473061,0.04355529773655537
train__c26__user6__5-3-1,26,Play_games,user6,5-3-1,train,True,True,26,26,0,26,0,0,0,0,0,0,0,0,0,0,0,0.0,0,0,26,True,True,0.017704808306781176,0.06311215427451712
train__c26__user6__5-3-2,26,Play_games,user6,5-3-2,train,True,True,23,23,0,23,0,0,0,0,0,0,0,0,0,0,0,0.0,0,0,23,True,True,0.014872574140561312,0.043495258558687584
train__c26__user9__3-1-1,26,Play_games,user9,3-1-1,train,True,True,67,67,0,67,0,0,0,0,0,0,0,0,0,0,0,0.0,0,0,67,True,True,0.007182040389153041,0.014355017263965257
train__c26__user9__3-1-2,26,Play_games,user9,3-1-2,train,True,True,43,43,0,43,0,0,0,0,0,21,0,21,1,21,0,0.4883720930232558,0,0,43,True,True,0.004712939424260093,0.011155398307908513
train__c26__user9__3-1-3,26,Play_games,user9,3-1-3,train,True,True,47,47,0,47,0,0,0,0,0,0,0,0,0,0,0,0.0,0,0,47,True,True,0.011194562059568352,0.020245318110175783
train__c26__user9__5-1-1,26,Play_games,user9,5-1-1,train,True,True,62,62,0,62,0,0,0,0,0,0,0,0,0,0,0,0.0,0,0,62,True,True,0.005437282296183533,0.012042751409917606
train__c26__user9__5-1-2,26,Play_games,user9,5-1-2,train,True,True,57,57,0,57,0,0,0,0,0,0,0,0,0,0,0,0.0,0,0,57,True,True,0.007038278403491339,0.017245506040640082
train__c26__user9__5-1-3,26,Play_games,user9,5-1-3,train,True,True,37,37,0,37,0,0,0,0,0,0,0,0,0,0,0,0.0,0,0,37,True,True,0.007635591219252176,0.018450219068225537
train__c26__user9__5-3-1,26,Play_games,user9,5-3-1,train,True,True,23,23,0,23,0,0,0,0,0,0,0,0,0,0,0,0.0,0,0,23,True,True,0.006116461613476474,0.013467724238710546
train__c26__user9__5-3-2,26,Play_games,user9,5-3-2,train,True,True,18,18,0,18,0,0,0,0,0,0,0,0,0,0,0,0.0,0,0,18,True,True,0.008960874467817894,0.018343674287870794
train__c26__user9__5-3-3,26,Play_games,user9,5-3-3,train,True,True,27,27,0,27,0,0,0,0,0,0,0,0,0,0,0,0.0,0,0,27,True,True,0.011225407410898584,0.026283417347712966
train__c26__user9__6-2-1,26,Play_games,user9,6-2-1,train,True,True,15,15,0,15,0,0,0,0,0,0,0,0,0,0,0,0.0,0,0,15,True,True,0.010233435629763695,0.02628626438383135
train__c26__user9__6-2-2,26,Play_games,user9,6-2-2,train,True,True,7,7,0,7,0,0,0,0,0,0,0,0,0,0,0,0.0,0,0,7,True,True,0.019612195238787766,0.06724634756398376
train__c26__user9__6-2-3,26,Play_games,user9,6-2-3,train,True,True,9,9,0,9,0,0,0,0,0,0,0,0,0,0,0,0.0,0,0,9,True,True,0.01083827954076172,0.027195358561719254
train__c26__user16__5-3-1,26,Play_games,user16,5-3-1,train,True,True,129,129,0,129,0,0,0,0,0,45,0,45,2,40,0,0.3488372093023256,0,0,129,True,True,0.018466302844421262,0.052110498350681794
train__c26__user16__5-3-2,26,Play_games,user16,5-3-2,train,True,True,61,61,0,61,0,0,0,0,0,0,0,0,0,0,0,0.0,0,0,61,True,True,0.011709266850715976,0.03276637552149845
train__c26__user16__5-3-3,26,Play_games,user16,5-3-3,train,True,True,40,40,0,40,0,0,0,0,0,0,0,0,0,0,0,0.0,0,0,40,True,True,0.012574162831066183,0.039389271478776855
train__c26__user19__3-1-1,26,Play_games,user19,3-1-1,train,True,True,32,32,0,32,0,0,0,0,0,0,0,0,0,0,0,0.0,0,0,32,True,True,0.00816184258525038,0.01997880057200557
train__c26__user19__3-1-2,26,Play_games,user19,3-1-2,train,True,True,48,48,0,48,0,0,0,0,0,0,0,0,0,0,0,0.0,0,0,48,True,True,0.013097980696691477,0.04309933886465998
train__c26__user19__3-1-3,26,Play_games,user19,3-1-3,train,True,True,28,28,0,28,0,0,0,0,0,0,0,0,0,0,0,0.0,0,0,28,True,True,0.014789665162244541,0.07158665175799857
train__c26__user19__5-1-1,26,Play_games,user19,5-1-1,train,True,True,59,59,0,59,0,0,0,0,0,0,0,0,0,0,0,0.0,0,0,59,True,True,0.0410805134261108,0.2270459193161262
train__c26__user19__5-1-2,26,Play_games,user19,5-1-2,train,True,True,43,43,0,43,0,0,0,0,0,1,0,1,1,1,1,0.023255813953488372,0,0,43,True,True,0.07750805685814333,0.2560897312637406
train__c26__user19__5-1-3,26,Play_games,user19,5-1-3,train,True,True,39,39,0,39,0,0,0,0,0,0,0,0,0,0,0,0.0,0,0,39,True,True,0.008123188582459253,0.020995662260195405
train__c26__user19__5-3-1,26,Play_games,user19,5-3-1,train,True,True,32,32,0,32,0,0,0,0,0,0,0,0,0,0,0,0.0,0,0,32,True,True,0.0801386616774705,0.1873063236757131
train__c26__user19__5-3-2,26,Play_games,user19,5-3-2,train,True,True,24,24,0,24,0,0,0,0,0,0,0,0,0,0,0,0.0,0,0,24,True,True,0.006910059340345582,0.01719335145671643
train__c26__user19__6-2-1,26,Play_games,user19,6-2-1,train,True,True,19,19,0,19,0,0,0,0,0,0,0,0,0,0,0,0.0,0,0,19,True,True,0.009327039366995036,0.02075483963670738
train__c26__user19__6-2-2,26,Play_games,user19,6-2-2,train,True,True,6,6,0,6,0,0,0,0,0,0,0,0,0,0,0,0.0,0,0,6,True,True,0.04053749355313597,0.08516411578219865
train__c26__user19__6-2-3,26,Play_games,user19,6-2-3,train,True,True,16,16,0,16,0,0,0,0,0,0,0,0,0,0,0,0.0,0,0,16,True,True,0.04428882892150954,0.11242439336346921
train__c26__user23__5-1-1,26,Play_games,user23,5-1-1,validation,True,True,43,43,0,43,0,0,0,0,0,0,0,0,0,0,0,0.0,0,0,43,True,True,0.011146616084774678,0.034136157369671176
train__c26__user23__5-1-2,26,Play_games,user23,5-1-2,validation,True,True,52,52,0,52,0,0,0,0,0,0,0,0,0,0,0,0.0,0,0,52,True,True,0.00949469452739274,0.0237552891260148
train__c26__user23__5-1-3,26,Play_games,user23,5-1-3,validation,True,True,21,21,0,21,0,0,0,0,0,0,0,0,0,0,0,0.0,0,0,21,True,True,0.01388806477875133,0.031535056441937645
train__c26__user24__4-1-1,26,Play_games,user24,4-1-1,validation,True,True,41,41,0,41,0,0,0,0,0,0,0,0,0,0,0,0.0,0,0,41,True,True,0.009199265589228898,0.023603338383815307
train__c26__user24__4-1-2,26,Play_games,user24,4-1-2,validation,True,True,11,11,0,11,0,0,0,0,0,0,0,0,0,0,0,0.0,0,0,11,True,True,0.010472565774301104,0.02498111598831361
train__c26__user24__4-1-3,26,Play_games,user24,4-1-3,validation,True,True,22,22,0,22,0,0,0,0,0,0,0,0,0,0,0,0.0,0,0,22,True,True,0.018871100903731047,0.03361565593308114
train__c26__user24__4-3-1,26,Play_games,user24,4-3-1,validation,True,True,46,46,0,46,0,0,0,0,0,0,0,0,0,0,0,0.0,0,0,46,True,True,0.03036778000875706,0.1197125980805849
train__c26__user24__4-3-2,26,Play_games,user24,4-3-2,validation,True,True,28,28,0,28,0,0,0,0,0,0,0,0,0,0,0,0.0,0,0,28,True,True,0.02188260729084658,0.10500236328240979
train__c26__user24__4-3-3,26,Play_games,user24,4-3-3,validation,True,True,14,14,0,14,0,0,0,0,0,0,0,0,0,0,0,0.0,0,0,14,True,True,0.04862851822715325,0.1370497930084601
train__c26__user24__5-3-1,26,Play_games,user24,5-3-1,validation,True,True,23,23,0,23,0,0,0,0,0,0,0,0,0,0,0,0.0,0,0,23,True,True,0.01041532729828391,0.030573785461967
train__c26__user24__5-3-2,26,Play_games,user24,5-3-2,validation,True,True,19,19,0,19,0,0,0,0,0,0,0,0,0,0,0,0.0,0,0,19,True,True,0.020905616186079192,0.04840164475094952
train__c26__user24__5-3-3,26,Play_games,user24,5-3-3,validation,True,True,27,27,0,27,0,0,0,0,0,0,0,0,0,0,0,0.0,0,0,27,True,True,0.01868756961173882,0.06352065403482536
train__c27__user1__5-1-1,27,Take_a_selfie,user1,5-1-1,train,True,True,76,76,0,76,0,0,0,0,0,0,0,0,0,0,0,0.0,0,0,76,True,True,0.01446912578248095,0.04437963081359171
train__c27__user1__5-1-2,27,Take_a_selfie,user1,5-1-2,train,True,True,153,153,0,153,0,0,0,0,0,0,0,0,0,0,0,0.0,0,0,153,True,True,0.03184113128113648,0.11367235106713287
train__c27__user1__5-1-3,27,Take_a_selfie,user1,5-1-3,train,True,True,105,105,0,105,0,0,0,0,0,0,0,0,0,0,0,0.0,0,0,105,True,True,0.010551223359211152,0.031907537084135684
train__c27__user4__3-2-1,27,Take_a_selfie,user4,3-2-1,validation,True,True,28,28,0,28,0,0,0,0,0,0,0,0,0,0,0,0.0,0,0,28,True,True,0.012080162355741985,0.04248297118155164
train__c27__user4__3-2-2,27,Take_a_selfie,user4,3-2-2,validation,True,True,26,26,0,26,0,0,0,0,0,0,0,0,0,0,0,0.0,0,0,26,True,True,0.009051854594076949,0.026861646815312723
train__c27__user4__3-2-3,27,Take_a_selfie,user4,3-2-3,validation,True,True,16,16,0,16,0,0,0,0,0,0,0,0,0,0,0,0.0,0,0,16,True,True,0.036941075663185,0.08689417580502427
train__c27__user7__1-2-1,27,Take_a_selfie,user7,1-2-1,train,True,True,32,32,0,32,0,0,0,0,0,0,0,0,0,0,0,0.0,0,0,32,True,True,0.014070248497337548,0.03805070392995004
train__c27__user7__1-2-2,27,Take_a_selfie,user7,1-2-2,train,True,True,23,23,0,23,0,0,0,0,0,0,0,0,0,0,0,0.0,0,0,23,True,True,0.01169930602836104,0.036997320430316005
train__c27__user7__1-2-3,27,Take_a_selfie,user7,1-2-3,train,True,True,23,23,0,23,0,0,0,0,0,0,0,0,0,0,0,0.0,0,0,23,True,True,0.009688411848284997,0.026766682423457647
train__c27__user8__1-2-1,27,Take_a_selfie,user8,1-2-1,train,True,True,35,35,0,35,0,0,0,0,0,0,0,0,0,0,0,0.0,0,0,35,True,True,0.026040255238697543,0.08021597981257997
train__c27__user8__1-2-2,27,Take_a_selfie,user8,1-2-2,train,True,True,19,19,0,19,0,0,0,0,0,0,0,0,0,0,0,0.0,0,0,19,True,True,0.03254200221258705,0.08662106309657673
train__c27__user8__1-2-3,27,Take_a_selfie,user8,1-2-3,train,True,True,19,19,0,19,0,0,0,0,0,0,0,0,0,0,0,0.0,0,0,19,True,True,0.02335159739591501,0.06497712619708298
train__c27__user9__6-2-1,27,Take_a_selfie,user9,6-2-1,train,True,True,13,13,0,13,0,0,0,0,0,0,0,0,0,0,0,0.0,0,0,13,True,True,0.01594042138167936,0.045684417421112185
train__c27__user9__6-2-2,27,Take_a_selfie,user9,6-2-2,train,True,True,11,11,0,11,0,0,0,0,0,0,0,0,0,0,0,0.0,0,0,11,True,True,0.03487453912102495,0.13611046669339302
train__c27__user9__6-2-3,27,Take_a_selfie,user9,6-2-3,train,True,True,13,13,0,13,0,0,0,0,0,0,0,0,0,0,0,0.0,0,0,13,True,True,0.02216681839578589,0.07713099460032437
train__c27__user17__1-2-1,27,Take_a_selfie,user17,1-2-1,validation,True,True,46,46,0,46,0,0,0,0,0,0,0,0,0,0,0,0.0,0,0,46,True,True,0.0216704565524892,0.05959088581212809
train__c27__user17__1-2-2,27,Take_a_selfie,user17,1-2-2,validation,True,True,21,21,0,21,0,0,0,0,0,0,0,0,0,0,0,0.0,0,0,21,True,True,0.02559732117409253,0.07696373579664599
train__c27__user17__1-2-3,27,Take_a_selfie,user17,1-2-3,validation,True,True,30,30,0,30,0,0,0,0,0,0,0,0,0,0,0,0.0,0,0,30,True,True,0.012271061351040004,0.039239968627061535
train__c27__user18__1-2-1,27,Take_a_selfie,user18,1-2-1,train,True,True,35,35,0,35,0,0,0,0,0,0,0,0,0,0,0,0.0,0,0,35,True,True,0.018700073567171367,0.06497603680631098
train__c27__user18__1-2-2,27,Take_a_selfie,user18,1-2-2,train,True,True,49,49,0,49,0,0,0,0,0,0,0,0,0,0,0,0.0,0,0,49,True,True,0.01561869450385649,0.05774449724172581
train__c27__user18__1-2-3,27,Take_a_selfie,user18,1-2-3,train,True,True,23,23,0,23,0,0,0,0,0,0,0,0,0,0,0,0.0,0,0,23,True,True,0.023474118083540597,0.07459929463252751
train__c27__user19__6-2-1,27,Take_a_selfie,user19,6-2-1,train,True,True,33,33,0,33,0,0,0,0,0,0,0,0,0,0,0,0.0,0,0,33,True,True,0.051127062808063145,0.16507756787378508
train__c27__user19__6-2-2,27,Take_a_selfie,user19,6-2-2,train,True,True,17,17,0,17,0,0,0,0,0,0,0,0,0,0,0,0.0,0,0,17,True,True,0.030342951119802772,0.06587878701929523
train__c27__user19__6-2-3,27,Take_a_selfie,user19,6-2-3,train,True,True,18,18,0,18,0,0,0,0,0,0,0,0,0,0,0,0.0,0,0,18,True,True,0.04882402276997733,0.10975752255733984
train__c27__user20__7-2-1,27,Take_a_selfie,user20,7-2-1,train,True,True,45,45,0,45,0,0,0,0,0,0,0,0,0,0,0,0.0,0,0,45,True,True,0.02146931913178435,0.06621222915876553
train__c27__user20__7-2-2,27,Take_a_selfie,user20,7-2-2,train,True,True,43,43,0,43,0,0,0,0,0,0,0,0,0,0,0,0.0,0,0,43,True,True,0.007966869257859995,0.02009204067039799
train__c27__user20__7-2-3,27,Take_a_selfie,user20,7-2-3,train,True,True,13,13,0,13,0,0,0,0,0,0,0,0,0,0,0,0.0,0,0,13,True,True,0.007822104873696218,0.01618920636264466
train__c27__user21__5-1-1,27,Take_a_selfie,user21,5-1-1,train,True,True,10,10,0,10,0,0,0,0,0,0,0,0,0,0,0,0.0,0,0,10,True,True,0.013404030159131967,0.04247482126663683
train__c27__user21__5-1-2,27,Take_a_selfie,user21,5-1-2,train,True,True,10,10,0,10,0,0,0,0,0,0,0,0,0,0,0,0.0,0,0,10,True,True,0.02113387502422964,0.056016516440482354
train__c27__user21__5-1-3,27,Take_a_selfie,user21,5-1-3,train,True,True,14,14,0,14,0,0,0,0,0,0,0,0,0,0,0,0.0,0,0,14,True,True,0.008360706325554294,0.021574897586658096
train__c27__user22__4-2-1,27,Take_a_selfie,user22,4-2-1,train,True,True,36,36,0,36,0,0,0,0,0,0,0,0,0,0,0,0.0,0,0,36,True,True,0.005870290865456768,0.013721323846329549
train__c27__user22__4-2-2,27,Take_a_selfie,user22,4-2-2,train,True,True,24,24,0,24,0,0,0,0,0,0,0,0,0,0,0,0.0,0,0,24,True,True,0.005695069569241003,0.013052342385203098
train__c27__user22__4-2-3,27,Take_a_selfie,user22,4-2-3,train,True,True,14,14,0,14,0,0,0,0,0,0,0,0,0,0,0,0.0,0,0,14,True,True,0.02738804567985064,0.06995861682438426
train__c27__user23__3-2-2,27,Take_a_selfie,user23,3-2-2,validation,True,True,22,22,0,22,0,0,0,0,0,0,0,0,0,0,0,0.0,0,0,22,True,True,0.023267598418005873,0.08849756965219413
train__c27__user23__3-2-3,27,Take_a_selfie,user23,3-2-3,validation,True,True,29,29,0,29,0,0,0,0,0,0,0,0,0,0,0,0.0,0,0,29,True,True,0.046654645367053535,0.1260559045533524
train__c27__user23__4-2-1,27,Take_a_selfie,user23,4-2-1,validation,True,True,41,41,0,41,0,0,0,0,0,0,0,0,0,0,0,0.0,0,0,41,True,True,0.013700036094451721,0.04795139310939181
train__c27__user23__4-2-2,27,Take_a_selfie,user23,4-2-2,validation,True,True,42,42,0,42,0,0,0,0,0,0,0,0,0,0,0,0.0,0,0,42,True,True,0.009598552750060605,0.028696900945741288
train__c27__user23__4-2-3,27,Take_a_selfie,user23,4-2-3,validation,True,True,9,9,0,9,0,0,0,0,0,0,0,0,0,0,0,0.0,0,0,9,True,True,0.008769350520999579,0.024592172735071006
train__c27__user24__1-1-1,27,Take_a_selfie,user24,1-1-1,validation,True,True,29,29,0,29,0,0,0,0,0,0,0,0,0,0,0,0.0,0,0,29,True,True,0.006771582378417523,0.03225651813294597
train__c27__user24__1-1-2,27,Take_a_selfie,user24,1-1-2,validation,True,True,23,23,0,23,0,0,0,0,0,0,0,0,0,0,0,0.0,0,0,23,True,True,0.0110839975008723,0.04367161727888152
train__c27__user24__1-1-3,27,Take_a_selfie,user24,1-1-3,validation,True,True,16,16,0,16,0,0,0,0,0,0,0,0,0,0,0,0.0,0,0,16,True,True,0.0188226741533981,0.08974091504295992
train__c28__user2__5-1-1,28,Jog_in_place,user2,5-1-1,train,True,True,97,97,0,97,0,0,0,0,0,0,0,0,0,0,0,0.0,0,0,97,True,True,0.02985926922797756,0.08783341294467889
train__c28__user2__5-1-2,28,Jog_in_place,user2,5-1-2,train,True,True,85,85,0,85,0,0,0,0,0,0,0,0,0,0,0,0.0,0,0,85,True,True,0.03670233199076651,0.10848916893280218
train__c28__user2__5-1-3,28,Jog_in_place,user2,5-1-3,train,True,True,76,76,0,76,0,0,0,0,0,0,0,0,0,0,0,0.0,0,0,76,True,True,0.05606279963539603,0.18401027637098127
train__c28__user2__6-1-1,28,Jog_in_place,user2,6-1-1,train,True,True,42,42,0,42,0,0,0,0,0,0,0,0,0,0,0,0.0,0,0,42,True,True,0.034513205947080315,0.10245598404179887
train__c28__user2__6-1-2,28,Jog_in_place,user2,6-1-2,train,True,True,43,43,0,43,0,0,0,0,0,0,0,0,0,0,0,0.0,0,0,43,True,True,0.05359182116324162,0.17178242538141802
train__c28__user3__2-1-1,28,Jog_in_place,user3,2-1-1,train,True,True,54,54,0,54,0,0,0,0,0,0,0,0,0,0,0,0.0,0,0,54,True,True,0.0354719382238023,0.10360465573161551
train__c28__user3__2-1-2,28,Jog_in_place,user3,2-1-2,train,True,True,53,53,0,53,0,0,0,0,0,0,0,0,0,0,0,0.0,0,0,53,True,True,0.053834769034110344,0.18754002907970935
train__c28__user3__2-1-3,28,Jog_in_place,user3,2-1-3,train,True,True,37,37,0,37,0,0,0,0,0,0,0,0,0,0,0,0.0,0,0,37,True,True,0.039755253080537095,0.10452087633435907
train__c28__user4__3-2-1,28,Jog_in_place,user4,3-2-1,validation,True,True,46,46,0,46,0,0,0,0,0,0,0,0,0,0,0,0.0,0,0,46,True,True,0.023179578236188724,0.06625730876324666
train__c28__user4__3-2-2,28,Jog_in_place,user4,3-2-2,validation,True,True,39,39,0,39,0,0,0,0,0,0,0,0,0,0,0,0.0,0,0,39,True,True,0.04836130706907478,0.1206221710608075
train__c28__user4__3-2-3,28,Jog_in_place,user4,3-2-3,validation,True,True,31,31,0,31,0,0,0,0,0,0,0,0,0,0,0,0.0,0,0,31,True,True,0.05329478055344294,0.12593951993138067
train__c28__user6__4-1-1,28,Jog_in_place,user6,4-1-1,train,True,True,20,20,0,20,0,0,0,0,0,0,0,0,0,0,0,0.0,0,0,20,True,True,0.049347724943731706,0.1507300493108118
train__c28__user6__4-1-2,28,Jog_in_place,user6,4-1-2,train,True,True,14,14,0,14,0,0,0,0,0,0,0,0,0,0,0,0.0,0,0,14,True,True,0.0383429039059583,0.1028261590014522
train__c28__user6__4-1-3,28,Jog_in_place,user6,4-1-3,train,True,True,7,7,0,7,0,0,0,0,0,0,0,0,0,0,0,0.0,0,0,7,True,True,0.05567198513252226,0.13363438695053784
train__c28__user7__3-1-1,28,Jog_in_place,user7,3-1-1,train,True,True,52,52,0,52,0,0,0,0,0,0,0,0,0,0,0,0.0,0,0,52,True,True,0.0640168072268218,0.19464543944904908
train__c28__user7__3-1-2,28,Jog_in_place,user7,3-1-2,train,True,True,32,32,0,32,0,0,0,0,0,0,0,0,0,0,0,0.0,0,0,32,True,True,0.06747572240915285,0.1814195195819691
train__c28__user7__3-1-3,28,Jog_in_place,user7,3-1-3,train,True,True,29,29,0,29,0,0,0,0,0,0,0,0,0,0,0,0.0,0,0,29,True,True,0.07533947463095417,0.19833520354241518
train__c28__user8__5-1-1,28,Jog_in_place,user8,5-1-1,train,True,True,34,34,0,34,0,0,0,0,0,0,0,0,0,0,0,0.0,0,0,34,True,True,0.035241302929195376,0.10059237354537368
train__c28__user8__5-1-2,28,Jog_in_place,user8,5-1-2,train,True,True,24,24,0,24,0,0,0,0,0,0,0,0,0,0,0,0.0,0,0,24,True,True,0.046124237123367336,0.13628248691090844
train__c28__user8__5-1-3,28,Jog_in_place,user8,5-1-3,train,True,True,32,32,0,32,0,0,0,0,0,0,0,0,0,0,0,0.0,0,0,32,True,True,0.044405573950828156,0.1621311486795702
train__c28__user16__4-1-1,28,Jog_in_place,user16,4-1-1,train,True,True,38,38,0,38,0,0,0,0,0,0,0,0,0,0,0,0.0,0,0,38,True,True,0.06046914905447381,0.18927593068395557
train__c28__user16__4-1-2,28,Jog_in_place,user16,4-1-2,train,True,True,39,39,0,39,0,0,0,0,0,0,0,0,0,0,0,0.0,0,0,39,True,True,0.041735496481086445,0.12516345678241217
train__c28__user16__4-1-3,28,Jog_in_place,user16,4-1-3,train,True,True,42,42,0,42,0,0,0,0,0,0,0,0,0,0,0,0.0,0,0,42,True,True,0.053944586834879404,0.17231675034919836
train__c28__user17__3-1-1,28,Jog_in_place,user17,3-1-1,validation,True,True,33,33,0,33,0,0,0,0,0,0,0,0,0,0,0,0.0,0,0,33,True,True,0.025176069514798997,0.06334015181756454
train__c28__user17__3-1-2,28,Jog_in_place,user17,3-1-2,validation,True,True,44,44,0,44,0,0,0,0,0,0,0,0,0,0,0,0.0,0,0,44,True,True,0.03076379618121442,0.08565676675685831
train__c28__user17__3-1-3,28,Jog_in_place,user17,3-1-3,validation,True,True,30,30,0,30,0,0,0,0,0,0,0,0,0,0,0,0.0,0,0,30,True,True,0.04565571887094358,0.12452397507301818
train__c28__user18__5-1-1,28,Jog_in_place,user18,5-1-1,train,True,True,26,26,0,26,0,0,0,0,0,0,0,0,0,0,0,0.0,0,0,26,True,True,0.038480270315805545,0.09367422753120316
train__c28__user18__5-1-2,28,Jog_in_place,user18,5-1-2,train,True,True,34,34,0,34,0,0,0,0,0,0,0,0,0,0,0,0.0,0,0,34,True,True,0.03733662760410017,0.10231827919682478
train__c28__user18__5-1-3,28,Jog_in_place,user18,5-1-3,train,True,True,16,16,0,16,0,0,0,0,0,0,0,0,0,0,0,0.0,0,0,16,True,True,0.05475613805369735,0.15086019439808193
train__c28__user22__7-2-1,28,Jog_in_place,user22,7-2-1,train,True,True,34,34,0,34,0,0,0,0,0,0,0,0,0,0,0,0.0,0,0,34,True,True,0.02110344817548354,0.06923481157906025
train__c28__user22__7-2-2,28,Jog_in_place,user22,7-2-2,train,True,True,22,22,0,22,0,0,0,0,0,0,0,0,0,0,0,0.0,0,0,22,True,True,0.01827017205850798,0.059990114381633076
train__c28__user22__7-2-3,28,Jog_in_place,user22,7-2-3,train,True,True,12,12,0,12,0,0,0,0,0,0,0,0,0,0,0,0.0,0,0,12,True,True,0.044528270603354285,0.11823974037918608
train__c28__user23__3-2-2,28,Jog_in_place,user23,3-2-2,validation,True,True,21,21,0,21,0,0,0,0,0,0,0,0,0,0,0,0.0,0,0,21,True,True,0.03385843128345677,0.1035042538337804
train__c28__user23__3-2-3,28,Jog_in_place,user23,3-2-3,validation,True,True,19,19,0,19,0,0,0,0,0,0,0,0,0,0,0,0.0,0,0,19,True,True,0.033919707538801934,0.09480181226018208
train__c28__user24__3-2-1,28,Jog_in_place,user24,3-2-1,validation,True,True,26,26,0,26,0,0,0,0,0,0,0,0,0,0,0,0.0,0,0,26,True,True,0.027010265092237216,0.08681072971952342
train__c28__user24__3-2-2,28,Jog_in_place,user24,3-2-2,validation,True,True,41,41,0,41,0,0,0,0,0,0,0,0,0,0,0,0.0,0,0,41,True,True,0.0372087722769338,0.12001002170054122
train__c28__user24__3-2-3,28,Jog_in_place,user24,3-2-3,validation,True,True,51,51,0,51,0,0,0,0,0,0,0,0,0,0,0,0.0,0,0,51,True,True,0.032209712696012596,0.0993710687636269
train__c29__user1__1-1-1,29,Do_squats,user1,1-1-1,train,True,True,50,50,0,50,0,0,0,0,0,0,0,0,0,0,0,0.0,0,0,50,True,True,0.058830263634199256,0.14620755611912264
train__c29__user1__1-1-2,29,Do_squats,user1,1-1-2,train,True,True,54,54,0,54,0,0,0,0,0,0,0,0,0,0,0,0.0,0,0,54,True,True,0.08492243350110908,0.23276485469266356
train__c29__user1__1-1-3,29,Do_squats,user1,1-1-3,train,True,True,26,26,0,26,0,0,0,0,0,0,0,0,0,0,0,0.0,0,0,26,True,True,0.13834433920349756,0.4000624054514243
train__c29__user1__3-2-1,29,Do_squats,user1,3-2-1,train,True,True,34,34,0,34,0,0,0,0,0,0,0,0,0,0,0,0.0,0,0,34,True,True,0.06517801775066727,0.14478602807168653
train__c29__user1__3-2-2,29,Do_squats,user1,3-2-2,train,True,True,64,64,0,64,0,0,0,0,0,0,0,0,0,0,0,0.0,0,0,64,True,True,0.05843851892824518,0.1311595580928323
train__c29__user1__3-2-3,29,Do_squats,user1,3-2-3,train,True,True,51,51,0,51,0,0,0,0,0,0,0,0,0,0,0,0.0,0,0,51,True,True,0.11826281878197002,0.29815783561456255
train__c29__user2__2-2-1,29,Do_squats,user2,2-2-1,train,True,True,61,61,0,61,0,0,0,0,0,0,0,0,0,0,0,0.0,0,0,61,True,True,0.04085423720771982,0.09256942872567273
train__c29__user2__2-2-2,29,Do_squats,user2,2-2-2,train,True,True,69,69,0,69,0,0,0,0,0,0,0,0,0,0,0,0.0,0,0,69,True,True,0.05406260531902833,0.17104394581036989
train__c29__user2__2-2-3,29,Do_squats,user2,2-2-3,train,True,True,42,42,0,42,0,0,0,0,0,0,0,0,0,0,0,0.0,0,0,42,True,True,0.15215882144339082,0.36626118965217486
train__c29__user2__5-1-1,29,Do_squats,user2,5-1-1,train,True,True,77,77,0,77,0,0,0,0,0,0,0,0,0,0,0,0.0,0,0,77,True,True,0.0190382714455361,0.052428338456171536
train__c29__user2__5-1-2,29,Do_squats,user2,5-1-2,train,True,True,62,62,0,62,0,0,0,0,0,0,0,0,0,0,0,0.0,0,0,62,True,True,0.02309161066217857,0.06142080492668682
train__c29__user2__5-1-3,29,Do_squats,user2,5-1-3,train,True,True,39,39,0,39,0,0,0,0,0,0,0,0,0,0,0,0.0,0,0,39,True,True,0.07524417870401742,0.2005355173483557
train__c29__user3__2-1-1,29,Do_squats,user3,2-1-1,train,True,True,55,55,0,55,0,0,0,0,0,0,0,0,0,0,0,0.0,0,0,55,True,True,0.038608163409393,0.09145731870660584
train__c29__user3__2-1-2,29,Do_squats,user3,2-1-2,train,True,True,36,36,0,36,0,0,0,0,0,0,0,0,0,0,0,0.0,0,0,36,True,True,0.05509630048590269,0.12766604319581645
train__c29__user3__2-1-3,29,Do_squats,user3,2-1-3,train,True,True,27,27,0,27,0,0,0,0,0,0,0,0,0,0,0,0.0,0,0,27,True,True,0.04437916858205079,0.09727049513814902
train__c29__user6__3-1-1,29,Do_squats,user6,3-1-1,train,True,True,17,17,0,17,0,0,0,0,0,0,0,0,0,0,0,0.0,0,0,17,True,True,0.033420503804520274,0.08429749337760106
train__c29__user6__3-1-2,29,Do_squats,user6,3-1-2,train,True,True,47,47,0,47,0,0,0,0,0,0,0,0,0,0,0,0.0,0,0,47,True,True,0.026489790240425002,0.06304443413763551
train__c29__user6__3-1-3,29,Do_squats,user6,3-1-3,train,True,True,16,16,0,16,0,0,0,0,0,0,0,0,0,0,0,0.0,0,0,16,True,True,0.0562404043045623,0.120506212108261
train__c29__user7__4-1-1,29,Do_squats,user7,4-1-1,train,True,True,34,34,0,34,0,0,0,0,0,0,0,0,0,0,0,0.0,0,0,34,True,True,0.049116615522014725,0.1438810183239052
train__c29__user7__4-1-2,29,Do_squats,user7,4-1-2,train,True,True,5,5,0,5,0,0,0,0,0,0,0,0,0,0,0,0.0,0,0,5,True,True,0.10156697239432108,0.26452073125949027
train__c29__user7__4-1-3,29,Do_squats,user7,4-1-3,train,True,True,14,14,0,14,0,0,0,0,0,0,0,0,0,0,0,0.0,0,0,14,True,True,0.17329099919203372,0.4956759822974447
train__c29__user9__2-2-1,29,Do_squats,user9,2-2-1,train,True,True,22,22,0,22,0,0,0,0,0,0,0,0,0,0,0,0.0,0,0,22,True,True,0.07368863221310717,0.17949683916971856
train__c29__user9__2-2-2,29,Do_squats,user9,2-2-2,train,True,True,19,19,0,19,0,0,0,0,0,0,0,0,0,0,0,0.0,0,0,19,True,True,0.05307939698305461,0.11439507757568412
train__c29__user9__2-2-3,29,Do_squats,user9,2-2-3,train,True,True,16,16,0,16,0,0,0,0,0,0,0,0,0,0,0,0.0,0,0,16,True,True,0.07521521458203137,0.17234139673275017
train__c29__user9__3-3-1,29,Do_squats,user9,3-3-1,train,True,True,8,8,0,8,0,0,0,0,0,0,0,0,0,0,0,0.0,0,0,8,True,True,0.06730332201775752,0.1174797299726529
train__c29__user9__3-3-2,29,Do_squats,user9,3-3-2,train,True,True,9,9,0,9,0,0,0,0,0,0,0,0,0,0,0,0.0,0,0,9,True,True,0.048664969688291836,0.10310184885778194
train__c29__user9__3-3-3,29,Do_squats,user9,3-3-3,train,True,True,15,15,0,15,0,0,0,0,0,0,0,0,0,0,0,0.0,0,0,15,True,True,0.06701219664961419,0.16798971674288465
train__c29__user9__4-2-2,29,Do_squats,user9,4-2-2,train,True,True,15,15,0,15,0,0,0,0,0,0,0,0,0,0,0,0.0,0,0,15,True,True,0.06979866349009249,0.19863197544986677
train__c29__user9__4-2-3,29,Do_squats,user9,4-2-3,train,True,True,14,14,0,14,0,0,0,0,0,5,0,5,1,5,0,0.35714285714285715,0,0,14,True,True,0.08412411740013623,0.2128796819119459
train__c29__user9__5-3-1,29,Do_squats,user9,5-3-1,train,True,True,18,18,0,18,0,0,0,0,0,0,0,0,0,0,0,0.0,0,0,18,True,True,0.06790131273947618,0.18589078832301076
train__c29__user9__5-3-2,29,Do_squats,user9,5-3-2,train,True,True,18,18,0,18,0,0,0,0,0,0,0,0,0,0,0,0.0,0,0,18,True,True,0.07479711267732086,0.1797939559644462
train__c29__user9__5-3-3,29,Do_squats,user9,5-3-3,train,True,True,14,14,0,14,0,0,0,0,0,0,0,0,0,0,0,0.0,0,0,14,True,True,0.0668623688459377,0.15832936792021032
train__c29__user16__3-1-1,29,Do_squats,user16,3-1-1,train,True,True,70,70,0,70,0,0,0,0,0,0,0,0,0,0,0,0.0,0,0,70,True,True,0.012476060030036719,0.0356064577294476
train__c29__user16__3-1-2,29,Do_squats,user16,3-1-2,train,True,True,59,59,0,59,0,0,0,0,0,0,0,0,0,0,0,0.0,0,0,59,True,True,0.02223786337307173,0.053983405105099545
train__c29__user16__3-1-3,29,Do_squats,user16,3-1-3,train,True,True,32,32,0,32,0,0,0,0,0,0,0,0,0,0,0,0.0,0,0,32,True,True,0.061944261746553694,0.15229874918845185
train__c29__user17__4-1-1,29,Do_squats,user17,4-1-1,validation,True,True,46,46,0,46,0,0,0,0,0,11,0,11,3,8,1,0.2391304347826087,0,0,46,True,True,0.06848923945141207,0.20767870374440459
train__c29__user17__4-1-2,29,Do_squats,user17,4-1-2,validation,True,True,22,22,0,22,0,0,0,0,0,2,0,2,2,1,2,0.09090909090909091,0,0,22,True,True,0.10083414518272601,0.23713988317178739
train__c29__user17__4-1-3,29,Do_squats,user17,4-1-3,validation,True,True,22,22,0,22,0,0,0,0,0,4,0,4,4,1,4,0.18181818181818182,0,0,22,True,True,0.11239354542304172,0.2435402118874348
train__c29__user18__6-1-1,29,Do_squats,user18,6-1-1,train,True,True,39,39,0,39,0,0,0,0,0,37,0,37,2,19,0,0.9487179487179487,0,0,39,True,True,0.0819063630494352,0.2594155279342646
train__c29__user18__6-1-2,29,Do_squats,user18,6-1-2,train,True,True,31,31,0,31,0,0,0,0,0,31,0,31,1,31,0,1.0,0,0,31,True,True,0.07756628580972007,0.19014705050376743
train__c29__user18__6-1-3,29,Do_squats,user18,6-1-3,train,True,True,28,28,0,28,0,0,0,0,0,0,0,0,0,0,0,0.0,0,0,28,True,True,0.07254237576884397,0.1698128115823862
train__c29__user19__2-2-1,29,Do_squats,user19,2-2-1,train,True,True,38,38,0,38,0,0,0,0,0,0,0,0,0,0,0,0.0,0,0,38,True,True,0.036042623349088206,0.09148396877437587
train__c29__user19__2-2-2,29,Do_squats,user19,2-2-2,train,True,True,33,33,0,33,0,0,0,0,0,0,0,0,0,0,0,0.0,0,0,33,True,True,0.056208524019769356,0.1523753389395865
train__c29__user19__2-2-3,29,Do_squats,user19,2-2-3,train,True,True,18,18,0,18,0,0,0,0,0,0,0,0,0,0,0,0.0,0,0,18,True,True,0.07855835580502951,0.19027486217666234
train__c29__user19__3-3-1,29,Do_squats,user19,3-3-1,train,True,True,39,39,0,39,0,0,0,0,0,0,0,0,0,0,0,0.0,0,0,39,True,True,0.03762007783367468,0.08933209122604698
train__c29__user19__3-3-2,29,Do_squats,user19,3-3-2,train,True,True,21,21,0,21,0,0,0,0,0,0,0,0,0,0,0,0.0,0,0,21,True,True,0.05841180144987853,0.1337504789708834
train__c29__user19__3-3-3,29,Do_squats,user19,3-3-3,train,True,True,14,14,0,14,0,0,0,0,0,0,0,0,0,0,0,0.0,0,0,14,True,True,0.06485424828468474,0.13647949695587158
train__c29__user19__4-2-1,29,Do_squats,user19,4-2-1,train,True,True,22,22,0,22,0,0,0,0,0,0,0,0,0,0,0,0.0,0,0,22,True,True,0.049636987282928126,0.11461463958501426
train__c29__user19__4-2-2,29,Do_squats,user19,4-2-2,train,True,True,21,21,0,21,0,0,0,0,0,0,0,0,0,0,0,0.0,0,0,21,True,True,0.06619529760114812,0.15963989263164868
train__c29__user19__4-2-3,29,Do_squats,user19,4-2-3,train,True,True,16,16,0,16,0,0,0,0,0,0,0,0,0,0,0,0.0,0,0,16,True,True,0.06756163120160842,0.19783747182217257
train__c29__user19__5-3-1,29,Do_squats,user19,5-3-1,train,True,True,27,27,0,27,0,0,0,0,0,0,0,0,0,0,0,0.0,0,0,27,True,True,0.05616769565227576,0.13601682057369383
train__c29__user19__5-3-2,29,Do_squats,user19,5-3-2,train,True,True,28,28,0,28,0,0,0,0,0,0,0,0,0,0,0,0.0,0,0,28,True,True,0.07950032682180251,0.18354910754963724
train__c29__user19__5-3-3,29,Do_squats,user19,5-3-3,train,True,True,15,15,0,15,0,0,0,0,0,0,0,0,0,0,0,0.0,0,0,15,True,True,0.07876984491624275,0.183258173629567
train__c29__user20__1-2-1,29,Do_squats,user20,1-2-1,train,True,True,19,19,0,19,0,0,0,0,0,0,0,0,0,0,0,0.0,0,0,19,True,True,0.044053146615147865,0.1372083910036321
train__c29__user20__1-2-2,29,Do_squats,user20,1-2-2,train,True,True,18,18,0,18,0,0,0,0,0,0,0,0,0,0,0,0.0,0,0,18,True,True,0.08631155169867126,0.21258028656679478
train__c29__user20__1-2-3,29,Do_squats,user20,1-2-3,train,True,True,17,17,0,17,0,0,0,0,0,0,0,0,0,0,0,0.0,0,0,17,True,True,0.07387745383172359,0.2005582639368295
train__c29__user20__6-1-1,29,Do_squats,user20,6-1-1,train,True,True,37,37,0,37,0,0,0,0,0,0,0,0,0,0,0,0.0,0,0,37,True,True,0.03426721330008972,0.08414009127106768
train__c29__user20__6-1-2,29,Do_squats,user20,6-1-2,train,True,True,19,19,0,19,0,0,0,0,0,0,0,0,0,0,0,0.0,0,0,19,True,True,0.08169179546231159,0.1972984703473008
train__c29__user20__6-1-3,29,Do_squats,user20,6-1-3,train,True,True,38,38,0,38,0,0,0,0,0,0,0,0,0,0,0,0.0,0,0,38,True,True,0.0373529106234324,0.09642086183059824
train__c29__user21__3-2-1,29,Do_squats,user21,3-2-1,train,True,True,17,17,0,17,0,0,0,0,0,0,0,0,0,0,0,0.0,0,0,17,True,True,0.09367873648071436,0.222189591805366
train__c29__user21__3-2-2,29,Do_squats,user21,3-2-2,train,True,True,26,26,0,26,0,0,0,0,0,0,0,0,0,0,0,0.0,0,0,26,True,True,0.0918006090622009,0.2120203229973347
train__c29__user21__3-2-3,29,Do_squats,user21,3-2-3,train,True,True,18,18,0,18,0,0,0,0,0,0,0,0,0,0,0,0.0,0,0,18,True,True,0.16453810204645744,0.3899984273911064
train__c29__user22__6-2-1,29,Do_squats,user22,6-2-1,train,True,True,11,11,0,11,0,0,0,0,0,0,0,0,0,0,0,0.0,0,0,11,True,True,0.03574741429619408,0.08677348432342046
train__c29__user22__6-2-2,29,Do_squats,user22,6-2-2,train,True,True,36,36,0,36,0,0,0,0,0,0,0,0,0,0,0,0.0,0,0,36,True,True,0.02563154721352213,0.07782074368468596
train__c29__user22__6-2-3,29,Do_squats,user22,6-2-3,train,True,True,41,41,0,41,0,0,0,0,0,0,0,0,0,0,0,0.0,0,0,41,True,True,0.03423006644438738,0.09900268409156121
train__c29__user23__1-2-1,29,Do_squats,user23,1-2-1,validation,True,True,31,31,0,31,0,0,0,0,0,0,0,0,0,0,0,0.0,0,0,31,True,True,0.07608300820758844,0.23049774988085803
train__c29__user23__1-2-2,29,Do_squats,user23,1-2-2,validation,True,True,30,30,0,30,0,0,0,0,0,0,0,0,0,0,0,0.0,0,0,30,True,True,0.09675851490165469,0.2854066521680587
train__c29__user23__1-2-3,29,Do_squats,user23,1-2-3,validation,True,True,22,22,0,22,0,0,0,0,0,0,0,0,0,0,0,0.0,0,0,22,True,True,0.10757732700307128,0.34416049184938025
train__c29__user23__6-1-1,29,Do_squats,user23,6-1-1,validation,True,True,34,34,0,34,0,0,0,0,0,0,0,0,0,0,0,0.0,0,0,34,True,True,0.06278500284801619,0.192154717685935
train__c29__user23__6-1-2,29,Do_squats,user23,6-1-2,validation,True,True,17,17,0,17,0,0,0,0,0,0,0,0,0,0,0,0.0,0,0,17,True,True,0.06732730337112372,0.19504952114575466
train__c29__user23__6-1-3,29,Do_squats,user23,6-1-3,validation,True,True,28,28,0,28,0,0,0,0,0,3,0,3,2,2,1,0.10714285714285714,0,0,28,True,True,0.06279226492856309,0.19691868947505828
train__c29__user23__6-3-1,29,Do_squats,user23,6-3-1,validation,True,True,61,61,0,61,0,0,0,0,0,2,0,2,1,2,0,0.03278688524590164,0,0,61,True,True,0.05802628844306723,0.1888354087507235
train__c29__user23__6-3-2,29,Do_squats,user23,6-3-2,validation,True,True,31,31,0,31,0,0,0,0,0,0,0,0,0,0,0,0.0,0,0,31,True,True,0.08773769161550302,0.23692740813088262
train__c29__user23__6-3-3,29,Do_squats,user23,6-3-3,validation,True,True,31,31,0,31,0,0,0,0,0,0,0,0,0,0,0,0.0,0,0,31,True,True,0.0963749522814251,0.2794620881741267
train__c29__user24__6-3-1,29,Do_squats,user24,6-3-1,validation,True,True,72,72,0,72,0,0,0,0,0,0,0,0,0,0,0,0.0,0,0,72,True,True,0.06465300243965652,0.1682994900309807
train__c29__user24__6-3-2,29,Do_squats,user24,6-3-2,validation,True,True,63,63,0,63,0,0,0,0,0,0,0,0,0,0,0,0.0,0,0,63,True,True,0.09086237187812196,0.22816947931835027
train__c29__user24__6-3-3,29,Do_squats,user24,6-3-3,validation,True,True,40,40,0,40,0,0,0,0,0,0,0,0,0,0,0,0.0,0,0,40,True,True,0.12919411737769487,0.3300942057057208
train__c30__user1__1-1-1,30,Do_jumping_jacks,user1,1-1-1,train,True,True,52,52,0,52,0,0,0,0,0,0,0,0,0,0,0,0.0,0,0,52,True,True,0.07249295959691149,0.25963192740262575
train__c30__user1__1-1-2,30,Do_jumping_jacks,user1,1-1-2,train,True,True,57,57,0,57,0,0,0,0,0,0,0,0,0,0,0,0.0,0,0,57,True,True,0.08648720375803504,0.2784868884143514
train__c30__user1__1-1-3,30,Do_jumping_jacks,user1,1-1-3,train,True,True,34,34,0,34,0,0,0,0,0,0,0,0,0,0,0,0.0,0,0,34,True,True,0.10441417283595633,0.29850947929045774
train__c30__user2__5-1-1,30,Do_jumping_jacks,user2,5-1-1,train,True,True,61,61,0,61,0,0,0,0,0,0,0,0,0,0,0,0.0,0,0,61,True,True,0.07972080775542618,0.25969489816861707
train__c30__user2__5-1-2,30,Do_jumping_jacks,user2,5-1-2,train,True,True,36,36,0,36,0,0,0,0,0,0,0,0,0,0,0,0.0,0,0,36,True,True,0.0907779951187136,0.28193623749263563
train__c30__user2__5-1-3,30,Do_jumping_jacks,user2,5-1-3,train,True,True,46,46,0,46,0,0,0,0,0,0,0,0,0,0,0,0.0,0,0,46,True,True,0.08737154562974173,0.2854216871169659
train__c30__user2__6-1-1,30,Do_jumping_jacks,user2,6-1-1,train,True,True,55,55,0,55,0,0,0,0,0,0,0,0,0,0,0,0.0,0,0,55,True,True,0.06437541713712543,0.22841689468584744
train__c30__user2__6-1-2,30,Do_jumping_jacks,user2,6-1-2,train,True,True,45,45,0,45,0,0,0,0,0,0,0,0,0,0,0,0.0,0,0,45,True,True,0.08195287391718901,0.26547406222154957
train__c30__user4__3-2-1,30,Do_jumping_jacks,user4,3-2-1,validation,True,True,32,32,0,32,0,0,0,0,0,0,0,0,0,0,0,0.0,0,0,32,True,True,0.05393654497021152,0.18349465163137557
train__c30__user4__3-2-2,30,Do_jumping_jacks,user4,3-2-2,validation,True,True,11,11,0,11,0,0,0,0,0,0,0,0,0,0,0,0.0,0,0,11,True,True,0.06620423032976393,0.23594627649012404
train__c30__user4__3-2-3,30,Do_jumping_jacks,user4,3-2-3,validation,True,True,29,29,0,29,0,0,0,0,0,0,0,0,0,0,0,0.0,0,0,29,True,True,0.06503226227103574,0.25191906723369595
train__c30__user6__6-1-1,30,Do_jumping_jacks,user6,6-1-1,train,True,True,42,42,0,42,0,0,0,0,0,0,0,0,0,0,0,0.0,0,0,42,True,True,0.0698764819930465,0.18175909269077234
train__c30__user6__6-1-2,30,Do_jumping_jacks,user6,6-1-2,train,True,True,37,37,0,37,0,0,0,0,0,2,0,2,2,1,2,0.05405405405405406,0,0,37,True,True,0.07657106410746017,0.2385933794966273
train__c30__user6__6-1-3,30,Do_jumping_jacks,user6,6-1-3,train,True,True,41,41,0,41,0,0,0,0,0,0,0,0,0,0,0,0.0,0,0,41,True,True,0.0673392652335294,0.168754338472637
train__c30__user7__2-2-1,30,Do_jumping_jacks,user7,2-2-1,train,True,True,47,47,0,47,0,0,0,0,0,0,0,0,0,0,0,0.0,0,0,47,True,True,0.08935139724919657,0.2705554146500284
train__c30__user7__2-2-2,30,Do_jumping_jacks,user7,2-2-2,train,True,True,37,37,0,37,0,0,0,0,0,0,0,0,0,0,0,0.0,0,0,37,True,True,0.09960897976849087,0.2654018419314121
train__c30__user7__2-2-3,30,Do_jumping_jacks,user7,2-2-3,train,True,True,30,30,0,30,0,0,0,0,0,0,0,0,0,0,0,0.0,0,0,30,True,True,0.1110548898279707,0.32278876565597525
train__c30__user8__6-2-1,30,Do_jumping_jacks,user8,6-2-1,train,True,True,8,8,0,8,0,0,0,0,0,1,0,1,1,1,1,0.125,0,0,8,True,True,0.06653033527100587,0.21710341715654066
train__c30__user8__6-2-2,30,Do_jumping_jacks,user8,6-2-2,train,True,True,10,10,0,10,0,0,0,0,0,0,0,0,0,0,0,0.0,0,0,10,True,True,0.05892655274597177,0.20177379547992452
train__c30__user8__6-2-3,30,Do_jumping_jacks,user8,6-2-3,train,True,True,21,21,0,21,0,0,0,0,0,1,0,1,1,1,1,0.047619047619047616,0,0,21,True,True,0.05265072061043508,0.16322840028325786
train__c30__user9__2-2-1,30,Do_jumping_jacks,user9,2-2-1,train,True,True,15,15,0,15,0,0,0,0,0,0,0,0,0,0,0,0.0,0,0,15,True,True,0.09985183102996079,0.2874558047780225
train__c30__user9__2-2-2,30,Do_jumping_jacks,user9,2-2-2,train,True,True,16,16,0,16,0,0,0,0,0,0,0,0,0,0,0,0.0,0,0,16,True,True,0.0880797298035174,0.24337911956697014
train__c30__user9__2-2-3,30,Do_jumping_jacks,user9,2-2-3,train,True,True,4,4,0,4,0,0,0,0,0,0,0,0,0,0,0,0.0,0,0,4,True,True,0.07232621162935635,0.21167773060353828
train__c30__user16__6-1-1,30,Do_jumping_jacks,user16,6-1-1,train,True,True,31,31,0,31,0,0,0,0,0,0,0,0,0,0,0,0.0,0,0,31,True,True,0.06512208846849248,0.2125593802463829
train__c30__user16__6-1-2,30,Do_jumping_jacks,user16,6-1-2,train,True,True,45,45,0,45,0,0,0,0,0,0,0,0,0,0,0,0.0,0,0,45,True,True,0.08722909909391398,0.2670476245901322
train__c30__user16__6-1-3,30,Do_jumping_jacks,user16,6-1-3,train,True,True,36,36,0,36,0,0,0,0,0,0,0,0,0,0,0,0.0,0,0,36,True,True,0.07160377174642825,0.22285676718703323
train__c30__user17__2-2-1,30,Do_jumping_jacks,user17,2-2-1,validation,True,True,37,37,0,37,0,0,0,0,0,0,0,0,0,0,0,0.0,0,0,37,True,True,0.06458051526576862,0.22521292608923946
train__c30__user17__2-2-2,30,Do_jumping_jacks,user17,2-2-2,validation,True,True,43,43,0,43,0,0,0,0,0,0,0,0,0,0,0,0.0,0,0,43,True,True,0.06861287301996884,0.24922956367282717
train__c30__user17__2-2-3,30,Do_jumping_jacks,user17,2-2-3,validation,True,True,17,17,0,17,0,0,0,0,0,0,0,0,0,0,0,0.0,0,0,17,True,True,0.07670794789739578,0.2831714114992337
train__c30__user18__6-2-1,30,Do_jumping_jacks,user18,6-2-1,train,True,True,19,19,0,19,0,0,0,0,0,0,0,0,0,0,0,0.0,0,0,19,True,True,0.048485807357936804,0.1720464028330908
train__c30__user18__6-2-2,30,Do_jumping_jacks,user18,6-2-2,train,True,True,15,15,0,15,0,0,0,0,0,0,0,0,0,0,0,0.0,0,0,15,True,True,0.06044322400592202,0.22575548299000778
train__c30__user18__6-2-3,30,Do_jumping_jacks,user18,6-2-3,train,True,True,17,17,0,17,0,0,0,0,0,0,0,0,0,0,0,0.0,0,0,17,True,True,0.04422734614892579,0.158399099764923
train__c30__user19__2-2-1,30,Do_jumping_jacks,user19,2-2-1,train,True,True,41,41,0,41,0,0,0,0,0,0,0,0,0,0,0,0.0,0,0,41,True,True,0.05393540124988224,0.1563945995565572
train__c30__user19__2-2-2,30,Do_jumping_jacks,user19,2-2-2,train,True,True,32,32,0,32,0,0,0,0,0,0,0,0,0,0,0,0.0,0,0,32,True,True,0.09132920056894822,0.24542221468668812
train__c30__user19__2-2-3,30,Do_jumping_jacks,user19,2-2-3,train,True,True,19,19,0,19,0,0,0,0,0,0,0,0,0,0,0,0.0,0,0,19,True,True,0.101831022236795,0.3007645288213121
train__c30__user20__6-1-1,30,Do_jumping_jacks,user20,6-1-1,train,True,True,31,31,0,31,0,0,0,0,0,0,0,0,0,0,0,0.0,0,0,31,True,True,0.05190129383775604,0.1907110140887688
train__c30__user20__6-1-2,30,Do_jumping_jacks,user20,6-1-2,train,True,True,26,26,0,26,0,0,0,0,0,0,0,0,0,0,0,0.0,0,0,26,True,True,0.07794358232744283,0.28397106838118896
train__c30__user20__6-1-3,30,Do_jumping_jacks,user20,6-1-3,train,True,True,36,36,0,36,0,0,0,0,0,0,0,0,0,0,0,0.0,0,0,36,True,True,0.06221317226180941,0.20392647854276358
train__c30__user21__3-2-1,30,Do_jumping_jacks,user21,3-2-1,train,True,True,23,23,0,23,0,0,0,0,0,0,0,0,0,0,0,0.0,0,0,23,True,True,0.057406454640613426,0.18814610145215768
train__c30__user21__3-2-2,30,Do_jumping_jacks,user21,3-2-2,train,True,True,36,36,0,36,0,0,0,0,0,0,0,0,0,0,0,0.0,0,0,36,True,True,0.063344590001559,0.21448036390670183
train__c30__user21__3-2-3,30,Do_jumping_jacks,user21,3-2-3,train,True,True,18,18,0,18,0,0,0,0,0,0,0,0,0,0,0,0.0,0,0,18,True,True,0.08163110115322988,0.26050667419707624
train__c30__user22__6-2-1,30,Do_jumping_jacks,user22,6-2-1,train,True,True,35,35,0,35,0,0,0,0,0,0,0,0,0,0,0,0.0,0,0,35,True,True,0.04239689874728371,0.18245415324886216
train__c30__user22__6-2-2,30,Do_jumping_jacks,user22,6-2-2,train,True,True,54,54,0,54,0,0,0,0,0,0,0,0,0,0,0,0.0,0,0,54,True,True,0.04038134569102194,0.15288480799362492
train__c30__user22__6-2-3,30,Do_jumping_jacks,user22,6-2-3,train,True,True,24,24,0,24,0,0,0,0,0,0,0,0,0,0,0,0.0,0,0,24,True,True,0.07372282617942309,0.25942213328438984
train__c31__user1__7-1-1,31,Do_stretching_exercises,user1,7-1-1,train,True,True,50,50,0,50,0,0,0,0,0,0,0,0,0,0,0,0.0,0,0,50,True,True,0.026905496872808694,0.08046215882769714
train__c31__user1__7-1-2,31,Do_stretching_exercises,user1,7-1-2,train,True,True,70,70,0,70,0,0,0,0,0,0,0,0,0,0,0,0.0,0,0,70,True,True,0.04234214913426573,0.12871251158077657
train__c31__user1__7-1-3,31,Do_stretching_exercises,user1,7-1-3,train,True,True,39,39,0,39,0,0,0,0,0,0,0,0,0,0,0,0.0,0,0,39,True,True,0.08036923718910478,0.27423412916391915
train__c31__user2__1-2-1,31,Do_stretching_exercises,user2,1-2-1,train,True,True,21,21,0,21,0,0,0,0,0,1,0,1,1,1,1,0.047619047619047616,0,0,21,True,True,0.07805432784238542,0.2271055162825751
train__c31__user2__1-2-2,31,Do_stretching_exercises,user2,1-2-2,train,True,True,40,40,0,40,0,0,0,0,0,3,0,3,2,2,1,0.075,0,0,40,True,True,0.11843091239770817,0.3431751313003103
train__c31__user2__1-2-3,31,Do_stretching_exercises,user2,1-2-3,train,True,True,29,29,0,29,0,0,0,0,0,1,0,1,1,1,1,0.034482758620689655,0,0,29,True,True,0.11064674630677714,0.3541541864735579
train__c31__user2__2-2-1,31,Do_stretching_exercises,user2,2-2-1,train,True,True,76,76,0,76,0,0,0,0,0,0,0,0,0,0,0,0.0,0,0,76,True,True,0.07668999835889131,0.2008794047886583
train__c31__user2__2-2-2,31,Do_stretching_exercises,user2,2-2-2,train,True,True,36,36,0,36,0,0,0,0,0,0,0,0,0,0,0,0.0,0,0,36,True,True,0.029091564277707125,0.12812907997159506
train__c31__user2__2-2-3,31,Do_stretching_exercises,user2,2-2-3,train,True,True,15,15,0,15,0,0,0,0,0,0,0,0,0,0,0,0.0,0,0,15,True,True,0.07646290319023918,0.28098852247945966
train__c31__user2__6-1-1,31,Do_stretching_exercises,user2,6-1-1,train,True,True,29,29,0,29,0,0,0,0,0,0,0,0,0,0,0,0.0,0,0,29,True,True,0.034997341936034654,0.15992279503106582
train__c31__user2__6-1-2,31,Do_stretching_exercises,user2,6-1-2,train,True,True,19,19,0,19,0,0,0,0,0,0,0,0,0,0,0,0.0,0,0,19,True,True,0.0444749217306411,0.15442894258366835
train__c31__user2__7-3-1,31,Do_stretching_exercises,user2,7-3-1,train,True,True,48,48,0,48,0,0,0,0,0,0,0,0,0,0,0,0.0,0,0,48,True,True,0.05003240699905494,0.17368770875853048
train__c31__user2__7-3-2,31,Do_stretching_exercises,user2,7-3-2,train,True,True,45,45,0,45,0,0,0,0,0,0,0,0,0,0,0,0.0,0,0,45,True,True,0.057717996774309915,0.2104148280234979
train__c31__user2__7-3-3,31,Do_stretching_exercises,user2,7-3-3,train,True,True,35,35,0,35,0,0,0,0,0,0,0,0,0,0,0,0.0,0,0,35,True,True,0.0524390471486464,0.17852108806528963
train__c31__user3__2-1-1,31,Do_stretching_exercises,user3,2-1-1,train,True,True,46,46,0,46,0,0,0,0,0,0,0,0,0,0,0,0.0,0,0,46,True,True,0.030401916925412727,0.12148267325078428
train__c31__user3__2-1-2,31,Do_stretching_exercises,user3,2-1-2,train,True,True,52,52,0,52,0,0,0,0,0,0,0,0,0,0,0,0.0,0,0,52,True,True,0.060021254845259664,0.21307024155353937
train__c31__user3__2-1-3,31,Do_stretching_exercises,user3,2-1-3,train,True,True,33,33,0,33,0,0,0,0,0,0,0,0,0,0,0,0.0,0,0,33,True,True,0.030790779692406733,0.11207944677469951
train__c31__user3__7-1-1,31,Do_stretching_exercises,user3,7-1-1,train,True,True,39,39,0,39,0,0,0,0,0,1,0,1,1,1,1,0.02564102564102564,0,0,39,True,True,0.027123253433325147,0.09821289793144393
train__c31__user3__7-1-2,31,Do_stretching_exercises,user3,7-1-2,train,True,True,40,40,0,40,0,0,0,0,0,0,0,0,0,0,0,0.0,0,0,40,True,True,0.018143528869314713,0.0843004031701151
train__c31__user3__7-1-3,31,Do_stretching_exercises,user3,7-1-3,train,True,True,47,47,0,47,0,0,0,0,0,0,0,0,0,0,0,0.0,0,0,47,True,True,0.026422345610368804,0.11663355061450677
train__c31__user4__3-2-1,31,Do_stretching_exercises,user4,3-2-1,validation,True,True,51,51,0,51,0,0,0,0,0,0,0,0,0,0,0,0.0,0,0,51,True,True,0.03248713059273533,0.11672072493875274
train__c31__user4__3-2-2,31,Do_stretching_exercises,user4,3-2-2,validation,True,True,11,11,0,11,0,0,0,0,0,0,0,0,0,0,0,0.0,0,0,11,True,True,0.022917568710027224,0.10507551618068599
train__c31__user4__3-2-3,31,Do_stretching_exercises,user4,3-2-3,validation,True,True,32,32,0,32,0,0,0,0,0,0,0,0,0,0,0,0.0,0,0,32,True,True,0.02822118865291607,0.12150019438968998
train__c31__user5__5-2-1,31,Do_stretching_exercises,user5,5-2-1,train,False,False,0,0,0,0,0,0,0,0,0,0,0,0,0,0,0,0.0,0,0,0,True,True,,
train__c31__user5__5-2-2,31,Do_stretching_exercises,user5,5-2-2,train,False,False,0,0,0,0,0,0,0,0,0,0,0,0,0,0,0,0.0,0,0,0,True,True,,
train__c31__user5__5-2-3,31,Do_stretching_exercises,user5,5-2-3,train,False,False,0,0,0,0,0,0,0,0,0,0,0,0,0,0,0,0.0,0,0,0,True,True,,
train__c31__user7__2-2-1,31,Do_stretching_exercises,user7,2-2-1,train,True,True,43,43,0,43,0,0,0,0,0,0,0,0,0,0,0,0.0,0,0,43,True,True,0.09380120067324056,0.2897233190322113
train__c31__user7__2-2-2,31,Do_stretching_exercises,user7,2-2-2,train,True,True,42,42,0,42,0,0,0,0,0,0,0,0,0,0,0,0.0,0,0,42,True,True,0.09384433852149422,0.22811677583919635
train__c31__user7__2-2-3,31,Do_stretching_exercises,user7,2-2-3,train,True,True,29,29,0,29,0,0,0,0,0,0,0,0,0,0,0,0.0,0,0,29,True,True,0.11172803385897663,0.321869241313123
train__c31__user7__4-1-1,31,Do_stretching_exercises,user7,4-1-1,train,True,True,16,16,0,16,0,0,0,0,0,0,0,0,0,0,0,0.0,0,0,16,True,True,0.05099910916760095,0.11955395059735582
train__c31__user7__4-1-2,31,Do_stretching_exercises,user7,4-1-2,train,True,True,14,14,0,14,0,0,0,0,0,0,0,0,0,0,0,0.0,0,0,14,True,True,0.06255420832889333,0.15265578918067968
train__c31__user7__4-1-3,31,Do_stretching_exercises,user7,4-1-3,train,True,True,8,8,0,8,0,0,0,0,0,0,0,0,0,0,0,0.0,0,0,8,True,True,0.08076416850578577,0.14271387813302266
train__c31__user8__5-1-1,31,Do_stretching_exercises,user8,5-1-1,train,True,True,27,27,0,27,0,0,0,0,0,0,0,0,0,0,0,0.0,0,0,27,True,True,0.026818107426790725,0.07908085065674533
train__c31__user8__5-1-2,31,Do_stretching_exercises,user8,5-1-2,train,True,True,23,23,0,23,0,0,0,0,0,0,0,0,0,0,0,0.0,0,0,23,True,True,0.038768813249304715,0.12787608440404444
train__c31__user8__5-1-3,31,Do_stretching_exercises,user8,5-1-3,train,True,True,8,8,0,8,0,0,0,0,0,0,0,0,0,0,0,0.0,0,0,8,True,True,0.06740352280968494,0.19112492404152553
train__c31__user8__6-1-1,31,Do_stretching_exercises,user8,6-1-1,train,True,True,14,14,0,14,0,0,0,0,0,0,0,0,0,0,0,0.0,0,0,14,True,True,0.055330389147255805,0.214875753172007
train__c31__user8__6-1-2,31,Do_stretching_exercises,user8,6-1-2,train,True,True,25,25,0,25,0,0,0,0,0,0,0,0,0,0,0,0.0,0,0,25,True,True,0.06701359495435089,0.2714024305670705
train__c31__user8__6-1-3,31,Do_stretching_exercises,user8,6-1-3,train,True,True,22,22,0,22,0,0,0,0,0,0,0,0,0,0,0,0.0,0,0,22,True,True,0.06561989442637298,0.2533301442539864
train__c31__user8__6-2-1,31,Do_stretching_exercises,user8,6-2-1,train,True,True,49,49,0,49,0,0,0,0,0,0,0,0,0,0,0,0.0,0,0,49,True,True,0.030086698215185226,0.09803673455742744
train__c31__user8__6-2-2,31,Do_stretching_exercises,user8,6-2-2,train,True,True,27,27,0,27,0,0,0,0,0,0,0,0,0,0,0,0.0,0,0,27,True,True,0.03777925915574715,0.11771487670375949
train__c31__user8__6-2-3,31,Do_stretching_exercises,user8,6-2-3,train,True,True,44,44,0,44,0,0,0,0,0,0,0,0,0,0,0,0.0,0,0,44,True,True,0.04008161609623919,0.12190220721101455
train__c31__user9__1-1-1,31,Do_stretching_exercises,user9,1-1-1,train,True,True,37,37,0,37,0,0,0,0,0,37,0,37,1,37,0,1.0,0,0,37,True,True,0.11976949599370526,0.4396423214189129
train__c31__user9__1-1-2,31,Do_stretching_exercises,user9,1-1-2,train,True,True,10,10,0,10,0,0,0,0,0,10,0,10,1,10,0,1.0,0,0,10,True,True,0.10752315662253432,0.2910643397649159
train__c31__user9__1-1-3,31,Do_stretching_exercises,user9,1-1-3,train,True,True,14,14,0,14,0,0,0,0,0,14,0,14,1,14,0,1.0,0,0,14,True,True,0.0816616903717464,0.20039246892148233
train__c31__user9__4-2-2,31,Do_stretching_exercises,user9,4-2-2,train,True,True,38,38,0,38,0,0,0,0,0,0,0,0,0,0,0,0.0,0,0,38,True,True,0.03313767399919409,0.14238687706790162
train__c31__user9__4-2-3,31,Do_stretching_exercises,user9,4-2-3,train,True,True,11,11,0,11,0,0,0,0,0,0,0,0,0,0,0,0.0,0,0,11,True,True,0.03251350504013592,0.11433416378354411
train__c31__user17__3-1-1,31,Do_stretching_exercises,user17,3-1-1,validation,True,True,20,20,0,20,0,0,0,0,0,0,0,0,0,0,0,0.0,0,0,20,True,True,0.04355174350373681,0.1378190623070396
train__c31__user17__3-1-2,31,Do_stretching_exercises,user17,3-1-2,validation,True,True,26,26,0,26,0,0,0,0,0,2,0,2,1,2,0,0.07692307692307693,0,0,26,True,True,0.03992576005382418,0.15350398116102665
train__c31__user17__3-1-3,31,Do_stretching_exercises,user17,3-1-3,validation,True,True,28,28,0,28,0,0,0,0,0,1,0,1,1,1,1,0.03571428571428571,0,0,28,True,True,0.06409168651525962,0.2034195552405407
train__c31__user17__4-1-1,31,Do_stretching_exercises,user17,4-1-1,validation,True,True,24,24,0,24,0,0,0,0,0,7,0,7,2,4,0,0.2916666666666667,0,0,24,True,True,0.03475610441872533,0.11321588582314371
train__c31__user17__4-1-2,31,Do_stretching_exercises,user17,4-1-2,validation,True,True,30,30,0,30,0,0,0,0,0,11,0,11,4,4,1,0.36666666666666664,0,0,30,True,True,0.06658792537873875,0.2123205186643368
train__c31__user17__4-1-3,31,Do_stretching_exercises,user17,4-1-3,validation,True,True,21,21,0,21,0,0,0,0,0,3,0,3,2,2,1,0.14285714285714285,0,0,21,True,True,0.10605918991383652,0.3385136832283249
train__c31__user18__5-1-1,31,Do_stretching_exercises,user18,5-1-1,train,True,True,14,14,0,14,0,0,0,0,0,0,0,0,0,0,0,0.0,0,0,14,True,True,0.03783201965465033,0.14644633708400293
train__c31__user18__5-1-2,31,Do_stretching_exercises,user18,5-1-2,train,True,True,21,21,0,21,0,0,0,0,0,0,0,0,0,0,0,0.0,0,0,21,True,True,0.03537209132806061,0.1410652745473893
train__c31__user18__5-1-3,31,Do_stretching_exercises,user18,5-1-3,train,True,True,10,10,0,10,0,0,0,0,0,0,0,0,0,0,0,0.0,0,0,10,True,True,0.0568222221112055,0.208844975883621
train__c31__user18__6-1-1,31,Do_stretching_exercises,user18,6-1-1,train,True,True,37,37,0,37,0,0,0,0,0,27,0,27,5,16,2,0.7297297297297297,0,0,37,True,True,0.03476397141727323,0.1252032778626233
train__c31__user18__6-1-2,31,Do_stretching_exercises,user18,6-1-2,train,True,True,46,46,0,46,0,0,0,0,0,46,0,46,1,46,0,1.0,0,0,46,True,True,0.050083441937922406,0.1899970234067978
train__c31__user18__6-1-3,31,Do_stretching_exercises,user18,6-1-3,train,True,True,35,35,0,35,0,0,0,0,0,0,0,0,0,0,0,0.0,0,0,35,True,True,0.06530310966556516,0.2055240447209728
train__c31__user18__6-2-1,31,Do_stretching_exercises,user18,6-2-1,train,True,True,22,22,0,22,0,0,0,0,0,0,0,0,0,0,0,0.0,0,0,22,True,True,0.045550406256394185,0.18154730437771352
train__c31__user18__6-2-2,31,Do_stretching_exercises,user18,6-2-2,train,True,True,22,22,0,22,0,0,0,0,0,0,0,0,0,0,0,0.0,0,0,22,True,True,0.06720064242639934,0.2638271329438322
train__c31__user18__6-2-3,31,Do_stretching_exercises,user18,6-2-3,train,True,True,32,32,0,32,0,0,0,0,0,0,0,0,0,0,0,0.0,0,0,32,True,True,0.03903318764124177,0.16127816414144755
train__c31__user19__1-1-1,31,Do_stretching_exercises,user19,1-1-1,train,True,True,26,26,0,26,0,0,0,0,0,0,0,0,0,0,0,0.0,0,0,26,True,True,0.05989224116706454,0.22945249297731218
train__c31__user19__1-1-2,31,Do_stretching_exercises,user19,1-1-2,train,True,True,37,37,0,37,0,0,0,0,0,0,0,0,0,0,0,0.0,0,0,37,True,True,0.08711502748342323,0.3172894534419883
train__c31__user19__1-1-3,31,Do_stretching_exercises,user19,1-1-3,train,True,True,63,63,0,63,0,0,0,0,0,0,0,0,0,0,0,0.0,0,0,63,True,True,0.059161548611702044,0.22649162295425776
train__c31__user19__4-2-1,31,Do_stretching_exercises,user19,4-2-1,train,True,True,31,31,0,31,0,0,0,0,0,0,0,0,0,0,0,0.0,0,0,31,True,True,0.030981813084028295,0.10868531388638755
train__c31__user19__4-2-2,31,Do_stretching_exercises,user19,4-2-2,train,True,True,46,46,0,46,0,0,0,0,0,1,0,1,1,1,1,0.021739130434782608,0,0,46,True,True,0.03823822290843891,0.14010899285503653
train__c31__user19__4-2-3,31,Do_stretching_exercises,user19,4-2-3,train,True,True,19,19,0,19,0,0,0,0,0,0,0,0,0,0,0,0.0,0,0,19,True,True,0.04227487389169453,0.10982866077786847
train__c31__user20__1-2-1,31,Do_stretching_exercises,user20,1-2-1,train,True,True,33,33,0,33,0,0,0,0,0,0,0,0,0,0,0,0.0,0,0,33,True,True,0.02520125766716089,0.08764396383869164
train__c31__user20__1-2-2,31,Do_stretching_exercises,user20,1-2-2,train,True,True,33,33,0,33,0,0,0,0,0,0,0,0,0,0,0,0.0,0,0,33,True,True,0.038756409527578264,0.16871100999100727
train__c31__user20__1-2-3,31,Do_stretching_exercises,user20,1-2-3,train,True,True,23,23,0,23,0,0,0,0,0,0,0,0,0,0,0,0.0,0,0,23,True,True,0.026464513526920856,0.10428365174698366
train__c31__user22__3-2-1,31,Do_stretching_exercises,user22,3-2-1,train,True,True,15,15,0,15,0,0,0,0,0,0,0,0,0,0,0,0.0,0,0,15,True,True,0.049667211804312154,0.15124352894800877
train__c31__user22__3-2-2,31,Do_stretching_exercises,user22,3-2-2,train,True,True,7,7,0,7,0,0,0,0,0,0,0,0,0,0,0,0.0,0,0,7,True,True,0.04286142041623001,0.17080419857675133
train__c31__user22__3-2-3,31,Do_stretching_exercises,user22,3-2-3,train,True,True,13,13,0,13,0,0,0,0,0,0,0,0,0,0,0,0.0,0,0,13,True,True,0.04715880440978149,0.1339795245028289
train__c31__user22__6-2-1,31,Do_stretching_exercises,user22,6-2-1,train,True,True,50,50,0,50,0,0,0,0,0,0,0,0,0,0,0,0.0,0,0,50,True,True,0.023287078679330383,0.08998452924703625
train__c31__user22__6-2-2,31,Do_stretching_exercises,user22,6-2-2,train,True,True,43,43,0,43,0,0,0,0,0,0,0,0,0,0,0,0.0,0,0,43,True,True,0.019004652772197365,0.08243831402959984
train__c31__user22__6-2-3,31,Do_stretching_exercises,user22,6-2-3,train,True,True,21,21,0,21,0,0,0,0,0,0,0,0,0,0,0,0.0,0,0,21,True,True,0.03269911180093666,0.13233527447418153
train__c31__user22__7-3-1,31,Do_stretching_exercises,user22,7-3-1,train,True,True,18,18,0,18,0,0,0,0,0,0,0,0,0,0,0,0.0,0,0,18,True,True,0.046996062958270246,0.15171062491154774
train__c31__user22__7-3-2,31,Do_stretching_exercises,user22,7-3-2,train,True,True,19,19,0,19,0,0,0,0,0,0,0,0,0,0,0,0.0,0,0,19,True,True,0.03600450079413044,0.10308369983475238
train__c31__user22__7-3-3,31,Do_stretching_exercises,user22,7-3-3,train,True,True,27,27,0,27,0,0,0,0,0,0,0,0,0,0,0,0.0,0,0,27,True,True,0.08683224037025587,0.2643423687415564
train__c31__user23__6-1-1,31,Do_stretching_exercises,user23,6-1-1,validation,True,True,46,46,0,46,0,0,0,0,0,0,0,0,0,0,0,0.0,0,0,46,True,True,0.1517033819246423,0.3532846860452274
train__c31__user23__6-1-2,31,Do_stretching_exercises,user23,6-1-2,validation,True,True,41,41,0,41,0,0,0,0,0,4,0,4,2,3,1,0.0975609756097561,0,0,41,True,True,0.09623948610585825,0.2947442438969757
train__c31__user23__6-1-3,31,Do_stretching_exercises,user23,6-1-3,validation,True,True,32,32,0,32,0,0,0,0,0,1,0,1,1,1,1,0.03125,0,0,32,True,True,0.11845375698123745,0.3255238501159067
train__c31__user23__7-3-1,31,Do_stretching_exercises,user23,7-3-1,validation,True,True,26,26,0,26,0,0,0,0,0,0,0,0,0,0,0,0.0,0,0,26,True,True,0.016284616093845607,0.04098561771579503
train__c31__user23__7-3-2,31,Do_stretching_exercises,user23,7-3-2,validation,True,True,28,28,0,28,0,0,0,0,0,0,0,0,0,0,0,0.0,0,0,28,True,True,0.025958539364355944,0.09397169274833062
train__c31__user23__7-3-3,31,Do_stretching_exercises,user23,7-3-3,validation,True,True,25,25,0,25,0,0,0,0,0,0,0,0,0,0,0,0.0,0,0,25,True,True,0.030573279176283358,0.11394110472196513
train__c31__user24__3-2-1,31,Do_stretching_exercises,user24,3-2-1,validation,True,True,54,54,0,54,0,0,0,0,0,0,0,0,0,0,0,0.0,0,0,54,True,True,0.028246124433153635,0.12131461986292669
train__c31__user24__3-2-2,31,Do_stretching_exercises,user24,3-2-2,validation,True,True,16,16,0,16,0,0,0,0,0,0,0,0,0,0,0,0.0,0,0,16,True,True,0.046437848457417254,0.148695272955396
train__c31__user24__3-2-3,31,Do_stretching_exercises,user24,3-2-3,validation,True,True,34,34,0,34,0,0,0,0,0,0,0,0,0,0,0,0.0,0,0,34,True,True,0.03511258176786058,0.12196662069018879
train__c32__user1__2-2-1,32,Stand_up,user1,2-2-1,train,True,True,12,12,0,12,0,0,0,0,0,0,0,0,0,0,0,0.0,0,0,12,True,True,0.02518146918719243,0.06905284815719041
train__c32__user1__2-2-2,32,Stand_up,user1,2-2-2,train,True,True,21,21,0,21,0,0,0,0,0,0,0,0,0,0,0,0.0,0,0,21,True,True,0.014835235789437254,0.040632162204269996
train__c32__user1__2-2-3,32,Stand_up,user1,2-2-3,train,True,True,11,11,0,11,0,0,0,0,0,0,0,0,0,0,0,0.0,0,0,11,True,True,0.026297798921026593,0.06388455770714027
train__c32__user1__3-2-1,32,Stand_up,user1,3-2-1,train,True,True,14,14,0,14,0,0,0,0,0,0,0,0,0,0,0,0.0,0,0,14,True,True,0.04676705092262595,0.16235480582813008
train__c32__user1__3-2-2,32,Stand_up,user1,3-2-2,train,True,True,14,14,0,14,0,0,0,0,0,0,0,0,0,0,0,0.0,0,0,14,True,True,0.09080724905784726,0.32558776438236237
train__c32__user1__3-2-3,32,Stand_up,user1,3-2-3,train,True,True,14,14,0,14,0,0,0,0,0,0,0,0,0,0,0,0.0,0,0,14,True,True,0.060126345216677084,0.14348051429873443
train__c32__user1__6-2-1,32,Stand_up,user1,6-2-1,train,True,True,15,15,0,15,0,0,0,0,0,0,0,0,0,0,0,0.0,0,0,15,True,True,0.07392148174441786,0.18260327857529257
train__c32__user1__6-2-2,32,Stand_up,user1,6-2-2,train,True,True,13,13,0,13,0,0,0,0,0,0,0,0,0,0,0,0.0,0,0,13,True,True,0.0697182829403913,0.1668972603965291
train__c32__user1__6-2-3,32,Stand_up,user1,6-2-3,train,True,True,10,10,0,10,0,0,0,0,0,0,0,0,0,0,0,0.0,0,0,10,True,True,0.048986260807988256,0.11200620974583711
train__c32__user2__4-1-1,32,Stand_up,user2,4-1-1,train,True,True,13,13,0,13,0,0,0,0,0,0,0,0,0,0,0,0.0,0,0,13,True,True,0.07283047123054974,0.188318945793842
train__c32__user2__4-1-2,32,Stand_up,user2,4-1-2,train,True,True,13,13,0,13,0,0,0,0,0,0,0,0,0,0,0,0.0,0,0,13,True,True,0.05717178760352446,0.13210118067039356
train__c32__user2__4-1-3,32,Stand_up,user2,4-1-3,train,True,True,12,12,0,12,0,0,0,0,0,0,0,0,0,0,0,0.0,0,0,12,True,True,0.09022201081887582,0.30282878108481587
train__c32__user2__4-3-3,32,Stand_up,user2,4-3-3,train,True,True,13,13,0,13,0,0,0,0,0,0,0,0,0,0,0,0.0,0,0,13,True,True,0.02553183495572082,0.06141211659754852
train__c32__user2__7-3-1,32,Stand_up,user2,7-3-1,train,True,True,14,14,0,14,0,0,0,0,0,0,0,0,0,0,0,0.0,0,0,14,True,True,0.05615647156282281,0.17630319043542123
train__c32__user2__7-3-2,32,Stand_up,user2,7-3-2,train,True,True,6,6,0,6,0,0,0,0,0,0,0,0,0,0,0,0.0,0,0,6,True,True,0.07080803097149087,0.15422562048013294
train__c32__user2__7-3-3,32,Stand_up,user2,7-3-3,train,True,True,9,9,0,9,0,0,0,0,0,0,0,0,0,0,0,0.0,0,0,9,True,True,0.09195003738949643,0.24305761860005803
train__c32__user3__2-1-1,32,Stand_up,user3,2-1-1,train,True,True,9,9,0,9,0,0,0,0,0,0,0,0,0,0,0,0.0,0,0,9,True,True,0.059282376058732135,0.13640338242416644
train__c32__user3__2-1-2,32,Stand_up,user3,2-1-2,train,True,True,10,10,0,10,0,0,0,0,0,0,0,0,0,0,0,0.0,0,0,10,True,True,0.12196656490183716,0.3399028679785509
train__c32__user3__2-1-3,32,Stand_up,user3,2-1-3,train,True,True,7,7,0,7,0,0,0,0,0,0,0,0,0,0,0,0.0,0,0,7,True,True,0.058222181296142456,0.11516521647418287
train__c32__user3__7-1-1,32,Stand_up,user3,7-1-1,train,True,True,10,10,0,10,0,0,0,0,0,0,0,0,0,0,0,0.0,0,0,10,True,True,0.06127389656184771,0.13647303531265315
train__c32__user3__7-1-2,32,Stand_up,user3,7-1-2,train,True,True,6,6,0,6,0,0,0,0,0,0,0,0,0,0,0,0.0,0,0,6,True,True,0.0816280818734765,0.1540962508399367
train__c32__user3__7-1-3,32,Stand_up,user3,7-1-3,train,True,True,6,6,0,6,0,0,0,0,0,0,0,0,0,0,0,0.0,0,0,6,True,True,0.08107755459343288,0.16203095451572924
train__c32__user4__2-1-1,32,Stand_up,user4,2-1-1,validation,True,True,10,10,0,10,0,0,0,0,0,0,0,0,0,0,0,0.0,0,0,10,True,True,0.06686319629223283,0.23008929114408122
train__c32__user4__2-1-2,32,Stand_up,user4,2-1-2,validation,True,True,8,8,0,8,0,0,0,0,0,0,0,0,0,0,0,0.0,0,0,8,True,True,0.10983254066344589,0.25514360088123045
train__c32__user4__2-1-3,32,Stand_up,user4,2-1-3,validation,True,True,7,7,0,7,0,0,0,0,0,0,0,0,0,0,0,0.0,0,0,7,True,True,0.1378022420232767,0.287437125979694
train__c32__user4__3-2-1,32,Stand_up,user4,3-2-1,validation,True,True,14,14,0,14,0,0,0,0,0,0,0,0,0,0,0,0.0,0,0,14,True,True,0.05476735387552113,0.11879389076950674
train__c32__user4__3-2-2,32,Stand_up,user4,3-2-2,validation,True,True,12,12,0,12,0,0,0,0,0,0,0,0,0,0,0,0.0,0,0,12,True,True,0.06910768751057526,0.14321095026597055
train__c32__user4__3-2-3,32,Stand_up,user4,3-2-3,validation,True,True,23,23,0,23,0,0,0,0,0,0,0,0,0,0,0,0.0,0,0,23,True,True,0.056083362961672774,0.14393635597177484
train__c32__user4__7-2-1,32,Stand_up,user4,7-2-1,validation,True,True,14,14,0,14,0,0,0,0,0,0,0,0,0,0,0,0.0,0,0,14,True,True,0.06301768181171119,0.13499974744824178
train__c32__user4__7-2-2,32,Stand_up,user4,7-2-2,validation,True,True,19,19,0,19,0,0,0,0,0,0,0,0,0,0,0,0.0,0,0,19,True,True,0.05494419088186071,0.1263672116801688
train__c32__user4__7-2-3,32,Stand_up,user4,7-2-3,validation,True,True,15,15,0,15,0,0,0,0,0,0,0,0,0,0,0,0.0,0,0,15,True,True,0.08365234357429105,0.24769861991102468
train__c32__user5__3-1-1,32,Stand_up,user5,3-1-1,train,False,False,0,0,0,0,0,0,0,0,0,0,0,0,0,0,0,0.0,0,0,0,True,True,,
train__c32__user5__3-1-2,32,Stand_up,user5,3-1-2,train,False,False,0,0,0,0,0,0,0,0,0,0,0,0,0,0,0,0.0,0,0,0,True,True,,
train__c32__user5__3-1-3,32,Stand_up,user5,3-1-3,train,False,False,0,0,0,0,0,0,0,0,0,0,0,0,0,0,0,0.0,0,0,0,True,True,,
train__c32__user5__6-1-1,32,Stand_up,user5,6-1-1,train,False,False,0,0,0,0,0,0,0,0,0,0,0,0,0,0,0,0.0,0,0,0,True,True,,
train__c32__user5__6-1-2,32,Stand_up,user5,6-1-2,train,False,False,0,0,0,0,0,0,0,0,0,0,0,0,0,0,0,0.0,0,0,0,True,True,,
train__c32__user5__6-1-3,32,Stand_up,user5,6-1-3,train,False,False,0,0,0,0,0,0,0,0,0,0,0,0,0,0,0,0.0,0,0,0,True,True,,
train__c32__user5__7-1-1,32,Stand_up,user5,7-1-1,train,False,False,0,0,0,0,0,0,0,0,0,0,0,0,0,0,0,0.0,0,0,0,True,True,,
train__c32__user5__7-1-2,32,Stand_up,user5,7-1-2,train,False,False,0,0,0,0,0,0,0,0,0,0,0,0,0,0,0,0.0,0,0,0,True,True,,
train__c32__user5__7-1-3,32,Stand_up,user5,7-1-3,train,False,False,0,0,0,0,0,0,0,0,0,0,0,0,0,0,0,0.0,0,0,0,True,True,,
train__c32__user6__4-1-1,32,Stand_up,user6,4-1-1,train,True,True,12,12,0,12,0,0,0,0,0,3,0,3,1,3,0,0.25,0,0,12,True,True,0.1470646917155088,0.3662104620269092
train__c32__user6__4-1-2,32,Stand_up,user6,4-1-2,train,True,True,14,14,0,14,0,0,0,0,0,2,0,2,1,2,0,0.14285714285714285,0,0,14,True,True,0.10813663704933318,0.2615535699845075
train__c32__user6__4-1-3,32,Stand_up,user6,4-1-3,train,True,True,7,7,0,7,0,0,0,0,0,1,0,1,1,1,1,0.14285714285714285,0,0,7,True,True,0.10185089687765446,0.27797492478647784
train__c32__user7__4-1-1,32,Stand_up,user7,4-1-1,train,True,True,5,5,0,5,0,0,0,0,0,0,0,0,0,0,0,0.0,0,0,5,True,True,0.06167382558593513,0.13713899609573943
train__c32__user7__4-1-2,32,Stand_up,user7,4-1-2,train,True,True,7,7,0,7,0,0,0,0,0,0,0,0,0,0,0,0.0,0,0,7,True,True,0.06762313557913772,0.21177429931362654
train__c32__user7__4-1-3,32,Stand_up,user7,4-1-3,train,True,True,3,3,0,3,0,0,0,0,0,0,0,0,0,0,0,0.0,0,0,3,True,True,0.12660117264855553,0.2945998480136617
train__c32__user8__5-1-1,32,Stand_up,user8,5-1-1,train,True,True,5,5,0,5,0,0,0,0,0,0,0,0,0,0,0,0.0,0,0,5,True,True,0.037952612165031666,0.06789396300351094
train__c32__user8__5-1-2,32,Stand_up,user8,5-1-2,train,True,True,5,5,0,5,0,0,0,0,0,0,0,0,0,0,0,0.0,0,0,5,True,True,0.05468172604001676,0.11576482963110632
train__c32__user9__5-1-1,32,Stand_up,user9,5-1-1,train,True,True,6,6,0,6,0,0,0,0,0,0,0,0,0,0,0,0.0,0,0,6,True,True,0.03107018669522718,0.05863202220542936
train__c32__user9__5-1-2,32,Stand_up,user9,5-1-2,train,True,True,8,8,0,8,0,0,0,0,0,0,0,0,0,0,0,0.0,0,0,8,True,True,0.0577321929557314,0.12452607577532676
train__c32__user9__5-1-3,32,Stand_up,user9,5-1-3,train,True,True,7,7,0,7,0,0,0,0,0,0,0,0,0,0,0,0.0,0,0,7,True,True,0.09294071723274804,0.3185356826053837
train__c32__user16__3-1-1,32,Stand_up,user16,3-1-1,train,True,True,12,12,0,12,0,0,0,0,0,0,0,0,0,0,0,0.0,0,0,12,True,True,0.017297478318888303,0.04720524963281622
train__c32__user16__3-1-2,32,Stand_up,user16,3-1-2,train,True,True,38,38,0,38,0,0,0,0,0,0,0,0,0,0,0,0.0,0,0,38,True,True,0.020927771907549235,0.06713028486347766
train__c32__user16__3-1-3,32,Stand_up,user16,3-1-3,train,True,True,10,10,0,10,0,0,0,0,0,0,0,0,0,0,0,0.0,0,0,10,True,True,0.036091323043203685,0.0991738198654702
train__c32__user16__4-1-1,32,Stand_up,user16,4-1-1,train,True,True,8,8,0,8,0,0,0,0,0,0,0,0,0,0,0,0.0,0,0,8,True,True,0.06357819884185538,0.2090869027548734
train__c32__user16__4-1-2,32,Stand_up,user16,4-1-2,train,True,True,11,11,0,11,0,0,0,0,0,0,0,0,0,0,0,0.0,0,0,11,True,True,0.10644760092883375,0.18998968221265894
train__c32__user16__4-1-3,32,Stand_up,user16,4-1-3,train,True,True,14,14,0,14,0,0,0,0,0,0,0,0,0,0,0,0.0,0,0,14,True,True,0.08306737132553067,0.18948997948433366
train__c32__user17__4-1-1,32,Stand_up,user17,4-1-1,validation,True,True,11,11,0,11,0,0,0,0,0,3,0,3,2,2,1,0.2727272727272727,0,0,11,True,True,0.10037943886940087,0.24029517118824725
train__c32__user17__4-1-2,32,Stand_up,user17,4-1-2,validation,True,True,11,11,0,11,0,0,0,0,0,5,0,5,2,3,0,0.45454545454545453,0,0,11,True,True,0.0806317923306676,0.19789419225007263
train__c32__user17__4-1-3,32,Stand_up,user17,4-1-3,validation,True,True,8,8,0,8,0,0,0,0,0,2,0,2,1,2,0,0.25,0,0,8,True,True,0.1695137671794653,0.32777739279199275
train__c32__user18__5-1-1,32,Stand_up,user18,5-1-1,train,True,True,7,7,0,7,0,0,0,0,0,0,0,0,0,0,0,0.0,0,0,7,True,True,0.04094451472289684,0.08234306235460663
train__c32__user18__5-1-2,32,Stand_up,user18,5-1-2,train,True,True,6,6,0,6,0,0,0,0,0,0,0,0,0,0,0,0.0,0,0,6,True,True,0.04797795301288669,0.09278228109846019
train__c32__user18__5-1-3,32,Stand_up,user18,5-1-3,train,False,False,0,0,0,0,0,0,0,0,0,0,0,0,0,0,0,0.0,0,0,0,True,True,,
train__c32__user18__6-2-1,32,Stand_up,user18,6-2-1,train,True,True,6,6,0,6,0,0,0,0,0,0,0,0,0,0,0,0.0,0,0,6,True,True,0.06458382050600535,0.1474722370866648
train__c32__user18__6-2-2,32,Stand_up,user18,6-2-2,train,True,True,6,6,0,6,0,0,0,0,0,0,0,0,0,0,0,0.0,0,0,6,True,True,0.09323675075577807,0.18213183029835156
train__c32__user18__6-2-3,32,Stand_up,user18,6-2-3,train,True,True,11,11,0,11,0,0,0,0,0,0,0,0,0,0,0,0.0,0,0,11,True,True,0.08352352878709379,0.3183550488644747
train__c32__user19__5-1-1,32,Stand_up,user19,5-1-1,train,True,True,16,16,0,16,0,0,0,0,0,0,0,0,0,0,0,0.0,0,0,16,True,True,0.05270355084793588,0.11236626785947415
train__c32__user19__5-1-2,32,Stand_up,user19,5-1-2,train,True,True,9,9,0,9,0,0,0,0,0,0,0,0,0,0,0,0.0,0,0,9,True,True,0.04289437428379135,0.10107916826403748
train__c32__user19__5-1-3,32,Stand_up,user19,5-1-3,train,True,True,8,8,0,8,0,0,0,0,0,0,0,0,0,0,0,0.0,0,0,8,True,True,0.07292290099440431,0.1803312930863638
train__c32__user20__6-3-1,32,Stand_up,user20,6-3-1,train,True,True,15,15,0,15,0,0,0,0,0,0,0,0,0,0,0,0.0,0,0,15,True,True,0.03855278262514633,0.07813255228714693
train__c32__user20__6-3-2,32,Stand_up,user20,6-3-2,train,True,True,8,8,0,8,0,0,0,0,0,0,0,0,0,0,0,0.0,0,0,8,True,True,0.12059335238036424,0.24852504729890817
train__c32__user20__6-3-3,32,Stand_up,user20,6-3-3,train,True,True,11,11,0,11,0,0,0,0,0,0,0,0,0,0,0,0.0,0,0,11,True,True,0.042997411876398356,0.10621763960951562
train__c32__user21__2-2-1,32,Stand_up,user21,2-2-1,train,True,True,16,16,0,16,0,0,0,0,0,0,0,0,0,0,0,0.0,0,0,16,True,True,0.05721355732351399,0.1385970695245691
train__c32__user21__2-2-2,32,Stand_up,user21,2-2-2,train,True,True,9,9,0,9,0,0,0,0,0,0,0,0,0,0,0,0.0,0,0,9,True,True,0.06782976755263524,0.1156476155967637
train__c32__user21__2-2-3,32,Stand_up,user21,2-2-3,train,True,True,5,5,0,5,0,0,0,0,0,0,0,0,0,0,0,0.0,0,0,5,True,True,0.08284470832045329,0.14160809401012242
train__c32__user21__4-1-1,32,Stand_up,user21,4-1-1,train,True,True,10,10,0,10,0,0,0,0,0,0,0,0,0,0,0,0.0,0,0,10,True,True,0.03111025652051471,0.06358865645771952
train__c32__user21__4-1-2,32,Stand_up,user21,4-1-2,train,True,True,6,6,0,6,0,0,0,0,0,0,0,0,0,0,0,0.0,0,0,6,True,True,0.04488694438257658,0.16150292628889776
train__c32__user21__4-1-3,32,Stand_up,user21,4-1-3,train,True,True,3,3,0,3,0,0,0,0,0,0,0,0,0,0,0,0.0,0,0,3,True,True,0.07272017072723172,0.1291218339832216
train__c32__user22__7-2-1,32,Stand_up,user22,7-2-1,train,True,True,4,4,0,4,0,0,0,0,0,0,0,0,0,0,0,0.0,0,0,4,True,True,0.01981826944544952,0.058581874852179486
train__c32__user22__7-2-2,32,Stand_up,user22,7-2-2,train,True,True,7,7,0,7,0,0,0,0,0,0,0,0,0,0,0,0.0,0,0,7,True,True,0.02513581833210886,0.06444582768660417
train__c32__user22__7-3-1,32,Stand_up,user22,7-3-1,train,True,True,13,13,0,13,0,0,0,0,0,0,0,0,0,0,0,0.0,0,0,13,True,True,0.008202123823975609,0.023059181651939844
train__c32__user22__7-3-2,32,Stand_up,user22,7-3-2,train,True,True,10,10,0,10,0,0,0,0,0,0,0,0,0,0,0,0.0,0,0,10,True,True,0.012215174201686642,0.04107289461761982
train__c32__user23__7-1-1,32,Stand_up,user23,7-1-1,validation,True,True,20,20,0,20,0,0,0,0,0,0,0,0,0,0,0,0.0,0,0,20,True,True,0.03489672745957756,0.08373430043705014
train__c32__user23__7-1-2,32,Stand_up,user23,7-1-2,validation,True,True,18,18,0,18,0,0,0,0,0,0,0,0,0,0,0,0.0,0,0,18,True,True,0.03545614533008069,0.08918040106762876
train__c32__user23__7-1-3,32,Stand_up,user23,7-1-3,validation,True,True,9,9,0,9,0,0,0,0,0,0,0,0,0,0,0,0.0,0,0,9,True,True,0.054319991842522786,0.11526584773172303
train__c32__user23__7-3-1,32,Stand_up,user23,7-3-1,validation,True,True,13,13,0,13,0,0,0,0,0,0,0,0,0,0,0,0.0,0,0,13,True,True,0.03195252237567351,0.08650976612243262
train__c32__user23__7-3-2,32,Stand_up,user23,7-3-2,validation,True,True,9,9,0,9,0,0,0,0,0,0,0,0,0,0,0,0.0,0,0,9,True,True,0.04804760431877441,0.11897305331395319
train__c32__user23__7-3-3,32,Stand_up,user23,7-3-3,validation,True,True,4,4,0,4,0,0,0,0,0,0,0,0,0,0,0,0.0,0,0,4,True,True,0.0797737181392455,0.18684546284306666
train__c32__user24__5-1-1,32,Stand_up,user24,5-1-1,validation,True,True,8,8,0,8,0,0,0,0,0,0,0,0,0,0,0,0.0,0,0,8,True,True,0.02642619695378464,0.05953396515292143
train__c32__user24__5-1-2,32,Stand_up,user24,5-1-2,validation,True,True,9,9,0,9,0,0,0,0,0,0,0,0,0,0,0,0.0,0,0,9,True,True,0.02425309680301978,0.048934980149903926
train__c32__user24__5-1-3,32,Stand_up,user24,5-1-3,validation,True,True,7,7,0,7,0,0,0,0,0,0,0,0,0,0,0,0.0,0,0,7,True,True,0.03901914583433286,0.08378436994191789
train__c32__user24__6-3-1,32,Stand_up,user24,6-3-1,validation,True,True,14,14,0,14,0,0,0,0,0,0,0,0,0,0,0,0.0,0,0,14,True,True,0.06060046921479373,0.14620953056118285
train__c32__user24__6-3-2,32,Stand_up,user24,6-3-2,validation,True,True,12,12,0,12,0,0,0,0,0,0,0,0,0,0,0,0.0,0,0,12,True,True,0.08945265584033552,0.20943882221081322
train__c32__user24__6-3-3,32,Stand_up,user24,6-3-3,validation,True,True,10,10,0,10,0,0,0,0,0,0,0,0,0,0,0,0.0,0,0,10,True,True,0.16495186846490745,0.44023072554617443
train__c33__user3__2-1-1,33,Lie_down,user3,2-1-1,train,True,True,44,44,0,44,0,0,0,0,0,0,0,0,0,0,0,0.0,0,0,44,True,True,0.040648177502773865,0.09303965695397926
train__c33__user3__2-1-2,33,Lie_down,user3,2-1-2,train,True,True,6,6,0,6,0,0,0,0,0,0,0,0,0,0,0,0.0,0,0,6,True,True,0.08600174741458859,0.3069839037320496
train__c33__user3__2-1-3,33,Lie_down,user3,2-1-3,train,True,True,30,30,0,30,0,0,0,0,0,0,0,0,0,0,0,0.0,0,0,30,True,True,0.034484581818769816,0.09163903483793719
train__c33__user5__5-2-1,33,Lie_down,user5,5-2-1,train,False,False,0,0,0,0,0,0,0,0,0,0,0,0,0,0,0,0.0,0,0,0,True,True,,
train__c33__user5__5-2-2,33,Lie_down,user5,5-2-2,train,False,False,0,0,0,0,0,0,0,0,0,0,0,0,0,0,0,0.0,0,0,0,True,True,,
train__c33__user5__5-2-3,33,Lie_down,user5,5-2-3,train,False,False,0,0,0,0,0,0,0,0,0,0,0,0,0,0,0,0.0,0,0,0,True,True,,
train__c33__user5__6-1-1,33,Lie_down,user5,6-1-1,train,False,False,0,0,0,0,0,0,0,0,0,0,0,0,0,0,0,0.0,0,0,0,True,True,,
train__c33__user5__6-1-2,33,Lie_down,user5,6-1-2,train,False,False,0,0,0,0,0,0,0,0,0,0,0,0,0,0,0,0.0,0,0,0,True,True,,
train__c33__user5__6-1-3,33,Lie_down,user5,6-1-3,train,False,False,0,0,0,0,0,0,0,0,0,0,0,0,0,0,0,0.0,0,0,0,True,True,,
train__c33__user6__5-3-1,33,Lie_down,user6,5-3-1,train,True,True,52,52,0,52,0,0,0,0,0,0,0,0,0,0,0,0.0,0,0,52,True,True,0.05363729291976627,0.1884638701745119
train__c33__user6__5-3-2,33,Lie_down,user6,5-3-2,train,True,True,48,48,0,48,0,0,0,0,0,0,0,0,0,0,0,0.0,0,0,48,True,True,0.04000072160117473,0.10776693108958989
train__c33__user6__5-3-3,33,Lie_down,user6,5-3-3,train,True,True,29,29,0,29,0,0,0,0,0,29,0,29,1,29,0,1.0,0,0,29,True,True,0.04666677917959179,0.12084687056596173
train__c33__user6__6-1-1,33,Lie_down,user6,6-1-1,train,True,True,59,59,0,59,0,0,0,0,0,0,0,0,0,0,0,0.0,0,0,59,True,True,0.038890166369377394,0.10077025447193365
train__c33__user6__6-1-2,33,Lie_down,user6,6-1-2,train,True,True,22,22,0,22,0,0,0,0,0,1,0,1,1,1,1,0.045454545454545456,0,0,22,True,True,0.0554417162308528,0.14508235732372093
train__c33__user6__6-1-3,33,Lie_down,user6,6-1-3,train,True,True,32,32,0,32,0,0,0,0,0,0,0,0,0,0,0,0.0,0,0,32,True,True,0.04706824927130527,0.11565397170723156
train__c33__user7__2-2-1,33,Lie_down,user7,2-2-1,train,True,True,48,48,0,48,0,0,0,0,0,0,0,0,0,0,0,0.0,0,0,48,True,True,0.028495035633268117,0.07613097811889795
train__c33__user7__2-2-2,33,Lie_down,user7,2-2-2,train,True,True,37,37,0,37,0,0,0,0,0,0,0,0,0,0,0,0.0,0,0,37,True,True,0.027508830003066295,0.07535369708612978
train__c33__user7__2-2-3,33,Lie_down,user7,2-2-3,train,True,True,28,28,0,28,0,0,0,0,0,0,0,0,0,0,0,0.0,0,0,28,True,True,0.05330282710879065,0.14959768699754908
train__c33__user9__3-3-1,33,Lie_down,user9,3-3-1,train,True,True,40,40,0,40,0,0,0,0,0,0,0,0,0,0,0,0.0,0,0,40,True,True,0.03709446605225182,0.13911890756033587
train__c33__user9__3-3-2,33,Lie_down,user9,3-3-2,train,True,True,35,35,0,35,0,0,0,0,0,0,0,0,0,0,0,0.0,0,0,35,True,True,0.025421142912804933,0.09327812062769719
train__c33__user9__3-3-3,33,Lie_down,user9,3-3-3,train,True,True,27,27,0,27,0,0,0,0,0,0,0,0,0,0,0,0.0,0,0,27,True,True,0.048940389256487145,0.16955700986253266
train__c33__user9__6-2-1,33,Lie_down,user9,6-2-1,train,True,True,33,33,0,33,0,0,0,0,0,0,0,0,0,0,0,0.0,0,0,33,True,True,0.035716879021590715,0.11865309228963149
train__c33__user9__6-2-2,33,Lie_down,user9,6-2-2,train,True,True,15,15,0,15,0,0,0,0,0,0,0,0,0,0,0,0.0,0,0,15,True,True,0.062488933065807294,0.15873053482661584
train__c33__user9__6-2-3,33,Lie_down,user9,6-2-3,train,True,True,27,27,0,27,0,0,0,0,0,0,0,0,0,0,0,0.0,0,0,27,True,True,0.040355681644611036,0.114416548144009
train__c33__user16__5-3-1,33,Lie_down,user16,5-3-1,train,True,True,122,122,0,122,0,0,0,0,0,0,0,0,0,0,0,0.0,0,0,122,True,True,0.054318846408563604,0.14676309890028272
train__c33__user16__5-3-2,33,Lie_down,user16,5-3-2,train,True,True,60,60,0,60,0,0,0,0,0,0,0,0,0,0,0,0.0,0,0,60,True,True,0.03914416827308721,0.09399478392201342
train__c33__user16__5-3-3,33,Lie_down,user16,5-3-3,train,True,True,38,38,0,38,0,0,0,0,0,0,0,0,0,0,0,0.0,0,0,38,True,True,0.05870855270299581,0.13749738848373605
train__c33__user16__6-1-1,33,Lie_down,user16,6-1-1,train,True,True,56,56,0,56,0,0,0,0,0,0,0,0,0,0,0,0.0,0,0,56,True,True,0.0442350053186287,0.10533513962828302
train__c33__user16__6-1-2,33,Lie_down,user16,6-1-2,train,True,True,26,26,0,26,0,0,0,0,0,0,0,0,0,0,0,0.0,0,0,26,True,True,0.07239572777284882,0.1710971143273112
train__c33__user16__6-1-3,33,Lie_down,user16,6-1-3,train,True,True,29,29,0,29,0,0,0,0,0,0,0,0,0,0,0,0.0,0,0,29,True,True,0.03896723545738237,0.08483015672495506
train__c33__user17__2-2-1,33,Lie_down,user17,2-2-1,validation,True,True,29,29,0,29,0,0,0,0,0,0,0,0,0,0,0,0.0,0,0,29,True,True,0.06389997062705156,0.17190852161454226
train__c33__user17__2-2-2,33,Lie_down,user17,2-2-2,validation,True,True,32,32,0,32,0,0,0,0,0,0,0,0,0,0,0,0.0,0,0,32,True,True,0.0754069626607731,0.19333735266063642
train__c33__user17__2-2-3,33,Lie_down,user17,2-2-3,validation,True,True,19,19,0,19,0,0,0,0,0,0,0,0,0,0,0,0.0,0,0,19,True,True,0.07624167357784106,0.20511675962441717
train__c33__user19__3-3-1,33,Lie_down,user19,3-3-1,train,True,True,17,17,0,17,0,0,0,0,0,0,0,0,0,0,0,0.0,0,0,17,True,True,0.0641344720174298,0.18064504643607476
train__c33__user19__3-3-2,33,Lie_down,user19,3-3-2,train,True,True,16,16,0,16,0,0,0,0,0,0,0,0,0,0,0,0.0,0,0,16,True,True,0.06725851093370583,0.19787502801101348
train__c33__user19__3-3-3,33,Lie_down,user19,3-3-3,train,True,True,7,7,0,7,0,0,0,0,0,0,0,0,0,0,0,0.0,0,0,7,True,True,0.1351759264214404,0.2894021766902651
train__c33__user24__2-2-1,33,Lie_down,user24,2-2-1,validation,True,True,21,21,0,21,0,0,0,0,0,0,0,0,0,0,0,0.0,0,0,21,True,True,0.06376893745598171,0.18847170162954832
train__c33__user24__2-2-2,33,Lie_down,user24,2-2-2,validation,True,True,16,16,0,16,0,0,0,0,0,0,0,0,0,0,0,0.0,0,0,16,True,True,0.0812818276569189,0.26858902590348815
train__c33__user24__2-2-3,33,Lie_down,user24,2-2-3,validation,True,True,8,8,0,8,0,0,0,0,0,0,0,0,0,0,0,0.0,0,0,8,True,True,0.10793146689466161,0.2856052559208625
train__c34__user1__2-2-1,34,Sit_down,user1,2-2-1,train,True,True,14,14,0,14,0,0,0,0,0,0,0,0,0,0,0,0.0,0,0,14,True,True,0.051085005958227014,0.1298444840647511
train__c34__user1__2-2-2,34,Sit_down,user1,2-2-2,train,True,True,17,17,0,17,0,0,0,0,0,0,0,0,0,0,0,0.0,0,0,17,True,True,0.05043110156925608,0.13816923638506806
train__c34__user1__2-2-3,34,Sit_down,user1,2-2-3,train,True,True,9,9,0,9,0,0,0,0,0,0,0,0,0,0,0,0.0,0,0,9,True,True,0.09085637580128975,0.20422448153929224
train__c34__user1__3-2-1,34,Sit_down,user1,3-2-1,train,True,True,13,13,0,13,0,0,0,0,0,0,0,0,0,0,0,0.0,0,0,13,True,True,0.09376618274077433,0.2311610053427432
train__c34__user1__3-2-2,34,Sit_down,user1,3-2-2,train,True,True,14,14,0,14,0,0,0,0,0,0,0,0,0,0,0,0.0,0,0,14,True,True,0.08476309957251708,0.1764464155070775
train__c34__user1__3-2-3,34,Sit_down,user1,3-2-3,train,True,True,9,9,0,9,0,0,0,0,0,0,0,0,0,0,0,0.0,0,0,9,True,True,0.09056402299496669,0.20358422758888897
train__c34__user1__6-2-1,34,Sit_down,user1,6-2-1,train,True,True,9,9,0,9,0,0,0,0,0,0,0,0,0,0,0,0.0,0,0,9,True,True,0.08085084452209906,0.19996311252728088
train__c34__user1__6-2-2,34,Sit_down,user1,6-2-2,train,True,True,15,15,0,15,0,0,0,0,0,0,0,0,0,0,0,0.0,0,0,15,True,True,0.05521645432445306,0.13895522895174706
train__c34__user1__6-2-3,34,Sit_down,user1,6-2-3,train,True,True,8,8,0,8,0,0,0,0,0,0,0,0,0,0,0,0.0,0,0,8,True,True,0.15971511058113577,0.3751667961083563
train__c34__user1__7-1-1,34,Sit_down,user1,7-1-1,train,True,True,17,17,0,17,0,0,0,0,0,0,0,0,0,0,0,0.0,0,0,17,True,True,0.0293231374830439,0.07816248849643381
train__c34__user1__7-1-2,34,Sit_down,user1,7-1-2,train,True,True,20,20,0,20,0,0,0,0,0,0,0,0,0,0,0,0.0,0,0,20,True,True,0.0471211846320807,0.14244334706393103
train__c34__user1__7-1-3,34,Sit_down,user1,7-1-3,train,True,True,11,11,0,11,0,0,0,0,0,0,0,0,0,0,0,0.0,0,0,11,True,True,0.06910168153093185,0.15672413402156685
train__c34__user2__4-3-1,34,Sit_down,user2,4-3-1,train,True,True,12,12,0,12,0,0,0,0,0,0,0,0,0,0,0,0.0,0,0,12,True,True,0.07609309890239181,0.16313902763479823
train__c34__user2__4-3-2,34,Sit_down,user2,4-3-2,train,True,True,18,18,0,18,0,0,0,0,0,0,0,0,0,0,0,0.0,0,0,18,True,True,0.047372150822944735,0.1104885173536212
train__c34__user2__4-3-3,34,Sit_down,user2,4-3-3,train,True,True,10,10,0,10,0,0,0,0,0,0,0,0,0,0,0,0.0,0,0,10,True,True,0.10555183850271407,0.2510469597028699
train__c34__user2__6-1-1,34,Sit_down,user2,6-1-1,train,True,True,16,16,0,16,0,0,0,0,0,0,0,0,0,0,0,0.0,0,0,16,True,True,0.0548253840688124,0.17527576041911547
train__c34__user2__6-1-2,34,Sit_down,user2,6-1-2,train,True,True,8,8,0,8,0,0,0,0,0,0,0,0,0,0,0,0.0,0,0,8,True,True,0.1168179279081767,0.2494486229287436
train__c34__user2__7-1-1,34,Sit_down,user2,7-1-1,train,True,True,24,24,0,24,0,0,0,0,0,0,0,0,0,0,0,0.0,0,0,24,True,True,0.0465150541934659,0.19982894920997674
train__c34__user2__7-1-2,34,Sit_down,user2,7-1-2,train,True,True,16,16,0,16,0,0,0,0,0,0,0,0,0,0,0,0.0,0,0,16,True,True,0.051806985708826726,0.1668094816059113
train__c34__user2__7-1-3,34,Sit_down,user2,7-1-3,train,True,True,14,14,0,14,0,0,0,0,0,0,0,0,0,0,0,0.0,0,0,14,True,True,0.0724402505966254,0.20886634972097937
train__c34__user2__7-3-1,34,Sit_down,user2,7-3-1,train,True,True,14,14,0,14,0,0,0,0,0,0,0,0,0,0,0,0.0,0,0,14,True,True,0.06535790122890513,0.13360370128496235
train__c34__user2__7-3-2,34,Sit_down,user2,7-3-2,train,True,True,8,8,0,8,0,0,0,0,0,0,0,0,0,0,0,0.0,0,0,8,True,True,0.08668104450687852,0.20825883874689805
train__c34__user2__7-3-3,34,Sit_down,user2,7-3-3,train,True,True,7,7,0,7,0,0,0,0,0,0,0,0,0,0,0,0.0,0,0,7,True,True,0.13070073302763227,0.32900454054054906
train__c34__user3__3-2-1,34,Sit_down,user3,3-2-1,train,True,True,9,9,0,9,0,0,0,0,0,0,0,0,0,0,0,0.0,0,0,9,True,True,0.10048218593323502,0.20148700781339238
train__c34__user3__3-2-2,34,Sit_down,user3,3-2-2,train,True,True,4,4,0,4,0,0,0,0,0,0,0,0,0,0,0,0.0,0,0,4,True,True,0.12582533232154194,0.22164092196001955
train__c34__user3__3-2-3,34,Sit_down,user3,3-2-3,train,True,True,6,6,0,6,0,0,0,0,0,0,0,0,0,0,0,0.0,0,0,6,True,True,0.12877143050474568,0.22289508780020062
train__c34__user3__5-2-1,34,Sit_down,user3,5-2-1,train,True,True,5,5,0,5,0,0,0,0,0,0,0,0,0,0,0,0.0,0,0,5,True,True,0.10047028638449804,0.19400638203995774
train__c34__user3__5-2-2,34,Sit_down,user3,5-2-2,train,True,True,5,5,0,5,0,0,0,0,0,0,0,0,0,0,0,0.0,0,0,5,True,True,0.08849078996801685,0.1782397100734704
train__c34__user3__5-2-3,34,Sit_down,user3,5-2-3,train,True,True,7,7,0,7,0,0,0,0,0,0,0,0,0,0,0,0.0,0,0,7,True,True,0.05807566980029434,0.1141680304465784
train__c34__user3__6-2-2,34,Sit_down,user3,6-2-2,train,True,True,6,6,0,6,0,0,0,0,0,0,0,0,0,0,0,0.0,0,0,6,True,True,0.009966091135824966,0.018997132929727812
train__c34__user4__7-2-1,34,Sit_down,user4,7-2-1,validation,True,True,14,14,0,14,0,0,0,0,0,0,0,0,0,0,0,0.0,0,0,14,True,True,0.06519642997145066,0.13147651499630028
train__c34__user4__7-2-2,34,Sit_down,user4,7-2-2,validation,True,True,16,16,0,16,0,0,0,0,0,0,0,0,0,0,0,0.0,0,0,16,True,True,0.06751651043962588,0.15074318203050419
train__c34__user4__7-2-3,34,Sit_down,user4,7-2-3,validation,True,True,17,17,0,17,0,0,0,0,0,0,0,0,0,0,0,0.0,0,0,17,True,True,0.0710430071033822,0.14272901462944593
train__c34__user5__3-1-1,34,Sit_down,user5,3-1-1,train,True,True,23,23,0,23,0,0,0,0,0,0,0,0,0,0,0,0.0,0,0,23,True,True,0.050996266845625256,0.16499303052619996
train__c34__user5__3-1-2,34,Sit_down,user5,3-1-2,train,True,True,13,13,0,13,0,0,0,0,0,0,0,0,0,0,0,0.0,0,0,13,True,True,0.07236530645690421,0.16589988401587016
train__c34__user5__3-1-3,34,Sit_down,user5,3-1-3,train,True,True,10,10,0,10,0,0,0,0,0,0,0,0,0,0,0,0.0,0,0,10,True,True,0.0996467820361698,0.2074858231125935
train__c34__user5__7-1-1,34,Sit_down,user5,7-1-1,train,True,True,14,14,0,14,0,0,0,0,0,0,0,0,0,0,0,0.0,0,0,14,True,True,0.05013938507579305,0.1203573110340549
train__c34__user5__7-1-2,34,Sit_down,user5,7-1-2,train,True,True,8,8,0,8,0,0,0,0,0,0,0,0,0,0,0,0.0,0,0,8,True,True,0.05112376405220436,0.11938075092478394
train__c34__user5__7-1-3,34,Sit_down,user5,7-1-3,train,True,True,9,9,0,9,0,0,0,0,0,0,0,0,0,0,0,0.0,0,0,9,True,True,0.08267560983985545,0.19425732817201222
train__c34__user6__4-1-1,34,Sit_down,user6,4-1-1,train,True,True,11,11,0,11,0,0,0,0,0,0,0,0,0,0,0,0.0,0,0,11,True,True,0.09355256203019655,0.19367629207348433
train__c34__user6__4-1-2,34,Sit_down,user6,4-1-2,train,True,True,10,10,0,10,0,0,0,0,0,0,0,0,0,0,0,0.0,0,0,10,True,True,0.10993332023180423,0.25334666634646313
train__c34__user6__4-1-3,34,Sit_down,user6,4-1-3,train,True,True,11,11,0,11,0,0,0,0,0,0,0,0,0,0,0,0.0,0,0,11,True,True,0.16369001694546303,0.42946739409931817
train__c34__user6__5-1-2,34,Sit_down,user6,5-1-2,train,True,True,87,87,0,87,0,0,0,0,0,0,0,0,0,0,0,0.0,0,0,87,True,True,0.005791139889512975,0.012959027636386232
train__c34__user6__5-3-1,34,Sit_down,user6,5-3-1,train,True,True,20,20,0,20,0,0,0,0,0,0,0,0,0,0,0,0.0,0,0,20,True,True,0.08331214591047759,0.2779767704238095
train__c34__user6__5-3-2,34,Sit_down,user6,5-3-2,train,True,True,9,9,0,9,0,0,0,0,0,0,0,0,0,0,0,0.0,0,0,9,True,True,0.05480888599982747,0.12997594648468647
train__c34__user6__5-3-3,34,Sit_down,user6,5-3-3,train,True,True,9,9,0,9,0,0,0,0,0,9,0,9,1,9,0,1.0,0,0,9,True,True,0.05797896221657211,0.12244012271783469
train__c34__user6__7-1-1,34,Sit_down,user6,7-1-1,train,True,True,22,22,0,22,0,0,0,0,0,0,0,0,0,0,0,0.0,0,0,22,True,True,0.046491149758604085,0.11525758376004464
train__c34__user6__7-1-2,34,Sit_down,user6,7-1-2,train,True,True,19,19,0,19,0,0,0,0,0,0,0,0,0,0,0,0.0,0,0,19,True,True,0.05557079735487237,0.1329931147522244
train__c34__user6__7-1-3,34,Sit_down,user6,7-1-3,train,True,True,10,10,0,10,0,0,0,0,0,1,0,1,1,1,1,0.1,0,0,10,True,True,0.11108677200024568,0.30738376483660595
train__c34__user6__7-3-1,34,Sit_down,user6,7-3-1,train,True,True,32,32,0,32,0,0,0,0,0,0,0,0,0,0,0,0.0,0,0,32,True,True,0.05211975681598685,0.14606221832389094
train__c34__user6__7-3-2,34,Sit_down,user6,7-3-2,train,True,True,11,11,0,11,0,0,0,0,0,0,0,0,0,0,0,0.0,0,0,11,True,True,0.06429848819976748,0.13976666475657404
train__c34__user6__7-3-3,34,Sit_down,user6,7-3-3,train,True,True,12,12,0,12,0,0,0,0,0,1,0,1,1,1,1,0.08333333333333333,0,0,12,True,True,0.08431456579961064,0.21313845857267652
train__c34__user7__1-2-1,34,Sit_down,user7,1-2-1,train,True,True,10,10,0,10,0,0,0,0,0,0,0,0,0,0,0,0.0,0,0,10,True,True,0.049586268796065085,0.12726016339401827
train__c34__user7__1-2-2,34,Sit_down,user7,1-2-2,train,True,True,6,6,0,6,0,0,0,0,0,0,0,0,0,0,0,0.0,0,0,6,True,True,0.06532723943257161,0.15137315655442576
train__c34__user7__1-2-3,34,Sit_down,user7,1-2-3,train,True,True,11,11,0,11,0,0,0,0,0,0,0,0,0,0,0,0.0,0,0,11,True,True,0.06467764964897421,0.1537556035098804
train__c34__user7__2-2-1,34,Sit_down,user7,2-2-1,train,True,True,20,20,0,20,0,0,0,0,0,0,0,0,0,0,0,0.0,0,0,20,True,True,0.0404119445701198,0.11640191220513622
train__c34__user7__2-2-2,34,Sit_down,user7,2-2-2,train,True,True,14,14,0,14,0,0,0,0,0,0,0,0,0,0,0,0.0,0,0,14,True,True,0.043669647755114595,0.15494902529797747
train__c34__user7__2-2-3,34,Sit_down,user7,2-2-3,train,True,True,16,16,0,16,0,0,0,0,0,0,0,0,0,0,0,0.0,0,0,16,True,True,0.0408570156394161,0.1325991673779185
train__c34__user7__4-1-1,34,Sit_down,user7,4-1-1,train,True,True,11,11,0,11,0,0,0,0,0,0,0,0,0,0,0,0.0,0,0,11,True,True,0.11433129473503757,0.4189719189771603
train__c34__user7__4-1-2,34,Sit_down,user7,4-1-2,train,True,True,13,13,0,13,0,0,0,0,0,0,0,0,0,0,0,0.0,0,0,13,True,True,0.07128245102452305,0.1687712688922111
train__c34__user7__4-1-3,34,Sit_down,user7,4-1-3,train,True,True,15,15,0,15,0,0,0,0,0,0,0,0,0,0,0,0.0,0,0,15,True,True,0.060102649921891495,0.16625722334609586
train__c34__user7__5-3-1,34,Sit_down,user7,5-3-1,train,True,True,32,32,0,32,0,0,0,0,0,0,0,0,0,0,0,0.0,0,0,32,True,True,0.021380882270834834,0.0648178963542811
train__c34__user7__5-3-2,34,Sit_down,user7,5-3-2,train,True,True,17,17,0,17,0,0,0,0,0,0,0,0,0,0,0,0.0,0,0,17,True,True,0.04517884308533761,0.110568194024279
train__c34__user7__5-3-3,34,Sit_down,user7,5-3-3,train,True,True,7,7,0,7,0,0,0,0,0,0,0,0,0,0,0,0.0,0,0,7,True,True,0.054714209573805135,0.11678418644803358
train__c34__user7__6-3-1,34,Sit_down,user7,6-3-1,train,True,True,12,12,0,12,0,0,0,0,0,0,0,0,0,0,0,0.0,0,0,12,True,True,0.05606382042460328,0.1374447524449051
train__c34__user7__6-3-3,34,Sit_down,user7,6-3-3,train,True,True,8,8,0,8,0,0,0,0,0,6,0,6,1,6,0,0.75,0,0,8,True,True,0.07563949826855276,0.17808494409294287
train__c34__user7__7-1-1,34,Sit_down,user7,7-1-1,train,True,True,14,14,0,14,0,0,0,0,0,0,0,0,0,0,0,0.0,0,0,14,True,True,0.02858624977446207,0.06321875236108475
train__c34__user7__7-1-2,34,Sit_down,user7,7-1-2,train,True,True,17,17,0,17,0,0,0,0,0,0,0,0,0,0,0,0.0,0,0,17,True,True,0.0439891721522533,0.0988532083999554
train__c34__user7__7-1-3,34,Sit_down,user7,7-1-3,train,True,True,7,7,0,7,0,0,0,0,0,5,0,5,1,5,0,0.7142857142857143,0,0,7,True,True,0.047978985599340135,0.08713943059011038
train__c34__user8__4-1-1,34,Sit_down,user8,4-1-1,train,True,True,7,7,0,7,0,0,0,0,0,0,0,0,0,0,0,0.0,0,0,7,True,True,0.04086502804672339,0.10141537435909301
train__c34__user8__4-1-2,34,Sit_down,user8,4-1-2,train,True,True,6,6,0,6,0,0,0,0,0,5,0,5,1,5,0,0.8333333333333334,0,0,6,True,True,0.09143582767927495,0.22282402983004823
train__c34__user8__4-1-3,34,Sit_down,user8,4-1-3,train,True,True,10,10,0,10,0,0,0,0,0,0,0,0,0,0,0,0.0,0,0,10,True,True,0.08364666277809941,0.2659802045586128
train__c34__user8__5-1-1,34,Sit_down,user8,5-1-1,train,True,True,11,11,0,11,0,0,0,0,0,0,0,0,0,0,0,0.0,0,0,11,True,True,0.03383248239092525,0.08465998080518249
train__c34__user8__5-1-2,34,Sit_down,user8,5-1-2,train,True,True,6,6,0,6,0,0,0,0,0,0,0,0,0,0,0,0.0,0,0,6,True,True,0.035958383403005514,0.07694719535554566
train__c34__user8__5-1-3,34,Sit_down,user8,5-1-3,train,True,True,6,6,0,6,0,0,0,0,0,0,0,0,0,0,0,0.0,0,0,6,True,True,0.04920302573599723,0.11457967059175024
train__c34__user9__1-2-1,34,Sit_down,user9,1-2-1,train,True,True,7,7,0,7,0,0,0,0,0,0,0,0,0,0,0,0.0,0,0,7,True,True,0.05044774613802982,0.10678335532898751
train__c34__user9__1-2-2,34,Sit_down,user9,1-2-2,train,True,True,5,5,0,5,0,0,0,0,0,0,0,0,0,0,0,0.0,0,0,5,True,True,0.20923231534154324,0.5985361249539147
train__c34__user9__1-2-3,34,Sit_down,user9,1-2-3,train,True,True,7,7,0,7,0,0,0,0,0,0,0,0,0,0,0,0.0,0,0,7,True,True,0.16810898521933582,0.4130022860867314
train__c34__user9__5-3-1,34,Sit_down,user9,5-3-1,train,True,True,11,11,0,11,0,0,0,0,0,0,0,0,0,0,0,0.0,0,0,11,True,True,0.09414032062312422,0.357993064394188
train__c34__user9__5-3-2,34,Sit_down,user9,5-3-2,train,True,True,8,8,0,8,0,0,0,0,0,0,0,0,0,0,0,0.0,0,0,8,True,True,0.06886972462811967,0.20638237195672152
train__c34__user9__5-3-3,34,Sit_down,user9,5-3-3,train,True,True,8,8,0,8,0,0,0,0,0,0,0,0,0,0,0,0.0,0,0,8,True,True,0.08196546834957574,0.14890578376679073
train__c34__user9__6-1-1,34,Sit_down,user9,6-1-1,train,True,True,10,10,0,10,0,0,0,0,0,0,0,0,0,0,0,0.0,0,0,10,True,True,0.025669543081034855,0.05498993245429786
train__c34__user9__6-1-2,34,Sit_down,user9,6-1-2,train,True,True,3,3,0,3,0,0,0,0,0,0,0,0,0,0,0,0.0,0,0,3,True,True,0.043741501932541664,0.08392773741732999
train__c34__user9__6-1-3,34,Sit_down,user9,6-1-3,train,True,True,9,9,0,9,0,0,0,0,0,0,0,0,0,0,0,0.0,0,0,9,True,True,0.04291050338981635,0.08779169381238053
train__c34__user16__4-1-1,34,Sit_down,user16,4-1-1,train,True,True,16,16,0,16,0,0,0,0,0,0,0,0,0,0,0,0.0,0,0,16,True,True,0.053745691388505955,0.1034186748699746
train__c34__user16__4-1-2,34,Sit_down,user16,4-1-2,train,True,True,14,14,0,14,0,0,0,0,0,0,0,0,0,0,0,0.0,0,0,14,True,True,0.05704348573772857,0.16819311973344808
train__c34__user16__4-1-3,34,Sit_down,user16,4-1-3,train,True,True,9,9,0,9,0,0,0,0,0,0,0,0,0,0,0,0.0,0,0,9,True,True,0.098886608570078,0.21556052965465636
train__c34__user16__7-1-1,34,Sit_down,user16,7-1-1,train,True,True,8,8,0,8,0,0,0,0,0,0,0,0,0,0,0,0.0,0,0,8,True,True,0.07071848036844652,0.1763781520160276
train__c34__user16__7-1-2,34,Sit_down,user16,7-1-2,train,True,True,26,26,0,26,0,0,0,0,0,0,0,0,0,0,0,0.0,0,0,26,True,True,0.03887396500548495,0.12686678396813417
train__c34__user16__7-1-3,34,Sit_down,user16,7-1-3,train,True,True,13,13,0,13,0,0,0,0,0,0,0,0,0,0,0,0.0,0,0,13,True,True,0.07167717122171162,0.19274874192238708
train__c34__user16__7-3-1,34,Sit_down,user16,7-3-1,train,True,True,16,16,0,16,0,0,0,0,0,0,0,0,0,0,0,0.0,0,0,16,True,True,0.056967994126160576,0.16602806509034948
train__c34__user16__7-3-2,34,Sit_down,user16,7-3-2,train,True,True,11,11,0,11,0,0,0,0,0,0,0,0,0,0,0,0.0,0,0,11,True,True,0.09699646414303474,0.25161320478071414
train__c34__user16__7-3-3,34,Sit_down,user16,7-3-3,train,True,True,10,10,0,10,0,0,0,0,0,0,0,0,0,0,0,0.0,0,0,10,True,True,0.09410051061661785,0.19850255177265316
train__c34__user17__1-2-1,34,Sit_down,user17,1-2-1,validation,True,True,13,13,0,13,0,0,0,0,0,0,0,0,0,0,0,0.0,0,0,13,True,True,0.06480708277017028,0.13192259591740377
train__c34__user17__1-2-2,34,Sit_down,user17,1-2-2,validation,True,True,9,9,0,9,0,0,0,0,0,0,0,0,0,0,0,0.0,0,0,9,True,True,0.07905527293955089,0.18312409182666511
train__c34__user17__1-2-3,34,Sit_down,user17,1-2-3,validation,True,True,9,9,0,9,0,0,0,0,0,0,0,0,0,0,0,0.0,0,0,9,True,True,0.08207549386303299,0.16089695773202264
train__c34__user17__2-2-1,34,Sit_down,user17,2-2-1,validation,True,True,11,11,0,11,0,0,0,0,0,0,0,0,0,0,0,0.0,0,0,11,True,True,0.09198270888646773,0.18259014268119617
train__c34__user17__2-2-2,34,Sit_down,user17,2-2-2,validation,True,True,9,9,0,9,0,0,0,0,0,0,0,0,0,0,0,0.0,0,0,9,True,True,0.11218477616986594,0.20580886702881113
train__c34__user17__2-2-3,34,Sit_down,user17,2-2-3,validation,True,True,9,9,0,9,0,0,0,0,0,0,0,0,0,0,0,0.0,0,0,9,True,True,0.11802258555547439,0.22417596082896069
train__c34__user17__4-1-1,34,Sit_down,user17,4-1-1,validation,True,True,12,12,0,12,0,0,0,0,0,1,0,1,1,1,1,0.08333333333333333,0,0,12,True,True,0.056465258303372776,0.14750995225188354
train__c34__user17__4-1-2,34,Sit_down,user17,4-1-2,validation,True,True,7,7,0,7,0,0,0,0,0,0,0,0,0,0,0,0.0,0,0,7,True,True,0.0562733212491379,0.11503335729277346
train__c34__user17__4-1-3,34,Sit_down,user17,4-1-3,validation,True,True,8,8,0,8,0,0,0,0,0,0,0,0,0,0,0,0.0,0,0,8,True,True,0.053059538611849116,0.11328688019066885
train__c34__user17__7-1-1,34,Sit_down,user17,7-1-1,validation,True,True,8,8,0,8,0,0,0,0,0,8,0,8,1,8,0,1.0,0,0,8,True,True,0.09979500096098838,0.18265457369761415
train__c34__user17__7-1-2,34,Sit_down,user17,7-1-2,validation,True,True,7,7,0,7,0,0,0,0,0,2,0,2,1,2,0,0.2857142857142857,0,0,7,True,True,0.07657015262074753,0.1852289418866194
train__c34__user17__7-1-3,34,Sit_down,user17,7-1-3,validation,True,True,7,7,0,7,0,0,0,0,0,7,0,7,1,7,0,1.0,0,0,7,True,True,0.08887139902264884,0.18561489559561697
train__c34__user18__4-1-2,34,Sit_down,user18,4-1-2,train,True,True,6,6,0,6,0,0,0,0,0,0,0,0,0,0,0,0.0,0,0,6,True,True,0.043551331917517457,0.10987805979181203
train__c34__user18__4-1-3,34,Sit_down,user18,4-1-3,train,True,True,7,7,0,7,0,0,0,0,0,0,0,0,0,0,0,0.0,0,0,7,True,True,0.08487905588658529,0.17168986742203082
train__c34__user18__5-1-3,34,Sit_down,user18,5-1-3,train,True,True,39,39,0,39,0,0,0,0,0,0,0,0,0,0,0,0.0,0,0,39,True,True,0.0421696476383489,0.14663832588862075
train__c34__user19__1-2-1,34,Sit_down,user19,1-2-1,train,True,True,12,12,0,12,0,0,0,0,0,0,0,0,0,0,0,0.0,0,0,12,True,True,0.12088492740248333,0.2646476304504114
train__c34__user19__1-2-2,34,Sit_down,user19,1-2-2,train,True,True,13,13,0,13,0,0,0,0,0,13,0,13,1,13,0,1.0,0,0,13,True,True,0.09897290618100975,0.2082396671113436
train__c34__user19__1-2-3,34,Sit_down,user19,1-2-3,train,True,True,9,9,0,9,0,0,0,0,0,0,0,0,0,0,0,0.0,0,0,9,True,True,0.09950310087127419,0.2509364028477588
train__c34__user19__5-3-1,34,Sit_down,user19,5-3-1,train,True,True,11,11,0,11,0,0,0,0,0,0,0,0,0,0,0,0.0,0,0,11,True,True,0.11967434879551643,0.2773147597370178
train__c34__user19__5-3-2,34,Sit_down,user19,5-3-2,train,True,True,9,9,0,9,0,0,0,0,0,0,0,0,0,0,0,0.0,0,0,9,True,True,0.1067984010241005,0.28137559016289365
train__c34__user19__5-3-3,34,Sit_down,user19,5-3-3,train,True,True,9,9,0,9,0,0,0,0,0,0,0,0,0,0,0,0.0,0,0,9,True,True,0.12403430233492536,0.37553342448326843
train__c34__user19__6-1-1,34,Sit_down,user19,6-1-1,train,True,True,10,10,0,10,0,0,0,0,0,0,0,0,0,0,0,0.0,0,0,10,True,True,0.09375282042254099,0.17051395170717037
train__c34__user19__6-1-2,34,Sit_down,user19,6-1-2,train,True,True,7,7,0,7,0,0,0,0,0,0,0,0,0,0,0,0.0,0,0,7,True,True,0.16342697392792355,0.3306168031676637
train__c34__user19__6-1-3,34,Sit_down,user19,6-1-3,train,True,True,9,9,0,9,0,0,0,0,0,0,0,0,0,0,0,0.0,0,0,9,True,True,0.11146532032797543,0.31261502898063337
train__c34__user22__1-2-2,34,Sit_down,user22,1-2-2,train,True,True,6,6,0,6,0,0,0,0,0,0,0,0,0,0,0,0.0,0,0,6,True,True,0.1404412358973111,0.2960949951746303
train__c34__user22__1-2-3,34,Sit_down,user22,1-2-3,train,True,True,8,8,0,8,0,0,0,0,0,0,0,0,0,0,0,0.0,0,0,8,True,True,0.12239807271494028,0.3077427700603378
train__c34__user22__4-3-1,34,Sit_down,user22,4-3-1,train,True,True,4,4,0,4,0,0,0,0,0,0,0,0,0,0,0,0.0,0,0,4,True,True,0.024743775491087625,0.04097072424428856
train__c34__user22__4-3-2,34,Sit_down,user22,4-3-2,train,True,True,9,9,0,9,0,0,0,0,0,0,0,0,0,0,0,0.0,0,0,9,True,True,0.06786923515144155,0.3343410129801845
train__c34__user22__4-3-3,34,Sit_down,user22,4-3-3,train,True,True,9,9,0,9,0,0,0,0,0,0,0,0,0,0,0,0.0,0,0,9,True,True,0.022047421606811588,0.055277005195841666
train__c34__user22__5-2-1,34,Sit_down,user22,5-2-1,train,True,True,6,6,0,6,0,0,0,0,0,0,0,0,0,0,0,0.0,0,0,6,True,True,0.01638515962811955,0.037396107200700184
train__c34__user22__5-2-2,34,Sit_down,user22,5-2-2,train,True,True,7,7,0,7,0,0,0,0,0,0,0,0,0,0,0,0.0,0,0,7,True,True,0.012992191630371437,0.03498361644915244
train__c34__user22__5-2-3,34,Sit_down,user22,5-2-3,train,True,True,6,6,0,6,0,0,0,0,0,0,0,0,0,0,0,0.0,0,0,6,True,True,0.08105497912790569,0.19310850563027396
train__c34__user22__6-2-1,34,Sit_down,user22,6-2-1,train,True,True,12,12,0,12,0,0,0,0,0,0,0,0,0,0,0,0.0,0,0,12,True,True,0.05165896599236196,0.10789513166097654
train__c34__user22__6-2-2,34,Sit_down,user22,6-2-2,train,True,True,9,9,0,9,0,0,0,0,0,0,0,0,0,0,0,0.0,0,0,9,True,True,0.06736610945294143,0.11944255930366059
train__c34__user22__6-2-3,34,Sit_down,user22,6-2-3,train,True,True,12,12,0,12,0,0,0,0,0,0,0,0,0,0,0,0.0,0,0,12,True,True,0.029095647599513,0.0993771215441328
train__c34__user22__7-1-1,34,Sit_down,user22,7-1-1,train,True,True,13,13,0,13,0,0,0,0,0,0,0,0,0,0,0,0.0,0,0,13,True,True,0.012452255979145692,0.024064719870517157
train__c34__user22__7-1-2,34,Sit_down,user22,7-1-2,train,True,True,11,11,0,11,0,0,0,0,0,0,0,0,0,0,0,0.0,0,0,11,True,True,0.017978402710012557,0.04113587063842
train__c34__user22__7-1-3,34,Sit_down,user22,7-1-3,train,True,True,10,10,0,10,0,0,0,0,0,0,0,0,0,0,0,0.0,0,0,10,True,True,0.018483713171865302,0.07384776677257869
train__c34__user23__3-2-2,34,Sit_down,user23,3-2-2,validation,True,True,13,13,0,13,0,0,0,0,0,0,0,0,0,0,0,0.0,0,0,13,True,True,0.06971177947600417,0.1839059484111901
train__c34__user23__7-3-1,34,Sit_down,user23,7-3-1,validation,True,True,17,17,0,17,0,0,0,0,0,0,0,0,0,0,0,0.0,0,0,17,True,True,0.04531167199598074,0.09089430609085851
train__c34__user23__7-3-2,34,Sit_down,user23,7-3-2,validation,True,True,28,28,0,28,0,0,0,0,0,0,0,0,0,0,0,0.0,0,0,28,True,True,0.052442659127806525,0.13404695009810794
train__c34__user23__7-3-3,34,Sit_down,user23,7-3-3,validation,True,True,20,20,0,20,0,0,0,0,0,0,0,0,0,0,0,0.0,0,0,20,True,True,0.07079477101752249,0.15002241684905795
train__c34__user24__4-1-1,34,Sit_down,user24,4-1-1,validation,True,True,15,15,0,15,0,0,0,0,0,0,0,0,0,0,0,0.0,0,0,15,True,True,0.07940102078424281,0.1885796869013728
train__c34__user24__4-1-2,34,Sit_down,user24,4-1-2,validation,True,True,11,11,0,11,0,0,0,0,0,0,0,0,0,0,0,0.0,0,0,11,True,True,0.12159592682790481,0.24095940131095006
train__c34__user24__4-1-3,34,Sit_down,user24,4-1-3,validation,True,True,9,9,0,9,0,0,0,0,0,0,0,0,0,0,0,0.0,0,0,9,True,True,0.11757098763578452,0.2894448748356671
train__c34__user24__5-1-1,34,Sit_down,user24,5-1-1,validation,True,True,11,11,0,11,0,0,0,0,0,0,0,0,0,0,0,0.0,0,0,11,True,True,0.04308160400945699,0.08023044870998047
train__c34__user24__5-1-2,34,Sit_down,user24,5-1-2,validation,True,True,10,10,0,10,0,0,0,0,0,0,0,0,0,0,0,0.0,0,0,10,True,True,0.03958494107093484,0.07679063242290468
train__c34__user24__5-1-3,34,Sit_down,user24,5-1-3,validation,True,True,9,9,0,9,0,0,0,0,0,0,0,0,0,0,0,0.0,0,0,9,True,True,0.04928278258195388,0.08722943895113051
train__c34__user24__5-3-1,34,Sit_down,user24,5-3-1,validation,True,True,10,10,0,10,0,0,0,0,0,0,0,0,0,0,0,0.0,0,0,10,True,True,0.03654436334418143,0.07119020844488005
train__c34__user24__5-3-2,34,Sit_down,user24,5-3-2,validation,True,True,11,11,0,11,0,0,0,0,0,0,0,0,0,0,0,0.0,0,0,11,True,True,0.038415673092575806,0.0726684586211231
train__c34__user24__5-3-3,34,Sit_down,user24,5-3-3,validation,True,True,8,8,0,8,0,0,0,0,0,0,0,0,0,0,0,0.0,0,0,8,True,True,0.045451750641339585,0.10917168548609867
train__c34__user24__7-2-1,34,Sit_down,user24,7-2-1,validation,True,True,11,11,0,11,0,0,0,0,0,0,0,0,0,0,0,0.0,0,0,11,True,True,0.0323979542097131,0.06989240133761052
train__c34__user24__7-2-2,34,Sit_down,user24,7-2-2,validation,True,True,9,9,0,9,0,0,0,0,0,0,0,0,0,0,0,0.0,0,0,9,True,True,0.03196337993328182,0.06130580400384868
train__c34__user24__7-2-3,34,Sit_down,user24,7-2-3,validation,True,True,7,7,0,7,0,0,0,0,0,0,0,0,0,0,0,0.0,0,0,7,True,True,0.03362811295367026,0.06678499362360943
train__c35__user1__3-2-1,35,Do_lunges,user1,3-2-1,train,True,True,56,56,0,56,0,0,0,0,0,0,0,0,0,0,0,0.0,0,0,56,True,True,0.025057602598269266,0.07355473279865372
train__c35__user1__3-2-2,35,Do_lunges,user1,3-2-2,train,True,True,44,44,0,44,0,0,0,0,0,0,0,0,0,0,0,0.0,0,0,44,True,True,0.02783431363094908,0.06022902720140588
train__c35__user1__3-2-3,35,Do_lunges,user1,3-2-3,train,True,True,35,35,0,35,0,0,0,0,0,0,0,0,0,0,0,0.0,0,0,35,True,True,0.04589276239254133,0.09162312837295235
train__c35__user5__6-1-1,35,Do_lunges,user5,6-1-1,train,True,True,68,68,0,68,0,0,0,0,0,0,0,0,0,0,0,0.0,0,0,68,True,True,0.01684310108460336,0.040863361515490505
train__c35__user5__6-1-2,35,Do_lunges,user5,6-1-2,train,True,True,42,42,0,42,0,0,0,0,0,0,0,0,0,0,0,0.0,0,0,42,True,True,0.020985984401726658,0.05591130068825959
train__c35__user5__6-1-3,35,Do_lunges,user5,6-1-3,train,True,True,37,37,0,37,0,0,0,0,0,0,0,0,0,0,0,0.0,0,0,37,True,True,0.02818617392134796,0.07685144942163431
train__c35__user6__6-1-1,35,Do_lunges,user6,6-1-1,train,True,True,50,50,0,50,0,0,0,0,0,0,0,0,0,0,0,0.0,0,0,50,True,True,0.07377371584296655,0.24300016442492603
train__c35__user6__6-1-2,35,Do_lunges,user6,6-1-2,train,True,True,37,37,0,37,0,0,0,0,0,0,0,0,0,0,0,0.0,0,0,37,True,True,0.08220335151755898,0.21311055515471505
train__c35__user6__6-1-3,35,Do_lunges,user6,6-1-3,train,True,True,41,41,0,41,0,0,0,0,0,2,0,2,1,2,0,0.04878048780487805,0,0,41,True,True,0.03496678315475333,0.10044031575249424
train__c35__user8__5-1-1,35,Do_lunges,user8,5-1-1,train,True,True,59,59,0,59,0,0,0,0,0,0,0,0,0,0,0,0.0,0,0,59,True,True,0.019420243282581864,0.05352882453654693
train__c35__user8__5-1-2,35,Do_lunges,user8,5-1-2,train,True,True,37,37,0,37,0,0,0,0,0,0,0,0,0,0,0,0.0,0,0,37,True,True,0.023728413018404126,0.07594240005313321
train__c35__user8__5-1-3,35,Do_lunges,user8,5-1-3,train,True,True,33,33,0,33,0,0,0,0,0,1,0,1,1,1,1,0.030303030303030304,0,0,33,True,True,0.039935796469456816,0.13867451599657837
train__c35__user16__6-1-1,35,Do_lunges,user16,6-1-1,train,True,True,79,79,0,79,0,0,0,0,0,24,0,24,1,24,0,0.3037974683544304,0,0,79,True,True,0.02780884201000988,0.07071338254725507
train__c35__user16__6-1-2,35,Do_lunges,user16,6-1-2,train,True,True,26,26,0,26,0,0,0,0,0,0,0,0,0,0,0,0.0,0,0,26,True,True,0.06187489128405691,0.282760637526342
train__c35__user16__6-1-3,35,Do_lunges,user16,6-1-3,train,True,True,42,42,0,42,0,0,0,0,0,0,0,0,0,0,0,0.0,0,0,42,True,True,0.027581569277483325,0.06802937150869173
train__c35__user18__5-1-1,35,Do_lunges,user18,5-1-1,train,True,True,21,21,0,21,0,0,0,0,0,0,0,0,0,0,0,0.0,0,0,21,True,True,0.019562067402969043,0.04056122739678086
train__c35__user18__5-1-2,35,Do_lunges,user18,5-1-2,train,True,True,38,38,0,38,0,0,0,0,0,0,0,0,0,0,0,0.0,0,0,38,True,True,0.013875052576289501,0.038761599028264274
train__c35__user18__5-1-3,35,Do_lunges,user18,5-1-3,train,True,True,9,9,0,9,0,0,0,0,0,0,0,0,0,0,0,0.0,0,0,9,True,True,0.030245872896585823,0.06501145382966306
train__c35__user20__1-2-1,35,Do_lunges,user20,1-2-1,train,True,True,28,28,0,28,0,0,0,0,0,0,0,0,0,0,0,0.0,0,0,28,True,True,0.012222559855578857,0.029047021938982467
train__c35__user20__1-2-2,35,Do_lunges,user20,1-2-2,train,True,True,16,16,0,16,0,0,0,0,0,0,0,0,0,0,0,0.0,0,0,16,True,True,0.055585321598442344,0.14438749251696564
train__c35__user20__1-2-3,35,Do_lunges,user20,1-2-3,train,True,True,28,28,0,28,0,0,0,0,0,0,0,0,0,0,0,0.0,0,0,28,True,True,0.05144966314652029,0.12751443303651744
train__c35__user23__1-2-1,35,Do_lunges,user23,1-2-1,validation,True,True,38,38,0,38,0,0,0,0,0,4,0,4,1,4,0,0.10526315789473684,0,0,38,True,True,0.026139868676835633,0.06267864706120026
train__c35__user23__1-2-2,35,Do_lunges,user23,1-2-2,validation,True,True,6,6,0,6,0,0,0,0,0,0,0,0,0,0,0,0.0,0,0,6,True,True,0.050413746124261805,0.11252284747206243
train__c35__user23__1-2-3,35,Do_lunges,user23,1-2-3,validation,True,True,23,23,0,23,0,0,0,0,0,0,0,0,0,0,0,0.0,0,0,23,True,True,0.04330538386151644,0.09610745182798754
train__c35__user23__5-3-1,35,Do_lunges,user23,5-3-1,validation,False,False,0,0,0,0,0,0,0,0,0,0,0,0,0,0,0,0.0,0,0,0,True,True,,
train__c35__user23__5-3-2,35,Do_lunges,user23,5-3-2,validation,True,True,26,26,0,26,0,0,0,0,0,0,0,0,0,0,0,0.0,0,0,26,True,True,0.0438521910621894,0.0811447236096954
train__c35__user23__5-3-3,35,Do_lunges,user23,5-3-3,validation,True,True,25,25,0,25,0,0,0,0,0,0,0,0,0,0,0,0.0,0,0,25,True,True,0.031360601130841916,0.07401793188906346
train__c36__user1__1-2-1,36,Walk,user1,1-2-1,train,True,True,14,14,0,14,0,0,0,0,0,0,0,0,0,0,0,0.0,0,0,14,True,True,0.1265699658180199,0.3711332836430208
train__c36__user1__1-2-2,36,Walk,user1,1-2-2,train,True,True,16,16,0,16,0,0,0,0,0,0,0,0,0,0,0,0.0,0,0,16,True,True,0.08944971680972975,0.29080654825729985
train__c36__user1__2-1-1,36,Walk,user1,2-1-1,train,True,True,34,34,0,17,17,17,0,0,0,0,0,0,0,0,0,0.0,0,0,34,False,True,0.02622038049034707,0.0564636981233437
train__c36__user1__2-1-2,36,Walk,user1,2-1-2,train,True,True,19,19,0,19,0,0,0,0,0,0,0,0,0,0,0,0.0,0,0,19,True,True,0.12609361143873357,0.382512722860555
train__c36__user1__2-1-3,36,Walk,user1,2-1-3,train,True,True,10,10,0,10,0,0,0,0,0,0,0,0,0,0,0,0.0,0,0,10,True,True,0.15752541421541982,0.48305999763556856
train__c36__user1__2-2-1,36,Walk,user1,2-2-1,train,True,True,47,47,0,47,0,0,0,0,0,0,0,0,0,0,0,0.0,0,0,47,True,True,0.033229354096599245,0.08828848548119454
train__c36__user1__2-2-2,36,Walk,user1,2-2-2,train,True,True,52,52,0,52,0,0,0,0,0,0,0,0,0,0,0,0.0,0,0,52,True,True,0.0353183224716539,0.09683507438411235
train__c36__user1__2-2-3,36,Walk,user1,2-2-3,train,True,True,20,20,0,20,0,0,0,0,0,0,0,0,0,0,0,0.0,0,0,20,True,True,0.07396364236375984,0.19771594826568478
train__c36__user1__3-2-1,36,Walk,user1,3-2-1,train,True,True,31,31,0,31,0,0,0,0,0,0,0,0,0,0,0,0.0,0,0,31,True,True,0.036636272213662974,0.10158289514904906
train__c36__user1__3-2-2,36,Walk,user1,3-2-2,train,True,True,36,36,0,36,0,0,0,0,0,0,0,0,0,0,0,0.0,0,0,36,True,True,0.041851989878791636,0.11417589242993349
train__c36__user1__3-2-3,36,Walk,user1,3-2-3,train,True,True,14,14,0,14,0,0,0,0,0,1,0,1,1,1,1,0.07142857142857142,0,0,14,True,True,0.0644305250506332,0.16672729333562436
train__c36__user1__6-1-1,36,Walk,user1,6-1-1,train,True,True,17,17,0,17,0,0,0,0,0,0,0,0,0,0,0,0.0,0,0,17,True,True,0.11065352337939709,0.3634416738803472
train__c36__user1__6-1-2,36,Walk,user1,6-1-2,train,True,True,12,12,0,12,0,0,0,0,0,0,0,0,0,0,0,0.0,0,0,12,True,True,0.14169822746060154,0.4261959669415636
train__c36__user1__6-1-3,36,Walk,user1,6-1-3,train,True,True,9,9,0,9,0,0,0,0,0,0,0,0,0,0,0,0.0,0,0,9,True,True,0.24655737779620507,0.6278646016139773
train__c36__user1__6-2-1,36,Walk,user1,6-2-1,train,True,True,30,30,0,30,0,0,0,0,0,0,0,0,0,0,0,0.0,0,0,30,True,True,0.04102249561603024,0.1043737912485408
train__c36__user1__6-2-2,36,Walk,user1,6-2-2,train,True,True,24,24,0,24,0,0,0,0,0,0,0,0,0,0,0,0.0,0,0,24,True,True,0.04522225771262285,0.1307420737281092
train__c36__user1__6-2-3,36,Walk,user1,6-2-3,train,True,True,16,16,0,16,0,0,0,0,0,0,0,0,0,0,0,0.0,0,0,16,True,True,0.055260769737365684,0.14692755164197308
train__c36__user2__1-2-1,36,Walk,user2,1-2-1,train,True,True,43,43,0,43,0,0,0,0,0,0,0,0,0,0,0,0.0,0,0,43,True,True,0.0800477530897204,0.4115000969133253
train__c36__user2__1-2-2,36,Walk,user2,1-2-2,train,True,True,46,46,0,46,0,0,0,0,0,0,0,0,0,0,0,0.0,0,0,46,True,True,0.11943236602606615,0.5744214923383586
train__c36__user2__1-2-3,36,Walk,user2,1-2-3,train,True,True,27,27,0,27,0,0,0,0,0,0,0,0,0,0,0,0.0,0,0,27,True,True,0.14804331157032802,0.5895379861085718
train__c36__user2__2-1-1,36,Walk,user2,2-1-1,train,True,True,28,28,0,28,0,0,0,0,0,0,0,0,0,0,0,0.0,0,0,28,True,True,0.1559197671731658,0.6882524691813858
train__c36__user2__2-1-2,36,Walk,user2,2-1-2,train,True,True,30,30,0,30,0,0,0,0,0,1,0,1,1,1,1,0.03333333333333333,0,0,30,True,True,0.42250698747912063,1.317634239487105
train__c36__user2__2-1-3,36,Walk,user2,2-1-3,train,True,True,14,14,0,14,0,0,0,0,0,4,0,4,1,4,0,0.2857142857142857,0,0,14,True,True,0.35955329330412356,1.0151299652826964
train__c36__user2__3-2-2,36,Walk,user2,3-2-2,train,True,True,65,65,0,65,0,0,0,0,0,0,0,0,0,0,0,0.0,0,0,65,True,True,0.050797160402187506,0.15858421345394821
train__c36__user2__3-2-3,36,Walk,user2,3-2-3,train,True,True,49,49,0,49,0,0,0,0,0,0,0,0,0,0,0,0.0,0,0,49,True,True,0.05283394009299998,0.18325716429736044
train__c36__user2__4-1-1,36,Walk,user2,4-1-1,train,True,True,29,29,0,29,0,0,0,0,0,0,0,0,0,0,0,0.0,0,0,29,True,True,0.034685513746775906,0.11322456711912256
train__c36__user2__4-1-2,36,Walk,user2,4-1-2,train,True,True,33,33,0,33,0,0,0,0,0,1,0,1,1,1,1,0.030303030303030304,0,0,33,True,True,0.07359008085496943,0.23415919054034026
train__c36__user2__4-1-3,36,Walk,user2,4-1-3,train,True,True,31,31,0,31,0,0,0,0,0,1,0,1,1,1,1,0.03225806451612903,0,0,31,True,True,0.07284420387235616,0.19299604546971147
train__c36__user2__4-3-1,36,Walk,user2,4-3-1,train,True,True,36,36,0,36,0,0,0,0,0,0,0,0,0,0,0,0.0,0,0,36,True,True,0.05887189206360449,0.17016167220475079
train__c36__user2__4-3-2,36,Walk,user2,4-3-2,train,True,True,45,45,0,45,0,0,0,0,0,0,0,0,0,0,0,0.0,0,0,45,True,True,0.060884085841488925,0.38162038455009334
train__c36__user2__4-3-3,36,Walk,user2,4-3-3,train,True,True,35,35,0,35,0,0,0,0,0,0,0,0,0,0,0,0.0,0,0,35,True,True,0.05162949321572131,0.21669385281405745
train__c36__user2__5-2-1,36,Walk,user2,5-2-1,train,True,True,38,38,0,38,0,0,0,0,0,0,0,0,0,0,0,0.0,0,0,38,True,True,0.07851677426665404,0.38123188615491577
train__c36__user2__5-2-2,36,Walk,user2,5-2-2,train,True,True,32,32,0,32,0,0,0,0,0,0,0,0,0,0,0,0.0,0,0,32,True,True,0.14476971881016054,0.5889372766054665
train__c36__user2__5-2-3,36,Walk,user2,5-2-3,train,True,True,23,23,0,23,0,0,0,0,0,0,0,0,0,0,0,0.0,0,0,23,True,True,0.22175195643683937,0.6637190152283239
train__c36__user2__6-1-1,36,Walk,user2,6-1-1,train,True,True,20,20,0,20,0,0,0,0,0,0,0,0,0,0,0,0.0,0,0,20,True,True,0.042223166571191365,0.11653525135987489
train__c36__user2__6-1-2,36,Walk,user2,6-1-2,train,True,True,11,11,0,11,0,0,0,0,0,0,0,0,0,0,0,0.0,0,0,11,True,True,0.04972182456991899,0.1198105823864861
train__c36__user2__7-2-1,36,Walk,user2,7-2-1,train,True,True,35,35,0,35,0,0,0,0,0,1,0,1,1,1,1,0.02857142857142857,0,0,35,True,True,0.15583080676634012,0.7103715222173032
train__c36__user2__7-2-2,36,Walk,user2,7-2-2,train,True,True,24,24,0,24,0,0,0,0,0,0,0,0,0,0,0,0.0,0,0,24,True,True,0.3253421470180313,1.1498640319942146
train__c36__user2__7-2-3,36,Walk,user2,7-2-3,train,True,True,16,16,0,16,0,0,0,0,0,0,0,0,0,0,0,0.0,0,0,16,True,True,0.3487171671403722,0.995291237865024
train__c36__user2__7-3-1,36,Walk,user2,7-3-1,train,True,True,58,58,0,58,0,0,0,0,0,0,0,0,0,0,0,0.0,0,0,58,True,True,0.08179835424662446,0.33104463958728314
train__c36__user2__7-3-2,36,Walk,user2,7-3-2,train,True,True,33,33,0,33,0,0,0,0,0,0,0,0,0,0,0,0.0,0,0,33,True,True,0.09541973503917124,0.3994020584099403
train__c36__user2__7-3-3,36,Walk,user2,7-3-3,train,True,True,34,34,0,34,0,0,0,0,0,0,0,0,0,0,0,0.0,0,0,34,True,True,0.09735384577225921,0.34751642321208154
train__c36__user3__1-2-1,36,Walk,user3,1-2-1,train,True,True,52,52,0,52,0,0,82,0,0,0,0,0,0,0,0,0.0,0,0,52,True,True,0.23650713991022512,0.9366572904158093
train__c36__user3__1-2-2,36,Walk,user3,1-2-2,train,True,True,58,58,0,58,0,0,79,0,0,0,0,0,0,0,0,0.0,0,0,58,True,True,0.18129651774666813,0.6976222206634378
train__c36__user3__1-2-3,36,Walk,user3,1-2-3,train,True,True,32,32,0,32,0,0,40,0,0,1,0,1,1,1,1,0.03125,0,0,32,True,True,0.22259242466729123,0.8164928217168799
train__c36__user3__2-2-1,36,Walk,user3,2-2-1,train,True,True,17,17,0,17,0,0,0,0,0,0,0,0,0,0,0,0.0,0,0,17,True,True,0.2187101675949663,0.8239406386397178
train__c36__user3__2-2-2,36,Walk,user3,2-2-2,train,True,True,12,12,0,12,0,0,0,0,0,0,0,0,0,0,0,0.0,0,0,12,True,True,0.26337863517668614,0.8533849796728392
train__c36__user3__2-2-3,36,Walk,user3,2-2-3,train,True,True,16,16,0,16,0,0,0,0,0,0,0,0,0,0,0,0.0,0,0,16,True,True,0.19651196674030919,0.7677110782809253
train__c36__user3__3-2-1,36,Walk,user3,3-2-1,train,True,True,36,36,0,36,0,0,0,0,0,0,0,0,0,0,0,0.0,0,0,36,True,True,0.05416787940690289,0.17136628506900795
train__c36__user3__3-2-2,36,Walk,user3,3-2-2,train,True,True,25,25,0,25,0,0,0,0,0,0,0,0,0,0,0,0.0,0,0,25,True,True,0.0712591419864244,0.1767483712411008
train__c36__user3__3-2-3,36,Walk,user3,3-2-3,train,True,True,40,40,0,40,0,0,0,0,0,0,0,0,0,0,0,0.0,0,0,40,True,True,0.04890075368965347,0.14772711559016669
train__c36__user3__5-2-1,36,Walk,user3,5-2-1,train,True,True,43,43,0,43,0,0,0,0,0,0,0,0,0,0,0,0.0,0,0,43,True,True,0.04650709685300814,0.12445406829435449
train__c36__user3__5-2-2,36,Walk,user3,5-2-2,train,True,True,23,23,0,23,0,0,0,0,0,0,0,0,0,0,0,0.0,0,0,23,True,True,0.07034980626746266,0.1813825647521206
train__c36__user3__5-2-3,36,Walk,user3,5-2-3,train,True,True,34,34,0,34,0,0,0,0,0,1,0,1,1,1,1,0.029411764705882353,0,0,34,True,True,0.047978836752650654,0.13240503437393383
train__c36__user3__6-1-1,36,Walk,user3,6-1-1,train,True,True,19,19,0,19,0,0,0,0,0,0,0,0,0,0,0,0.0,0,0,19,True,True,0.19883420065465165,0.7127553879777798
train__c36__user3__6-1-2,36,Walk,user3,6-1-2,train,True,True,20,20,0,20,0,0,0,0,0,0,0,0,0,0,0,0.0,0,0,20,True,True,0.1705234159755647,0.6129248747871712
train__c36__user3__6-1-3,36,Walk,user3,6-1-3,train,True,True,13,13,0,13,0,0,0,0,0,0,0,0,0,0,0,0.0,0,0,13,True,True,0.1935479311893693,0.6796128766891498
train__c36__user3__6-2-1,36,Walk,user3,6-2-1,train,True,True,25,25,0,25,0,0,0,0,0,0,0,0,0,0,0,0.0,0,0,25,True,True,0.03291773553285009,0.07934715302070612
train__c36__user3__6-2-2,36,Walk,user3,6-2-2,train,True,True,20,20,0,20,0,0,0,0,0,2,0,2,2,1,2,0.1,0,0,20,True,True,0.028258657736239718,0.07801184999129437
train__c36__user3__6-2-3,36,Walk,user3,6-2-3,train,True,True,17,17,0,17,0,0,0,0,0,0,0,0,0,0,0,0.0,0,0,17,True,True,0.0473375693817266,0.10893719522483479
train__c36__user3__7-1-1,36,Walk,user3,7-1-1,train,True,True,24,24,0,24,0,0,0,0,0,0,0,0,0,0,0,0.0,0,0,24,True,True,0.05824792491238151,0.1473253076235786
train__c36__user3__7-1-2,36,Walk,user3,7-1-2,train,True,True,28,28,0,28,0,0,0,0,0,0,0,0,0,0,0,0.0,0,0,28,True,True,0.04756596566312172,0.1298013149757395
train__c36__user3__7-1-3,36,Walk,user3,7-1-3,train,True,True,19,19,0,19,0,0,0,0,0,0,0,0,0,0,0,0.0,0,0,19,True,True,0.07501459352269466,0.18480661300131174
train__c36__user4__1-2-1,36,Walk,user4,1-2-1,validation,True,True,28,28,0,28,0,0,0,0,0,0,0,0,0,0,0,0.0,0,0,28,True,True,0.14247458923892797,0.5479408475138301
train__c36__user4__1-2-2,36,Walk,user4,1-2-2,validation,True,True,22,22,0,22,0,0,0,0,0,1,0,1,1,1,1,0.045454545454545456,0,0,22,True,True,0.2894722754128517,0.7652546678690243
train__c36__user4__1-2-3,36,Walk,user4,1-2-3,validation,True,True,16,16,0,16,0,0,0,0,0,0,0,0,0,0,0,0.0,0,0,16,True,True,0.3057809878474399,0.9043457610491439
train__c36__user4__2-2-1,36,Walk,user4,2-2-1,validation,True,True,28,28,0,28,0,0,0,0,0,1,0,1,1,1,1,0.03571428571428571,0,0,28,True,True,0.16450352108806976,0.5744862525446254
train__c36__user4__2-2-2,36,Walk,user4,2-2-2,validation,True,True,28,28,0,28,0,0,0,0,0,2,0,2,1,2,0,0.07142857142857142,0,0,28,True,True,0.21537964240519503,0.6599910895928124
train__c36__user4__2-2-3,36,Walk,user4,2-2-3,validation,True,True,26,26,0,26,0,0,0,0,0,2,0,2,2,1,2,0.07692307692307693,0,0,26,True,True,0.16677541329409862,0.7339688159090589
train__c36__user4__4-2-1,36,Walk,user4,4-2-1,validation,True,True,26,26,0,26,0,0,0,0,0,0,0,0,0,0,0,0.0,0,0,26,True,True,0.14822116303044425,0.5921711606388589
train__c36__user4__4-2-2,36,Walk,user4,4-2-2,validation,True,True,26,26,0,26,0,0,0,0,0,1,0,1,1,1,1,0.038461538461538464,0,0,26,True,True,0.22942617382172645,0.8833093903463585
train__c36__user4__4-2-3,36,Walk,user4,4-2-3,validation,True,True,14,14,0,14,0,0,0,0,0,1,0,1,1,1,1,0.07142857142857142,0,0,14,True,True,0.2463703022420371,0.7658977053673648
train__c36__user4__5-2-1,36,Walk,user4,5-2-1,validation,True,True,39,39,0,39,0,0,0,0,0,0,0,0,0,0,0,0.0,0,0,39,True,True,0.04654235442336028,0.12462369504406932
train__c36__user4__5-2-2,36,Walk,user4,5-2-2,validation,True,True,25,25,0,25,0,0,0,0,0,1,0,1,1,1,1,0.04,0,0,25,True,True,0.040147619019864474,0.11254241289114741
train__c36__user4__5-2-3,36,Walk,user4,5-2-3,validation,True,True,14,14,0,14,0,0,0,0,0,0,0,0,0,0,0,0.0,0,0,14,True,True,0.06582567604627165,0.1622011189095668
train__c36__user4__7-1-1,36,Walk,user4,7-1-1,validation,True,True,21,21,0,21,0,0,0,0,0,0,0,0,0,0,0,0.0,0,0,21,True,True,0.17602904535824312,0.5907203366645166
train__c36__user4__7-1-2,36,Walk,user4,7-1-2,validation,True,True,28,28,0,28,0,0,0,0,0,4,0,4,2,2,0,0.14285714285714285,0,0,28,True,True,0.24967736205699337,0.8703269096757125
train__c36__user4__7-1-3,36,Walk,user4,7-1-3,validation,True,True,16,16,0,16,0,0,0,0,0,2,0,2,2,1,2,0.125,0,0,16,True,True,0.25375434205811526,0.7174098626581127
train__c36__user5__1-2-1,36,Walk,user5,1-2-1,train,False,False,0,0,0,0,0,0,0,0,0,0,0,0,0,0,0,0.0,0,0,0,True,True,,
train__c36__user5__1-2-2,36,Walk,user5,1-2-2,train,False,False,0,0,0,0,0,0,0,0,0,0,0,0,0,0,0,0.0,0,0,0,True,True,,
train__c36__user5__1-2-3,36,Walk,user5,1-2-3,train,False,False,0,0,0,0,0,0,0,0,0,0,0,0,0,0,0,0.0,0,0,0,True,True,,
train__c36__user5__3-1-1,36,Walk,user5,3-1-1,train,False,False,0,0,0,0,0,0,0,0,0,0,0,0,0,0,0,0.0,0,0,0,True,True,,
train__c36__user5__3-1-2,36,Walk,user5,3-1-2,train,False,False,0,0,0,0,0,0,0,0,0,0,0,0,0,0,0,0.0,0,0,0,True,True,,
train__c36__user5__3-1-3,36,Walk,user5,3-1-3,train,False,False,0,0,0,0,0,0,0,0,0,0,0,0,0,0,0,0.0,0,0,0,True,True,,
train__c36__user5__3-2-1,36,Walk,user5,3-2-1,train,False,False,0,0,0,0,0,0,0,0,0,0,0,0,0,0,0,0.0,0,0,0,True,True,,
train__c36__user5__3-2-2,36,Walk,user5,3-2-2,train,False,False,0,0,0,0,0,0,0,0,0,0,0,0,0,0,0,0.0,0,0,0,True,True,,
train__c36__user5__3-2-3,36,Walk,user5,3-2-3,train,False,False,0,0,0,0,0,0,0,0,0,0,0,0,0,0,0,0.0,0,0,0,True,True,,
train__c36__user5__4-2-1,36,Walk,user5,4-2-1,train,False,False,0,0,0,0,0,0,0,0,0,0,0,0,0,0,0,0.0,0,0,0,True,True,,
train__c36__user5__4-2-2,36,Walk,user5,4-2-2,train,False,False,0,0,0,0,0,0,0,0,0,0,0,0,0,0,0,0.0,0,0,0,True,True,,
train__c36__user5__4-2-3,36,Walk,user5,4-2-3,train,False,False,0,0,0,0,0,0,0,0,0,0,0,0,0,0,0,0.0,0,0,0,True,True,,
train__c36__user5__4-3-1,36,Walk,user5,4-3-1,train,False,False,0,0,0,0,0,0,0,0,0,0,0,0,0,0,0,0.0,0,0,0,True,True,,
train__c36__user5__4-3-2,36,Walk,user5,4-3-2,train,False,False,0,0,0,0,0,0,0,0,0,0,0,0,0,0,0,0.0,0,0,0,True,True,,
train__c36__user5__4-3-3,36,Walk,user5,4-3-3,train,False,False,0,0,0,0,0,0,0,0,0,0,0,0,0,0,0,0.0,0,0,0,True,True,,
train__c36__user5__5-1-1,36,Walk,user5,5-1-1,train,False,False,0,0,0,0,0,0,0,0,0,0,0,0,0,0,0,0.0,0,0,0,True,True,,
train__c36__user5__5-1-2,36,Walk,user5,5-1-2,train,False,False,0,0,0,0,0,0,0,0,0,0,0,0,0,0,0,0.0,0,0,0,True,True,,
train__c36__user5__5-1-3,36,Walk,user5,5-1-3,train,False,False,0,0,0,0,0,0,0,0,0,0,0,0,0,0,0,0.0,0,0,0,True,True,,
train__c36__user5__5-2-1,36,Walk,user5,5-2-1,train,False,False,0,0,0,0,0,0,0,0,0,0,0,0,0,0,0,0.0,0,0,0,True,True,,
train__c36__user5__5-2-2,36,Walk,user5,5-2-2,train,False,False,0,0,0,0,0,0,0,0,0,0,0,0,0,0,0,0.0,0,0,0,True,True,,
train__c36__user5__5-2-3,36,Walk,user5,5-2-3,train,False,False,0,0,0,0,0,0,0,0,0,0,0,0,0,0,0,0.0,0,0,0,True,True,,
train__c36__user5__6-2-1,36,Walk,user5,6-2-1,train,False,False,0,0,0,0,0,0,0,0,0,0,0,0,0,0,0,0.0,0,0,0,True,True,,
train__c36__user5__6-2-2,36,Walk,user5,6-2-2,train,False,False,0,0,0,0,0,0,0,0,0,0,0,0,0,0,0,0.0,0,0,0,True,True,,
train__c36__user5__6-2-3,36,Walk,user5,6-2-3,train,False,False,0,0,0,0,0,0,0,0,0,0,0,0,0,0,0,0.0,0,0,0,True,True,,
train__c36__user5__7-1-1,36,Walk,user5,7-1-1,train,False,False,0,0,0,0,0,0,0,0,0,0,0,0,0,0,0,0.0,0,0,0,True,True,,
train__c36__user5__7-1-2,36,Walk,user5,7-1-2,train,False,False,0,0,0,0,0,0,0,0,0,0,0,0,0,0,0,0.0,0,0,0,True,True,,
train__c36__user5__7-1-3,36,Walk,user5,7-1-3,train,False,False,0,0,0,0,0,0,0,0,0,0,0,0,0,0,0,0.0,0,0,0,True,True,,
train__c36__user5__7-2-1,36,Walk,user5,7-2-1,train,False,False,0,0,0,0,0,0,0,0,0,0,0,0,0,0,0,0.0,0,0,0,True,True,,
train__c36__user5__7-2-2,36,Walk,user5,7-2-2,train,False,False,0,0,0,0,0,0,0,0,0,0,0,0,0,0,0,0.0,0,0,0,True,True,,
train__c36__user5__7-2-3,36,Walk,user5,7-2-3,train,False,False,0,0,0,0,0,0,0,0,0,0,0,0,0,0,0,0.0,0,0,0,True,True,,
train__c36__user6__1-1-1,36,Walk,user6,1-1-1,train,True,True,26,26,0,26,0,0,0,0,0,17,0,17,2,16,1,0.6538461538461539,0,0,26,True,True,0.07386794634598155,0.2010464897954882
train__c36__user6__1-1-2,36,Walk,user6,1-1-2,train,True,True,24,24,0,24,0,0,0,0,0,14,0,14,1,14,0,0.5833333333333334,0,0,24,True,True,0.074566093352934,0.26077503174809735
train__c36__user6__1-1-3,36,Walk,user6,1-1-3,train,True,True,15,15,0,15,0,0,0,0,0,8,0,8,1,8,0,0.5333333333333333,0,0,15,True,True,0.083548801417506,0.24840243574204712
train__c36__user6__2-3-1,36,Walk,user6,2-3-1,train,True,True,10,10,0,10,0,0,0,0,0,0,0,0,0,0,0,0.0,0,0,10,True,True,0.08587903699733546,0.3695890664122329
train__c36__user6__2-3-2,36,Walk,user6,2-3-2,train,True,True,9,9,0,9,0,0,0,0,0,0,0,0,0,0,0,0.0,0,0,9,True,True,0.0938350049444284,0.317423594064278
train__c36__user6__2-3-3,36,Walk,user6,2-3-3,train,True,True,7,7,0,7,0,0,0,0,0,0,0,0,0,0,0,0.0,0,0,7,True,True,0.13914379246951494,0.5017110676256937
train__c36__user6__3-1-1,36,Walk,user6,3-1-1,train,True,True,28,28,0,28,0,0,0,0,0,4,0,4,1,4,0,0.14285714285714285,0,0,28,True,True,0.022542520818467915,0.04887155674523551
train__c36__user6__3-1-2,36,Walk,user6,3-1-2,train,True,True,23,23,0,23,0,0,0,0,0,0,0,0,0,0,0,0.0,0,0,23,True,True,0.02648253138998821,0.07116943985389423
train__c36__user6__3-1-3,36,Walk,user6,3-1-3,train,True,True,13,13,0,13,0,0,0,0,0,0,0,0,0,0,0,0.0,0,0,13,True,True,0.04963900681279006,0.13430015621916236
train__c36__user6__3-3-1,36,Walk,user6,3-3-1,train,True,True,43,43,0,43,0,0,0,0,0,0,0,0,0,0,0,0.0,0,0,43,True,True,0.10667814061576929,0.43448920868868873
train__c36__user6__3-3-2,36,Walk,user6,3-3-2,train,True,True,40,40,0,40,0,0,0,0,0,0,0,0,0,0,0,0.0,0,0,40,True,True,0.09753502655934214,0.38635874610450077
train__c36__user6__3-3-3,36,Walk,user6,3-3-3,train,True,True,26,26,0,26,0,0,0,0,0,0,0,0,0,0,0,0.0,0,0,26,True,True,0.16644107981775488,0.5479318038563795
train__c36__user6__5-2-1,36,Walk,user6,5-2-1,train,True,True,11,11,0,11,0,0,0,0,0,0,0,0,0,0,0,0.0,0,0,11,True,True,0.08288270060180497,0.3680425516305163
train__c36__user6__5-2-2,36,Walk,user6,5-2-2,train,True,True,11,11,0,11,0,0,0,0,0,0,0,0,0,0,0,0.0,0,0,11,True,True,0.10986747608050487,0.4229980352379447
train__c36__user6__5-2-3,36,Walk,user6,5-2-3,train,True,True,6,6,0,6,0,0,0,0,0,0,0,0,0,0,0,0.0,0,0,6,True,True,0.18932299748224843,0.5504381453935203
train__c36__user6__5-3-1,36,Walk,user6,5-3-1,train,True,True,23,23,0,23,0,0,0,0,0,0,0,0,0,0,0,0.0,0,0,23,True,True,0.14576485531942318,0.7100074963484185
train__c36__user6__5-3-2,36,Walk,user6,5-3-2,train,True,True,28,28,0,28,0,0,0,0,0,1,0,1,1,1,1,0.03571428571428571,0,0,28,True,True,0.11079479270050813,0.7082959352428024
train__c36__user6__5-3-3,36,Walk,user6,5-3-3,train,True,True,15,15,0,15,0,0,0,0,0,4,0,4,2,3,1,0.26666666666666666,0,0,15,True,True,0.06851997323403221,0.322518223175002
train__c36__user6__7-3-1,36,Walk,user6,7-3-1,train,True,True,20,20,0,20,0,0,0,0,0,0,0,0,0,0,0,0.0,0,0,20,True,True,0.06427821508180273,0.34207755506396637
train__c36__user6__7-3-2,36,Walk,user6,7-3-2,train,True,True,19,19,0,19,0,0,0,0,0,0,0,0,0,0,0,0.0,0,0,19,True,True,0.21020481673306038,0.8599644936662254
train__c36__user6__7-3-3,36,Walk,user6,7-3-3,train,True,True,12,12,0,12,0,0,0,0,0,0,0,0,0,0,0,0.0,0,0,12,True,True,0.38216580580301296,1.3406762406397557
train__c36__user7__1-2-1,36,Walk,user7,1-2-1,train,True,True,16,16,0,16,0,0,0,0,0,0,0,0,0,0,0,0.0,0,0,16,True,True,0.04317755931050614,0.10691598292838371
train__c36__user7__1-2-2,36,Walk,user7,1-2-2,train,True,True,8,8,0,8,0,0,0,0,0,0,0,0,0,0,0,0.0,0,0,8,True,True,0.0771934468385209,0.16576499300652936
train__c36__user7__1-2-3,36,Walk,user7,1-2-3,train,True,True,17,17,0,17,0,0,0,0,0,0,0,0,0,0,0,0.0,0,0,17,True,True,0.05478065453177594,0.12773823930411765
train__c36__user7__3-2-1,36,Walk,user7,3-2-1,train,True,True,17,17,0,17,0,0,0,0,0,0,0,0,0,0,0,0.0,0,0,17,True,True,0.06575111855225398,0.2527260817872031
train__c36__user7__3-2-2,36,Walk,user7,3-2-2,train,True,True,19,19,0,19,0,0,0,0,0,0,0,0,0,0,0,0.0,0,0,19,True,True,0.09461545550719173,0.3276125595616243
train__c36__user7__3-2-3,36,Walk,user7,3-2-3,train,True,True,7,7,0,7,0,0,0,0,0,0,0,0,0,0,0,0.0,0,0,7,True,True,0.11778182832984177,0.30440438049915286
train__c36__user7__3-3-1,36,Walk,user7,3-3-1,train,True,True,9,9,0,9,0,0,0,0,0,6,0,6,1,6,0,0.6666666666666666,0,0,9,True,True,0.07135983935586492,0.15088772820015195
train__c36__user7__3-3-3,36,Walk,user7,3-3-3,train,True,True,10,10,0,10,0,0,0,0,0,0,0,0,0,0,0,0.0,0,0,10,True,True,0.0784645082906476,0.17662098561907136
train__c36__user7__4-1-1,36,Walk,user7,4-1-1,train,True,True,15,15,0,15,0,0,0,0,0,0,0,0,0,0,0,0.0,0,0,15,True,True,0.07790464643654561,0.21608374988634518
train__c36__user7__4-1-2,36,Walk,user7,4-1-2,train,True,True,12,12,0,12,0,0,0,0,0,0,0,0,0,0,0,0.0,0,0,12,True,True,0.0929841382926,0.26878393471245826
train__c36__user7__4-1-3,36,Walk,user7,4-1-3,train,True,True,7,7,0,7,0,0,0,0,0,0,0,0,0,0,0,0.0,0,0,7,True,True,0.10914291737708424,0.24352461063113423
train__c36__user7__5-2-1,36,Walk,user7,5-2-1,train,True,True,12,12,0,12,0,0,0,0,0,0,0,0,0,0,0,0.0,0,0,12,True,True,0.11886366642762292,0.37279510718327596
train__c36__user7__5-2-2,36,Walk,user7,5-2-2,train,True,True,11,11,0,11,0,0,0,0,0,0,0,0,0,0,0,0.0,0,0,11,True,True,0.1605022165984708,0.5754819545956325
train__c36__user7__5-2-3,36,Walk,user7,5-2-3,train,True,True,6,6,0,6,0,0,0,0,0,0,0,0,0,0,0,0.0,0,0,6,True,True,0.21267514968515755,0.625747670575586
train__c36__user7__5-3-1,36,Walk,user7,5-3-1,train,True,True,17,17,0,17,0,0,0,0,0,0,0,0,0,0,0,0.0,0,0,17,True,True,0.05701672600869433,0.12996204458839394
train__c36__user7__5-3-2,36,Walk,user7,5-3-2,train,True,True,16,16,0,16,0,0,0,0,0,0,0,0,0,0,0,0.0,0,0,16,True,True,0.0697775756642502,0.2536210201856391
train__c36__user7__5-3-3,36,Walk,user7,5-3-3,train,True,True,11,11,0,11,0,0,0,0,0,0,0,0,0,0,0,0.0,0,0,11,True,True,0.07920797411425122,0.18668939290681674
train__c36__user7__6-1-1,36,Walk,user7,6-1-1,train,True,True,12,12,0,12,0,0,0,0,0,0,0,0,0,0,0,0.0,0,0,12,True,True,0.07599162647353964,0.17871897799710432
train__c36__user7__6-1-2,36,Walk,user7,6-1-2,train,True,True,10,10,0,10,0,0,0,0,0,0,0,0,0,0,0,0.0,0,0,10,True,True,0.11007879076901582,0.279650495042372
train__c36__user7__6-1-3,36,Walk,user7,6-1-3,train,True,True,7,7,0,7,0,0,0,0,0,0,0,0,0,0,0,0.0,0,0,7,True,True,0.20255325976096702,0.4371121446948654
train__c36__user7__6-3-1,36,Walk,user7,6-3-1,train,True,True,18,18,0,18,0,0,0,0,0,0,0,0,0,0,0,0.0,0,0,18,True,True,0.05790042989046968,0.13451676495220918
train__c36__user7__6-3-3,36,Walk,user7,6-3-3,train,True,True,9,9,0,9,0,0,0,0,0,0,0,0,0,0,0,0.0,0,0,9,True,True,0.0881842236259649,0.23302525104656463
train__c36__user8__1-2-1,36,Walk,user8,1-2-1,train,True,True,18,18,0,18,0,0,0,0,0,0,0,0,0,0,0,0.0,0,0,18,True,True,0.06179736360420329,0.14060095223882382
train__c36__user8__1-2-2,36,Walk,user8,1-2-2,train,True,True,12,12,0,12,0,0,0,0,0,1,0,1,1,1,1,0.08333333333333333,0,0,12,True,True,0.12613103101913548,0.46874301420442566
train__c36__user8__1-2-3,36,Walk,user8,1-2-3,train,True,True,9,9,0,9,0,0,0,0,0,0,0,0,0,0,0,0.0,0,0,9,True,True,0.06746429018608033,0.14249054912242623
train__c36__user8__2-2-1,36,Walk,user8,2-2-1,train,True,True,9,9,0,9,0,0,0,0,0,0,0,0,0,0,0,0.0,0,0,9,True,True,0.22289147951193902,0.5959851232353008
train__c36__user8__2-2-2,36,Walk,user8,2-2-2,train,True,True,9,9,0,9,0,0,0,0,0,0,0,0,0,0,0,0.0,0,0,9,True,True,0.168870433128775,0.4490752982728922
train__c36__user8__2-2-3,36,Walk,user8,2-2-3,train,True,True,7,7,0,7,0,0,0,0,0,0,0,0,0,0,0,0.0,0,0,7,True,True,0.2934892373603071,0.6237434484195947
train__c36__user8__3-3-1,36,Walk,user8,3-3-1,train,True,True,13,13,0,13,0,0,0,0,0,0,0,0,0,0,0,0.0,0,0,13,True,True,0.06684998336986939,0.15994394543085294
train__c36__user8__3-3-2,36,Walk,user8,3-3-2,train,True,True,5,5,0,5,0,0,0,0,0,0,0,0,0,0,0,0.0,0,0,5,True,True,0.2188994525359993,0.594042775921211
train__c36__user8__3-3-3,36,Walk,user8,3-3-3,train,True,True,10,10,0,10,0,0,0,0,0,0,0,0,0,0,0,0.0,0,0,10,True,True,0.09017612321157756,0.1850177931385388
train__c36__user8__4-2-1,36,Walk,user8,4-2-1,train,True,True,15,15,0,15,0,0,0,0,0,0,0,0,0,0,0,0.0,0,0,15,True,True,0.15422781001670552,0.5263956548378761
train__c36__user8__4-2-2,36,Walk,user8,4-2-2,train,True,True,9,9,0,9,0,0,0,0,0,0,0,0,0,0,0,0.0,0,0,9,True,True,0.20526430819341843,0.5492459705463193
train__c36__user8__4-2-3,36,Walk,user8,4-2-3,train,True,True,14,14,0,14,0,0,0,0,0,0,0,0,0,0,0,0.0,0,0,14,True,True,0.15032451253226886,0.5370619321127209
train__c36__user8__6-2-1,36,Walk,user8,6-2-1,train,True,True,15,15,0,15,0,0,0,0,0,2,0,2,2,1,2,0.13333333333333333,0,0,15,True,True,0.06608129453126348,0.1447103354142073
train__c36__user8__6-2-2,36,Walk,user8,6-2-2,train,True,True,20,20,0,20,0,0,0,0,0,0,0,0,0,0,0,0.0,0,0,20,True,True,0.07147184076707971,0.22000467320644754
train__c36__user9__1-2-1,36,Walk,user9,1-2-1,train,True,True,13,13,0,13,0,0,0,0,0,0,0,0,0,0,0,0.0,0,0,13,True,True,0.05986987940800171,0.16319941292095524
train__c36__user9__1-2-2,36,Walk,user9,1-2-2,train,True,True,7,7,0,7,0,0,0,0,0,0,0,0,0,0,0,0.0,0,0,7,True,True,0.06362274733035854,0.13980628607411935
train__c36__user9__1-2-3,36,Walk,user9,1-2-3,train,True,True,9,9,0,9,0,0,0,0,0,0,0,0,0,0,0,0.0,0,0,9,True,True,0.07275593676963889,0.1351228250394212
train__c36__user9__2-2-1,36,Walk,user9,2-2-1,train,True,True,8,8,0,8,0,0,0,0,0,0,0,0,0,0,0,0.0,0,0,8,True,True,0.067103911954063,0.1641979187003856
train__c36__user9__2-2-2,36,Walk,user9,2-2-2,train,True,True,9,9,0,9,0,0,0,0,0,0,0,0,0,0,0,0.0,0,0,9,True,True,0.06688012029398167,0.1837604675005563
train__c36__user9__2-2-3,36,Walk,user9,2-2-3,train,True,True,6,6,0,6,0,0,0,0,0,0,0,0,0,0,0,0.0,0,0,6,True,True,0.08573673947137912,0.1552925167440763
train__c36__user9__2-3-1,36,Walk,user9,2-3-1,train,True,True,9,9,0,9,0,0,0,0,0,0,0,0,0,0,0,0.0,0,0,9,True,True,0.16011462009256666,0.5120934102307805
train__c36__user9__2-3-2,36,Walk,user9,2-3-2,train,True,True,6,6,0,6,0,0,0,0,0,0,0,0,0,0,0,0.0,0,0,6,True,True,0.19635122653485476,0.8106712460885179
train__c36__user9__2-3-3,36,Walk,user9,2-3-3,train,True,True,5,5,0,5,0,0,0,0,0,0,0,0,0,0,0,0.0,0,0,5,True,True,0.18059161135181062,0.622946727099183
train__c36__user9__3-2-1,36,Walk,user9,3-2-1,train,True,True,8,8,0,8,0,0,0,0,0,0,0,0,0,0,0,0.0,0,0,8,True,True,0.1467097430689071,0.48498161149567853
train__c36__user9__3-2-2,36,Walk,user9,3-2-2,train,True,True,7,7,0,7,0,0,0,0,0,0,0,0,0,0,0,0.0,0,0,7,True,True,0.12189810692093186,0.43720613790488305
train__c36__user9__3-2-3,36,Walk,user9,3-2-3,train,True,True,6,6,0,6,0,0,0,0,0,0,0,0,0,0,0,0.0,0,0,6,True,True,0.19761169538369275,0.649198662846533
train__c36__user9__3-3-1,36,Walk,user9,3-3-1,train,True,True,23,23,0,23,0,0,0,0,0,0,0,0,0,0,0,0.0,0,0,23,True,True,0.048350027400466136,0.13904360855447104
train__c36__user9__3-3-2,36,Walk,user9,3-3-2,train,True,True,23,23,0,23,0,0,0,0,0,0,0,0,0,0,0,0.0,0,0,23,True,True,0.05741354410054075,0.16175440142706424
train__c36__user9__3-3-3,36,Walk,user9,3-3-3,train,True,True,16,16,0,16,0,0,0,0,0,0,0,0,0,0,0,0.0,0,0,16,True,True,0.06426092769739791,0.14993438503186765
train__c36__user9__4-2-1,36,Walk,user9,4-2-1,train,True,True,14,14,0,14,0,0,0,0,0,0,0,0,0,0,0,0.0,0,0,14,True,True,0.05436076645428018,0.14476091126358523
train__c36__user9__4-2-2,36,Walk,user9,4-2-2,train,True,True,15,15,0,15,0,0,0,0,0,0,0,0,0,0,0,0.0,0,0,15,True,True,0.05636805236860303,0.12453832694566912
train__c36__user9__4-2-3,36,Walk,user9,4-2-3,train,True,True,8,8,0,8,0,0,0,0,0,0,0,0,0,0,0,0.0,0,0,8,True,True,0.09704993021490946,0.2505211470871121
train__c36__user9__4-3-1,36,Walk,user9,4-3-1,train,True,True,8,8,0,8,0,0,0,0,0,0,0,0,0,0,0,0.0,0,0,8,True,True,0.05346234137679247,0.11163942633291409
train__c36__user9__4-3-2,36,Walk,user9,4-3-2,train,True,True,10,10,0,10,0,0,0,0,0,0,0,0,0,0,0,0.0,0,0,10,True,True,0.06617636421551237,0.12738175158338572
train__c36__user9__4-3-3,36,Walk,user9,4-3-3,train,True,True,5,5,0,5,0,0,0,0,0,0,0,0,0,0,0,0.0,0,0,5,True,True,0.08218581764918123,0.1582836028000465
train__c36__user9__5-3-1,36,Walk,user9,5-3-1,train,True,True,5,5,0,5,0,0,0,0,0,0,0,0,0,0,0,0.0,0,0,5,True,True,0.06153988904927148,0.13944901209874108
train__c36__user9__5-3-2,36,Walk,user9,5-3-2,train,True,True,5,5,0,5,0,0,0,0,0,0,0,0,0,0,0,0.0,0,0,5,True,True,0.06159496932517022,0.12716473036203282
train__c36__user9__5-3-3,36,Walk,user9,5-3-3,train,True,True,8,8,0,8,0,0,0,0,0,0,0,0,0,0,0,0.0,0,0,8,True,True,0.058998598835539956,0.11767006895695141
train__c36__user9__7-2-1,36,Walk,user9,7-2-1,train,True,True,7,7,0,7,0,0,0,0,0,0,0,0,0,0,0,0.0,0,0,7,True,True,0.1189585145190792,0.43587079050842753
train__c36__user9__7-2-2,36,Walk,user9,7-2-2,train,True,True,5,5,0,5,0,0,0,0,0,0,0,0,0,0,0,0.0,0,0,5,True,True,0.1746940363829188,0.5491027865351377
train__c36__user9__7-2-3,36,Walk,user9,7-2-3,train,True,True,5,5,0,5,0,0,0,0,0,0,0,0,0,0,0,0.0,0,0,5,True,True,0.0973722042066919,0.32020682303733683
train__c36__user16__1-1-1,36,Walk,user16,1-1-1,train,True,True,43,43,0,43,0,0,0,0,0,0,0,0,0,0,0,0.0,0,0,43,True,True,0.021921876360703533,0.08030239000718564
train__c36__user16__1-1-2,36,Walk,user16,1-1-2,train,True,True,12,12,0,12,0,0,0,0,0,0,0,0,0,0,0,0.0,0,0,12,True,True,0.048374412037479615,0.1314012236661392
train__c36__user16__1-1-3,36,Walk,user16,1-1-3,train,True,True,11,11,0,11,0,0,0,0,0,0,0,0,0,0,0,0.0,0,0,11,True,True,0.046663650969555284,0.11349292761866929
train__c36__user16__2-3-1,36,Walk,user16,2-3-1,train,True,True,28,28,0,28,0,0,0,0,0,0,0,0,0,0,0,0.0,0,0,28,True,True,0.11900206977201984,0.5442601795099606
train__c36__user16__2-3-2,36,Walk,user16,2-3-2,train,True,True,23,23,0,23,0,0,0,0,0,0,0,0,0,0,0,0.0,0,0,23,True,True,0.16810047446230444,0.8944970977363894
train__c36__user16__2-3-3,36,Walk,user16,2-3-3,train,True,True,15,15,0,15,0,0,0,0,0,0,0,0,0,0,0,0.0,0,0,15,True,True,0.12872283277876526,0.5319059479020036
train__c36__user16__3-1-1,36,Walk,user16,3-1-1,train,True,True,5,5,0,5,0,0,0,0,0,0,0,0,0,0,0,0.0,0,0,5,True,True,0.0123945985262967,0.023241751934859542
train__c36__user16__3-1-2,36,Walk,user16,3-1-2,train,True,True,10,10,0,10,0,0,0,0,0,0,0,0,0,0,0,0.0,0,0,10,True,True,0.01977309813626264,0.04414783250548715
train__c36__user16__3-1-3,36,Walk,user16,3-1-3,train,True,True,8,8,0,8,0,0,0,0,0,0,0,0,0,0,0,0.0,0,0,8,True,True,0.03101448374650281,0.07403330487744501
train__c36__user16__3-3-1,36,Walk,user16,3-3-1,train,True,True,18,18,0,18,0,0,0,0,0,0,0,0,0,0,0,0.0,0,0,18,True,True,0.02460362070155137,0.06591704390679448
train__c36__user16__3-3-2,36,Walk,user16,3-3-2,train,True,True,18,18,0,18,0,0,0,0,0,0,0,0,0,0,0,0.0,0,0,18,True,True,0.040750284278340036,0.09994344220924477
train__c36__user16__3-3-3,36,Walk,user16,3-3-3,train,True,True,11,11,0,11,0,0,0,0,0,0,0,0,0,0,0,0.0,0,0,11,True,True,0.02986107736227563,0.0756129847915851
train__c36__user16__5-2-1,36,Walk,user16,5-2-1,train,True,True,21,21,0,21,0,0,0,0,0,0,0,0,0,0,0,0.0,0,0,21,True,True,0.1382439749769753,0.7166010421082519
train__c36__user16__5-2-2,36,Walk,user16,5-2-2,train,True,True,21,21,0,21,0,0,0,0,0,0,0,0,0,0,0,0.0,0,0,21,True,True,0.13050028647048645,0.603036963174984
train__c36__user16__5-2-3,36,Walk,user16,5-2-3,train,True,True,17,17,0,17,0,0,0,0,0,0,0,0,0,0,0,0.0,0,0,17,True,True,0.21275767722619512,0.9629912573521785
train__c36__user16__5-3-1,36,Walk,user16,5-3-1,train,True,True,48,48,0,48,0,0,97,0,0,0,0,0,0,0,0,0.0,0,0,48,True,True,0.03800335198688552,0.10342777907595814
train__c36__user16__5-3-2,36,Walk,user16,5-3-2,train,True,True,50,50,0,50,0,0,54,0,0,0,0,0,0,0,0,0.0,0,0,50,True,True,0.03922728438530125,0.10351022159922378
train__c36__user16__5-3-3,36,Walk,user16,5-3-3,train,True,True,32,32,0,32,0,0,35,0,0,0,0,0,0,0,0,0.0,0,0,32,True,True,0.05970014455567885,0.14457135742314475
train__c36__user16__7-3-1,36,Walk,user16,7-3-1,train,True,True,38,38,0,38,0,0,0,0,0,0,0,0,0,0,0,0.0,0,0,38,True,True,0.04305797342494926,0.11380453664152268
train__c36__user16__7-3-2,36,Walk,user16,7-3-2,train,True,True,32,32,0,32,0,0,0,0,0,0,0,0,0,0,0,0.0,0,0,32,True,True,0.057735043802983096,0.1916620729881389
train__c36__user16__7-3-3,36,Walk,user16,7-3-3,train,True,True,18,18,0,18,0,0,0,0,0,0,0,0,0,0,0,0.0,0,0,18,True,True,0.057561231938452535,0.13944941776296568
train__c36__user17__1-2-1,36,Walk,user17,1-2-1,validation,True,True,37,37,0,37,0,0,0,0,0,0,0,0,0,0,0,0.0,0,0,37,True,True,0.05139998315829165,0.14694602978570023
train__c36__user17__1-2-2,36,Walk,user17,1-2-2,validation,True,True,24,24,0,24,0,0,0,0,0,0,0,0,0,0,0,0.0,0,0,24,True,True,0.07531987949921705,0.18550392424258733
train__c36__user17__1-2-3,36,Walk,user17,1-2-3,validation,True,True,27,27,0,27,0,0,0,0,0,0,0,0,0,0,0,0.0,0,0,27,True,True,0.06350618525197801,0.15817808178434947
train__c36__user17__3-2-1,36,Walk,user17,3-2-1,validation,True,True,20,20,0,20,0,0,0,0,0,0,0,0,0,0,0,0.0,0,0,20,True,True,0.16645198199801836,0.8406545553274162
train__c36__user17__3-2-2,36,Walk,user17,3-2-2,validation,True,True,14,14,0,14,0,0,0,0,0,0,0,0,0,0,0,0.0,0,0,14,True,True,0.16257624493821038,0.4789349553332623
train__c36__user17__3-2-3,36,Walk,user17,3-2-3,validation,True,True,12,12,0,12,0,0,0,0,0,0,0,0,0,0,0,0.0,0,0,12,True,True,0.224511293624455,0.8762739833553419
train__c36__user17__3-3-1,36,Walk,user17,3-3-1,validation,True,True,21,21,0,21,0,0,0,0,0,0,0,0,0,0,0,0.0,0,0,21,True,True,0.07091437802739409,0.3050722233003023
train__c36__user17__3-3-2,36,Walk,user17,3-3-2,validation,True,True,19,19,0,19,0,0,0,0,0,0,0,0,0,0,0,0.0,0,0,19,True,True,0.04576629725050632,0.10257847419985791
train__c36__user17__3-3-3,36,Walk,user17,3-3-3,validation,True,True,9,9,0,9,0,0,0,0,0,0,0,0,0,0,0,0.0,0,0,9,True,True,0.08710998030219164,0.2816129386111238
train__c36__user17__4-1-1,36,Walk,user17,4-1-1,validation,True,True,21,21,0,21,0,0,0,0,0,0,0,0,0,0,0,0.0,0,0,21,True,True,0.05160254239930669,0.14780805276124728
train__c36__user17__4-1-2,36,Walk,user17,4-1-2,validation,True,True,24,24,0,24,0,0,0,0,0,0,0,0,0,0,0,0.0,0,0,24,True,True,0.04914367827352651,0.14301496948234946
train__c36__user17__4-1-3,36,Walk,user17,4-1-3,validation,True,True,14,14,0,14,0,0,0,0,0,0,0,0,0,0,0,0.0,0,0,14,True,True,0.05665337632926395,0.12957194546558679
train__c36__user17__5-2-1,36,Walk,user17,5-2-1,validation,True,True,20,20,0,20,0,0,0,0,0,0,0,0,0,0,0,0.0,0,0,20,True,True,0.15124525425344845,0.8056969776046372
train__c36__user17__5-2-2,36,Walk,user17,5-2-2,validation,True,True,15,15,0,15,0,0,0,0,0,0,0,0,0,0,0,0.0,0,0,15,True,True,0.17140656617135763,0.6546934064876142
train__c36__user17__5-2-3,36,Walk,user17,5-2-3,validation,True,True,13,13,0,13,0,0,0,0,0,0,0,0,0,0,0,0.0,0,0,13,True,True,0.2017864062418338,0.6590806371832987
train__c36__user17__6-1-1,36,Walk,user17,6-1-1,validation,True,True,27,27,0,27,0,0,0,0,0,0,0,0,0,0,0,0.0,0,0,27,True,True,0.04465152687936791,0.13537550094546486
train__c36__user17__6-1-2,36,Walk,user17,6-1-2,validation,True,True,14,14,0,14,0,0,0,0,0,0,0,0,0,0,0,0.0,0,0,14,True,True,0.04487406637006295,0.10305996821379033
train__c36__user17__6-1-3,36,Walk,user17,6-1-3,validation,True,True,11,11,0,11,0,0,0,0,0,0,0,0,0,0,0,0.0,0,0,11,True,True,0.051366528076278006,0.0967147572687917
train__c36__user18__1-2-1,36,Walk,user18,1-2-1,train,True,True,26,26,0,26,0,0,0,0,0,0,0,0,0,0,0,0.0,0,0,26,True,True,0.037592580594292185,0.09789462128891914
train__c36__user18__1-2-2,36,Walk,user18,1-2-2,train,True,True,16,16,0,16,0,0,0,0,0,0,0,0,0,0,0,0.0,0,0,16,True,True,0.058795690649788394,0.14776016418352594
train__c36__user18__1-2-3,36,Walk,user18,1-2-3,train,True,True,28,28,0,28,0,0,0,0,0,0,0,0,0,0,0,0.0,0,0,28,True,True,0.04127926459475579,0.10169361974295893
train__c36__user18__2-2-1,36,Walk,user18,2-2-1,train,True,True,25,25,0,25,0,0,0,0,0,0,0,0,0,0,0,0.0,0,0,25,True,True,0.1074901810501136,0.48220823220269454
train__c36__user18__2-2-2,36,Walk,user18,2-2-2,train,True,True,21,21,0,21,0,0,0,0,0,0,0,0,0,0,0,0.0,0,0,21,True,True,0.16008424543379388,0.9775324479742992
train__c36__user18__2-2-3,36,Walk,user18,2-2-3,train,True,True,15,15,0,15,0,0,0,0,0,0,0,0,0,0,0,0.0,0,0,15,True,True,0.17847367725963748,0.7174388901985963
train__c36__user18__3-3-1,36,Walk,user18,3-3-1,train,True,True,25,25,0,25,0,0,0,0,0,0,0,0,0,0,0,0.0,0,0,25,True,True,0.04110891227849216,0.10255628658427372
train__c36__user18__3-3-2,36,Walk,user18,3-3-2,train,True,True,18,18,0,18,0,0,0,0,0,0,0,0,0,0,0,0.0,0,0,18,True,True,0.05576920002005432,0.14859169256134763
train__c36__user18__3-3-3,36,Walk,user18,3-3-3,train,True,True,25,25,0,25,0,0,0,0,0,0,0,0,0,0,0,0.0,0,0,25,True,True,0.04517501315021581,0.11101579348548912
train__c36__user18__4-2-1,36,Walk,user18,4-2-1,train,True,True,24,24,0,24,0,0,0,0,0,0,0,0,0,0,0,0.0,0,0,24,True,True,0.09513882546319817,0.44247476000350217
train__c36__user18__4-2-2,36,Walk,user18,4-2-2,train,True,True,20,20,0,20,0,0,0,0,0,0,0,0,0,0,0,0.0,0,0,20,True,True,0.1022353618208248,0.4159804691631728
train__c36__user18__4-2-3,36,Walk,user18,4-2-3,train,True,True,24,24,0,24,0,0,0,0,0,0,0,0,0,0,0,0.0,0,0,24,True,True,0.09042481679418712,0.4446005741522706
train__c36__user18__6-2-1,36,Walk,user18,6-2-1,train,True,True,22,22,0,22,0,0,0,0,0,1,0,1,1,1,1,0.045454545454545456,0,0,22,True,True,0.04826418557226493,0.12521494662374075
train__c36__user18__6-2-2,36,Walk,user18,6-2-2,train,True,True,15,15,0,15,0,0,0,0,0,0,0,0,0,0,0,0.0,0,0,15,True,True,0.059435015716796165,0.14837757637241847
train__c36__user18__6-2-3,36,Walk,user18,6-2-3,train,True,True,16,16,0,16,0,0,0,0,0,0,0,0,0,0,0,0.0,0,0,16,True,True,0.04490411450587198,0.0954346645799293
train__c36__user19__1-2-1,36,Walk,user19,1-2-1,train,True,True,14,14,0,14,0,0,0,0,0,11,0,11,2,7,0,0.7857142857142857,0,0,14,True,True,0.040401442606154685,0.10231713808179443
train__c36__user19__1-2-2,36,Walk,user19,1-2-2,train,True,True,6,6,0,6,0,0,0,0,0,6,0,6,1,6,0,1.0,0,0,6,True,True,0.07248552221473427,0.1555494565912534
train__c36__user19__1-2-3,36,Walk,user19,1-2-3,train,True,True,10,10,0,10,0,0,0,0,0,0,0,0,0,0,0,0.0,0,0,10,True,True,0.05205640898272674,0.09160150594378223
train__c36__user19__2-2-1,36,Walk,user19,2-2-1,train,True,True,23,23,0,23,0,0,0,0,0,0,0,0,0,0,0,0.0,0,0,23,True,True,0.02484910294643893,0.0744534854385174
train__c36__user19__2-2-2,36,Walk,user19,2-2-2,train,True,True,13,13,0,13,0,0,0,0,0,0,0,0,0,0,0,0.0,0,0,13,True,True,0.045555823080018654,0.11507315871708006
train__c36__user19__2-2-3,36,Walk,user19,2-2-3,train,True,True,12,12,0,12,0,0,0,0,0,0,0,0,0,0,0,0.0,0,0,12,True,True,0.06141761560335066,0.14151042963190483
train__c36__user19__2-3-1,36,Walk,user19,2-3-1,train,True,True,16,16,0,16,0,0,0,0,0,0,0,0,0,0,0,0.0,0,0,16,True,True,0.11750884289954082,0.5600907913942662
train__c36__user19__2-3-2,36,Walk,user19,2-3-2,train,True,True,15,15,0,15,0,0,0,0,0,0,0,0,0,0,0,0.0,0,0,15,True,True,0.07660052690127785,0.2515740523639195
train__c36__user19__2-3-3,36,Walk,user19,2-3-3,train,True,True,10,10,0,10,0,0,0,0,0,0,0,0,0,0,0,0.0,0,0,10,True,True,0.09068215938881197,0.2792846952173064
train__c36__user19__3-2-1,36,Walk,user19,3-2-1,train,True,True,18,18,0,18,0,0,0,0,0,0,0,0,0,0,0,0.0,0,0,18,True,True,0.06193948419263283,0.20100288691959814
train__c36__user19__3-2-2,36,Walk,user19,3-2-2,train,True,True,14,14,0,14,0,0,0,0,0,0,0,0,0,0,0,0.0,0,0,14,True,True,0.09845667912226161,0.3495064893286021
train__c36__user19__3-2-3,36,Walk,user19,3-2-3,train,True,True,8,8,0,8,0,0,0,0,0,0,0,0,0,0,0,0.0,0,0,8,True,True,0.06254118201776558,0.15451334270488093
train__c36__user19__3-3-1,36,Walk,user19,3-3-1,train,True,True,7,7,0,7,0,0,0,0,0,0,0,0,0,0,0,0.0,0,0,7,True,True,0.06351266045421552,0.15150468377190646
train__c36__user19__3-3-2,36,Walk,user19,3-3-2,train,True,True,5,5,0,5,0,0,0,0,0,0,0,0,0,0,0,0.0,0,0,5,True,True,0.10305273889919146,0.2358668521053336
train__c36__user19__4-2-1,36,Walk,user19,4-2-1,train,True,True,17,17,0,17,0,0,0,0,0,0,0,0,0,0,0,0.0,0,0,17,True,True,0.049237959242227035,0.12415248767362319
train__c36__user19__4-2-2,36,Walk,user19,4-2-2,train,True,True,10,10,0,10,0,0,0,0,0,0,0,0,0,0,0,0.0,0,0,10,True,True,0.06065764587009857,0.12230720506515717
train__c36__user19__4-2-3,36,Walk,user19,4-2-3,train,True,True,7,7,0,7,0,0,0,0,0,0,0,0,0,0,0,0.0,0,0,7,True,True,0.07550704212514109,0.19963518042881342
train__c36__user19__4-3-1,36,Walk,user19,4-3-1,train,True,True,12,12,0,12,0,0,0,0,0,0,0,0,0,0,0,0.0,0,0,12,True,True,0.05011726908464781,0.10964659374082694
train__c36__user19__4-3-2,36,Walk,user19,4-3-2,train,True,True,9,9,0,9,0,0,0,0,0,0,0,0,0,0,0,0.0,0,0,9,True,True,0.059107928121642395,0.11087617852522003
train__c36__user19__4-3-3,36,Walk,user19,4-3-3,train,True,True,7,7,0,7,0,0,0,0,0,0,0,0,0,0,0,0.0,0,0,7,True,True,0.06710415464264853,0.15018784220748352
train__c36__user19__5-3-1,36,Walk,user19,5-3-1,train,True,True,13,13,0,13,0,0,0,0,0,0,0,0,0,0,0,0.0,0,0,13,True,True,0.039790560368102815,0.09938066777376735
train__c36__user19__5-3-2,36,Walk,user19,5-3-2,train,True,True,17,17,0,17,0,0,0,0,0,0,0,0,0,0,0,0.0,0,0,17,True,True,0.030591628231446878,0.08245227545703043
train__c36__user19__5-3-3,36,Walk,user19,5-3-3,train,True,True,9,9,0,9,0,0,0,0,0,0,0,0,0,0,0,0.0,0,0,9,True,True,0.03822238824683406,0.07699459580075926
train__c36__user19__7-2-1,36,Walk,user19,7-2-1,train,True,True,17,17,0,17,0,0,0,0,0,0,0,0,0,0,0,0.0,0,0,17,True,True,0.2624032577083486,1.125083379591224
train__c36__user19__7-2-2,36,Walk,user19,7-2-2,train,True,True,14,14,0,14,0,0,0,0,0,0,0,0,0,0,0,0.0,0,0,14,True,True,0.15723584404626778,0.7278400838262878
train__c36__user19__7-2-3,36,Walk,user19,7-2-3,train,True,True,16,16,0,16,0,0,0,0,0,0,0,0,0,0,0,0.0,0,0,16,True,True,0.18030056667028177,0.7124314415433304
train__c36__user20__2-2-1,36,Walk,user20,2-2-1,train,True,True,23,23,0,23,0,0,0,0,0,0,0,0,0,0,0,0.0,0,0,23,True,True,0.059041792715370814,0.2126589176010147
train__c36__user20__2-2-2,36,Walk,user20,2-2-2,train,True,True,19,19,0,19,0,0,0,0,0,0,0,0,0,0,0,0.0,0,0,19,True,True,0.12626871831934883,0.8072271394763714
train__c36__user20__2-2-3,36,Walk,user20,2-2-3,train,True,True,13,13,0,13,0,0,0,0,0,1,0,1,1,1,1,0.07692307692307693,0,0,13,True,True,0.1779314089080804,0.7502572261677667
train__c36__user20__4-2-1,36,Walk,user20,4-2-1,train,True,True,16,16,0,16,0,0,0,0,0,0,0,0,0,0,0,0.0,0,0,16,True,True,0.07864735453382961,0.32132080065115937
train__c36__user20__4-2-2,36,Walk,user20,4-2-2,train,True,True,19,19,0,19,0,0,0,0,0,0,0,0,0,0,0,0.0,0,0,19,True,True,0.0888409910741027,0.32721607634173666
train__c36__user20__4-2-3,36,Walk,user20,4-2-3,train,True,True,29,29,0,29,0,0,0,0,0,0,0,0,0,0,0,0.0,0,0,29,True,True,0.11672523016181882,0.5179289290486435
train__c36__user20__7-2-1,36,Walk,user20,7-2-1,train,True,True,33,33,0,33,0,0,0,0,0,0,0,0,0,0,0,0.0,0,0,33,True,True,0.06860893073062493,0.3223157004970893
train__c36__user20__7-2-2,36,Walk,user20,7-2-2,train,True,True,30,30,0,30,0,0,0,0,0,0,0,0,0,0,0,0.0,0,0,30,True,True,0.11196204913434527,0.3931722892154506
train__c36__user20__7-2-3,36,Walk,user20,7-2-3,train,True,True,22,22,0,22,0,0,0,0,0,0,0,0,0,0,0,0.0,0,0,22,True,True,0.11584690319202585,0.416930601621915
train__c36__user21__1-1-1,36,Walk,user21,1-1-1,train,True,True,12,12,0,12,0,0,0,0,0,0,0,0,0,0,0,0.0,0,0,12,True,True,0.03931477133502311,0.08796698856308033
train__c36__user21__1-1-2,36,Walk,user21,1-1-2,train,True,True,11,11,0,11,0,0,0,0,0,0,0,0,0,0,0,0.0,0,0,11,True,True,0.050177888589493874,0.11325206953807093
train__c36__user21__1-1-3,36,Walk,user21,1-1-3,train,True,True,7,7,0,7,0,0,0,0,0,0,0,0,0,0,0,0.0,0,0,7,True,True,0.05854829431312195,0.15516531613379705
train__c36__user21__1-2-1,36,Walk,user21,1-2-1,train,True,True,26,26,0,26,0,0,0,0,0,0,0,0,0,0,0,0.0,0,0,26,True,True,0.03628672330674315,0.08864600607022513
train__c36__user21__1-2-2,36,Walk,user21,1-2-2,train,True,True,13,13,0,13,0,0,0,0,0,0,0,0,0,0,0,0.0,0,0,13,True,True,0.06271644164403796,0.1619563870777022
train__c36__user21__1-2-3,36,Walk,user21,1-2-3,train,True,True,18,18,0,18,0,0,0,0,0,0,0,0,0,0,0,0.0,0,0,18,True,True,0.05327802244173485,0.12426635377676169
train__c36__user21__2-2-1,36,Walk,user21,2-2-1,train,True,True,19,19,0,19,0,0,0,0,0,0,0,0,0,0,0,0.0,0,0,19,True,True,0.047140647692941025,0.1093634913541561
train__c36__user21__2-2-2,36,Walk,user21,2-2-2,train,True,True,37,37,0,37,0,0,0,0,0,0,0,0,0,0,0,0.0,0,0,37,True,True,0.03678814399370378,0.09588757533265628
train__c36__user21__2-2-3,36,Walk,user21,2-2-3,train,True,True,10,10,0,10,0,0,0,0,0,0,0,0,0,0,0,0.0,0,0,10,True,True,0.08135113966075931,0.1745209542927864
train__c36__user21__3-2-1,36,Walk,user21,3-2-1,train,True,True,22,22,0,22,0,0,0,0,0,0,0,0,0,0,0,0.0,0,0,22,True,True,0.04369541945891873,0.10224623614523322
train__c36__user21__3-2-2,36,Walk,user21,3-2-2,train,True,True,22,22,0,22,0,0,0,0,0,0,0,0,0,0,0,0.0,0,0,22,True,True,0.05287856030029751,0.13225711155295788
train__c36__user21__3-2-3,36,Walk,user21,3-2-3,train,True,True,11,11,0,11,0,0,0,0,0,0,0,0,0,0,0,0.0,0,0,11,True,True,0.0653207440065771,0.1537232640724586
train__c36__user21__4-1-1,36,Walk,user21,4-1-1,train,True,True,21,21,0,21,0,0,0,0,0,0,0,0,0,0,0,0.0,0,0,21,True,True,0.04616259952951193,0.1229642721143859
train__c36__user21__4-1-2,36,Walk,user21,4-1-2,train,True,True,15,15,0,15,0,0,0,0,0,0,0,0,0,0,0,0.0,0,0,15,True,True,0.05481770993914816,0.1441037860240033
train__c36__user21__4-1-3,36,Walk,user21,4-1-3,train,True,True,16,16,0,16,0,0,0,0,0,0,0,0,0,0,0,0.0,0,0,16,True,True,0.0502442643669522,0.11510526024672624
train__c36__user21__5-1-1,36,Walk,user21,5-1-1,train,True,True,6,6,0,6,0,0,0,0,0,0,0,0,0,0,0,0.0,0,0,6,True,True,0.04424023883028976,0.10310691731288603
train__c36__user21__5-1-2,36,Walk,user21,5-1-2,train,True,True,10,10,0,10,0,0,0,0,0,0,0,0,0,0,0,0.0,0,0,10,True,True,0.03803799540771114,0.07723341549210554
train__c36__user21__5-1-3,36,Walk,user21,5-1-3,train,True,True,5,5,0,5,0,0,0,0,0,0,0,0,0,0,0,0.0,0,0,5,True,True,0.0728156538936439,0.161048905896618
train__c36__user21__5-2-1,36,Walk,user21,5-2-1,train,True,True,18,18,0,18,0,0,0,0,0,0,0,0,0,0,0,0.0,0,0,18,True,True,0.056107278751761906,0.13271736368648357
train__c36__user21__5-2-2,36,Walk,user21,5-2-2,train,True,True,23,23,0,23,0,0,0,0,0,0,0,0,0,0,0,0.0,0,0,23,True,True,0.048651020062330255,0.1247899286091558
train__c36__user21__5-2-3,36,Walk,user21,5-2-3,train,True,True,16,16,0,16,0,0,0,0,0,0,0,0,0,0,0,0.0,0,0,16,True,True,0.07193199039974604,0.20999143264615122
train__c36__user21__6-2-1,36,Walk,user21,6-2-1,train,True,True,30,30,0,30,0,0,0,0,0,0,0,0,0,0,0,0.0,0,0,30,True,True,0.042765066838945265,0.10927140611649545
train__c36__user21__6-2-2,36,Walk,user21,6-2-2,train,True,True,28,28,0,28,0,0,0,0,0,0,0,0,0,0,0,0.0,0,0,28,True,True,0.04081089798747295,0.08827292688592162
train__c36__user21__6-2-3,36,Walk,user21,6-2-3,train,True,True,13,13,0,13,0,0,0,0,0,0,0,0,0,0,0,0.0,0,0,13,True,True,0.08093960762061587,0.22093083468154762
train__c36__user22__1-2-1,36,Walk,user22,1-2-1,train,True,True,13,13,0,13,0,0,0,0,0,0,0,0,0,0,0,0.0,0,0,13,True,True,0.03658923366260268,0.08866328107703131
train__c36__user22__1-2-2,36,Walk,user22,1-2-2,train,True,True,8,8,0,8,0,0,0,0,0,0,0,0,0,0,0,0.0,0,0,8,True,True,0.02972107079546048,0.06836438260675361
train__c36__user22__1-2-3,36,Walk,user22,1-2-3,train,True,True,6,6,0,6,0,0,0,0,0,0,0,0,0,0,0,0.0,0,0,6,True,True,0.0662929814494444,0.10889888533445913
train__c36__user22__2-1-1,36,Walk,user22,2-1-1,train,True,True,17,17,0,17,0,0,0,0,0,0,0,0,0,0,0,0.0,0,0,17,True,True,0.03493091209956767,0.1011677915561615
train__c36__user22__2-1-2,36,Walk,user22,2-1-2,train,True,True,11,11,0,11,0,0,0,0,0,0,0,0,0,0,0,0.0,0,0,11,True,True,0.0387067783806848,0.09201173426855241
train__c36__user22__2-1-3,36,Walk,user22,2-1-3,train,True,True,9,9,0,9,0,0,0,0,0,0,0,0,0,0,0,0.0,0,0,9,True,True,0.04717895629046461,0.1106019999918136
train__c36__user22__2-2-1,36,Walk,user22,2-2-1,train,True,True,11,11,0,11,0,0,0,0,0,0,0,0,0,0,0,0.0,0,0,11,True,True,0.028912994856466246,0.05921573938720727
train__c36__user22__2-2-2,36,Walk,user22,2-2-2,train,True,True,9,9,0,9,0,0,0,0,0,0,0,0,0,0,0,0.0,0,0,9,True,True,0.04749430164518307,0.11570812430577473
train__c36__user22__2-2-3,36,Walk,user22,2-2-3,train,True,True,6,6,0,6,0,0,0,0,0,0,0,0,0,0,0,0.0,0,0,6,True,True,0.05739502501782464,0.18115616232981993
train__c36__user22__3-1-1,36,Walk,user22,3-1-1,train,True,True,13,13,0,13,0,0,0,0,0,0,0,0,0,0,0,0.0,0,0,13,True,True,0.043815543565628993,0.12026605015699811
train__c36__user22__3-1-2,36,Walk,user22,3-1-2,train,True,True,15,15,0,15,0,0,0,0,0,0,0,0,0,0,0,0.0,0,0,15,True,True,0.0308795587799747,0.06602157607293996
train__c36__user22__3-2-1,36,Walk,user22,3-2-1,train,True,True,12,12,0,12,0,0,0,0,0,0,0,0,0,0,0,0.0,0,0,12,True,True,0.042450501660726614,0.11709240350229054
train__c36__user22__3-2-2,36,Walk,user22,3-2-2,train,True,True,17,17,0,17,0,0,0,0,0,0,0,0,0,0,0,0.0,0,0,17,True,True,0.037366640957015085,0.1650935981143672
train__c36__user22__3-2-3,36,Walk,user22,3-2-3,train,True,True,10,10,0,10,0,0,0,0,0,0,0,0,0,0,0,0.0,0,0,10,True,True,0.05216324515879686,0.12510999628504374
train__c36__user22__4-2-1,36,Walk,user22,4-2-1,train,True,True,11,11,0,11,0,0,0,0,0,0,0,0,0,0,0,0.0,0,0,11,True,True,0.023440682295600035,0.047253707250771826
train__c36__user22__4-2-2,36,Walk,user22,4-2-2,train,True,True,10,10,0,10,0,0,0,0,0,0,0,0,0,0,0,0.0,0,0,10,True,True,0.03990542827761848,0.07723170582365341
train__c36__user22__4-2-3,36,Walk,user22,4-2-3,train,True,True,4,4,0,4,0,0,0,0,0,0,0,0,0,0,0,0.0,0,0,4,True,True,0.1425446657421321,0.33487029512971367
train__c36__user22__5-2-1,36,Walk,user22,5-2-1,train,True,True,14,14,0,14,0,0,0,0,0,0,0,0,0,0,0,0.0,0,0,14,True,True,0.01930364215826965,0.054153852995321175
train__c36__user22__5-2-2,36,Walk,user22,5-2-2,train,True,True,15,15,0,15,0,0,0,0,0,0,0,0,0,0,0,0.0,0,0,15,True,True,0.028825034707341577,0.058771390293768676
train__c36__user22__5-2-3,36,Walk,user22,5-2-3,train,True,True,14,14,0,14,0,0,0,0,0,0,0,0,0,0,0,0.0,0,0,14,True,True,0.04571580049096695,0.1179999076953948
train__c36__user22__6-2-1,36,Walk,user22,6-2-1,train,True,True,13,13,0,13,0,0,0,0,0,0,0,0,0,0,0,0.0,0,0,13,True,True,0.031708638941834635,0.06581044301741036
train__c36__user22__6-2-2,36,Walk,user22,6-2-2,train,True,True,11,11,0,11,0,0,0,0,0,0,0,0,0,0,0,0.0,0,0,11,True,True,0.03927041907579291,0.07665040224549102
train__c36__user23__2-2-1,36,Walk,user23,2-2-1,validation,True,True,11,11,0,11,0,0,0,0,0,0,0,0,0,0,0,0.0,0,0,11,True,True,0.06352640175006546,0.16193188077909307
train__c36__user23__2-2-2,36,Walk,user23,2-2-2,validation,True,True,11,11,0,11,0,0,0,0,0,0,0,0,0,0,0,0.0,0,0,11,True,True,0.06581926597099311,0.16480111274912237
train__c36__user23__2-2-3,36,Walk,user23,2-2-3,validation,True,True,11,11,0,11,0,0,0,0,0,0,0,0,0,0,0,0.0,0,0,11,True,True,0.06446717545533752,0.16864881138442364
train__c36__user23__2-3-1,36,Walk,user23,2-3-1,validation,True,True,28,28,0,28,0,0,0,0,0,0,0,0,0,0,0,0.0,0,0,28,True,True,0.11716928383691351,0.46691267641171647
train__c36__user23__2-3-2,36,Walk,user23,2-3-2,validation,True,True,21,21,0,21,0,0,0,0,0,0,0,0,0,0,0,0.0,0,0,21,True,True,0.14392019933954311,0.6472007823339999
train__c36__user23__2-3-3,36,Walk,user23,2-3-3,validation,True,True,12,12,0,12,0,0,0,0,0,0,0,0,0,0,0,0.0,0,0,12,True,True,0.170459003962048,0.6003248560823031
train__c36__user23__3-2-1,36,Walk,user23,3-2-1,validation,True,True,21,21,0,21,0,0,0,0,0,0,0,0,0,0,0,0.0,0,0,21,True,True,0.07200079302806145,0.20759524925840195
train__c36__user23__3-2-2,36,Walk,user23,3-2-2,validation,True,True,11,11,0,11,0,0,0,0,0,0,0,0,0,0,0,0.0,0,0,11,True,True,0.08440810817638743,0.237906042934153
train__c36__user23__3-2-3,36,Walk,user23,3-2-3,validation,True,True,21,21,0,21,0,0,0,0,0,0,0,0,0,0,0,0.0,0,0,21,True,True,0.061103937901688415,0.1822591265885552
train__c36__user23__4-2-1,36,Walk,user23,4-2-1,validation,True,True,7,7,0,7,0,0,0,0,0,0,0,0,0,0,0,0.0,0,0,7,True,True,0.050536572662682425,0.11629405454478747
train__c36__user23__4-2-2,36,Walk,user23,4-2-2,validation,True,True,6,6,0,6,0,0,0,0,0,0,0,0,0,0,0,0.0,0,0,6,True,True,0.048939163696271,0.0949509730764328
train__c36__user23__4-2-3,36,Walk,user23,4-2-3,validation,True,True,12,12,0,12,0,0,0,0,0,0,0,0,0,0,0,0.0,0,0,12,True,True,0.08350103880068126,0.3195452901833809
train__c36__user23__5-3-1,36,Walk,user23,5-3-1,validation,True,True,13,13,0,13,0,0,0,0,0,2,0,2,1,2,0,0.15384615384615385,0,0,13,True,True,0.0391259036912017,0.09580021026132785
train__c36__user23__5-3-3,36,Walk,user23,5-3-3,validation,True,True,16,16,0,16,0,0,0,0,0,0,0,0,0,0,0,0.0,0,0,16,True,True,0.07048387773074542,0.2029630036793806
train__c36__user23__7-3-1,36,Walk,user23,7-3-1,validation,True,True,21,21,0,21,0,0,0,0,0,0,0,0,0,0,0,0.0,0,0,21,True,True,0.0724239373638365,0.23597794687413026
train__c36__user23__7-3-2,36,Walk,user23,7-3-2,validation,True,True,11,11,0,11,0,0,0,0,0,0,0,0,0,0,0,0.0,0,0,11,True,True,0.07233960687050213,0.18566347032272063
train__c36__user23__7-3-3,36,Walk,user23,7-3-3,validation,True,True,9,9,0,9,0,0,0,0,0,0,0,0,0,0,0,0.0,0,0,9,True,True,0.09810461416448611,0.2363154485488052
train__c36__user24__1-2-1,36,Walk,user24,1-2-1,validation,True,True,15,15,0,15,0,0,0,0,0,0,0,0,0,0,0,0.0,0,0,15,True,True,0.05357641721270434,0.11920606202945332
train__c36__user24__1-2-2,36,Walk,user24,1-2-2,validation,True,True,13,13,0,13,0,0,0,0,0,0,0,0,0,0,0,0.0,0,0,13,True,True,0.06585153320369508,0.20526955247880194
train__c36__user24__1-2-3,36,Walk,user24,1-2-3,validation,True,True,15,15,0,15,0,0,0,0,0,0,0,0,0,0,0,0.0,0,0,15,True,True,0.06589216594678506,0.15883401209935
train__c36__user24__3-2-1,36,Walk,user24,3-2-1,validation,True,True,34,34,0,34,0,0,0,0,0,0,0,0,0,0,0,0.0,0,0,34,True,True,0.03408338042907986,0.07101440688333943
train__c36__user24__3-2-2,36,Walk,user24,3-2-2,validation,True,True,15,15,0,15,0,0,0,0,0,0,0,0,0,0,0,0.0,0,0,15,True,True,0.05967442767220505,0.12466611244539905
train__c36__user24__3-2-3,36,Walk,user24,3-2-3,validation,True,True,15,15,0,15,0,0,0,0,0,0,0,0,0,0,0,0.0,0,0,15,True,True,0.034259961335663724,0.07540392300070733
train__c36__user24__4-2-1,36,Walk,user24,4-2-1,validation,True,True,24,24,0,24,0,0,0,0,0,0,0,0,0,0,0,0.0,0,0,24,True,True,0.0457357658683587,0.12488111457149569
train__c36__user24__4-2-2,36,Walk,user24,4-2-2,validation,True,True,19,19,0,19,0,0,0,0,0,0,0,0,0,0,0,0.0,0,0,19,True,True,0.054666990542116496,0.1168008027934013
train__c36__user24__4-2-3,36,Walk,user24,4-2-3,validation,True,True,17,17,0,17,0,0,0,0,0,0,0,0,0,0,0,0.0,0,0,17,True,True,0.0724893165250665,0.2788093950745145
train__c36__user24__5-1-1,36,Walk,user24,5-1-1,validation,True,True,29,29,0,29,0,0,0,0,0,0,0,0,0,0,0,0.0,0,0,29,True,True,0.03843816380604511,0.09455883647296812
train__c36__user24__5-1-2,36,Walk,user24,5-1-2,validation,True,True,27,27,0,27,0,0,0,0,0,0,0,0,0,0,0,0.0,0,0,27,True,True,0.045653564839484184,0.11640114298992234
train__c36__user24__5-1-3,36,Walk,user24,5-1-3,validation,True,True,20,20,0,20,0,0,0,0,0,0,0,0,0,0,0,0.0,0,0,20,True,True,0.05940028458649627,0.13350739060179467
train__c36__user24__5-3-1,36,Walk,user24,5-3-1,validation,True,True,26,26,0,26,0,0,0,0,0,0,0,0,0,0,0,0.0,0,0,26,True,True,0.037502199642034405,0.08495551034318655
train__c36__user24__5-3-2,36,Walk,user24,5-3-2,validation,True,True,24,24,0,24,0,0,0,0,0,0,0,0,0,0,0,0.0,0,0,24,True,True,0.048383400833140106,0.11428021374392118
train__c36__user24__5-3-3,36,Walk,user24,5-3-3,validation,True,True,19,19,0,19,0,0,0,0,0,0,0,0,0,0,0,0.0,0,0,19,True,True,0.05347619208547434,0.12264060795530592
train__c36__user24__6-2-1,36,Walk,user24,6-2-1,validation,True,True,18,18,0,18,0,0,0,0,0,0,0,0,0,0,0,0.0,0,0,18,True,True,0.03453801847213527,0.09503026082145126
train__c36__user24__6-2-2,36,Walk,user24,6-2-2,validation,True,True,6,6,0,6,0,0,0,0,0,0,0,0,0,0,0,0.0,0,0,6,True,True,0.04545458009232536,0.09202987562082812
train__c36__user24__6-2-3,36,Walk,user24,6-2-3,validation,True,True,6,6,0,6,0,0,0,0,0,0,0,0,0,0,0,0.0,0,0,6,True,True,0.06439262291644282,0.1471184102842334
train__c36__user24__7-2-1,36,Walk,user24,7-2-1,validation,True,True,27,27,0,27,0,0,0,0,0,0,0,0,0,0,0,0.0,0,0,27,True,True,0.03360520036624641,0.08189257315244176
train__c36__user24__7-2-2,36,Walk,user24,7-2-2,validation,True,True,18,18,0,18,0,0,0,0,0,0,0,0,0,0,0,0.0,0,0,18,True,True,0.05989373486713948,0.13408280246731552
train__c36__user24__7-2-3,36,Walk,user24,7-2-3,validation,True,True,22,22,0,22,0,0,0,0,0,1,0,1,1,1,1,0.045454545454545456,0,0,22,True,True,0.057026846925566664,0.12389347267391985
train__c37__user2__7-1-1,37,Take_medicine,user2,7-1-1,train,True,True,44,44,0,44,0,0,0,0,0,0,0,0,0,0,0,0.0,0,0,44,True,True,0.026748169302083707,0.09657137918030426
train__c37__user2__7-1-2,37,Take_medicine,user2,7-1-2,train,True,True,29,29,0,29,0,0,0,0,0,0,0,0,0,0,0,0.0,0,0,29,True,True,0.03069166538238401,0.08462228170993823
train__c37__user2__7-1-3,37,Take_medicine,user2,7-1-3,train,True,True,29,29,0,29,0,0,0,0,0,0,0,0,0,0,0,0.0,0,0,29,True,True,0.04165307193820863,0.13621482064555607
train__c37__user3__2-2-1,37,Take_medicine,user3,2-2-1,train,True,True,54,54,0,54,0,0,0,0,0,0,0,0,0,0,0,0.0,0,0,54,True,True,0.01912278878927477,0.07440246313736418
train__c37__user3__2-2-2,37,Take_medicine,user3,2-2-2,train,True,True,13,13,0,13,0,0,0,0,0,0,0,0,0,0,0,0.0,0,0,13,True,True,0.038544156943267134,0.11502361727179587
train__c37__user3__2-2-3,37,Take_medicine,user3,2-2-3,train,True,True,14,14,0,14,0,0,0,0,0,0,0,0,0,0,0,0.0,0,0,14,True,True,0.021116738094879302,0.06682385108075274
train__c37__user3__7-1-1,37,Take_medicine,user3,7-1-1,train,True,True,10,10,0,10,0,0,0,0,0,0,0,0,0,0,0,0.0,0,0,10,True,True,0.03452685151766838,0.08392039513953388
train__c37__user3__7-1-2,37,Take_medicine,user3,7-1-2,train,True,True,12,12,0,12,0,0,0,0,0,0,0,0,0,0,0,0.0,0,0,12,True,True,0.0238444338889518,0.05962989581628516
train__c37__user3__7-1-3,37,Take_medicine,user3,7-1-3,train,True,True,9,9,0,9,0,0,0,0,0,0,0,0,0,0,0,0.0,0,0,9,True,True,0.040137114506863296,0.10739418998846711
train__c37__user4__7-1-1,37,Take_medicine,user4,7-1-1,validation,True,True,73,73,0,73,0,0,0,0,0,0,0,0,0,0,0,0.0,0,0,73,True,True,0.01674106413342306,0.048643949950391445
train__c37__user4__7-1-2,37,Take_medicine,user4,7-1-2,validation,True,True,128,128,0,128,0,0,0,0,0,0,0,0,0,0,0,0.0,0,0,128,True,True,0.030792086428230777,0.09350290568545727
train__c37__user4__7-1-3,37,Take_medicine,user4,7-1-3,validation,True,True,77,77,0,77,0,0,0,0,0,0,0,0,0,0,0,0.0,0,0,77,True,True,0.04947831183564107,0.15648146906842747
train__c37__user5__7-1-1,37,Take_medicine,user5,7-1-1,train,False,False,0,0,0,0,0,0,0,0,0,0,0,0,0,0,0,0.0,0,0,0,True,True,,
train__c37__user5__7-1-2,37,Take_medicine,user5,7-1-2,train,False,False,0,0,0,0,0,0,0,0,0,0,0,0,0,0,0,0.0,0,0,0,True,True,,
train__c37__user5__7-1-3,37,Take_medicine,user5,7-1-3,train,False,False,0,0,0,0,0,0,0,0,0,0,0,0,0,0,0,0.0,0,0,0,True,True,,
train__c37__user6__6-2-1,37,Take_medicine,user6,6-2-1,train,True,True,32,32,0,32,0,0,0,0,0,0,0,0,0,0,0,0.0,0,0,32,True,True,0.06332086569024789,0.1946114029746388
train__c37__user6__6-2-2,37,Take_medicine,user6,6-2-2,train,True,True,10,10,0,10,0,0,0,0,0,0,0,0,0,0,0,0.0,0,0,10,True,True,0.08673740057281522,0.300738662553215
train__c37__user6__6-2-3,37,Take_medicine,user6,6-2-3,train,True,True,30,30,0,30,0,0,0,0,0,0,0,0,0,0,0,0.0,0,0,30,True,True,0.0760065574755918,0.2560342187208845
train__c37__user7__4-1-1,37,Take_medicine,user7,4-1-1,train,True,True,32,32,0,32,0,0,0,0,0,0,0,0,0,0,0,0.0,0,0,32,True,True,0.02578774644746938,0.0953519284305869
train__c37__user7__4-1-2,37,Take_medicine,user7,4-1-2,train,True,True,17,17,0,17,0,0,0,0,0,0,0,0,0,0,0,0.0,0,0,17,True,True,0.022597857565873833,0.0828691826846067
train__c37__user7__4-1-3,37,Take_medicine,user7,4-1-3,train,True,True,12,12,0,12,0,0,0,0,0,0,0,0,0,0,0,0.0,0,0,12,True,True,0.06567919824276137,0.21159788090399617
train__c37__user8__7-1-1,37,Take_medicine,user8,7-1-1,train,True,True,48,48,0,48,0,0,0,0,0,48,0,48,1,48,0,1.0,0,0,48,True,True,0.05065091489141924,0.14054962824473585
train__c37__user8__7-1-2,37,Take_medicine,user8,7-1-2,train,True,True,28,28,0,28,0,0,0,0,0,28,0,28,1,28,0,1.0,0,0,28,True,True,0.10146297502530338,0.5064637981655359
train__c37__user8__7-1-3,37,Take_medicine,user8,7-1-3,train,True,True,30,30,0,30,0,0,0,0,0,30,0,30,1,30,0,1.0,0,0,30,True,True,0.08552753715506936,0.2486089923013529
train__c37__user8__7-2-1,37,Take_medicine,user8,7-2-1,train,True,True,31,31,0,31,0,0,0,0,0,0,0,0,0,0,0,0.0,0,0,31,True,True,0.04524734169743033,0.12885560975520122
train__c37__user8__7-2-2,37,Take_medicine,user8,7-2-2,train,True,True,4,4,0,4,0,0,0,0,0,0,0,0,0,0,0,0.0,0,0,4,True,True,0.09369275877796925,0.30902884468971964
train__c37__user8__7-2-3,37,Take_medicine,user8,7-2-3,train,True,True,20,20,0,20,0,0,0,0,0,0,0,0,0,0,0,0.0,0,0,20,True,True,0.0971564556467895,0.3142300204845676
train__c37__user9__6-2-1,37,Take_medicine,user9,6-2-1,train,True,True,44,44,0,44,0,0,0,0,0,0,0,0,0,0,0,0.0,0,0,44,True,True,0.013904128410758887,0.04554814869009536
train__c37__user9__6-2-2,37,Take_medicine,user9,6-2-2,train,True,True,29,29,0,29,0,0,0,0,0,0,0,0,0,0,0,0.0,0,0,29,True,True,0.021717382585395188,0.11547142057028015
train__c37__user9__6-2-3,37,Take_medicine,user9,6-2-3,train,True,True,35,35,0,35,0,0,0,0,0,0,0,0,0,0,0,0.0,0,0,35,True,True,0.015086573974813312,0.0693838110338492
train__c37__user9__7-1-1,37,Take_medicine,user9,7-1-1,train,True,True,19,19,0,19,0,0,0,0,0,19,0,19,1,19,0,1.0,0,0,19,True,True,0.03800887373369294,0.1031115398276243
train__c37__user9__7-1-2,37,Take_medicine,user9,7-1-2,train,True,True,19,19,0,19,0,0,0,0,0,19,0,19,1,19,0,1.0,0,0,19,True,True,0.045813538721640235,0.13800188463212057
train__c37__user9__7-1-3,37,Take_medicine,user9,7-1-3,train,True,True,35,35,0,35,0,0,0,0,0,35,0,35,1,35,0,1.0,0,0,35,True,True,0.02837475396955832,0.08184969961067166
train__c37__user16__6-2-1,37,Take_medicine,user16,6-2-1,train,True,True,27,27,0,27,0,0,0,0,0,0,0,0,0,0,0,0.0,0,0,27,True,True,0.011852672920583618,0.03403577710856891
train__c37__user16__6-2-2,37,Take_medicine,user16,6-2-2,train,True,True,25,25,0,25,0,0,0,0,0,0,0,0,0,0,0,0.0,0,0,25,True,True,0.019037584461477096,0.0551289683506633
train__c37__user16__6-2-3,37,Take_medicine,user16,6-2-3,train,True,True,30,30,0,30,0,0,0,0,0,0,0,0,0,0,0,0.0,0,0,30,True,True,0.010982096056683438,0.03112836239191745
train__c37__user17__4-1-1,37,Take_medicine,user17,4-1-1,validation,True,True,27,27,0,27,0,0,0,0,0,6,0,6,3,3,1,0.2222222222222222,0,0,27,True,True,0.014510008405528718,0.03913573216345717
train__c37__user17__4-1-2,37,Take_medicine,user17,4-1-2,validation,True,True,23,23,0,23,0,0,0,0,0,5,0,5,3,3,2,0.21739130434782608,0,0,23,True,True,0.02011698008946454,0.08018515851840469
train__c37__user17__4-1-3,37,Take_medicine,user17,4-1-3,validation,True,True,13,13,0,13,0,0,0,0,0,5,0,5,1,5,0,0.38461538461538464,0,0,13,True,True,0.023840083699309452,0.08392691008530839
train__c37__user18__7-1-1,37,Take_medicine,user18,7-1-1,train,True,True,6,6,0,6,0,0,0,0,0,0,0,0,0,0,0,0.0,0,0,6,True,True,0.030665142823959372,0.08780992832933801
train__c37__user18__7-1-2,37,Take_medicine,user18,7-1-2,train,True,True,4,4,0,4,0,0,0,0,0,0,0,0,0,0,0,0.0,0,0,4,True,True,0.07666007380091476,0.44325250750904777
train__c37__user18__7-1-3,37,Take_medicine,user18,7-1-3,train,True,True,5,5,0,5,0,0,0,0,0,0,0,0,0,0,0,0.0,0,0,5,True,True,0.040843649766507145,0.10151709172244207
train__c37__user18__7-2-1,37,Take_medicine,user18,7-2-1,train,True,True,9,9,0,9,0,0,0,0,0,0,0,0,0,0,0,0.0,0,0,9,True,True,0.019560678847946187,0.05979302038793287
train__c37__user18__7-2-2,37,Take_medicine,user18,7-2-2,train,True,True,4,4,0,4,0,0,0,0,0,0,0,0,0,0,0,0.0,0,0,4,True,True,0.02878896460058317,0.07083570442059159
train__c37__user18__7-2-3,37,Take_medicine,user18,7-2-3,train,True,True,4,4,0,4,0,0,0,0,0,0,0,0,0,0,0,0.0,0,0,4,True,True,0.0468409760603328,0.14905937212832163
train__c37__user19__6-2-1,37,Take_medicine,user19,6-2-1,train,True,True,19,19,0,19,0,0,0,0,0,0,0,0,0,0,0,0.0,0,0,19,True,True,0.030506664430538306,0.09491063351854956
train__c37__user19__6-2-2,37,Take_medicine,user19,6-2-2,train,True,True,17,17,0,17,0,0,0,0,0,0,0,0,0,0,0,0.0,0,0,17,True,True,0.05610806818825149,0.15548885710075383
train__c37__user19__6-2-3,37,Take_medicine,user19,6-2-3,train,True,True,17,17,0,17,0,0,0,0,0,0,0,0,0,0,0,0.0,0,0,17,True,True,0.04500409226695048,0.12351236642514345
train__c37__user19__7-1-1,37,Take_medicine,user19,7-1-1,train,True,True,34,34,0,34,0,0,0,0,0,0,0,0,0,0,0,0.0,0,0,34,True,True,0.024438357184619983,0.07809641091680618
train__c37__user19__7-1-2,37,Take_medicine,user19,7-1-2,train,True,True,18,18,0,18,0,0,0,0,0,0,0,0,0,0,0,0.0,0,0,18,True,True,0.053583688766369306,0.1861894581494145
train__c37__user19__7-1-3,37,Take_medicine,user19,7-1-3,train,True,True,21,21,0,21,0,0,0,0,0,0,0,0,0,0,0,0.0,0,0,21,True,True,0.0343810008269029,0.11191313801439298
train__c37__user20__7-1-1,37,Take_medicine,user20,7-1-1,train,True,True,59,59,0,59,0,0,0,0,0,0,0,0,0,0,0,0.0,0,0,59,True,True,0.018815396947333377,0.06105502071822993
train__c37__user20__7-1-2,37,Take_medicine,user20,7-1-2,train,True,True,57,57,0,57,0,0,0,0,0,0,0,0,0,0,0,0.0,0,0,57,True,True,0.01653941887861704,0.06283195248027781
train__c37__user20__7-1-3,37,Take_medicine,user20,7-1-3,train,True,True,37,37,0,37,0,0,0,0,0,0,0,0,0,0,0,0.0,0,0,37,True,True,0.024176552636557967,0.09948274334067099
train__c37__user21__7-1-1,37,Take_medicine,user21,7-1-1,train,True,True,12,12,0,12,0,0,0,0,0,0,0,0,0,0,0,0.0,0,0,12,True,True,0.021081629253178236,0.06376493828366368
train__c37__user21__7-1-2,37,Take_medicine,user21,7-1-2,train,True,True,13,13,0,13,0,0,0,0,0,0,0,0,0,0,0,0.0,0,0,13,True,True,0.017696546301606275,0.04842666955767442
train__c37__user21__7-1-3,37,Take_medicine,user21,7-1-3,train,True,True,12,12,0,12,0,0,0,0,0,0,0,0,0,0,0,0.0,0,0,12,True,True,0.018774974130284255,0.052331421803891436
train__c37__user22__7-1-1,37,Take_medicine,user22,7-1-1,train,True,True,17,17,0,17,0,0,0,0,0,0,0,0,0,0,0,0.0,0,0,17,True,True,0.011353318001395399,0.03804868163274152
train__c37__user22__7-1-2,37,Take_medicine,user22,7-1-2,train,True,True,15,15,0,15,0,0,0,0,0,0,0,0,0,0,0,0.0,0,0,15,True,True,0.014487109969340052,0.033000831522870255
train__c37__user22__7-1-3,37,Take_medicine,user22,7-1-3,train,True,True,6,6,0,6,0,0,0,0,0,0,0,0,0,0,0,0.0,0,0,6,True,True,0.013635223568798855,0.057216028773717065
train__c37__user23__7-1-1,37,Take_medicine,user23,7-1-1,validation,True,True,42,42,0,42,0,0,0,0,0,0,0,0,0,0,0,0.0,0,0,42,True,True,0.018678386476685932,0.06520014062207481
train__c37__user23__7-1-2,37,Take_medicine,user23,7-1-2,validation,False,False,0,0,0,0,0,0,0,0,0,0,0,0,0,0,0,0.0,0,0,0,True,True,,
train__c37__user23__7-1-3,37,Take_medicine,user23,7-1-3,validation,True,True,20,20,0,20,0,0,0,0,0,0,0,0,0,0,0,0.0,0,0,20,True,True,0.02258243398027677,0.06156900667961613
train__c37__user23__7-2-1,37,Take_medicine,user23,7-2-1,validation,True,True,30,30,0,30,0,0,0,0,0,0,0,0,0,0,0,0.0,0,0,30,True,True,0.016210205362641346,0.0597865617712315
train__c37__user23__7-2-2,37,Take_medicine,user23,7-2-2,validation,True,True,24,24,0,24,0,0,0,0,0,0,0,0,0,0,0,0.0,0,0,24,True,True,0.02044730647354065,0.06681695548505827
train__c37__user23__7-2-3,37,Take_medicine,user23,7-2-3,validation,True,True,10,10,0,10,0,0,0,0,0,0,0,0,0,0,0,0.0,0,0,10,True,True,0.023173784697910656,0.0712072504889217
train__c37__user24__5-2-1,37,Take_medicine,user24,5-2-1,validation,True,True,50,50,0,50,0,0,0,0,0,0,0,0,0,0,0,0.0,0,0,50,True,True,0.009331928403716567,0.023998677059446378
train__c37__user24__5-2-2,37,Take_medicine,user24,5-2-2,validation,True,True,34,34,0,34,0,0,0,0,0,0,0,0,0,0,0,0.0,0,0,34,True,True,0.011416874308740202,0.034057307967331
train__c37__user24__5-2-3,37,Take_medicine,user24,5-2-3,validation,True,True,19,19,0,19,0,0,0,0,0,0,0,0,0,0,0,0.0,0,0,19,True,True,0.017484734874886255,0.050647887829515195
train__c37__user24__7-1-1,37,Take_medicine,user24,7-1-1,validation,True,True,26,26,0,26,0,0,0,0,0,0,0,0,0,0,0,0.0,0,0,26,True,True,0.017561006072757346,0.059364309820197504
train__c37__user24__7-1-2,37,Take_medicine,user24,7-1-2,validation,True,True,14,14,0,14,0,0,0,0,0,0,0,0,0,0,0,0.0,0,0,14,True,True,0.03243927944065368,0.11088335845151383
train__c37__user24__7-1-3,37,Take_medicine,user24,7-1-3,validation,True,True,19,19,0,19,0,0,0,0,0,0,0,0,0,0,0,0.0,0,0,19,True,True,0.0210870862033281,0.06723665336657483
train__c38__user1__7-1-1,38,Massage_oneself,user1,7-1-1,train,True,True,67,67,0,67,0,0,0,0,0,0,0,0,0,0,0,0.0,0,0,67,True,True,0.04298095995823585,0.19461817306716028
train__c38__user1__7-1-2,38,Massage_oneself,user1,7-1-2,train,True,True,57,57,0,57,0,0,0,0,0,0,0,0,0,0,0,0.0,0,0,57,True,True,0.025275011808019894,0.06828844744634464
train__c38__user1__7-1-3,38,Massage_oneself,user1,7-1-3,train,True,True,50,50,0,50,0,0,0,0,0,0,0,0,0,0,0,0.0,0,0,50,True,True,0.03367326724189778,0.1036051336036521
train__c38__user2__2-2-1,38,Massage_oneself,user2,2-2-1,train,True,True,51,51,0,51,0,0,0,0,0,0,0,0,0,0,0,0.0,0,0,51,True,True,0.025060552254044143,0.07902900806061816
train__c38__user2__2-2-2,38,Massage_oneself,user2,2-2-2,train,True,True,37,37,0,37,0,0,0,0,0,0,0,0,0,0,0,0.0,0,0,37,True,True,0.05471277779560907,0.17877436175315786
train__c38__user2__2-2-3,38,Massage_oneself,user2,2-2-3,train,True,True,69,69,0,69,0,0,0,0,0,0,0,0,0,0,0,0.0,0,0,69,True,True,0.042830838246693835,0.15283452239886827
train__c38__user2__7-3-1,38,Massage_oneself,user2,7-3-1,train,True,True,72,72,0,72,0,0,0,0,0,0,0,0,0,0,0,0.0,0,0,72,True,True,0.01572986484459764,0.05071512971141209
train__c38__user2__7-3-2,38,Massage_oneself,user2,7-3-2,train,True,True,29,29,0,29,0,0,0,0,0,0,0,0,0,0,0,0.0,0,0,29,True,True,0.03173827635744838,0.10876049968882293
train__c38__user2__7-3-3,38,Massage_oneself,user2,7-3-3,train,True,True,31,31,0,31,0,0,0,0,0,0,0,0,0,0,0,0.0,0,0,31,True,True,0.037598995844066924,0.1291073360394525
train__c38__user3__2-2-1,38,Massage_oneself,user3,2-2-1,train,True,True,33,33,0,33,0,0,0,0,0,0,0,0,0,0,0,0.0,0,0,33,True,True,0.01159441825738911,0.0344393343879309
train__c38__user3__2-2-2,38,Massage_oneself,user3,2-2-2,train,True,True,22,22,0,22,0,0,0,0,0,0,0,0,0,0,0,0.0,0,0,22,True,True,0.028620552501345833,0.0813718003032397
train__c38__user3__2-2-3,38,Massage_oneself,user3,2-2-3,train,True,True,23,23,0,23,0,0,0,0,0,0,0,0,0,0,0,0.0,0,0,23,True,True,0.018823682493865432,0.05815467000921356
train__c38__user3__7-1-1,38,Massage_oneself,user3,7-1-1,train,True,True,42,42,0,42,0,0,0,0,0,0,0,0,0,0,0,0.0,0,0,42,True,True,0.015252127556643734,0.046150062482566104
train__c38__user3__7-1-2,38,Massage_oneself,user3,7-1-2,train,True,True,29,29,0,29,0,0,0,0,0,0,0,0,0,0,0,0.0,0,0,29,True,True,0.014352006885353756,0.03802673880935735
train__c38__user3__7-1-3,38,Massage_oneself,user3,7-1-3,train,True,True,25,25,0,25,0,0,0,0,0,0,0,0,0,0,0,0.0,0,0,25,True,True,0.03077565740929846,0.10813833038401244
train__c38__user4__6-1-1,38,Massage_oneself,user4,6-1-1,validation,False,False,0,0,0,0,0,0,0,0,0,0,0,0,0,0,0,0.0,0,0,0,True,True,,
train__c38__user4__6-1-2,38,Massage_oneself,user4,6-1-2,validation,False,False,0,0,0,0,0,0,0,0,0,0,0,0,0,0,0,0.0,0,0,0,True,True,,
train__c38__user4__6-1-3,38,Massage_oneself,user4,6-1-3,validation,False,False,0,0,0,0,0,0,0,0,0,0,0,0,0,0,0,0.0,0,0,0,True,True,,
train__c38__user4__7-2-1,38,Massage_oneself,user4,7-2-1,validation,False,False,0,0,0,0,0,0,0,0,0,0,0,0,0,0,0,0.0,0,0,0,True,True,,
train__c38__user4__7-2-2,38,Massage_oneself,user4,7-2-2,validation,False,False,0,0,0,0,0,0,0,0,0,0,0,0,0,0,0,0.0,0,0,0,True,True,,
train__c38__user4__7-2-3,38,Massage_oneself,user4,7-2-3,validation,False,False,0,0,0,0,0,0,0,0,0,0,0,0,0,0,0,0.0,0,0,0,True,True,,
train__c38__user6__7-1-1,38,Massage_oneself,user6,7-1-1,train,True,True,88,88,0,88,0,0,0,0,0,0,0,0,0,0,0,0.0,0,0,88,True,True,0.05927085444127221,0.15428851423430867
train__c38__user6__7-1-2,38,Massage_oneself,user6,7-1-2,train,True,True,64,64,0,64,0,0,0,0,0,0,0,0,0,0,0,0.0,0,0,64,True,True,0.052378811011999295,0.13593342305796763
train__c38__user6__7-1-3,38,Massage_oneself,user6,7-1-3,train,True,True,64,64,0,64,0,0,0,0,0,0,0,0,0,0,0,0.0,0,0,64,True,True,0.04884357660834204,0.11150299959211349
train__c38__user9__5-3-1,38,Massage_oneself,user9,5-3-1,train,False,False,0,0,0,0,0,0,0,0,0,0,0,0,0,0,0,0.0,0,0,0,True,True,,
train__c38__user9__5-3-2,38,Massage_oneself,user9,5-3-2,train,False,False,0,0,0,0,0,0,0,0,0,0,0,0,0,0,0,0.0,0,0,0,True,True,,
train__c38__user9__5-3-3,38,Massage_oneself,user9,5-3-3,train,False,False,0,0,0,0,0,0,0,0,0,0,0,0,0,0,0,0.0,0,0,0,True,True,,
train__c38__user9__7-1-1,38,Massage_oneself,user9,7-1-1,train,False,False,0,0,0,0,0,0,0,0,0,0,0,0,0,0,0,0.0,0,0,0,True,True,,
train__c38__user9__7-1-2,38,Massage_oneself,user9,7-1-2,train,False,False,0,0,0,0,0,0,0,0,0,0,0,0,0,0,0,0.0,0,0,0,True,True,,
train__c38__user9__7-1-3,38,Massage_oneself,user9,7-1-3,train,False,False,0,0,0,0,0,0,0,0,0,0,0,0,0,0,0,0.0,0,0,0,True,True,,
train__c38__user16__7-1-1,38,Massage_oneself,user16,7-1-1,train,True,True,61,61,0,61,0,0,0,0,0,0,0,0,0,0,0,0.0,0,0,61,True,True,0.14789747881459783,0.4748915501212757
train__c38__user16__7-1-2,38,Massage_oneself,user16,7-1-2,train,True,True,40,40,0,40,0,0,0,0,0,0,0,0,0,0,0,0.0,0,0,40,True,True,0.08253383585700269,0.3230960971247347
train__c38__user16__7-1-3,38,Massage_oneself,user16,7-1-3,train,True,True,25,25,0,25,0,0,0,0,0,0,0,0,0,0,0,0.0,0,0,25,True,True,0.0905276797003622,0.36287571644286354
train__c38__user18__7-1-1,38,Massage_oneself,user18,7-1-1,train,True,True,35,35,0,35,0,0,0,0,0,0,0,0,0,0,0,0.0,0,0,35,True,True,0.032847681269068944,0.10773814203161021
train__c38__user18__7-1-2,38,Massage_oneself,user18,7-1-2,train,True,True,25,25,0,25,0,0,0,0,0,0,0,0,0,0,0,0.0,0,0,25,True,True,0.022216414270484052,0.06556907173044142
train__c38__user18__7-1-3,38,Massage_oneself,user18,7-1-3,train,True,True,24,24,0,24,0,0,0,0,0,0,0,0,0,0,0,0.0,0,0,24,True,True,0.04784100290901443,0.13709371233411694
train__c38__user19__5-3-1,38,Massage_oneself,user19,5-3-1,train,True,True,24,24,0,24,0,0,0,0,0,0,0,0,0,0,0,0.0,0,0,24,True,True,0.09185804872445473,0.23529914371579747
train__c38__user19__5-3-2,38,Massage_oneself,user19,5-3-2,train,True,True,29,29,0,29,0,0,0,0,0,0,0,0,0,0,0,0.0,0,0,29,True,True,0.029717479004293636,0.08506538938278621
train__c38__user19__5-3-3,38,Massage_oneself,user19,5-3-3,train,True,True,17,17,0,17,0,0,0,0,0,0,0,0,0,0,0,0.0,0,0,17,True,True,0.04712827755782503,0.142270023005527
train__c38__user19__7-1-1,38,Massage_oneself,user19,7-1-1,train,True,True,55,55,0,55,0,0,0,0,0,0,0,0,0,0,0,0.0,0,0,55,True,True,0.01721330962179148,0.05637996425284137
train__c38__user19__7-1-2,38,Massage_oneself,user19,7-1-2,train,True,True,70,70,0,70,0,0,0,0,0,0,0,0,0,0,0,0.0,0,0,70,True,True,0.01626839345110468,0.050995440046535306
train__c38__user20__6-2-1,38,Massage_oneself,user20,6-2-1,train,True,True,40,40,0,40,0,0,0,0,0,0,0,0,0,0,0,0.0,0,0,40,True,True,0.012972963036543843,0.03676927486062822
train__c38__user20__6-2-2,38,Massage_oneself,user20,6-2-2,train,True,True,24,24,0,24,0,0,0,0,0,0,0,0,0,0,0,0.0,0,0,24,True,True,0.013430335360077629,0.04117884938895676
train__c38__user20__6-2-3,38,Massage_oneself,user20,6-2-3,train,True,True,33,33,0,33,0,0,0,0,0,0,0,0,0,0,0,0.0,0,0,33,True,True,0.01126748116332189,0.0284119372151711
train__c38__user20__7-1-1,38,Massage_oneself,user20,7-1-1,train,True,True,17,17,0,17,0,0,0,0,0,0,0,0,0,0,0,0.0,0,0,17,True,True,0.018965807135853132,0.045877436769723695
train__c38__user20__7-1-2,38,Massage_oneself,user20,7-1-2,train,True,True,28,28,0,28,0,0,0,0,0,0,0,0,0,0,0,0.0,0,0,28,True,True,0.01834616790257358,0.0473217213195438
train__c38__user20__7-1-3,38,Massage_oneself,user20,7-1-3,train,True,True,18,18,0,18,0,0,0,0,0,0,0,0,0,0,0,0.0,0,0,18,True,True,0.030058591105526247,0.07475188908417225
train__c38__user21__3-2-1,38,Massage_oneself,user21,3-2-1,train,True,True,24,24,0,24,0,0,0,0,0,0,0,0,0,0,0,0.0,0,0,24,True,True,0.019132092237760464,0.08273411858103055
train__c38__user21__3-2-2,38,Massage_oneself,user21,3-2-2,train,True,True,17,17,0,17,0,0,0,0,0,0,0,0,0,0,0,0.0,0,0,17,True,True,0.022047487321706086,0.08057705720678073
train__c38__user21__3-2-3,38,Massage_oneself,user21,3-2-3,train,True,True,10,10,0,10,0,0,0,0,0,0,0,0,0,0,0,0.0,0,0,10,True,True,0.0357447053974178,0.14974134154821675
train__c38__user21__7-1-1,38,Massage_oneself,user21,7-1-1,train,True,True,22,22,0,22,0,0,0,0,0,0,0,0,0,0,0,0.0,0,0,22,True,True,0.009049609488519648,0.023188309421403305
train__c38__user21__7-1-2,38,Massage_oneself,user21,7-1-2,train,True,True,17,17,0,17,0,0,0,0,0,0,0,0,0,0,0,0.0,0,0,17,True,True,0.0069755703602587685,0.016018237066458305
train__c38__user21__7-1-3,38,Massage_oneself,user21,7-1-3,train,True,True,22,22,0,22,0,0,0,0,0,0,0,0,0,0,0,0.0,0,0,22,True,True,0.009266419749357062,0.02217700506757555
train__c38__user21__7-2-1,38,Massage_oneself,user21,7-2-1,train,True,True,16,16,0,16,0,0,0,0,0,0,0,0,0,0,0,0.0,0,0,16,True,True,0.007172373954258298,0.016484228158327865
train__c38__user21__7-2-2,38,Massage_oneself,user21,7-2-2,train,True,True,17,17,0,17,0,0,0,0,0,0,0,0,0,0,0,0.0,0,0,17,True,True,0.026653904382431783,0.0626261161603366
train__c38__user21__7-2-3,38,Massage_oneself,user21,7-2-3,train,True,True,18,18,0,18,0,0,0,0,0,0,0,0,0,0,0,0.0,0,0,18,True,True,0.01746379085693224,0.05613581949183567
train__c38__user22__5-1-1,38,Massage_oneself,user22,5-1-1,train,True,True,37,37,0,37,0,0,0,0,0,0,0,0,0,0,0,0.0,0,0,37,True,True,0.013357187952406521,0.03928815810498988
train__c38__user22__5-1-2,38,Massage_oneself,user22,5-1-2,train,True,True,23,23,0,23,0,0,0,0,0,0,0,0,0,0,0,0.0,0,0,23,True,True,0.018823318619236685,0.05328548969263812
train__c38__user22__5-1-3,38,Massage_oneself,user22,5-1-3,train,True,True,12,12,0,12,0,0,0,0,0,0,0,0,0,0,0,0.0,0,0,12,True,True,0.02297667741313898,0.08447615051108097
train__c38__user22__6-2-1,38,Massage_oneself,user22,6-2-1,train,True,True,35,35,0,35,0,0,0,0,0,0,0,0,0,0,0,0.0,0,0,35,True,True,0.009733162460039897,0.029319089290640657
train__c38__user22__6-2-2,38,Massage_oneself,user22,6-2-2,train,True,True,25,25,0,25,0,0,0,0,0,0,0,0,0,0,0,0.0,0,0,25,True,True,0.012571987525354478,0.040818899306151527
train__c38__user22__6-2-3,38,Massage_oneself,user22,6-2-3,train,True,True,28,28,0,28,0,0,0,0,0,0,0,0,0,0,0,0.0,0,0,28,True,True,0.01390015020234811,0.04717731246272611
train__c38__user23__2-2-1,38,Massage_oneself,user23,2-2-1,validation,True,True,20,20,0,20,0,0,0,0,0,0,0,0,0,0,0,0.0,0,0,20,True,True,0.022168766454654504,0.06770967332958679
train__c38__user23__2-2-2,38,Massage_oneself,user23,2-2-2,validation,True,True,26,26,0,26,0,0,0,0,0,0,0,0,0,0,0,0.0,0,0,26,True,True,0.05746751285186369,0.2588816706305768
train__c38__user23__2-2-3,38,Massage_oneself,user23,2-2-3,validation,True,True,20,20,0,20,0,0,0,0,0,0,0,0,0,0,0,0.0,0,0,20,True,True,0.05063767879920513,0.17234279601414185
train__c38__user23__7-1-1,38,Massage_oneself,user23,7-1-1,validation,True,True,28,28,0,28,0,0,0,0,0,0,0,0,0,0,0,0.0,0,0,28,True,True,0.01007986252533938,0.027227088686174423
train__c38__user23__7-1-2,38,Massage_oneself,user23,7-1-2,validation,True,True,42,42,0,42,0,0,0,0,0,0,0,0,0,0,0,0.0,0,0,42,True,True,0.014133795665211783,0.039539391023590775
train__c38__user23__7-1-3,38,Massage_oneself,user23,7-1-3,validation,True,True,39,39,0,39,0,0,0,0,0,0,0,0,0,0,0,0.0,0,0,39,True,True,0.01436978539077944,0.04765216590123615
train__c38__user24__4-3-1,38,Massage_oneself,user24,4-3-1,validation,True,True,38,38,0,38,0,0,0,0,0,0,0,0,0,0,0,0.0,0,0,38,True,True,0.07023290189615382,0.17578009907095316
train__c38__user24__4-3-2,38,Massage_oneself,user24,4-3-2,validation,True,True,32,32,0,32,0,0,0,0,0,1,0,1,1,1,1,0.03125,0,0,32,True,True,0.07035847389088962,0.23520534101234405
train__c38__user24__4-3-3,38,Massage_oneself,user24,4-3-3,validation,True,True,44,44,0,44,0,0,0,0,0,0,0,0,0,0,0,0.0,0,0,44,True,True,0.07044000999196773,0.17979643716519586
train__c38__user24__7-1-1,38,Massage_oneself,user24,7-1-1,validation,True,True,31,31,0,31,0,0,0,0,0,0,0,0,0,0,0,0.0,0,0,31,True,True,0.008327684615260691,0.02560545854938666
train__c38__user24__7-1-2,38,Massage_oneself,user24,7-1-2,validation,True,True,20,20,0,20,0,0,0,0,0,0,0,0,0,0,0,0.0,0,0,20,True,True,0.015844776915989157,0.057315809533054
train__c38__user24__7-1-3,38,Massage_oneself,user24,7-1-3,validation,True,True,20,20,0,20,0,0,0,0,0,0,0,0,0,0,0,0.0,0,0,20,True,True,0.01125887026792764,0.035637785475077954
train__c39__user2__2-2-1,39,Take_body_temperature,user2,2-2-1,train,True,True,48,48,0,48,0,0,0,0,0,0,0,0,0,0,0,0.0,0,0,48,True,True,0.04339474456954803,0.1047705346345008
train__c39__user2__2-2-2,39,Take_body_temperature,user2,2-2-2,train,True,True,46,46,0,46,0,0,0,0,0,0,0,0,0,0,0,0.0,0,0,46,True,True,0.07458149179991835,0.2676370180176551
train__c39__user2__2-2-3,39,Take_body_temperature,user2,2-2-3,train,True,True,18,18,0,18,0,0,0,0,0,0,0,0,0,0,0,0.0,0,0,18,True,True,0.024687654696670638,0.08905169210898121
train__c39__user3__2-2-1,39,Take_body_temperature,user3,2-2-1,train,False,False,0,0,0,0,0,0,0,0,0,0,0,0,0,0,0,0.0,0,0,0,True,True,,
train__c39__user3__2-2-2,39,Take_body_temperature,user3,2-2-2,train,True,True,14,14,0,14,0,0,0,0,0,0,0,0,0,0,0,0.0,0,0,14,True,True,0.028619976121689792,0.07961550996857353
train__c39__user3__2-2-3,39,Take_body_temperature,user3,2-2-3,train,True,True,31,31,0,31,0,0,34,0,0,0,0,0,0,0,0,0.0,0,0,31,True,True,0.02271672660234215,0.08495283120943602
train__c39__user6__6-2-1,39,Take_body_temperature,user6,6-2-1,train,True,True,30,30,0,30,0,0,0,0,0,0,0,0,0,0,0,0.0,0,0,30,True,True,0.061848558798898286,0.19677571054157114
train__c39__user6__6-2-2,39,Take_body_temperature,user6,6-2-2,train,True,True,13,13,0,13,0,0,0,0,0,0,0,0,0,0,0,0.0,0,0,13,True,True,0.06770703530249514,0.25861939893953506
train__c39__user6__6-2-3,39,Take_body_temperature,user6,6-2-3,train,True,True,24,24,0,24,0,0,0,0,0,0,0,0,0,0,0,0.0,0,0,24,True,True,0.054005846890771224,0.18501868355374435
train__c39__user7__4-1-1,39,Take_body_temperature,user7,4-1-1,train,True,True,13,13,0,13,0,0,0,0,0,0,0,0,0,0,0,0.0,0,0,13,True,True,0.02125338390555948,0.07422381297533027
train__c39__user7__4-1-2,39,Take_body_temperature,user7,4-1-2,train,False,False,0,0,0,0,0,0,0,0,0,0,0,0,0,0,0,0.0,0,0,0,True,True,,
train__c39__user7__4-1-3,39,Take_body_temperature,user7,4-1-3,train,True,True,12,12,0,12,0,0,0,0,0,0,0,0,0,0,0,0.0,0,0,12,True,True,0.03794717820387298,0.09590014773952607
train__c39__user7__7-1-1,39,Take_body_temperature,user7,7-1-1,train,True,True,41,41,0,41,0,0,0,0,0,0,0,0,0,0,0,0.0,0,0,41,True,True,0.018836299488882952,0.06142918475832132
train__c39__user7__7-1-2,39,Take_body_temperature,user7,7-1-2,train,True,True,23,23,0,23,0,0,0,0,0,0,0,0,0,0,0,0.0,0,0,23,True,True,0.020171500160296896,0.08546035418678911
train__c39__user7__7-1-3,39,Take_body_temperature,user7,7-1-3,train,True,True,10,10,0,10,0,0,0,0,0,1,0,1,1,1,1,0.1,0,0,10,True,True,0.03321477385356347,0.11267304807415045
train__c39__user9__6-2-1,39,Take_body_temperature,user9,6-2-1,train,True,True,10,10,0,10,0,0,0,0,0,0,0,0,0,0,0,0.0,0,0,10,True,True,0.019156729994776966,0.057784674012605404
train__c39__user9__6-2-2,39,Take_body_temperature,user9,6-2-2,train,True,True,6,6,0,6,0,0,0,0,0,0,0,0,0,0,0,0.0,0,0,6,True,True,0.039335990778574054,0.09486934029930749
train__c39__user9__6-2-3,39,Take_body_temperature,user9,6-2-3,train,True,True,10,10,0,10,0,0,0,0,0,0,0,0,0,0,0,0.0,0,0,10,True,True,0.022029378324625995,0.06255492699574021
train__c39__user9__7-1-1,39,Take_body_temperature,user9,7-1-1,train,True,True,16,16,0,16,0,0,0,0,0,16,0,16,1,16,0,1.0,0,0,16,True,True,0.01540902856394819,0.05293369097398084
train__c39__user9__7-1-2,39,Take_body_temperature,user9,7-1-2,train,True,True,20,20,0,20,0,0,0,0,0,20,0,20,1,20,0,1.0,0,0,20,True,True,0.01783242918771078,0.046702654344755554
train__c39__user9__7-1-3,39,Take_body_temperature,user9,7-1-3,train,True,True,12,12,0,12,0,0,0,0,0,12,0,12,1,12,0,1.0,0,0,12,True,True,0.009329147812935753,0.027048426413069718
train__c39__user16__6-2-1,39,Take_body_temperature,user16,6-2-1,train,True,True,39,39,0,39,0,0,0,0,0,0,0,0,0,0,0,0.0,0,0,39,True,True,0.0076571907987740915,0.021809427890040214
train__c39__user16__6-2-2,39,Take_body_temperature,user16,6-2-2,train,True,True,33,33,0,33,0,0,0,0,0,0,0,0,0,0,0,0.0,0,0,33,True,True,0.01062504496380074,0.02580101114743823
train__c39__user16__6-2-3,39,Take_body_temperature,user16,6-2-3,train,True,True,45,45,0,45,0,0,0,0,0,0,0,0,0,0,0,0.0,0,0,45,True,True,0.008883626829159977,0.024182944583443236
train__c39__user17__4-1-1,39,Take_body_temperature,user17,4-1-1,validation,True,True,96,96,0,96,0,0,0,0,0,25,0,25,7,9,1,0.2604166666666667,0,0,96,True,True,0.01803380464399582,0.05597074651555071
train__c39__user17__4-1-2,39,Take_body_temperature,user17,4-1-2,validation,True,True,31,31,0,31,0,0,0,0,0,26,0,26,4,21,2,0.8387096774193549,0,0,31,True,True,0.021983928431850003,0.07052164618218883
train__c39__user17__4-1-3,39,Take_body_temperature,user17,4-1-3,validation,True,True,26,26,0,26,0,0,0,0,0,10,0,10,3,8,2,0.38461538461538464,0,0,26,True,True,0.012452111329788343,0.04140581147312021
train__c39__user17__7-1-1,39,Take_body_temperature,user17,7-1-1,validation,True,True,39,39,0,39,0,0,0,0,0,39,0,39,1,39,0,1.0,0,0,39,True,True,0.019424582054355016,0.06100808862975101
train__c39__user17__7-1-2,39,Take_body_temperature,user17,7-1-2,validation,True,True,28,28,0,28,0,0,0,0,0,4,0,4,1,4,0,0.14285714285714285,0,0,28,True,True,0.02189344536502892,0.062280321299846085
train__c39__user17__7-1-3,39,Take_body_temperature,user17,7-1-3,validation,True,True,23,23,0,23,0,0,0,0,0,23,0,23,1,23,0,1.0,0,0,23,True,True,0.03255679876483443,0.12650576835817443
train__c39__user18__7-1-1,39,Take_body_temperature,user18,7-1-1,train,True,True,43,43,0,43,0,0,0,0,0,1,0,1,1,1,1,0.023255813953488372,0,0,43,True,True,0.02197177355313638,0.06955201627664173
train__c39__user18__7-1-2,39,Take_body_temperature,user18,7-1-2,train,True,True,23,23,0,23,0,0,0,0,0,0,0,0,0,0,0,0.0,0,0,23,True,True,0.019559225321908368,0.06008748041234645
train__c39__user18__7-1-3,39,Take_body_temperature,user18,7-1-3,train,True,True,16,16,0,16,0,0,0,0,0,1,0,1,1,1,1,0.0625,0,0,16,True,True,0.035994913051039995,0.11816417753440447
train__c39__user19__6-2-1,39,Take_body_temperature,user19,6-2-1,train,True,True,22,22,0,22,0,0,0,0,0,0,0,0,0,0,0,0.0,0,0,22,True,True,0.06919712301722658,0.18895045278273728
train__c39__user19__6-2-2,39,Take_body_temperature,user19,6-2-2,train,True,True,12,12,0,12,0,0,0,0,0,0,0,0,0,0,0,0.0,0,0,12,True,True,0.04518340636682694,0.1310484744549483
train__c39__user19__6-2-3,39,Take_body_temperature,user19,6-2-3,train,True,True,26,26,0,26,0,0,0,0,0,0,0,0,0,0,0,0.0,0,0,26,True,True,0.03686204306957873,0.1292905285697398
train__c39__user19__7-1-1,39,Take_body_temperature,user19,7-1-1,train,True,True,43,43,0,43,0,0,0,0,0,0,0,0,0,0,0,0.0,0,0,43,True,True,0.018968557992797355,0.06308883473963514
train__c39__user19__7-1-2,39,Take_body_temperature,user19,7-1-2,train,True,True,27,27,0,27,0,0,0,0,0,0,0,0,0,0,0,0.0,0,0,27,True,True,0.02109407292710315,0.06966306013047655
train__c39__user19__7-1-3,39,Take_body_temperature,user19,7-1-3,train,True,True,21,21,0,21,0,0,0,0,0,0,0,0,0,0,0,0.0,0,0,21,True,True,0.02086602575689035,0.06106685840938737
train__c39__user21__3-2-1,39,Take_body_temperature,user21,3-2-1,train,True,True,29,29,0,29,0,0,0,0,0,0,0,0,0,0,0,0.0,0,0,29,True,True,0.00801685058686234,0.022875844172631662
train__c39__user21__3-2-2,39,Take_body_temperature,user21,3-2-2,train,True,True,22,22,0,22,0,0,0,0,0,0,0,0,0,0,0,0.0,0,0,22,True,True,0.012298578521034149,0.032897910757760565
train__c39__user21__3-2-3,39,Take_body_temperature,user21,3-2-3,train,True,True,11,11,0,11,0,0,0,0,0,0,0,0,0,0,0,0.0,0,0,11,True,True,0.025968097832066127,0.0698242012874683
train__c39__user21__6-1-1,39,Take_body_temperature,user21,6-1-1,train,True,True,24,24,0,24,0,0,0,0,0,0,0,0,0,0,0,0.0,0,0,24,True,True,0.02603980488330914,0.06821517924455267
train__c39__user21__6-1-2,39,Take_body_temperature,user21,6-1-2,train,True,True,6,6,0,6,0,0,0,0,0,0,0,0,0,0,0,0.0,0,0,6,True,True,0.023162310879958736,0.0761944520045309
train__c39__user21__6-1-3,39,Take_body_temperature,user21,6-1-3,train,True,True,3,3,0,3,0,0,0,0,0,0,0,0,0,0,0,0.0,0,0,3,True,True,0.04118229251972344,0.14908211486632053
train__c39__user22__5-1-1,39,Take_body_temperature,user22,5-1-1,train,True,True,25,25,0,25,0,0,0,0,0,0,0,0,0,0,0,0.0,0,0,25,True,True,0.012636490484221798,0.0492569507656213
train__c39__user22__5-1-2,39,Take_body_temperature,user22,5-1-2,train,True,True,13,13,0,13,0,0,0,0,0,0,0,0,0,0,0,0.0,0,0,13,True,True,0.022299003934508208,0.0726175125685001
train__c39__user22__5-1-3,39,Take_body_temperature,user22,5-1-3,train,True,True,8,8,0,8,0,0,0,0,0,0,0,0,0,0,0,0.0,0,0,8,True,True,0.03130890126205099,0.0923439219431658
train__c39__user23__7-2-1,39,Take_body_temperature,user23,7-2-1,validation,True,True,30,30,0,30,0,0,0,0,0,0,0,0,0,0,0,0.0,0,0,30,True,True,0.013023264756311579,0.05334536045572802
train__c39__user23__7-2-2,39,Take_body_temperature,user23,7-2-2,validation,True,True,29,29,0,29,0,0,0,0,0,0,0,0,0,0,0,0.0,0,0,29,True,True,0.018609958138798833,0.06464764142075137
train__c39__user23__7-2-3,39,Take_body_temperature,user23,7-2-3,validation,True,True,28,28,0,28,0,0,0,0,0,0,0,0,0,0,0,0.0,0,0,28,True,True,0.02484977329795483,0.0859863378091961
train__c39__user24__5-2-1,39,Take_body_temperature,user24,5-2-1,validation,True,True,14,14,0,14,0,0,0,0,0,0,0,0,0,0,0,0.0,0,0,14,True,True,0.016588362490074424,0.05359558783451249
train__c39__user24__5-2-2,39,Take_body_temperature,user24,5-2-2,validation,True,True,11,11,0,11,0,0,0,0,0,0,0,0,0,0,0,0.0,0,0,11,True,True,0.017250578339005816,0.05511614056522408
train__c39__user24__5-2-3,39,Take_body_temperature,user24,5-2-3,validation,True,True,7,7,0,7,0,0,0,0,0,0,0,0,0,0,0,0.0,0,0,7,True,True,0.022477446955615363,0.08999859617430542
train__c39__user24__7-1-1,39,Take_body_temperature,user24,7-1-1,validation,True,True,38,38,0,38,0,0,0,0,0,0,0,0,0,0,0,0.0,0,0,38,True,True,0.011402505854932195,0.04347666433791139
train__c39__user24__7-1-2,39,Take_body_temperature,user24,7-1-2,validation,True,True,10,10,0,10,0,0,0,0,0,0,0,0,0,0,0,0.0,0,0,10,True,True,0.026067899642890136,0.09996191964732505
train__c39__user24__7-1-3,39,Take_body_temperature,user24,7-1-3,validation,True,True,13,13,0,13,0,0,0,0,0,0,0,0,0,0,0,0.0,0,0,13,True,True,0.024500772313034342,0.08855672069858983
